

================================================================
== Vitis HLS Report for 'compute_output_buffer_2d_array_array_ap_fixed_16_6_5_3_0_6u_config9_s'
================================================================
* Date:           Sun Apr 26 02:59:43 2026

* Version:        2025.2 (Build 6295257 on Nov 14 2025)
* Project:        folo_prj
* Solution:       solution1 (Vivado IP Flow Target)
* Product family: kintexu
* Target device:  xcku035-fbva676-2-e


================================================================
== Performance Estimates
================================================================
+ Timing: 
    * Summary: 
    +--------+---------+----------+------------+
    |  Clock |  Target | Estimated| Uncertainty|
    +--------+---------+----------+------------+
    |ap_clk  |  5.00 ns|  3.570 ns|     1.35 ns|
    +--------+---------+----------+------------+

+ Latency: 
    * Summary: 
    +---------+---------+-----------+-----------+-----+-----+---------+
    |  Latency (cycles) |   Latency (absolute)  |  Interval | Pipeline|
    |   min   |   max   |    min    |    max    | min | max |   Type  |
    +---------+---------+-----------+-----------+-----+-----+---------+
    |        4|        4|  20.000 ns|  20.000 ns|    4|    4|      yes|
    +---------+---------+-----------+-----------+-----+-----+---------+

    + Detail: 
        * Instance: 
        +---------------------------------------------------------------------------------+----------------------------------------------------------------------+---------+---------+-----------+-----------+-----+-----+---------+
        |                                                                                 |                                                                      |  Latency (cycles) |   Latency (absolute)  |  Interval | Pipeline|
        |                                     Instance                                    |                                Module                                |   min   |   max   |    min    |    max    | min | max |   Type  |
        +---------------------------------------------------------------------------------+----------------------------------------------------------------------+---------+---------+-----------+-----------+-----+-----+---------+
        |call_ln281_shift_line_buffer_array_ap_fixed_16_6_5_3_0_4u_config9_s_fu_180       |shift_line_buffer_array_ap_fixed_16_6_5_3_0_4u_config9_s              |        0|        0|       0 ns|       0 ns|    1|    1|      yes|
        |grp_dense_latency_ap_fixed_16_6_5_3_0_ap_fixed_16_6_5_3_0_config9_mult_s_fu_280  |dense_latency_ap_fixed_16_6_5_3_0_ap_fixed_16_6_5_3_0_config9_mult_s  |        2|        2|  10.000 ns|  10.000 ns|    1|    1|      yes|
        +---------------------------------------------------------------------------------+----------------------------------------------------------------------+---------+---------+-----------+-----------+-----+-----+---------+

        * Loop: 
        N/A

============================================================
+ Verbose Summary: Synthesis Manager
============================================================
InlineROM: 1
ExposeGlobal: 0
============================================================
+ Verbose Summary: CDFG Model
============================================================
IsTopModel: 0
ResetActiveHigh: 1
IsCombinational: 0
IsDatapathOnly: 0
HasWiredReturn: 1
HasMFsm: 2
HasVarLatency: 0
IsPipeline: 1
IsRtlPipelined: 1
IsInstanceOverlapped: 0
IsDontTouch: 0
HasImplIP: 0
IsGatedGlobalClock: 0

+ Individual pipeline summary: 
  * Pipeline-0: initiation interval (II) = 4, depth = 5


============================================================
+ Verbose Summary: Schedule
============================================================
* Number of FSM states : 5
* Pipeline : 1
  Pipeline-0 : II = 4, D = 5, States = { 1 2 3 4 5 }
* Dataflow Pipeline: 0

* FSM state transitions: 
1 --> 2 
2 --> 3 
3 --> 4 
4 --> 5 
5 --> 

* FSM state operations: 

State 1 <SV = 0> <Delay = 3.51>
ST_1 : Operation 6 [1/1] (0.00ns)   --->   "%specinterface_ln0 = specinterface void @_ssdm_op_SpecInterface, i96 %layer9_out, void @empty_10, i32 0, i32 0, void @empty_11, i32 0, i32 0, void @empty_11, void @empty_11, void @empty_11, i32 0, i32 0, i32 0, i32 0, void @empty_11, void @empty_11, i32 4294967295, i32 0, i32 0, i32 0"   --->   Operation 6 'specinterface' 'specinterface_ln0' <Predicate = true> <Delay = 0.00>
ST_1 : Operation 7 [1/1] (0.00ns)   --->   "%p_read39 = read i16 @_ssdm_op_Read.ap_auto.i16, i16 %p_read3"   --->   Operation 7 'read' 'p_read39' <Predicate = true> <Delay = 0.00>
ST_1 : Operation 8 [1/1] (0.00ns)   --->   "%p_read28 = read i16 @_ssdm_op_Read.ap_auto.i16, i16 %p_read2"   --->   Operation 8 'read' 'p_read28' <Predicate = true> <Delay = 0.00>
ST_1 : Operation 9 [1/1] (0.00ns)   --->   "%p_read17 = read i16 @_ssdm_op_Read.ap_auto.i16, i16 %p_read1"   --->   Operation 9 'read' 'p_read17' <Predicate = true> <Delay = 0.00>
ST_1 : Operation 10 [1/1] (0.00ns)   --->   "%p_read_29 = read i16 @_ssdm_op_Read.ap_auto.i16, i16 %p_read"   --->   Operation 10 'read' 'p_read_29' <Predicate = true> <Delay = 0.00>
ST_1 : Operation 11 [1/1] (1.15ns)   --->   "%call_ln281 = call void @shift_line_buffer<array<ap_fixed<16, 6, 5, 3, 0>, 4u>, config9>, i16 %p_read_29, i16 %p_read17, i16 %p_read28, i16 %p_read39, i16 %void_compute_output_buffer_2d_array_const_ap_shift_reg_n_chan_stream_weig_35, i16 %void_compute_output_buffer_2d_array_const_ap_shift_reg_n_chan_stream_weig_39, i16 %void_compute_output_buffer_2d_array_const_ap_shift_reg_n_chan_stream_weig_34, i16 %void_compute_output_buffer_2d_array_const_ap_shift_reg_n_chan_stream_weig_38, i16 %void_compute_output_buffer_2d_array_const_ap_shift_reg_n_chan_stream_weig_33, i16 %void_compute_output_buffer_2d_array_const_ap_shift_reg_n_chan_stream_weig_37, i16 %void_compute_output_buffer_2d_array_const_ap_shift_reg_n_chan_stream_weig_32, i16 %void_compute_output_buffer_2d_array_const_ap_shift_reg_n_chan_stream_weig_36, i16 %p_ZZN4nnet24compute_output_buffer_2dINS_5arrayI8ap_fixedILi16ELi6EL9ap_q_mode5EL9_207, i16 %p_ZZN4nnet24compute_output_buffer_2dINS_5arrayI8ap_fixedILi16ELi6EL9ap_q_mode5EL9_203, i16 %p_ZZN4nnet24compute_output_buffer_2dINS_5arrayI8ap_fixedILi16ELi6EL9ap_q_mode5EL9_208, i16 %p_ZZN4nnet24compute_output_buffer_2dINS_5arrayI8ap_fixedILi16ELi6EL9ap_q_mode5EL9_204, i16 %p_ZZN4nnet24compute_output_buffer_2dINS_5arrayI8ap_fixedILi16ELi6EL9ap_q_mode5EL9_209, i16 %p_ZZN4nnet24compute_output_buffer_2dINS_5arrayI8ap_fixedILi16ELi6EL9ap_q_mode5EL9_205, i16 %p_ZZN4nnet24compute_output_buffer_2dINS_5arrayI8ap_fixedILi16ELi6EL9ap_q_mode5EL9_210, i16 %p_ZZN4nnet24compute_output_buffer_2dINS_5arrayI8ap_fixedILi16ELi6EL9ap_q_mode5EL9_206, i16 %p_ZZN4nnet24compute_output_buffer_2dINS_5arrayI8ap_fixedILi16ELi6EL9ap_q_mode5EL9_219, i16 %p_ZZN4nnet24compute_output_buffer_2dINS_5arrayI8ap_fixedILi16ELi6EL9ap_q_mode5EL9_215, i16 %p_ZZN4nnet24compute_output_buffer_2dINS_5arrayI8ap_fixedILi16ELi6EL9ap_q_mode5EL9_220, i16 %p_ZZN4nnet24compute_output_buffer_2dINS_5arrayI8ap_fixedILi16ELi6EL9ap_q_mode5EL9_216, i16 %p_ZZN4nnet24compute_output_buffer_2dINS_5arrayI8ap_fixedILi16ELi6EL9ap_q_mode5EL9_221, i16 %p_ZZN4nnet24compute_output_buffer_2dINS_5arrayI8ap_fixedILi16ELi6EL9ap_q_mode5EL9_217, i16 %p_ZZN4nnet24compute_output_buffer_2dINS_5arrayI8ap_fixedILi16ELi6EL9ap_q_mode5EL9_222, i16 %p_ZZN4nnet24compute_output_buffer_2dINS_5arrayI8ap_fixedILi16ELi6EL9ap_q_mode5EL9_218, i16 %void_compute_output_buffer_2d_array_const_ap_shift_reg_n_chan_stream_weig_31, i16 %void_compute_output_buffer_2d_array_const_ap_shift_reg_n_chan_stream_weig_30, i16 %p_ZZN4nnet24compute_output_buffer_2dINS_5arrayI8ap_fixedILi16ELi6EL9ap_q_mode5EL9_201, i16 %p_ZZN4nnet24compute_output_buffer_2dINS_5arrayI8ap_fixedILi16ELi6EL9ap_q_mode5EL9_202, i16 %p_ZZN4nnet24compute_output_buffer_2dINS_5arrayI8ap_fixedILi16ELi6EL9ap_q_mode5EL9_211, i16 %p_ZZN4nnet24compute_output_buffer_2dINS_5arrayI8ap_fixedILi16ELi6EL9ap_q_mode5EL9_212, i16 %p_ZZN4nnet24compute_output_buffer_2dINS_5arrayI8ap_fixedILi16ELi6EL9ap_q_mode5EL9_213, i16 %p_ZZN4nnet24compute_output_buffer_2dINS_5arrayI8ap_fixedILi16ELi6EL9ap_q_mode5EL9_214, i16 %p_ZZN4nnet24compute_output_buffer_2dINS_5arrayI8ap_fixedILi16ELi6EL9ap_q_mode5EL9_223, i16 %p_ZZN4nnet24compute_output_buffer_2dINS_5arrayI8ap_fixedILi16ELi6EL9ap_q_mode5EL9_224, i16 %p_ZZN4nnet24compute_output_buffer_2dINS_5arrayI8ap_fixedILi16ELi6EL9ap_q_mode5EL9_225, i16 %p_ZZN4nnet24compute_output_buffer_2dINS_5arrayI8ap_fixedILi16ELi6EL9ap_q_mode5EL9_226, i16 %p_ZZN4nnet25conv_2d_buffer_latency_clINS_5arrayI8ap_fixedILi16ELi6EL9ap_q_mode5EL_55, i16 %p_ZZN4nnet25conv_2d_buffer_latency_clINS_5arrayI8ap_fixedILi16ELi6EL9ap_q_mode5EL_51, i16 %p_ZZN4nnet25conv_2d_buffer_latency_clINS_5arrayI8ap_fixedILi16ELi6EL9ap_q_mode5EL_54, i16 %p_ZZN4nnet25conv_2d_buffer_latency_clINS_5arrayI8ap_fixedILi16ELi6EL9ap_q_mode5EL_50, i16 %p_ZZN4nnet25conv_2d_buffer_latency_clINS_5arrayI8ap_fixedILi16ELi6EL9ap_q_mode5EL_53, i16 %p_ZZN4nnet25conv_2d_buffer_latency_clINS_5arrayI8ap_fixedILi16ELi6EL9ap_q_mode5EL_49, i16 %p_ZZN4nnet25conv_2d_buffer_latency_clINS_5arrayI8ap_fixedILi16ELi6EL9ap_q_mode5EL_52, i16 %p_ZZN4nnet25conv_2d_buffer_latency_clINS_5arrayI8ap_fixedILi16ELi6EL9ap_q_mode5EL_48" [firmware/nnet_utils/nnet_conv_stream.h:281]   --->   Operation 11 'call' 'call_ln281' <Predicate = true> <Delay = 1.15> <CoreType = "Generic">   --->   Generic Core
ST_1 : Operation 12 [1/1] (0.00ns)   --->   "%sX_3_load = load i32 %sX_3" [firmware/nnet_utils/nnet_conv_stream.h:284]   --->   Operation 12 'load' 'sX_3_load' <Predicate = true> <Delay = 0.00>
ST_1 : Operation 13 [1/1] (1.48ns)   --->   "%icmp_ln284 = icmp_eq  i32 %sX_3_load, i32 2" [firmware/nnet_utils/nnet_conv_stream.h:284]   --->   Operation 13 'icmp' 'icmp_ln284' <Predicate = true> <Delay = 1.48> <CoreInst = "Cmp">   --->   Core 9 'Cmp' <Latency = 0> <II = 1> <Delay = 1.48> <FuncUnit> <Opcode : 'seteq' 'setne' 'setle' 'setge' 'setlt' 'setgt'> <InPorts = 2> <OutPorts = 1>
ST_1 : Operation 14 [1/1] (0.00ns)   --->   "%sY_3_load = load i32 %sY_3" [firmware/nnet_utils/nnet_conv_stream.h:284]   --->   Operation 14 'load' 'sY_3_load' <Predicate = true> <Delay = 0.00>
ST_1 : Operation 15 [1/1] (0.00ns)   --->   "%pY_3_load = load i32 %pY_3" [firmware/nnet_utils/nnet_conv_stream.h:284]   --->   Operation 15 'load' 'pY_3_load' <Predicate = true> <Delay = 0.00>
ST_1 : Operation 16 [1/1] (0.00ns)   --->   "%pX_3_load = load i32 %pX_3" [firmware/nnet_utils/nnet_conv_stream.h:284]   --->   Operation 16 'load' 'pX_3_load' <Predicate = true> <Delay = 0.00>
ST_1 : Operation 17 [1/1] (0.00ns)   --->   "%br_ln284 = br i1 %icmp_ln284, void %if.end, void %land.lhs.true" [firmware/nnet_utils/nnet_conv_stream.h:284]   --->   Operation 17 'br' 'br_ln284' <Predicate = true> <Delay = 0.00>
ST_1 : Operation 18 [1/1] (1.48ns)   --->   "%icmp_ln284_7 = icmp_eq  i32 %sY_3_load, i32 2" [firmware/nnet_utils/nnet_conv_stream.h:284]   --->   Operation 18 'icmp' 'icmp_ln284_7' <Predicate = (icmp_ln284)> <Delay = 1.48> <CoreInst = "Cmp">   --->   Core 9 'Cmp' <Latency = 0> <II = 1> <Delay = 1.48> <FuncUnit> <Opcode : 'seteq' 'setne' 'setle' 'setge' 'setlt' 'setgt'> <InPorts = 2> <OutPorts = 1>
ST_1 : Operation 19 [1/1] (0.00ns)   --->   "%tmp_862 = partselect i31 @_ssdm_op_PartSelect.i31.i32.i32.i32, i32 %pY_3_load, i32 1, i32 31" [firmware/nnet_utils/nnet_conv_stream.h:284]   --->   Operation 19 'partselect' 'tmp_862' <Predicate = (icmp_ln284)> <Delay = 0.00>
ST_1 : Operation 20 [1/1] (1.48ns)   --->   "%icmp_ln284_8 = icmp_sgt  i31 %tmp_862, i31 0" [firmware/nnet_utils/nnet_conv_stream.h:284]   --->   Operation 20 'icmp' 'icmp_ln284_8' <Predicate = (icmp_ln284)> <Delay = 1.48> <CoreInst = "Cmp">   --->   Core 9 'Cmp' <Latency = 0> <II = 1> <Delay = 1.48> <FuncUnit> <Opcode : 'seteq' 'setne' 'setle' 'setge' 'setlt' 'setgt'> <InPorts = 2> <OutPorts = 1>
ST_1 : Operation 21 [1/1] (0.00ns)   --->   "%tmp_863 = partselect i31 @_ssdm_op_PartSelect.i31.i32.i32.i32, i32 %pX_3_load, i32 1, i32 31" [firmware/nnet_utils/nnet_conv_stream.h:284]   --->   Operation 21 'partselect' 'tmp_863' <Predicate = (icmp_ln284)> <Delay = 0.00>
ST_1 : Operation 22 [1/1] (1.48ns)   --->   "%icmp_ln284_9 = icmp_sgt  i31 %tmp_863, i31 0" [firmware/nnet_utils/nnet_conv_stream.h:284]   --->   Operation 22 'icmp' 'icmp_ln284_9' <Predicate = (icmp_ln284)> <Delay = 1.48> <CoreInst = "Cmp">   --->   Core 9 'Cmp' <Latency = 0> <II = 1> <Delay = 1.48> <FuncUnit> <Opcode : 'seteq' 'setne' 'setle' 'setge' 'setlt' 'setgt'> <InPorts = 2> <OutPorts = 1>
ST_1 : Operation 23 [1/1] (0.00ns) (grouped into LUT with out node and_ln284_3)   --->   "%and_ln284 = and i1 %icmp_ln284_8, i1 %icmp_ln284_9" [firmware/nnet_utils/nnet_conv_stream.h:284]   --->   Operation 23 'and' 'and_ln284' <Predicate = (icmp_ln284)> <Delay = 0.00> <CoreInst = "LogicGate">   --->   Core 74 'LogicGate' <Latency = 0> <II = 1> <Delay = 0.33> <FuncUnit> <Opcode : 'and' 'or' 'xor'> <InPorts = 2> <OutPorts = 1>
ST_1 : Operation 24 [1/1] (0.33ns) (out node of the LUT)   --->   "%and_ln284_3 = and i1 %and_ln284, i1 %icmp_ln284_7" [firmware/nnet_utils/nnet_conv_stream.h:284]   --->   Operation 24 'and' 'and_ln284_3' <Predicate = (icmp_ln284)> <Delay = 0.33> <CoreInst = "LogicGate">   --->   Core 74 'LogicGate' <Latency = 0> <II = 1> <Delay = 0.33> <FuncUnit> <Opcode : 'and' 'or' 'xor'> <InPorts = 2> <OutPorts = 1>
ST_1 : Operation 25 [1/1] (0.00ns)   --->   "%br_ln284 = br i1 %and_ln284_3, void %if.end, void %if.then" [firmware/nnet_utils/nnet_conv_stream.h:284]   --->   Operation 25 'br' 'br_ln284' <Predicate = (icmp_ln284)> <Delay = 0.00>
ST_1 : Operation 26 [1/1] (1.48ns)   --->   "%add_ln303 = add i32 %pX_3_load, i32 1" [firmware/nnet_utils/nnet_conv_stream.h:303]   --->   Operation 26 'add' 'add_ln303' <Predicate = true> <Delay = 1.48> <CoreInst = "Adder">   --->   Core 1 'Adder' <Latency = 0> <II = 1> <Delay = 1.48> <FuncUnit> <Opcode : 'add' 'sub'> <InPorts = 2> <OutPorts = 1>
ST_1 : Operation 27 [1/1] (1.48ns)   --->   "%icmp_ln303 = icmp_eq  i32 %add_ln303, i32 129" [firmware/nnet_utils/nnet_conv_stream.h:303]   --->   Operation 27 'icmp' 'icmp_ln303' <Predicate = true> <Delay = 1.48> <CoreInst = "Cmp">   --->   Core 9 'Cmp' <Latency = 0> <II = 1> <Delay = 1.48> <FuncUnit> <Opcode : 'seteq' 'setne' 'setle' 'setge' 'setlt' 'setgt'> <InPorts = 2> <OutPorts = 1>
ST_1 : Operation 28 [1/1] (0.00ns)   --->   "%br_ln303 = br i1 %icmp_ln303, void %if.else20, void %if.then9" [firmware/nnet_utils/nnet_conv_stream.h:303]   --->   Operation 28 'br' 'br_ln303' <Predicate = true> <Delay = 0.00>
ST_1 : Operation 29 [1/1] (0.53ns)   --->   "%store_ln316 = store i32 %add_ln303, i32 %pX_3" [firmware/nnet_utils/nnet_conv_stream.h:316]   --->   Operation 29 'store' 'store_ln316' <Predicate = (!icmp_ln303)> <Delay = 0.53>
ST_1 : Operation 30 [1/1] (0.00ns) (grouped into LUT with out node add_ln318)   --->   "%select_ln318 = select i1 %icmp_ln284, i32 4294967295, i32 1" [firmware/nnet_utils/nnet_conv_stream.h:318]   --->   Operation 30 'select' 'select_ln318' <Predicate = (!icmp_ln303)> <Delay = 0.00> <CoreInst = "Sel">   --->   Core 73 'Sel' <Latency = 0> <II = 1> <Delay = 0.41> <FuncUnit> <Opcode : 'select'> <InPorts = 3> <OutPorts = 1>
ST_1 : Operation 31 [1/1] (1.48ns) (out node of the LUT)   --->   "%add_ln318 = add i32 %sX_3_load, i32 %select_ln318" [firmware/nnet_utils/nnet_conv_stream.h:318]   --->   Operation 31 'add' 'add_ln318' <Predicate = (!icmp_ln303)> <Delay = 1.48> <CoreInst = "Adder">   --->   Core 1 'Adder' <Latency = 0> <II = 1> <Delay = 1.48> <FuncUnit> <Opcode : 'add' 'sub'> <InPorts = 2> <OutPorts = 1>
ST_1 : Operation 32 [1/1] (0.53ns)   --->   "%store_ln318 = store i32 %add_ln318, i32 %sX_3" [firmware/nnet_utils/nnet_conv_stream.h:318]   --->   Operation 32 'store' 'store_ln318' <Predicate = (!icmp_ln303)> <Delay = 0.53>
ST_1 : Operation 33 [1/1] (0.00ns)   --->   "%br_ln0 = br void %if.end31"   --->   Operation 33 'br' 'br_ln0' <Predicate = (!icmp_ln303)> <Delay = 0.00>
ST_1 : Operation 34 [1/1] (0.53ns)   --->   "%store_ln305 = store i32 0, i32 %pX_3" [firmware/nnet_utils/nnet_conv_stream.h:305]   --->   Operation 34 'store' 'store_ln305' <Predicate = (icmp_ln303)> <Delay = 0.53>
ST_1 : Operation 35 [1/1] (0.53ns)   --->   "%store_ln306 = store i32 0, i32 %sX_3" [firmware/nnet_utils/nnet_conv_stream.h:306]   --->   Operation 35 'store' 'store_ln306' <Predicate = (icmp_ln303)> <Delay = 0.53>
ST_1 : Operation 36 [1/1] (1.48ns)   --->   "%add_ln307 = add i32 %pY_3_load, i32 1" [firmware/nnet_utils/nnet_conv_stream.h:307]   --->   Operation 36 'add' 'add_ln307' <Predicate = (icmp_ln303)> <Delay = 1.48> <CoreInst = "Adder">   --->   Core 1 'Adder' <Latency = 0> <II = 1> <Delay = 1.48> <FuncUnit> <Opcode : 'add' 'sub'> <InPorts = 2> <OutPorts = 1>
ST_1 : Operation 37 [1/1] (1.48ns)   --->   "%icmp_ln307 = icmp_eq  i32 %add_ln307, i32 129" [firmware/nnet_utils/nnet_conv_stream.h:307]   --->   Operation 37 'icmp' 'icmp_ln307' <Predicate = (icmp_ln303)> <Delay = 1.48> <CoreInst = "Cmp">   --->   Core 9 'Cmp' <Latency = 0> <II = 1> <Delay = 1.48> <FuncUnit> <Opcode : 'seteq' 'setne' 'setle' 'setge' 'setlt' 'setgt'> <InPorts = 2> <OutPorts = 1>
ST_1 : Operation 38 [1/1] (0.00ns)   --->   "%br_ln307 = br i1 %icmp_ln307, void %if.else, void %if.then12" [firmware/nnet_utils/nnet_conv_stream.h:307]   --->   Operation 38 'br' 'br_ln307' <Predicate = (icmp_ln303)> <Delay = 0.00>
ST_1 : Operation 39 [1/1] (0.53ns)   --->   "%store_ln311 = store i32 %add_ln307, i32 %pY_3" [firmware/nnet_utils/nnet_conv_stream.h:311]   --->   Operation 39 'store' 'store_ln311' <Predicate = (icmp_ln303 & !icmp_ln307)> <Delay = 0.53>
ST_1 : Operation 40 [1/1] (0.53ns)   --->   "%br_ln0 = br void %if.end19"   --->   Operation 40 'br' 'br_ln0' <Predicate = (icmp_ln303 & !icmp_ln307)> <Delay = 0.53>
ST_1 : Operation 41 [1/1] (0.53ns)   --->   "%store_ln308 = store i32 0, i32 %pY_3" [firmware/nnet_utils/nnet_conv_stream.h:308]   --->   Operation 41 'store' 'store_ln308' <Predicate = (icmp_ln303 & icmp_ln307)> <Delay = 0.53>
ST_1 : Operation 42 [1/1] (0.53ns)   --->   "%br_ln310 = br void %if.end19" [firmware/nnet_utils/nnet_conv_stream.h:310]   --->   Operation 42 'br' 'br_ln310' <Predicate = (icmp_ln303 & icmp_ln307)> <Delay = 0.53>

State 2 <SV = 1> <Delay = 2.97>
ST_2 : Operation 43 [3/3] (0.00ns)   --->   "%tmp = call i96 @dense_latency<ap_fixed<16, 6, 5, 3, 0>, ap_fixed<16, 6, 5, 3, 0>, config9_mult>, i16 %void_compute_output_buffer_2d_array_const_ap_shift_reg_n_chan_stream_weig_39, i16 %void_compute_output_buffer_2d_array_const_ap_shift_reg_n_chan_stream_weig_38, i16 %void_compute_output_buffer_2d_array_const_ap_shift_reg_n_chan_stream_weig_37, i16 %void_compute_output_buffer_2d_array_const_ap_shift_reg_n_chan_stream_weig_36, i16 %void_compute_output_buffer_2d_array_const_ap_shift_reg_n_chan_stream_weig_35, i16 %void_compute_output_buffer_2d_array_const_ap_shift_reg_n_chan_stream_weig_34, i16 %void_compute_output_buffer_2d_array_const_ap_shift_reg_n_chan_stream_weig_33, i16 %void_compute_output_buffer_2d_array_const_ap_shift_reg_n_chan_stream_weig_32, i16 %void_compute_output_buffer_2d_array_const_ap_shift_reg_n_chan_stream_weig_31, i16 %void_compute_output_buffer_2d_array_const_ap_shift_reg_n_chan_stream_weig_30, i16 %p_ZZN4nnet24compute_output_buffer_2dINS_5arrayI8ap_fixedILi16ELi6EL9ap_q_mode5EL9_201, i16 %p_ZZN4nnet24compute_output_buffer_2dINS_5arrayI8ap_fixedILi16ELi6EL9ap_q_mode5EL9_202, i16 %p_ZZN4nnet24compute_output_buffer_2dINS_5arrayI8ap_fixedILi16ELi6EL9ap_q_mode5EL9_203, i16 %p_ZZN4nnet24compute_output_buffer_2dINS_5arrayI8ap_fixedILi16ELi6EL9ap_q_mode5EL9_204, i16 %p_ZZN4nnet24compute_output_buffer_2dINS_5arrayI8ap_fixedILi16ELi6EL9ap_q_mode5EL9_205, i16 %p_ZZN4nnet24compute_output_buffer_2dINS_5arrayI8ap_fixedILi16ELi6EL9ap_q_mode5EL9_206, i16 %p_ZZN4nnet24compute_output_buffer_2dINS_5arrayI8ap_fixedILi16ELi6EL9ap_q_mode5EL9_207, i16 %p_ZZN4nnet24compute_output_buffer_2dINS_5arrayI8ap_fixedILi16ELi6EL9ap_q_mode5EL9_208, i16 %p_ZZN4nnet24compute_output_buffer_2dINS_5arrayI8ap_fixedILi16ELi6EL9ap_q_mode5EL9_209, i16 %p_ZZN4nnet24compute_output_buffer_2dINS_5arrayI8ap_fixedILi16ELi6EL9ap_q_mode5EL9_210, i16 %p_ZZN4nnet24compute_output_buffer_2dINS_5arrayI8ap_fixedILi16ELi6EL9ap_q_mode5EL9_211, i16 %p_ZZN4nnet24compute_output_buffer_2dINS_5arrayI8ap_fixedILi16ELi6EL9ap_q_mode5EL9_212, i16 %p_ZZN4nnet24compute_output_buffer_2dINS_5arrayI8ap_fixedILi16ELi6EL9ap_q_mode5EL9_213, i16 %p_ZZN4nnet24compute_output_buffer_2dINS_5arrayI8ap_fixedILi16ELi6EL9ap_q_mode5EL9_214, i16 %p_ZZN4nnet24compute_output_buffer_2dINS_5arrayI8ap_fixedILi16ELi6EL9ap_q_mode5EL9_215, i16 %p_ZZN4nnet24compute_output_buffer_2dINS_5arrayI8ap_fixedILi16ELi6EL9ap_q_mode5EL9_216, i16 %p_ZZN4nnet24compute_output_buffer_2dINS_5arrayI8ap_fixedILi16ELi6EL9ap_q_mode5EL9_217, i16 %p_ZZN4nnet24compute_output_buffer_2dINS_5arrayI8ap_fixedILi16ELi6EL9ap_q_mode5EL9_218, i16 %p_ZZN4nnet24compute_output_buffer_2dINS_5arrayI8ap_fixedILi16ELi6EL9ap_q_mode5EL9_219, i16 %p_ZZN4nnet24compute_output_buffer_2dINS_5arrayI8ap_fixedILi16ELi6EL9ap_q_mode5EL9_220, i16 %p_ZZN4nnet24compute_output_buffer_2dINS_5arrayI8ap_fixedILi16ELi6EL9ap_q_mode5EL9_221, i16 %p_ZZN4nnet24compute_output_buffer_2dINS_5arrayI8ap_fixedILi16ELi6EL9ap_q_mode5EL9_222, i16 %p_ZZN4nnet24compute_output_buffer_2dINS_5arrayI8ap_fixedILi16ELi6EL9ap_q_mode5EL9_223, i16 %p_ZZN4nnet24compute_output_buffer_2dINS_5arrayI8ap_fixedILi16ELi6EL9ap_q_mode5EL9_224, i16 %p_ZZN4nnet24compute_output_buffer_2dINS_5arrayI8ap_fixedILi16ELi6EL9ap_q_mode5EL9_225, i16 %p_ZZN4nnet24compute_output_buffer_2dINS_5arrayI8ap_fixedILi16ELi6EL9ap_q_mode5EL9_226" [firmware/nnet_utils/nnet_dense.h:54->firmware/nnet_utils/nnet_conv_stream.h:288]   --->   Operation 43 'call' 'tmp' <Predicate = (icmp_ln284 & and_ln284_3)> <Delay = 0.00> <CoreType = "Generic">   --->   Generic Core
ST_2 : Operation 44 [1/1] (1.48ns)   --->   "%icmp_ln313 = icmp_eq  i32 %sY_3_load, i32 2" [firmware/nnet_utils/nnet_conv_stream.h:313]   --->   Operation 44 'icmp' 'icmp_ln313' <Predicate = (icmp_ln303 & !icmp_ln307)> <Delay = 1.48> <CoreInst = "Cmp">   --->   Core 9 'Cmp' <Latency = 0> <II = 1> <Delay = 1.48> <FuncUnit> <Opcode : 'seteq' 'setne' 'setle' 'setge' 'setlt' 'setgt'> <InPorts = 2> <OutPorts = 1>
ST_2 : Operation 45 [1/1] (0.00ns) (grouped into LUT with out node add_ln313)   --->   "%select_ln313 = select i1 %icmp_ln313, i32 4294967295, i32 1" [firmware/nnet_utils/nnet_conv_stream.h:313]   --->   Operation 45 'select' 'select_ln313' <Predicate = (icmp_ln303 & !icmp_ln307)> <Delay = 0.00> <CoreInst = "Sel">   --->   Core 73 'Sel' <Latency = 0> <II = 1> <Delay = 0.41> <FuncUnit> <Opcode : 'select'> <InPorts = 3> <OutPorts = 1>
ST_2 : Operation 46 [1/1] (1.48ns) (out node of the LUT)   --->   "%add_ln313 = add i32 %sY_3_load, i32 %select_ln313" [firmware/nnet_utils/nnet_conv_stream.h:313]   --->   Operation 46 'add' 'add_ln313' <Predicate = (icmp_ln303 & !icmp_ln307)> <Delay = 1.48> <CoreInst = "Adder">   --->   Core 1 'Adder' <Latency = 0> <II = 1> <Delay = 1.48> <FuncUnit> <Opcode : 'add' 'sub'> <InPorts = 2> <OutPorts = 1>
ST_2 : Operation 47 [1/1] (0.00ns)   --->   "%storemerge = phi i32 %add_ln313, void %if.else, i32 0, void %if.then12" [firmware/nnet_utils/nnet_conv_stream.h:313]   --->   Operation 47 'phi' 'storemerge' <Predicate = (icmp_ln303)> <Delay = 0.00>
ST_2 : Operation 48 [1/1] (0.00ns)   --->   "%store_ln313 = store i32 %storemerge, i32 %sY_3" [firmware/nnet_utils/nnet_conv_stream.h:313]   --->   Operation 48 'store' 'store_ln313' <Predicate = (icmp_ln303)> <Delay = 0.00>
ST_2 : Operation 49 [1/1] (0.00ns)   --->   "%br_ln315 = br void %if.end31" [firmware/nnet_utils/nnet_conv_stream.h:315]   --->   Operation 49 'br' 'br_ln315' <Predicate = (icmp_ln303)> <Delay = 0.00>

State 3 <SV = 2> <Delay = 3.57>
ST_3 : Operation 50 [2/3] (3.57ns)   --->   "%tmp = call i96 @dense_latency<ap_fixed<16, 6, 5, 3, 0>, ap_fixed<16, 6, 5, 3, 0>, config9_mult>, i16 %void_compute_output_buffer_2d_array_const_ap_shift_reg_n_chan_stream_weig_39, i16 %void_compute_output_buffer_2d_array_const_ap_shift_reg_n_chan_stream_weig_38, i16 %void_compute_output_buffer_2d_array_const_ap_shift_reg_n_chan_stream_weig_37, i16 %void_compute_output_buffer_2d_array_const_ap_shift_reg_n_chan_stream_weig_36, i16 %void_compute_output_buffer_2d_array_const_ap_shift_reg_n_chan_stream_weig_35, i16 %void_compute_output_buffer_2d_array_const_ap_shift_reg_n_chan_stream_weig_34, i16 %void_compute_output_buffer_2d_array_const_ap_shift_reg_n_chan_stream_weig_33, i16 %void_compute_output_buffer_2d_array_const_ap_shift_reg_n_chan_stream_weig_32, i16 %void_compute_output_buffer_2d_array_const_ap_shift_reg_n_chan_stream_weig_31, i16 %void_compute_output_buffer_2d_array_const_ap_shift_reg_n_chan_stream_weig_30, i16 %p_ZZN4nnet24compute_output_buffer_2dINS_5arrayI8ap_fixedILi16ELi6EL9ap_q_mode5EL9_201, i16 %p_ZZN4nnet24compute_output_buffer_2dINS_5arrayI8ap_fixedILi16ELi6EL9ap_q_mode5EL9_202, i16 %p_ZZN4nnet24compute_output_buffer_2dINS_5arrayI8ap_fixedILi16ELi6EL9ap_q_mode5EL9_203, i16 %p_ZZN4nnet24compute_output_buffer_2dINS_5arrayI8ap_fixedILi16ELi6EL9ap_q_mode5EL9_204, i16 %p_ZZN4nnet24compute_output_buffer_2dINS_5arrayI8ap_fixedILi16ELi6EL9ap_q_mode5EL9_205, i16 %p_ZZN4nnet24compute_output_buffer_2dINS_5arrayI8ap_fixedILi16ELi6EL9ap_q_mode5EL9_206, i16 %p_ZZN4nnet24compute_output_buffer_2dINS_5arrayI8ap_fixedILi16ELi6EL9ap_q_mode5EL9_207, i16 %p_ZZN4nnet24compute_output_buffer_2dINS_5arrayI8ap_fixedILi16ELi6EL9ap_q_mode5EL9_208, i16 %p_ZZN4nnet24compute_output_buffer_2dINS_5arrayI8ap_fixedILi16ELi6EL9ap_q_mode5EL9_209, i16 %p_ZZN4nnet24compute_output_buffer_2dINS_5arrayI8ap_fixedILi16ELi6EL9ap_q_mode5EL9_210, i16 %p_ZZN4nnet24compute_output_buffer_2dINS_5arrayI8ap_fixedILi16ELi6EL9ap_q_mode5EL9_211, i16 %p_ZZN4nnet24compute_output_buffer_2dINS_5arrayI8ap_fixedILi16ELi6EL9ap_q_mode5EL9_212, i16 %p_ZZN4nnet24compute_output_buffer_2dINS_5arrayI8ap_fixedILi16ELi6EL9ap_q_mode5EL9_213, i16 %p_ZZN4nnet24compute_output_buffer_2dINS_5arrayI8ap_fixedILi16ELi6EL9ap_q_mode5EL9_214, i16 %p_ZZN4nnet24compute_output_buffer_2dINS_5arrayI8ap_fixedILi16ELi6EL9ap_q_mode5EL9_215, i16 %p_ZZN4nnet24compute_output_buffer_2dINS_5arrayI8ap_fixedILi16ELi6EL9ap_q_mode5EL9_216, i16 %p_ZZN4nnet24compute_output_buffer_2dINS_5arrayI8ap_fixedILi16ELi6EL9ap_q_mode5EL9_217, i16 %p_ZZN4nnet24compute_output_buffer_2dINS_5arrayI8ap_fixedILi16ELi6EL9ap_q_mode5EL9_218, i16 %p_ZZN4nnet24compute_output_buffer_2dINS_5arrayI8ap_fixedILi16ELi6EL9ap_q_mode5EL9_219, i16 %p_ZZN4nnet24compute_output_buffer_2dINS_5arrayI8ap_fixedILi16ELi6EL9ap_q_mode5EL9_220, i16 %p_ZZN4nnet24compute_output_buffer_2dINS_5arrayI8ap_fixedILi16ELi6EL9ap_q_mode5EL9_221, i16 %p_ZZN4nnet24compute_output_buffer_2dINS_5arrayI8ap_fixedILi16ELi6EL9ap_q_mode5EL9_222, i16 %p_ZZN4nnet24compute_output_buffer_2dINS_5arrayI8ap_fixedILi16ELi6EL9ap_q_mode5EL9_223, i16 %p_ZZN4nnet24compute_output_buffer_2dINS_5arrayI8ap_fixedILi16ELi6EL9ap_q_mode5EL9_224, i16 %p_ZZN4nnet24compute_output_buffer_2dINS_5arrayI8ap_fixedILi16ELi6EL9ap_q_mode5EL9_225, i16 %p_ZZN4nnet24compute_output_buffer_2dINS_5arrayI8ap_fixedILi16ELi6EL9ap_q_mode5EL9_226" [firmware/nnet_utils/nnet_dense.h:54->firmware/nnet_utils/nnet_conv_stream.h:288]   --->   Operation 50 'call' 'tmp' <Predicate = (icmp_ln284 & and_ln284_3)> <Delay = 3.57> <CoreType = "Generic">   --->   Generic Core

State 4 <SV = 3> <Delay = 2.99>
ST_4 : Operation 51 [1/3] (2.99ns)   --->   "%tmp = call i96 @dense_latency<ap_fixed<16, 6, 5, 3, 0>, ap_fixed<16, 6, 5, 3, 0>, config9_mult>, i16 %void_compute_output_buffer_2d_array_const_ap_shift_reg_n_chan_stream_weig_39, i16 %void_compute_output_buffer_2d_array_const_ap_shift_reg_n_chan_stream_weig_38, i16 %void_compute_output_buffer_2d_array_const_ap_shift_reg_n_chan_stream_weig_37, i16 %void_compute_output_buffer_2d_array_const_ap_shift_reg_n_chan_stream_weig_36, i16 %void_compute_output_buffer_2d_array_const_ap_shift_reg_n_chan_stream_weig_35, i16 %void_compute_output_buffer_2d_array_const_ap_shift_reg_n_chan_stream_weig_34, i16 %void_compute_output_buffer_2d_array_const_ap_shift_reg_n_chan_stream_weig_33, i16 %void_compute_output_buffer_2d_array_const_ap_shift_reg_n_chan_stream_weig_32, i16 %void_compute_output_buffer_2d_array_const_ap_shift_reg_n_chan_stream_weig_31, i16 %void_compute_output_buffer_2d_array_const_ap_shift_reg_n_chan_stream_weig_30, i16 %p_ZZN4nnet24compute_output_buffer_2dINS_5arrayI8ap_fixedILi16ELi6EL9ap_q_mode5EL9_201, i16 %p_ZZN4nnet24compute_output_buffer_2dINS_5arrayI8ap_fixedILi16ELi6EL9ap_q_mode5EL9_202, i16 %p_ZZN4nnet24compute_output_buffer_2dINS_5arrayI8ap_fixedILi16ELi6EL9ap_q_mode5EL9_203, i16 %p_ZZN4nnet24compute_output_buffer_2dINS_5arrayI8ap_fixedILi16ELi6EL9ap_q_mode5EL9_204, i16 %p_ZZN4nnet24compute_output_buffer_2dINS_5arrayI8ap_fixedILi16ELi6EL9ap_q_mode5EL9_205, i16 %p_ZZN4nnet24compute_output_buffer_2dINS_5arrayI8ap_fixedILi16ELi6EL9ap_q_mode5EL9_206, i16 %p_ZZN4nnet24compute_output_buffer_2dINS_5arrayI8ap_fixedILi16ELi6EL9ap_q_mode5EL9_207, i16 %p_ZZN4nnet24compute_output_buffer_2dINS_5arrayI8ap_fixedILi16ELi6EL9ap_q_mode5EL9_208, i16 %p_ZZN4nnet24compute_output_buffer_2dINS_5arrayI8ap_fixedILi16ELi6EL9ap_q_mode5EL9_209, i16 %p_ZZN4nnet24compute_output_buffer_2dINS_5arrayI8ap_fixedILi16ELi6EL9ap_q_mode5EL9_210, i16 %p_ZZN4nnet24compute_output_buffer_2dINS_5arrayI8ap_fixedILi16ELi6EL9ap_q_mode5EL9_211, i16 %p_ZZN4nnet24compute_output_buffer_2dINS_5arrayI8ap_fixedILi16ELi6EL9ap_q_mode5EL9_212, i16 %p_ZZN4nnet24compute_output_buffer_2dINS_5arrayI8ap_fixedILi16ELi6EL9ap_q_mode5EL9_213, i16 %p_ZZN4nnet24compute_output_buffer_2dINS_5arrayI8ap_fixedILi16ELi6EL9ap_q_mode5EL9_214, i16 %p_ZZN4nnet24compute_output_buffer_2dINS_5arrayI8ap_fixedILi16ELi6EL9ap_q_mode5EL9_215, i16 %p_ZZN4nnet24compute_output_buffer_2dINS_5arrayI8ap_fixedILi16ELi6EL9ap_q_mode5EL9_216, i16 %p_ZZN4nnet24compute_output_buffer_2dINS_5arrayI8ap_fixedILi16ELi6EL9ap_q_mode5EL9_217, i16 %p_ZZN4nnet24compute_output_buffer_2dINS_5arrayI8ap_fixedILi16ELi6EL9ap_q_mode5EL9_218, i16 %p_ZZN4nnet24compute_output_buffer_2dINS_5arrayI8ap_fixedILi16ELi6EL9ap_q_mode5EL9_219, i16 %p_ZZN4nnet24compute_output_buffer_2dINS_5arrayI8ap_fixedILi16ELi6EL9ap_q_mode5EL9_220, i16 %p_ZZN4nnet24compute_output_buffer_2dINS_5arrayI8ap_fixedILi16ELi6EL9ap_q_mode5EL9_221, i16 %p_ZZN4nnet24compute_output_buffer_2dINS_5arrayI8ap_fixedILi16ELi6EL9ap_q_mode5EL9_222, i16 %p_ZZN4nnet24compute_output_buffer_2dINS_5arrayI8ap_fixedILi16ELi6EL9ap_q_mode5EL9_223, i16 %p_ZZN4nnet24compute_output_buffer_2dINS_5arrayI8ap_fixedILi16ELi6EL9ap_q_mode5EL9_224, i16 %p_ZZN4nnet24compute_output_buffer_2dINS_5arrayI8ap_fixedILi16ELi6EL9ap_q_mode5EL9_225, i16 %p_ZZN4nnet24compute_output_buffer_2dINS_5arrayI8ap_fixedILi16ELi6EL9ap_q_mode5EL9_226" [firmware/nnet_utils/nnet_dense.h:54->firmware/nnet_utils/nnet_conv_stream.h:288]   --->   Operation 51 'call' 'tmp' <Predicate = (icmp_ln284 & and_ln284_3)> <Delay = 2.99> <CoreType = "Generic">   --->   Generic Core
ST_4 : Operation 52 [1/1] (0.00ns)   --->   "%res_out = extractvalue i96 %tmp" [firmware/nnet_utils/nnet_dense.h:54->firmware/nnet_utils/nnet_conv_stream.h:288]   --->   Operation 52 'extractvalue' 'res_out' <Predicate = (icmp_ln284 & and_ln284_3)> <Delay = 0.00>
ST_4 : Operation 53 [1/1] (0.00ns)   --->   "%res_out_20 = extractvalue i96 %tmp" [firmware/nnet_utils/nnet_dense.h:54->firmware/nnet_utils/nnet_conv_stream.h:288]   --->   Operation 53 'extractvalue' 'res_out_20' <Predicate = (icmp_ln284 & and_ln284_3)> <Delay = 0.00>
ST_4 : Operation 54 [1/1] (0.00ns)   --->   "%res_out_21 = extractvalue i96 %tmp" [firmware/nnet_utils/nnet_dense.h:54->firmware/nnet_utils/nnet_conv_stream.h:288]   --->   Operation 54 'extractvalue' 'res_out_21' <Predicate = (icmp_ln284 & and_ln284_3)> <Delay = 0.00>
ST_4 : Operation 55 [1/1] (0.00ns)   --->   "%res_out_22 = extractvalue i96 %tmp" [firmware/nnet_utils/nnet_dense.h:54->firmware/nnet_utils/nnet_conv_stream.h:288]   --->   Operation 55 'extractvalue' 'res_out_22' <Predicate = (icmp_ln284 & and_ln284_3)> <Delay = 0.00>
ST_4 : Operation 56 [1/1] (0.00ns)   --->   "%res_out_4 = extractvalue i96 %tmp" [firmware/nnet_utils/nnet_dense.h:54->firmware/nnet_utils/nnet_conv_stream.h:288]   --->   Operation 56 'extractvalue' 'res_out_4' <Predicate = (icmp_ln284 & and_ln284_3)> <Delay = 0.00>
ST_4 : Operation 57 [1/1] (0.00ns)   --->   "%res_out_5 = extractvalue i96 %tmp" [firmware/nnet_utils/nnet_dense.h:54->firmware/nnet_utils/nnet_conv_stream.h:288]   --->   Operation 57 'extractvalue' 'res_out_5' <Predicate = (icmp_ln284 & and_ln284_3)> <Delay = 0.00>

State 5 <SV = 4> <Delay = 1.82>
ST_5 : Operation 58 [1/1] (0.00ns)   --->   "%p_0 = bitconcatenate i96 @_ssdm_op_BitConcatenate.i96.i16.i16.i16.i16.i16.i16, i16 %res_out_5, i16 %res_out_4, i16 %res_out_22, i16 %res_out_21, i16 %res_out_20, i16 %res_out" [firmware/nnet_utils/nnet_conv_stream.h:299]   --->   Operation 58 'bitconcatenate' 'p_0' <Predicate = (icmp_ln284 & and_ln284_3)> <Delay = 0.00>
ST_5 : Operation 59 [1/1] ( I:1.82ns O:1.82ns )   --->   "%write_ln299 = write void @_ssdm_op_Write.ap_fifo.volatile.i96P0A, i96 %layer9_out, i96 %p_0" [firmware/nnet_utils/nnet_conv_stream.h:299]   --->   Operation 59 'write' 'write_ln299' <Predicate = (icmp_ln284 & and_ln284_3)> <Delay = 1.82> <CoreInst = "FIFO">   --->   Core 77 'FIFO' <Latency = 0> <II = 1> <Delay = 2.16> <Storage> <Opcode : 'read' 'write' 'nbread' 'nbwrite'> <Ports = 0> <Width = 96> <Depth = 100000> <FIFO>
ST_5 : Operation 60 [1/1] (0.00ns)   --->   "%br_ln300 = br void %if.end" [firmware/nnet_utils/nnet_conv_stream.h:300]   --->   Operation 60 'br' 'br_ln300' <Predicate = (icmp_ln284 & and_ln284_3)> <Delay = 0.00>
ST_5 : Operation 61 [1/1] (0.00ns)   --->   "%ret_ln320 = ret" [firmware/nnet_utils/nnet_conv_stream.h:320]   --->   Operation 61 'ret' 'ret_ln320' <Predicate = true> <Delay = 0.00>


============================================================
+ Verbose Summary: Binding
============================================================
STG Binding: 
---------------- STG Properties BEGIN ----------------
- Is combinational: 0
- Is one-state seq: 0
- Is datapath-only: 0
- Is pipelined: 1
- Is top level: 0
Port [ Return ] is wired: 1; IO mode=ap_ctrl_hs:ce=0
Port [ p_read]:  wired=1; compound=0; hidden=0; nouse=0; global=0; static=0; extern=0; dir=0; type=0; pingpong=0; private_global=0; IO mode=ap_none:ce=0
Port [ p_read1]:  wired=1; compound=0; hidden=0; nouse=0; global=0; static=0; extern=0; dir=0; type=0; pingpong=0; private_global=0; IO mode=ap_none:ce=0
Port [ p_read2]:  wired=1; compound=0; hidden=0; nouse=0; global=0; static=0; extern=0; dir=0; type=0; pingpong=0; private_global=0; IO mode=ap_none:ce=0
Port [ p_read3]:  wired=1; compound=0; hidden=0; nouse=0; global=0; static=0; extern=0; dir=0; type=0; pingpong=0; private_global=0; IO mode=ap_none:ce=0
Port [ layer9_out]:  wired=1; compound=1; hidden=0; nouse=0; global=0; static=0; extern=0; dir=1; type=3; pingpong=0; private_global=0; IO mode=ap_fifo:ce=0
Port [ void_compute_output_buffer_2d_array_const_ap_shift_reg_n_chan_stream_weig_35]:  wired=0; compound=0; hidden=1; nouse=0; global=1; static=1; extern=0; dir=2; type=0; pingpong=0; private_global=1; IO mode=ap_ovld:ce=0
Port [ void_compute_output_buffer_2d_array_const_ap_shift_reg_n_chan_stream_weig_39]:  wired=0; compound=0; hidden=1; nouse=0; global=1; static=1; extern=0; dir=2; type=0; pingpong=0; private_global=1; IO mode=ap_ovld:ce=0
Port [ void_compute_output_buffer_2d_array_const_ap_shift_reg_n_chan_stream_weig_34]:  wired=0; compound=0; hidden=1; nouse=0; global=1; static=1; extern=0; dir=2; type=0; pingpong=0; private_global=1; IO mode=ap_ovld:ce=0
Port [ void_compute_output_buffer_2d_array_const_ap_shift_reg_n_chan_stream_weig_38]:  wired=0; compound=0; hidden=1; nouse=0; global=1; static=1; extern=0; dir=2; type=0; pingpong=0; private_global=1; IO mode=ap_ovld:ce=0
Port [ void_compute_output_buffer_2d_array_const_ap_shift_reg_n_chan_stream_weig_33]:  wired=0; compound=0; hidden=1; nouse=0; global=1; static=1; extern=0; dir=2; type=0; pingpong=0; private_global=1; IO mode=ap_ovld:ce=0
Port [ void_compute_output_buffer_2d_array_const_ap_shift_reg_n_chan_stream_weig_37]:  wired=0; compound=0; hidden=1; nouse=0; global=1; static=1; extern=0; dir=2; type=0; pingpong=0; private_global=1; IO mode=ap_ovld:ce=0
Port [ void_compute_output_buffer_2d_array_const_ap_shift_reg_n_chan_stream_weig_32]:  wired=0; compound=0; hidden=1; nouse=0; global=1; static=1; extern=0; dir=2; type=0; pingpong=0; private_global=1; IO mode=ap_ovld:ce=0
Port [ void_compute_output_buffer_2d_array_const_ap_shift_reg_n_chan_stream_weig_36]:  wired=0; compound=0; hidden=1; nouse=0; global=1; static=1; extern=0; dir=2; type=0; pingpong=0; private_global=1; IO mode=ap_ovld:ce=0
Port [ p_ZZN4nnet24compute_output_buffer_2dINS_5arrayI8ap_fixedILi16ELi6EL9ap_q_mode5EL9_207]:  wired=0; compound=0; hidden=1; nouse=0; global=1; static=1; extern=0; dir=2; type=0; pingpong=0; private_global=1; IO mode=ap_ovld:ce=0
Port [ p_ZZN4nnet24compute_output_buffer_2dINS_5arrayI8ap_fixedILi16ELi6EL9ap_q_mode5EL9_203]:  wired=0; compound=0; hidden=1; nouse=0; global=1; static=1; extern=0; dir=2; type=0; pingpong=0; private_global=1; IO mode=ap_ovld:ce=0
Port [ p_ZZN4nnet24compute_output_buffer_2dINS_5arrayI8ap_fixedILi16ELi6EL9ap_q_mode5EL9_208]:  wired=0; compound=0; hidden=1; nouse=0; global=1; static=1; extern=0; dir=2; type=0; pingpong=0; private_global=1; IO mode=ap_ovld:ce=0
Port [ p_ZZN4nnet24compute_output_buffer_2dINS_5arrayI8ap_fixedILi16ELi6EL9ap_q_mode5EL9_204]:  wired=0; compound=0; hidden=1; nouse=0; global=1; static=1; extern=0; dir=2; type=0; pingpong=0; private_global=1; IO mode=ap_ovld:ce=0
Port [ p_ZZN4nnet24compute_output_buffer_2dINS_5arrayI8ap_fixedILi16ELi6EL9ap_q_mode5EL9_209]:  wired=0; compound=0; hidden=1; nouse=0; global=1; static=1; extern=0; dir=2; type=0; pingpong=0; private_global=1; IO mode=ap_ovld:ce=0
Port [ p_ZZN4nnet24compute_output_buffer_2dINS_5arrayI8ap_fixedILi16ELi6EL9ap_q_mode5EL9_205]:  wired=0; compound=0; hidden=1; nouse=0; global=1; static=1; extern=0; dir=2; type=0; pingpong=0; private_global=1; IO mode=ap_ovld:ce=0
Port [ p_ZZN4nnet24compute_output_buffer_2dINS_5arrayI8ap_fixedILi16ELi6EL9ap_q_mode5EL9_210]:  wired=0; compound=0; hidden=1; nouse=0; global=1; static=1; extern=0; dir=2; type=0; pingpong=0; private_global=1; IO mode=ap_ovld:ce=0
Port [ p_ZZN4nnet24compute_output_buffer_2dINS_5arrayI8ap_fixedILi16ELi6EL9ap_q_mode5EL9_206]:  wired=0; compound=0; hidden=1; nouse=0; global=1; static=1; extern=0; dir=2; type=0; pingpong=0; private_global=1; IO mode=ap_ovld:ce=0
Port [ p_ZZN4nnet24compute_output_buffer_2dINS_5arrayI8ap_fixedILi16ELi6EL9ap_q_mode5EL9_219]:  wired=0; compound=0; hidden=1; nouse=0; global=1; static=1; extern=0; dir=2; type=0; pingpong=0; private_global=1; IO mode=ap_ovld:ce=0
Port [ p_ZZN4nnet24compute_output_buffer_2dINS_5arrayI8ap_fixedILi16ELi6EL9ap_q_mode5EL9_215]:  wired=0; compound=0; hidden=1; nouse=0; global=1; static=1; extern=0; dir=2; type=0; pingpong=0; private_global=1; IO mode=ap_ovld:ce=0
Port [ p_ZZN4nnet24compute_output_buffer_2dINS_5arrayI8ap_fixedILi16ELi6EL9ap_q_mode5EL9_220]:  wired=0; compound=0; hidden=1; nouse=0; global=1; static=1; extern=0; dir=2; type=0; pingpong=0; private_global=1; IO mode=ap_ovld:ce=0
Port [ p_ZZN4nnet24compute_output_buffer_2dINS_5arrayI8ap_fixedILi16ELi6EL9ap_q_mode5EL9_216]:  wired=0; compound=0; hidden=1; nouse=0; global=1; static=1; extern=0; dir=2; type=0; pingpong=0; private_global=1; IO mode=ap_ovld:ce=0
Port [ p_ZZN4nnet24compute_output_buffer_2dINS_5arrayI8ap_fixedILi16ELi6EL9ap_q_mode5EL9_221]:  wired=0; compound=0; hidden=1; nouse=0; global=1; static=1; extern=0; dir=2; type=0; pingpong=0; private_global=1; IO mode=ap_ovld:ce=0
Port [ p_ZZN4nnet24compute_output_buffer_2dINS_5arrayI8ap_fixedILi16ELi6EL9ap_q_mode5EL9_217]:  wired=0; compound=0; hidden=1; nouse=0; global=1; static=1; extern=0; dir=2; type=0; pingpong=0; private_global=1; IO mode=ap_ovld:ce=0
Port [ p_ZZN4nnet24compute_output_buffer_2dINS_5arrayI8ap_fixedILi16ELi6EL9ap_q_mode5EL9_222]:  wired=0; compound=0; hidden=1; nouse=0; global=1; static=1; extern=0; dir=2; type=0; pingpong=0; private_global=1; IO mode=ap_ovld:ce=0
Port [ p_ZZN4nnet24compute_output_buffer_2dINS_5arrayI8ap_fixedILi16ELi6EL9ap_q_mode5EL9_218]:  wired=0; compound=0; hidden=1; nouse=0; global=1; static=1; extern=0; dir=2; type=0; pingpong=0; private_global=1; IO mode=ap_ovld:ce=0
Port [ void_compute_output_buffer_2d_array_const_ap_shift_reg_n_chan_stream_weig_31]:  wired=0; compound=0; hidden=1; nouse=0; global=1; static=1; extern=0; dir=2; type=0; pingpong=0; private_global=1; IO mode=ap_ovld:ce=0
Port [ void_compute_output_buffer_2d_array_const_ap_shift_reg_n_chan_stream_weig_30]:  wired=0; compound=0; hidden=1; nouse=0; global=1; static=1; extern=0; dir=2; type=0; pingpong=0; private_global=1; IO mode=ap_ovld:ce=0
Port [ p_ZZN4nnet24compute_output_buffer_2dINS_5arrayI8ap_fixedILi16ELi6EL9ap_q_mode5EL9_201]:  wired=0; compound=0; hidden=1; nouse=0; global=1; static=1; extern=0; dir=2; type=0; pingpong=0; private_global=1; IO mode=ap_ovld:ce=0
Port [ p_ZZN4nnet24compute_output_buffer_2dINS_5arrayI8ap_fixedILi16ELi6EL9ap_q_mode5EL9_202]:  wired=0; compound=0; hidden=1; nouse=0; global=1; static=1; extern=0; dir=2; type=0; pingpong=0; private_global=1; IO mode=ap_ovld:ce=0
Port [ p_ZZN4nnet24compute_output_buffer_2dINS_5arrayI8ap_fixedILi16ELi6EL9ap_q_mode5EL9_211]:  wired=0; compound=0; hidden=1; nouse=0; global=1; static=1; extern=0; dir=2; type=0; pingpong=0; private_global=1; IO mode=ap_ovld:ce=0
Port [ p_ZZN4nnet24compute_output_buffer_2dINS_5arrayI8ap_fixedILi16ELi6EL9ap_q_mode5EL9_212]:  wired=0; compound=0; hidden=1; nouse=0; global=1; static=1; extern=0; dir=2; type=0; pingpong=0; private_global=1; IO mode=ap_ovld:ce=0
Port [ p_ZZN4nnet24compute_output_buffer_2dINS_5arrayI8ap_fixedILi16ELi6EL9ap_q_mode5EL9_213]:  wired=0; compound=0; hidden=1; nouse=0; global=1; static=1; extern=0; dir=2; type=0; pingpong=0; private_global=1; IO mode=ap_ovld:ce=0
Port [ p_ZZN4nnet24compute_output_buffer_2dINS_5arrayI8ap_fixedILi16ELi6EL9ap_q_mode5EL9_214]:  wired=0; compound=0; hidden=1; nouse=0; global=1; static=1; extern=0; dir=2; type=0; pingpong=0; private_global=1; IO mode=ap_ovld:ce=0
Port [ p_ZZN4nnet24compute_output_buffer_2dINS_5arrayI8ap_fixedILi16ELi6EL9ap_q_mode5EL9_223]:  wired=0; compound=0; hidden=1; nouse=0; global=1; static=1; extern=0; dir=2; type=0; pingpong=0; private_global=1; IO mode=ap_ovld:ce=0
Port [ p_ZZN4nnet24compute_output_buffer_2dINS_5arrayI8ap_fixedILi16ELi6EL9ap_q_mode5EL9_224]:  wired=0; compound=0; hidden=1; nouse=0; global=1; static=1; extern=0; dir=2; type=0; pingpong=0; private_global=1; IO mode=ap_ovld:ce=0
Port [ p_ZZN4nnet24compute_output_buffer_2dINS_5arrayI8ap_fixedILi16ELi6EL9ap_q_mode5EL9_225]:  wired=0; compound=0; hidden=1; nouse=0; global=1; static=1; extern=0; dir=2; type=0; pingpong=0; private_global=1; IO mode=ap_ovld:ce=0
Port [ p_ZZN4nnet24compute_output_buffer_2dINS_5arrayI8ap_fixedILi16ELi6EL9ap_q_mode5EL9_226]:  wired=0; compound=0; hidden=1; nouse=0; global=1; static=1; extern=0; dir=2; type=0; pingpong=0; private_global=1; IO mode=ap_ovld:ce=0
Port [ p_ZZN4nnet25conv_2d_buffer_latency_clINS_5arrayI8ap_fixedILi16ELi6EL9ap_q_mode5EL_55]:  wired=0; compound=1; hidden=1; nouse=1; global=1; static=1; extern=0; dir=3; type=1; pingpong=0; private_global=0; MemPort=[2]; IO mode=ap_memory:ce=0
Port [ p_ZZN4nnet25conv_2d_buffer_latency_clINS_5arrayI8ap_fixedILi16ELi6EL9ap_q_mode5EL_51]:  wired=0; compound=1; hidden=1; nouse=1; global=1; static=1; extern=0; dir=3; type=1; pingpong=0; private_global=0; MemPort=[2]; IO mode=ap_memory:ce=0
Port [ p_ZZN4nnet25conv_2d_buffer_latency_clINS_5arrayI8ap_fixedILi16ELi6EL9ap_q_mode5EL_54]:  wired=0; compound=1; hidden=1; nouse=1; global=1; static=1; extern=0; dir=3; type=1; pingpong=0; private_global=0; MemPort=[2]; IO mode=ap_memory:ce=0
Port [ p_ZZN4nnet25conv_2d_buffer_latency_clINS_5arrayI8ap_fixedILi16ELi6EL9ap_q_mode5EL_50]:  wired=0; compound=1; hidden=1; nouse=1; global=1; static=1; extern=0; dir=3; type=1; pingpong=0; private_global=0; MemPort=[2]; IO mode=ap_memory:ce=0
Port [ p_ZZN4nnet25conv_2d_buffer_latency_clINS_5arrayI8ap_fixedILi16ELi6EL9ap_q_mode5EL_53]:  wired=0; compound=1; hidden=1; nouse=1; global=1; static=1; extern=0; dir=3; type=1; pingpong=0; private_global=0; MemPort=[2]; IO mode=ap_memory:ce=0
Port [ p_ZZN4nnet25conv_2d_buffer_latency_clINS_5arrayI8ap_fixedILi16ELi6EL9ap_q_mode5EL_49]:  wired=0; compound=1; hidden=1; nouse=1; global=1; static=1; extern=0; dir=3; type=1; pingpong=0; private_global=0; MemPort=[2]; IO mode=ap_memory:ce=0
Port [ p_ZZN4nnet25conv_2d_buffer_latency_clINS_5arrayI8ap_fixedILi16ELi6EL9ap_q_mode5EL_52]:  wired=0; compound=1; hidden=1; nouse=1; global=1; static=1; extern=0; dir=3; type=1; pingpong=0; private_global=0; MemPort=[2]; IO mode=ap_memory:ce=0
Port [ p_ZZN4nnet25conv_2d_buffer_latency_clINS_5arrayI8ap_fixedILi16ELi6EL9ap_q_mode5EL_48]:  wired=0; compound=1; hidden=1; nouse=1; global=1; static=1; extern=0; dir=3; type=1; pingpong=0; private_global=0; MemPort=[2]; IO mode=ap_memory:ce=0
Port [ sX_3]:  wired=0; compound=0; hidden=1; nouse=0; global=1; static=1; extern=0; dir=2; type=0; pingpong=0; private_global=1; IO mode=ap_ovld:ce=0
Port [ sY_3]:  wired=0; compound=0; hidden=1; nouse=0; global=1; static=1; extern=0; dir=2; type=0; pingpong=0; private_global=1; IO mode=ap_ovld:ce=0
Port [ pY_3]:  wired=0; compound=0; hidden=1; nouse=0; global=1; static=1; extern=0; dir=2; type=0; pingpong=0; private_global=1; IO mode=ap_ovld:ce=0
Port [ pX_3]:  wired=0; compound=0; hidden=1; nouse=0; global=1; static=1; extern=0; dir=2; type=0; pingpong=0; private_global=1; IO mode=ap_ovld:ce=0
---------------- STG Properties END ------------------

---------------- Datapath Model BEGIN ----------------

<LifeTime>
<method=bitvector/>
specinterface_ln0 (specinterface ) [ 000000]
p_read39          (read          ) [ 000000]
p_read28          (read          ) [ 000000]
p_read17          (read          ) [ 000000]
p_read_29         (read          ) [ 000000]
call_ln281        (call          ) [ 000000]
sX_3_load         (load          ) [ 000000]
icmp_ln284        (icmp          ) [ 011111]
sY_3_load         (load          ) [ 001000]
pY_3_load         (load          ) [ 000000]
pX_3_load         (load          ) [ 000000]
br_ln284          (br            ) [ 000000]
icmp_ln284_7      (icmp          ) [ 000000]
tmp_862           (partselect    ) [ 000000]
icmp_ln284_8      (icmp          ) [ 000000]
tmp_863           (partselect    ) [ 000000]
icmp_ln284_9      (icmp          ) [ 000000]
and_ln284         (and           ) [ 000000]
and_ln284_3       (and           ) [ 011111]
br_ln284          (br            ) [ 000000]
add_ln303         (add           ) [ 000000]
icmp_ln303        (icmp          ) [ 011000]
br_ln303          (br            ) [ 000000]
store_ln316       (store         ) [ 000000]
select_ln318      (select        ) [ 000000]
add_ln318         (add           ) [ 000000]
store_ln318       (store         ) [ 000000]
br_ln0            (br            ) [ 000000]
store_ln305       (store         ) [ 000000]
store_ln306       (store         ) [ 000000]
add_ln307         (add           ) [ 000000]
icmp_ln307        (icmp          ) [ 011000]
br_ln307          (br            ) [ 000000]
store_ln311       (store         ) [ 000000]
br_ln0            (br            ) [ 011000]
store_ln308       (store         ) [ 000000]
br_ln310          (br            ) [ 011000]
icmp_ln313        (icmp          ) [ 000000]
select_ln313      (select        ) [ 000000]
add_ln313         (add           ) [ 000000]
storemerge        (phi           ) [ 001000]
store_ln313       (store         ) [ 000000]
br_ln315          (br            ) [ 000000]
tmp               (call          ) [ 000000]
res_out           (extractvalue  ) [ 010001]
res_out_20        (extractvalue  ) [ 010001]
res_out_21        (extractvalue  ) [ 010001]
res_out_22        (extractvalue  ) [ 010001]
res_out_4         (extractvalue  ) [ 010001]
res_out_5         (extractvalue  ) [ 010001]
p_0               (bitconcatenate) [ 000000]
write_ln299       (write         ) [ 000000]
br_ln300          (br            ) [ 000000]
ret_ln320         (ret           ) [ 000000]
</LifeTime>

<model>

<comp_list>
<comp id="0" class="1000" name="p_read">
<pin_list>
<pin id="1" dir="1" index="0" bw="1" slack="0"/>
</pin_list>
<bind>
<StgValue><ssdm name="p_read"/></StgValue>
</bind>
</comp>

<comp id="2" class="1000" name="p_read1">
<pin_list>
<pin id="3" dir="1" index="0" bw="1" slack="0"/>
</pin_list>
<bind>
<StgValue><ssdm name="p_read1"/></StgValue>
</bind>
</comp>

<comp id="4" class="1000" name="p_read2">
<pin_list>
<pin id="5" dir="1" index="0" bw="1" slack="0"/>
</pin_list>
<bind>
<StgValue><ssdm name="p_read2"/></StgValue>
</bind>
</comp>

<comp id="6" class="1000" name="p_read3">
<pin_list>
<pin id="7" dir="1" index="0" bw="1" slack="0"/>
</pin_list>
<bind>
<StgValue><ssdm name="p_read3"/></StgValue>
</bind>
</comp>

<comp id="8" class="1000" name="layer9_out">
<pin_list>
<pin id="9" dir="1" index="0" bw="1" slack="0"/>
</pin_list>
<bind>
<StgValue><ssdm name="layer9_out"/></StgValue>
</bind>
</comp>

<comp id="10" class="1000" name="void_compute_output_buffer_2d_array_const_ap_shift_reg_n_chan_stream_weig_35">
<pin_list>
<pin id="11" dir="1" index="0" bw="1" slack="0"/>
</pin_list>
<bind>
<StgValue><ssdm name="void_compute_output_buffer_2d_array_const_ap_shift_reg_n_chan_stream_weig_35"/></StgValue>
</bind>
</comp>

<comp id="12" class="1000" name="void_compute_output_buffer_2d_array_const_ap_shift_reg_n_chan_stream_weig_39">
<pin_list>
<pin id="13" dir="1" index="0" bw="1" slack="0"/>
</pin_list>
<bind>
<StgValue><ssdm name="void_compute_output_buffer_2d_array_const_ap_shift_reg_n_chan_stream_weig_39"/></StgValue>
</bind>
</comp>

<comp id="14" class="1000" name="void_compute_output_buffer_2d_array_const_ap_shift_reg_n_chan_stream_weig_34">
<pin_list>
<pin id="15" dir="1" index="0" bw="1" slack="0"/>
</pin_list>
<bind>
<StgValue><ssdm name="void_compute_output_buffer_2d_array_const_ap_shift_reg_n_chan_stream_weig_34"/></StgValue>
</bind>
</comp>

<comp id="16" class="1000" name="void_compute_output_buffer_2d_array_const_ap_shift_reg_n_chan_stream_weig_38">
<pin_list>
<pin id="17" dir="1" index="0" bw="1" slack="0"/>
</pin_list>
<bind>
<StgValue><ssdm name="void_compute_output_buffer_2d_array_const_ap_shift_reg_n_chan_stream_weig_38"/></StgValue>
</bind>
</comp>

<comp id="18" class="1000" name="void_compute_output_buffer_2d_array_const_ap_shift_reg_n_chan_stream_weig_33">
<pin_list>
<pin id="19" dir="1" index="0" bw="1" slack="0"/>
</pin_list>
<bind>
<StgValue><ssdm name="void_compute_output_buffer_2d_array_const_ap_shift_reg_n_chan_stream_weig_33"/></StgValue>
</bind>
</comp>

<comp id="20" class="1000" name="void_compute_output_buffer_2d_array_const_ap_shift_reg_n_chan_stream_weig_37">
<pin_list>
<pin id="21" dir="1" index="0" bw="1" slack="0"/>
</pin_list>
<bind>
<StgValue><ssdm name="void_compute_output_buffer_2d_array_const_ap_shift_reg_n_chan_stream_weig_37"/></StgValue>
</bind>
</comp>

<comp id="22" class="1000" name="void_compute_output_buffer_2d_array_const_ap_shift_reg_n_chan_stream_weig_32">
<pin_list>
<pin id="23" dir="1" index="0" bw="1" slack="0"/>
</pin_list>
<bind>
<StgValue><ssdm name="void_compute_output_buffer_2d_array_const_ap_shift_reg_n_chan_stream_weig_32"/></StgValue>
</bind>
</comp>

<comp id="24" class="1000" name="void_compute_output_buffer_2d_array_const_ap_shift_reg_n_chan_stream_weig_36">
<pin_list>
<pin id="25" dir="1" index="0" bw="1" slack="0"/>
</pin_list>
<bind>
<StgValue><ssdm name="void_compute_output_buffer_2d_array_const_ap_shift_reg_n_chan_stream_weig_36"/></StgValue>
</bind>
</comp>

<comp id="26" class="1000" name="p_ZZN4nnet24compute_output_buffer_2dINS_5arrayI8ap_fixedILi16ELi6EL9ap_q_mode5EL9_207">
<pin_list>
<pin id="27" dir="1" index="0" bw="1" slack="0"/>
</pin_list>
<bind>
<StgValue><ssdm name="p_ZZN4nnet24compute_output_buffer_2dINS_5arrayI8ap_fixedILi16ELi6EL9ap_q_mode5EL9_207"/></StgValue>
</bind>
</comp>

<comp id="28" class="1000" name="p_ZZN4nnet24compute_output_buffer_2dINS_5arrayI8ap_fixedILi16ELi6EL9ap_q_mode5EL9_203">
<pin_list>
<pin id="29" dir="1" index="0" bw="1" slack="0"/>
</pin_list>
<bind>
<StgValue><ssdm name="p_ZZN4nnet24compute_output_buffer_2dINS_5arrayI8ap_fixedILi16ELi6EL9ap_q_mode5EL9_203"/></StgValue>
</bind>
</comp>

<comp id="30" class="1000" name="p_ZZN4nnet24compute_output_buffer_2dINS_5arrayI8ap_fixedILi16ELi6EL9ap_q_mode5EL9_208">
<pin_list>
<pin id="31" dir="1" index="0" bw="1" slack="0"/>
</pin_list>
<bind>
<StgValue><ssdm name="p_ZZN4nnet24compute_output_buffer_2dINS_5arrayI8ap_fixedILi16ELi6EL9ap_q_mode5EL9_208"/></StgValue>
</bind>
</comp>

<comp id="32" class="1000" name="p_ZZN4nnet24compute_output_buffer_2dINS_5arrayI8ap_fixedILi16ELi6EL9ap_q_mode5EL9_204">
<pin_list>
<pin id="33" dir="1" index="0" bw="1" slack="0"/>
</pin_list>
<bind>
<StgValue><ssdm name="p_ZZN4nnet24compute_output_buffer_2dINS_5arrayI8ap_fixedILi16ELi6EL9ap_q_mode5EL9_204"/></StgValue>
</bind>
</comp>

<comp id="34" class="1000" name="p_ZZN4nnet24compute_output_buffer_2dINS_5arrayI8ap_fixedILi16ELi6EL9ap_q_mode5EL9_209">
<pin_list>
<pin id="35" dir="1" index="0" bw="1" slack="0"/>
</pin_list>
<bind>
<StgValue><ssdm name="p_ZZN4nnet24compute_output_buffer_2dINS_5arrayI8ap_fixedILi16ELi6EL9ap_q_mode5EL9_209"/></StgValue>
</bind>
</comp>

<comp id="36" class="1000" name="p_ZZN4nnet24compute_output_buffer_2dINS_5arrayI8ap_fixedILi16ELi6EL9ap_q_mode5EL9_205">
<pin_list>
<pin id="37" dir="1" index="0" bw="1" slack="0"/>
</pin_list>
<bind>
<StgValue><ssdm name="p_ZZN4nnet24compute_output_buffer_2dINS_5arrayI8ap_fixedILi16ELi6EL9ap_q_mode5EL9_205"/></StgValue>
</bind>
</comp>

<comp id="38" class="1000" name="p_ZZN4nnet24compute_output_buffer_2dINS_5arrayI8ap_fixedILi16ELi6EL9ap_q_mode5EL9_210">
<pin_list>
<pin id="39" dir="1" index="0" bw="1" slack="0"/>
</pin_list>
<bind>
<StgValue><ssdm name="p_ZZN4nnet24compute_output_buffer_2dINS_5arrayI8ap_fixedILi16ELi6EL9ap_q_mode5EL9_210"/></StgValue>
</bind>
</comp>

<comp id="40" class="1000" name="p_ZZN4nnet24compute_output_buffer_2dINS_5arrayI8ap_fixedILi16ELi6EL9ap_q_mode5EL9_206">
<pin_list>
<pin id="41" dir="1" index="0" bw="1" slack="0"/>
</pin_list>
<bind>
<StgValue><ssdm name="p_ZZN4nnet24compute_output_buffer_2dINS_5arrayI8ap_fixedILi16ELi6EL9ap_q_mode5EL9_206"/></StgValue>
</bind>
</comp>

<comp id="42" class="1000" name="p_ZZN4nnet24compute_output_buffer_2dINS_5arrayI8ap_fixedILi16ELi6EL9ap_q_mode5EL9_219">
<pin_list>
<pin id="43" dir="1" index="0" bw="1" slack="0"/>
</pin_list>
<bind>
<StgValue><ssdm name="p_ZZN4nnet24compute_output_buffer_2dINS_5arrayI8ap_fixedILi16ELi6EL9ap_q_mode5EL9_219"/></StgValue>
</bind>
</comp>

<comp id="44" class="1000" name="p_ZZN4nnet24compute_output_buffer_2dINS_5arrayI8ap_fixedILi16ELi6EL9ap_q_mode5EL9_215">
<pin_list>
<pin id="45" dir="1" index="0" bw="1" slack="0"/>
</pin_list>
<bind>
<StgValue><ssdm name="p_ZZN4nnet24compute_output_buffer_2dINS_5arrayI8ap_fixedILi16ELi6EL9ap_q_mode5EL9_215"/></StgValue>
</bind>
</comp>

<comp id="46" class="1000" name="p_ZZN4nnet24compute_output_buffer_2dINS_5arrayI8ap_fixedILi16ELi6EL9ap_q_mode5EL9_220">
<pin_list>
<pin id="47" dir="1" index="0" bw="1" slack="0"/>
</pin_list>
<bind>
<StgValue><ssdm name="p_ZZN4nnet24compute_output_buffer_2dINS_5arrayI8ap_fixedILi16ELi6EL9ap_q_mode5EL9_220"/></StgValue>
</bind>
</comp>

<comp id="48" class="1000" name="p_ZZN4nnet24compute_output_buffer_2dINS_5arrayI8ap_fixedILi16ELi6EL9ap_q_mode5EL9_216">
<pin_list>
<pin id="49" dir="1" index="0" bw="1" slack="0"/>
</pin_list>
<bind>
<StgValue><ssdm name="p_ZZN4nnet24compute_output_buffer_2dINS_5arrayI8ap_fixedILi16ELi6EL9ap_q_mode5EL9_216"/></StgValue>
</bind>
</comp>

<comp id="50" class="1000" name="p_ZZN4nnet24compute_output_buffer_2dINS_5arrayI8ap_fixedILi16ELi6EL9ap_q_mode5EL9_221">
<pin_list>
<pin id="51" dir="1" index="0" bw="1" slack="0"/>
</pin_list>
<bind>
<StgValue><ssdm name="p_ZZN4nnet24compute_output_buffer_2dINS_5arrayI8ap_fixedILi16ELi6EL9ap_q_mode5EL9_221"/></StgValue>
</bind>
</comp>

<comp id="52" class="1000" name="p_ZZN4nnet24compute_output_buffer_2dINS_5arrayI8ap_fixedILi16ELi6EL9ap_q_mode5EL9_217">
<pin_list>
<pin id="53" dir="1" index="0" bw="1" slack="0"/>
</pin_list>
<bind>
<StgValue><ssdm name="p_ZZN4nnet24compute_output_buffer_2dINS_5arrayI8ap_fixedILi16ELi6EL9ap_q_mode5EL9_217"/></StgValue>
</bind>
</comp>

<comp id="54" class="1000" name="p_ZZN4nnet24compute_output_buffer_2dINS_5arrayI8ap_fixedILi16ELi6EL9ap_q_mode5EL9_222">
<pin_list>
<pin id="55" dir="1" index="0" bw="1" slack="0"/>
</pin_list>
<bind>
<StgValue><ssdm name="p_ZZN4nnet24compute_output_buffer_2dINS_5arrayI8ap_fixedILi16ELi6EL9ap_q_mode5EL9_222"/></StgValue>
</bind>
</comp>

<comp id="56" class="1000" name="p_ZZN4nnet24compute_output_buffer_2dINS_5arrayI8ap_fixedILi16ELi6EL9ap_q_mode5EL9_218">
<pin_list>
<pin id="57" dir="1" index="0" bw="1" slack="0"/>
</pin_list>
<bind>
<StgValue><ssdm name="p_ZZN4nnet24compute_output_buffer_2dINS_5arrayI8ap_fixedILi16ELi6EL9ap_q_mode5EL9_218"/></StgValue>
</bind>
</comp>

<comp id="58" class="1000" name="void_compute_output_buffer_2d_array_const_ap_shift_reg_n_chan_stream_weig_31">
<pin_list>
<pin id="59" dir="1" index="0" bw="1" slack="0"/>
</pin_list>
<bind>
<StgValue><ssdm name="void_compute_output_buffer_2d_array_const_ap_shift_reg_n_chan_stream_weig_31"/></StgValue>
</bind>
</comp>

<comp id="60" class="1000" name="void_compute_output_buffer_2d_array_const_ap_shift_reg_n_chan_stream_weig_30">
<pin_list>
<pin id="61" dir="1" index="0" bw="1" slack="0"/>
</pin_list>
<bind>
<StgValue><ssdm name="void_compute_output_buffer_2d_array_const_ap_shift_reg_n_chan_stream_weig_30"/></StgValue>
</bind>
</comp>

<comp id="62" class="1000" name="p_ZZN4nnet24compute_output_buffer_2dINS_5arrayI8ap_fixedILi16ELi6EL9ap_q_mode5EL9_201">
<pin_list>
<pin id="63" dir="1" index="0" bw="1" slack="0"/>
</pin_list>
<bind>
<StgValue><ssdm name="p_ZZN4nnet24compute_output_buffer_2dINS_5arrayI8ap_fixedILi16ELi6EL9ap_q_mode5EL9_201"/></StgValue>
</bind>
</comp>

<comp id="64" class="1000" name="p_ZZN4nnet24compute_output_buffer_2dINS_5arrayI8ap_fixedILi16ELi6EL9ap_q_mode5EL9_202">
<pin_list>
<pin id="65" dir="1" index="0" bw="1" slack="0"/>
</pin_list>
<bind>
<StgValue><ssdm name="p_ZZN4nnet24compute_output_buffer_2dINS_5arrayI8ap_fixedILi16ELi6EL9ap_q_mode5EL9_202"/></StgValue>
</bind>
</comp>

<comp id="66" class="1000" name="p_ZZN4nnet24compute_output_buffer_2dINS_5arrayI8ap_fixedILi16ELi6EL9ap_q_mode5EL9_211">
<pin_list>
<pin id="67" dir="1" index="0" bw="1" slack="0"/>
</pin_list>
<bind>
<StgValue><ssdm name="p_ZZN4nnet24compute_output_buffer_2dINS_5arrayI8ap_fixedILi16ELi6EL9ap_q_mode5EL9_211"/></StgValue>
</bind>
</comp>

<comp id="68" class="1000" name="p_ZZN4nnet24compute_output_buffer_2dINS_5arrayI8ap_fixedILi16ELi6EL9ap_q_mode5EL9_212">
<pin_list>
<pin id="69" dir="1" index="0" bw="1" slack="0"/>
</pin_list>
<bind>
<StgValue><ssdm name="p_ZZN4nnet24compute_output_buffer_2dINS_5arrayI8ap_fixedILi16ELi6EL9ap_q_mode5EL9_212"/></StgValue>
</bind>
</comp>

<comp id="70" class="1000" name="p_ZZN4nnet24compute_output_buffer_2dINS_5arrayI8ap_fixedILi16ELi6EL9ap_q_mode5EL9_213">
<pin_list>
<pin id="71" dir="1" index="0" bw="1" slack="0"/>
</pin_list>
<bind>
<StgValue><ssdm name="p_ZZN4nnet24compute_output_buffer_2dINS_5arrayI8ap_fixedILi16ELi6EL9ap_q_mode5EL9_213"/></StgValue>
</bind>
</comp>

<comp id="72" class="1000" name="p_ZZN4nnet24compute_output_buffer_2dINS_5arrayI8ap_fixedILi16ELi6EL9ap_q_mode5EL9_214">
<pin_list>
<pin id="73" dir="1" index="0" bw="1" slack="0"/>
</pin_list>
<bind>
<StgValue><ssdm name="p_ZZN4nnet24compute_output_buffer_2dINS_5arrayI8ap_fixedILi16ELi6EL9ap_q_mode5EL9_214"/></StgValue>
</bind>
</comp>

<comp id="74" class="1000" name="p_ZZN4nnet24compute_output_buffer_2dINS_5arrayI8ap_fixedILi16ELi6EL9ap_q_mode5EL9_223">
<pin_list>
<pin id="75" dir="1" index="0" bw="1" slack="0"/>
</pin_list>
<bind>
<StgValue><ssdm name="p_ZZN4nnet24compute_output_buffer_2dINS_5arrayI8ap_fixedILi16ELi6EL9ap_q_mode5EL9_223"/></StgValue>
</bind>
</comp>

<comp id="76" class="1000" name="p_ZZN4nnet24compute_output_buffer_2dINS_5arrayI8ap_fixedILi16ELi6EL9ap_q_mode5EL9_224">
<pin_list>
<pin id="77" dir="1" index="0" bw="1" slack="0"/>
</pin_list>
<bind>
<StgValue><ssdm name="p_ZZN4nnet24compute_output_buffer_2dINS_5arrayI8ap_fixedILi16ELi6EL9ap_q_mode5EL9_224"/></StgValue>
</bind>
</comp>

<comp id="78" class="1000" name="p_ZZN4nnet24compute_output_buffer_2dINS_5arrayI8ap_fixedILi16ELi6EL9ap_q_mode5EL9_225">
<pin_list>
<pin id="79" dir="1" index="0" bw="1" slack="0"/>
</pin_list>
<bind>
<StgValue><ssdm name="p_ZZN4nnet24compute_output_buffer_2dINS_5arrayI8ap_fixedILi16ELi6EL9ap_q_mode5EL9_225"/></StgValue>
</bind>
</comp>

<comp id="80" class="1000" name="p_ZZN4nnet24compute_output_buffer_2dINS_5arrayI8ap_fixedILi16ELi6EL9ap_q_mode5EL9_226">
<pin_list>
<pin id="81" dir="1" index="0" bw="1" slack="0"/>
</pin_list>
<bind>
<StgValue><ssdm name="p_ZZN4nnet24compute_output_buffer_2dINS_5arrayI8ap_fixedILi16ELi6EL9ap_q_mode5EL9_226"/></StgValue>
</bind>
</comp>

<comp id="82" class="1000" name="p_ZZN4nnet25conv_2d_buffer_latency_clINS_5arrayI8ap_fixedILi16ELi6EL9ap_q_mode5EL_55">
<pin_list>
<pin id="83" dir="1" index="0" bw="1" slack="0"/>
</pin_list>
<bind>
<StgValue><ssdm name="p_ZZN4nnet25conv_2d_buffer_latency_clINS_5arrayI8ap_fixedILi16ELi6EL9ap_q_mode5EL_55"/><MemPortTyVec>2 </MemPortTyVec>
</StgValue>
</bind>
</comp>

<comp id="84" class="1000" name="p_ZZN4nnet25conv_2d_buffer_latency_clINS_5arrayI8ap_fixedILi16ELi6EL9ap_q_mode5EL_51">
<pin_list>
<pin id="85" dir="1" index="0" bw="1" slack="0"/>
</pin_list>
<bind>
<StgValue><ssdm name="p_ZZN4nnet25conv_2d_buffer_latency_clINS_5arrayI8ap_fixedILi16ELi6EL9ap_q_mode5EL_51"/><MemPortTyVec>2 </MemPortTyVec>
</StgValue>
</bind>
</comp>

<comp id="86" class="1000" name="p_ZZN4nnet25conv_2d_buffer_latency_clINS_5arrayI8ap_fixedILi16ELi6EL9ap_q_mode5EL_54">
<pin_list>
<pin id="87" dir="1" index="0" bw="1" slack="0"/>
</pin_list>
<bind>
<StgValue><ssdm name="p_ZZN4nnet25conv_2d_buffer_latency_clINS_5arrayI8ap_fixedILi16ELi6EL9ap_q_mode5EL_54"/><MemPortTyVec>2 </MemPortTyVec>
</StgValue>
</bind>
</comp>

<comp id="88" class="1000" name="p_ZZN4nnet25conv_2d_buffer_latency_clINS_5arrayI8ap_fixedILi16ELi6EL9ap_q_mode5EL_50">
<pin_list>
<pin id="89" dir="1" index="0" bw="1" slack="0"/>
</pin_list>
<bind>
<StgValue><ssdm name="p_ZZN4nnet25conv_2d_buffer_latency_clINS_5arrayI8ap_fixedILi16ELi6EL9ap_q_mode5EL_50"/><MemPortTyVec>2 </MemPortTyVec>
</StgValue>
</bind>
</comp>

<comp id="90" class="1000" name="p_ZZN4nnet25conv_2d_buffer_latency_clINS_5arrayI8ap_fixedILi16ELi6EL9ap_q_mode5EL_53">
<pin_list>
<pin id="91" dir="1" index="0" bw="1" slack="0"/>
</pin_list>
<bind>
<StgValue><ssdm name="p_ZZN4nnet25conv_2d_buffer_latency_clINS_5arrayI8ap_fixedILi16ELi6EL9ap_q_mode5EL_53"/><MemPortTyVec>2 </MemPortTyVec>
</StgValue>
</bind>
</comp>

<comp id="92" class="1000" name="p_ZZN4nnet25conv_2d_buffer_latency_clINS_5arrayI8ap_fixedILi16ELi6EL9ap_q_mode5EL_49">
<pin_list>
<pin id="93" dir="1" index="0" bw="1" slack="0"/>
</pin_list>
<bind>
<StgValue><ssdm name="p_ZZN4nnet25conv_2d_buffer_latency_clINS_5arrayI8ap_fixedILi16ELi6EL9ap_q_mode5EL_49"/><MemPortTyVec>2 </MemPortTyVec>
</StgValue>
</bind>
</comp>

<comp id="94" class="1000" name="p_ZZN4nnet25conv_2d_buffer_latency_clINS_5arrayI8ap_fixedILi16ELi6EL9ap_q_mode5EL_52">
<pin_list>
<pin id="95" dir="1" index="0" bw="1" slack="0"/>
</pin_list>
<bind>
<StgValue><ssdm name="p_ZZN4nnet25conv_2d_buffer_latency_clINS_5arrayI8ap_fixedILi16ELi6EL9ap_q_mode5EL_52"/><MemPortTyVec>2 </MemPortTyVec>
</StgValue>
</bind>
</comp>

<comp id="96" class="1000" name="p_ZZN4nnet25conv_2d_buffer_latency_clINS_5arrayI8ap_fixedILi16ELi6EL9ap_q_mode5EL_48">
<pin_list>
<pin id="97" dir="1" index="0" bw="1" slack="0"/>
</pin_list>
<bind>
<StgValue><ssdm name="p_ZZN4nnet25conv_2d_buffer_latency_clINS_5arrayI8ap_fixedILi16ELi6EL9ap_q_mode5EL_48"/><MemPortTyVec>2 </MemPortTyVec>
</StgValue>
</bind>
</comp>

<comp id="98" class="1000" name="sX_3">
<pin_list>
<pin id="99" dir="1" index="0" bw="1" slack="0"/>
</pin_list>
<bind>
<StgValue><ssdm name="sX_3"/></StgValue>
</bind>
</comp>

<comp id="100" class="1000" name="sY_3">
<pin_list>
<pin id="101" dir="1" index="0" bw="1" slack="0"/>
</pin_list>
<bind>
<StgValue><ssdm name="sY_3"/></StgValue>
</bind>
</comp>

<comp id="102" class="1000" name="pY_3">
<pin_list>
<pin id="103" dir="1" index="0" bw="1" slack="0"/>
</pin_list>
<bind>
<StgValue><ssdm name="pY_3"/></StgValue>
</bind>
</comp>

<comp id="104" class="1000" name="pX_3">
<pin_list>
<pin id="105" dir="1" index="0" bw="1" slack="0"/>
</pin_list>
<bind>
<StgValue><ssdm name="pX_3"/></StgValue>
</bind>
</comp>

<comp id="106" class="1001" name="const_106">
<pin_list>
<pin id="107" dir="1" index="0" bw="1" slack="2147483647"/>
</pin_list>
<bind>
<StgValue><ssdm name="_ssdm_op_SpecInterface"/></StgValue>
</bind>
</comp>

<comp id="108" class="1001" name="const_108">
<pin_list>
<pin id="109" dir="1" index="0" bw="1" slack="2147483647"/>
</pin_list>
<bind>
<StgValue><ssdm name="empty_10"/></StgValue>
</bind>
</comp>

<comp id="110" class="1001" name="const_110">
<pin_list>
<pin id="111" dir="1" index="0" bw="1" slack="0"/>
</pin_list>
<bind>
<StgValue><ssdm name=""/></StgValue>
</bind>
</comp>

<comp id="112" class="1001" name="const_112">
<pin_list>
<pin id="113" dir="1" index="0" bw="1" slack="2147483647"/>
</pin_list>
<bind>
<StgValue><ssdm name="empty_11"/></StgValue>
</bind>
</comp>

<comp id="114" class="1001" name="const_114">
<pin_list>
<pin id="115" dir="1" index="0" bw="1" slack="0"/>
</pin_list>
<bind>
<StgValue><ssdm name=""/></StgValue>
</bind>
</comp>

<comp id="116" class="1001" name="const_116">
<pin_list>
<pin id="117" dir="1" index="0" bw="1" slack="0"/>
</pin_list>
<bind>
<StgValue><ssdm name="_ssdm_op_Read.ap_auto.i16"/></StgValue>
</bind>
</comp>

<comp id="118" class="1001" name="const_118">
<pin_list>
<pin id="119" dir="1" index="0" bw="1" slack="0"/>
</pin_list>
<bind>
<StgValue><ssdm name="shift_line_buffer<array<ap_fixed<16, 6, 5, 3, 0>, 4u>, config9>"/></StgValue>
</bind>
</comp>

<comp id="120" class="1001" name="const_120">
<pin_list>
<pin id="121" dir="1" index="0" bw="1" slack="0"/>
</pin_list>
<bind>
<StgValue><ssdm name=""/></StgValue>
</bind>
</comp>

<comp id="122" class="1001" name="const_122">
<pin_list>
<pin id="123" dir="1" index="0" bw="1" slack="0"/>
</pin_list>
<bind>
<StgValue><ssdm name="_ssdm_op_PartSelect.i31.i32.i32.i32"/></StgValue>
</bind>
</comp>

<comp id="124" class="1001" name="const_124">
<pin_list>
<pin id="125" dir="1" index="0" bw="1" slack="0"/>
</pin_list>
<bind>
<StgValue><ssdm name=""/></StgValue>
</bind>
</comp>

<comp id="126" class="1001" name="const_126">
<pin_list>
<pin id="127" dir="1" index="0" bw="1" slack="0"/>
</pin_list>
<bind>
<StgValue><ssdm name=""/></StgValue>
</bind>
</comp>

<comp id="128" class="1001" name="const_128">
<pin_list>
<pin id="129" dir="1" index="0" bw="1" slack="0"/>
</pin_list>
<bind>
<StgValue><ssdm name=""/></StgValue>
</bind>
</comp>

<comp id="130" class="1001" name="const_130">
<pin_list>
<pin id="131" dir="1" index="0" bw="1" slack="0"/>
</pin_list>
<bind>
<StgValue><ssdm name=""/></StgValue>
</bind>
</comp>

<comp id="132" class="1001" name="const_132">
<pin_list>
<pin id="133" dir="1" index="0" bw="1" slack="0"/>
</pin_list>
<bind>
<StgValue><ssdm name="dense_latency<ap_fixed<16, 6, 5, 3, 0>, ap_fixed<16, 6, 5, 3, 0>, config9_mult>"/></StgValue>
</bind>
</comp>

<comp id="134" class="1001" name="const_134">
<pin_list>
<pin id="135" dir="1" index="0" bw="1" slack="0"/>
</pin_list>
<bind>
<StgValue><ssdm name="_ssdm_op_BitConcatenate.i96.i16.i16.i16.i16.i16.i16"/></StgValue>
</bind>
</comp>

<comp id="136" class="1001" name="const_136">
<pin_list>
<pin id="137" dir="1" index="0" bw="1" slack="0"/>
</pin_list>
<bind>
<StgValue><ssdm name="_ssdm_op_Write.ap_fifo.volatile.i96P0A"/></StgValue>
</bind>
</comp>

<comp id="138" class="1004" name="p_read39_read_fu_138">
<pin_list>
<pin id="139" dir="0" index="0" bw="16" slack="0"/>
<pin id="140" dir="0" index="1" bw="16" slack="0"/>
<pin id="141" dir="1" index="2" bw="16" slack="0"/>
</pin_list>
<bind>
<opcode="read(1150) " fcode="read"/>
<opset="p_read39/1 "/>
</bind>
</comp>

<comp id="144" class="1004" name="p_read28_read_fu_144">
<pin_list>
<pin id="145" dir="0" index="0" bw="16" slack="0"/>
<pin id="146" dir="0" index="1" bw="16" slack="0"/>
<pin id="147" dir="1" index="2" bw="16" slack="0"/>
</pin_list>
<bind>
<opcode="read(1150) " fcode="read"/>
<opset="p_read28/1 "/>
</bind>
</comp>

<comp id="150" class="1004" name="p_read17_read_fu_150">
<pin_list>
<pin id="151" dir="0" index="0" bw="16" slack="0"/>
<pin id="152" dir="0" index="1" bw="16" slack="0"/>
<pin id="153" dir="1" index="2" bw="16" slack="0"/>
</pin_list>
<bind>
<opcode="read(1150) " fcode="read"/>
<opset="p_read17/1 "/>
</bind>
</comp>

<comp id="156" class="1004" name="p_read_29_read_fu_156">
<pin_list>
<pin id="157" dir="0" index="0" bw="16" slack="0"/>
<pin id="158" dir="0" index="1" bw="16" slack="0"/>
<pin id="159" dir="1" index="2" bw="16" slack="0"/>
</pin_list>
<bind>
<opcode="read(1150) " fcode="read"/>
<opset="p_read_29/1 "/>
</bind>
</comp>

<comp id="162" class="1004" name="write_ln299_write_fu_162">
<pin_list>
<pin id="163" dir="0" index="0" bw="0" slack="0"/>
<pin id="164" dir="0" index="1" bw="96" slack="0"/>
<pin id="165" dir="0" index="2" bw="96" slack="0"/>
<pin id="166" dir="1" index="3" bw="0" slack="2147483647"/>
</pin_list>
<bind>
<opcode="write(1151) " fcode="write"/>
<opset="write_ln299/5 "/>
</bind>
</comp>

<comp id="169" class="1005" name="storemerge_reg_169">
<pin_list>
<pin id="170" dir="0" index="0" bw="32" slack="1"/>
<pin id="171" dir="1" index="1" bw="32" slack="1"/>
</pin_list>
<bind>
<opset="storemerge (phireg) "/>
</bind>
</comp>

<comp id="173" class="1004" name="storemerge_phi_fu_173">
<pin_list>
<pin id="174" dir="0" index="0" bw="32" slack="0"/>
<pin id="175" dir="0" index="1" bw="0" slack="2147483647"/>
<pin id="176" dir="0" index="2" bw="1" slack="1"/>
<pin id="177" dir="0" index="3" bw="0" slack="2147483647"/>
<pin id="178" dir="1" index="4" bw="32" slack="0"/>
</pin_list>
<bind>
<opcode="phi(47) " fcode="phi"/>
<opset="storemerge/2 "/>
</bind>
</comp>

<comp id="180" class="1004" name="call_ln281_shift_line_buffer_array_ap_fixed_16_6_5_3_0_4u_config9_s_fu_180">
<pin_list>
<pin id="181" dir="0" index="0" bw="0" slack="0"/>
<pin id="182" dir="0" index="1" bw="16" slack="0"/>
<pin id="183" dir="0" index="2" bw="16" slack="0"/>
<pin id="184" dir="0" index="3" bw="16" slack="0"/>
<pin id="185" dir="0" index="4" bw="16" slack="0"/>
<pin id="186" dir="0" index="5" bw="16" slack="0"/>
<pin id="187" dir="0" index="6" bw="16" slack="0"/>
<pin id="188" dir="0" index="7" bw="16" slack="0"/>
<pin id="189" dir="0" index="8" bw="16" slack="0"/>
<pin id="190" dir="0" index="9" bw="16" slack="0"/>
<pin id="191" dir="0" index="10" bw="16" slack="0"/>
<pin id="192" dir="0" index="11" bw="16" slack="0"/>
<pin id="193" dir="0" index="12" bw="16" slack="0"/>
<pin id="194" dir="0" index="13" bw="16" slack="0"/>
<pin id="195" dir="0" index="14" bw="16" slack="0"/>
<pin id="196" dir="0" index="15" bw="16" slack="0"/>
<pin id="197" dir="0" index="16" bw="16" slack="0"/>
<pin id="198" dir="0" index="17" bw="16" slack="0"/>
<pin id="199" dir="0" index="18" bw="16" slack="0"/>
<pin id="200" dir="0" index="19" bw="16" slack="0"/>
<pin id="201" dir="0" index="20" bw="16" slack="0"/>
<pin id="202" dir="0" index="21" bw="16" slack="0"/>
<pin id="203" dir="0" index="22" bw="16" slack="0"/>
<pin id="204" dir="0" index="23" bw="16" slack="0"/>
<pin id="205" dir="0" index="24" bw="16" slack="0"/>
<pin id="206" dir="0" index="25" bw="16" slack="0"/>
<pin id="207" dir="0" index="26" bw="16" slack="0"/>
<pin id="208" dir="0" index="27" bw="16" slack="0"/>
<pin id="209" dir="0" index="28" bw="16" slack="0"/>
<pin id="210" dir="0" index="29" bw="16" slack="0"/>
<pin id="211" dir="0" index="30" bw="16" slack="0"/>
<pin id="212" dir="0" index="31" bw="16" slack="0"/>
<pin id="213" dir="0" index="32" bw="16" slack="0"/>
<pin id="214" dir="0" index="33" bw="16" slack="0"/>
<pin id="215" dir="0" index="34" bw="16" slack="0"/>
<pin id="216" dir="0" index="35" bw="16" slack="0"/>
<pin id="217" dir="0" index="36" bw="16" slack="0"/>
<pin id="218" dir="0" index="37" bw="16" slack="0"/>
<pin id="219" dir="0" index="38" bw="16" slack="0"/>
<pin id="220" dir="0" index="39" bw="16" slack="0"/>
<pin id="221" dir="0" index="40" bw="16" slack="0"/>
<pin id="222" dir="0" index="41" bw="16" slack="0"/>
<pin id="223" dir="0" index="42" bw="16" slack="0"/>
<pin id="224" dir="0" index="43" bw="16" slack="0"/>
<pin id="225" dir="0" index="44" bw="16" slack="0"/>
<pin id="226" dir="0" index="45" bw="16" slack="0"/>
<pin id="227" dir="0" index="46" bw="16" slack="0"/>
<pin id="228" dir="0" index="47" bw="16" slack="0"/>
<pin id="229" dir="0" index="48" bw="16" slack="0"/>
<pin id="230" dir="1" index="49" bw="0" slack="2147483647"/>
</pin_list>
<bind>
<opcode="call(48) " fcode="call"/>
<opset="call_ln281/1 "/>
</bind>
</comp>

<comp id="280" class="1004" name="grp_dense_latency_ap_fixed_16_6_5_3_0_ap_fixed_16_6_5_3_0_config9_mult_s_fu_280">
<pin_list>
<pin id="281" dir="0" index="0" bw="96" slack="0"/>
<pin id="282" dir="0" index="1" bw="16" slack="0"/>
<pin id="283" dir="0" index="2" bw="16" slack="0"/>
<pin id="284" dir="0" index="3" bw="16" slack="0"/>
<pin id="285" dir="0" index="4" bw="16" slack="0"/>
<pin id="286" dir="0" index="5" bw="16" slack="0"/>
<pin id="287" dir="0" index="6" bw="16" slack="0"/>
<pin id="288" dir="0" index="7" bw="16" slack="0"/>
<pin id="289" dir="0" index="8" bw="16" slack="0"/>
<pin id="290" dir="0" index="9" bw="16" slack="0"/>
<pin id="291" dir="0" index="10" bw="16" slack="0"/>
<pin id="292" dir="0" index="11" bw="16" slack="0"/>
<pin id="293" dir="0" index="12" bw="16" slack="0"/>
<pin id="294" dir="0" index="13" bw="16" slack="0"/>
<pin id="295" dir="0" index="14" bw="16" slack="0"/>
<pin id="296" dir="0" index="15" bw="16" slack="0"/>
<pin id="297" dir="0" index="16" bw="16" slack="0"/>
<pin id="298" dir="0" index="17" bw="16" slack="0"/>
<pin id="299" dir="0" index="18" bw="16" slack="0"/>
<pin id="300" dir="0" index="19" bw="16" slack="0"/>
<pin id="301" dir="0" index="20" bw="16" slack="0"/>
<pin id="302" dir="0" index="21" bw="16" slack="0"/>
<pin id="303" dir="0" index="22" bw="16" slack="0"/>
<pin id="304" dir="0" index="23" bw="16" slack="0"/>
<pin id="305" dir="0" index="24" bw="16" slack="0"/>
<pin id="306" dir="0" index="25" bw="16" slack="0"/>
<pin id="307" dir="0" index="26" bw="16" slack="0"/>
<pin id="308" dir="0" index="27" bw="16" slack="0"/>
<pin id="309" dir="0" index="28" bw="16" slack="0"/>
<pin id="310" dir="0" index="29" bw="16" slack="0"/>
<pin id="311" dir="0" index="30" bw="16" slack="0"/>
<pin id="312" dir="0" index="31" bw="16" slack="0"/>
<pin id="313" dir="0" index="32" bw="16" slack="0"/>
<pin id="314" dir="0" index="33" bw="16" slack="0"/>
<pin id="315" dir="0" index="34" bw="16" slack="0"/>
<pin id="316" dir="0" index="35" bw="16" slack="0"/>
<pin id="317" dir="0" index="36" bw="16" slack="0"/>
<pin id="318" dir="1" index="37" bw="96" slack="0"/>
</pin_list>
<bind>
<opcode="call(48) " fcode="call"/>
<opset="tmp/2 "/>
</bind>
</comp>

<comp id="356" class="1004" name="sX_3_load_load_fu_356">
<pin_list>
<pin id="357" dir="0" index="0" bw="32" slack="0"/>
<pin id="358" dir="1" index="1" bw="32" slack="0"/>
</pin_list>
<bind>
<opcode="load(27) " fcode="load"/>
<opset="sX_3_load/1 "/>
</bind>
</comp>

<comp id="360" class="1004" name="icmp_ln284_fu_360">
<pin_list>
<pin id="361" dir="0" index="0" bw="32" slack="0"/>
<pin id="362" dir="0" index="1" bw="3" slack="0"/>
<pin id="363" dir="1" index="2" bw="1" slack="0"/>
</pin_list>
<bind>
<opcode="icmp(45) " fcode="icmp"/>
<opset="icmp_ln284/1 "/>
</bind>
</comp>

<comp id="366" class="1004" name="sY_3_load_load_fu_366">
<pin_list>
<pin id="367" dir="0" index="0" bw="32" slack="0"/>
<pin id="368" dir="1" index="1" bw="32" slack="0"/>
</pin_list>
<bind>
<opcode="load(27) " fcode="load"/>
<opset="sY_3_load/1 "/>
</bind>
</comp>

<comp id="370" class="1004" name="pY_3_load_load_fu_370">
<pin_list>
<pin id="371" dir="0" index="0" bw="32" slack="0"/>
<pin id="372" dir="1" index="1" bw="32" slack="0"/>
</pin_list>
<bind>
<opcode="load(27) " fcode="load"/>
<opset="pY_3_load/1 "/>
</bind>
</comp>

<comp id="374" class="1004" name="pX_3_load_load_fu_374">
<pin_list>
<pin id="375" dir="0" index="0" bw="32" slack="0"/>
<pin id="376" dir="1" index="1" bw="32" slack="0"/>
</pin_list>
<bind>
<opcode="load(27) " fcode="load"/>
<opset="pX_3_load/1 "/>
</bind>
</comp>

<comp id="378" class="1004" name="icmp_ln284_7_fu_378">
<pin_list>
<pin id="379" dir="0" index="0" bw="32" slack="0"/>
<pin id="380" dir="0" index="1" bw="3" slack="0"/>
<pin id="381" dir="1" index="2" bw="1" slack="0"/>
</pin_list>
<bind>
<opcode="icmp(45) " fcode="icmp"/>
<opset="icmp_ln284_7/1 "/>
</bind>
</comp>

<comp id="384" class="1004" name="tmp_862_fu_384">
<pin_list>
<pin id="385" dir="0" index="0" bw="31" slack="0"/>
<pin id="386" dir="0" index="1" bw="32" slack="0"/>
<pin id="387" dir="0" index="2" bw="1" slack="0"/>
<pin id="388" dir="0" index="3" bw="6" slack="0"/>
<pin id="389" dir="1" index="4" bw="31" slack="0"/>
</pin_list>
<bind>
<opcode="partselect(1002) " fcode="partselect"/>
<opset="tmp_862/1 "/>
</bind>
</comp>

<comp id="394" class="1004" name="icmp_ln284_8_fu_394">
<pin_list>
<pin id="395" dir="0" index="0" bw="31" slack="0"/>
<pin id="396" dir="0" index="1" bw="1" slack="0"/>
<pin id="397" dir="1" index="2" bw="1" slack="0"/>
</pin_list>
<bind>
<opcode="icmp(45) " fcode="icmp"/>
<opset="icmp_ln284_8/1 "/>
</bind>
</comp>

<comp id="400" class="1004" name="tmp_863_fu_400">
<pin_list>
<pin id="401" dir="0" index="0" bw="31" slack="0"/>
<pin id="402" dir="0" index="1" bw="32" slack="0"/>
<pin id="403" dir="0" index="2" bw="1" slack="0"/>
<pin id="404" dir="0" index="3" bw="6" slack="0"/>
<pin id="405" dir="1" index="4" bw="31" slack="0"/>
</pin_list>
<bind>
<opcode="partselect(1002) " fcode="partselect"/>
<opset="tmp_863/1 "/>
</bind>
</comp>

<comp id="410" class="1004" name="icmp_ln284_9_fu_410">
<pin_list>
<pin id="411" dir="0" index="0" bw="31" slack="0"/>
<pin id="412" dir="0" index="1" bw="1" slack="0"/>
<pin id="413" dir="1" index="2" bw="1" slack="0"/>
</pin_list>
<bind>
<opcode="icmp(45) " fcode="icmp"/>
<opset="icmp_ln284_9/1 "/>
</bind>
</comp>

<comp id="416" class="1004" name="and_ln284_fu_416">
<pin_list>
<pin id="417" dir="0" index="0" bw="1" slack="0"/>
<pin id="418" dir="0" index="1" bw="1" slack="0"/>
<pin id="419" dir="1" index="2" bw="1" slack="0"/>
</pin_list>
<bind>
<opcode="and(23) " fcode="and"/>
<opset="and_ln284/1 "/>
</bind>
</comp>

<comp id="422" class="1004" name="and_ln284_3_fu_422">
<pin_list>
<pin id="423" dir="0" index="0" bw="1" slack="0"/>
<pin id="424" dir="0" index="1" bw="1" slack="0"/>
<pin id="425" dir="1" index="2" bw="1" slack="1"/>
</pin_list>
<bind>
<opcode="and(23) " fcode="and"/>
<opset="and_ln284_3/1 "/>
</bind>
</comp>

<comp id="428" class="1004" name="add_ln303_fu_428">
<pin_list>
<pin id="429" dir="0" index="0" bw="32" slack="0"/>
<pin id="430" dir="0" index="1" bw="1" slack="0"/>
<pin id="431" dir="1" index="2" bw="32" slack="0"/>
</pin_list>
<bind>
<opcode="add(8) " fcode="add"/>
<opset="add_ln303/1 "/>
</bind>
</comp>

<comp id="434" class="1004" name="icmp_ln303_fu_434">
<pin_list>
<pin id="435" dir="0" index="0" bw="32" slack="0"/>
<pin id="436" dir="0" index="1" bw="9" slack="0"/>
<pin id="437" dir="1" index="2" bw="1" slack="1"/>
</pin_list>
<bind>
<opcode="icmp(45) " fcode="icmp"/>
<opset="icmp_ln303/1 "/>
</bind>
</comp>

<comp id="440" class="1004" name="store_ln316_store_fu_440">
<pin_list>
<pin id="441" dir="0" index="0" bw="32" slack="0"/>
<pin id="442" dir="0" index="1" bw="32" slack="0"/>
<pin id="443" dir="1" index="2" bw="0" slack="2147483647"/>
</pin_list>
<bind>
<opcode="store(28) " fcode="store"/>
<opset="store_ln316/1 "/>
</bind>
</comp>

<comp id="446" class="1004" name="select_ln318_fu_446">
<pin_list>
<pin id="447" dir="0" index="0" bw="1" slack="0"/>
<pin id="448" dir="0" index="1" bw="1" slack="0"/>
<pin id="449" dir="0" index="2" bw="1" slack="0"/>
<pin id="450" dir="1" index="3" bw="32" slack="0"/>
</pin_list>
<bind>
<opcode="select(49) " fcode="select"/>
<opset="select_ln318/1 "/>
</bind>
</comp>

<comp id="454" class="1004" name="add_ln318_fu_454">
<pin_list>
<pin id="455" dir="0" index="0" bw="32" slack="0"/>
<pin id="456" dir="0" index="1" bw="32" slack="0"/>
<pin id="457" dir="1" index="2" bw="32" slack="0"/>
</pin_list>
<bind>
<opcode="add(8) " fcode="add"/>
<opset="add_ln318/1 "/>
</bind>
</comp>

<comp id="460" class="1004" name="store_ln318_store_fu_460">
<pin_list>
<pin id="461" dir="0" index="0" bw="32" slack="0"/>
<pin id="462" dir="0" index="1" bw="32" slack="0"/>
<pin id="463" dir="1" index="2" bw="0" slack="2147483647"/>
</pin_list>
<bind>
<opcode="store(28) " fcode="store"/>
<opset="store_ln318/1 "/>
</bind>
</comp>

<comp id="466" class="1004" name="store_ln305_store_fu_466">
<pin_list>
<pin id="467" dir="0" index="0" bw="1" slack="0"/>
<pin id="468" dir="0" index="1" bw="32" slack="0"/>
<pin id="469" dir="1" index="2" bw="0" slack="2147483647"/>
</pin_list>
<bind>
<opcode="store(28) " fcode="store"/>
<opset="store_ln305/1 "/>
</bind>
</comp>

<comp id="472" class="1004" name="store_ln306_store_fu_472">
<pin_list>
<pin id="473" dir="0" index="0" bw="1" slack="0"/>
<pin id="474" dir="0" index="1" bw="32" slack="0"/>
<pin id="475" dir="1" index="2" bw="0" slack="2147483647"/>
</pin_list>
<bind>
<opcode="store(28) " fcode="store"/>
<opset="store_ln306/1 "/>
</bind>
</comp>

<comp id="478" class="1004" name="add_ln307_fu_478">
<pin_list>
<pin id="479" dir="0" index="0" bw="32" slack="0"/>
<pin id="480" dir="0" index="1" bw="1" slack="0"/>
<pin id="481" dir="1" index="2" bw="32" slack="0"/>
</pin_list>
<bind>
<opcode="add(8) " fcode="add"/>
<opset="add_ln307/1 "/>
</bind>
</comp>

<comp id="484" class="1004" name="icmp_ln307_fu_484">
<pin_list>
<pin id="485" dir="0" index="0" bw="32" slack="0"/>
<pin id="486" dir="0" index="1" bw="9" slack="0"/>
<pin id="487" dir="1" index="2" bw="1" slack="1"/>
</pin_list>
<bind>
<opcode="icmp(45) " fcode="icmp"/>
<opset="icmp_ln307/1 "/>
</bind>
</comp>

<comp id="490" class="1004" name="store_ln311_store_fu_490">
<pin_list>
<pin id="491" dir="0" index="0" bw="32" slack="0"/>
<pin id="492" dir="0" index="1" bw="32" slack="0"/>
<pin id="493" dir="1" index="2" bw="0" slack="2147483647"/>
</pin_list>
<bind>
<opcode="store(28) " fcode="store"/>
<opset="store_ln311/1 "/>
</bind>
</comp>

<comp id="496" class="1004" name="store_ln308_store_fu_496">
<pin_list>
<pin id="497" dir="0" index="0" bw="1" slack="0"/>
<pin id="498" dir="0" index="1" bw="32" slack="0"/>
<pin id="499" dir="1" index="2" bw="0" slack="2147483647"/>
</pin_list>
<bind>
<opcode="store(28) " fcode="store"/>
<opset="store_ln308/1 "/>
</bind>
</comp>

<comp id="502" class="1004" name="icmp_ln313_fu_502">
<pin_list>
<pin id="503" dir="0" index="0" bw="32" slack="1"/>
<pin id="504" dir="0" index="1" bw="3" slack="0"/>
<pin id="505" dir="1" index="2" bw="1" slack="0"/>
</pin_list>
<bind>
<opcode="icmp(45) " fcode="icmp"/>
<opset="icmp_ln313/2 "/>
</bind>
</comp>

<comp id="507" class="1004" name="select_ln313_fu_507">
<pin_list>
<pin id="508" dir="0" index="0" bw="1" slack="0"/>
<pin id="509" dir="0" index="1" bw="1" slack="0"/>
<pin id="510" dir="0" index="2" bw="1" slack="0"/>
<pin id="511" dir="1" index="3" bw="32" slack="0"/>
</pin_list>
<bind>
<opcode="select(49) " fcode="select"/>
<opset="select_ln313/2 "/>
</bind>
</comp>

<comp id="515" class="1004" name="add_ln313_fu_515">
<pin_list>
<pin id="516" dir="0" index="0" bw="32" slack="1"/>
<pin id="517" dir="0" index="1" bw="32" slack="0"/>
<pin id="518" dir="1" index="2" bw="32" slack="0"/>
</pin_list>
<bind>
<opcode="add(8) " fcode="add"/>
<opset="add_ln313/2 "/>
</bind>
</comp>

<comp id="521" class="1004" name="store_ln313_store_fu_521">
<pin_list>
<pin id="522" dir="0" index="0" bw="32" slack="0"/>
<pin id="523" dir="0" index="1" bw="32" slack="0"/>
<pin id="524" dir="1" index="2" bw="0" slack="2147483647"/>
</pin_list>
<bind>
<opcode="store(28) " fcode="store"/>
<opset="store_ln313/2 "/>
</bind>
</comp>

<comp id="527" class="1004" name="res_out_fu_527">
<pin_list>
<pin id="528" dir="0" index="0" bw="96" slack="0"/>
<pin id="529" dir="1" index="1" bw="16" slack="1"/>
</pin_list>
<bind>
<opcode="extractvalue(56) " fcode="extractvalue"/>
<opset="res_out/4 "/>
</bind>
</comp>

<comp id="531" class="1004" name="res_out_20_fu_531">
<pin_list>
<pin id="532" dir="0" index="0" bw="96" slack="0"/>
<pin id="533" dir="1" index="1" bw="16" slack="1"/>
</pin_list>
<bind>
<opcode="extractvalue(56) " fcode="extractvalue"/>
<opset="res_out_20/4 "/>
</bind>
</comp>

<comp id="535" class="1004" name="res_out_21_fu_535">
<pin_list>
<pin id="536" dir="0" index="0" bw="96" slack="0"/>
<pin id="537" dir="1" index="1" bw="16" slack="1"/>
</pin_list>
<bind>
<opcode="extractvalue(56) " fcode="extractvalue"/>
<opset="res_out_21/4 "/>
</bind>
</comp>

<comp id="539" class="1004" name="res_out_22_fu_539">
<pin_list>
<pin id="540" dir="0" index="0" bw="96" slack="0"/>
<pin id="541" dir="1" index="1" bw="16" slack="1"/>
</pin_list>
<bind>
<opcode="extractvalue(56) " fcode="extractvalue"/>
<opset="res_out_22/4 "/>
</bind>
</comp>

<comp id="543" class="1004" name="res_out_4_fu_543">
<pin_list>
<pin id="544" dir="0" index="0" bw="96" slack="0"/>
<pin id="545" dir="1" index="1" bw="16" slack="1"/>
</pin_list>
<bind>
<opcode="extractvalue(56) " fcode="extractvalue"/>
<opset="res_out_4/4 "/>
</bind>
</comp>

<comp id="547" class="1004" name="res_out_5_fu_547">
<pin_list>
<pin id="548" dir="0" index="0" bw="96" slack="0"/>
<pin id="549" dir="1" index="1" bw="16" slack="1"/>
</pin_list>
<bind>
<opcode="extractvalue(56) " fcode="extractvalue"/>
<opset="res_out_5/4 "/>
</bind>
</comp>

<comp id="551" class="1004" name="p_0_fu_551">
<pin_list>
<pin id="552" dir="0" index="0" bw="96" slack="0"/>
<pin id="553" dir="0" index="1" bw="16" slack="1"/>
<pin id="554" dir="0" index="2" bw="16" slack="1"/>
<pin id="555" dir="0" index="3" bw="16" slack="1"/>
<pin id="556" dir="0" index="4" bw="16" slack="1"/>
<pin id="557" dir="0" index="5" bw="16" slack="1"/>
<pin id="558" dir="0" index="6" bw="16" slack="1"/>
<pin id="559" dir="1" index="7" bw="96" slack="0"/>
</pin_list>
<bind>
<opcode="bitconcatenate(1004) " fcode="bitconcatenate"/>
<opset="p_0/5 "/>
</bind>
</comp>

<comp id="562" class="1005" name="icmp_ln284_reg_562">
<pin_list>
<pin id="563" dir="0" index="0" bw="1" slack="1"/>
<pin id="564" dir="1" index="1" bw="1" slack="2147483647"/>
</pin_list>
<bind>
<opset="icmp_ln284 "/>
</bind>
</comp>

<comp id="566" class="1005" name="sY_3_load_reg_566">
<pin_list>
<pin id="567" dir="0" index="0" bw="32" slack="1"/>
<pin id="568" dir="1" index="1" bw="32" slack="1"/>
</pin_list>
<bind>
<opset="sY_3_load "/>
</bind>
</comp>

<comp id="572" class="1005" name="and_ln284_3_reg_572">
<pin_list>
<pin id="573" dir="0" index="0" bw="1" slack="1"/>
<pin id="574" dir="1" index="1" bw="1" slack="2147483647"/>
</pin_list>
<bind>
<opset="and_ln284_3 "/>
</bind>
</comp>

<comp id="576" class="1005" name="icmp_ln303_reg_576">
<pin_list>
<pin id="577" dir="0" index="0" bw="1" slack="1"/>
<pin id="578" dir="1" index="1" bw="1" slack="2147483647"/>
</pin_list>
<bind>
<opset="icmp_ln303 "/>
</bind>
</comp>

<comp id="580" class="1005" name="icmp_ln307_reg_580">
<pin_list>
<pin id="581" dir="0" index="0" bw="1" slack="1"/>
<pin id="582" dir="1" index="1" bw="1" slack="2147483647"/>
</pin_list>
<bind>
<opset="icmp_ln307 "/>
</bind>
</comp>

<comp id="584" class="1005" name="res_out_reg_584">
<pin_list>
<pin id="585" dir="0" index="0" bw="16" slack="1"/>
<pin id="586" dir="1" index="1" bw="16" slack="1"/>
</pin_list>
<bind>
<opset="res_out "/>
</bind>
</comp>

<comp id="589" class="1005" name="res_out_20_reg_589">
<pin_list>
<pin id="590" dir="0" index="0" bw="16" slack="1"/>
<pin id="591" dir="1" index="1" bw="16" slack="1"/>
</pin_list>
<bind>
<opset="res_out_20 "/>
</bind>
</comp>

<comp id="594" class="1005" name="res_out_21_reg_594">
<pin_list>
<pin id="595" dir="0" index="0" bw="16" slack="1"/>
<pin id="596" dir="1" index="1" bw="16" slack="1"/>
</pin_list>
<bind>
<opset="res_out_21 "/>
</bind>
</comp>

<comp id="599" class="1005" name="res_out_22_reg_599">
<pin_list>
<pin id="600" dir="0" index="0" bw="16" slack="1"/>
<pin id="601" dir="1" index="1" bw="16" slack="1"/>
</pin_list>
<bind>
<opset="res_out_22 "/>
</bind>
</comp>

<comp id="604" class="1005" name="res_out_4_reg_604">
<pin_list>
<pin id="605" dir="0" index="0" bw="16" slack="1"/>
<pin id="606" dir="1" index="1" bw="16" slack="1"/>
</pin_list>
<bind>
<opset="res_out_4 "/>
</bind>
</comp>

<comp id="609" class="1005" name="res_out_5_reg_609">
<pin_list>
<pin id="610" dir="0" index="0" bw="16" slack="1"/>
<pin id="611" dir="1" index="1" bw="16" slack="1"/>
</pin_list>
<bind>
<opset="res_out_5 "/>
</bind>
</comp>

</comp_list>

<net_list>
<net id="142"><net_src comp="116" pin="0"/><net_sink comp="138" pin=0"/></net>

<net id="143"><net_src comp="6" pin="0"/><net_sink comp="138" pin=1"/></net>

<net id="148"><net_src comp="116" pin="0"/><net_sink comp="144" pin=0"/></net>

<net id="149"><net_src comp="4" pin="0"/><net_sink comp="144" pin=1"/></net>

<net id="154"><net_src comp="116" pin="0"/><net_sink comp="150" pin=0"/></net>

<net id="155"><net_src comp="2" pin="0"/><net_sink comp="150" pin=1"/></net>

<net id="160"><net_src comp="116" pin="0"/><net_sink comp="156" pin=0"/></net>

<net id="161"><net_src comp="0" pin="0"/><net_sink comp="156" pin=1"/></net>

<net id="167"><net_src comp="136" pin="0"/><net_sink comp="162" pin=0"/></net>

<net id="168"><net_src comp="8" pin="0"/><net_sink comp="162" pin=1"/></net>

<net id="172"><net_src comp="110" pin="0"/><net_sink comp="169" pin=0"/></net>

<net id="179"><net_src comp="169" pin="1"/><net_sink comp="173" pin=2"/></net>

<net id="231"><net_src comp="118" pin="0"/><net_sink comp="180" pin=0"/></net>

<net id="232"><net_src comp="156" pin="2"/><net_sink comp="180" pin=1"/></net>

<net id="233"><net_src comp="150" pin="2"/><net_sink comp="180" pin=2"/></net>

<net id="234"><net_src comp="144" pin="2"/><net_sink comp="180" pin=3"/></net>

<net id="235"><net_src comp="138" pin="2"/><net_sink comp="180" pin=4"/></net>

<net id="236"><net_src comp="10" pin="0"/><net_sink comp="180" pin=5"/></net>

<net id="237"><net_src comp="12" pin="0"/><net_sink comp="180" pin=6"/></net>

<net id="238"><net_src comp="14" pin="0"/><net_sink comp="180" pin=7"/></net>

<net id="239"><net_src comp="16" pin="0"/><net_sink comp="180" pin=8"/></net>

<net id="240"><net_src comp="18" pin="0"/><net_sink comp="180" pin=9"/></net>

<net id="241"><net_src comp="20" pin="0"/><net_sink comp="180" pin=10"/></net>

<net id="242"><net_src comp="22" pin="0"/><net_sink comp="180" pin=11"/></net>

<net id="243"><net_src comp="24" pin="0"/><net_sink comp="180" pin=12"/></net>

<net id="244"><net_src comp="26" pin="0"/><net_sink comp="180" pin=13"/></net>

<net id="245"><net_src comp="28" pin="0"/><net_sink comp="180" pin=14"/></net>

<net id="246"><net_src comp="30" pin="0"/><net_sink comp="180" pin=15"/></net>

<net id="247"><net_src comp="32" pin="0"/><net_sink comp="180" pin=16"/></net>

<net id="248"><net_src comp="34" pin="0"/><net_sink comp="180" pin=17"/></net>

<net id="249"><net_src comp="36" pin="0"/><net_sink comp="180" pin=18"/></net>

<net id="250"><net_src comp="38" pin="0"/><net_sink comp="180" pin=19"/></net>

<net id="251"><net_src comp="40" pin="0"/><net_sink comp="180" pin=20"/></net>

<net id="252"><net_src comp="42" pin="0"/><net_sink comp="180" pin=21"/></net>

<net id="253"><net_src comp="44" pin="0"/><net_sink comp="180" pin=22"/></net>

<net id="254"><net_src comp="46" pin="0"/><net_sink comp="180" pin=23"/></net>

<net id="255"><net_src comp="48" pin="0"/><net_sink comp="180" pin=24"/></net>

<net id="256"><net_src comp="50" pin="0"/><net_sink comp="180" pin=25"/></net>

<net id="257"><net_src comp="52" pin="0"/><net_sink comp="180" pin=26"/></net>

<net id="258"><net_src comp="54" pin="0"/><net_sink comp="180" pin=27"/></net>

<net id="259"><net_src comp="56" pin="0"/><net_sink comp="180" pin=28"/></net>

<net id="260"><net_src comp="58" pin="0"/><net_sink comp="180" pin=29"/></net>

<net id="261"><net_src comp="60" pin="0"/><net_sink comp="180" pin=30"/></net>

<net id="262"><net_src comp="62" pin="0"/><net_sink comp="180" pin=31"/></net>

<net id="263"><net_src comp="64" pin="0"/><net_sink comp="180" pin=32"/></net>

<net id="264"><net_src comp="66" pin="0"/><net_sink comp="180" pin=33"/></net>

<net id="265"><net_src comp="68" pin="0"/><net_sink comp="180" pin=34"/></net>

<net id="266"><net_src comp="70" pin="0"/><net_sink comp="180" pin=35"/></net>

<net id="267"><net_src comp="72" pin="0"/><net_sink comp="180" pin=36"/></net>

<net id="268"><net_src comp="74" pin="0"/><net_sink comp="180" pin=37"/></net>

<net id="269"><net_src comp="76" pin="0"/><net_sink comp="180" pin=38"/></net>

<net id="270"><net_src comp="78" pin="0"/><net_sink comp="180" pin=39"/></net>

<net id="271"><net_src comp="80" pin="0"/><net_sink comp="180" pin=40"/></net>

<net id="272"><net_src comp="82" pin="0"/><net_sink comp="180" pin=41"/></net>

<net id="273"><net_src comp="84" pin="0"/><net_sink comp="180" pin=42"/></net>

<net id="274"><net_src comp="86" pin="0"/><net_sink comp="180" pin=43"/></net>

<net id="275"><net_src comp="88" pin="0"/><net_sink comp="180" pin=44"/></net>

<net id="276"><net_src comp="90" pin="0"/><net_sink comp="180" pin=45"/></net>

<net id="277"><net_src comp="92" pin="0"/><net_sink comp="180" pin=46"/></net>

<net id="278"><net_src comp="94" pin="0"/><net_sink comp="180" pin=47"/></net>

<net id="279"><net_src comp="96" pin="0"/><net_sink comp="180" pin=48"/></net>

<net id="319"><net_src comp="132" pin="0"/><net_sink comp="280" pin=0"/></net>

<net id="320"><net_src comp="12" pin="0"/><net_sink comp="280" pin=1"/></net>

<net id="321"><net_src comp="16" pin="0"/><net_sink comp="280" pin=2"/></net>

<net id="322"><net_src comp="20" pin="0"/><net_sink comp="280" pin=3"/></net>

<net id="323"><net_src comp="24" pin="0"/><net_sink comp="280" pin=4"/></net>

<net id="324"><net_src comp="10" pin="0"/><net_sink comp="280" pin=5"/></net>

<net id="325"><net_src comp="14" pin="0"/><net_sink comp="280" pin=6"/></net>

<net id="326"><net_src comp="18" pin="0"/><net_sink comp="280" pin=7"/></net>

<net id="327"><net_src comp="22" pin="0"/><net_sink comp="280" pin=8"/></net>

<net id="328"><net_src comp="58" pin="0"/><net_sink comp="280" pin=9"/></net>

<net id="329"><net_src comp="60" pin="0"/><net_sink comp="280" pin=10"/></net>

<net id="330"><net_src comp="62" pin="0"/><net_sink comp="280" pin=11"/></net>

<net id="331"><net_src comp="64" pin="0"/><net_sink comp="280" pin=12"/></net>

<net id="332"><net_src comp="28" pin="0"/><net_sink comp="280" pin=13"/></net>

<net id="333"><net_src comp="32" pin="0"/><net_sink comp="280" pin=14"/></net>

<net id="334"><net_src comp="36" pin="0"/><net_sink comp="280" pin=15"/></net>

<net id="335"><net_src comp="40" pin="0"/><net_sink comp="280" pin=16"/></net>

<net id="336"><net_src comp="26" pin="0"/><net_sink comp="280" pin=17"/></net>

<net id="337"><net_src comp="30" pin="0"/><net_sink comp="280" pin=18"/></net>

<net id="338"><net_src comp="34" pin="0"/><net_sink comp="280" pin=19"/></net>

<net id="339"><net_src comp="38" pin="0"/><net_sink comp="280" pin=20"/></net>

<net id="340"><net_src comp="66" pin="0"/><net_sink comp="280" pin=21"/></net>

<net id="341"><net_src comp="68" pin="0"/><net_sink comp="280" pin=22"/></net>

<net id="342"><net_src comp="70" pin="0"/><net_sink comp="280" pin=23"/></net>

<net id="343"><net_src comp="72" pin="0"/><net_sink comp="280" pin=24"/></net>

<net id="344"><net_src comp="44" pin="0"/><net_sink comp="280" pin=25"/></net>

<net id="345"><net_src comp="48" pin="0"/><net_sink comp="280" pin=26"/></net>

<net id="346"><net_src comp="52" pin="0"/><net_sink comp="280" pin=27"/></net>

<net id="347"><net_src comp="56" pin="0"/><net_sink comp="280" pin=28"/></net>

<net id="348"><net_src comp="42" pin="0"/><net_sink comp="280" pin=29"/></net>

<net id="349"><net_src comp="46" pin="0"/><net_sink comp="280" pin=30"/></net>

<net id="350"><net_src comp="50" pin="0"/><net_sink comp="280" pin=31"/></net>

<net id="351"><net_src comp="54" pin="0"/><net_sink comp="280" pin=32"/></net>

<net id="352"><net_src comp="74" pin="0"/><net_sink comp="280" pin=33"/></net>

<net id="353"><net_src comp="76" pin="0"/><net_sink comp="280" pin=34"/></net>

<net id="354"><net_src comp="78" pin="0"/><net_sink comp="280" pin=35"/></net>

<net id="355"><net_src comp="80" pin="0"/><net_sink comp="280" pin=36"/></net>

<net id="359"><net_src comp="98" pin="0"/><net_sink comp="356" pin=0"/></net>

<net id="364"><net_src comp="356" pin="1"/><net_sink comp="360" pin=0"/></net>

<net id="365"><net_src comp="120" pin="0"/><net_sink comp="360" pin=1"/></net>

<net id="369"><net_src comp="100" pin="0"/><net_sink comp="366" pin=0"/></net>

<net id="373"><net_src comp="102" pin="0"/><net_sink comp="370" pin=0"/></net>

<net id="377"><net_src comp="104" pin="0"/><net_sink comp="374" pin=0"/></net>

<net id="382"><net_src comp="366" pin="1"/><net_sink comp="378" pin=0"/></net>

<net id="383"><net_src comp="120" pin="0"/><net_sink comp="378" pin=1"/></net>

<net id="390"><net_src comp="122" pin="0"/><net_sink comp="384" pin=0"/></net>

<net id="391"><net_src comp="370" pin="1"/><net_sink comp="384" pin=1"/></net>

<net id="392"><net_src comp="124" pin="0"/><net_sink comp="384" pin=2"/></net>

<net id="393"><net_src comp="126" pin="0"/><net_sink comp="384" pin=3"/></net>

<net id="398"><net_src comp="384" pin="4"/><net_sink comp="394" pin=0"/></net>

<net id="399"><net_src comp="128" pin="0"/><net_sink comp="394" pin=1"/></net>

<net id="406"><net_src comp="122" pin="0"/><net_sink comp="400" pin=0"/></net>

<net id="407"><net_src comp="374" pin="1"/><net_sink comp="400" pin=1"/></net>

<net id="408"><net_src comp="124" pin="0"/><net_sink comp="400" pin=2"/></net>

<net id="409"><net_src comp="126" pin="0"/><net_sink comp="400" pin=3"/></net>

<net id="414"><net_src comp="400" pin="4"/><net_sink comp="410" pin=0"/></net>

<net id="415"><net_src comp="128" pin="0"/><net_sink comp="410" pin=1"/></net>

<net id="420"><net_src comp="394" pin="2"/><net_sink comp="416" pin=0"/></net>

<net id="421"><net_src comp="410" pin="2"/><net_sink comp="416" pin=1"/></net>

<net id="426"><net_src comp="416" pin="2"/><net_sink comp="422" pin=0"/></net>

<net id="427"><net_src comp="378" pin="2"/><net_sink comp="422" pin=1"/></net>

<net id="432"><net_src comp="374" pin="1"/><net_sink comp="428" pin=0"/></net>

<net id="433"><net_src comp="124" pin="0"/><net_sink comp="428" pin=1"/></net>

<net id="438"><net_src comp="428" pin="2"/><net_sink comp="434" pin=0"/></net>

<net id="439"><net_src comp="130" pin="0"/><net_sink comp="434" pin=1"/></net>

<net id="444"><net_src comp="428" pin="2"/><net_sink comp="440" pin=0"/></net>

<net id="445"><net_src comp="104" pin="0"/><net_sink comp="440" pin=1"/></net>

<net id="451"><net_src comp="360" pin="2"/><net_sink comp="446" pin=0"/></net>

<net id="452"><net_src comp="114" pin="0"/><net_sink comp="446" pin=1"/></net>

<net id="453"><net_src comp="124" pin="0"/><net_sink comp="446" pin=2"/></net>

<net id="458"><net_src comp="356" pin="1"/><net_sink comp="454" pin=0"/></net>

<net id="459"><net_src comp="446" pin="3"/><net_sink comp="454" pin=1"/></net>

<net id="464"><net_src comp="454" pin="2"/><net_sink comp="460" pin=0"/></net>

<net id="465"><net_src comp="98" pin="0"/><net_sink comp="460" pin=1"/></net>

<net id="470"><net_src comp="110" pin="0"/><net_sink comp="466" pin=0"/></net>

<net id="471"><net_src comp="104" pin="0"/><net_sink comp="466" pin=1"/></net>

<net id="476"><net_src comp="110" pin="0"/><net_sink comp="472" pin=0"/></net>

<net id="477"><net_src comp="98" pin="0"/><net_sink comp="472" pin=1"/></net>

<net id="482"><net_src comp="370" pin="1"/><net_sink comp="478" pin=0"/></net>

<net id="483"><net_src comp="124" pin="0"/><net_sink comp="478" pin=1"/></net>

<net id="488"><net_src comp="478" pin="2"/><net_sink comp="484" pin=0"/></net>

<net id="489"><net_src comp="130" pin="0"/><net_sink comp="484" pin=1"/></net>

<net id="494"><net_src comp="478" pin="2"/><net_sink comp="490" pin=0"/></net>

<net id="495"><net_src comp="102" pin="0"/><net_sink comp="490" pin=1"/></net>

<net id="500"><net_src comp="110" pin="0"/><net_sink comp="496" pin=0"/></net>

<net id="501"><net_src comp="102" pin="0"/><net_sink comp="496" pin=1"/></net>

<net id="506"><net_src comp="120" pin="0"/><net_sink comp="502" pin=1"/></net>

<net id="512"><net_src comp="502" pin="2"/><net_sink comp="507" pin=0"/></net>

<net id="513"><net_src comp="114" pin="0"/><net_sink comp="507" pin=1"/></net>

<net id="514"><net_src comp="124" pin="0"/><net_sink comp="507" pin=2"/></net>

<net id="519"><net_src comp="507" pin="3"/><net_sink comp="515" pin=1"/></net>

<net id="520"><net_src comp="515" pin="2"/><net_sink comp="173" pin=0"/></net>

<net id="525"><net_src comp="173" pin="4"/><net_sink comp="521" pin=0"/></net>

<net id="526"><net_src comp="100" pin="0"/><net_sink comp="521" pin=1"/></net>

<net id="530"><net_src comp="280" pin="37"/><net_sink comp="527" pin=0"/></net>

<net id="534"><net_src comp="280" pin="37"/><net_sink comp="531" pin=0"/></net>

<net id="538"><net_src comp="280" pin="37"/><net_sink comp="535" pin=0"/></net>

<net id="542"><net_src comp="280" pin="37"/><net_sink comp="539" pin=0"/></net>

<net id="546"><net_src comp="280" pin="37"/><net_sink comp="543" pin=0"/></net>

<net id="550"><net_src comp="280" pin="37"/><net_sink comp="547" pin=0"/></net>

<net id="560"><net_src comp="134" pin="0"/><net_sink comp="551" pin=0"/></net>

<net id="561"><net_src comp="551" pin="7"/><net_sink comp="162" pin=2"/></net>

<net id="565"><net_src comp="360" pin="2"/><net_sink comp="562" pin=0"/></net>

<net id="569"><net_src comp="366" pin="1"/><net_sink comp="566" pin=0"/></net>

<net id="570"><net_src comp="566" pin="1"/><net_sink comp="502" pin=0"/></net>

<net id="571"><net_src comp="566" pin="1"/><net_sink comp="515" pin=0"/></net>

<net id="575"><net_src comp="422" pin="2"/><net_sink comp="572" pin=0"/></net>

<net id="579"><net_src comp="434" pin="2"/><net_sink comp="576" pin=0"/></net>

<net id="583"><net_src comp="484" pin="2"/><net_sink comp="580" pin=0"/></net>

<net id="587"><net_src comp="527" pin="1"/><net_sink comp="584" pin=0"/></net>

<net id="588"><net_src comp="584" pin="1"/><net_sink comp="551" pin=6"/></net>

<net id="592"><net_src comp="531" pin="1"/><net_sink comp="589" pin=0"/></net>

<net id="593"><net_src comp="589" pin="1"/><net_sink comp="551" pin=5"/></net>

<net id="597"><net_src comp="535" pin="1"/><net_sink comp="594" pin=0"/></net>

<net id="598"><net_src comp="594" pin="1"/><net_sink comp="551" pin=4"/></net>

<net id="602"><net_src comp="539" pin="1"/><net_sink comp="599" pin=0"/></net>

<net id="603"><net_src comp="599" pin="1"/><net_sink comp="551" pin=3"/></net>

<net id="607"><net_src comp="543" pin="1"/><net_sink comp="604" pin=0"/></net>

<net id="608"><net_src comp="604" pin="1"/><net_sink comp="551" pin=2"/></net>

<net id="612"><net_src comp="547" pin="1"/><net_sink comp="609" pin=0"/></net>

<net id="613"><net_src comp="609" pin="1"/><net_sink comp="551" pin=1"/></net>

</net_list>

</model> 
---------------- Datapath Model END ------------------

* FSMD analyzer results:
  - Output states:
	Port: layer9_out | {5 }
	Port: void_compute_output_buffer_2d_array_const_ap_shift_reg_n_chan_stream_weig_35 | {1 }
	Port: void_compute_output_buffer_2d_array_const_ap_shift_reg_n_chan_stream_weig_39 | {1 }
	Port: void_compute_output_buffer_2d_array_const_ap_shift_reg_n_chan_stream_weig_34 | {1 }
	Port: void_compute_output_buffer_2d_array_const_ap_shift_reg_n_chan_stream_weig_38 | {1 }
	Port: void_compute_output_buffer_2d_array_const_ap_shift_reg_n_chan_stream_weig_33 | {1 }
	Port: void_compute_output_buffer_2d_array_const_ap_shift_reg_n_chan_stream_weig_37 | {1 }
	Port: void_compute_output_buffer_2d_array_const_ap_shift_reg_n_chan_stream_weig_32 | {1 }
	Port: void_compute_output_buffer_2d_array_const_ap_shift_reg_n_chan_stream_weig_36 | {1 }
	Port: p_ZZN4nnet24compute_output_buffer_2dINS_5arrayI8ap_fixedILi16ELi6EL9ap_q_mode5EL9_207 | {1 }
	Port: p_ZZN4nnet24compute_output_buffer_2dINS_5arrayI8ap_fixedILi16ELi6EL9ap_q_mode5EL9_203 | {1 }
	Port: p_ZZN4nnet24compute_output_buffer_2dINS_5arrayI8ap_fixedILi16ELi6EL9ap_q_mode5EL9_208 | {1 }
	Port: p_ZZN4nnet24compute_output_buffer_2dINS_5arrayI8ap_fixedILi16ELi6EL9ap_q_mode5EL9_204 | {1 }
	Port: p_ZZN4nnet24compute_output_buffer_2dINS_5arrayI8ap_fixedILi16ELi6EL9ap_q_mode5EL9_209 | {1 }
	Port: p_ZZN4nnet24compute_output_buffer_2dINS_5arrayI8ap_fixedILi16ELi6EL9ap_q_mode5EL9_205 | {1 }
	Port: p_ZZN4nnet24compute_output_buffer_2dINS_5arrayI8ap_fixedILi16ELi6EL9ap_q_mode5EL9_210 | {1 }
	Port: p_ZZN4nnet24compute_output_buffer_2dINS_5arrayI8ap_fixedILi16ELi6EL9ap_q_mode5EL9_206 | {1 }
	Port: p_ZZN4nnet24compute_output_buffer_2dINS_5arrayI8ap_fixedILi16ELi6EL9ap_q_mode5EL9_219 | {1 }
	Port: p_ZZN4nnet24compute_output_buffer_2dINS_5arrayI8ap_fixedILi16ELi6EL9ap_q_mode5EL9_215 | {1 }
	Port: p_ZZN4nnet24compute_output_buffer_2dINS_5arrayI8ap_fixedILi16ELi6EL9ap_q_mode5EL9_220 | {1 }
	Port: p_ZZN4nnet24compute_output_buffer_2dINS_5arrayI8ap_fixedILi16ELi6EL9ap_q_mode5EL9_216 | {1 }
	Port: p_ZZN4nnet24compute_output_buffer_2dINS_5arrayI8ap_fixedILi16ELi6EL9ap_q_mode5EL9_221 | {1 }
	Port: p_ZZN4nnet24compute_output_buffer_2dINS_5arrayI8ap_fixedILi16ELi6EL9ap_q_mode5EL9_217 | {1 }
	Port: p_ZZN4nnet24compute_output_buffer_2dINS_5arrayI8ap_fixedILi16ELi6EL9ap_q_mode5EL9_222 | {1 }
	Port: p_ZZN4nnet24compute_output_buffer_2dINS_5arrayI8ap_fixedILi16ELi6EL9ap_q_mode5EL9_218 | {1 }
	Port: void_compute_output_buffer_2d_array_const_ap_shift_reg_n_chan_stream_weig_31 | {1 }
	Port: void_compute_output_buffer_2d_array_const_ap_shift_reg_n_chan_stream_weig_30 | {1 }
	Port: p_ZZN4nnet24compute_output_buffer_2dINS_5arrayI8ap_fixedILi16ELi6EL9ap_q_mode5EL9_201 | {1 }
	Port: p_ZZN4nnet24compute_output_buffer_2dINS_5arrayI8ap_fixedILi16ELi6EL9ap_q_mode5EL9_202 | {1 }
	Port: p_ZZN4nnet24compute_output_buffer_2dINS_5arrayI8ap_fixedILi16ELi6EL9ap_q_mode5EL9_211 | {1 }
	Port: p_ZZN4nnet24compute_output_buffer_2dINS_5arrayI8ap_fixedILi16ELi6EL9ap_q_mode5EL9_212 | {1 }
	Port: p_ZZN4nnet24compute_output_buffer_2dINS_5arrayI8ap_fixedILi16ELi6EL9ap_q_mode5EL9_213 | {1 }
	Port: p_ZZN4nnet24compute_output_buffer_2dINS_5arrayI8ap_fixedILi16ELi6EL9ap_q_mode5EL9_214 | {1 }
	Port: p_ZZN4nnet24compute_output_buffer_2dINS_5arrayI8ap_fixedILi16ELi6EL9ap_q_mode5EL9_223 | {1 }
	Port: p_ZZN4nnet24compute_output_buffer_2dINS_5arrayI8ap_fixedILi16ELi6EL9ap_q_mode5EL9_224 | {1 }
	Port: p_ZZN4nnet24compute_output_buffer_2dINS_5arrayI8ap_fixedILi16ELi6EL9ap_q_mode5EL9_225 | {1 }
	Port: p_ZZN4nnet24compute_output_buffer_2dINS_5arrayI8ap_fixedILi16ELi6EL9ap_q_mode5EL9_226 | {1 }
	Port: p_ZZN4nnet25conv_2d_buffer_latency_clINS_5arrayI8ap_fixedILi16ELi6EL9ap_q_mode5EL_55 | {1 }
	Port: p_ZZN4nnet25conv_2d_buffer_latency_clINS_5arrayI8ap_fixedILi16ELi6EL9ap_q_mode5EL_51 | {1 }
	Port: p_ZZN4nnet25conv_2d_buffer_latency_clINS_5arrayI8ap_fixedILi16ELi6EL9ap_q_mode5EL_54 | {1 }
	Port: p_ZZN4nnet25conv_2d_buffer_latency_clINS_5arrayI8ap_fixedILi16ELi6EL9ap_q_mode5EL_50 | {1 }
	Port: p_ZZN4nnet25conv_2d_buffer_latency_clINS_5arrayI8ap_fixedILi16ELi6EL9ap_q_mode5EL_53 | {1 }
	Port: p_ZZN4nnet25conv_2d_buffer_latency_clINS_5arrayI8ap_fixedILi16ELi6EL9ap_q_mode5EL_49 | {1 }
	Port: p_ZZN4nnet25conv_2d_buffer_latency_clINS_5arrayI8ap_fixedILi16ELi6EL9ap_q_mode5EL_52 | {1 }
	Port: p_ZZN4nnet25conv_2d_buffer_latency_clINS_5arrayI8ap_fixedILi16ELi6EL9ap_q_mode5EL_48 | {1 }
	Port: sX_3 | {1 }
	Port: sY_3 | {2 }
	Port: pY_3 | {1 }
	Port: pX_3 | {1 }
 - Input state : 
	Port: compute_output_buffer_2d<array,array<ap_fixed<16,6,5,3,0>,6u>,config9> : p_read | {1 }
	Port: compute_output_buffer_2d<array,array<ap_fixed<16,6,5,3,0>,6u>,config9> : p_read1 | {1 }
	Port: compute_output_buffer_2d<array,array<ap_fixed<16,6,5,3,0>,6u>,config9> : p_read2 | {1 }
	Port: compute_output_buffer_2d<array,array<ap_fixed<16,6,5,3,0>,6u>,config9> : p_read3 | {1 }
	Port: compute_output_buffer_2d<array,array<ap_fixed<16,6,5,3,0>,6u>,config9> : void_compute_output_buffer_2d_array_const_ap_shift_reg_n_chan_stream_weig_35 | {1 2 }
	Port: compute_output_buffer_2d<array,array<ap_fixed<16,6,5,3,0>,6u>,config9> : void_compute_output_buffer_2d_array_const_ap_shift_reg_n_chan_stream_weig_39 | {2 }
	Port: compute_output_buffer_2d<array,array<ap_fixed<16,6,5,3,0>,6u>,config9> : void_compute_output_buffer_2d_array_const_ap_shift_reg_n_chan_stream_weig_34 | {1 2 }
	Port: compute_output_buffer_2d<array,array<ap_fixed<16,6,5,3,0>,6u>,config9> : void_compute_output_buffer_2d_array_const_ap_shift_reg_n_chan_stream_weig_38 | {2 }
	Port: compute_output_buffer_2d<array,array<ap_fixed<16,6,5,3,0>,6u>,config9> : void_compute_output_buffer_2d_array_const_ap_shift_reg_n_chan_stream_weig_33 | {1 2 }
	Port: compute_output_buffer_2d<array,array<ap_fixed<16,6,5,3,0>,6u>,config9> : void_compute_output_buffer_2d_array_const_ap_shift_reg_n_chan_stream_weig_37 | {2 }
	Port: compute_output_buffer_2d<array,array<ap_fixed<16,6,5,3,0>,6u>,config9> : void_compute_output_buffer_2d_array_const_ap_shift_reg_n_chan_stream_weig_32 | {1 2 }
	Port: compute_output_buffer_2d<array,array<ap_fixed<16,6,5,3,0>,6u>,config9> : void_compute_output_buffer_2d_array_const_ap_shift_reg_n_chan_stream_weig_36 | {2 }
	Port: compute_output_buffer_2d<array,array<ap_fixed<16,6,5,3,0>,6u>,config9> : p_ZZN4nnet24compute_output_buffer_2dINS_5arrayI8ap_fixedILi16ELi6EL9ap_q_mode5EL9_207 | {1 2 }
	Port: compute_output_buffer_2d<array,array<ap_fixed<16,6,5,3,0>,6u>,config9> : p_ZZN4nnet24compute_output_buffer_2dINS_5arrayI8ap_fixedILi16ELi6EL9ap_q_mode5EL9_203 | {2 }
	Port: compute_output_buffer_2d<array,array<ap_fixed<16,6,5,3,0>,6u>,config9> : p_ZZN4nnet24compute_output_buffer_2dINS_5arrayI8ap_fixedILi16ELi6EL9ap_q_mode5EL9_208 | {1 2 }
	Port: compute_output_buffer_2d<array,array<ap_fixed<16,6,5,3,0>,6u>,config9> : p_ZZN4nnet24compute_output_buffer_2dINS_5arrayI8ap_fixedILi16ELi6EL9ap_q_mode5EL9_204 | {2 }
	Port: compute_output_buffer_2d<array,array<ap_fixed<16,6,5,3,0>,6u>,config9> : p_ZZN4nnet24compute_output_buffer_2dINS_5arrayI8ap_fixedILi16ELi6EL9ap_q_mode5EL9_209 | {1 2 }
	Port: compute_output_buffer_2d<array,array<ap_fixed<16,6,5,3,0>,6u>,config9> : p_ZZN4nnet24compute_output_buffer_2dINS_5arrayI8ap_fixedILi16ELi6EL9ap_q_mode5EL9_205 | {2 }
	Port: compute_output_buffer_2d<array,array<ap_fixed<16,6,5,3,0>,6u>,config9> : p_ZZN4nnet24compute_output_buffer_2dINS_5arrayI8ap_fixedILi16ELi6EL9ap_q_mode5EL9_210 | {1 2 }
	Port: compute_output_buffer_2d<array,array<ap_fixed<16,6,5,3,0>,6u>,config9> : p_ZZN4nnet24compute_output_buffer_2dINS_5arrayI8ap_fixedILi16ELi6EL9ap_q_mode5EL9_206 | {2 }
	Port: compute_output_buffer_2d<array,array<ap_fixed<16,6,5,3,0>,6u>,config9> : p_ZZN4nnet24compute_output_buffer_2dINS_5arrayI8ap_fixedILi16ELi6EL9ap_q_mode5EL9_219 | {1 2 }
	Port: compute_output_buffer_2d<array,array<ap_fixed<16,6,5,3,0>,6u>,config9> : p_ZZN4nnet24compute_output_buffer_2dINS_5arrayI8ap_fixedILi16ELi6EL9ap_q_mode5EL9_215 | {2 }
	Port: compute_output_buffer_2d<array,array<ap_fixed<16,6,5,3,0>,6u>,config9> : p_ZZN4nnet24compute_output_buffer_2dINS_5arrayI8ap_fixedILi16ELi6EL9ap_q_mode5EL9_220 | {1 2 }
	Port: compute_output_buffer_2d<array,array<ap_fixed<16,6,5,3,0>,6u>,config9> : p_ZZN4nnet24compute_output_buffer_2dINS_5arrayI8ap_fixedILi16ELi6EL9ap_q_mode5EL9_216 | {2 }
	Port: compute_output_buffer_2d<array,array<ap_fixed<16,6,5,3,0>,6u>,config9> : p_ZZN4nnet24compute_output_buffer_2dINS_5arrayI8ap_fixedILi16ELi6EL9ap_q_mode5EL9_221 | {1 2 }
	Port: compute_output_buffer_2d<array,array<ap_fixed<16,6,5,3,0>,6u>,config9> : p_ZZN4nnet24compute_output_buffer_2dINS_5arrayI8ap_fixedILi16ELi6EL9ap_q_mode5EL9_217 | {2 }
	Port: compute_output_buffer_2d<array,array<ap_fixed<16,6,5,3,0>,6u>,config9> : p_ZZN4nnet24compute_output_buffer_2dINS_5arrayI8ap_fixedILi16ELi6EL9ap_q_mode5EL9_222 | {1 2 }
	Port: compute_output_buffer_2d<array,array<ap_fixed<16,6,5,3,0>,6u>,config9> : p_ZZN4nnet24compute_output_buffer_2dINS_5arrayI8ap_fixedILi16ELi6EL9ap_q_mode5EL9_218 | {2 }
	Port: compute_output_buffer_2d<array,array<ap_fixed<16,6,5,3,0>,6u>,config9> : void_compute_output_buffer_2d_array_const_ap_shift_reg_n_chan_stream_weig_31 | {1 2 }
	Port: compute_output_buffer_2d<array,array<ap_fixed<16,6,5,3,0>,6u>,config9> : void_compute_output_buffer_2d_array_const_ap_shift_reg_n_chan_stream_weig_30 | {1 2 }
	Port: compute_output_buffer_2d<array,array<ap_fixed<16,6,5,3,0>,6u>,config9> : p_ZZN4nnet24compute_output_buffer_2dINS_5arrayI8ap_fixedILi16ELi6EL9ap_q_mode5EL9_201 | {1 2 }
	Port: compute_output_buffer_2d<array,array<ap_fixed<16,6,5,3,0>,6u>,config9> : p_ZZN4nnet24compute_output_buffer_2dINS_5arrayI8ap_fixedILi16ELi6EL9ap_q_mode5EL9_202 | {1 2 }
	Port: compute_output_buffer_2d<array,array<ap_fixed<16,6,5,3,0>,6u>,config9> : p_ZZN4nnet24compute_output_buffer_2dINS_5arrayI8ap_fixedILi16ELi6EL9ap_q_mode5EL9_211 | {1 2 }
	Port: compute_output_buffer_2d<array,array<ap_fixed<16,6,5,3,0>,6u>,config9> : p_ZZN4nnet24compute_output_buffer_2dINS_5arrayI8ap_fixedILi16ELi6EL9ap_q_mode5EL9_212 | {1 2 }
	Port: compute_output_buffer_2d<array,array<ap_fixed<16,6,5,3,0>,6u>,config9> : p_ZZN4nnet24compute_output_buffer_2dINS_5arrayI8ap_fixedILi16ELi6EL9ap_q_mode5EL9_213 | {1 2 }
	Port: compute_output_buffer_2d<array,array<ap_fixed<16,6,5,3,0>,6u>,config9> : p_ZZN4nnet24compute_output_buffer_2dINS_5arrayI8ap_fixedILi16ELi6EL9ap_q_mode5EL9_214 | {1 2 }
	Port: compute_output_buffer_2d<array,array<ap_fixed<16,6,5,3,0>,6u>,config9> : p_ZZN4nnet24compute_output_buffer_2dINS_5arrayI8ap_fixedILi16ELi6EL9ap_q_mode5EL9_223 | {1 2 }
	Port: compute_output_buffer_2d<array,array<ap_fixed<16,6,5,3,0>,6u>,config9> : p_ZZN4nnet24compute_output_buffer_2dINS_5arrayI8ap_fixedILi16ELi6EL9ap_q_mode5EL9_224 | {1 2 }
	Port: compute_output_buffer_2d<array,array<ap_fixed<16,6,5,3,0>,6u>,config9> : p_ZZN4nnet24compute_output_buffer_2dINS_5arrayI8ap_fixedILi16ELi6EL9ap_q_mode5EL9_225 | {1 2 }
	Port: compute_output_buffer_2d<array,array<ap_fixed<16,6,5,3,0>,6u>,config9> : p_ZZN4nnet24compute_output_buffer_2dINS_5arrayI8ap_fixedILi16ELi6EL9ap_q_mode5EL9_226 | {1 2 }
	Port: compute_output_buffer_2d<array,array<ap_fixed<16,6,5,3,0>,6u>,config9> : p_ZZN4nnet25conv_2d_buffer_latency_clINS_5arrayI8ap_fixedILi16ELi6EL9ap_q_mode5EL_55 | {1 }
	Port: compute_output_buffer_2d<array,array<ap_fixed<16,6,5,3,0>,6u>,config9> : p_ZZN4nnet25conv_2d_buffer_latency_clINS_5arrayI8ap_fixedILi16ELi6EL9ap_q_mode5EL_51 | {1 }
	Port: compute_output_buffer_2d<array,array<ap_fixed<16,6,5,3,0>,6u>,config9> : p_ZZN4nnet25conv_2d_buffer_latency_clINS_5arrayI8ap_fixedILi16ELi6EL9ap_q_mode5EL_54 | {1 }
	Port: compute_output_buffer_2d<array,array<ap_fixed<16,6,5,3,0>,6u>,config9> : p_ZZN4nnet25conv_2d_buffer_latency_clINS_5arrayI8ap_fixedILi16ELi6EL9ap_q_mode5EL_50 | {1 }
	Port: compute_output_buffer_2d<array,array<ap_fixed<16,6,5,3,0>,6u>,config9> : p_ZZN4nnet25conv_2d_buffer_latency_clINS_5arrayI8ap_fixedILi16ELi6EL9ap_q_mode5EL_53 | {1 }
	Port: compute_output_buffer_2d<array,array<ap_fixed<16,6,5,3,0>,6u>,config9> : p_ZZN4nnet25conv_2d_buffer_latency_clINS_5arrayI8ap_fixedILi16ELi6EL9ap_q_mode5EL_49 | {1 }
	Port: compute_output_buffer_2d<array,array<ap_fixed<16,6,5,3,0>,6u>,config9> : p_ZZN4nnet25conv_2d_buffer_latency_clINS_5arrayI8ap_fixedILi16ELi6EL9ap_q_mode5EL_52 | {1 }
	Port: compute_output_buffer_2d<array,array<ap_fixed<16,6,5,3,0>,6u>,config9> : p_ZZN4nnet25conv_2d_buffer_latency_clINS_5arrayI8ap_fixedILi16ELi6EL9ap_q_mode5EL_48 | {1 }
	Port: compute_output_buffer_2d<array,array<ap_fixed<16,6,5,3,0>,6u>,config9> : sX_3 | {1 }
	Port: compute_output_buffer_2d<array,array<ap_fixed<16,6,5,3,0>,6u>,config9> : sY_3 | {1 }
	Port: compute_output_buffer_2d<array,array<ap_fixed<16,6,5,3,0>,6u>,config9> : pY_3 | {1 }
	Port: compute_output_buffer_2d<array,array<ap_fixed<16,6,5,3,0>,6u>,config9> : pX_3 | {1 }
  - Chain level:
	State 1
		icmp_ln284 : 1
		br_ln284 : 2
		icmp_ln284_7 : 1
		tmp_862 : 1
		icmp_ln284_8 : 2
		tmp_863 : 1
		icmp_ln284_9 : 2
		and_ln284 : 3
		and_ln284_3 : 3
		br_ln284 : 3
		add_ln303 : 1
		icmp_ln303 : 2
		br_ln303 : 3
		store_ln316 : 2
		select_ln318 : 2
		add_ln318 : 3
		store_ln318 : 4
		add_ln307 : 1
		icmp_ln307 : 2
		br_ln307 : 3
		store_ln311 : 2
	State 2
		select_ln313 : 1
		add_ln313 : 2
		storemerge : 3
		store_ln313 : 4
	State 3
	State 4
		res_out : 1
		res_out_20 : 1
		res_out_21 : 1
		res_out_22 : 1
		res_out_4 : 1
		res_out_5 : 1
	State 5
		write_ln299 : 1


============================================================
+ Verbose Summary: Datapath Resource usage 
============================================================

* Functional unit list:
|----------|---------------------------------------------------------------------------------|---------|---------|---------|
| Operation|                                 Functional Unit                                 |   DSP   |    FF   |   LUT   |
|----------|---------------------------------------------------------------------------------|---------|---------|---------|
|   call   |    call_ln281_shift_line_buffer_array_ap_fixed_16_6_5_3_0_4u_config9_s_fu_180   |    0    |    0    |    0    |
|          | grp_dense_latency_ap_fixed_16_6_5_3_0_ap_fixed_16_6_5_3_0_config9_mult_s_fu_280 |   101   |   3332  |   7008  |
|----------|---------------------------------------------------------------------------------|---------|---------|---------|
|          |                                icmp_ln284_fu_360                                |    0    |    0    |    39   |
|          |                               icmp_ln284_7_fu_378                               |    0    |    0    |    39   |
|          |                               icmp_ln284_8_fu_394                               |    0    |    0    |    38   |
|   icmp   |                               icmp_ln284_9_fu_410                               |    0    |    0    |    38   |
|          |                                icmp_ln303_fu_434                                |    0    |    0    |    39   |
|          |                                icmp_ln307_fu_484                                |    0    |    0    |    39   |
|          |                                icmp_ln313_fu_502                                |    0    |    0    |    39   |
|----------|---------------------------------------------------------------------------------|---------|---------|---------|
|          |                                 add_ln303_fu_428                                |    0    |    0    |    39   |
|    add   |                                 add_ln318_fu_454                                |    0    |    0    |    39   |
|          |                                 add_ln307_fu_478                                |    0    |    0    |    39   |
|          |                                 add_ln313_fu_515                                |    0    |    0    |    39   |
|----------|---------------------------------------------------------------------------------|---------|---------|---------|
|    and   |                                 and_ln284_fu_416                                |    0    |    0    |    2    |
|          |                                and_ln284_3_fu_422                               |    0    |    0    |    2    |
|----------|---------------------------------------------------------------------------------|---------|---------|---------|
|  select  |                               select_ln318_fu_446                               |    0    |    0    |    2    |
|          |                               select_ln313_fu_507                               |    0    |    0    |    2    |
|----------|---------------------------------------------------------------------------------|---------|---------|---------|
|          |                               p_read39_read_fu_138                              |    0    |    0    |    0    |
|   read   |                               p_read28_read_fu_144                              |    0    |    0    |    0    |
|          |                               p_read17_read_fu_150                              |    0    |    0    |    0    |
|          |                              p_read_29_read_fu_156                              |    0    |    0    |    0    |
|----------|---------------------------------------------------------------------------------|---------|---------|---------|
|   write  |                             write_ln299_write_fu_162                            |    0    |    0    |    0    |
|----------|---------------------------------------------------------------------------------|---------|---------|---------|
|partselect|                                  tmp_862_fu_384                                 |    0    |    0    |    0    |
|          |                                  tmp_863_fu_400                                 |    0    |    0    |    0    |
|----------|---------------------------------------------------------------------------------|---------|---------|---------|
|          |                                  res_out_fu_527                                 |    0    |    0    |    0    |
|          |                                res_out_20_fu_531                                |    0    |    0    |    0    |
|extractvalue|                                res_out_21_fu_535                                |    0    |    0    |    0    |
|          |                                res_out_22_fu_539                                |    0    |    0    |    0    |
|          |                                 res_out_4_fu_543                                |    0    |    0    |    0    |
|          |                                 res_out_5_fu_547                                |    0    |    0    |    0    |
|----------|---------------------------------------------------------------------------------|---------|---------|---------|
|bitconcatenate|                                    p_0_fu_551                                   |    0    |    0    |    0    |
|----------|---------------------------------------------------------------------------------|---------|---------|---------|
|   Total  |                                                                                 |   101   |   3332  |   7443  |
|----------|---------------------------------------------------------------------------------|---------|---------|---------|

Memories:
N/A

* Register list:
+-------------------+--------+
|                   |   FF   |
+-------------------+--------+
|and_ln284_3_reg_572|    1   |
| icmp_ln284_reg_562|    1   |
| icmp_ln303_reg_576|    1   |
| icmp_ln307_reg_580|    1   |
| res_out_20_reg_589|   16   |
| res_out_21_reg_594|   16   |
| res_out_22_reg_599|   16   |
| res_out_4_reg_604 |   16   |
| res_out_5_reg_609 |   16   |
|  res_out_reg_584  |   16   |
| sY_3_load_reg_566 |   32   |
| storemerge_reg_169|   32   |
+-------------------+--------+
|       Total       |   164  |
+-------------------+--------+

* Multiplexer (MUX) list: 
|--------|------|------|------|--------|
|  Comp  |  Pin | Size |  BW  | S x BW |
|--------|------|------|------|--------|
|  Total |      |      |      |    0   |
|--------|------|------|------|--------|



* Summary:
+-----------+--------+--------+--------+
|           |   DSP  |   FF   |   LUT  |
+-----------+--------+--------+--------+
|  Function |   101  |  3332  |  7443  |
|   Memory  |    -   |    -   |    -   |
|Multiplexer|    -   |    -   |    -   |
|  Register |    -   |   164  |    -   |
+-----------+--------+--------+--------+
|   Total   |   101  |  3496  |  7443  |
+-----------+--------+--------+--------+
