

================================================================
== Vitis HLS Report for 'conv_2d_cl_array_ap_fixed_16u_array_ap_fixed_41_21_5_3_0_16u_config7_s'
================================================================
* Date:           Sat Apr  4 17:12:54 2026

* Version:        2023.2 (Build 4023990 on Oct 11 2023)
* Project:        folo_prj
* Solution:       solution1 (Vivado IP Flow Target)
* Product family: kintexu
* Target device:  xcku035-fbva676-2-e


================================================================
== Performance Estimates
================================================================
+ Timing: 
    * Summary: 
    +--------+---------+----------+------------+
    |  Clock |  Target | Estimated| Uncertainty|
    +--------+---------+----------+------------+
    |ap_clk  |  5.00 ns|  3.847 ns|     1.35 ns|
    +--------+---------+----------+------------+

+ Latency: 
    * Summary: 
    +---------+---------+----------+----------+-------+-------+---------+
    |  Latency (cycles) |  Latency (absolute) |    Interval   | Pipeline|
    |   min   |   max   |    min   |    max   |  min  |  max  |   Type  |
    +---------+---------+----------+----------+-------+-------+---------+
    |    43563|    43563|  0.218 ms|  0.218 ms|  43563|  43563|       no|
    +---------+---------+----------+----------+-------+-------+---------+

    + Detail: 
        * Instance: 
        +------------------------------------------------------------------------------------+-------------------------------------------------------------------------+---------+---------+-----------+-----------+-----+-----+---------+
        |                                                                                    |                                                                         |  Latency (cycles) |   Latency (absolute)  |  Interval | Pipeline|
        |                                      Instance                                      |                                  Module                                 |   min   |   max   |    min    |    max    | min | max |   Type  |
        +------------------------------------------------------------------------------------+-------------------------------------------------------------------------+---------+---------+-----------+-----------+-----+-----+---------+
        |grp_compute_output_buffer_2d_array_array_ap_fixed_41_21_5_3_0_16u_config7_s_fu_468  |compute_output_buffer_2d_array_array_ap_fixed_41_21_5_3_0_16u_config7_s  |       10|       10|  50.000 ns|  50.000 ns|   10|   10|      yes|
        +------------------------------------------------------------------------------------+-------------------------------------------------------------------------+---------+---------+-----------+-----------+-----+-----+---------+

        * Loop: 
        +----------------------------------+---------+---------+----------+-----------+-----------+------+----------+
        |                                  |  Latency (cycles) | Iteration|  Initiation Interval  | Trip |          |
        |             Loop Name            |   min   |   max   |  Latency |  achieved |   target  | Count| Pipelined|
        +----------------------------------+---------+---------+----------+-----------+-----------+------+----------+
        |- ReadInputHeight_ReadInputWidth  |    43561|    43561|        12|         10|          1|  4356|       yes|
        +----------------------------------+---------+---------+----------+-----------+-----------+------+----------+



================================================================
== Utilization Estimates
================================================================
* Summary: 
+-----------------+---------+------+--------+--------+-----+
|       Name      | BRAM_18K|  DSP |   FF   |   LUT  | URAM|
+-----------------+---------+------+--------+--------+-----+
|DSP              |        -|     -|       -|       -|    -|
|Expression       |        -|     -|       0|      54|    -|
|FIFO             |        -|     -|       -|       -|    -|
|Instance         |        -|  1671|   76755|   90693|    -|
|Memory           |        -|     -|       -|       -|    -|
|Multiplexer      |        -|     -|       -|     143|    -|
|Register         |        -|     -|      29|       -|    -|
+-----------------+---------+------+--------+--------+-----+
|Total            |        0|  1671|   76784|   90890|    0|
+-----------------+---------+------+--------+--------+-----+
|Available        |     1080|  1700|  406256|  203128|    0|
+-----------------+---------+------+--------+--------+-----+
|Utilization (%)  |        0|    98|      18|      44|    0|
+-----------------+---------+------+--------+--------+-----+

+ Detail: 
    * Instance: 
    +------------------------------------------------------------------------------------+-------------------------------------------------------------------------+---------+------+-------+-------+-----+
    |                                      Instance                                      |                                  Module                                 | BRAM_18K|  DSP |   FF  |  LUT  | URAM|
    +------------------------------------------------------------------------------------+-------------------------------------------------------------------------+---------+------+-------+-------+-----+
    |grp_compute_output_buffer_2d_array_array_ap_fixed_41_21_5_3_0_16u_config7_s_fu_468  |compute_output_buffer_2d_array_array_ap_fixed_41_21_5_3_0_16u_config7_s  |        0|  1671|  76755|  90693|    0|
    +------------------------------------------------------------------------------------+-------------------------------------------------------------------------+---------+------+-------+-------+-----+
    |Total                                                                               |                                                                         |        0|  1671|  76755|  90693|    0|
    +------------------------------------------------------------------------------------+-------------------------------------------------------------------------+---------+------+-------+-------+-----+

    * DSP: 
    N/A

    * Memory: 
    N/A

    * FIFO: 
    N/A

    * Expression: 
    +------------------------------------------+----------+----+---+----+------------+------------+
    |               Variable Name              | Operation| DSP| FF| LUT| Bitwidth P0| Bitwidth P1|
    +------------------------------------------+----------+----+---+----+------------+------------+
    |add_ln25_fu_864_p2                        |         +|   0|  0|  20|          13|           1|
    |ap_block_pp0_stage0_11001                 |       and|   0|  0|   2|           1|           1|
    |ap_block_pp0_stage0_11001_ignoreCallOp51  |       and|   0|  0|   2|           1|           1|
    |ap_block_pp0_stage1_11001_ignoreCallOp42  |       and|   0|  0|   2|           1|           1|
    |ap_block_state2_pp0_stage1_iter0          |       and|   0|  0|   2|           1|           1|
    |ap_condition_253                          |       and|   0|  0|   2|           1|           1|
    |icmp_ln25_fu_858_p2                       |      icmp|   0|  0|  20|          13|          13|
    |ap_block_pp0_stage1_11001                 |        or|   0|  0|   2|           1|           1|
    |ap_enable_pp0                             |       xor|   0|  0|   2|           1|           2|
    +------------------------------------------+----------+----+---+----+------------+------------+
    |Total                                     |          |   0|  0|  54|          33|          22|
    +------------------------------------------+----------+----+---+----+------------+------------+

    * Multiplexer: 
    +--------------------------------------+----+-----------+-----+-----------+
    |                 Name                 | LUT| Input Size| Bits| Total Bits|
    +--------------------------------------+----+-----------+-----+-----------+
    |ap_NS_fsm                             |  53|         11|    1|         11|
    |ap_done_int                           |   9|          2|    1|          2|
    |ap_enable_reg_pp0_iter0               |   9|          2|    1|          2|
    |ap_enable_reg_pp0_iter0_reg           |   9|          2|    1|          2|
    |ap_enable_reg_pp0_iter1               |   9|          2|    1|          2|
    |ap_sig_allocacmp_indvar_flatten_load  |   9|          2|   13|         26|
    |indvar_flatten_fu_458                 |   9|          2|   13|         26|
    |layer14_out_blk_n                     |   9|          2|    1|          2|
    |layer7_out_blk_n                      |   9|          2|    1|          2|
    |layer7_out_write                      |   9|          2|    1|          2|
    |real_start                            |   9|          2|    1|          2|
    +--------------------------------------+----+-----------+-----+-----------+
    |Total                                 | 143|         31|   35|         79|
    +--------------------------------------+----+-----------+-----+-----------+

    * Register: 
    +-------------------------------------------------------------------------------------------------+----+----+-----+-----------+
    |                                               Name                                              | FF | LUT| Bits| Const Bits|
    +-------------------------------------------------------------------------------------------------+----+----+-----+-----------+
    |ap_CS_fsm                                                                                        |  10|   0|   10|          0|
    |ap_done_reg                                                                                      |   1|   0|    1|          0|
    |ap_enable_reg_pp0_iter0_reg                                                                      |   1|   0|    1|          0|
    |ap_enable_reg_pp0_iter1                                                                          |   1|   0|    1|          0|
    |grp_compute_output_buffer_2d_array_array_ap_fixed_41_21_5_3_0_16u_config7_s_fu_468_ap_start_reg  |   1|   0|    1|          0|
    |icmp_ln25_reg_1052                                                                               |   1|   0|    1|          0|
    |indvar_flatten_fu_458                                                                            |  13|   0|   13|          0|
    |start_once_reg                                                                                   |   1|   0|    1|          0|
    +-------------------------------------------------------------------------------------------------+----+----+-----+-----------+
    |Total                                                                                            |  29|   0|   29|          0|
    +-------------------------------------------------------------------------------------------------+----+----+-----+-----------+



================================================================
== Interface
================================================================
* Summary: 
+----------------------------+-----+-----+------------+--------------------------------------------------------------------------+--------------+
|          RTL Ports         | Dir | Bits|  Protocol  |                               Source Object                              |    C Type    |
+----------------------------+-----+-----+------------+--------------------------------------------------------------------------+--------------+
|ap_clk                      |   in|    1|  ap_ctrl_hs|  conv_2d_cl<array<ap_fixed,16u>,array<ap_fixed<41,21,5,3,0>,16u>,config7>|  return value|
|ap_rst                      |   in|    1|  ap_ctrl_hs|  conv_2d_cl<array<ap_fixed,16u>,array<ap_fixed<41,21,5,3,0>,16u>,config7>|  return value|
|ap_start                    |   in|    1|  ap_ctrl_hs|  conv_2d_cl<array<ap_fixed,16u>,array<ap_fixed<41,21,5,3,0>,16u>,config7>|  return value|
|start_full_n                |   in|    1|  ap_ctrl_hs|  conv_2d_cl<array<ap_fixed,16u>,array<ap_fixed<41,21,5,3,0>,16u>,config7>|  return value|
|ap_done                     |  out|    1|  ap_ctrl_hs|  conv_2d_cl<array<ap_fixed,16u>,array<ap_fixed<41,21,5,3,0>,16u>,config7>|  return value|
|ap_continue                 |   in|    1|  ap_ctrl_hs|  conv_2d_cl<array<ap_fixed,16u>,array<ap_fixed<41,21,5,3,0>,16u>,config7>|  return value|
|ap_idle                     |  out|    1|  ap_ctrl_hs|  conv_2d_cl<array<ap_fixed,16u>,array<ap_fixed<41,21,5,3,0>,16u>,config7>|  return value|
|ap_ready                    |  out|    1|  ap_ctrl_hs|  conv_2d_cl<array<ap_fixed,16u>,array<ap_fixed<41,21,5,3,0>,16u>,config7>|  return value|
|start_out                   |  out|    1|  ap_ctrl_hs|  conv_2d_cl<array<ap_fixed,16u>,array<ap_fixed<41,21,5,3,0>,16u>,config7>|  return value|
|start_write                 |  out|    1|  ap_ctrl_hs|  conv_2d_cl<array<ap_fixed,16u>,array<ap_fixed<41,21,5,3,0>,16u>,config7>|  return value|
|layer14_out_dout            |   in|  256|     ap_fifo|                                                               layer14_out|       pointer|
|layer14_out_num_data_valid  |   in|   14|     ap_fifo|                                                               layer14_out|       pointer|
|layer14_out_fifo_cap        |   in|   14|     ap_fifo|                                                               layer14_out|       pointer|
|layer14_out_empty_n         |   in|    1|     ap_fifo|                                                               layer14_out|       pointer|
|layer14_out_read            |  out|    1|     ap_fifo|                                                               layer14_out|       pointer|
|layer7_out_din              |  out|  656|     ap_fifo|                                                                layer7_out|       pointer|
|layer7_out_num_data_valid   |   in|   13|     ap_fifo|                                                                layer7_out|       pointer|
|layer7_out_fifo_cap         |   in|   13|     ap_fifo|                                                                layer7_out|       pointer|
|layer7_out_full_n           |   in|    1|     ap_fifo|                                                                layer7_out|       pointer|
|layer7_out_write            |  out|    1|     ap_fifo|                                                                layer7_out|       pointer|
+----------------------------+-----+-----+------------+--------------------------------------------------------------------------+--------------+

============================================================
+ Verbose Summary: Synthesis Manager
============================================================
InlineROM: 1
ExposeGlobal: 0
============================================================
+ Verbose Summary: CDFG Model
============================================================
IsTopModel: 0
ResetActiveHigh: 1
IsCombinational: 2
IsDatapathOnly: 0
HasWiredReturn: 1
HasMFsm: 2
HasVarLatency: 1
IsPipeline: 0
IsRtlPipelined: 0
IsInstanceOverlapped: 0
IsDontTouch: 0
HasImplIP: 0
IsGatedGlobalClock: 0

+ Individual pipeline summary: 
  * Pipeline-0: initiation interval (II) = 10, depth = 12


============================================================
+ Verbose Summary: Schedule
============================================================
* Number of FSM states : 12
* Pipeline : 1
  Pipeline-0 : II = 10, D = 12, States = { 1 2 3 4 5 6 7 8 9 10 11 12 }
* Dataflow Pipeline: 0

* FSM state transitions: 
1 --> 2 
2 --> 3 
3 --> 4 
4 --> 5 
5 --> 6 
6 --> 7 
7 --> 8 
8 --> 9 
9 --> 10 
10 --> 11 
11 --> 12 
12 --> 

* FSM state operations: 

State 1 <SV = 0> <Delay = 2.44>
ST_1 : Operation 15 [1/1] (0.00ns)   --->   "%indvar_flatten = alloca i32 1"   --->   Operation 15 'alloca' 'indvar_flatten' <Predicate = true> <Delay = 0.00>
ST_1 : Operation 16 [1/1] (0.00ns)   --->   "%specinterface_ln0 = specinterface void @_ssdm_op_SpecInterface, i656 %layer7_out, void @empty_3, i32 0, i32 0, void @empty_2, i32 0, i32 0, void @empty_2, void @empty_2, void @empty_2, i32 0, i32 0, i32 0, i32 0, void @empty_2, void @empty_2, i32 4294967295, i32 0"   --->   Operation 16 'specinterface' 'specinterface_ln0' <Predicate = true> <Delay = 0.00>
ST_1 : Operation 17 [1/1] (0.00ns)   --->   "%specinterface_ln0 = specinterface void @_ssdm_op_SpecInterface, i256 %layer14_out, void @empty_3, i32 0, i32 0, void @empty_2, i32 0, i32 0, void @empty_2, void @empty_2, void @empty_2, i32 0, i32 0, i32 0, i32 0, void @empty_2, void @empty_2, i32 4294967295, i32 0"   --->   Operation 17 'specinterface' 'specinterface_ln0' <Predicate = true> <Delay = 0.00>
ST_1 : Operation 18 [1/1] (0.53ns)   --->   "%store_ln0 = store i13 0, i13 %indvar_flatten"   --->   Operation 18 'store' 'store_ln0' <Predicate = true> <Delay = 0.53>
ST_1 : Operation 19 [1/1] (0.00ns)   --->   "%br_ln25 = br void %for.body12.i" [firmware/nnet_utils/nnet_conv2d_stream.h:25->firmware/nnet_utils/nnet_conv2d_stream.h:76]   --->   Operation 19 'br' 'br_ln25' <Predicate = true> <Delay = 0.00>
ST_1 : Operation 20 [1/1] (0.00ns)   --->   "%indvar_flatten_load = load i13 %indvar_flatten" [firmware/nnet_utils/nnet_conv2d_stream.h:25->firmware/nnet_utils/nnet_conv2d_stream.h:76]   --->   Operation 20 'load' 'indvar_flatten_load' <Predicate = true> <Delay = 0.00>
ST_1 : Operation 21 [1/1] (1.36ns)   --->   "%icmp_ln25 = icmp_eq  i13 %indvar_flatten_load, i13 4356" [firmware/nnet_utils/nnet_conv2d_stream.h:25->firmware/nnet_utils/nnet_conv2d_stream.h:76]   --->   Operation 21 'icmp' 'icmp_ln25' <Predicate = true> <Delay = 1.36> <CoreInst = "Cmp">   --->   Core 9 'Cmp' <Latency = 0> <II = 1> <Delay = 1.36> <FuncUnit> <Opcode : 'icmp'> <InPorts = 2> <OutPorts = 1>
ST_1 : Operation 22 [1/1] (1.36ns)   --->   "%add_ln25 = add i13 %indvar_flatten_load, i13 1" [firmware/nnet_utils/nnet_conv2d_stream.h:25->firmware/nnet_utils/nnet_conv2d_stream.h:76]   --->   Operation 22 'add' 'add_ln25' <Predicate = true> <Delay = 1.36> <CoreInst = "Adder">   --->   Core 1 'Adder' <Latency = 0> <II = 1> <Delay = 1.36> <FuncUnit> <Opcode : 'add' 'sub'> <InPorts = 2> <OutPorts = 1>
ST_1 : Operation 23 [1/1] (0.00ns)   --->   "%br_ln25 = br i1 %icmp_ln25, void %for.cond.cleanup11.i, void %_ZN4nnet25conv_2d_buffer_latency_clINS_5arrayI8ap_fixedILi16ELi6EL9ap_q_mode5EL9ap_o_mode3ELi0EELj16EEENS1_IS2_ILi41ELi21ELS3_5ELS4_3ELi0EELj16EEE7config7EEvRN3hls6streamIT_Li0EEERNSB_IT0_Li0EEEPNT1_8weight_tEPNSI_6bias_tE.14.exit" [firmware/nnet_utils/nnet_conv2d_stream.h:25->firmware/nnet_utils/nnet_conv2d_stream.h:76]   --->   Operation 23 'br' 'br_ln25' <Predicate = true> <Delay = 0.00>
ST_1 : Operation 24 [1/1] (0.53ns)   --->   "%store_ln25 = store i13 %add_ln25, i13 %indvar_flatten" [firmware/nnet_utils/nnet_conv2d_stream.h:25->firmware/nnet_utils/nnet_conv2d_stream.h:76]   --->   Operation 24 'store' 'store_ln25' <Predicate = (!icmp_ln25)> <Delay = 0.53>

State 2 <SV = 1> <Delay = 1.82>
ST_2 : Operation 25 [1/1] (1.82ns)   --->   "%layer14_out_read = read i256 @_ssdm_op_Read.ap_fifo.volatile.i256P0A, i256 %layer14_out" [firmware/nnet_utils/nnet_conv2d_stream.h:32->firmware/nnet_utils/nnet_conv2d_stream.h:76]   --->   Operation 25 'read' 'layer14_out_read' <Predicate = (!icmp_ln25)> <Delay = 1.82> <CoreInst = "FIFO">   --->   Core 78 'FIFO' <Latency = 0> <II = 1> <Delay = 2.16> <Storage> <Opcode : 'read' 'write' 'nbread' 'nbwrite'> <Ports = 0> <Width = 256> <Depth = 4356> <FIFO>
ST_2 : Operation 26 [1/1] (0.00ns)   --->   "%trunc_ln32 = trunc i256 %layer14_out_read" [firmware/nnet_utils/nnet_conv2d_stream.h:32->firmware/nnet_utils/nnet_conv2d_stream.h:76]   --->   Operation 26 'trunc' 'trunc_ln32' <Predicate = (!icmp_ln25)> <Delay = 0.00>
ST_2 : Operation 27 [1/1] (0.00ns)   --->   "%trunc_ln32_s = partselect i16 @_ssdm_op_PartSelect.i16.i256.i32.i32, i256 %layer14_out_read, i32 16, i32 31" [firmware/nnet_utils/nnet_conv2d_stream.h:32->firmware/nnet_utils/nnet_conv2d_stream.h:76]   --->   Operation 27 'partselect' 'trunc_ln32_s' <Predicate = (!icmp_ln25)> <Delay = 0.00>
ST_2 : Operation 28 [1/1] (0.00ns)   --->   "%trunc_ln32_15 = partselect i16 @_ssdm_op_PartSelect.i16.i256.i32.i32, i256 %layer14_out_read, i32 32, i32 47" [firmware/nnet_utils/nnet_conv2d_stream.h:32->firmware/nnet_utils/nnet_conv2d_stream.h:76]   --->   Operation 28 'partselect' 'trunc_ln32_15' <Predicate = (!icmp_ln25)> <Delay = 0.00>
ST_2 : Operation 29 [1/1] (0.00ns)   --->   "%trunc_ln32_16 = partselect i16 @_ssdm_op_PartSelect.i16.i256.i32.i32, i256 %layer14_out_read, i32 48, i32 63" [firmware/nnet_utils/nnet_conv2d_stream.h:32->firmware/nnet_utils/nnet_conv2d_stream.h:76]   --->   Operation 29 'partselect' 'trunc_ln32_16' <Predicate = (!icmp_ln25)> <Delay = 0.00>
ST_2 : Operation 30 [1/1] (0.00ns)   --->   "%trunc_ln32_17 = partselect i16 @_ssdm_op_PartSelect.i16.i256.i32.i32, i256 %layer14_out_read, i32 64, i32 79" [firmware/nnet_utils/nnet_conv2d_stream.h:32->firmware/nnet_utils/nnet_conv2d_stream.h:76]   --->   Operation 30 'partselect' 'trunc_ln32_17' <Predicate = (!icmp_ln25)> <Delay = 0.00>
ST_2 : Operation 31 [1/1] (0.00ns)   --->   "%trunc_ln32_18 = partselect i16 @_ssdm_op_PartSelect.i16.i256.i32.i32, i256 %layer14_out_read, i32 80, i32 95" [firmware/nnet_utils/nnet_conv2d_stream.h:32->firmware/nnet_utils/nnet_conv2d_stream.h:76]   --->   Operation 31 'partselect' 'trunc_ln32_18' <Predicate = (!icmp_ln25)> <Delay = 0.00>
ST_2 : Operation 32 [1/1] (0.00ns)   --->   "%trunc_ln32_19 = partselect i16 @_ssdm_op_PartSelect.i16.i256.i32.i32, i256 %layer14_out_read, i32 96, i32 111" [firmware/nnet_utils/nnet_conv2d_stream.h:32->firmware/nnet_utils/nnet_conv2d_stream.h:76]   --->   Operation 32 'partselect' 'trunc_ln32_19' <Predicate = (!icmp_ln25)> <Delay = 0.00>
ST_2 : Operation 33 [1/1] (0.00ns)   --->   "%trunc_ln32_20 = partselect i16 @_ssdm_op_PartSelect.i16.i256.i32.i32, i256 %layer14_out_read, i32 112, i32 127" [firmware/nnet_utils/nnet_conv2d_stream.h:32->firmware/nnet_utils/nnet_conv2d_stream.h:76]   --->   Operation 33 'partselect' 'trunc_ln32_20' <Predicate = (!icmp_ln25)> <Delay = 0.00>
ST_2 : Operation 34 [1/1] (0.00ns)   --->   "%trunc_ln32_21 = partselect i16 @_ssdm_op_PartSelect.i16.i256.i32.i32, i256 %layer14_out_read, i32 128, i32 143" [firmware/nnet_utils/nnet_conv2d_stream.h:32->firmware/nnet_utils/nnet_conv2d_stream.h:76]   --->   Operation 34 'partselect' 'trunc_ln32_21' <Predicate = (!icmp_ln25)> <Delay = 0.00>
ST_2 : Operation 35 [1/1] (0.00ns)   --->   "%trunc_ln32_22 = partselect i16 @_ssdm_op_PartSelect.i16.i256.i32.i32, i256 %layer14_out_read, i32 144, i32 159" [firmware/nnet_utils/nnet_conv2d_stream.h:32->firmware/nnet_utils/nnet_conv2d_stream.h:76]   --->   Operation 35 'partselect' 'trunc_ln32_22' <Predicate = (!icmp_ln25)> <Delay = 0.00>
ST_2 : Operation 36 [1/1] (0.00ns)   --->   "%trunc_ln32_23 = partselect i16 @_ssdm_op_PartSelect.i16.i256.i32.i32, i256 %layer14_out_read, i32 160, i32 175" [firmware/nnet_utils/nnet_conv2d_stream.h:32->firmware/nnet_utils/nnet_conv2d_stream.h:76]   --->   Operation 36 'partselect' 'trunc_ln32_23' <Predicate = (!icmp_ln25)> <Delay = 0.00>
ST_2 : Operation 37 [1/1] (0.00ns)   --->   "%trunc_ln32_24 = partselect i16 @_ssdm_op_PartSelect.i16.i256.i32.i32, i256 %layer14_out_read, i32 176, i32 191" [firmware/nnet_utils/nnet_conv2d_stream.h:32->firmware/nnet_utils/nnet_conv2d_stream.h:76]   --->   Operation 37 'partselect' 'trunc_ln32_24' <Predicate = (!icmp_ln25)> <Delay = 0.00>
ST_2 : Operation 38 [1/1] (0.00ns)   --->   "%trunc_ln32_25 = partselect i16 @_ssdm_op_PartSelect.i16.i256.i32.i32, i256 %layer14_out_read, i32 192, i32 207" [firmware/nnet_utils/nnet_conv2d_stream.h:32->firmware/nnet_utils/nnet_conv2d_stream.h:76]   --->   Operation 38 'partselect' 'trunc_ln32_25' <Predicate = (!icmp_ln25)> <Delay = 0.00>
ST_2 : Operation 39 [1/1] (0.00ns)   --->   "%trunc_ln32_26 = partselect i16 @_ssdm_op_PartSelect.i16.i256.i32.i32, i256 %layer14_out_read, i32 208, i32 223" [firmware/nnet_utils/nnet_conv2d_stream.h:32->firmware/nnet_utils/nnet_conv2d_stream.h:76]   --->   Operation 39 'partselect' 'trunc_ln32_26' <Predicate = (!icmp_ln25)> <Delay = 0.00>
ST_2 : Operation 40 [1/1] (0.00ns)   --->   "%trunc_ln32_27 = partselect i16 @_ssdm_op_PartSelect.i16.i256.i32.i32, i256 %layer14_out_read, i32 224, i32 239" [firmware/nnet_utils/nnet_conv2d_stream.h:32->firmware/nnet_utils/nnet_conv2d_stream.h:76]   --->   Operation 40 'partselect' 'trunc_ln32_27' <Predicate = (!icmp_ln25)> <Delay = 0.00>
ST_2 : Operation 41 [1/1] (0.00ns)   --->   "%trunc_ln32_28 = partselect i16 @_ssdm_op_PartSelect.i16.i256.i32.i32, i256 %layer14_out_read, i32 240, i32 255" [firmware/nnet_utils/nnet_conv2d_stream.h:32->firmware/nnet_utils/nnet_conv2d_stream.h:76]   --->   Operation 41 'partselect' 'trunc_ln32_28' <Predicate = (!icmp_ln25)> <Delay = 0.00>
ST_2 : Operation 42 [11/11] (0.00ns)   --->   "%call_ln32 = call void @compute_output_buffer_2d<array,array<ap_fixed<41,21,5,3,0>,16u>,config7>, i16 %trunc_ln32, i16 %trunc_ln32_s, i16 %trunc_ln32_15, i16 %trunc_ln32_16, i16 %trunc_ln32_17, i16 %trunc_ln32_18, i16 %trunc_ln32_19, i16 %trunc_ln32_20, i16 %trunc_ln32_21, i16 %trunc_ln32_22, i16 %trunc_ln32_23, i16 %trunc_ln32_24, i16 %trunc_ln32_25, i16 %trunc_ln32_26, i16 %trunc_ln32_27, i16 %trunc_ln32_28, i656 %layer7_out, i16 %p_ZZN4nnet24compute_output_buffer_2dINS_5arrayI8ap_fixedILi16ELi6EL9ap_q_mode5EL9_317, i16 %void_compute_output_buffer_2d_array_const_ap_shift_reg_n_chan_stream_weig_28, i16 %p_ZZN4nnet24compute_output_buffer_2dINS_5arrayI8ap_fixedILi16ELi6EL9ap_q_mode5EL9_318, i16 %void_compute_output_buffer_2d_array_const_ap_shift_reg_n_chan_stream_weig_27, i16 %p_ZZN4nnet24compute_output_buffer_2dINS_5arrayI8ap_fixedILi16ELi6EL9ap_q_mode5EL9_319, i16 %void_compute_output_buffer_2d_array_const_ap_shift_reg_n_chan_stream_weig_26, i16 %p_ZZN4nnet24compute_output_buffer_2dINS_5arrayI8ap_fixedILi16ELi6EL9ap_q_mode5EL9_320, i16 %void_compute_output_buffer_2d_array_const_ap_shift_reg_n_chan_stream_weig_25, i16 %p_ZZN4nnet24compute_output_buffer_2dINS_5arrayI8ap_fixedILi16ELi6EL9ap_q_mode5EL9_321, i16 %void_compute_output_buffer_2d_array_const_ap_shift_reg_n_chan_stream_weig_24, i16 %p_ZZN4nnet24compute_output_buffer_2dINS_5arrayI8ap_fixedILi16ELi6EL9ap_q_mode5EL9_322, i16 %void_compute_output_buffer_2d_array_const_ap_shift_reg_n_chan_stream_weig_23, i16 %p_ZZN4nnet24compute_output_buffer_2dINS_5arrayI8ap_fixedILi16ELi6EL9ap_q_mode5EL9_323, i16 %void_compute_output_buffer_2d_array_const_ap_shift_reg_n_chan_stream_weig_22, i16 %p_ZZN4nnet24compute_output_buffer_2dINS_5arrayI8ap_fixedILi16ELi6EL9ap_q_mode5EL9_324, i16 %void_compute_output_buffer_2d_array_const_ap_shift_reg_n_chan_stream_weig_21, i16 %p_ZZN4nnet24compute_output_buffer_2dINS_5arrayI8ap_fixedILi16ELi6EL9ap_q_mode5EL9_325, i16 %void_compute_output_buffer_2d_array_const_ap_shift_reg_n_chan_stream_weig_20, i16 %p_ZZN4nnet24compute_output_buffer_2dINS_5arrayI8ap_fixedILi16ELi6EL9ap_q_mode5EL9_326, i16 %void_compute_output_buffer_2d_array_const_ap_shift_reg_n_chan_stream_weig_19, i16 %p_ZZN4nnet24compute_output_buffer_2dINS_5arrayI8ap_fixedILi16ELi6EL9ap_q_mode5EL9_327, i16 %p_ZZN4nnet24compute_output_buffer_2dINS_5arrayI8ap_fixedILi16ELi6EL9ap_q_mode5EL9_267, i16 %p_ZZN4nnet24compute_output_buffer_2dINS_5arrayI8ap_fixedILi16ELi6EL9ap_q_mode5EL9_328, i16 %p_ZZN4nnet24compute_output_buffer_2dINS_5arrayI8ap_fixedILi16ELi6EL9ap_q_mode5EL9_278, i16 %p_ZZN4nnet24compute_output_buffer_2dINS_5arrayI8ap_fixedILi16ELi6EL9ap_q_mode5EL9_329, i16 %p_ZZN4nnet24compute_output_buffer_2dINS_5arrayI8ap_fixedILi16ELi6EL9ap_q_mode5EL9_289, i16 %p_ZZN4nnet24compute_output_buffer_2dINS_5arrayI8ap_fixedILi16ELi6EL9ap_q_mode5EL9_330, i16 %p_ZZN4nnet24compute_output_buffer_2dINS_5arrayI8ap_fixedILi16ELi6EL9ap_q_mode5EL9_300, i16 %p_ZZN4nnet24compute_output_buffer_2dINS_5arrayI8ap_fixedILi16ELi6EL9ap_q_mode5EL9_331, i16 %p_ZZN4nnet24compute_output_buffer_2dINS_5arrayI8ap_fixedILi16ELi6EL9ap_q_mode5EL9_311, i16 %p_ZZN4nnet24compute_output_buffer_2dINS_5arrayI8ap_fixedILi16ELi6EL9ap_q_mode5EL9_332, i16 %p_ZZN4nnet24compute_output_buffer_2dINS_5arrayI8ap_fixedILi16ELi6EL9ap_q_mode5EL9_316, i16 %p_ZZN4nnet24compute_output_buffer_2dINS_5arrayI8ap_fixedILi16ELi6EL9ap_q_mode5EL9_365, i16 %p_ZZN4nnet24compute_output_buffer_2dINS_5arrayI8ap_fixedILi16ELi6EL9ap_q_mode5EL9_349, i16 %p_ZZN4nnet24compute_output_buffer_2dINS_5arrayI8ap_fixedILi16ELi6EL9ap_q_mode5EL9_366, i16 %p_ZZN4nnet24compute_output_buffer_2dINS_5arrayI8ap_fixedILi16ELi6EL9ap_q_mode5EL9_350, i16 %p_ZZN4nnet24compute_output_buffer_2dINS_5arrayI8ap_fixedILi16ELi6EL9ap_q_mode5EL9_367, i16 %p_ZZN4nnet24compute_output_buffer_2dINS_5arrayI8ap_fixedILi16ELi6EL9ap_q_mode5EL9_351, i16 %p_ZZN4nnet24compute_output_buffer_2dINS_5arrayI8ap_fixedILi16ELi6EL9ap_q_mode5EL9_368, i16 %p_ZZN4nnet24compute_output_buffer_2dINS_5arrayI8ap_fixedILi16ELi6EL9ap_q_mode5EL9_352, i16 %p_ZZN4nnet24compute_output_buffer_2dINS_5arrayI8ap_fixedILi16ELi6EL9ap_q_mode5EL9_369, i16 %p_ZZN4nnet24compute_output_buffer_2dINS_5arrayI8ap_fixedILi16ELi6EL9ap_q_mode5EL9_353, i16 %p_ZZN4nnet24compute_output_buffer_2dINS_5arrayI8ap_fixedILi16ELi6EL9ap_q_mode5EL9_370, i16 %p_ZZN4nnet24compute_output_buffer_2dINS_5arrayI8ap_fixedILi16ELi6EL9ap_q_mode5EL9_354, i16 %p_ZZN4nnet24compute_output_buffer_2dINS_5arrayI8ap_fixedILi16ELi6EL9ap_q_mode5EL9_371, i16 %p_ZZN4nnet24compute_output_buffer_2dINS_5arrayI8ap_fixedILi16ELi6EL9ap_q_mode5EL9_355, i16 %p_ZZN4nnet24compute_output_buffer_2dINS_5arrayI8ap_fixedILi16ELi6EL9ap_q_mode5EL9_372, i16 %p_ZZN4nnet24compute_output_buffer_2dINS_5arrayI8ap_fixedILi16ELi6EL9ap_q_mode5EL9_356, i16 %p_ZZN4nnet24compute_output_buffer_2dINS_5arrayI8ap_fixedILi16ELi6EL9ap_q_mode5EL9_373, i16 %p_ZZN4nnet24compute_output_buffer_2dINS_5arrayI8ap_fixedILi16ELi6EL9ap_q_mode5EL9_357, i16 %p_ZZN4nnet24compute_output_buffer_2dINS_5arrayI8ap_fixedILi16ELi6EL9ap_q_mode5EL9_374, i16 %p_ZZN4nnet24compute_output_buffer_2dINS_5arrayI8ap_fixedILi16ELi6EL9ap_q_mode5EL9_358, i16 %p_ZZN4nnet24compute_output_buffer_2dINS_5arrayI8ap_fixedILi16ELi6EL9ap_q_mode5EL9_375, i16 %p_ZZN4nnet24compute_output_buffer_2dINS_5arrayI8ap_fixedILi16ELi6EL9ap_q_mode5EL9_359, i16 %p_ZZN4nnet24compute_output_buffer_2dINS_5arrayI8ap_fixedILi16ELi6EL9ap_q_mode5EL9_376, i16 %p_ZZN4nnet24compute_output_buffer_2dINS_5arrayI8ap_fixedILi16ELi6EL9ap_q_mode5EL9_360, i16 %p_ZZN4nnet24compute_output_buffer_2dINS_5arrayI8ap_fixedILi16ELi6EL9ap_q_mode5EL9_377, i16 %p_ZZN4nnet24compute_output_buffer_2dINS_5arrayI8ap_fixedILi16ELi6EL9ap_q_mode5EL9_361, i16 %p_ZZN4nnet24compute_output_buffer_2dINS_5arrayI8ap_fixedILi16ELi6EL9ap_q_mode5EL9_378, i16 %p_ZZN4nnet24compute_output_buffer_2dINS_5arrayI8ap_fixedILi16ELi6EL9ap_q_mode5EL9_362, i16 %p_ZZN4nnet24compute_output_buffer_2dINS_5arrayI8ap_fixedILi16ELi6EL9ap_q_mode5EL9_379, i16 %p_ZZN4nnet24compute_output_buffer_2dINS_5arrayI8ap_fixedILi16ELi6EL9ap_q_mode5EL9_363, i16 %p_ZZN4nnet24compute_output_buffer_2dINS_5arrayI8ap_fixedILi16ELi6EL9ap_q_mode5EL9_380, i16 %p_ZZN4nnet24compute_output_buffer_2dINS_5arrayI8ap_fixedILi16ELi6EL9ap_q_mode5EL9_364, i16 %p_ZZN4nnet24compute_output_buffer_2dINS_5arrayI8ap_fixedILi16ELi6EL9ap_q_mode5EL9_281, i16 %p_ZZN4nnet24compute_output_buffer_2dINS_5arrayI8ap_fixedILi16ELi6EL9ap_q_mode5EL9_397, i16 %p_ZZN4nnet24compute_output_buffer_2dINS_5arrayI8ap_fixedILi16ELi6EL9ap_q_mode5EL9_282, i16 %p_ZZN4nnet24compute_output_buffer_2dINS_5arrayI8ap_fixedILi16ELi6EL9ap_q_mode5EL9_398, i16 %p_ZZN4nnet24compute_output_buffer_2dINS_5arrayI8ap_fixedILi16ELi6EL9ap_q_mode5EL9_283, i16 %p_ZZN4nnet24compute_output_buffer_2dINS_5arrayI8ap_fixedILi16ELi6EL9ap_q_mode5EL9_399, i16 %p_ZZN4nnet24compute_output_buffer_2dINS_5arrayI8ap_fixedILi16ELi6EL9ap_q_mode5EL9_284, i16 %p_ZZN4nnet24compute_output_buffer_2dINS_5arrayI8ap_fixedILi16ELi6EL9ap_q_mode5EL9_400, i16 %p_ZZN4nnet24compute_output_buffer_2dINS_5arrayI8ap_fixedILi16ELi6EL9ap_q_mode5EL9_285, i16 %p_ZZN4nnet24compute_output_buffer_2dINS_5arrayI8ap_fixedILi16ELi6EL9ap_q_mode5EL9_268, i16 %p_ZZN4nnet24compute_output_buffer_2dINS_5arrayI8ap_fixedILi16ELi6EL9ap_q_mode5EL9_286, i16 %p_ZZN4nnet24compute_output_buffer_2dINS_5arrayI8ap_fixedILi16ELi6EL9ap_q_mode5EL9_269, i16 %p_ZZN4nnet24compute_output_buffer_2dINS_5arrayI8ap_fixedILi16ELi6EL9ap_q_mode5EL9_287, i16 %p_ZZN4nnet24compute_output_buffer_2dINS_5arrayI8ap_fixedILi16ELi6EL9ap_q_mode5EL9_270, i16 %p_ZZN4nnet24compute_output_buffer_2dINS_5arrayI8ap_fixedILi16ELi6EL9ap_q_mode5EL9_288, i16 %p_ZZN4nnet24compute_output_buffer_2dINS_5arrayI8ap_fixedILi16ELi6EL9ap_q_mode5EL9_271, i16 %p_ZZN4nnet24compute_output_buffer_2dINS_5arrayI8ap_fixedILi16ELi6EL9ap_q_mode5EL9_290, i16 %p_ZZN4nnet24compute_output_buffer_2dINS_5arrayI8ap_fixedILi16ELi6EL9ap_q_mode5EL9_272, i16 %p_ZZN4nnet24compute_output_buffer_2dINS_5arrayI8ap_fixedILi16ELi6EL9ap_q_mode5EL9_291, i16 %p_ZZN4nnet24compute_output_buffer_2dINS_5arrayI8ap_fixedILi16ELi6EL9ap_q_mode5EL9_273, i16 %p_ZZN4nnet24compute_output_buffer_2dINS_5arrayI8ap_fixedILi16ELi6EL9ap_q_mode5EL9_292, i16 %p_ZZN4nnet24compute_output_buffer_2dINS_5arrayI8ap_fixedILi16ELi6EL9ap_q_mode5EL9_274, i16 %p_ZZN4nnet24compute_output_buffer_2dINS_5arrayI8ap_fixedILi16ELi6EL9ap_q_mode5EL9_293, i16 %p_ZZN4nnet24compute_output_buffer_2dINS_5arrayI8ap_fixedILi16ELi6EL9ap_q_mode5EL9_275, i16 %p_ZZN4nnet24compute_output_buffer_2dINS_5arrayI8ap_fixedILi16ELi6EL9ap_q_mode5EL9_294, i16 %p_ZZN4nnet24compute_output_buffer_2dINS_5arrayI8ap_fixedILi16ELi6EL9ap_q_mode5EL9_276, i16 %p_ZZN4nnet24compute_output_buffer_2dINS_5arrayI8ap_fixedILi16ELi6EL9ap_q_mode5EL9_295, i16 %p_ZZN4nnet24compute_output_buffer_2dINS_5arrayI8ap_fixedILi16ELi6EL9ap_q_mode5EL9_277, i16 %p_ZZN4nnet24compute_output_buffer_2dINS_5arrayI8ap_fixedILi16ELi6EL9ap_q_mode5EL9_296, i16 %p_ZZN4nnet24compute_output_buffer_2dINS_5arrayI8ap_fixedILi16ELi6EL9ap_q_mode5EL9_279, i16 %p_ZZN4nnet24compute_output_buffer_2dINS_5arrayI8ap_fixedILi16ELi6EL9ap_q_mode5EL9_297, i16 %p_ZZN4nnet24compute_output_buffer_2dINS_5arrayI8ap_fixedILi16ELi6EL9ap_q_mode5EL9_280, i16 %p_ZZN4nnet24compute_output_buffer_2dINS_5arrayI8ap_fixedILi16ELi6EL9ap_q_mode5EL9_333, i16 %p_ZZN4nnet24compute_output_buffer_2dINS_5arrayI8ap_fixedILi16ELi6EL9ap_q_mode5EL9_334, i16 %p_ZZN4nnet24compute_output_buffer_2dINS_5arrayI8ap_fixedILi16ELi6EL9ap_q_mode5EL9_335, i16 %p_ZZN4nnet24compute_output_buffer_2dINS_5arrayI8ap_fixedILi16ELi6EL9ap_q_mode5EL9_336, i16 %p_ZZN4nnet24compute_output_buffer_2dINS_5arrayI8ap_fixedILi16ELi6EL9ap_q_mode5EL9_337, i16 %p_ZZN4nnet24compute_output_buffer_2dINS_5arrayI8ap_fixedILi16ELi6EL9ap_q_mode5EL9_338, i16 %p_ZZN4nnet24compute_output_buffer_2dINS_5arrayI8ap_fixedILi16ELi6EL9ap_q_mode5EL9_339, i16 %p_ZZN4nnet24compute_output_buffer_2dINS_5arrayI8ap_fixedILi16ELi6EL9ap_q_mode5EL9_340, i16 %p_ZZN4nnet24compute_output_buffer_2dINS_5arrayI8ap_fixedILi16ELi6EL9ap_q_mode5EL9_341, i16 %p_ZZN4nnet24compute_output_buffer_2dINS_5arrayI8ap_fixedILi16ELi6EL9ap_q_mode5EL9_342, i16 %p_ZZN4nnet24compute_output_buffer_2dINS_5arrayI8ap_fixedILi16ELi6EL9ap_q_mode5EL9_343, i16 %p_ZZN4nnet24compute_output_buffer_2dINS_5arrayI8ap_fixedILi16ELi6EL9ap_q_mode5EL9_344, i16 %p_ZZN4nnet24compute_output_buffer_2dINS_5arrayI8ap_fixedILi16ELi6EL9ap_q_mode5EL9_345, i16 %p_ZZN4nnet24compute_output_buffer_2dINS_5arrayI8ap_fixedILi16ELi6EL9ap_q_mode5EL9_346, i16 %p_ZZN4nnet24compute_output_buffer_2dINS_5arrayI8ap_fixedILi16ELi6EL9ap_q_mode5EL9_347, i16 %p_ZZN4nnet24compute_output_buffer_2dINS_5arrayI8ap_fixedILi16ELi6EL9ap_q_mode5EL9_348, i16 %p_ZZN4nnet24compute_output_buffer_2dINS_5arrayI8ap_fixedILi16ELi6EL9ap_q_mode5EL9_381, i16 %p_ZZN4nnet24compute_output_buffer_2dINS_5arrayI8ap_fixedILi16ELi6EL9ap_q_mode5EL9_382, i16 %p_ZZN4nnet24compute_output_buffer_2dINS_5arrayI8ap_fixedILi16ELi6EL9ap_q_mode5EL9_383, i16 %p_ZZN4nnet24compute_output_buffer_2dINS_5arrayI8ap_fixedILi16ELi6EL9ap_q_mode5EL9_384, i16 %p_ZZN4nnet24compute_output_buffer_2dINS_5arrayI8ap_fixedILi16ELi6EL9ap_q_mode5EL9_385, i16 %p_ZZN4nnet24compute_output_buffer_2dINS_5arrayI8ap_fixedILi16ELi6EL9ap_q_mode5EL9_386, i16 %p_ZZN4nnet24compute_output_buffer_2dINS_5arrayI8ap_fixedILi16ELi6EL9ap_q_mode5EL9_387, i16 %p_ZZN4nnet24compute_output_buffer_2dINS_5arrayI8ap_fixedILi16ELi6EL9ap_q_mode5EL9_388, i16 %p_ZZN4nnet24compute_output_buffer_2dINS_5arrayI8ap_fixedILi16ELi6EL9ap_q_mode5EL9_389, i16 %p_ZZN4nnet24compute_output_buffer_2dINS_5arrayI8ap_fixedILi16ELi6EL9ap_q_mode5EL9_390, i16 %p_ZZN4nnet24compute_output_buffer_2dINS_5arrayI8ap_fixedILi16ELi6EL9ap_q_mode5EL9_391, i16 %p_ZZN4nnet24compute_output_buffer_2dINS_5arrayI8ap_fixedILi16ELi6EL9ap_q_mode5EL9_392, i16 %p_ZZN4nnet24compute_output_buffer_2dINS_5arrayI8ap_fixedILi16ELi6EL9ap_q_mode5EL9_393, i16 %p_ZZN4nnet24compute_output_buffer_2dINS_5arrayI8ap_fixedILi16ELi6EL9ap_q_mode5EL9_394, i16 %p_ZZN4nnet24compute_output_buffer_2dINS_5arrayI8ap_fixedILi16ELi6EL9ap_q_mode5EL9_395, i16 %p_ZZN4nnet24compute_output_buffer_2dINS_5arrayI8ap_fixedILi16ELi6EL9ap_q_mode5EL9_396, i16 %p_ZZN4nnet24compute_output_buffer_2dINS_5arrayI8ap_fixedILi16ELi6EL9ap_q_mode5EL9_298, i16 %p_ZZN4nnet24compute_output_buffer_2dINS_5arrayI8ap_fixedILi16ELi6EL9ap_q_mode5EL9_299, i16 %p_ZZN4nnet24compute_output_buffer_2dINS_5arrayI8ap_fixedILi16ELi6EL9ap_q_mode5EL9_301, i16 %p_ZZN4nnet24compute_output_buffer_2dINS_5arrayI8ap_fixedILi16ELi6EL9ap_q_mode5EL9_302, i16 %p_ZZN4nnet24compute_output_buffer_2dINS_5arrayI8ap_fixedILi16ELi6EL9ap_q_mode5EL9_303, i16 %p_ZZN4nnet24compute_output_buffer_2dINS_5arrayI8ap_fixedILi16ELi6EL9ap_q_mode5EL9_304, i16 %p_ZZN4nnet24compute_output_buffer_2dINS_5arrayI8ap_fixedILi16ELi6EL9ap_q_mode5EL9_305, i16 %p_ZZN4nnet24compute_output_buffer_2dINS_5arrayI8ap_fixedILi16ELi6EL9ap_q_mode5EL9_306, i16 %p_ZZN4nnet24compute_output_buffer_2dINS_5arrayI8ap_fixedILi16ELi6EL9ap_q_mode5EL9_307, i16 %p_ZZN4nnet24compute_output_buffer_2dINS_5arrayI8ap_fixedILi16ELi6EL9ap_q_mode5EL9_308, i16 %p_ZZN4nnet24compute_output_buffer_2dINS_5arrayI8ap_fixedILi16ELi6EL9ap_q_mode5EL9_309, i16 %p_ZZN4nnet24compute_output_buffer_2dINS_5arrayI8ap_fixedILi16ELi6EL9ap_q_mode5EL9_310, i16 %p_ZZN4nnet24compute_output_buffer_2dINS_5arrayI8ap_fixedILi16ELi6EL9ap_q_mode5EL9_312, i16 %p_ZZN4nnet24compute_output_buffer_2dINS_5arrayI8ap_fixedILi16ELi6EL9ap_q_mode5EL9_313, i16 %p_ZZN4nnet24compute_output_buffer_2dINS_5arrayI8ap_fixedILi16ELi6EL9ap_q_mode5EL9_314, i16 %p_ZZN4nnet24compute_output_buffer_2dINS_5arrayI8ap_fixedILi16ELi6EL9ap_q_mode5EL9_315, i16 %p_ZZN4nnet25conv_2d_buffer_latency_clINS_5arrayI8ap_fixedILi16ELi6EL9ap_q_mode5EL_63, i16 %p_ZZN4nnet25conv_2d_buffer_latency_clINS_5arrayI8ap_fixedILi16ELi6EL9ap_q_mode5EL_47, i16 %p_ZZN4nnet25conv_2d_buffer_latency_clINS_5arrayI8ap_fixedILi16ELi6EL9ap_q_mode5EL_62, i16 %p_ZZN4nnet25conv_2d_buffer_latency_clINS_5arrayI8ap_fixedILi16ELi6EL9ap_q_mode5EL_46, i16 %p_ZZN4nnet25conv_2d_buffer_latency_clINS_5arrayI8ap_fixedILi16ELi6EL9ap_q_mode5EL_55, i16 %p_ZZN4nnet25conv_2d_buffer_latency_clINS_5arrayI8ap_fixedILi16ELi6EL9ap_q_mode5EL_39, i16 %p_ZZN4nnet25conv_2d_buffer_latency_clINS_5arrayI8ap_fixedILi16ELi6EL9ap_q_mode5EL_54, i16 %p_ZZN4nnet25conv_2d_buffer_latency_clINS_5arrayI8ap_fixedILi16ELi6EL9ap_q_mode5EL_38, i16 %p_ZZN4nnet25conv_2d_buffer_latency_clINS_5arrayI8ap_fixedILi16ELi6EL9ap_q_mode5EL_53, i16 %p_ZZN4nnet25conv_2d_buffer_latency_clINS_5arrayI8ap_fixedILi16ELi6EL9ap_q_mode5EL_37, i16 %p_ZZN4nnet25conv_2d_buffer_latency_clINS_5arrayI8ap_fixedILi16ELi6EL9ap_q_mode5EL_52, i16 %p_ZZN4nnet25conv_2d_buffer_latency_clINS_5arrayI8ap_fixedILi16ELi6EL9ap_q_mode5EL_36, i16 %p_ZZN4nnet25conv_2d_buffer_latency_clINS_5arrayI8ap_fixedILi16ELi6EL9ap_q_mode5EL_51, i16 %p_ZZN4nnet25conv_2d_buffer_latency_clINS_5arrayI8ap_fixedILi16ELi6EL9ap_q_mode5EL_35, i16 %p_ZZN4nnet25conv_2d_buffer_latency_clINS_5arrayI8ap_fixedILi16ELi6EL9ap_q_mode5EL_50, i16 %p_ZZN4nnet25conv_2d_buffer_latency_clINS_5arrayI8ap_fixedILi16ELi6EL9ap_q_mode5EL_34, i16 %p_ZZN4nnet25conv_2d_buffer_latency_clINS_5arrayI8ap_fixedILi16ELi6EL9ap_q_mode5EL_49, i16 %p_ZZN4nnet25conv_2d_buffer_latency_clINS_5arrayI8ap_fixedILi16ELi6EL9ap_q_mode5EL_33, i16 %p_ZZN4nnet25conv_2d_buffer_latency_clINS_5arrayI8ap_fixedILi16ELi6EL9ap_q_mode5EL_48, i16 %p_ZZN4nnet25conv_2d_buffer_latency_clINS_5arrayI8ap_fixedILi16ELi6EL9ap_q_mode5EL_32, i16 %p_ZZN4nnet25conv_2d_buffer_latency_clINS_5arrayI8ap_fixedILi16ELi6EL9ap_q_mode5EL_61, i16 %p_ZZN4nnet25conv_2d_buffer_latency_clINS_5arrayI8ap_fixedILi16ELi6EL9ap_q_mode5EL_45, i16 %p_ZZN4nnet25conv_2d_buffer_latency_clINS_5arrayI8ap_fixedILi16ELi6EL9ap_q_mode5EL_60, i16 %p_ZZN4nnet25conv_2d_buffer_latency_clINS_5arrayI8ap_fixedILi16ELi6EL9ap_q_mode5EL_44, i16 %p_ZZN4nnet25conv_2d_buffer_latency_clINS_5arrayI8ap_fixedILi16ELi6EL9ap_q_mode5EL_59, i16 %p_ZZN4nnet25conv_2d_buffer_latency_clINS_5arrayI8ap_fixedILi16ELi6EL9ap_q_mode5EL_43, i16 %p_ZZN4nnet25conv_2d_buffer_latency_clINS_5arrayI8ap_fixedILi16ELi6EL9ap_q_mode5EL_58, i16 %p_ZZN4nnet25conv_2d_buffer_latency_clINS_5arrayI8ap_fixedILi16ELi6EL9ap_q_mode5EL_42, i16 %p_ZZN4nnet25conv_2d_buffer_latency_clINS_5arrayI8ap_fixedILi16ELi6EL9ap_q_mode5EL_57, i16 %p_ZZN4nnet25conv_2d_buffer_latency_clINS_5arrayI8ap_fixedILi16ELi6EL9ap_q_mode5EL_41, i16 %p_ZZN4nnet25conv_2d_buffer_latency_clINS_5arrayI8ap_fixedILi16ELi6EL9ap_q_mode5EL_56, i16 %p_ZZN4nnet25conv_2d_buffer_latency_clINS_5arrayI8ap_fixedILi16ELi6EL9ap_q_mode5EL_40, i32 %sX_5, i32 %sY_5, i32 %pY_5, i32 %pX_5" [firmware/nnet_utils/nnet_conv2d_stream.h:32->firmware/nnet_utils/nnet_conv2d_stream.h:76]   --->   Operation 42 'call' 'call_ln32' <Predicate = (!icmp_ln25)> <Delay = 0.00> <CoreType = "Generic">   --->   Core 0 '' <Latency = 0> <II = 1> <Delay = 1.00> <Generic> <Opcode : >
ST_2 : Operation 57 [1/1] (0.00ns)   --->   "%ret_ln82 = ret" [firmware/nnet_utils/nnet_conv2d_stream.h:82]   --->   Operation 57 'ret' 'ret_ln82' <Predicate = (icmp_ln25)> <Delay = 0.00>

State 3 <SV = 2> <Delay = 0.00>
ST_3 : Operation 43 [10/11] (0.00ns)   --->   "%call_ln32 = call void @compute_output_buffer_2d<array,array<ap_fixed<41,21,5,3,0>,16u>,config7>, i16 %trunc_ln32, i16 %trunc_ln32_s, i16 %trunc_ln32_15, i16 %trunc_ln32_16, i16 %trunc_ln32_17, i16 %trunc_ln32_18, i16 %trunc_ln32_19, i16 %trunc_ln32_20, i16 %trunc_ln32_21, i16 %trunc_ln32_22, i16 %trunc_ln32_23, i16 %trunc_ln32_24, i16 %trunc_ln32_25, i16 %trunc_ln32_26, i16 %trunc_ln32_27, i16 %trunc_ln32_28, i656 %layer7_out, i16 %p_ZZN4nnet24compute_output_buffer_2dINS_5arrayI8ap_fixedILi16ELi6EL9ap_q_mode5EL9_317, i16 %void_compute_output_buffer_2d_array_const_ap_shift_reg_n_chan_stream_weig_28, i16 %p_ZZN4nnet24compute_output_buffer_2dINS_5arrayI8ap_fixedILi16ELi6EL9ap_q_mode5EL9_318, i16 %void_compute_output_buffer_2d_array_const_ap_shift_reg_n_chan_stream_weig_27, i16 %p_ZZN4nnet24compute_output_buffer_2dINS_5arrayI8ap_fixedILi16ELi6EL9ap_q_mode5EL9_319, i16 %void_compute_output_buffer_2d_array_const_ap_shift_reg_n_chan_stream_weig_26, i16 %p_ZZN4nnet24compute_output_buffer_2dINS_5arrayI8ap_fixedILi16ELi6EL9ap_q_mode5EL9_320, i16 %void_compute_output_buffer_2d_array_const_ap_shift_reg_n_chan_stream_weig_25, i16 %p_ZZN4nnet24compute_output_buffer_2dINS_5arrayI8ap_fixedILi16ELi6EL9ap_q_mode5EL9_321, i16 %void_compute_output_buffer_2d_array_const_ap_shift_reg_n_chan_stream_weig_24, i16 %p_ZZN4nnet24compute_output_buffer_2dINS_5arrayI8ap_fixedILi16ELi6EL9ap_q_mode5EL9_322, i16 %void_compute_output_buffer_2d_array_const_ap_shift_reg_n_chan_stream_weig_23, i16 %p_ZZN4nnet24compute_output_buffer_2dINS_5arrayI8ap_fixedILi16ELi6EL9ap_q_mode5EL9_323, i16 %void_compute_output_buffer_2d_array_const_ap_shift_reg_n_chan_stream_weig_22, i16 %p_ZZN4nnet24compute_output_buffer_2dINS_5arrayI8ap_fixedILi16ELi6EL9ap_q_mode5EL9_324, i16 %void_compute_output_buffer_2d_array_const_ap_shift_reg_n_chan_stream_weig_21, i16 %p_ZZN4nnet24compute_output_buffer_2dINS_5arrayI8ap_fixedILi16ELi6EL9ap_q_mode5EL9_325, i16 %void_compute_output_buffer_2d_array_const_ap_shift_reg_n_chan_stream_weig_20, i16 %p_ZZN4nnet24compute_output_buffer_2dINS_5arrayI8ap_fixedILi16ELi6EL9ap_q_mode5EL9_326, i16 %void_compute_output_buffer_2d_array_const_ap_shift_reg_n_chan_stream_weig_19, i16 %p_ZZN4nnet24compute_output_buffer_2dINS_5arrayI8ap_fixedILi16ELi6EL9ap_q_mode5EL9_327, i16 %p_ZZN4nnet24compute_output_buffer_2dINS_5arrayI8ap_fixedILi16ELi6EL9ap_q_mode5EL9_267, i16 %p_ZZN4nnet24compute_output_buffer_2dINS_5arrayI8ap_fixedILi16ELi6EL9ap_q_mode5EL9_328, i16 %p_ZZN4nnet24compute_output_buffer_2dINS_5arrayI8ap_fixedILi16ELi6EL9ap_q_mode5EL9_278, i16 %p_ZZN4nnet24compute_output_buffer_2dINS_5arrayI8ap_fixedILi16ELi6EL9ap_q_mode5EL9_329, i16 %p_ZZN4nnet24compute_output_buffer_2dINS_5arrayI8ap_fixedILi16ELi6EL9ap_q_mode5EL9_289, i16 %p_ZZN4nnet24compute_output_buffer_2dINS_5arrayI8ap_fixedILi16ELi6EL9ap_q_mode5EL9_330, i16 %p_ZZN4nnet24compute_output_buffer_2dINS_5arrayI8ap_fixedILi16ELi6EL9ap_q_mode5EL9_300, i16 %p_ZZN4nnet24compute_output_buffer_2dINS_5arrayI8ap_fixedILi16ELi6EL9ap_q_mode5EL9_331, i16 %p_ZZN4nnet24compute_output_buffer_2dINS_5arrayI8ap_fixedILi16ELi6EL9ap_q_mode5EL9_311, i16 %p_ZZN4nnet24compute_output_buffer_2dINS_5arrayI8ap_fixedILi16ELi6EL9ap_q_mode5EL9_332, i16 %p_ZZN4nnet24compute_output_buffer_2dINS_5arrayI8ap_fixedILi16ELi6EL9ap_q_mode5EL9_316, i16 %p_ZZN4nnet24compute_output_buffer_2dINS_5arrayI8ap_fixedILi16ELi6EL9ap_q_mode5EL9_365, i16 %p_ZZN4nnet24compute_output_buffer_2dINS_5arrayI8ap_fixedILi16ELi6EL9ap_q_mode5EL9_349, i16 %p_ZZN4nnet24compute_output_buffer_2dINS_5arrayI8ap_fixedILi16ELi6EL9ap_q_mode5EL9_366, i16 %p_ZZN4nnet24compute_output_buffer_2dINS_5arrayI8ap_fixedILi16ELi6EL9ap_q_mode5EL9_350, i16 %p_ZZN4nnet24compute_output_buffer_2dINS_5arrayI8ap_fixedILi16ELi6EL9ap_q_mode5EL9_367, i16 %p_ZZN4nnet24compute_output_buffer_2dINS_5arrayI8ap_fixedILi16ELi6EL9ap_q_mode5EL9_351, i16 %p_ZZN4nnet24compute_output_buffer_2dINS_5arrayI8ap_fixedILi16ELi6EL9ap_q_mode5EL9_368, i16 %p_ZZN4nnet24compute_output_buffer_2dINS_5arrayI8ap_fixedILi16ELi6EL9ap_q_mode5EL9_352, i16 %p_ZZN4nnet24compute_output_buffer_2dINS_5arrayI8ap_fixedILi16ELi6EL9ap_q_mode5EL9_369, i16 %p_ZZN4nnet24compute_output_buffer_2dINS_5arrayI8ap_fixedILi16ELi6EL9ap_q_mode5EL9_353, i16 %p_ZZN4nnet24compute_output_buffer_2dINS_5arrayI8ap_fixedILi16ELi6EL9ap_q_mode5EL9_370, i16 %p_ZZN4nnet24compute_output_buffer_2dINS_5arrayI8ap_fixedILi16ELi6EL9ap_q_mode5EL9_354, i16 %p_ZZN4nnet24compute_output_buffer_2dINS_5arrayI8ap_fixedILi16ELi6EL9ap_q_mode5EL9_371, i16 %p_ZZN4nnet24compute_output_buffer_2dINS_5arrayI8ap_fixedILi16ELi6EL9ap_q_mode5EL9_355, i16 %p_ZZN4nnet24compute_output_buffer_2dINS_5arrayI8ap_fixedILi16ELi6EL9ap_q_mode5EL9_372, i16 %p_ZZN4nnet24compute_output_buffer_2dINS_5arrayI8ap_fixedILi16ELi6EL9ap_q_mode5EL9_356, i16 %p_ZZN4nnet24compute_output_buffer_2dINS_5arrayI8ap_fixedILi16ELi6EL9ap_q_mode5EL9_373, i16 %p_ZZN4nnet24compute_output_buffer_2dINS_5arrayI8ap_fixedILi16ELi6EL9ap_q_mode5EL9_357, i16 %p_ZZN4nnet24compute_output_buffer_2dINS_5arrayI8ap_fixedILi16ELi6EL9ap_q_mode5EL9_374, i16 %p_ZZN4nnet24compute_output_buffer_2dINS_5arrayI8ap_fixedILi16ELi6EL9ap_q_mode5EL9_358, i16 %p_ZZN4nnet24compute_output_buffer_2dINS_5arrayI8ap_fixedILi16ELi6EL9ap_q_mode5EL9_375, i16 %p_ZZN4nnet24compute_output_buffer_2dINS_5arrayI8ap_fixedILi16ELi6EL9ap_q_mode5EL9_359, i16 %p_ZZN4nnet24compute_output_buffer_2dINS_5arrayI8ap_fixedILi16ELi6EL9ap_q_mode5EL9_376, i16 %p_ZZN4nnet24compute_output_buffer_2dINS_5arrayI8ap_fixedILi16ELi6EL9ap_q_mode5EL9_360, i16 %p_ZZN4nnet24compute_output_buffer_2dINS_5arrayI8ap_fixedILi16ELi6EL9ap_q_mode5EL9_377, i16 %p_ZZN4nnet24compute_output_buffer_2dINS_5arrayI8ap_fixedILi16ELi6EL9ap_q_mode5EL9_361, i16 %p_ZZN4nnet24compute_output_buffer_2dINS_5arrayI8ap_fixedILi16ELi6EL9ap_q_mode5EL9_378, i16 %p_ZZN4nnet24compute_output_buffer_2dINS_5arrayI8ap_fixedILi16ELi6EL9ap_q_mode5EL9_362, i16 %p_ZZN4nnet24compute_output_buffer_2dINS_5arrayI8ap_fixedILi16ELi6EL9ap_q_mode5EL9_379, i16 %p_ZZN4nnet24compute_output_buffer_2dINS_5arrayI8ap_fixedILi16ELi6EL9ap_q_mode5EL9_363, i16 %p_ZZN4nnet24compute_output_buffer_2dINS_5arrayI8ap_fixedILi16ELi6EL9ap_q_mode5EL9_380, i16 %p_ZZN4nnet24compute_output_buffer_2dINS_5arrayI8ap_fixedILi16ELi6EL9ap_q_mode5EL9_364, i16 %p_ZZN4nnet24compute_output_buffer_2dINS_5arrayI8ap_fixedILi16ELi6EL9ap_q_mode5EL9_281, i16 %p_ZZN4nnet24compute_output_buffer_2dINS_5arrayI8ap_fixedILi16ELi6EL9ap_q_mode5EL9_397, i16 %p_ZZN4nnet24compute_output_buffer_2dINS_5arrayI8ap_fixedILi16ELi6EL9ap_q_mode5EL9_282, i16 %p_ZZN4nnet24compute_output_buffer_2dINS_5arrayI8ap_fixedILi16ELi6EL9ap_q_mode5EL9_398, i16 %p_ZZN4nnet24compute_output_buffer_2dINS_5arrayI8ap_fixedILi16ELi6EL9ap_q_mode5EL9_283, i16 %p_ZZN4nnet24compute_output_buffer_2dINS_5arrayI8ap_fixedILi16ELi6EL9ap_q_mode5EL9_399, i16 %p_ZZN4nnet24compute_output_buffer_2dINS_5arrayI8ap_fixedILi16ELi6EL9ap_q_mode5EL9_284, i16 %p_ZZN4nnet24compute_output_buffer_2dINS_5arrayI8ap_fixedILi16ELi6EL9ap_q_mode5EL9_400, i16 %p_ZZN4nnet24compute_output_buffer_2dINS_5arrayI8ap_fixedILi16ELi6EL9ap_q_mode5EL9_285, i16 %p_ZZN4nnet24compute_output_buffer_2dINS_5arrayI8ap_fixedILi16ELi6EL9ap_q_mode5EL9_268, i16 %p_ZZN4nnet24compute_output_buffer_2dINS_5arrayI8ap_fixedILi16ELi6EL9ap_q_mode5EL9_286, i16 %p_ZZN4nnet24compute_output_buffer_2dINS_5arrayI8ap_fixedILi16ELi6EL9ap_q_mode5EL9_269, i16 %p_ZZN4nnet24compute_output_buffer_2dINS_5arrayI8ap_fixedILi16ELi6EL9ap_q_mode5EL9_287, i16 %p_ZZN4nnet24compute_output_buffer_2dINS_5arrayI8ap_fixedILi16ELi6EL9ap_q_mode5EL9_270, i16 %p_ZZN4nnet24compute_output_buffer_2dINS_5arrayI8ap_fixedILi16ELi6EL9ap_q_mode5EL9_288, i16 %p_ZZN4nnet24compute_output_buffer_2dINS_5arrayI8ap_fixedILi16ELi6EL9ap_q_mode5EL9_271, i16 %p_ZZN4nnet24compute_output_buffer_2dINS_5arrayI8ap_fixedILi16ELi6EL9ap_q_mode5EL9_290, i16 %p_ZZN4nnet24compute_output_buffer_2dINS_5arrayI8ap_fixedILi16ELi6EL9ap_q_mode5EL9_272, i16 %p_ZZN4nnet24compute_output_buffer_2dINS_5arrayI8ap_fixedILi16ELi6EL9ap_q_mode5EL9_291, i16 %p_ZZN4nnet24compute_output_buffer_2dINS_5arrayI8ap_fixedILi16ELi6EL9ap_q_mode5EL9_273, i16 %p_ZZN4nnet24compute_output_buffer_2dINS_5arrayI8ap_fixedILi16ELi6EL9ap_q_mode5EL9_292, i16 %p_ZZN4nnet24compute_output_buffer_2dINS_5arrayI8ap_fixedILi16ELi6EL9ap_q_mode5EL9_274, i16 %p_ZZN4nnet24compute_output_buffer_2dINS_5arrayI8ap_fixedILi16ELi6EL9ap_q_mode5EL9_293, i16 %p_ZZN4nnet24compute_output_buffer_2dINS_5arrayI8ap_fixedILi16ELi6EL9ap_q_mode5EL9_275, i16 %p_ZZN4nnet24compute_output_buffer_2dINS_5arrayI8ap_fixedILi16ELi6EL9ap_q_mode5EL9_294, i16 %p_ZZN4nnet24compute_output_buffer_2dINS_5arrayI8ap_fixedILi16ELi6EL9ap_q_mode5EL9_276, i16 %p_ZZN4nnet24compute_output_buffer_2dINS_5arrayI8ap_fixedILi16ELi6EL9ap_q_mode5EL9_295, i16 %p_ZZN4nnet24compute_output_buffer_2dINS_5arrayI8ap_fixedILi16ELi6EL9ap_q_mode5EL9_277, i16 %p_ZZN4nnet24compute_output_buffer_2dINS_5arrayI8ap_fixedILi16ELi6EL9ap_q_mode5EL9_296, i16 %p_ZZN4nnet24compute_output_buffer_2dINS_5arrayI8ap_fixedILi16ELi6EL9ap_q_mode5EL9_279, i16 %p_ZZN4nnet24compute_output_buffer_2dINS_5arrayI8ap_fixedILi16ELi6EL9ap_q_mode5EL9_297, i16 %p_ZZN4nnet24compute_output_buffer_2dINS_5arrayI8ap_fixedILi16ELi6EL9ap_q_mode5EL9_280, i16 %p_ZZN4nnet24compute_output_buffer_2dINS_5arrayI8ap_fixedILi16ELi6EL9ap_q_mode5EL9_333, i16 %p_ZZN4nnet24compute_output_buffer_2dINS_5arrayI8ap_fixedILi16ELi6EL9ap_q_mode5EL9_334, i16 %p_ZZN4nnet24compute_output_buffer_2dINS_5arrayI8ap_fixedILi16ELi6EL9ap_q_mode5EL9_335, i16 %p_ZZN4nnet24compute_output_buffer_2dINS_5arrayI8ap_fixedILi16ELi6EL9ap_q_mode5EL9_336, i16 %p_ZZN4nnet24compute_output_buffer_2dINS_5arrayI8ap_fixedILi16ELi6EL9ap_q_mode5EL9_337, i16 %p_ZZN4nnet24compute_output_buffer_2dINS_5arrayI8ap_fixedILi16ELi6EL9ap_q_mode5EL9_338, i16 %p_ZZN4nnet24compute_output_buffer_2dINS_5arrayI8ap_fixedILi16ELi6EL9ap_q_mode5EL9_339, i16 %p_ZZN4nnet24compute_output_buffer_2dINS_5arrayI8ap_fixedILi16ELi6EL9ap_q_mode5EL9_340, i16 %p_ZZN4nnet24compute_output_buffer_2dINS_5arrayI8ap_fixedILi16ELi6EL9ap_q_mode5EL9_341, i16 %p_ZZN4nnet24compute_output_buffer_2dINS_5arrayI8ap_fixedILi16ELi6EL9ap_q_mode5EL9_342, i16 %p_ZZN4nnet24compute_output_buffer_2dINS_5arrayI8ap_fixedILi16ELi6EL9ap_q_mode5EL9_343, i16 %p_ZZN4nnet24compute_output_buffer_2dINS_5arrayI8ap_fixedILi16ELi6EL9ap_q_mode5EL9_344, i16 %p_ZZN4nnet24compute_output_buffer_2dINS_5arrayI8ap_fixedILi16ELi6EL9ap_q_mode5EL9_345, i16 %p_ZZN4nnet24compute_output_buffer_2dINS_5arrayI8ap_fixedILi16ELi6EL9ap_q_mode5EL9_346, i16 %p_ZZN4nnet24compute_output_buffer_2dINS_5arrayI8ap_fixedILi16ELi6EL9ap_q_mode5EL9_347, i16 %p_ZZN4nnet24compute_output_buffer_2dINS_5arrayI8ap_fixedILi16ELi6EL9ap_q_mode5EL9_348, i16 %p_ZZN4nnet24compute_output_buffer_2dINS_5arrayI8ap_fixedILi16ELi6EL9ap_q_mode5EL9_381, i16 %p_ZZN4nnet24compute_output_buffer_2dINS_5arrayI8ap_fixedILi16ELi6EL9ap_q_mode5EL9_382, i16 %p_ZZN4nnet24compute_output_buffer_2dINS_5arrayI8ap_fixedILi16ELi6EL9ap_q_mode5EL9_383, i16 %p_ZZN4nnet24compute_output_buffer_2dINS_5arrayI8ap_fixedILi16ELi6EL9ap_q_mode5EL9_384, i16 %p_ZZN4nnet24compute_output_buffer_2dINS_5arrayI8ap_fixedILi16ELi6EL9ap_q_mode5EL9_385, i16 %p_ZZN4nnet24compute_output_buffer_2dINS_5arrayI8ap_fixedILi16ELi6EL9ap_q_mode5EL9_386, i16 %p_ZZN4nnet24compute_output_buffer_2dINS_5arrayI8ap_fixedILi16ELi6EL9ap_q_mode5EL9_387, i16 %p_ZZN4nnet24compute_output_buffer_2dINS_5arrayI8ap_fixedILi16ELi6EL9ap_q_mode5EL9_388, i16 %p_ZZN4nnet24compute_output_buffer_2dINS_5arrayI8ap_fixedILi16ELi6EL9ap_q_mode5EL9_389, i16 %p_ZZN4nnet24compute_output_buffer_2dINS_5arrayI8ap_fixedILi16ELi6EL9ap_q_mode5EL9_390, i16 %p_ZZN4nnet24compute_output_buffer_2dINS_5arrayI8ap_fixedILi16ELi6EL9ap_q_mode5EL9_391, i16 %p_ZZN4nnet24compute_output_buffer_2dINS_5arrayI8ap_fixedILi16ELi6EL9ap_q_mode5EL9_392, i16 %p_ZZN4nnet24compute_output_buffer_2dINS_5arrayI8ap_fixedILi16ELi6EL9ap_q_mode5EL9_393, i16 %p_ZZN4nnet24compute_output_buffer_2dINS_5arrayI8ap_fixedILi16ELi6EL9ap_q_mode5EL9_394, i16 %p_ZZN4nnet24compute_output_buffer_2dINS_5arrayI8ap_fixedILi16ELi6EL9ap_q_mode5EL9_395, i16 %p_ZZN4nnet24compute_output_buffer_2dINS_5arrayI8ap_fixedILi16ELi6EL9ap_q_mode5EL9_396, i16 %p_ZZN4nnet24compute_output_buffer_2dINS_5arrayI8ap_fixedILi16ELi6EL9ap_q_mode5EL9_298, i16 %p_ZZN4nnet24compute_output_buffer_2dINS_5arrayI8ap_fixedILi16ELi6EL9ap_q_mode5EL9_299, i16 %p_ZZN4nnet24compute_output_buffer_2dINS_5arrayI8ap_fixedILi16ELi6EL9ap_q_mode5EL9_301, i16 %p_ZZN4nnet24compute_output_buffer_2dINS_5arrayI8ap_fixedILi16ELi6EL9ap_q_mode5EL9_302, i16 %p_ZZN4nnet24compute_output_buffer_2dINS_5arrayI8ap_fixedILi16ELi6EL9ap_q_mode5EL9_303, i16 %p_ZZN4nnet24compute_output_buffer_2dINS_5arrayI8ap_fixedILi16ELi6EL9ap_q_mode5EL9_304, i16 %p_ZZN4nnet24compute_output_buffer_2dINS_5arrayI8ap_fixedILi16ELi6EL9ap_q_mode5EL9_305, i16 %p_ZZN4nnet24compute_output_buffer_2dINS_5arrayI8ap_fixedILi16ELi6EL9ap_q_mode5EL9_306, i16 %p_ZZN4nnet24compute_output_buffer_2dINS_5arrayI8ap_fixedILi16ELi6EL9ap_q_mode5EL9_307, i16 %p_ZZN4nnet24compute_output_buffer_2dINS_5arrayI8ap_fixedILi16ELi6EL9ap_q_mode5EL9_308, i16 %p_ZZN4nnet24compute_output_buffer_2dINS_5arrayI8ap_fixedILi16ELi6EL9ap_q_mode5EL9_309, i16 %p_ZZN4nnet24compute_output_buffer_2dINS_5arrayI8ap_fixedILi16ELi6EL9ap_q_mode5EL9_310, i16 %p_ZZN4nnet24compute_output_buffer_2dINS_5arrayI8ap_fixedILi16ELi6EL9ap_q_mode5EL9_312, i16 %p_ZZN4nnet24compute_output_buffer_2dINS_5arrayI8ap_fixedILi16ELi6EL9ap_q_mode5EL9_313, i16 %p_ZZN4nnet24compute_output_buffer_2dINS_5arrayI8ap_fixedILi16ELi6EL9ap_q_mode5EL9_314, i16 %p_ZZN4nnet24compute_output_buffer_2dINS_5arrayI8ap_fixedILi16ELi6EL9ap_q_mode5EL9_315, i16 %p_ZZN4nnet25conv_2d_buffer_latency_clINS_5arrayI8ap_fixedILi16ELi6EL9ap_q_mode5EL_63, i16 %p_ZZN4nnet25conv_2d_buffer_latency_clINS_5arrayI8ap_fixedILi16ELi6EL9ap_q_mode5EL_47, i16 %p_ZZN4nnet25conv_2d_buffer_latency_clINS_5arrayI8ap_fixedILi16ELi6EL9ap_q_mode5EL_62, i16 %p_ZZN4nnet25conv_2d_buffer_latency_clINS_5arrayI8ap_fixedILi16ELi6EL9ap_q_mode5EL_46, i16 %p_ZZN4nnet25conv_2d_buffer_latency_clINS_5arrayI8ap_fixedILi16ELi6EL9ap_q_mode5EL_55, i16 %p_ZZN4nnet25conv_2d_buffer_latency_clINS_5arrayI8ap_fixedILi16ELi6EL9ap_q_mode5EL_39, i16 %p_ZZN4nnet25conv_2d_buffer_latency_clINS_5arrayI8ap_fixedILi16ELi6EL9ap_q_mode5EL_54, i16 %p_ZZN4nnet25conv_2d_buffer_latency_clINS_5arrayI8ap_fixedILi16ELi6EL9ap_q_mode5EL_38, i16 %p_ZZN4nnet25conv_2d_buffer_latency_clINS_5arrayI8ap_fixedILi16ELi6EL9ap_q_mode5EL_53, i16 %p_ZZN4nnet25conv_2d_buffer_latency_clINS_5arrayI8ap_fixedILi16ELi6EL9ap_q_mode5EL_37, i16 %p_ZZN4nnet25conv_2d_buffer_latency_clINS_5arrayI8ap_fixedILi16ELi6EL9ap_q_mode5EL_52, i16 %p_ZZN4nnet25conv_2d_buffer_latency_clINS_5arrayI8ap_fixedILi16ELi6EL9ap_q_mode5EL_36, i16 %p_ZZN4nnet25conv_2d_buffer_latency_clINS_5arrayI8ap_fixedILi16ELi6EL9ap_q_mode5EL_51, i16 %p_ZZN4nnet25conv_2d_buffer_latency_clINS_5arrayI8ap_fixedILi16ELi6EL9ap_q_mode5EL_35, i16 %p_ZZN4nnet25conv_2d_buffer_latency_clINS_5arrayI8ap_fixedILi16ELi6EL9ap_q_mode5EL_50, i16 %p_ZZN4nnet25conv_2d_buffer_latency_clINS_5arrayI8ap_fixedILi16ELi6EL9ap_q_mode5EL_34, i16 %p_ZZN4nnet25conv_2d_buffer_latency_clINS_5arrayI8ap_fixedILi16ELi6EL9ap_q_mode5EL_49, i16 %p_ZZN4nnet25conv_2d_buffer_latency_clINS_5arrayI8ap_fixedILi16ELi6EL9ap_q_mode5EL_33, i16 %p_ZZN4nnet25conv_2d_buffer_latency_clINS_5arrayI8ap_fixedILi16ELi6EL9ap_q_mode5EL_48, i16 %p_ZZN4nnet25conv_2d_buffer_latency_clINS_5arrayI8ap_fixedILi16ELi6EL9ap_q_mode5EL_32, i16 %p_ZZN4nnet25conv_2d_buffer_latency_clINS_5arrayI8ap_fixedILi16ELi6EL9ap_q_mode5EL_61, i16 %p_ZZN4nnet25conv_2d_buffer_latency_clINS_5arrayI8ap_fixedILi16ELi6EL9ap_q_mode5EL_45, i16 %p_ZZN4nnet25conv_2d_buffer_latency_clINS_5arrayI8ap_fixedILi16ELi6EL9ap_q_mode5EL_60, i16 %p_ZZN4nnet25conv_2d_buffer_latency_clINS_5arrayI8ap_fixedILi16ELi6EL9ap_q_mode5EL_44, i16 %p_ZZN4nnet25conv_2d_buffer_latency_clINS_5arrayI8ap_fixedILi16ELi6EL9ap_q_mode5EL_59, i16 %p_ZZN4nnet25conv_2d_buffer_latency_clINS_5arrayI8ap_fixedILi16ELi6EL9ap_q_mode5EL_43, i16 %p_ZZN4nnet25conv_2d_buffer_latency_clINS_5arrayI8ap_fixedILi16ELi6EL9ap_q_mode5EL_58, i16 %p_ZZN4nnet25conv_2d_buffer_latency_clINS_5arrayI8ap_fixedILi16ELi6EL9ap_q_mode5EL_42, i16 %p_ZZN4nnet25conv_2d_buffer_latency_clINS_5arrayI8ap_fixedILi16ELi6EL9ap_q_mode5EL_57, i16 %p_ZZN4nnet25conv_2d_buffer_latency_clINS_5arrayI8ap_fixedILi16ELi6EL9ap_q_mode5EL_41, i16 %p_ZZN4nnet25conv_2d_buffer_latency_clINS_5arrayI8ap_fixedILi16ELi6EL9ap_q_mode5EL_56, i16 %p_ZZN4nnet25conv_2d_buffer_latency_clINS_5arrayI8ap_fixedILi16ELi6EL9ap_q_mode5EL_40, i32 %sX_5, i32 %sY_5, i32 %pY_5, i32 %pX_5" [firmware/nnet_utils/nnet_conv2d_stream.h:32->firmware/nnet_utils/nnet_conv2d_stream.h:76]   --->   Operation 43 'call' 'call_ln32' <Predicate = (!icmp_ln25)> <Delay = 0.00> <CoreType = "Generic">   --->   Core 0 '' <Latency = 0> <II = 1> <Delay = 1.00> <Generic> <Opcode : >

State 4 <SV = 3> <Delay = 0.00>
ST_4 : Operation 44 [9/11] (0.00ns)   --->   "%call_ln32 = call void @compute_output_buffer_2d<array,array<ap_fixed<41,21,5,3,0>,16u>,config7>, i16 %trunc_ln32, i16 %trunc_ln32_s, i16 %trunc_ln32_15, i16 %trunc_ln32_16, i16 %trunc_ln32_17, i16 %trunc_ln32_18, i16 %trunc_ln32_19, i16 %trunc_ln32_20, i16 %trunc_ln32_21, i16 %trunc_ln32_22, i16 %trunc_ln32_23, i16 %trunc_ln32_24, i16 %trunc_ln32_25, i16 %trunc_ln32_26, i16 %trunc_ln32_27, i16 %trunc_ln32_28, i656 %layer7_out, i16 %p_ZZN4nnet24compute_output_buffer_2dINS_5arrayI8ap_fixedILi16ELi6EL9ap_q_mode5EL9_317, i16 %void_compute_output_buffer_2d_array_const_ap_shift_reg_n_chan_stream_weig_28, i16 %p_ZZN4nnet24compute_output_buffer_2dINS_5arrayI8ap_fixedILi16ELi6EL9ap_q_mode5EL9_318, i16 %void_compute_output_buffer_2d_array_const_ap_shift_reg_n_chan_stream_weig_27, i16 %p_ZZN4nnet24compute_output_buffer_2dINS_5arrayI8ap_fixedILi16ELi6EL9ap_q_mode5EL9_319, i16 %void_compute_output_buffer_2d_array_const_ap_shift_reg_n_chan_stream_weig_26, i16 %p_ZZN4nnet24compute_output_buffer_2dINS_5arrayI8ap_fixedILi16ELi6EL9ap_q_mode5EL9_320, i16 %void_compute_output_buffer_2d_array_const_ap_shift_reg_n_chan_stream_weig_25, i16 %p_ZZN4nnet24compute_output_buffer_2dINS_5arrayI8ap_fixedILi16ELi6EL9ap_q_mode5EL9_321, i16 %void_compute_output_buffer_2d_array_const_ap_shift_reg_n_chan_stream_weig_24, i16 %p_ZZN4nnet24compute_output_buffer_2dINS_5arrayI8ap_fixedILi16ELi6EL9ap_q_mode5EL9_322, i16 %void_compute_output_buffer_2d_array_const_ap_shift_reg_n_chan_stream_weig_23, i16 %p_ZZN4nnet24compute_output_buffer_2dINS_5arrayI8ap_fixedILi16ELi6EL9ap_q_mode5EL9_323, i16 %void_compute_output_buffer_2d_array_const_ap_shift_reg_n_chan_stream_weig_22, i16 %p_ZZN4nnet24compute_output_buffer_2dINS_5arrayI8ap_fixedILi16ELi6EL9ap_q_mode5EL9_324, i16 %void_compute_output_buffer_2d_array_const_ap_shift_reg_n_chan_stream_weig_21, i16 %p_ZZN4nnet24compute_output_buffer_2dINS_5arrayI8ap_fixedILi16ELi6EL9ap_q_mode5EL9_325, i16 %void_compute_output_buffer_2d_array_const_ap_shift_reg_n_chan_stream_weig_20, i16 %p_ZZN4nnet24compute_output_buffer_2dINS_5arrayI8ap_fixedILi16ELi6EL9ap_q_mode5EL9_326, i16 %void_compute_output_buffer_2d_array_const_ap_shift_reg_n_chan_stream_weig_19, i16 %p_ZZN4nnet24compute_output_buffer_2dINS_5arrayI8ap_fixedILi16ELi6EL9ap_q_mode5EL9_327, i16 %p_ZZN4nnet24compute_output_buffer_2dINS_5arrayI8ap_fixedILi16ELi6EL9ap_q_mode5EL9_267, i16 %p_ZZN4nnet24compute_output_buffer_2dINS_5arrayI8ap_fixedILi16ELi6EL9ap_q_mode5EL9_328, i16 %p_ZZN4nnet24compute_output_buffer_2dINS_5arrayI8ap_fixedILi16ELi6EL9ap_q_mode5EL9_278, i16 %p_ZZN4nnet24compute_output_buffer_2dINS_5arrayI8ap_fixedILi16ELi6EL9ap_q_mode5EL9_329, i16 %p_ZZN4nnet24compute_output_buffer_2dINS_5arrayI8ap_fixedILi16ELi6EL9ap_q_mode5EL9_289, i16 %p_ZZN4nnet24compute_output_buffer_2dINS_5arrayI8ap_fixedILi16ELi6EL9ap_q_mode5EL9_330, i16 %p_ZZN4nnet24compute_output_buffer_2dINS_5arrayI8ap_fixedILi16ELi6EL9ap_q_mode5EL9_300, i16 %p_ZZN4nnet24compute_output_buffer_2dINS_5arrayI8ap_fixedILi16ELi6EL9ap_q_mode5EL9_331, i16 %p_ZZN4nnet24compute_output_buffer_2dINS_5arrayI8ap_fixedILi16ELi6EL9ap_q_mode5EL9_311, i16 %p_ZZN4nnet24compute_output_buffer_2dINS_5arrayI8ap_fixedILi16ELi6EL9ap_q_mode5EL9_332, i16 %p_ZZN4nnet24compute_output_buffer_2dINS_5arrayI8ap_fixedILi16ELi6EL9ap_q_mode5EL9_316, i16 %p_ZZN4nnet24compute_output_buffer_2dINS_5arrayI8ap_fixedILi16ELi6EL9ap_q_mode5EL9_365, i16 %p_ZZN4nnet24compute_output_buffer_2dINS_5arrayI8ap_fixedILi16ELi6EL9ap_q_mode5EL9_349, i16 %p_ZZN4nnet24compute_output_buffer_2dINS_5arrayI8ap_fixedILi16ELi6EL9ap_q_mode5EL9_366, i16 %p_ZZN4nnet24compute_output_buffer_2dINS_5arrayI8ap_fixedILi16ELi6EL9ap_q_mode5EL9_350, i16 %p_ZZN4nnet24compute_output_buffer_2dINS_5arrayI8ap_fixedILi16ELi6EL9ap_q_mode5EL9_367, i16 %p_ZZN4nnet24compute_output_buffer_2dINS_5arrayI8ap_fixedILi16ELi6EL9ap_q_mode5EL9_351, i16 %p_ZZN4nnet24compute_output_buffer_2dINS_5arrayI8ap_fixedILi16ELi6EL9ap_q_mode5EL9_368, i16 %p_ZZN4nnet24compute_output_buffer_2dINS_5arrayI8ap_fixedILi16ELi6EL9ap_q_mode5EL9_352, i16 %p_ZZN4nnet24compute_output_buffer_2dINS_5arrayI8ap_fixedILi16ELi6EL9ap_q_mode5EL9_369, i16 %p_ZZN4nnet24compute_output_buffer_2dINS_5arrayI8ap_fixedILi16ELi6EL9ap_q_mode5EL9_353, i16 %p_ZZN4nnet24compute_output_buffer_2dINS_5arrayI8ap_fixedILi16ELi6EL9ap_q_mode5EL9_370, i16 %p_ZZN4nnet24compute_output_buffer_2dINS_5arrayI8ap_fixedILi16ELi6EL9ap_q_mode5EL9_354, i16 %p_ZZN4nnet24compute_output_buffer_2dINS_5arrayI8ap_fixedILi16ELi6EL9ap_q_mode5EL9_371, i16 %p_ZZN4nnet24compute_output_buffer_2dINS_5arrayI8ap_fixedILi16ELi6EL9ap_q_mode5EL9_355, i16 %p_ZZN4nnet24compute_output_buffer_2dINS_5arrayI8ap_fixedILi16ELi6EL9ap_q_mode5EL9_372, i16 %p_ZZN4nnet24compute_output_buffer_2dINS_5arrayI8ap_fixedILi16ELi6EL9ap_q_mode5EL9_356, i16 %p_ZZN4nnet24compute_output_buffer_2dINS_5arrayI8ap_fixedILi16ELi6EL9ap_q_mode5EL9_373, i16 %p_ZZN4nnet24compute_output_buffer_2dINS_5arrayI8ap_fixedILi16ELi6EL9ap_q_mode5EL9_357, i16 %p_ZZN4nnet24compute_output_buffer_2dINS_5arrayI8ap_fixedILi16ELi6EL9ap_q_mode5EL9_374, i16 %p_ZZN4nnet24compute_output_buffer_2dINS_5arrayI8ap_fixedILi16ELi6EL9ap_q_mode5EL9_358, i16 %p_ZZN4nnet24compute_output_buffer_2dINS_5arrayI8ap_fixedILi16ELi6EL9ap_q_mode5EL9_375, i16 %p_ZZN4nnet24compute_output_buffer_2dINS_5arrayI8ap_fixedILi16ELi6EL9ap_q_mode5EL9_359, i16 %p_ZZN4nnet24compute_output_buffer_2dINS_5arrayI8ap_fixedILi16ELi6EL9ap_q_mode5EL9_376, i16 %p_ZZN4nnet24compute_output_buffer_2dINS_5arrayI8ap_fixedILi16ELi6EL9ap_q_mode5EL9_360, i16 %p_ZZN4nnet24compute_output_buffer_2dINS_5arrayI8ap_fixedILi16ELi6EL9ap_q_mode5EL9_377, i16 %p_ZZN4nnet24compute_output_buffer_2dINS_5arrayI8ap_fixedILi16ELi6EL9ap_q_mode5EL9_361, i16 %p_ZZN4nnet24compute_output_buffer_2dINS_5arrayI8ap_fixedILi16ELi6EL9ap_q_mode5EL9_378, i16 %p_ZZN4nnet24compute_output_buffer_2dINS_5arrayI8ap_fixedILi16ELi6EL9ap_q_mode5EL9_362, i16 %p_ZZN4nnet24compute_output_buffer_2dINS_5arrayI8ap_fixedILi16ELi6EL9ap_q_mode5EL9_379, i16 %p_ZZN4nnet24compute_output_buffer_2dINS_5arrayI8ap_fixedILi16ELi6EL9ap_q_mode5EL9_363, i16 %p_ZZN4nnet24compute_output_buffer_2dINS_5arrayI8ap_fixedILi16ELi6EL9ap_q_mode5EL9_380, i16 %p_ZZN4nnet24compute_output_buffer_2dINS_5arrayI8ap_fixedILi16ELi6EL9ap_q_mode5EL9_364, i16 %p_ZZN4nnet24compute_output_buffer_2dINS_5arrayI8ap_fixedILi16ELi6EL9ap_q_mode5EL9_281, i16 %p_ZZN4nnet24compute_output_buffer_2dINS_5arrayI8ap_fixedILi16ELi6EL9ap_q_mode5EL9_397, i16 %p_ZZN4nnet24compute_output_buffer_2dINS_5arrayI8ap_fixedILi16ELi6EL9ap_q_mode5EL9_282, i16 %p_ZZN4nnet24compute_output_buffer_2dINS_5arrayI8ap_fixedILi16ELi6EL9ap_q_mode5EL9_398, i16 %p_ZZN4nnet24compute_output_buffer_2dINS_5arrayI8ap_fixedILi16ELi6EL9ap_q_mode5EL9_283, i16 %p_ZZN4nnet24compute_output_buffer_2dINS_5arrayI8ap_fixedILi16ELi6EL9ap_q_mode5EL9_399, i16 %p_ZZN4nnet24compute_output_buffer_2dINS_5arrayI8ap_fixedILi16ELi6EL9ap_q_mode5EL9_284, i16 %p_ZZN4nnet24compute_output_buffer_2dINS_5arrayI8ap_fixedILi16ELi6EL9ap_q_mode5EL9_400, i16 %p_ZZN4nnet24compute_output_buffer_2dINS_5arrayI8ap_fixedILi16ELi6EL9ap_q_mode5EL9_285, i16 %p_ZZN4nnet24compute_output_buffer_2dINS_5arrayI8ap_fixedILi16ELi6EL9ap_q_mode5EL9_268, i16 %p_ZZN4nnet24compute_output_buffer_2dINS_5arrayI8ap_fixedILi16ELi6EL9ap_q_mode5EL9_286, i16 %p_ZZN4nnet24compute_output_buffer_2dINS_5arrayI8ap_fixedILi16ELi6EL9ap_q_mode5EL9_269, i16 %p_ZZN4nnet24compute_output_buffer_2dINS_5arrayI8ap_fixedILi16ELi6EL9ap_q_mode5EL9_287, i16 %p_ZZN4nnet24compute_output_buffer_2dINS_5arrayI8ap_fixedILi16ELi6EL9ap_q_mode5EL9_270, i16 %p_ZZN4nnet24compute_output_buffer_2dINS_5arrayI8ap_fixedILi16ELi6EL9ap_q_mode5EL9_288, i16 %p_ZZN4nnet24compute_output_buffer_2dINS_5arrayI8ap_fixedILi16ELi6EL9ap_q_mode5EL9_271, i16 %p_ZZN4nnet24compute_output_buffer_2dINS_5arrayI8ap_fixedILi16ELi6EL9ap_q_mode5EL9_290, i16 %p_ZZN4nnet24compute_output_buffer_2dINS_5arrayI8ap_fixedILi16ELi6EL9ap_q_mode5EL9_272, i16 %p_ZZN4nnet24compute_output_buffer_2dINS_5arrayI8ap_fixedILi16ELi6EL9ap_q_mode5EL9_291, i16 %p_ZZN4nnet24compute_output_buffer_2dINS_5arrayI8ap_fixedILi16ELi6EL9ap_q_mode5EL9_273, i16 %p_ZZN4nnet24compute_output_buffer_2dINS_5arrayI8ap_fixedILi16ELi6EL9ap_q_mode5EL9_292, i16 %p_ZZN4nnet24compute_output_buffer_2dINS_5arrayI8ap_fixedILi16ELi6EL9ap_q_mode5EL9_274, i16 %p_ZZN4nnet24compute_output_buffer_2dINS_5arrayI8ap_fixedILi16ELi6EL9ap_q_mode5EL9_293, i16 %p_ZZN4nnet24compute_output_buffer_2dINS_5arrayI8ap_fixedILi16ELi6EL9ap_q_mode5EL9_275, i16 %p_ZZN4nnet24compute_output_buffer_2dINS_5arrayI8ap_fixedILi16ELi6EL9ap_q_mode5EL9_294, i16 %p_ZZN4nnet24compute_output_buffer_2dINS_5arrayI8ap_fixedILi16ELi6EL9ap_q_mode5EL9_276, i16 %p_ZZN4nnet24compute_output_buffer_2dINS_5arrayI8ap_fixedILi16ELi6EL9ap_q_mode5EL9_295, i16 %p_ZZN4nnet24compute_output_buffer_2dINS_5arrayI8ap_fixedILi16ELi6EL9ap_q_mode5EL9_277, i16 %p_ZZN4nnet24compute_output_buffer_2dINS_5arrayI8ap_fixedILi16ELi6EL9ap_q_mode5EL9_296, i16 %p_ZZN4nnet24compute_output_buffer_2dINS_5arrayI8ap_fixedILi16ELi6EL9ap_q_mode5EL9_279, i16 %p_ZZN4nnet24compute_output_buffer_2dINS_5arrayI8ap_fixedILi16ELi6EL9ap_q_mode5EL9_297, i16 %p_ZZN4nnet24compute_output_buffer_2dINS_5arrayI8ap_fixedILi16ELi6EL9ap_q_mode5EL9_280, i16 %p_ZZN4nnet24compute_output_buffer_2dINS_5arrayI8ap_fixedILi16ELi6EL9ap_q_mode5EL9_333, i16 %p_ZZN4nnet24compute_output_buffer_2dINS_5arrayI8ap_fixedILi16ELi6EL9ap_q_mode5EL9_334, i16 %p_ZZN4nnet24compute_output_buffer_2dINS_5arrayI8ap_fixedILi16ELi6EL9ap_q_mode5EL9_335, i16 %p_ZZN4nnet24compute_output_buffer_2dINS_5arrayI8ap_fixedILi16ELi6EL9ap_q_mode5EL9_336, i16 %p_ZZN4nnet24compute_output_buffer_2dINS_5arrayI8ap_fixedILi16ELi6EL9ap_q_mode5EL9_337, i16 %p_ZZN4nnet24compute_output_buffer_2dINS_5arrayI8ap_fixedILi16ELi6EL9ap_q_mode5EL9_338, i16 %p_ZZN4nnet24compute_output_buffer_2dINS_5arrayI8ap_fixedILi16ELi6EL9ap_q_mode5EL9_339, i16 %p_ZZN4nnet24compute_output_buffer_2dINS_5arrayI8ap_fixedILi16ELi6EL9ap_q_mode5EL9_340, i16 %p_ZZN4nnet24compute_output_buffer_2dINS_5arrayI8ap_fixedILi16ELi6EL9ap_q_mode5EL9_341, i16 %p_ZZN4nnet24compute_output_buffer_2dINS_5arrayI8ap_fixedILi16ELi6EL9ap_q_mode5EL9_342, i16 %p_ZZN4nnet24compute_output_buffer_2dINS_5arrayI8ap_fixedILi16ELi6EL9ap_q_mode5EL9_343, i16 %p_ZZN4nnet24compute_output_buffer_2dINS_5arrayI8ap_fixedILi16ELi6EL9ap_q_mode5EL9_344, i16 %p_ZZN4nnet24compute_output_buffer_2dINS_5arrayI8ap_fixedILi16ELi6EL9ap_q_mode5EL9_345, i16 %p_ZZN4nnet24compute_output_buffer_2dINS_5arrayI8ap_fixedILi16ELi6EL9ap_q_mode5EL9_346, i16 %p_ZZN4nnet24compute_output_buffer_2dINS_5arrayI8ap_fixedILi16ELi6EL9ap_q_mode5EL9_347, i16 %p_ZZN4nnet24compute_output_buffer_2dINS_5arrayI8ap_fixedILi16ELi6EL9ap_q_mode5EL9_348, i16 %p_ZZN4nnet24compute_output_buffer_2dINS_5arrayI8ap_fixedILi16ELi6EL9ap_q_mode5EL9_381, i16 %p_ZZN4nnet24compute_output_buffer_2dINS_5arrayI8ap_fixedILi16ELi6EL9ap_q_mode5EL9_382, i16 %p_ZZN4nnet24compute_output_buffer_2dINS_5arrayI8ap_fixedILi16ELi6EL9ap_q_mode5EL9_383, i16 %p_ZZN4nnet24compute_output_buffer_2dINS_5arrayI8ap_fixedILi16ELi6EL9ap_q_mode5EL9_384, i16 %p_ZZN4nnet24compute_output_buffer_2dINS_5arrayI8ap_fixedILi16ELi6EL9ap_q_mode5EL9_385, i16 %p_ZZN4nnet24compute_output_buffer_2dINS_5arrayI8ap_fixedILi16ELi6EL9ap_q_mode5EL9_386, i16 %p_ZZN4nnet24compute_output_buffer_2dINS_5arrayI8ap_fixedILi16ELi6EL9ap_q_mode5EL9_387, i16 %p_ZZN4nnet24compute_output_buffer_2dINS_5arrayI8ap_fixedILi16ELi6EL9ap_q_mode5EL9_388, i16 %p_ZZN4nnet24compute_output_buffer_2dINS_5arrayI8ap_fixedILi16ELi6EL9ap_q_mode5EL9_389, i16 %p_ZZN4nnet24compute_output_buffer_2dINS_5arrayI8ap_fixedILi16ELi6EL9ap_q_mode5EL9_390, i16 %p_ZZN4nnet24compute_output_buffer_2dINS_5arrayI8ap_fixedILi16ELi6EL9ap_q_mode5EL9_391, i16 %p_ZZN4nnet24compute_output_buffer_2dINS_5arrayI8ap_fixedILi16ELi6EL9ap_q_mode5EL9_392, i16 %p_ZZN4nnet24compute_output_buffer_2dINS_5arrayI8ap_fixedILi16ELi6EL9ap_q_mode5EL9_393, i16 %p_ZZN4nnet24compute_output_buffer_2dINS_5arrayI8ap_fixedILi16ELi6EL9ap_q_mode5EL9_394, i16 %p_ZZN4nnet24compute_output_buffer_2dINS_5arrayI8ap_fixedILi16ELi6EL9ap_q_mode5EL9_395, i16 %p_ZZN4nnet24compute_output_buffer_2dINS_5arrayI8ap_fixedILi16ELi6EL9ap_q_mode5EL9_396, i16 %p_ZZN4nnet24compute_output_buffer_2dINS_5arrayI8ap_fixedILi16ELi6EL9ap_q_mode5EL9_298, i16 %p_ZZN4nnet24compute_output_buffer_2dINS_5arrayI8ap_fixedILi16ELi6EL9ap_q_mode5EL9_299, i16 %p_ZZN4nnet24compute_output_buffer_2dINS_5arrayI8ap_fixedILi16ELi6EL9ap_q_mode5EL9_301, i16 %p_ZZN4nnet24compute_output_buffer_2dINS_5arrayI8ap_fixedILi16ELi6EL9ap_q_mode5EL9_302, i16 %p_ZZN4nnet24compute_output_buffer_2dINS_5arrayI8ap_fixedILi16ELi6EL9ap_q_mode5EL9_303, i16 %p_ZZN4nnet24compute_output_buffer_2dINS_5arrayI8ap_fixedILi16ELi6EL9ap_q_mode5EL9_304, i16 %p_ZZN4nnet24compute_output_buffer_2dINS_5arrayI8ap_fixedILi16ELi6EL9ap_q_mode5EL9_305, i16 %p_ZZN4nnet24compute_output_buffer_2dINS_5arrayI8ap_fixedILi16ELi6EL9ap_q_mode5EL9_306, i16 %p_ZZN4nnet24compute_output_buffer_2dINS_5arrayI8ap_fixedILi16ELi6EL9ap_q_mode5EL9_307, i16 %p_ZZN4nnet24compute_output_buffer_2dINS_5arrayI8ap_fixedILi16ELi6EL9ap_q_mode5EL9_308, i16 %p_ZZN4nnet24compute_output_buffer_2dINS_5arrayI8ap_fixedILi16ELi6EL9ap_q_mode5EL9_309, i16 %p_ZZN4nnet24compute_output_buffer_2dINS_5arrayI8ap_fixedILi16ELi6EL9ap_q_mode5EL9_310, i16 %p_ZZN4nnet24compute_output_buffer_2dINS_5arrayI8ap_fixedILi16ELi6EL9ap_q_mode5EL9_312, i16 %p_ZZN4nnet24compute_output_buffer_2dINS_5arrayI8ap_fixedILi16ELi6EL9ap_q_mode5EL9_313, i16 %p_ZZN4nnet24compute_output_buffer_2dINS_5arrayI8ap_fixedILi16ELi6EL9ap_q_mode5EL9_314, i16 %p_ZZN4nnet24compute_output_buffer_2dINS_5arrayI8ap_fixedILi16ELi6EL9ap_q_mode5EL9_315, i16 %p_ZZN4nnet25conv_2d_buffer_latency_clINS_5arrayI8ap_fixedILi16ELi6EL9ap_q_mode5EL_63, i16 %p_ZZN4nnet25conv_2d_buffer_latency_clINS_5arrayI8ap_fixedILi16ELi6EL9ap_q_mode5EL_47, i16 %p_ZZN4nnet25conv_2d_buffer_latency_clINS_5arrayI8ap_fixedILi16ELi6EL9ap_q_mode5EL_62, i16 %p_ZZN4nnet25conv_2d_buffer_latency_clINS_5arrayI8ap_fixedILi16ELi6EL9ap_q_mode5EL_46, i16 %p_ZZN4nnet25conv_2d_buffer_latency_clINS_5arrayI8ap_fixedILi16ELi6EL9ap_q_mode5EL_55, i16 %p_ZZN4nnet25conv_2d_buffer_latency_clINS_5arrayI8ap_fixedILi16ELi6EL9ap_q_mode5EL_39, i16 %p_ZZN4nnet25conv_2d_buffer_latency_clINS_5arrayI8ap_fixedILi16ELi6EL9ap_q_mode5EL_54, i16 %p_ZZN4nnet25conv_2d_buffer_latency_clINS_5arrayI8ap_fixedILi16ELi6EL9ap_q_mode5EL_38, i16 %p_ZZN4nnet25conv_2d_buffer_latency_clINS_5arrayI8ap_fixedILi16ELi6EL9ap_q_mode5EL_53, i16 %p_ZZN4nnet25conv_2d_buffer_latency_clINS_5arrayI8ap_fixedILi16ELi6EL9ap_q_mode5EL_37, i16 %p_ZZN4nnet25conv_2d_buffer_latency_clINS_5arrayI8ap_fixedILi16ELi6EL9ap_q_mode5EL_52, i16 %p_ZZN4nnet25conv_2d_buffer_latency_clINS_5arrayI8ap_fixedILi16ELi6EL9ap_q_mode5EL_36, i16 %p_ZZN4nnet25conv_2d_buffer_latency_clINS_5arrayI8ap_fixedILi16ELi6EL9ap_q_mode5EL_51, i16 %p_ZZN4nnet25conv_2d_buffer_latency_clINS_5arrayI8ap_fixedILi16ELi6EL9ap_q_mode5EL_35, i16 %p_ZZN4nnet25conv_2d_buffer_latency_clINS_5arrayI8ap_fixedILi16ELi6EL9ap_q_mode5EL_50, i16 %p_ZZN4nnet25conv_2d_buffer_latency_clINS_5arrayI8ap_fixedILi16ELi6EL9ap_q_mode5EL_34, i16 %p_ZZN4nnet25conv_2d_buffer_latency_clINS_5arrayI8ap_fixedILi16ELi6EL9ap_q_mode5EL_49, i16 %p_ZZN4nnet25conv_2d_buffer_latency_clINS_5arrayI8ap_fixedILi16ELi6EL9ap_q_mode5EL_33, i16 %p_ZZN4nnet25conv_2d_buffer_latency_clINS_5arrayI8ap_fixedILi16ELi6EL9ap_q_mode5EL_48, i16 %p_ZZN4nnet25conv_2d_buffer_latency_clINS_5arrayI8ap_fixedILi16ELi6EL9ap_q_mode5EL_32, i16 %p_ZZN4nnet25conv_2d_buffer_latency_clINS_5arrayI8ap_fixedILi16ELi6EL9ap_q_mode5EL_61, i16 %p_ZZN4nnet25conv_2d_buffer_latency_clINS_5arrayI8ap_fixedILi16ELi6EL9ap_q_mode5EL_45, i16 %p_ZZN4nnet25conv_2d_buffer_latency_clINS_5arrayI8ap_fixedILi16ELi6EL9ap_q_mode5EL_60, i16 %p_ZZN4nnet25conv_2d_buffer_latency_clINS_5arrayI8ap_fixedILi16ELi6EL9ap_q_mode5EL_44, i16 %p_ZZN4nnet25conv_2d_buffer_latency_clINS_5arrayI8ap_fixedILi16ELi6EL9ap_q_mode5EL_59, i16 %p_ZZN4nnet25conv_2d_buffer_latency_clINS_5arrayI8ap_fixedILi16ELi6EL9ap_q_mode5EL_43, i16 %p_ZZN4nnet25conv_2d_buffer_latency_clINS_5arrayI8ap_fixedILi16ELi6EL9ap_q_mode5EL_58, i16 %p_ZZN4nnet25conv_2d_buffer_latency_clINS_5arrayI8ap_fixedILi16ELi6EL9ap_q_mode5EL_42, i16 %p_ZZN4nnet25conv_2d_buffer_latency_clINS_5arrayI8ap_fixedILi16ELi6EL9ap_q_mode5EL_57, i16 %p_ZZN4nnet25conv_2d_buffer_latency_clINS_5arrayI8ap_fixedILi16ELi6EL9ap_q_mode5EL_41, i16 %p_ZZN4nnet25conv_2d_buffer_latency_clINS_5arrayI8ap_fixedILi16ELi6EL9ap_q_mode5EL_56, i16 %p_ZZN4nnet25conv_2d_buffer_latency_clINS_5arrayI8ap_fixedILi16ELi6EL9ap_q_mode5EL_40, i32 %sX_5, i32 %sY_5, i32 %pY_5, i32 %pX_5" [firmware/nnet_utils/nnet_conv2d_stream.h:32->firmware/nnet_utils/nnet_conv2d_stream.h:76]   --->   Operation 44 'call' 'call_ln32' <Predicate = (!icmp_ln25)> <Delay = 0.00> <CoreType = "Generic">   --->   Core 0 '' <Latency = 0> <II = 1> <Delay = 1.00> <Generic> <Opcode : >

State 5 <SV = 4> <Delay = 0.00>
ST_5 : Operation 45 [8/11] (0.00ns)   --->   "%call_ln32 = call void @compute_output_buffer_2d<array,array<ap_fixed<41,21,5,3,0>,16u>,config7>, i16 %trunc_ln32, i16 %trunc_ln32_s, i16 %trunc_ln32_15, i16 %trunc_ln32_16, i16 %trunc_ln32_17, i16 %trunc_ln32_18, i16 %trunc_ln32_19, i16 %trunc_ln32_20, i16 %trunc_ln32_21, i16 %trunc_ln32_22, i16 %trunc_ln32_23, i16 %trunc_ln32_24, i16 %trunc_ln32_25, i16 %trunc_ln32_26, i16 %trunc_ln32_27, i16 %trunc_ln32_28, i656 %layer7_out, i16 %p_ZZN4nnet24compute_output_buffer_2dINS_5arrayI8ap_fixedILi16ELi6EL9ap_q_mode5EL9_317, i16 %void_compute_output_buffer_2d_array_const_ap_shift_reg_n_chan_stream_weig_28, i16 %p_ZZN4nnet24compute_output_buffer_2dINS_5arrayI8ap_fixedILi16ELi6EL9ap_q_mode5EL9_318, i16 %void_compute_output_buffer_2d_array_const_ap_shift_reg_n_chan_stream_weig_27, i16 %p_ZZN4nnet24compute_output_buffer_2dINS_5arrayI8ap_fixedILi16ELi6EL9ap_q_mode5EL9_319, i16 %void_compute_output_buffer_2d_array_const_ap_shift_reg_n_chan_stream_weig_26, i16 %p_ZZN4nnet24compute_output_buffer_2dINS_5arrayI8ap_fixedILi16ELi6EL9ap_q_mode5EL9_320, i16 %void_compute_output_buffer_2d_array_const_ap_shift_reg_n_chan_stream_weig_25, i16 %p_ZZN4nnet24compute_output_buffer_2dINS_5arrayI8ap_fixedILi16ELi6EL9ap_q_mode5EL9_321, i16 %void_compute_output_buffer_2d_array_const_ap_shift_reg_n_chan_stream_weig_24, i16 %p_ZZN4nnet24compute_output_buffer_2dINS_5arrayI8ap_fixedILi16ELi6EL9ap_q_mode5EL9_322, i16 %void_compute_output_buffer_2d_array_const_ap_shift_reg_n_chan_stream_weig_23, i16 %p_ZZN4nnet24compute_output_buffer_2dINS_5arrayI8ap_fixedILi16ELi6EL9ap_q_mode5EL9_323, i16 %void_compute_output_buffer_2d_array_const_ap_shift_reg_n_chan_stream_weig_22, i16 %p_ZZN4nnet24compute_output_buffer_2dINS_5arrayI8ap_fixedILi16ELi6EL9ap_q_mode5EL9_324, i16 %void_compute_output_buffer_2d_array_const_ap_shift_reg_n_chan_stream_weig_21, i16 %p_ZZN4nnet24compute_output_buffer_2dINS_5arrayI8ap_fixedILi16ELi6EL9ap_q_mode5EL9_325, i16 %void_compute_output_buffer_2d_array_const_ap_shift_reg_n_chan_stream_weig_20, i16 %p_ZZN4nnet24compute_output_buffer_2dINS_5arrayI8ap_fixedILi16ELi6EL9ap_q_mode5EL9_326, i16 %void_compute_output_buffer_2d_array_const_ap_shift_reg_n_chan_stream_weig_19, i16 %p_ZZN4nnet24compute_output_buffer_2dINS_5arrayI8ap_fixedILi16ELi6EL9ap_q_mode5EL9_327, i16 %p_ZZN4nnet24compute_output_buffer_2dINS_5arrayI8ap_fixedILi16ELi6EL9ap_q_mode5EL9_267, i16 %p_ZZN4nnet24compute_output_buffer_2dINS_5arrayI8ap_fixedILi16ELi6EL9ap_q_mode5EL9_328, i16 %p_ZZN4nnet24compute_output_buffer_2dINS_5arrayI8ap_fixedILi16ELi6EL9ap_q_mode5EL9_278, i16 %p_ZZN4nnet24compute_output_buffer_2dINS_5arrayI8ap_fixedILi16ELi6EL9ap_q_mode5EL9_329, i16 %p_ZZN4nnet24compute_output_buffer_2dINS_5arrayI8ap_fixedILi16ELi6EL9ap_q_mode5EL9_289, i16 %p_ZZN4nnet24compute_output_buffer_2dINS_5arrayI8ap_fixedILi16ELi6EL9ap_q_mode5EL9_330, i16 %p_ZZN4nnet24compute_output_buffer_2dINS_5arrayI8ap_fixedILi16ELi6EL9ap_q_mode5EL9_300, i16 %p_ZZN4nnet24compute_output_buffer_2dINS_5arrayI8ap_fixedILi16ELi6EL9ap_q_mode5EL9_331, i16 %p_ZZN4nnet24compute_output_buffer_2dINS_5arrayI8ap_fixedILi16ELi6EL9ap_q_mode5EL9_311, i16 %p_ZZN4nnet24compute_output_buffer_2dINS_5arrayI8ap_fixedILi16ELi6EL9ap_q_mode5EL9_332, i16 %p_ZZN4nnet24compute_output_buffer_2dINS_5arrayI8ap_fixedILi16ELi6EL9ap_q_mode5EL9_316, i16 %p_ZZN4nnet24compute_output_buffer_2dINS_5arrayI8ap_fixedILi16ELi6EL9ap_q_mode5EL9_365, i16 %p_ZZN4nnet24compute_output_buffer_2dINS_5arrayI8ap_fixedILi16ELi6EL9ap_q_mode5EL9_349, i16 %p_ZZN4nnet24compute_output_buffer_2dINS_5arrayI8ap_fixedILi16ELi6EL9ap_q_mode5EL9_366, i16 %p_ZZN4nnet24compute_output_buffer_2dINS_5arrayI8ap_fixedILi16ELi6EL9ap_q_mode5EL9_350, i16 %p_ZZN4nnet24compute_output_buffer_2dINS_5arrayI8ap_fixedILi16ELi6EL9ap_q_mode5EL9_367, i16 %p_ZZN4nnet24compute_output_buffer_2dINS_5arrayI8ap_fixedILi16ELi6EL9ap_q_mode5EL9_351, i16 %p_ZZN4nnet24compute_output_buffer_2dINS_5arrayI8ap_fixedILi16ELi6EL9ap_q_mode5EL9_368, i16 %p_ZZN4nnet24compute_output_buffer_2dINS_5arrayI8ap_fixedILi16ELi6EL9ap_q_mode5EL9_352, i16 %p_ZZN4nnet24compute_output_buffer_2dINS_5arrayI8ap_fixedILi16ELi6EL9ap_q_mode5EL9_369, i16 %p_ZZN4nnet24compute_output_buffer_2dINS_5arrayI8ap_fixedILi16ELi6EL9ap_q_mode5EL9_353, i16 %p_ZZN4nnet24compute_output_buffer_2dINS_5arrayI8ap_fixedILi16ELi6EL9ap_q_mode5EL9_370, i16 %p_ZZN4nnet24compute_output_buffer_2dINS_5arrayI8ap_fixedILi16ELi6EL9ap_q_mode5EL9_354, i16 %p_ZZN4nnet24compute_output_buffer_2dINS_5arrayI8ap_fixedILi16ELi6EL9ap_q_mode5EL9_371, i16 %p_ZZN4nnet24compute_output_buffer_2dINS_5arrayI8ap_fixedILi16ELi6EL9ap_q_mode5EL9_355, i16 %p_ZZN4nnet24compute_output_buffer_2dINS_5arrayI8ap_fixedILi16ELi6EL9ap_q_mode5EL9_372, i16 %p_ZZN4nnet24compute_output_buffer_2dINS_5arrayI8ap_fixedILi16ELi6EL9ap_q_mode5EL9_356, i16 %p_ZZN4nnet24compute_output_buffer_2dINS_5arrayI8ap_fixedILi16ELi6EL9ap_q_mode5EL9_373, i16 %p_ZZN4nnet24compute_output_buffer_2dINS_5arrayI8ap_fixedILi16ELi6EL9ap_q_mode5EL9_357, i16 %p_ZZN4nnet24compute_output_buffer_2dINS_5arrayI8ap_fixedILi16ELi6EL9ap_q_mode5EL9_374, i16 %p_ZZN4nnet24compute_output_buffer_2dINS_5arrayI8ap_fixedILi16ELi6EL9ap_q_mode5EL9_358, i16 %p_ZZN4nnet24compute_output_buffer_2dINS_5arrayI8ap_fixedILi16ELi6EL9ap_q_mode5EL9_375, i16 %p_ZZN4nnet24compute_output_buffer_2dINS_5arrayI8ap_fixedILi16ELi6EL9ap_q_mode5EL9_359, i16 %p_ZZN4nnet24compute_output_buffer_2dINS_5arrayI8ap_fixedILi16ELi6EL9ap_q_mode5EL9_376, i16 %p_ZZN4nnet24compute_output_buffer_2dINS_5arrayI8ap_fixedILi16ELi6EL9ap_q_mode5EL9_360, i16 %p_ZZN4nnet24compute_output_buffer_2dINS_5arrayI8ap_fixedILi16ELi6EL9ap_q_mode5EL9_377, i16 %p_ZZN4nnet24compute_output_buffer_2dINS_5arrayI8ap_fixedILi16ELi6EL9ap_q_mode5EL9_361, i16 %p_ZZN4nnet24compute_output_buffer_2dINS_5arrayI8ap_fixedILi16ELi6EL9ap_q_mode5EL9_378, i16 %p_ZZN4nnet24compute_output_buffer_2dINS_5arrayI8ap_fixedILi16ELi6EL9ap_q_mode5EL9_362, i16 %p_ZZN4nnet24compute_output_buffer_2dINS_5arrayI8ap_fixedILi16ELi6EL9ap_q_mode5EL9_379, i16 %p_ZZN4nnet24compute_output_buffer_2dINS_5arrayI8ap_fixedILi16ELi6EL9ap_q_mode5EL9_363, i16 %p_ZZN4nnet24compute_output_buffer_2dINS_5arrayI8ap_fixedILi16ELi6EL9ap_q_mode5EL9_380, i16 %p_ZZN4nnet24compute_output_buffer_2dINS_5arrayI8ap_fixedILi16ELi6EL9ap_q_mode5EL9_364, i16 %p_ZZN4nnet24compute_output_buffer_2dINS_5arrayI8ap_fixedILi16ELi6EL9ap_q_mode5EL9_281, i16 %p_ZZN4nnet24compute_output_buffer_2dINS_5arrayI8ap_fixedILi16ELi6EL9ap_q_mode5EL9_397, i16 %p_ZZN4nnet24compute_output_buffer_2dINS_5arrayI8ap_fixedILi16ELi6EL9ap_q_mode5EL9_282, i16 %p_ZZN4nnet24compute_output_buffer_2dINS_5arrayI8ap_fixedILi16ELi6EL9ap_q_mode5EL9_398, i16 %p_ZZN4nnet24compute_output_buffer_2dINS_5arrayI8ap_fixedILi16ELi6EL9ap_q_mode5EL9_283, i16 %p_ZZN4nnet24compute_output_buffer_2dINS_5arrayI8ap_fixedILi16ELi6EL9ap_q_mode5EL9_399, i16 %p_ZZN4nnet24compute_output_buffer_2dINS_5arrayI8ap_fixedILi16ELi6EL9ap_q_mode5EL9_284, i16 %p_ZZN4nnet24compute_output_buffer_2dINS_5arrayI8ap_fixedILi16ELi6EL9ap_q_mode5EL9_400, i16 %p_ZZN4nnet24compute_output_buffer_2dINS_5arrayI8ap_fixedILi16ELi6EL9ap_q_mode5EL9_285, i16 %p_ZZN4nnet24compute_output_buffer_2dINS_5arrayI8ap_fixedILi16ELi6EL9ap_q_mode5EL9_268, i16 %p_ZZN4nnet24compute_output_buffer_2dINS_5arrayI8ap_fixedILi16ELi6EL9ap_q_mode5EL9_286, i16 %p_ZZN4nnet24compute_output_buffer_2dINS_5arrayI8ap_fixedILi16ELi6EL9ap_q_mode5EL9_269, i16 %p_ZZN4nnet24compute_output_buffer_2dINS_5arrayI8ap_fixedILi16ELi6EL9ap_q_mode5EL9_287, i16 %p_ZZN4nnet24compute_output_buffer_2dINS_5arrayI8ap_fixedILi16ELi6EL9ap_q_mode5EL9_270, i16 %p_ZZN4nnet24compute_output_buffer_2dINS_5arrayI8ap_fixedILi16ELi6EL9ap_q_mode5EL9_288, i16 %p_ZZN4nnet24compute_output_buffer_2dINS_5arrayI8ap_fixedILi16ELi6EL9ap_q_mode5EL9_271, i16 %p_ZZN4nnet24compute_output_buffer_2dINS_5arrayI8ap_fixedILi16ELi6EL9ap_q_mode5EL9_290, i16 %p_ZZN4nnet24compute_output_buffer_2dINS_5arrayI8ap_fixedILi16ELi6EL9ap_q_mode5EL9_272, i16 %p_ZZN4nnet24compute_output_buffer_2dINS_5arrayI8ap_fixedILi16ELi6EL9ap_q_mode5EL9_291, i16 %p_ZZN4nnet24compute_output_buffer_2dINS_5arrayI8ap_fixedILi16ELi6EL9ap_q_mode5EL9_273, i16 %p_ZZN4nnet24compute_output_buffer_2dINS_5arrayI8ap_fixedILi16ELi6EL9ap_q_mode5EL9_292, i16 %p_ZZN4nnet24compute_output_buffer_2dINS_5arrayI8ap_fixedILi16ELi6EL9ap_q_mode5EL9_274, i16 %p_ZZN4nnet24compute_output_buffer_2dINS_5arrayI8ap_fixedILi16ELi6EL9ap_q_mode5EL9_293, i16 %p_ZZN4nnet24compute_output_buffer_2dINS_5arrayI8ap_fixedILi16ELi6EL9ap_q_mode5EL9_275, i16 %p_ZZN4nnet24compute_output_buffer_2dINS_5arrayI8ap_fixedILi16ELi6EL9ap_q_mode5EL9_294, i16 %p_ZZN4nnet24compute_output_buffer_2dINS_5arrayI8ap_fixedILi16ELi6EL9ap_q_mode5EL9_276, i16 %p_ZZN4nnet24compute_output_buffer_2dINS_5arrayI8ap_fixedILi16ELi6EL9ap_q_mode5EL9_295, i16 %p_ZZN4nnet24compute_output_buffer_2dINS_5arrayI8ap_fixedILi16ELi6EL9ap_q_mode5EL9_277, i16 %p_ZZN4nnet24compute_output_buffer_2dINS_5arrayI8ap_fixedILi16ELi6EL9ap_q_mode5EL9_296, i16 %p_ZZN4nnet24compute_output_buffer_2dINS_5arrayI8ap_fixedILi16ELi6EL9ap_q_mode5EL9_279, i16 %p_ZZN4nnet24compute_output_buffer_2dINS_5arrayI8ap_fixedILi16ELi6EL9ap_q_mode5EL9_297, i16 %p_ZZN4nnet24compute_output_buffer_2dINS_5arrayI8ap_fixedILi16ELi6EL9ap_q_mode5EL9_280, i16 %p_ZZN4nnet24compute_output_buffer_2dINS_5arrayI8ap_fixedILi16ELi6EL9ap_q_mode5EL9_333, i16 %p_ZZN4nnet24compute_output_buffer_2dINS_5arrayI8ap_fixedILi16ELi6EL9ap_q_mode5EL9_334, i16 %p_ZZN4nnet24compute_output_buffer_2dINS_5arrayI8ap_fixedILi16ELi6EL9ap_q_mode5EL9_335, i16 %p_ZZN4nnet24compute_output_buffer_2dINS_5arrayI8ap_fixedILi16ELi6EL9ap_q_mode5EL9_336, i16 %p_ZZN4nnet24compute_output_buffer_2dINS_5arrayI8ap_fixedILi16ELi6EL9ap_q_mode5EL9_337, i16 %p_ZZN4nnet24compute_output_buffer_2dINS_5arrayI8ap_fixedILi16ELi6EL9ap_q_mode5EL9_338, i16 %p_ZZN4nnet24compute_output_buffer_2dINS_5arrayI8ap_fixedILi16ELi6EL9ap_q_mode5EL9_339, i16 %p_ZZN4nnet24compute_output_buffer_2dINS_5arrayI8ap_fixedILi16ELi6EL9ap_q_mode5EL9_340, i16 %p_ZZN4nnet24compute_output_buffer_2dINS_5arrayI8ap_fixedILi16ELi6EL9ap_q_mode5EL9_341, i16 %p_ZZN4nnet24compute_output_buffer_2dINS_5arrayI8ap_fixedILi16ELi6EL9ap_q_mode5EL9_342, i16 %p_ZZN4nnet24compute_output_buffer_2dINS_5arrayI8ap_fixedILi16ELi6EL9ap_q_mode5EL9_343, i16 %p_ZZN4nnet24compute_output_buffer_2dINS_5arrayI8ap_fixedILi16ELi6EL9ap_q_mode5EL9_344, i16 %p_ZZN4nnet24compute_output_buffer_2dINS_5arrayI8ap_fixedILi16ELi6EL9ap_q_mode5EL9_345, i16 %p_ZZN4nnet24compute_output_buffer_2dINS_5arrayI8ap_fixedILi16ELi6EL9ap_q_mode5EL9_346, i16 %p_ZZN4nnet24compute_output_buffer_2dINS_5arrayI8ap_fixedILi16ELi6EL9ap_q_mode5EL9_347, i16 %p_ZZN4nnet24compute_output_buffer_2dINS_5arrayI8ap_fixedILi16ELi6EL9ap_q_mode5EL9_348, i16 %p_ZZN4nnet24compute_output_buffer_2dINS_5arrayI8ap_fixedILi16ELi6EL9ap_q_mode5EL9_381, i16 %p_ZZN4nnet24compute_output_buffer_2dINS_5arrayI8ap_fixedILi16ELi6EL9ap_q_mode5EL9_382, i16 %p_ZZN4nnet24compute_output_buffer_2dINS_5arrayI8ap_fixedILi16ELi6EL9ap_q_mode5EL9_383, i16 %p_ZZN4nnet24compute_output_buffer_2dINS_5arrayI8ap_fixedILi16ELi6EL9ap_q_mode5EL9_384, i16 %p_ZZN4nnet24compute_output_buffer_2dINS_5arrayI8ap_fixedILi16ELi6EL9ap_q_mode5EL9_385, i16 %p_ZZN4nnet24compute_output_buffer_2dINS_5arrayI8ap_fixedILi16ELi6EL9ap_q_mode5EL9_386, i16 %p_ZZN4nnet24compute_output_buffer_2dINS_5arrayI8ap_fixedILi16ELi6EL9ap_q_mode5EL9_387, i16 %p_ZZN4nnet24compute_output_buffer_2dINS_5arrayI8ap_fixedILi16ELi6EL9ap_q_mode5EL9_388, i16 %p_ZZN4nnet24compute_output_buffer_2dINS_5arrayI8ap_fixedILi16ELi6EL9ap_q_mode5EL9_389, i16 %p_ZZN4nnet24compute_output_buffer_2dINS_5arrayI8ap_fixedILi16ELi6EL9ap_q_mode5EL9_390, i16 %p_ZZN4nnet24compute_output_buffer_2dINS_5arrayI8ap_fixedILi16ELi6EL9ap_q_mode5EL9_391, i16 %p_ZZN4nnet24compute_output_buffer_2dINS_5arrayI8ap_fixedILi16ELi6EL9ap_q_mode5EL9_392, i16 %p_ZZN4nnet24compute_output_buffer_2dINS_5arrayI8ap_fixedILi16ELi6EL9ap_q_mode5EL9_393, i16 %p_ZZN4nnet24compute_output_buffer_2dINS_5arrayI8ap_fixedILi16ELi6EL9ap_q_mode5EL9_394, i16 %p_ZZN4nnet24compute_output_buffer_2dINS_5arrayI8ap_fixedILi16ELi6EL9ap_q_mode5EL9_395, i16 %p_ZZN4nnet24compute_output_buffer_2dINS_5arrayI8ap_fixedILi16ELi6EL9ap_q_mode5EL9_396, i16 %p_ZZN4nnet24compute_output_buffer_2dINS_5arrayI8ap_fixedILi16ELi6EL9ap_q_mode5EL9_298, i16 %p_ZZN4nnet24compute_output_buffer_2dINS_5arrayI8ap_fixedILi16ELi6EL9ap_q_mode5EL9_299, i16 %p_ZZN4nnet24compute_output_buffer_2dINS_5arrayI8ap_fixedILi16ELi6EL9ap_q_mode5EL9_301, i16 %p_ZZN4nnet24compute_output_buffer_2dINS_5arrayI8ap_fixedILi16ELi6EL9ap_q_mode5EL9_302, i16 %p_ZZN4nnet24compute_output_buffer_2dINS_5arrayI8ap_fixedILi16ELi6EL9ap_q_mode5EL9_303, i16 %p_ZZN4nnet24compute_output_buffer_2dINS_5arrayI8ap_fixedILi16ELi6EL9ap_q_mode5EL9_304, i16 %p_ZZN4nnet24compute_output_buffer_2dINS_5arrayI8ap_fixedILi16ELi6EL9ap_q_mode5EL9_305, i16 %p_ZZN4nnet24compute_output_buffer_2dINS_5arrayI8ap_fixedILi16ELi6EL9ap_q_mode5EL9_306, i16 %p_ZZN4nnet24compute_output_buffer_2dINS_5arrayI8ap_fixedILi16ELi6EL9ap_q_mode5EL9_307, i16 %p_ZZN4nnet24compute_output_buffer_2dINS_5arrayI8ap_fixedILi16ELi6EL9ap_q_mode5EL9_308, i16 %p_ZZN4nnet24compute_output_buffer_2dINS_5arrayI8ap_fixedILi16ELi6EL9ap_q_mode5EL9_309, i16 %p_ZZN4nnet24compute_output_buffer_2dINS_5arrayI8ap_fixedILi16ELi6EL9ap_q_mode5EL9_310, i16 %p_ZZN4nnet24compute_output_buffer_2dINS_5arrayI8ap_fixedILi16ELi6EL9ap_q_mode5EL9_312, i16 %p_ZZN4nnet24compute_output_buffer_2dINS_5arrayI8ap_fixedILi16ELi6EL9ap_q_mode5EL9_313, i16 %p_ZZN4nnet24compute_output_buffer_2dINS_5arrayI8ap_fixedILi16ELi6EL9ap_q_mode5EL9_314, i16 %p_ZZN4nnet24compute_output_buffer_2dINS_5arrayI8ap_fixedILi16ELi6EL9ap_q_mode5EL9_315, i16 %p_ZZN4nnet25conv_2d_buffer_latency_clINS_5arrayI8ap_fixedILi16ELi6EL9ap_q_mode5EL_63, i16 %p_ZZN4nnet25conv_2d_buffer_latency_clINS_5arrayI8ap_fixedILi16ELi6EL9ap_q_mode5EL_47, i16 %p_ZZN4nnet25conv_2d_buffer_latency_clINS_5arrayI8ap_fixedILi16ELi6EL9ap_q_mode5EL_62, i16 %p_ZZN4nnet25conv_2d_buffer_latency_clINS_5arrayI8ap_fixedILi16ELi6EL9ap_q_mode5EL_46, i16 %p_ZZN4nnet25conv_2d_buffer_latency_clINS_5arrayI8ap_fixedILi16ELi6EL9ap_q_mode5EL_55, i16 %p_ZZN4nnet25conv_2d_buffer_latency_clINS_5arrayI8ap_fixedILi16ELi6EL9ap_q_mode5EL_39, i16 %p_ZZN4nnet25conv_2d_buffer_latency_clINS_5arrayI8ap_fixedILi16ELi6EL9ap_q_mode5EL_54, i16 %p_ZZN4nnet25conv_2d_buffer_latency_clINS_5arrayI8ap_fixedILi16ELi6EL9ap_q_mode5EL_38, i16 %p_ZZN4nnet25conv_2d_buffer_latency_clINS_5arrayI8ap_fixedILi16ELi6EL9ap_q_mode5EL_53, i16 %p_ZZN4nnet25conv_2d_buffer_latency_clINS_5arrayI8ap_fixedILi16ELi6EL9ap_q_mode5EL_37, i16 %p_ZZN4nnet25conv_2d_buffer_latency_clINS_5arrayI8ap_fixedILi16ELi6EL9ap_q_mode5EL_52, i16 %p_ZZN4nnet25conv_2d_buffer_latency_clINS_5arrayI8ap_fixedILi16ELi6EL9ap_q_mode5EL_36, i16 %p_ZZN4nnet25conv_2d_buffer_latency_clINS_5arrayI8ap_fixedILi16ELi6EL9ap_q_mode5EL_51, i16 %p_ZZN4nnet25conv_2d_buffer_latency_clINS_5arrayI8ap_fixedILi16ELi6EL9ap_q_mode5EL_35, i16 %p_ZZN4nnet25conv_2d_buffer_latency_clINS_5arrayI8ap_fixedILi16ELi6EL9ap_q_mode5EL_50, i16 %p_ZZN4nnet25conv_2d_buffer_latency_clINS_5arrayI8ap_fixedILi16ELi6EL9ap_q_mode5EL_34, i16 %p_ZZN4nnet25conv_2d_buffer_latency_clINS_5arrayI8ap_fixedILi16ELi6EL9ap_q_mode5EL_49, i16 %p_ZZN4nnet25conv_2d_buffer_latency_clINS_5arrayI8ap_fixedILi16ELi6EL9ap_q_mode5EL_33, i16 %p_ZZN4nnet25conv_2d_buffer_latency_clINS_5arrayI8ap_fixedILi16ELi6EL9ap_q_mode5EL_48, i16 %p_ZZN4nnet25conv_2d_buffer_latency_clINS_5arrayI8ap_fixedILi16ELi6EL9ap_q_mode5EL_32, i16 %p_ZZN4nnet25conv_2d_buffer_latency_clINS_5arrayI8ap_fixedILi16ELi6EL9ap_q_mode5EL_61, i16 %p_ZZN4nnet25conv_2d_buffer_latency_clINS_5arrayI8ap_fixedILi16ELi6EL9ap_q_mode5EL_45, i16 %p_ZZN4nnet25conv_2d_buffer_latency_clINS_5arrayI8ap_fixedILi16ELi6EL9ap_q_mode5EL_60, i16 %p_ZZN4nnet25conv_2d_buffer_latency_clINS_5arrayI8ap_fixedILi16ELi6EL9ap_q_mode5EL_44, i16 %p_ZZN4nnet25conv_2d_buffer_latency_clINS_5arrayI8ap_fixedILi16ELi6EL9ap_q_mode5EL_59, i16 %p_ZZN4nnet25conv_2d_buffer_latency_clINS_5arrayI8ap_fixedILi16ELi6EL9ap_q_mode5EL_43, i16 %p_ZZN4nnet25conv_2d_buffer_latency_clINS_5arrayI8ap_fixedILi16ELi6EL9ap_q_mode5EL_58, i16 %p_ZZN4nnet25conv_2d_buffer_latency_clINS_5arrayI8ap_fixedILi16ELi6EL9ap_q_mode5EL_42, i16 %p_ZZN4nnet25conv_2d_buffer_latency_clINS_5arrayI8ap_fixedILi16ELi6EL9ap_q_mode5EL_57, i16 %p_ZZN4nnet25conv_2d_buffer_latency_clINS_5arrayI8ap_fixedILi16ELi6EL9ap_q_mode5EL_41, i16 %p_ZZN4nnet25conv_2d_buffer_latency_clINS_5arrayI8ap_fixedILi16ELi6EL9ap_q_mode5EL_56, i16 %p_ZZN4nnet25conv_2d_buffer_latency_clINS_5arrayI8ap_fixedILi16ELi6EL9ap_q_mode5EL_40, i32 %sX_5, i32 %sY_5, i32 %pY_5, i32 %pX_5" [firmware/nnet_utils/nnet_conv2d_stream.h:32->firmware/nnet_utils/nnet_conv2d_stream.h:76]   --->   Operation 45 'call' 'call_ln32' <Predicate = (!icmp_ln25)> <Delay = 0.00> <CoreType = "Generic">   --->   Core 0 '' <Latency = 0> <II = 1> <Delay = 1.00> <Generic> <Opcode : >

State 6 <SV = 5> <Delay = 0.00>
ST_6 : Operation 46 [7/11] (0.00ns)   --->   "%call_ln32 = call void @compute_output_buffer_2d<array,array<ap_fixed<41,21,5,3,0>,16u>,config7>, i16 %trunc_ln32, i16 %trunc_ln32_s, i16 %trunc_ln32_15, i16 %trunc_ln32_16, i16 %trunc_ln32_17, i16 %trunc_ln32_18, i16 %trunc_ln32_19, i16 %trunc_ln32_20, i16 %trunc_ln32_21, i16 %trunc_ln32_22, i16 %trunc_ln32_23, i16 %trunc_ln32_24, i16 %trunc_ln32_25, i16 %trunc_ln32_26, i16 %trunc_ln32_27, i16 %trunc_ln32_28, i656 %layer7_out, i16 %p_ZZN4nnet24compute_output_buffer_2dINS_5arrayI8ap_fixedILi16ELi6EL9ap_q_mode5EL9_317, i16 %void_compute_output_buffer_2d_array_const_ap_shift_reg_n_chan_stream_weig_28, i16 %p_ZZN4nnet24compute_output_buffer_2dINS_5arrayI8ap_fixedILi16ELi6EL9ap_q_mode5EL9_318, i16 %void_compute_output_buffer_2d_array_const_ap_shift_reg_n_chan_stream_weig_27, i16 %p_ZZN4nnet24compute_output_buffer_2dINS_5arrayI8ap_fixedILi16ELi6EL9ap_q_mode5EL9_319, i16 %void_compute_output_buffer_2d_array_const_ap_shift_reg_n_chan_stream_weig_26, i16 %p_ZZN4nnet24compute_output_buffer_2dINS_5arrayI8ap_fixedILi16ELi6EL9ap_q_mode5EL9_320, i16 %void_compute_output_buffer_2d_array_const_ap_shift_reg_n_chan_stream_weig_25, i16 %p_ZZN4nnet24compute_output_buffer_2dINS_5arrayI8ap_fixedILi16ELi6EL9ap_q_mode5EL9_321, i16 %void_compute_output_buffer_2d_array_const_ap_shift_reg_n_chan_stream_weig_24, i16 %p_ZZN4nnet24compute_output_buffer_2dINS_5arrayI8ap_fixedILi16ELi6EL9ap_q_mode5EL9_322, i16 %void_compute_output_buffer_2d_array_const_ap_shift_reg_n_chan_stream_weig_23, i16 %p_ZZN4nnet24compute_output_buffer_2dINS_5arrayI8ap_fixedILi16ELi6EL9ap_q_mode5EL9_323, i16 %void_compute_output_buffer_2d_array_const_ap_shift_reg_n_chan_stream_weig_22, i16 %p_ZZN4nnet24compute_output_buffer_2dINS_5arrayI8ap_fixedILi16ELi6EL9ap_q_mode5EL9_324, i16 %void_compute_output_buffer_2d_array_const_ap_shift_reg_n_chan_stream_weig_21, i16 %p_ZZN4nnet24compute_output_buffer_2dINS_5arrayI8ap_fixedILi16ELi6EL9ap_q_mode5EL9_325, i16 %void_compute_output_buffer_2d_array_const_ap_shift_reg_n_chan_stream_weig_20, i16 %p_ZZN4nnet24compute_output_buffer_2dINS_5arrayI8ap_fixedILi16ELi6EL9ap_q_mode5EL9_326, i16 %void_compute_output_buffer_2d_array_const_ap_shift_reg_n_chan_stream_weig_19, i16 %p_ZZN4nnet24compute_output_buffer_2dINS_5arrayI8ap_fixedILi16ELi6EL9ap_q_mode5EL9_327, i16 %p_ZZN4nnet24compute_output_buffer_2dINS_5arrayI8ap_fixedILi16ELi6EL9ap_q_mode5EL9_267, i16 %p_ZZN4nnet24compute_output_buffer_2dINS_5arrayI8ap_fixedILi16ELi6EL9ap_q_mode5EL9_328, i16 %p_ZZN4nnet24compute_output_buffer_2dINS_5arrayI8ap_fixedILi16ELi6EL9ap_q_mode5EL9_278, i16 %p_ZZN4nnet24compute_output_buffer_2dINS_5arrayI8ap_fixedILi16ELi6EL9ap_q_mode5EL9_329, i16 %p_ZZN4nnet24compute_output_buffer_2dINS_5arrayI8ap_fixedILi16ELi6EL9ap_q_mode5EL9_289, i16 %p_ZZN4nnet24compute_output_buffer_2dINS_5arrayI8ap_fixedILi16ELi6EL9ap_q_mode5EL9_330, i16 %p_ZZN4nnet24compute_output_buffer_2dINS_5arrayI8ap_fixedILi16ELi6EL9ap_q_mode5EL9_300, i16 %p_ZZN4nnet24compute_output_buffer_2dINS_5arrayI8ap_fixedILi16ELi6EL9ap_q_mode5EL9_331, i16 %p_ZZN4nnet24compute_output_buffer_2dINS_5arrayI8ap_fixedILi16ELi6EL9ap_q_mode5EL9_311, i16 %p_ZZN4nnet24compute_output_buffer_2dINS_5arrayI8ap_fixedILi16ELi6EL9ap_q_mode5EL9_332, i16 %p_ZZN4nnet24compute_output_buffer_2dINS_5arrayI8ap_fixedILi16ELi6EL9ap_q_mode5EL9_316, i16 %p_ZZN4nnet24compute_output_buffer_2dINS_5arrayI8ap_fixedILi16ELi6EL9ap_q_mode5EL9_365, i16 %p_ZZN4nnet24compute_output_buffer_2dINS_5arrayI8ap_fixedILi16ELi6EL9ap_q_mode5EL9_349, i16 %p_ZZN4nnet24compute_output_buffer_2dINS_5arrayI8ap_fixedILi16ELi6EL9ap_q_mode5EL9_366, i16 %p_ZZN4nnet24compute_output_buffer_2dINS_5arrayI8ap_fixedILi16ELi6EL9ap_q_mode5EL9_350, i16 %p_ZZN4nnet24compute_output_buffer_2dINS_5arrayI8ap_fixedILi16ELi6EL9ap_q_mode5EL9_367, i16 %p_ZZN4nnet24compute_output_buffer_2dINS_5arrayI8ap_fixedILi16ELi6EL9ap_q_mode5EL9_351, i16 %p_ZZN4nnet24compute_output_buffer_2dINS_5arrayI8ap_fixedILi16ELi6EL9ap_q_mode5EL9_368, i16 %p_ZZN4nnet24compute_output_buffer_2dINS_5arrayI8ap_fixedILi16ELi6EL9ap_q_mode5EL9_352, i16 %p_ZZN4nnet24compute_output_buffer_2dINS_5arrayI8ap_fixedILi16ELi6EL9ap_q_mode5EL9_369, i16 %p_ZZN4nnet24compute_output_buffer_2dINS_5arrayI8ap_fixedILi16ELi6EL9ap_q_mode5EL9_353, i16 %p_ZZN4nnet24compute_output_buffer_2dINS_5arrayI8ap_fixedILi16ELi6EL9ap_q_mode5EL9_370, i16 %p_ZZN4nnet24compute_output_buffer_2dINS_5arrayI8ap_fixedILi16ELi6EL9ap_q_mode5EL9_354, i16 %p_ZZN4nnet24compute_output_buffer_2dINS_5arrayI8ap_fixedILi16ELi6EL9ap_q_mode5EL9_371, i16 %p_ZZN4nnet24compute_output_buffer_2dINS_5arrayI8ap_fixedILi16ELi6EL9ap_q_mode5EL9_355, i16 %p_ZZN4nnet24compute_output_buffer_2dINS_5arrayI8ap_fixedILi16ELi6EL9ap_q_mode5EL9_372, i16 %p_ZZN4nnet24compute_output_buffer_2dINS_5arrayI8ap_fixedILi16ELi6EL9ap_q_mode5EL9_356, i16 %p_ZZN4nnet24compute_output_buffer_2dINS_5arrayI8ap_fixedILi16ELi6EL9ap_q_mode5EL9_373, i16 %p_ZZN4nnet24compute_output_buffer_2dINS_5arrayI8ap_fixedILi16ELi6EL9ap_q_mode5EL9_357, i16 %p_ZZN4nnet24compute_output_buffer_2dINS_5arrayI8ap_fixedILi16ELi6EL9ap_q_mode5EL9_374, i16 %p_ZZN4nnet24compute_output_buffer_2dINS_5arrayI8ap_fixedILi16ELi6EL9ap_q_mode5EL9_358, i16 %p_ZZN4nnet24compute_output_buffer_2dINS_5arrayI8ap_fixedILi16ELi6EL9ap_q_mode5EL9_375, i16 %p_ZZN4nnet24compute_output_buffer_2dINS_5arrayI8ap_fixedILi16ELi6EL9ap_q_mode5EL9_359, i16 %p_ZZN4nnet24compute_output_buffer_2dINS_5arrayI8ap_fixedILi16ELi6EL9ap_q_mode5EL9_376, i16 %p_ZZN4nnet24compute_output_buffer_2dINS_5arrayI8ap_fixedILi16ELi6EL9ap_q_mode5EL9_360, i16 %p_ZZN4nnet24compute_output_buffer_2dINS_5arrayI8ap_fixedILi16ELi6EL9ap_q_mode5EL9_377, i16 %p_ZZN4nnet24compute_output_buffer_2dINS_5arrayI8ap_fixedILi16ELi6EL9ap_q_mode5EL9_361, i16 %p_ZZN4nnet24compute_output_buffer_2dINS_5arrayI8ap_fixedILi16ELi6EL9ap_q_mode5EL9_378, i16 %p_ZZN4nnet24compute_output_buffer_2dINS_5arrayI8ap_fixedILi16ELi6EL9ap_q_mode5EL9_362, i16 %p_ZZN4nnet24compute_output_buffer_2dINS_5arrayI8ap_fixedILi16ELi6EL9ap_q_mode5EL9_379, i16 %p_ZZN4nnet24compute_output_buffer_2dINS_5arrayI8ap_fixedILi16ELi6EL9ap_q_mode5EL9_363, i16 %p_ZZN4nnet24compute_output_buffer_2dINS_5arrayI8ap_fixedILi16ELi6EL9ap_q_mode5EL9_380, i16 %p_ZZN4nnet24compute_output_buffer_2dINS_5arrayI8ap_fixedILi16ELi6EL9ap_q_mode5EL9_364, i16 %p_ZZN4nnet24compute_output_buffer_2dINS_5arrayI8ap_fixedILi16ELi6EL9ap_q_mode5EL9_281, i16 %p_ZZN4nnet24compute_output_buffer_2dINS_5arrayI8ap_fixedILi16ELi6EL9ap_q_mode5EL9_397, i16 %p_ZZN4nnet24compute_output_buffer_2dINS_5arrayI8ap_fixedILi16ELi6EL9ap_q_mode5EL9_282, i16 %p_ZZN4nnet24compute_output_buffer_2dINS_5arrayI8ap_fixedILi16ELi6EL9ap_q_mode5EL9_398, i16 %p_ZZN4nnet24compute_output_buffer_2dINS_5arrayI8ap_fixedILi16ELi6EL9ap_q_mode5EL9_283, i16 %p_ZZN4nnet24compute_output_buffer_2dINS_5arrayI8ap_fixedILi16ELi6EL9ap_q_mode5EL9_399, i16 %p_ZZN4nnet24compute_output_buffer_2dINS_5arrayI8ap_fixedILi16ELi6EL9ap_q_mode5EL9_284, i16 %p_ZZN4nnet24compute_output_buffer_2dINS_5arrayI8ap_fixedILi16ELi6EL9ap_q_mode5EL9_400, i16 %p_ZZN4nnet24compute_output_buffer_2dINS_5arrayI8ap_fixedILi16ELi6EL9ap_q_mode5EL9_285, i16 %p_ZZN4nnet24compute_output_buffer_2dINS_5arrayI8ap_fixedILi16ELi6EL9ap_q_mode5EL9_268, i16 %p_ZZN4nnet24compute_output_buffer_2dINS_5arrayI8ap_fixedILi16ELi6EL9ap_q_mode5EL9_286, i16 %p_ZZN4nnet24compute_output_buffer_2dINS_5arrayI8ap_fixedILi16ELi6EL9ap_q_mode5EL9_269, i16 %p_ZZN4nnet24compute_output_buffer_2dINS_5arrayI8ap_fixedILi16ELi6EL9ap_q_mode5EL9_287, i16 %p_ZZN4nnet24compute_output_buffer_2dINS_5arrayI8ap_fixedILi16ELi6EL9ap_q_mode5EL9_270, i16 %p_ZZN4nnet24compute_output_buffer_2dINS_5arrayI8ap_fixedILi16ELi6EL9ap_q_mode5EL9_288, i16 %p_ZZN4nnet24compute_output_buffer_2dINS_5arrayI8ap_fixedILi16ELi6EL9ap_q_mode5EL9_271, i16 %p_ZZN4nnet24compute_output_buffer_2dINS_5arrayI8ap_fixedILi16ELi6EL9ap_q_mode5EL9_290, i16 %p_ZZN4nnet24compute_output_buffer_2dINS_5arrayI8ap_fixedILi16ELi6EL9ap_q_mode5EL9_272, i16 %p_ZZN4nnet24compute_output_buffer_2dINS_5arrayI8ap_fixedILi16ELi6EL9ap_q_mode5EL9_291, i16 %p_ZZN4nnet24compute_output_buffer_2dINS_5arrayI8ap_fixedILi16ELi6EL9ap_q_mode5EL9_273, i16 %p_ZZN4nnet24compute_output_buffer_2dINS_5arrayI8ap_fixedILi16ELi6EL9ap_q_mode5EL9_292, i16 %p_ZZN4nnet24compute_output_buffer_2dINS_5arrayI8ap_fixedILi16ELi6EL9ap_q_mode5EL9_274, i16 %p_ZZN4nnet24compute_output_buffer_2dINS_5arrayI8ap_fixedILi16ELi6EL9ap_q_mode5EL9_293, i16 %p_ZZN4nnet24compute_output_buffer_2dINS_5arrayI8ap_fixedILi16ELi6EL9ap_q_mode5EL9_275, i16 %p_ZZN4nnet24compute_output_buffer_2dINS_5arrayI8ap_fixedILi16ELi6EL9ap_q_mode5EL9_294, i16 %p_ZZN4nnet24compute_output_buffer_2dINS_5arrayI8ap_fixedILi16ELi6EL9ap_q_mode5EL9_276, i16 %p_ZZN4nnet24compute_output_buffer_2dINS_5arrayI8ap_fixedILi16ELi6EL9ap_q_mode5EL9_295, i16 %p_ZZN4nnet24compute_output_buffer_2dINS_5arrayI8ap_fixedILi16ELi6EL9ap_q_mode5EL9_277, i16 %p_ZZN4nnet24compute_output_buffer_2dINS_5arrayI8ap_fixedILi16ELi6EL9ap_q_mode5EL9_296, i16 %p_ZZN4nnet24compute_output_buffer_2dINS_5arrayI8ap_fixedILi16ELi6EL9ap_q_mode5EL9_279, i16 %p_ZZN4nnet24compute_output_buffer_2dINS_5arrayI8ap_fixedILi16ELi6EL9ap_q_mode5EL9_297, i16 %p_ZZN4nnet24compute_output_buffer_2dINS_5arrayI8ap_fixedILi16ELi6EL9ap_q_mode5EL9_280, i16 %p_ZZN4nnet24compute_output_buffer_2dINS_5arrayI8ap_fixedILi16ELi6EL9ap_q_mode5EL9_333, i16 %p_ZZN4nnet24compute_output_buffer_2dINS_5arrayI8ap_fixedILi16ELi6EL9ap_q_mode5EL9_334, i16 %p_ZZN4nnet24compute_output_buffer_2dINS_5arrayI8ap_fixedILi16ELi6EL9ap_q_mode5EL9_335, i16 %p_ZZN4nnet24compute_output_buffer_2dINS_5arrayI8ap_fixedILi16ELi6EL9ap_q_mode5EL9_336, i16 %p_ZZN4nnet24compute_output_buffer_2dINS_5arrayI8ap_fixedILi16ELi6EL9ap_q_mode5EL9_337, i16 %p_ZZN4nnet24compute_output_buffer_2dINS_5arrayI8ap_fixedILi16ELi6EL9ap_q_mode5EL9_338, i16 %p_ZZN4nnet24compute_output_buffer_2dINS_5arrayI8ap_fixedILi16ELi6EL9ap_q_mode5EL9_339, i16 %p_ZZN4nnet24compute_output_buffer_2dINS_5arrayI8ap_fixedILi16ELi6EL9ap_q_mode5EL9_340, i16 %p_ZZN4nnet24compute_output_buffer_2dINS_5arrayI8ap_fixedILi16ELi6EL9ap_q_mode5EL9_341, i16 %p_ZZN4nnet24compute_output_buffer_2dINS_5arrayI8ap_fixedILi16ELi6EL9ap_q_mode5EL9_342, i16 %p_ZZN4nnet24compute_output_buffer_2dINS_5arrayI8ap_fixedILi16ELi6EL9ap_q_mode5EL9_343, i16 %p_ZZN4nnet24compute_output_buffer_2dINS_5arrayI8ap_fixedILi16ELi6EL9ap_q_mode5EL9_344, i16 %p_ZZN4nnet24compute_output_buffer_2dINS_5arrayI8ap_fixedILi16ELi6EL9ap_q_mode5EL9_345, i16 %p_ZZN4nnet24compute_output_buffer_2dINS_5arrayI8ap_fixedILi16ELi6EL9ap_q_mode5EL9_346, i16 %p_ZZN4nnet24compute_output_buffer_2dINS_5arrayI8ap_fixedILi16ELi6EL9ap_q_mode5EL9_347, i16 %p_ZZN4nnet24compute_output_buffer_2dINS_5arrayI8ap_fixedILi16ELi6EL9ap_q_mode5EL9_348, i16 %p_ZZN4nnet24compute_output_buffer_2dINS_5arrayI8ap_fixedILi16ELi6EL9ap_q_mode5EL9_381, i16 %p_ZZN4nnet24compute_output_buffer_2dINS_5arrayI8ap_fixedILi16ELi6EL9ap_q_mode5EL9_382, i16 %p_ZZN4nnet24compute_output_buffer_2dINS_5arrayI8ap_fixedILi16ELi6EL9ap_q_mode5EL9_383, i16 %p_ZZN4nnet24compute_output_buffer_2dINS_5arrayI8ap_fixedILi16ELi6EL9ap_q_mode5EL9_384, i16 %p_ZZN4nnet24compute_output_buffer_2dINS_5arrayI8ap_fixedILi16ELi6EL9ap_q_mode5EL9_385, i16 %p_ZZN4nnet24compute_output_buffer_2dINS_5arrayI8ap_fixedILi16ELi6EL9ap_q_mode5EL9_386, i16 %p_ZZN4nnet24compute_output_buffer_2dINS_5arrayI8ap_fixedILi16ELi6EL9ap_q_mode5EL9_387, i16 %p_ZZN4nnet24compute_output_buffer_2dINS_5arrayI8ap_fixedILi16ELi6EL9ap_q_mode5EL9_388, i16 %p_ZZN4nnet24compute_output_buffer_2dINS_5arrayI8ap_fixedILi16ELi6EL9ap_q_mode5EL9_389, i16 %p_ZZN4nnet24compute_output_buffer_2dINS_5arrayI8ap_fixedILi16ELi6EL9ap_q_mode5EL9_390, i16 %p_ZZN4nnet24compute_output_buffer_2dINS_5arrayI8ap_fixedILi16ELi6EL9ap_q_mode5EL9_391, i16 %p_ZZN4nnet24compute_output_buffer_2dINS_5arrayI8ap_fixedILi16ELi6EL9ap_q_mode5EL9_392, i16 %p_ZZN4nnet24compute_output_buffer_2dINS_5arrayI8ap_fixedILi16ELi6EL9ap_q_mode5EL9_393, i16 %p_ZZN4nnet24compute_output_buffer_2dINS_5arrayI8ap_fixedILi16ELi6EL9ap_q_mode5EL9_394, i16 %p_ZZN4nnet24compute_output_buffer_2dINS_5arrayI8ap_fixedILi16ELi6EL9ap_q_mode5EL9_395, i16 %p_ZZN4nnet24compute_output_buffer_2dINS_5arrayI8ap_fixedILi16ELi6EL9ap_q_mode5EL9_396, i16 %p_ZZN4nnet24compute_output_buffer_2dINS_5arrayI8ap_fixedILi16ELi6EL9ap_q_mode5EL9_298, i16 %p_ZZN4nnet24compute_output_buffer_2dINS_5arrayI8ap_fixedILi16ELi6EL9ap_q_mode5EL9_299, i16 %p_ZZN4nnet24compute_output_buffer_2dINS_5arrayI8ap_fixedILi16ELi6EL9ap_q_mode5EL9_301, i16 %p_ZZN4nnet24compute_output_buffer_2dINS_5arrayI8ap_fixedILi16ELi6EL9ap_q_mode5EL9_302, i16 %p_ZZN4nnet24compute_output_buffer_2dINS_5arrayI8ap_fixedILi16ELi6EL9ap_q_mode5EL9_303, i16 %p_ZZN4nnet24compute_output_buffer_2dINS_5arrayI8ap_fixedILi16ELi6EL9ap_q_mode5EL9_304, i16 %p_ZZN4nnet24compute_output_buffer_2dINS_5arrayI8ap_fixedILi16ELi6EL9ap_q_mode5EL9_305, i16 %p_ZZN4nnet24compute_output_buffer_2dINS_5arrayI8ap_fixedILi16ELi6EL9ap_q_mode5EL9_306, i16 %p_ZZN4nnet24compute_output_buffer_2dINS_5arrayI8ap_fixedILi16ELi6EL9ap_q_mode5EL9_307, i16 %p_ZZN4nnet24compute_output_buffer_2dINS_5arrayI8ap_fixedILi16ELi6EL9ap_q_mode5EL9_308, i16 %p_ZZN4nnet24compute_output_buffer_2dINS_5arrayI8ap_fixedILi16ELi6EL9ap_q_mode5EL9_309, i16 %p_ZZN4nnet24compute_output_buffer_2dINS_5arrayI8ap_fixedILi16ELi6EL9ap_q_mode5EL9_310, i16 %p_ZZN4nnet24compute_output_buffer_2dINS_5arrayI8ap_fixedILi16ELi6EL9ap_q_mode5EL9_312, i16 %p_ZZN4nnet24compute_output_buffer_2dINS_5arrayI8ap_fixedILi16ELi6EL9ap_q_mode5EL9_313, i16 %p_ZZN4nnet24compute_output_buffer_2dINS_5arrayI8ap_fixedILi16ELi6EL9ap_q_mode5EL9_314, i16 %p_ZZN4nnet24compute_output_buffer_2dINS_5arrayI8ap_fixedILi16ELi6EL9ap_q_mode5EL9_315, i16 %p_ZZN4nnet25conv_2d_buffer_latency_clINS_5arrayI8ap_fixedILi16ELi6EL9ap_q_mode5EL_63, i16 %p_ZZN4nnet25conv_2d_buffer_latency_clINS_5arrayI8ap_fixedILi16ELi6EL9ap_q_mode5EL_47, i16 %p_ZZN4nnet25conv_2d_buffer_latency_clINS_5arrayI8ap_fixedILi16ELi6EL9ap_q_mode5EL_62, i16 %p_ZZN4nnet25conv_2d_buffer_latency_clINS_5arrayI8ap_fixedILi16ELi6EL9ap_q_mode5EL_46, i16 %p_ZZN4nnet25conv_2d_buffer_latency_clINS_5arrayI8ap_fixedILi16ELi6EL9ap_q_mode5EL_55, i16 %p_ZZN4nnet25conv_2d_buffer_latency_clINS_5arrayI8ap_fixedILi16ELi6EL9ap_q_mode5EL_39, i16 %p_ZZN4nnet25conv_2d_buffer_latency_clINS_5arrayI8ap_fixedILi16ELi6EL9ap_q_mode5EL_54, i16 %p_ZZN4nnet25conv_2d_buffer_latency_clINS_5arrayI8ap_fixedILi16ELi6EL9ap_q_mode5EL_38, i16 %p_ZZN4nnet25conv_2d_buffer_latency_clINS_5arrayI8ap_fixedILi16ELi6EL9ap_q_mode5EL_53, i16 %p_ZZN4nnet25conv_2d_buffer_latency_clINS_5arrayI8ap_fixedILi16ELi6EL9ap_q_mode5EL_37, i16 %p_ZZN4nnet25conv_2d_buffer_latency_clINS_5arrayI8ap_fixedILi16ELi6EL9ap_q_mode5EL_52, i16 %p_ZZN4nnet25conv_2d_buffer_latency_clINS_5arrayI8ap_fixedILi16ELi6EL9ap_q_mode5EL_36, i16 %p_ZZN4nnet25conv_2d_buffer_latency_clINS_5arrayI8ap_fixedILi16ELi6EL9ap_q_mode5EL_51, i16 %p_ZZN4nnet25conv_2d_buffer_latency_clINS_5arrayI8ap_fixedILi16ELi6EL9ap_q_mode5EL_35, i16 %p_ZZN4nnet25conv_2d_buffer_latency_clINS_5arrayI8ap_fixedILi16ELi6EL9ap_q_mode5EL_50, i16 %p_ZZN4nnet25conv_2d_buffer_latency_clINS_5arrayI8ap_fixedILi16ELi6EL9ap_q_mode5EL_34, i16 %p_ZZN4nnet25conv_2d_buffer_latency_clINS_5arrayI8ap_fixedILi16ELi6EL9ap_q_mode5EL_49, i16 %p_ZZN4nnet25conv_2d_buffer_latency_clINS_5arrayI8ap_fixedILi16ELi6EL9ap_q_mode5EL_33, i16 %p_ZZN4nnet25conv_2d_buffer_latency_clINS_5arrayI8ap_fixedILi16ELi6EL9ap_q_mode5EL_48, i16 %p_ZZN4nnet25conv_2d_buffer_latency_clINS_5arrayI8ap_fixedILi16ELi6EL9ap_q_mode5EL_32, i16 %p_ZZN4nnet25conv_2d_buffer_latency_clINS_5arrayI8ap_fixedILi16ELi6EL9ap_q_mode5EL_61, i16 %p_ZZN4nnet25conv_2d_buffer_latency_clINS_5arrayI8ap_fixedILi16ELi6EL9ap_q_mode5EL_45, i16 %p_ZZN4nnet25conv_2d_buffer_latency_clINS_5arrayI8ap_fixedILi16ELi6EL9ap_q_mode5EL_60, i16 %p_ZZN4nnet25conv_2d_buffer_latency_clINS_5arrayI8ap_fixedILi16ELi6EL9ap_q_mode5EL_44, i16 %p_ZZN4nnet25conv_2d_buffer_latency_clINS_5arrayI8ap_fixedILi16ELi6EL9ap_q_mode5EL_59, i16 %p_ZZN4nnet25conv_2d_buffer_latency_clINS_5arrayI8ap_fixedILi16ELi6EL9ap_q_mode5EL_43, i16 %p_ZZN4nnet25conv_2d_buffer_latency_clINS_5arrayI8ap_fixedILi16ELi6EL9ap_q_mode5EL_58, i16 %p_ZZN4nnet25conv_2d_buffer_latency_clINS_5arrayI8ap_fixedILi16ELi6EL9ap_q_mode5EL_42, i16 %p_ZZN4nnet25conv_2d_buffer_latency_clINS_5arrayI8ap_fixedILi16ELi6EL9ap_q_mode5EL_57, i16 %p_ZZN4nnet25conv_2d_buffer_latency_clINS_5arrayI8ap_fixedILi16ELi6EL9ap_q_mode5EL_41, i16 %p_ZZN4nnet25conv_2d_buffer_latency_clINS_5arrayI8ap_fixedILi16ELi6EL9ap_q_mode5EL_56, i16 %p_ZZN4nnet25conv_2d_buffer_latency_clINS_5arrayI8ap_fixedILi16ELi6EL9ap_q_mode5EL_40, i32 %sX_5, i32 %sY_5, i32 %pY_5, i32 %pX_5" [firmware/nnet_utils/nnet_conv2d_stream.h:32->firmware/nnet_utils/nnet_conv2d_stream.h:76]   --->   Operation 46 'call' 'call_ln32' <Predicate = (!icmp_ln25)> <Delay = 0.00> <CoreType = "Generic">   --->   Core 0 '' <Latency = 0> <II = 1> <Delay = 1.00> <Generic> <Opcode : >

State 7 <SV = 6> <Delay = 0.00>
ST_7 : Operation 47 [6/11] (0.00ns)   --->   "%call_ln32 = call void @compute_output_buffer_2d<array,array<ap_fixed<41,21,5,3,0>,16u>,config7>, i16 %trunc_ln32, i16 %trunc_ln32_s, i16 %trunc_ln32_15, i16 %trunc_ln32_16, i16 %trunc_ln32_17, i16 %trunc_ln32_18, i16 %trunc_ln32_19, i16 %trunc_ln32_20, i16 %trunc_ln32_21, i16 %trunc_ln32_22, i16 %trunc_ln32_23, i16 %trunc_ln32_24, i16 %trunc_ln32_25, i16 %trunc_ln32_26, i16 %trunc_ln32_27, i16 %trunc_ln32_28, i656 %layer7_out, i16 %p_ZZN4nnet24compute_output_buffer_2dINS_5arrayI8ap_fixedILi16ELi6EL9ap_q_mode5EL9_317, i16 %void_compute_output_buffer_2d_array_const_ap_shift_reg_n_chan_stream_weig_28, i16 %p_ZZN4nnet24compute_output_buffer_2dINS_5arrayI8ap_fixedILi16ELi6EL9ap_q_mode5EL9_318, i16 %void_compute_output_buffer_2d_array_const_ap_shift_reg_n_chan_stream_weig_27, i16 %p_ZZN4nnet24compute_output_buffer_2dINS_5arrayI8ap_fixedILi16ELi6EL9ap_q_mode5EL9_319, i16 %void_compute_output_buffer_2d_array_const_ap_shift_reg_n_chan_stream_weig_26, i16 %p_ZZN4nnet24compute_output_buffer_2dINS_5arrayI8ap_fixedILi16ELi6EL9ap_q_mode5EL9_320, i16 %void_compute_output_buffer_2d_array_const_ap_shift_reg_n_chan_stream_weig_25, i16 %p_ZZN4nnet24compute_output_buffer_2dINS_5arrayI8ap_fixedILi16ELi6EL9ap_q_mode5EL9_321, i16 %void_compute_output_buffer_2d_array_const_ap_shift_reg_n_chan_stream_weig_24, i16 %p_ZZN4nnet24compute_output_buffer_2dINS_5arrayI8ap_fixedILi16ELi6EL9ap_q_mode5EL9_322, i16 %void_compute_output_buffer_2d_array_const_ap_shift_reg_n_chan_stream_weig_23, i16 %p_ZZN4nnet24compute_output_buffer_2dINS_5arrayI8ap_fixedILi16ELi6EL9ap_q_mode5EL9_323, i16 %void_compute_output_buffer_2d_array_const_ap_shift_reg_n_chan_stream_weig_22, i16 %p_ZZN4nnet24compute_output_buffer_2dINS_5arrayI8ap_fixedILi16ELi6EL9ap_q_mode5EL9_324, i16 %void_compute_output_buffer_2d_array_const_ap_shift_reg_n_chan_stream_weig_21, i16 %p_ZZN4nnet24compute_output_buffer_2dINS_5arrayI8ap_fixedILi16ELi6EL9ap_q_mode5EL9_325, i16 %void_compute_output_buffer_2d_array_const_ap_shift_reg_n_chan_stream_weig_20, i16 %p_ZZN4nnet24compute_output_buffer_2dINS_5arrayI8ap_fixedILi16ELi6EL9ap_q_mode5EL9_326, i16 %void_compute_output_buffer_2d_array_const_ap_shift_reg_n_chan_stream_weig_19, i16 %p_ZZN4nnet24compute_output_buffer_2dINS_5arrayI8ap_fixedILi16ELi6EL9ap_q_mode5EL9_327, i16 %p_ZZN4nnet24compute_output_buffer_2dINS_5arrayI8ap_fixedILi16ELi6EL9ap_q_mode5EL9_267, i16 %p_ZZN4nnet24compute_output_buffer_2dINS_5arrayI8ap_fixedILi16ELi6EL9ap_q_mode5EL9_328, i16 %p_ZZN4nnet24compute_output_buffer_2dINS_5arrayI8ap_fixedILi16ELi6EL9ap_q_mode5EL9_278, i16 %p_ZZN4nnet24compute_output_buffer_2dINS_5arrayI8ap_fixedILi16ELi6EL9ap_q_mode5EL9_329, i16 %p_ZZN4nnet24compute_output_buffer_2dINS_5arrayI8ap_fixedILi16ELi6EL9ap_q_mode5EL9_289, i16 %p_ZZN4nnet24compute_output_buffer_2dINS_5arrayI8ap_fixedILi16ELi6EL9ap_q_mode5EL9_330, i16 %p_ZZN4nnet24compute_output_buffer_2dINS_5arrayI8ap_fixedILi16ELi6EL9ap_q_mode5EL9_300, i16 %p_ZZN4nnet24compute_output_buffer_2dINS_5arrayI8ap_fixedILi16ELi6EL9ap_q_mode5EL9_331, i16 %p_ZZN4nnet24compute_output_buffer_2dINS_5arrayI8ap_fixedILi16ELi6EL9ap_q_mode5EL9_311, i16 %p_ZZN4nnet24compute_output_buffer_2dINS_5arrayI8ap_fixedILi16ELi6EL9ap_q_mode5EL9_332, i16 %p_ZZN4nnet24compute_output_buffer_2dINS_5arrayI8ap_fixedILi16ELi6EL9ap_q_mode5EL9_316, i16 %p_ZZN4nnet24compute_output_buffer_2dINS_5arrayI8ap_fixedILi16ELi6EL9ap_q_mode5EL9_365, i16 %p_ZZN4nnet24compute_output_buffer_2dINS_5arrayI8ap_fixedILi16ELi6EL9ap_q_mode5EL9_349, i16 %p_ZZN4nnet24compute_output_buffer_2dINS_5arrayI8ap_fixedILi16ELi6EL9ap_q_mode5EL9_366, i16 %p_ZZN4nnet24compute_output_buffer_2dINS_5arrayI8ap_fixedILi16ELi6EL9ap_q_mode5EL9_350, i16 %p_ZZN4nnet24compute_output_buffer_2dINS_5arrayI8ap_fixedILi16ELi6EL9ap_q_mode5EL9_367, i16 %p_ZZN4nnet24compute_output_buffer_2dINS_5arrayI8ap_fixedILi16ELi6EL9ap_q_mode5EL9_351, i16 %p_ZZN4nnet24compute_output_buffer_2dINS_5arrayI8ap_fixedILi16ELi6EL9ap_q_mode5EL9_368, i16 %p_ZZN4nnet24compute_output_buffer_2dINS_5arrayI8ap_fixedILi16ELi6EL9ap_q_mode5EL9_352, i16 %p_ZZN4nnet24compute_output_buffer_2dINS_5arrayI8ap_fixedILi16ELi6EL9ap_q_mode5EL9_369, i16 %p_ZZN4nnet24compute_output_buffer_2dINS_5arrayI8ap_fixedILi16ELi6EL9ap_q_mode5EL9_353, i16 %p_ZZN4nnet24compute_output_buffer_2dINS_5arrayI8ap_fixedILi16ELi6EL9ap_q_mode5EL9_370, i16 %p_ZZN4nnet24compute_output_buffer_2dINS_5arrayI8ap_fixedILi16ELi6EL9ap_q_mode5EL9_354, i16 %p_ZZN4nnet24compute_output_buffer_2dINS_5arrayI8ap_fixedILi16ELi6EL9ap_q_mode5EL9_371, i16 %p_ZZN4nnet24compute_output_buffer_2dINS_5arrayI8ap_fixedILi16ELi6EL9ap_q_mode5EL9_355, i16 %p_ZZN4nnet24compute_output_buffer_2dINS_5arrayI8ap_fixedILi16ELi6EL9ap_q_mode5EL9_372, i16 %p_ZZN4nnet24compute_output_buffer_2dINS_5arrayI8ap_fixedILi16ELi6EL9ap_q_mode5EL9_356, i16 %p_ZZN4nnet24compute_output_buffer_2dINS_5arrayI8ap_fixedILi16ELi6EL9ap_q_mode5EL9_373, i16 %p_ZZN4nnet24compute_output_buffer_2dINS_5arrayI8ap_fixedILi16ELi6EL9ap_q_mode5EL9_357, i16 %p_ZZN4nnet24compute_output_buffer_2dINS_5arrayI8ap_fixedILi16ELi6EL9ap_q_mode5EL9_374, i16 %p_ZZN4nnet24compute_output_buffer_2dINS_5arrayI8ap_fixedILi16ELi6EL9ap_q_mode5EL9_358, i16 %p_ZZN4nnet24compute_output_buffer_2dINS_5arrayI8ap_fixedILi16ELi6EL9ap_q_mode5EL9_375, i16 %p_ZZN4nnet24compute_output_buffer_2dINS_5arrayI8ap_fixedILi16ELi6EL9ap_q_mode5EL9_359, i16 %p_ZZN4nnet24compute_output_buffer_2dINS_5arrayI8ap_fixedILi16ELi6EL9ap_q_mode5EL9_376, i16 %p_ZZN4nnet24compute_output_buffer_2dINS_5arrayI8ap_fixedILi16ELi6EL9ap_q_mode5EL9_360, i16 %p_ZZN4nnet24compute_output_buffer_2dINS_5arrayI8ap_fixedILi16ELi6EL9ap_q_mode5EL9_377, i16 %p_ZZN4nnet24compute_output_buffer_2dINS_5arrayI8ap_fixedILi16ELi6EL9ap_q_mode5EL9_361, i16 %p_ZZN4nnet24compute_output_buffer_2dINS_5arrayI8ap_fixedILi16ELi6EL9ap_q_mode5EL9_378, i16 %p_ZZN4nnet24compute_output_buffer_2dINS_5arrayI8ap_fixedILi16ELi6EL9ap_q_mode5EL9_362, i16 %p_ZZN4nnet24compute_output_buffer_2dINS_5arrayI8ap_fixedILi16ELi6EL9ap_q_mode5EL9_379, i16 %p_ZZN4nnet24compute_output_buffer_2dINS_5arrayI8ap_fixedILi16ELi6EL9ap_q_mode5EL9_363, i16 %p_ZZN4nnet24compute_output_buffer_2dINS_5arrayI8ap_fixedILi16ELi6EL9ap_q_mode5EL9_380, i16 %p_ZZN4nnet24compute_output_buffer_2dINS_5arrayI8ap_fixedILi16ELi6EL9ap_q_mode5EL9_364, i16 %p_ZZN4nnet24compute_output_buffer_2dINS_5arrayI8ap_fixedILi16ELi6EL9ap_q_mode5EL9_281, i16 %p_ZZN4nnet24compute_output_buffer_2dINS_5arrayI8ap_fixedILi16ELi6EL9ap_q_mode5EL9_397, i16 %p_ZZN4nnet24compute_output_buffer_2dINS_5arrayI8ap_fixedILi16ELi6EL9ap_q_mode5EL9_282, i16 %p_ZZN4nnet24compute_output_buffer_2dINS_5arrayI8ap_fixedILi16ELi6EL9ap_q_mode5EL9_398, i16 %p_ZZN4nnet24compute_output_buffer_2dINS_5arrayI8ap_fixedILi16ELi6EL9ap_q_mode5EL9_283, i16 %p_ZZN4nnet24compute_output_buffer_2dINS_5arrayI8ap_fixedILi16ELi6EL9ap_q_mode5EL9_399, i16 %p_ZZN4nnet24compute_output_buffer_2dINS_5arrayI8ap_fixedILi16ELi6EL9ap_q_mode5EL9_284, i16 %p_ZZN4nnet24compute_output_buffer_2dINS_5arrayI8ap_fixedILi16ELi6EL9ap_q_mode5EL9_400, i16 %p_ZZN4nnet24compute_output_buffer_2dINS_5arrayI8ap_fixedILi16ELi6EL9ap_q_mode5EL9_285, i16 %p_ZZN4nnet24compute_output_buffer_2dINS_5arrayI8ap_fixedILi16ELi6EL9ap_q_mode5EL9_268, i16 %p_ZZN4nnet24compute_output_buffer_2dINS_5arrayI8ap_fixedILi16ELi6EL9ap_q_mode5EL9_286, i16 %p_ZZN4nnet24compute_output_buffer_2dINS_5arrayI8ap_fixedILi16ELi6EL9ap_q_mode5EL9_269, i16 %p_ZZN4nnet24compute_output_buffer_2dINS_5arrayI8ap_fixedILi16ELi6EL9ap_q_mode5EL9_287, i16 %p_ZZN4nnet24compute_output_buffer_2dINS_5arrayI8ap_fixedILi16ELi6EL9ap_q_mode5EL9_270, i16 %p_ZZN4nnet24compute_output_buffer_2dINS_5arrayI8ap_fixedILi16ELi6EL9ap_q_mode5EL9_288, i16 %p_ZZN4nnet24compute_output_buffer_2dINS_5arrayI8ap_fixedILi16ELi6EL9ap_q_mode5EL9_271, i16 %p_ZZN4nnet24compute_output_buffer_2dINS_5arrayI8ap_fixedILi16ELi6EL9ap_q_mode5EL9_290, i16 %p_ZZN4nnet24compute_output_buffer_2dINS_5arrayI8ap_fixedILi16ELi6EL9ap_q_mode5EL9_272, i16 %p_ZZN4nnet24compute_output_buffer_2dINS_5arrayI8ap_fixedILi16ELi6EL9ap_q_mode5EL9_291, i16 %p_ZZN4nnet24compute_output_buffer_2dINS_5arrayI8ap_fixedILi16ELi6EL9ap_q_mode5EL9_273, i16 %p_ZZN4nnet24compute_output_buffer_2dINS_5arrayI8ap_fixedILi16ELi6EL9ap_q_mode5EL9_292, i16 %p_ZZN4nnet24compute_output_buffer_2dINS_5arrayI8ap_fixedILi16ELi6EL9ap_q_mode5EL9_274, i16 %p_ZZN4nnet24compute_output_buffer_2dINS_5arrayI8ap_fixedILi16ELi6EL9ap_q_mode5EL9_293, i16 %p_ZZN4nnet24compute_output_buffer_2dINS_5arrayI8ap_fixedILi16ELi6EL9ap_q_mode5EL9_275, i16 %p_ZZN4nnet24compute_output_buffer_2dINS_5arrayI8ap_fixedILi16ELi6EL9ap_q_mode5EL9_294, i16 %p_ZZN4nnet24compute_output_buffer_2dINS_5arrayI8ap_fixedILi16ELi6EL9ap_q_mode5EL9_276, i16 %p_ZZN4nnet24compute_output_buffer_2dINS_5arrayI8ap_fixedILi16ELi6EL9ap_q_mode5EL9_295, i16 %p_ZZN4nnet24compute_output_buffer_2dINS_5arrayI8ap_fixedILi16ELi6EL9ap_q_mode5EL9_277, i16 %p_ZZN4nnet24compute_output_buffer_2dINS_5arrayI8ap_fixedILi16ELi6EL9ap_q_mode5EL9_296, i16 %p_ZZN4nnet24compute_output_buffer_2dINS_5arrayI8ap_fixedILi16ELi6EL9ap_q_mode5EL9_279, i16 %p_ZZN4nnet24compute_output_buffer_2dINS_5arrayI8ap_fixedILi16ELi6EL9ap_q_mode5EL9_297, i16 %p_ZZN4nnet24compute_output_buffer_2dINS_5arrayI8ap_fixedILi16ELi6EL9ap_q_mode5EL9_280, i16 %p_ZZN4nnet24compute_output_buffer_2dINS_5arrayI8ap_fixedILi16ELi6EL9ap_q_mode5EL9_333, i16 %p_ZZN4nnet24compute_output_buffer_2dINS_5arrayI8ap_fixedILi16ELi6EL9ap_q_mode5EL9_334, i16 %p_ZZN4nnet24compute_output_buffer_2dINS_5arrayI8ap_fixedILi16ELi6EL9ap_q_mode5EL9_335, i16 %p_ZZN4nnet24compute_output_buffer_2dINS_5arrayI8ap_fixedILi16ELi6EL9ap_q_mode5EL9_336, i16 %p_ZZN4nnet24compute_output_buffer_2dINS_5arrayI8ap_fixedILi16ELi6EL9ap_q_mode5EL9_337, i16 %p_ZZN4nnet24compute_output_buffer_2dINS_5arrayI8ap_fixedILi16ELi6EL9ap_q_mode5EL9_338, i16 %p_ZZN4nnet24compute_output_buffer_2dINS_5arrayI8ap_fixedILi16ELi6EL9ap_q_mode5EL9_339, i16 %p_ZZN4nnet24compute_output_buffer_2dINS_5arrayI8ap_fixedILi16ELi6EL9ap_q_mode5EL9_340, i16 %p_ZZN4nnet24compute_output_buffer_2dINS_5arrayI8ap_fixedILi16ELi6EL9ap_q_mode5EL9_341, i16 %p_ZZN4nnet24compute_output_buffer_2dINS_5arrayI8ap_fixedILi16ELi6EL9ap_q_mode5EL9_342, i16 %p_ZZN4nnet24compute_output_buffer_2dINS_5arrayI8ap_fixedILi16ELi6EL9ap_q_mode5EL9_343, i16 %p_ZZN4nnet24compute_output_buffer_2dINS_5arrayI8ap_fixedILi16ELi6EL9ap_q_mode5EL9_344, i16 %p_ZZN4nnet24compute_output_buffer_2dINS_5arrayI8ap_fixedILi16ELi6EL9ap_q_mode5EL9_345, i16 %p_ZZN4nnet24compute_output_buffer_2dINS_5arrayI8ap_fixedILi16ELi6EL9ap_q_mode5EL9_346, i16 %p_ZZN4nnet24compute_output_buffer_2dINS_5arrayI8ap_fixedILi16ELi6EL9ap_q_mode5EL9_347, i16 %p_ZZN4nnet24compute_output_buffer_2dINS_5arrayI8ap_fixedILi16ELi6EL9ap_q_mode5EL9_348, i16 %p_ZZN4nnet24compute_output_buffer_2dINS_5arrayI8ap_fixedILi16ELi6EL9ap_q_mode5EL9_381, i16 %p_ZZN4nnet24compute_output_buffer_2dINS_5arrayI8ap_fixedILi16ELi6EL9ap_q_mode5EL9_382, i16 %p_ZZN4nnet24compute_output_buffer_2dINS_5arrayI8ap_fixedILi16ELi6EL9ap_q_mode5EL9_383, i16 %p_ZZN4nnet24compute_output_buffer_2dINS_5arrayI8ap_fixedILi16ELi6EL9ap_q_mode5EL9_384, i16 %p_ZZN4nnet24compute_output_buffer_2dINS_5arrayI8ap_fixedILi16ELi6EL9ap_q_mode5EL9_385, i16 %p_ZZN4nnet24compute_output_buffer_2dINS_5arrayI8ap_fixedILi16ELi6EL9ap_q_mode5EL9_386, i16 %p_ZZN4nnet24compute_output_buffer_2dINS_5arrayI8ap_fixedILi16ELi6EL9ap_q_mode5EL9_387, i16 %p_ZZN4nnet24compute_output_buffer_2dINS_5arrayI8ap_fixedILi16ELi6EL9ap_q_mode5EL9_388, i16 %p_ZZN4nnet24compute_output_buffer_2dINS_5arrayI8ap_fixedILi16ELi6EL9ap_q_mode5EL9_389, i16 %p_ZZN4nnet24compute_output_buffer_2dINS_5arrayI8ap_fixedILi16ELi6EL9ap_q_mode5EL9_390, i16 %p_ZZN4nnet24compute_output_buffer_2dINS_5arrayI8ap_fixedILi16ELi6EL9ap_q_mode5EL9_391, i16 %p_ZZN4nnet24compute_output_buffer_2dINS_5arrayI8ap_fixedILi16ELi6EL9ap_q_mode5EL9_392, i16 %p_ZZN4nnet24compute_output_buffer_2dINS_5arrayI8ap_fixedILi16ELi6EL9ap_q_mode5EL9_393, i16 %p_ZZN4nnet24compute_output_buffer_2dINS_5arrayI8ap_fixedILi16ELi6EL9ap_q_mode5EL9_394, i16 %p_ZZN4nnet24compute_output_buffer_2dINS_5arrayI8ap_fixedILi16ELi6EL9ap_q_mode5EL9_395, i16 %p_ZZN4nnet24compute_output_buffer_2dINS_5arrayI8ap_fixedILi16ELi6EL9ap_q_mode5EL9_396, i16 %p_ZZN4nnet24compute_output_buffer_2dINS_5arrayI8ap_fixedILi16ELi6EL9ap_q_mode5EL9_298, i16 %p_ZZN4nnet24compute_output_buffer_2dINS_5arrayI8ap_fixedILi16ELi6EL9ap_q_mode5EL9_299, i16 %p_ZZN4nnet24compute_output_buffer_2dINS_5arrayI8ap_fixedILi16ELi6EL9ap_q_mode5EL9_301, i16 %p_ZZN4nnet24compute_output_buffer_2dINS_5arrayI8ap_fixedILi16ELi6EL9ap_q_mode5EL9_302, i16 %p_ZZN4nnet24compute_output_buffer_2dINS_5arrayI8ap_fixedILi16ELi6EL9ap_q_mode5EL9_303, i16 %p_ZZN4nnet24compute_output_buffer_2dINS_5arrayI8ap_fixedILi16ELi6EL9ap_q_mode5EL9_304, i16 %p_ZZN4nnet24compute_output_buffer_2dINS_5arrayI8ap_fixedILi16ELi6EL9ap_q_mode5EL9_305, i16 %p_ZZN4nnet24compute_output_buffer_2dINS_5arrayI8ap_fixedILi16ELi6EL9ap_q_mode5EL9_306, i16 %p_ZZN4nnet24compute_output_buffer_2dINS_5arrayI8ap_fixedILi16ELi6EL9ap_q_mode5EL9_307, i16 %p_ZZN4nnet24compute_output_buffer_2dINS_5arrayI8ap_fixedILi16ELi6EL9ap_q_mode5EL9_308, i16 %p_ZZN4nnet24compute_output_buffer_2dINS_5arrayI8ap_fixedILi16ELi6EL9ap_q_mode5EL9_309, i16 %p_ZZN4nnet24compute_output_buffer_2dINS_5arrayI8ap_fixedILi16ELi6EL9ap_q_mode5EL9_310, i16 %p_ZZN4nnet24compute_output_buffer_2dINS_5arrayI8ap_fixedILi16ELi6EL9ap_q_mode5EL9_312, i16 %p_ZZN4nnet24compute_output_buffer_2dINS_5arrayI8ap_fixedILi16ELi6EL9ap_q_mode5EL9_313, i16 %p_ZZN4nnet24compute_output_buffer_2dINS_5arrayI8ap_fixedILi16ELi6EL9ap_q_mode5EL9_314, i16 %p_ZZN4nnet24compute_output_buffer_2dINS_5arrayI8ap_fixedILi16ELi6EL9ap_q_mode5EL9_315, i16 %p_ZZN4nnet25conv_2d_buffer_latency_clINS_5arrayI8ap_fixedILi16ELi6EL9ap_q_mode5EL_63, i16 %p_ZZN4nnet25conv_2d_buffer_latency_clINS_5arrayI8ap_fixedILi16ELi6EL9ap_q_mode5EL_47, i16 %p_ZZN4nnet25conv_2d_buffer_latency_clINS_5arrayI8ap_fixedILi16ELi6EL9ap_q_mode5EL_62, i16 %p_ZZN4nnet25conv_2d_buffer_latency_clINS_5arrayI8ap_fixedILi16ELi6EL9ap_q_mode5EL_46, i16 %p_ZZN4nnet25conv_2d_buffer_latency_clINS_5arrayI8ap_fixedILi16ELi6EL9ap_q_mode5EL_55, i16 %p_ZZN4nnet25conv_2d_buffer_latency_clINS_5arrayI8ap_fixedILi16ELi6EL9ap_q_mode5EL_39, i16 %p_ZZN4nnet25conv_2d_buffer_latency_clINS_5arrayI8ap_fixedILi16ELi6EL9ap_q_mode5EL_54, i16 %p_ZZN4nnet25conv_2d_buffer_latency_clINS_5arrayI8ap_fixedILi16ELi6EL9ap_q_mode5EL_38, i16 %p_ZZN4nnet25conv_2d_buffer_latency_clINS_5arrayI8ap_fixedILi16ELi6EL9ap_q_mode5EL_53, i16 %p_ZZN4nnet25conv_2d_buffer_latency_clINS_5arrayI8ap_fixedILi16ELi6EL9ap_q_mode5EL_37, i16 %p_ZZN4nnet25conv_2d_buffer_latency_clINS_5arrayI8ap_fixedILi16ELi6EL9ap_q_mode5EL_52, i16 %p_ZZN4nnet25conv_2d_buffer_latency_clINS_5arrayI8ap_fixedILi16ELi6EL9ap_q_mode5EL_36, i16 %p_ZZN4nnet25conv_2d_buffer_latency_clINS_5arrayI8ap_fixedILi16ELi6EL9ap_q_mode5EL_51, i16 %p_ZZN4nnet25conv_2d_buffer_latency_clINS_5arrayI8ap_fixedILi16ELi6EL9ap_q_mode5EL_35, i16 %p_ZZN4nnet25conv_2d_buffer_latency_clINS_5arrayI8ap_fixedILi16ELi6EL9ap_q_mode5EL_50, i16 %p_ZZN4nnet25conv_2d_buffer_latency_clINS_5arrayI8ap_fixedILi16ELi6EL9ap_q_mode5EL_34, i16 %p_ZZN4nnet25conv_2d_buffer_latency_clINS_5arrayI8ap_fixedILi16ELi6EL9ap_q_mode5EL_49, i16 %p_ZZN4nnet25conv_2d_buffer_latency_clINS_5arrayI8ap_fixedILi16ELi6EL9ap_q_mode5EL_33, i16 %p_ZZN4nnet25conv_2d_buffer_latency_clINS_5arrayI8ap_fixedILi16ELi6EL9ap_q_mode5EL_48, i16 %p_ZZN4nnet25conv_2d_buffer_latency_clINS_5arrayI8ap_fixedILi16ELi6EL9ap_q_mode5EL_32, i16 %p_ZZN4nnet25conv_2d_buffer_latency_clINS_5arrayI8ap_fixedILi16ELi6EL9ap_q_mode5EL_61, i16 %p_ZZN4nnet25conv_2d_buffer_latency_clINS_5arrayI8ap_fixedILi16ELi6EL9ap_q_mode5EL_45, i16 %p_ZZN4nnet25conv_2d_buffer_latency_clINS_5arrayI8ap_fixedILi16ELi6EL9ap_q_mode5EL_60, i16 %p_ZZN4nnet25conv_2d_buffer_latency_clINS_5arrayI8ap_fixedILi16ELi6EL9ap_q_mode5EL_44, i16 %p_ZZN4nnet25conv_2d_buffer_latency_clINS_5arrayI8ap_fixedILi16ELi6EL9ap_q_mode5EL_59, i16 %p_ZZN4nnet25conv_2d_buffer_latency_clINS_5arrayI8ap_fixedILi16ELi6EL9ap_q_mode5EL_43, i16 %p_ZZN4nnet25conv_2d_buffer_latency_clINS_5arrayI8ap_fixedILi16ELi6EL9ap_q_mode5EL_58, i16 %p_ZZN4nnet25conv_2d_buffer_latency_clINS_5arrayI8ap_fixedILi16ELi6EL9ap_q_mode5EL_42, i16 %p_ZZN4nnet25conv_2d_buffer_latency_clINS_5arrayI8ap_fixedILi16ELi6EL9ap_q_mode5EL_57, i16 %p_ZZN4nnet25conv_2d_buffer_latency_clINS_5arrayI8ap_fixedILi16ELi6EL9ap_q_mode5EL_41, i16 %p_ZZN4nnet25conv_2d_buffer_latency_clINS_5arrayI8ap_fixedILi16ELi6EL9ap_q_mode5EL_56, i16 %p_ZZN4nnet25conv_2d_buffer_latency_clINS_5arrayI8ap_fixedILi16ELi6EL9ap_q_mode5EL_40, i32 %sX_5, i32 %sY_5, i32 %pY_5, i32 %pX_5" [firmware/nnet_utils/nnet_conv2d_stream.h:32->firmware/nnet_utils/nnet_conv2d_stream.h:76]   --->   Operation 47 'call' 'call_ln32' <Predicate = (!icmp_ln25)> <Delay = 0.00> <CoreType = "Generic">   --->   Core 0 '' <Latency = 0> <II = 1> <Delay = 1.00> <Generic> <Opcode : >

State 8 <SV = 7> <Delay = 0.00>
ST_8 : Operation 48 [5/11] (0.00ns)   --->   "%call_ln32 = call void @compute_output_buffer_2d<array,array<ap_fixed<41,21,5,3,0>,16u>,config7>, i16 %trunc_ln32, i16 %trunc_ln32_s, i16 %trunc_ln32_15, i16 %trunc_ln32_16, i16 %trunc_ln32_17, i16 %trunc_ln32_18, i16 %trunc_ln32_19, i16 %trunc_ln32_20, i16 %trunc_ln32_21, i16 %trunc_ln32_22, i16 %trunc_ln32_23, i16 %trunc_ln32_24, i16 %trunc_ln32_25, i16 %trunc_ln32_26, i16 %trunc_ln32_27, i16 %trunc_ln32_28, i656 %layer7_out, i16 %p_ZZN4nnet24compute_output_buffer_2dINS_5arrayI8ap_fixedILi16ELi6EL9ap_q_mode5EL9_317, i16 %void_compute_output_buffer_2d_array_const_ap_shift_reg_n_chan_stream_weig_28, i16 %p_ZZN4nnet24compute_output_buffer_2dINS_5arrayI8ap_fixedILi16ELi6EL9ap_q_mode5EL9_318, i16 %void_compute_output_buffer_2d_array_const_ap_shift_reg_n_chan_stream_weig_27, i16 %p_ZZN4nnet24compute_output_buffer_2dINS_5arrayI8ap_fixedILi16ELi6EL9ap_q_mode5EL9_319, i16 %void_compute_output_buffer_2d_array_const_ap_shift_reg_n_chan_stream_weig_26, i16 %p_ZZN4nnet24compute_output_buffer_2dINS_5arrayI8ap_fixedILi16ELi6EL9ap_q_mode5EL9_320, i16 %void_compute_output_buffer_2d_array_const_ap_shift_reg_n_chan_stream_weig_25, i16 %p_ZZN4nnet24compute_output_buffer_2dINS_5arrayI8ap_fixedILi16ELi6EL9ap_q_mode5EL9_321, i16 %void_compute_output_buffer_2d_array_const_ap_shift_reg_n_chan_stream_weig_24, i16 %p_ZZN4nnet24compute_output_buffer_2dINS_5arrayI8ap_fixedILi16ELi6EL9ap_q_mode5EL9_322, i16 %void_compute_output_buffer_2d_array_const_ap_shift_reg_n_chan_stream_weig_23, i16 %p_ZZN4nnet24compute_output_buffer_2dINS_5arrayI8ap_fixedILi16ELi6EL9ap_q_mode5EL9_323, i16 %void_compute_output_buffer_2d_array_const_ap_shift_reg_n_chan_stream_weig_22, i16 %p_ZZN4nnet24compute_output_buffer_2dINS_5arrayI8ap_fixedILi16ELi6EL9ap_q_mode5EL9_324, i16 %void_compute_output_buffer_2d_array_const_ap_shift_reg_n_chan_stream_weig_21, i16 %p_ZZN4nnet24compute_output_buffer_2dINS_5arrayI8ap_fixedILi16ELi6EL9ap_q_mode5EL9_325, i16 %void_compute_output_buffer_2d_array_const_ap_shift_reg_n_chan_stream_weig_20, i16 %p_ZZN4nnet24compute_output_buffer_2dINS_5arrayI8ap_fixedILi16ELi6EL9ap_q_mode5EL9_326, i16 %void_compute_output_buffer_2d_array_const_ap_shift_reg_n_chan_stream_weig_19, i16 %p_ZZN4nnet24compute_output_buffer_2dINS_5arrayI8ap_fixedILi16ELi6EL9ap_q_mode5EL9_327, i16 %p_ZZN4nnet24compute_output_buffer_2dINS_5arrayI8ap_fixedILi16ELi6EL9ap_q_mode5EL9_267, i16 %p_ZZN4nnet24compute_output_buffer_2dINS_5arrayI8ap_fixedILi16ELi6EL9ap_q_mode5EL9_328, i16 %p_ZZN4nnet24compute_output_buffer_2dINS_5arrayI8ap_fixedILi16ELi6EL9ap_q_mode5EL9_278, i16 %p_ZZN4nnet24compute_output_buffer_2dINS_5arrayI8ap_fixedILi16ELi6EL9ap_q_mode5EL9_329, i16 %p_ZZN4nnet24compute_output_buffer_2dINS_5arrayI8ap_fixedILi16ELi6EL9ap_q_mode5EL9_289, i16 %p_ZZN4nnet24compute_output_buffer_2dINS_5arrayI8ap_fixedILi16ELi6EL9ap_q_mode5EL9_330, i16 %p_ZZN4nnet24compute_output_buffer_2dINS_5arrayI8ap_fixedILi16ELi6EL9ap_q_mode5EL9_300, i16 %p_ZZN4nnet24compute_output_buffer_2dINS_5arrayI8ap_fixedILi16ELi6EL9ap_q_mode5EL9_331, i16 %p_ZZN4nnet24compute_output_buffer_2dINS_5arrayI8ap_fixedILi16ELi6EL9ap_q_mode5EL9_311, i16 %p_ZZN4nnet24compute_output_buffer_2dINS_5arrayI8ap_fixedILi16ELi6EL9ap_q_mode5EL9_332, i16 %p_ZZN4nnet24compute_output_buffer_2dINS_5arrayI8ap_fixedILi16ELi6EL9ap_q_mode5EL9_316, i16 %p_ZZN4nnet24compute_output_buffer_2dINS_5arrayI8ap_fixedILi16ELi6EL9ap_q_mode5EL9_365, i16 %p_ZZN4nnet24compute_output_buffer_2dINS_5arrayI8ap_fixedILi16ELi6EL9ap_q_mode5EL9_349, i16 %p_ZZN4nnet24compute_output_buffer_2dINS_5arrayI8ap_fixedILi16ELi6EL9ap_q_mode5EL9_366, i16 %p_ZZN4nnet24compute_output_buffer_2dINS_5arrayI8ap_fixedILi16ELi6EL9ap_q_mode5EL9_350, i16 %p_ZZN4nnet24compute_output_buffer_2dINS_5arrayI8ap_fixedILi16ELi6EL9ap_q_mode5EL9_367, i16 %p_ZZN4nnet24compute_output_buffer_2dINS_5arrayI8ap_fixedILi16ELi6EL9ap_q_mode5EL9_351, i16 %p_ZZN4nnet24compute_output_buffer_2dINS_5arrayI8ap_fixedILi16ELi6EL9ap_q_mode5EL9_368, i16 %p_ZZN4nnet24compute_output_buffer_2dINS_5arrayI8ap_fixedILi16ELi6EL9ap_q_mode5EL9_352, i16 %p_ZZN4nnet24compute_output_buffer_2dINS_5arrayI8ap_fixedILi16ELi6EL9ap_q_mode5EL9_369, i16 %p_ZZN4nnet24compute_output_buffer_2dINS_5arrayI8ap_fixedILi16ELi6EL9ap_q_mode5EL9_353, i16 %p_ZZN4nnet24compute_output_buffer_2dINS_5arrayI8ap_fixedILi16ELi6EL9ap_q_mode5EL9_370, i16 %p_ZZN4nnet24compute_output_buffer_2dINS_5arrayI8ap_fixedILi16ELi6EL9ap_q_mode5EL9_354, i16 %p_ZZN4nnet24compute_output_buffer_2dINS_5arrayI8ap_fixedILi16ELi6EL9ap_q_mode5EL9_371, i16 %p_ZZN4nnet24compute_output_buffer_2dINS_5arrayI8ap_fixedILi16ELi6EL9ap_q_mode5EL9_355, i16 %p_ZZN4nnet24compute_output_buffer_2dINS_5arrayI8ap_fixedILi16ELi6EL9ap_q_mode5EL9_372, i16 %p_ZZN4nnet24compute_output_buffer_2dINS_5arrayI8ap_fixedILi16ELi6EL9ap_q_mode5EL9_356, i16 %p_ZZN4nnet24compute_output_buffer_2dINS_5arrayI8ap_fixedILi16ELi6EL9ap_q_mode5EL9_373, i16 %p_ZZN4nnet24compute_output_buffer_2dINS_5arrayI8ap_fixedILi16ELi6EL9ap_q_mode5EL9_357, i16 %p_ZZN4nnet24compute_output_buffer_2dINS_5arrayI8ap_fixedILi16ELi6EL9ap_q_mode5EL9_374, i16 %p_ZZN4nnet24compute_output_buffer_2dINS_5arrayI8ap_fixedILi16ELi6EL9ap_q_mode5EL9_358, i16 %p_ZZN4nnet24compute_output_buffer_2dINS_5arrayI8ap_fixedILi16ELi6EL9ap_q_mode5EL9_375, i16 %p_ZZN4nnet24compute_output_buffer_2dINS_5arrayI8ap_fixedILi16ELi6EL9ap_q_mode5EL9_359, i16 %p_ZZN4nnet24compute_output_buffer_2dINS_5arrayI8ap_fixedILi16ELi6EL9ap_q_mode5EL9_376, i16 %p_ZZN4nnet24compute_output_buffer_2dINS_5arrayI8ap_fixedILi16ELi6EL9ap_q_mode5EL9_360, i16 %p_ZZN4nnet24compute_output_buffer_2dINS_5arrayI8ap_fixedILi16ELi6EL9ap_q_mode5EL9_377, i16 %p_ZZN4nnet24compute_output_buffer_2dINS_5arrayI8ap_fixedILi16ELi6EL9ap_q_mode5EL9_361, i16 %p_ZZN4nnet24compute_output_buffer_2dINS_5arrayI8ap_fixedILi16ELi6EL9ap_q_mode5EL9_378, i16 %p_ZZN4nnet24compute_output_buffer_2dINS_5arrayI8ap_fixedILi16ELi6EL9ap_q_mode5EL9_362, i16 %p_ZZN4nnet24compute_output_buffer_2dINS_5arrayI8ap_fixedILi16ELi6EL9ap_q_mode5EL9_379, i16 %p_ZZN4nnet24compute_output_buffer_2dINS_5arrayI8ap_fixedILi16ELi6EL9ap_q_mode5EL9_363, i16 %p_ZZN4nnet24compute_output_buffer_2dINS_5arrayI8ap_fixedILi16ELi6EL9ap_q_mode5EL9_380, i16 %p_ZZN4nnet24compute_output_buffer_2dINS_5arrayI8ap_fixedILi16ELi6EL9ap_q_mode5EL9_364, i16 %p_ZZN4nnet24compute_output_buffer_2dINS_5arrayI8ap_fixedILi16ELi6EL9ap_q_mode5EL9_281, i16 %p_ZZN4nnet24compute_output_buffer_2dINS_5arrayI8ap_fixedILi16ELi6EL9ap_q_mode5EL9_397, i16 %p_ZZN4nnet24compute_output_buffer_2dINS_5arrayI8ap_fixedILi16ELi6EL9ap_q_mode5EL9_282, i16 %p_ZZN4nnet24compute_output_buffer_2dINS_5arrayI8ap_fixedILi16ELi6EL9ap_q_mode5EL9_398, i16 %p_ZZN4nnet24compute_output_buffer_2dINS_5arrayI8ap_fixedILi16ELi6EL9ap_q_mode5EL9_283, i16 %p_ZZN4nnet24compute_output_buffer_2dINS_5arrayI8ap_fixedILi16ELi6EL9ap_q_mode5EL9_399, i16 %p_ZZN4nnet24compute_output_buffer_2dINS_5arrayI8ap_fixedILi16ELi6EL9ap_q_mode5EL9_284, i16 %p_ZZN4nnet24compute_output_buffer_2dINS_5arrayI8ap_fixedILi16ELi6EL9ap_q_mode5EL9_400, i16 %p_ZZN4nnet24compute_output_buffer_2dINS_5arrayI8ap_fixedILi16ELi6EL9ap_q_mode5EL9_285, i16 %p_ZZN4nnet24compute_output_buffer_2dINS_5arrayI8ap_fixedILi16ELi6EL9ap_q_mode5EL9_268, i16 %p_ZZN4nnet24compute_output_buffer_2dINS_5arrayI8ap_fixedILi16ELi6EL9ap_q_mode5EL9_286, i16 %p_ZZN4nnet24compute_output_buffer_2dINS_5arrayI8ap_fixedILi16ELi6EL9ap_q_mode5EL9_269, i16 %p_ZZN4nnet24compute_output_buffer_2dINS_5arrayI8ap_fixedILi16ELi6EL9ap_q_mode5EL9_287, i16 %p_ZZN4nnet24compute_output_buffer_2dINS_5arrayI8ap_fixedILi16ELi6EL9ap_q_mode5EL9_270, i16 %p_ZZN4nnet24compute_output_buffer_2dINS_5arrayI8ap_fixedILi16ELi6EL9ap_q_mode5EL9_288, i16 %p_ZZN4nnet24compute_output_buffer_2dINS_5arrayI8ap_fixedILi16ELi6EL9ap_q_mode5EL9_271, i16 %p_ZZN4nnet24compute_output_buffer_2dINS_5arrayI8ap_fixedILi16ELi6EL9ap_q_mode5EL9_290, i16 %p_ZZN4nnet24compute_output_buffer_2dINS_5arrayI8ap_fixedILi16ELi6EL9ap_q_mode5EL9_272, i16 %p_ZZN4nnet24compute_output_buffer_2dINS_5arrayI8ap_fixedILi16ELi6EL9ap_q_mode5EL9_291, i16 %p_ZZN4nnet24compute_output_buffer_2dINS_5arrayI8ap_fixedILi16ELi6EL9ap_q_mode5EL9_273, i16 %p_ZZN4nnet24compute_output_buffer_2dINS_5arrayI8ap_fixedILi16ELi6EL9ap_q_mode5EL9_292, i16 %p_ZZN4nnet24compute_output_buffer_2dINS_5arrayI8ap_fixedILi16ELi6EL9ap_q_mode5EL9_274, i16 %p_ZZN4nnet24compute_output_buffer_2dINS_5arrayI8ap_fixedILi16ELi6EL9ap_q_mode5EL9_293, i16 %p_ZZN4nnet24compute_output_buffer_2dINS_5arrayI8ap_fixedILi16ELi6EL9ap_q_mode5EL9_275, i16 %p_ZZN4nnet24compute_output_buffer_2dINS_5arrayI8ap_fixedILi16ELi6EL9ap_q_mode5EL9_294, i16 %p_ZZN4nnet24compute_output_buffer_2dINS_5arrayI8ap_fixedILi16ELi6EL9ap_q_mode5EL9_276, i16 %p_ZZN4nnet24compute_output_buffer_2dINS_5arrayI8ap_fixedILi16ELi6EL9ap_q_mode5EL9_295, i16 %p_ZZN4nnet24compute_output_buffer_2dINS_5arrayI8ap_fixedILi16ELi6EL9ap_q_mode5EL9_277, i16 %p_ZZN4nnet24compute_output_buffer_2dINS_5arrayI8ap_fixedILi16ELi6EL9ap_q_mode5EL9_296, i16 %p_ZZN4nnet24compute_output_buffer_2dINS_5arrayI8ap_fixedILi16ELi6EL9ap_q_mode5EL9_279, i16 %p_ZZN4nnet24compute_output_buffer_2dINS_5arrayI8ap_fixedILi16ELi6EL9ap_q_mode5EL9_297, i16 %p_ZZN4nnet24compute_output_buffer_2dINS_5arrayI8ap_fixedILi16ELi6EL9ap_q_mode5EL9_280, i16 %p_ZZN4nnet24compute_output_buffer_2dINS_5arrayI8ap_fixedILi16ELi6EL9ap_q_mode5EL9_333, i16 %p_ZZN4nnet24compute_output_buffer_2dINS_5arrayI8ap_fixedILi16ELi6EL9ap_q_mode5EL9_334, i16 %p_ZZN4nnet24compute_output_buffer_2dINS_5arrayI8ap_fixedILi16ELi6EL9ap_q_mode5EL9_335, i16 %p_ZZN4nnet24compute_output_buffer_2dINS_5arrayI8ap_fixedILi16ELi6EL9ap_q_mode5EL9_336, i16 %p_ZZN4nnet24compute_output_buffer_2dINS_5arrayI8ap_fixedILi16ELi6EL9ap_q_mode5EL9_337, i16 %p_ZZN4nnet24compute_output_buffer_2dINS_5arrayI8ap_fixedILi16ELi6EL9ap_q_mode5EL9_338, i16 %p_ZZN4nnet24compute_output_buffer_2dINS_5arrayI8ap_fixedILi16ELi6EL9ap_q_mode5EL9_339, i16 %p_ZZN4nnet24compute_output_buffer_2dINS_5arrayI8ap_fixedILi16ELi6EL9ap_q_mode5EL9_340, i16 %p_ZZN4nnet24compute_output_buffer_2dINS_5arrayI8ap_fixedILi16ELi6EL9ap_q_mode5EL9_341, i16 %p_ZZN4nnet24compute_output_buffer_2dINS_5arrayI8ap_fixedILi16ELi6EL9ap_q_mode5EL9_342, i16 %p_ZZN4nnet24compute_output_buffer_2dINS_5arrayI8ap_fixedILi16ELi6EL9ap_q_mode5EL9_343, i16 %p_ZZN4nnet24compute_output_buffer_2dINS_5arrayI8ap_fixedILi16ELi6EL9ap_q_mode5EL9_344, i16 %p_ZZN4nnet24compute_output_buffer_2dINS_5arrayI8ap_fixedILi16ELi6EL9ap_q_mode5EL9_345, i16 %p_ZZN4nnet24compute_output_buffer_2dINS_5arrayI8ap_fixedILi16ELi6EL9ap_q_mode5EL9_346, i16 %p_ZZN4nnet24compute_output_buffer_2dINS_5arrayI8ap_fixedILi16ELi6EL9ap_q_mode5EL9_347, i16 %p_ZZN4nnet24compute_output_buffer_2dINS_5arrayI8ap_fixedILi16ELi6EL9ap_q_mode5EL9_348, i16 %p_ZZN4nnet24compute_output_buffer_2dINS_5arrayI8ap_fixedILi16ELi6EL9ap_q_mode5EL9_381, i16 %p_ZZN4nnet24compute_output_buffer_2dINS_5arrayI8ap_fixedILi16ELi6EL9ap_q_mode5EL9_382, i16 %p_ZZN4nnet24compute_output_buffer_2dINS_5arrayI8ap_fixedILi16ELi6EL9ap_q_mode5EL9_383, i16 %p_ZZN4nnet24compute_output_buffer_2dINS_5arrayI8ap_fixedILi16ELi6EL9ap_q_mode5EL9_384, i16 %p_ZZN4nnet24compute_output_buffer_2dINS_5arrayI8ap_fixedILi16ELi6EL9ap_q_mode5EL9_385, i16 %p_ZZN4nnet24compute_output_buffer_2dINS_5arrayI8ap_fixedILi16ELi6EL9ap_q_mode5EL9_386, i16 %p_ZZN4nnet24compute_output_buffer_2dINS_5arrayI8ap_fixedILi16ELi6EL9ap_q_mode5EL9_387, i16 %p_ZZN4nnet24compute_output_buffer_2dINS_5arrayI8ap_fixedILi16ELi6EL9ap_q_mode5EL9_388, i16 %p_ZZN4nnet24compute_output_buffer_2dINS_5arrayI8ap_fixedILi16ELi6EL9ap_q_mode5EL9_389, i16 %p_ZZN4nnet24compute_output_buffer_2dINS_5arrayI8ap_fixedILi16ELi6EL9ap_q_mode5EL9_390, i16 %p_ZZN4nnet24compute_output_buffer_2dINS_5arrayI8ap_fixedILi16ELi6EL9ap_q_mode5EL9_391, i16 %p_ZZN4nnet24compute_output_buffer_2dINS_5arrayI8ap_fixedILi16ELi6EL9ap_q_mode5EL9_392, i16 %p_ZZN4nnet24compute_output_buffer_2dINS_5arrayI8ap_fixedILi16ELi6EL9ap_q_mode5EL9_393, i16 %p_ZZN4nnet24compute_output_buffer_2dINS_5arrayI8ap_fixedILi16ELi6EL9ap_q_mode5EL9_394, i16 %p_ZZN4nnet24compute_output_buffer_2dINS_5arrayI8ap_fixedILi16ELi6EL9ap_q_mode5EL9_395, i16 %p_ZZN4nnet24compute_output_buffer_2dINS_5arrayI8ap_fixedILi16ELi6EL9ap_q_mode5EL9_396, i16 %p_ZZN4nnet24compute_output_buffer_2dINS_5arrayI8ap_fixedILi16ELi6EL9ap_q_mode5EL9_298, i16 %p_ZZN4nnet24compute_output_buffer_2dINS_5arrayI8ap_fixedILi16ELi6EL9ap_q_mode5EL9_299, i16 %p_ZZN4nnet24compute_output_buffer_2dINS_5arrayI8ap_fixedILi16ELi6EL9ap_q_mode5EL9_301, i16 %p_ZZN4nnet24compute_output_buffer_2dINS_5arrayI8ap_fixedILi16ELi6EL9ap_q_mode5EL9_302, i16 %p_ZZN4nnet24compute_output_buffer_2dINS_5arrayI8ap_fixedILi16ELi6EL9ap_q_mode5EL9_303, i16 %p_ZZN4nnet24compute_output_buffer_2dINS_5arrayI8ap_fixedILi16ELi6EL9ap_q_mode5EL9_304, i16 %p_ZZN4nnet24compute_output_buffer_2dINS_5arrayI8ap_fixedILi16ELi6EL9ap_q_mode5EL9_305, i16 %p_ZZN4nnet24compute_output_buffer_2dINS_5arrayI8ap_fixedILi16ELi6EL9ap_q_mode5EL9_306, i16 %p_ZZN4nnet24compute_output_buffer_2dINS_5arrayI8ap_fixedILi16ELi6EL9ap_q_mode5EL9_307, i16 %p_ZZN4nnet24compute_output_buffer_2dINS_5arrayI8ap_fixedILi16ELi6EL9ap_q_mode5EL9_308, i16 %p_ZZN4nnet24compute_output_buffer_2dINS_5arrayI8ap_fixedILi16ELi6EL9ap_q_mode5EL9_309, i16 %p_ZZN4nnet24compute_output_buffer_2dINS_5arrayI8ap_fixedILi16ELi6EL9ap_q_mode5EL9_310, i16 %p_ZZN4nnet24compute_output_buffer_2dINS_5arrayI8ap_fixedILi16ELi6EL9ap_q_mode5EL9_312, i16 %p_ZZN4nnet24compute_output_buffer_2dINS_5arrayI8ap_fixedILi16ELi6EL9ap_q_mode5EL9_313, i16 %p_ZZN4nnet24compute_output_buffer_2dINS_5arrayI8ap_fixedILi16ELi6EL9ap_q_mode5EL9_314, i16 %p_ZZN4nnet24compute_output_buffer_2dINS_5arrayI8ap_fixedILi16ELi6EL9ap_q_mode5EL9_315, i16 %p_ZZN4nnet25conv_2d_buffer_latency_clINS_5arrayI8ap_fixedILi16ELi6EL9ap_q_mode5EL_63, i16 %p_ZZN4nnet25conv_2d_buffer_latency_clINS_5arrayI8ap_fixedILi16ELi6EL9ap_q_mode5EL_47, i16 %p_ZZN4nnet25conv_2d_buffer_latency_clINS_5arrayI8ap_fixedILi16ELi6EL9ap_q_mode5EL_62, i16 %p_ZZN4nnet25conv_2d_buffer_latency_clINS_5arrayI8ap_fixedILi16ELi6EL9ap_q_mode5EL_46, i16 %p_ZZN4nnet25conv_2d_buffer_latency_clINS_5arrayI8ap_fixedILi16ELi6EL9ap_q_mode5EL_55, i16 %p_ZZN4nnet25conv_2d_buffer_latency_clINS_5arrayI8ap_fixedILi16ELi6EL9ap_q_mode5EL_39, i16 %p_ZZN4nnet25conv_2d_buffer_latency_clINS_5arrayI8ap_fixedILi16ELi6EL9ap_q_mode5EL_54, i16 %p_ZZN4nnet25conv_2d_buffer_latency_clINS_5arrayI8ap_fixedILi16ELi6EL9ap_q_mode5EL_38, i16 %p_ZZN4nnet25conv_2d_buffer_latency_clINS_5arrayI8ap_fixedILi16ELi6EL9ap_q_mode5EL_53, i16 %p_ZZN4nnet25conv_2d_buffer_latency_clINS_5arrayI8ap_fixedILi16ELi6EL9ap_q_mode5EL_37, i16 %p_ZZN4nnet25conv_2d_buffer_latency_clINS_5arrayI8ap_fixedILi16ELi6EL9ap_q_mode5EL_52, i16 %p_ZZN4nnet25conv_2d_buffer_latency_clINS_5arrayI8ap_fixedILi16ELi6EL9ap_q_mode5EL_36, i16 %p_ZZN4nnet25conv_2d_buffer_latency_clINS_5arrayI8ap_fixedILi16ELi6EL9ap_q_mode5EL_51, i16 %p_ZZN4nnet25conv_2d_buffer_latency_clINS_5arrayI8ap_fixedILi16ELi6EL9ap_q_mode5EL_35, i16 %p_ZZN4nnet25conv_2d_buffer_latency_clINS_5arrayI8ap_fixedILi16ELi6EL9ap_q_mode5EL_50, i16 %p_ZZN4nnet25conv_2d_buffer_latency_clINS_5arrayI8ap_fixedILi16ELi6EL9ap_q_mode5EL_34, i16 %p_ZZN4nnet25conv_2d_buffer_latency_clINS_5arrayI8ap_fixedILi16ELi6EL9ap_q_mode5EL_49, i16 %p_ZZN4nnet25conv_2d_buffer_latency_clINS_5arrayI8ap_fixedILi16ELi6EL9ap_q_mode5EL_33, i16 %p_ZZN4nnet25conv_2d_buffer_latency_clINS_5arrayI8ap_fixedILi16ELi6EL9ap_q_mode5EL_48, i16 %p_ZZN4nnet25conv_2d_buffer_latency_clINS_5arrayI8ap_fixedILi16ELi6EL9ap_q_mode5EL_32, i16 %p_ZZN4nnet25conv_2d_buffer_latency_clINS_5arrayI8ap_fixedILi16ELi6EL9ap_q_mode5EL_61, i16 %p_ZZN4nnet25conv_2d_buffer_latency_clINS_5arrayI8ap_fixedILi16ELi6EL9ap_q_mode5EL_45, i16 %p_ZZN4nnet25conv_2d_buffer_latency_clINS_5arrayI8ap_fixedILi16ELi6EL9ap_q_mode5EL_60, i16 %p_ZZN4nnet25conv_2d_buffer_latency_clINS_5arrayI8ap_fixedILi16ELi6EL9ap_q_mode5EL_44, i16 %p_ZZN4nnet25conv_2d_buffer_latency_clINS_5arrayI8ap_fixedILi16ELi6EL9ap_q_mode5EL_59, i16 %p_ZZN4nnet25conv_2d_buffer_latency_clINS_5arrayI8ap_fixedILi16ELi6EL9ap_q_mode5EL_43, i16 %p_ZZN4nnet25conv_2d_buffer_latency_clINS_5arrayI8ap_fixedILi16ELi6EL9ap_q_mode5EL_58, i16 %p_ZZN4nnet25conv_2d_buffer_latency_clINS_5arrayI8ap_fixedILi16ELi6EL9ap_q_mode5EL_42, i16 %p_ZZN4nnet25conv_2d_buffer_latency_clINS_5arrayI8ap_fixedILi16ELi6EL9ap_q_mode5EL_57, i16 %p_ZZN4nnet25conv_2d_buffer_latency_clINS_5arrayI8ap_fixedILi16ELi6EL9ap_q_mode5EL_41, i16 %p_ZZN4nnet25conv_2d_buffer_latency_clINS_5arrayI8ap_fixedILi16ELi6EL9ap_q_mode5EL_56, i16 %p_ZZN4nnet25conv_2d_buffer_latency_clINS_5arrayI8ap_fixedILi16ELi6EL9ap_q_mode5EL_40, i32 %sX_5, i32 %sY_5, i32 %pY_5, i32 %pX_5" [firmware/nnet_utils/nnet_conv2d_stream.h:32->firmware/nnet_utils/nnet_conv2d_stream.h:76]   --->   Operation 48 'call' 'call_ln32' <Predicate = (!icmp_ln25)> <Delay = 0.00> <CoreType = "Generic">   --->   Core 0 '' <Latency = 0> <II = 1> <Delay = 1.00> <Generic> <Opcode : >

State 9 <SV = 8> <Delay = 0.00>
ST_9 : Operation 49 [4/11] (0.00ns)   --->   "%call_ln32 = call void @compute_output_buffer_2d<array,array<ap_fixed<41,21,5,3,0>,16u>,config7>, i16 %trunc_ln32, i16 %trunc_ln32_s, i16 %trunc_ln32_15, i16 %trunc_ln32_16, i16 %trunc_ln32_17, i16 %trunc_ln32_18, i16 %trunc_ln32_19, i16 %trunc_ln32_20, i16 %trunc_ln32_21, i16 %trunc_ln32_22, i16 %trunc_ln32_23, i16 %trunc_ln32_24, i16 %trunc_ln32_25, i16 %trunc_ln32_26, i16 %trunc_ln32_27, i16 %trunc_ln32_28, i656 %layer7_out, i16 %p_ZZN4nnet24compute_output_buffer_2dINS_5arrayI8ap_fixedILi16ELi6EL9ap_q_mode5EL9_317, i16 %void_compute_output_buffer_2d_array_const_ap_shift_reg_n_chan_stream_weig_28, i16 %p_ZZN4nnet24compute_output_buffer_2dINS_5arrayI8ap_fixedILi16ELi6EL9ap_q_mode5EL9_318, i16 %void_compute_output_buffer_2d_array_const_ap_shift_reg_n_chan_stream_weig_27, i16 %p_ZZN4nnet24compute_output_buffer_2dINS_5arrayI8ap_fixedILi16ELi6EL9ap_q_mode5EL9_319, i16 %void_compute_output_buffer_2d_array_const_ap_shift_reg_n_chan_stream_weig_26, i16 %p_ZZN4nnet24compute_output_buffer_2dINS_5arrayI8ap_fixedILi16ELi6EL9ap_q_mode5EL9_320, i16 %void_compute_output_buffer_2d_array_const_ap_shift_reg_n_chan_stream_weig_25, i16 %p_ZZN4nnet24compute_output_buffer_2dINS_5arrayI8ap_fixedILi16ELi6EL9ap_q_mode5EL9_321, i16 %void_compute_output_buffer_2d_array_const_ap_shift_reg_n_chan_stream_weig_24, i16 %p_ZZN4nnet24compute_output_buffer_2dINS_5arrayI8ap_fixedILi16ELi6EL9ap_q_mode5EL9_322, i16 %void_compute_output_buffer_2d_array_const_ap_shift_reg_n_chan_stream_weig_23, i16 %p_ZZN4nnet24compute_output_buffer_2dINS_5arrayI8ap_fixedILi16ELi6EL9ap_q_mode5EL9_323, i16 %void_compute_output_buffer_2d_array_const_ap_shift_reg_n_chan_stream_weig_22, i16 %p_ZZN4nnet24compute_output_buffer_2dINS_5arrayI8ap_fixedILi16ELi6EL9ap_q_mode5EL9_324, i16 %void_compute_output_buffer_2d_array_const_ap_shift_reg_n_chan_stream_weig_21, i16 %p_ZZN4nnet24compute_output_buffer_2dINS_5arrayI8ap_fixedILi16ELi6EL9ap_q_mode5EL9_325, i16 %void_compute_output_buffer_2d_array_const_ap_shift_reg_n_chan_stream_weig_20, i16 %p_ZZN4nnet24compute_output_buffer_2dINS_5arrayI8ap_fixedILi16ELi6EL9ap_q_mode5EL9_326, i16 %void_compute_output_buffer_2d_array_const_ap_shift_reg_n_chan_stream_weig_19, i16 %p_ZZN4nnet24compute_output_buffer_2dINS_5arrayI8ap_fixedILi16ELi6EL9ap_q_mode5EL9_327, i16 %p_ZZN4nnet24compute_output_buffer_2dINS_5arrayI8ap_fixedILi16ELi6EL9ap_q_mode5EL9_267, i16 %p_ZZN4nnet24compute_output_buffer_2dINS_5arrayI8ap_fixedILi16ELi6EL9ap_q_mode5EL9_328, i16 %p_ZZN4nnet24compute_output_buffer_2dINS_5arrayI8ap_fixedILi16ELi6EL9ap_q_mode5EL9_278, i16 %p_ZZN4nnet24compute_output_buffer_2dINS_5arrayI8ap_fixedILi16ELi6EL9ap_q_mode5EL9_329, i16 %p_ZZN4nnet24compute_output_buffer_2dINS_5arrayI8ap_fixedILi16ELi6EL9ap_q_mode5EL9_289, i16 %p_ZZN4nnet24compute_output_buffer_2dINS_5arrayI8ap_fixedILi16ELi6EL9ap_q_mode5EL9_330, i16 %p_ZZN4nnet24compute_output_buffer_2dINS_5arrayI8ap_fixedILi16ELi6EL9ap_q_mode5EL9_300, i16 %p_ZZN4nnet24compute_output_buffer_2dINS_5arrayI8ap_fixedILi16ELi6EL9ap_q_mode5EL9_331, i16 %p_ZZN4nnet24compute_output_buffer_2dINS_5arrayI8ap_fixedILi16ELi6EL9ap_q_mode5EL9_311, i16 %p_ZZN4nnet24compute_output_buffer_2dINS_5arrayI8ap_fixedILi16ELi6EL9ap_q_mode5EL9_332, i16 %p_ZZN4nnet24compute_output_buffer_2dINS_5arrayI8ap_fixedILi16ELi6EL9ap_q_mode5EL9_316, i16 %p_ZZN4nnet24compute_output_buffer_2dINS_5arrayI8ap_fixedILi16ELi6EL9ap_q_mode5EL9_365, i16 %p_ZZN4nnet24compute_output_buffer_2dINS_5arrayI8ap_fixedILi16ELi6EL9ap_q_mode5EL9_349, i16 %p_ZZN4nnet24compute_output_buffer_2dINS_5arrayI8ap_fixedILi16ELi6EL9ap_q_mode5EL9_366, i16 %p_ZZN4nnet24compute_output_buffer_2dINS_5arrayI8ap_fixedILi16ELi6EL9ap_q_mode5EL9_350, i16 %p_ZZN4nnet24compute_output_buffer_2dINS_5arrayI8ap_fixedILi16ELi6EL9ap_q_mode5EL9_367, i16 %p_ZZN4nnet24compute_output_buffer_2dINS_5arrayI8ap_fixedILi16ELi6EL9ap_q_mode5EL9_351, i16 %p_ZZN4nnet24compute_output_buffer_2dINS_5arrayI8ap_fixedILi16ELi6EL9ap_q_mode5EL9_368, i16 %p_ZZN4nnet24compute_output_buffer_2dINS_5arrayI8ap_fixedILi16ELi6EL9ap_q_mode5EL9_352, i16 %p_ZZN4nnet24compute_output_buffer_2dINS_5arrayI8ap_fixedILi16ELi6EL9ap_q_mode5EL9_369, i16 %p_ZZN4nnet24compute_output_buffer_2dINS_5arrayI8ap_fixedILi16ELi6EL9ap_q_mode5EL9_353, i16 %p_ZZN4nnet24compute_output_buffer_2dINS_5arrayI8ap_fixedILi16ELi6EL9ap_q_mode5EL9_370, i16 %p_ZZN4nnet24compute_output_buffer_2dINS_5arrayI8ap_fixedILi16ELi6EL9ap_q_mode5EL9_354, i16 %p_ZZN4nnet24compute_output_buffer_2dINS_5arrayI8ap_fixedILi16ELi6EL9ap_q_mode5EL9_371, i16 %p_ZZN4nnet24compute_output_buffer_2dINS_5arrayI8ap_fixedILi16ELi6EL9ap_q_mode5EL9_355, i16 %p_ZZN4nnet24compute_output_buffer_2dINS_5arrayI8ap_fixedILi16ELi6EL9ap_q_mode5EL9_372, i16 %p_ZZN4nnet24compute_output_buffer_2dINS_5arrayI8ap_fixedILi16ELi6EL9ap_q_mode5EL9_356, i16 %p_ZZN4nnet24compute_output_buffer_2dINS_5arrayI8ap_fixedILi16ELi6EL9ap_q_mode5EL9_373, i16 %p_ZZN4nnet24compute_output_buffer_2dINS_5arrayI8ap_fixedILi16ELi6EL9ap_q_mode5EL9_357, i16 %p_ZZN4nnet24compute_output_buffer_2dINS_5arrayI8ap_fixedILi16ELi6EL9ap_q_mode5EL9_374, i16 %p_ZZN4nnet24compute_output_buffer_2dINS_5arrayI8ap_fixedILi16ELi6EL9ap_q_mode5EL9_358, i16 %p_ZZN4nnet24compute_output_buffer_2dINS_5arrayI8ap_fixedILi16ELi6EL9ap_q_mode5EL9_375, i16 %p_ZZN4nnet24compute_output_buffer_2dINS_5arrayI8ap_fixedILi16ELi6EL9ap_q_mode5EL9_359, i16 %p_ZZN4nnet24compute_output_buffer_2dINS_5arrayI8ap_fixedILi16ELi6EL9ap_q_mode5EL9_376, i16 %p_ZZN4nnet24compute_output_buffer_2dINS_5arrayI8ap_fixedILi16ELi6EL9ap_q_mode5EL9_360, i16 %p_ZZN4nnet24compute_output_buffer_2dINS_5arrayI8ap_fixedILi16ELi6EL9ap_q_mode5EL9_377, i16 %p_ZZN4nnet24compute_output_buffer_2dINS_5arrayI8ap_fixedILi16ELi6EL9ap_q_mode5EL9_361, i16 %p_ZZN4nnet24compute_output_buffer_2dINS_5arrayI8ap_fixedILi16ELi6EL9ap_q_mode5EL9_378, i16 %p_ZZN4nnet24compute_output_buffer_2dINS_5arrayI8ap_fixedILi16ELi6EL9ap_q_mode5EL9_362, i16 %p_ZZN4nnet24compute_output_buffer_2dINS_5arrayI8ap_fixedILi16ELi6EL9ap_q_mode5EL9_379, i16 %p_ZZN4nnet24compute_output_buffer_2dINS_5arrayI8ap_fixedILi16ELi6EL9ap_q_mode5EL9_363, i16 %p_ZZN4nnet24compute_output_buffer_2dINS_5arrayI8ap_fixedILi16ELi6EL9ap_q_mode5EL9_380, i16 %p_ZZN4nnet24compute_output_buffer_2dINS_5arrayI8ap_fixedILi16ELi6EL9ap_q_mode5EL9_364, i16 %p_ZZN4nnet24compute_output_buffer_2dINS_5arrayI8ap_fixedILi16ELi6EL9ap_q_mode5EL9_281, i16 %p_ZZN4nnet24compute_output_buffer_2dINS_5arrayI8ap_fixedILi16ELi6EL9ap_q_mode5EL9_397, i16 %p_ZZN4nnet24compute_output_buffer_2dINS_5arrayI8ap_fixedILi16ELi6EL9ap_q_mode5EL9_282, i16 %p_ZZN4nnet24compute_output_buffer_2dINS_5arrayI8ap_fixedILi16ELi6EL9ap_q_mode5EL9_398, i16 %p_ZZN4nnet24compute_output_buffer_2dINS_5arrayI8ap_fixedILi16ELi6EL9ap_q_mode5EL9_283, i16 %p_ZZN4nnet24compute_output_buffer_2dINS_5arrayI8ap_fixedILi16ELi6EL9ap_q_mode5EL9_399, i16 %p_ZZN4nnet24compute_output_buffer_2dINS_5arrayI8ap_fixedILi16ELi6EL9ap_q_mode5EL9_284, i16 %p_ZZN4nnet24compute_output_buffer_2dINS_5arrayI8ap_fixedILi16ELi6EL9ap_q_mode5EL9_400, i16 %p_ZZN4nnet24compute_output_buffer_2dINS_5arrayI8ap_fixedILi16ELi6EL9ap_q_mode5EL9_285, i16 %p_ZZN4nnet24compute_output_buffer_2dINS_5arrayI8ap_fixedILi16ELi6EL9ap_q_mode5EL9_268, i16 %p_ZZN4nnet24compute_output_buffer_2dINS_5arrayI8ap_fixedILi16ELi6EL9ap_q_mode5EL9_286, i16 %p_ZZN4nnet24compute_output_buffer_2dINS_5arrayI8ap_fixedILi16ELi6EL9ap_q_mode5EL9_269, i16 %p_ZZN4nnet24compute_output_buffer_2dINS_5arrayI8ap_fixedILi16ELi6EL9ap_q_mode5EL9_287, i16 %p_ZZN4nnet24compute_output_buffer_2dINS_5arrayI8ap_fixedILi16ELi6EL9ap_q_mode5EL9_270, i16 %p_ZZN4nnet24compute_output_buffer_2dINS_5arrayI8ap_fixedILi16ELi6EL9ap_q_mode5EL9_288, i16 %p_ZZN4nnet24compute_output_buffer_2dINS_5arrayI8ap_fixedILi16ELi6EL9ap_q_mode5EL9_271, i16 %p_ZZN4nnet24compute_output_buffer_2dINS_5arrayI8ap_fixedILi16ELi6EL9ap_q_mode5EL9_290, i16 %p_ZZN4nnet24compute_output_buffer_2dINS_5arrayI8ap_fixedILi16ELi6EL9ap_q_mode5EL9_272, i16 %p_ZZN4nnet24compute_output_buffer_2dINS_5arrayI8ap_fixedILi16ELi6EL9ap_q_mode5EL9_291, i16 %p_ZZN4nnet24compute_output_buffer_2dINS_5arrayI8ap_fixedILi16ELi6EL9ap_q_mode5EL9_273, i16 %p_ZZN4nnet24compute_output_buffer_2dINS_5arrayI8ap_fixedILi16ELi6EL9ap_q_mode5EL9_292, i16 %p_ZZN4nnet24compute_output_buffer_2dINS_5arrayI8ap_fixedILi16ELi6EL9ap_q_mode5EL9_274, i16 %p_ZZN4nnet24compute_output_buffer_2dINS_5arrayI8ap_fixedILi16ELi6EL9ap_q_mode5EL9_293, i16 %p_ZZN4nnet24compute_output_buffer_2dINS_5arrayI8ap_fixedILi16ELi6EL9ap_q_mode5EL9_275, i16 %p_ZZN4nnet24compute_output_buffer_2dINS_5arrayI8ap_fixedILi16ELi6EL9ap_q_mode5EL9_294, i16 %p_ZZN4nnet24compute_output_buffer_2dINS_5arrayI8ap_fixedILi16ELi6EL9ap_q_mode5EL9_276, i16 %p_ZZN4nnet24compute_output_buffer_2dINS_5arrayI8ap_fixedILi16ELi6EL9ap_q_mode5EL9_295, i16 %p_ZZN4nnet24compute_output_buffer_2dINS_5arrayI8ap_fixedILi16ELi6EL9ap_q_mode5EL9_277, i16 %p_ZZN4nnet24compute_output_buffer_2dINS_5arrayI8ap_fixedILi16ELi6EL9ap_q_mode5EL9_296, i16 %p_ZZN4nnet24compute_output_buffer_2dINS_5arrayI8ap_fixedILi16ELi6EL9ap_q_mode5EL9_279, i16 %p_ZZN4nnet24compute_output_buffer_2dINS_5arrayI8ap_fixedILi16ELi6EL9ap_q_mode5EL9_297, i16 %p_ZZN4nnet24compute_output_buffer_2dINS_5arrayI8ap_fixedILi16ELi6EL9ap_q_mode5EL9_280, i16 %p_ZZN4nnet24compute_output_buffer_2dINS_5arrayI8ap_fixedILi16ELi6EL9ap_q_mode5EL9_333, i16 %p_ZZN4nnet24compute_output_buffer_2dINS_5arrayI8ap_fixedILi16ELi6EL9ap_q_mode5EL9_334, i16 %p_ZZN4nnet24compute_output_buffer_2dINS_5arrayI8ap_fixedILi16ELi6EL9ap_q_mode5EL9_335, i16 %p_ZZN4nnet24compute_output_buffer_2dINS_5arrayI8ap_fixedILi16ELi6EL9ap_q_mode5EL9_336, i16 %p_ZZN4nnet24compute_output_buffer_2dINS_5arrayI8ap_fixedILi16ELi6EL9ap_q_mode5EL9_337, i16 %p_ZZN4nnet24compute_output_buffer_2dINS_5arrayI8ap_fixedILi16ELi6EL9ap_q_mode5EL9_338, i16 %p_ZZN4nnet24compute_output_buffer_2dINS_5arrayI8ap_fixedILi16ELi6EL9ap_q_mode5EL9_339, i16 %p_ZZN4nnet24compute_output_buffer_2dINS_5arrayI8ap_fixedILi16ELi6EL9ap_q_mode5EL9_340, i16 %p_ZZN4nnet24compute_output_buffer_2dINS_5arrayI8ap_fixedILi16ELi6EL9ap_q_mode5EL9_341, i16 %p_ZZN4nnet24compute_output_buffer_2dINS_5arrayI8ap_fixedILi16ELi6EL9ap_q_mode5EL9_342, i16 %p_ZZN4nnet24compute_output_buffer_2dINS_5arrayI8ap_fixedILi16ELi6EL9ap_q_mode5EL9_343, i16 %p_ZZN4nnet24compute_output_buffer_2dINS_5arrayI8ap_fixedILi16ELi6EL9ap_q_mode5EL9_344, i16 %p_ZZN4nnet24compute_output_buffer_2dINS_5arrayI8ap_fixedILi16ELi6EL9ap_q_mode5EL9_345, i16 %p_ZZN4nnet24compute_output_buffer_2dINS_5arrayI8ap_fixedILi16ELi6EL9ap_q_mode5EL9_346, i16 %p_ZZN4nnet24compute_output_buffer_2dINS_5arrayI8ap_fixedILi16ELi6EL9ap_q_mode5EL9_347, i16 %p_ZZN4nnet24compute_output_buffer_2dINS_5arrayI8ap_fixedILi16ELi6EL9ap_q_mode5EL9_348, i16 %p_ZZN4nnet24compute_output_buffer_2dINS_5arrayI8ap_fixedILi16ELi6EL9ap_q_mode5EL9_381, i16 %p_ZZN4nnet24compute_output_buffer_2dINS_5arrayI8ap_fixedILi16ELi6EL9ap_q_mode5EL9_382, i16 %p_ZZN4nnet24compute_output_buffer_2dINS_5arrayI8ap_fixedILi16ELi6EL9ap_q_mode5EL9_383, i16 %p_ZZN4nnet24compute_output_buffer_2dINS_5arrayI8ap_fixedILi16ELi6EL9ap_q_mode5EL9_384, i16 %p_ZZN4nnet24compute_output_buffer_2dINS_5arrayI8ap_fixedILi16ELi6EL9ap_q_mode5EL9_385, i16 %p_ZZN4nnet24compute_output_buffer_2dINS_5arrayI8ap_fixedILi16ELi6EL9ap_q_mode5EL9_386, i16 %p_ZZN4nnet24compute_output_buffer_2dINS_5arrayI8ap_fixedILi16ELi6EL9ap_q_mode5EL9_387, i16 %p_ZZN4nnet24compute_output_buffer_2dINS_5arrayI8ap_fixedILi16ELi6EL9ap_q_mode5EL9_388, i16 %p_ZZN4nnet24compute_output_buffer_2dINS_5arrayI8ap_fixedILi16ELi6EL9ap_q_mode5EL9_389, i16 %p_ZZN4nnet24compute_output_buffer_2dINS_5arrayI8ap_fixedILi16ELi6EL9ap_q_mode5EL9_390, i16 %p_ZZN4nnet24compute_output_buffer_2dINS_5arrayI8ap_fixedILi16ELi6EL9ap_q_mode5EL9_391, i16 %p_ZZN4nnet24compute_output_buffer_2dINS_5arrayI8ap_fixedILi16ELi6EL9ap_q_mode5EL9_392, i16 %p_ZZN4nnet24compute_output_buffer_2dINS_5arrayI8ap_fixedILi16ELi6EL9ap_q_mode5EL9_393, i16 %p_ZZN4nnet24compute_output_buffer_2dINS_5arrayI8ap_fixedILi16ELi6EL9ap_q_mode5EL9_394, i16 %p_ZZN4nnet24compute_output_buffer_2dINS_5arrayI8ap_fixedILi16ELi6EL9ap_q_mode5EL9_395, i16 %p_ZZN4nnet24compute_output_buffer_2dINS_5arrayI8ap_fixedILi16ELi6EL9ap_q_mode5EL9_396, i16 %p_ZZN4nnet24compute_output_buffer_2dINS_5arrayI8ap_fixedILi16ELi6EL9ap_q_mode5EL9_298, i16 %p_ZZN4nnet24compute_output_buffer_2dINS_5arrayI8ap_fixedILi16ELi6EL9ap_q_mode5EL9_299, i16 %p_ZZN4nnet24compute_output_buffer_2dINS_5arrayI8ap_fixedILi16ELi6EL9ap_q_mode5EL9_301, i16 %p_ZZN4nnet24compute_output_buffer_2dINS_5arrayI8ap_fixedILi16ELi6EL9ap_q_mode5EL9_302, i16 %p_ZZN4nnet24compute_output_buffer_2dINS_5arrayI8ap_fixedILi16ELi6EL9ap_q_mode5EL9_303, i16 %p_ZZN4nnet24compute_output_buffer_2dINS_5arrayI8ap_fixedILi16ELi6EL9ap_q_mode5EL9_304, i16 %p_ZZN4nnet24compute_output_buffer_2dINS_5arrayI8ap_fixedILi16ELi6EL9ap_q_mode5EL9_305, i16 %p_ZZN4nnet24compute_output_buffer_2dINS_5arrayI8ap_fixedILi16ELi6EL9ap_q_mode5EL9_306, i16 %p_ZZN4nnet24compute_output_buffer_2dINS_5arrayI8ap_fixedILi16ELi6EL9ap_q_mode5EL9_307, i16 %p_ZZN4nnet24compute_output_buffer_2dINS_5arrayI8ap_fixedILi16ELi6EL9ap_q_mode5EL9_308, i16 %p_ZZN4nnet24compute_output_buffer_2dINS_5arrayI8ap_fixedILi16ELi6EL9ap_q_mode5EL9_309, i16 %p_ZZN4nnet24compute_output_buffer_2dINS_5arrayI8ap_fixedILi16ELi6EL9ap_q_mode5EL9_310, i16 %p_ZZN4nnet24compute_output_buffer_2dINS_5arrayI8ap_fixedILi16ELi6EL9ap_q_mode5EL9_312, i16 %p_ZZN4nnet24compute_output_buffer_2dINS_5arrayI8ap_fixedILi16ELi6EL9ap_q_mode5EL9_313, i16 %p_ZZN4nnet24compute_output_buffer_2dINS_5arrayI8ap_fixedILi16ELi6EL9ap_q_mode5EL9_314, i16 %p_ZZN4nnet24compute_output_buffer_2dINS_5arrayI8ap_fixedILi16ELi6EL9ap_q_mode5EL9_315, i16 %p_ZZN4nnet25conv_2d_buffer_latency_clINS_5arrayI8ap_fixedILi16ELi6EL9ap_q_mode5EL_63, i16 %p_ZZN4nnet25conv_2d_buffer_latency_clINS_5arrayI8ap_fixedILi16ELi6EL9ap_q_mode5EL_47, i16 %p_ZZN4nnet25conv_2d_buffer_latency_clINS_5arrayI8ap_fixedILi16ELi6EL9ap_q_mode5EL_62, i16 %p_ZZN4nnet25conv_2d_buffer_latency_clINS_5arrayI8ap_fixedILi16ELi6EL9ap_q_mode5EL_46, i16 %p_ZZN4nnet25conv_2d_buffer_latency_clINS_5arrayI8ap_fixedILi16ELi6EL9ap_q_mode5EL_55, i16 %p_ZZN4nnet25conv_2d_buffer_latency_clINS_5arrayI8ap_fixedILi16ELi6EL9ap_q_mode5EL_39, i16 %p_ZZN4nnet25conv_2d_buffer_latency_clINS_5arrayI8ap_fixedILi16ELi6EL9ap_q_mode5EL_54, i16 %p_ZZN4nnet25conv_2d_buffer_latency_clINS_5arrayI8ap_fixedILi16ELi6EL9ap_q_mode5EL_38, i16 %p_ZZN4nnet25conv_2d_buffer_latency_clINS_5arrayI8ap_fixedILi16ELi6EL9ap_q_mode5EL_53, i16 %p_ZZN4nnet25conv_2d_buffer_latency_clINS_5arrayI8ap_fixedILi16ELi6EL9ap_q_mode5EL_37, i16 %p_ZZN4nnet25conv_2d_buffer_latency_clINS_5arrayI8ap_fixedILi16ELi6EL9ap_q_mode5EL_52, i16 %p_ZZN4nnet25conv_2d_buffer_latency_clINS_5arrayI8ap_fixedILi16ELi6EL9ap_q_mode5EL_36, i16 %p_ZZN4nnet25conv_2d_buffer_latency_clINS_5arrayI8ap_fixedILi16ELi6EL9ap_q_mode5EL_51, i16 %p_ZZN4nnet25conv_2d_buffer_latency_clINS_5arrayI8ap_fixedILi16ELi6EL9ap_q_mode5EL_35, i16 %p_ZZN4nnet25conv_2d_buffer_latency_clINS_5arrayI8ap_fixedILi16ELi6EL9ap_q_mode5EL_50, i16 %p_ZZN4nnet25conv_2d_buffer_latency_clINS_5arrayI8ap_fixedILi16ELi6EL9ap_q_mode5EL_34, i16 %p_ZZN4nnet25conv_2d_buffer_latency_clINS_5arrayI8ap_fixedILi16ELi6EL9ap_q_mode5EL_49, i16 %p_ZZN4nnet25conv_2d_buffer_latency_clINS_5arrayI8ap_fixedILi16ELi6EL9ap_q_mode5EL_33, i16 %p_ZZN4nnet25conv_2d_buffer_latency_clINS_5arrayI8ap_fixedILi16ELi6EL9ap_q_mode5EL_48, i16 %p_ZZN4nnet25conv_2d_buffer_latency_clINS_5arrayI8ap_fixedILi16ELi6EL9ap_q_mode5EL_32, i16 %p_ZZN4nnet25conv_2d_buffer_latency_clINS_5arrayI8ap_fixedILi16ELi6EL9ap_q_mode5EL_61, i16 %p_ZZN4nnet25conv_2d_buffer_latency_clINS_5arrayI8ap_fixedILi16ELi6EL9ap_q_mode5EL_45, i16 %p_ZZN4nnet25conv_2d_buffer_latency_clINS_5arrayI8ap_fixedILi16ELi6EL9ap_q_mode5EL_60, i16 %p_ZZN4nnet25conv_2d_buffer_latency_clINS_5arrayI8ap_fixedILi16ELi6EL9ap_q_mode5EL_44, i16 %p_ZZN4nnet25conv_2d_buffer_latency_clINS_5arrayI8ap_fixedILi16ELi6EL9ap_q_mode5EL_59, i16 %p_ZZN4nnet25conv_2d_buffer_latency_clINS_5arrayI8ap_fixedILi16ELi6EL9ap_q_mode5EL_43, i16 %p_ZZN4nnet25conv_2d_buffer_latency_clINS_5arrayI8ap_fixedILi16ELi6EL9ap_q_mode5EL_58, i16 %p_ZZN4nnet25conv_2d_buffer_latency_clINS_5arrayI8ap_fixedILi16ELi6EL9ap_q_mode5EL_42, i16 %p_ZZN4nnet25conv_2d_buffer_latency_clINS_5arrayI8ap_fixedILi16ELi6EL9ap_q_mode5EL_57, i16 %p_ZZN4nnet25conv_2d_buffer_latency_clINS_5arrayI8ap_fixedILi16ELi6EL9ap_q_mode5EL_41, i16 %p_ZZN4nnet25conv_2d_buffer_latency_clINS_5arrayI8ap_fixedILi16ELi6EL9ap_q_mode5EL_56, i16 %p_ZZN4nnet25conv_2d_buffer_latency_clINS_5arrayI8ap_fixedILi16ELi6EL9ap_q_mode5EL_40, i32 %sX_5, i32 %sY_5, i32 %pY_5, i32 %pX_5" [firmware/nnet_utils/nnet_conv2d_stream.h:32->firmware/nnet_utils/nnet_conv2d_stream.h:76]   --->   Operation 49 'call' 'call_ln32' <Predicate = (!icmp_ln25)> <Delay = 0.00> <CoreType = "Generic">   --->   Core 0 '' <Latency = 0> <II = 1> <Delay = 1.00> <Generic> <Opcode : >

State 10 <SV = 9> <Delay = 0.00>
ST_10 : Operation 50 [3/11] (0.00ns)   --->   "%call_ln32 = call void @compute_output_buffer_2d<array,array<ap_fixed<41,21,5,3,0>,16u>,config7>, i16 %trunc_ln32, i16 %trunc_ln32_s, i16 %trunc_ln32_15, i16 %trunc_ln32_16, i16 %trunc_ln32_17, i16 %trunc_ln32_18, i16 %trunc_ln32_19, i16 %trunc_ln32_20, i16 %trunc_ln32_21, i16 %trunc_ln32_22, i16 %trunc_ln32_23, i16 %trunc_ln32_24, i16 %trunc_ln32_25, i16 %trunc_ln32_26, i16 %trunc_ln32_27, i16 %trunc_ln32_28, i656 %layer7_out, i16 %p_ZZN4nnet24compute_output_buffer_2dINS_5arrayI8ap_fixedILi16ELi6EL9ap_q_mode5EL9_317, i16 %void_compute_output_buffer_2d_array_const_ap_shift_reg_n_chan_stream_weig_28, i16 %p_ZZN4nnet24compute_output_buffer_2dINS_5arrayI8ap_fixedILi16ELi6EL9ap_q_mode5EL9_318, i16 %void_compute_output_buffer_2d_array_const_ap_shift_reg_n_chan_stream_weig_27, i16 %p_ZZN4nnet24compute_output_buffer_2dINS_5arrayI8ap_fixedILi16ELi6EL9ap_q_mode5EL9_319, i16 %void_compute_output_buffer_2d_array_const_ap_shift_reg_n_chan_stream_weig_26, i16 %p_ZZN4nnet24compute_output_buffer_2dINS_5arrayI8ap_fixedILi16ELi6EL9ap_q_mode5EL9_320, i16 %void_compute_output_buffer_2d_array_const_ap_shift_reg_n_chan_stream_weig_25, i16 %p_ZZN4nnet24compute_output_buffer_2dINS_5arrayI8ap_fixedILi16ELi6EL9ap_q_mode5EL9_321, i16 %void_compute_output_buffer_2d_array_const_ap_shift_reg_n_chan_stream_weig_24, i16 %p_ZZN4nnet24compute_output_buffer_2dINS_5arrayI8ap_fixedILi16ELi6EL9ap_q_mode5EL9_322, i16 %void_compute_output_buffer_2d_array_const_ap_shift_reg_n_chan_stream_weig_23, i16 %p_ZZN4nnet24compute_output_buffer_2dINS_5arrayI8ap_fixedILi16ELi6EL9ap_q_mode5EL9_323, i16 %void_compute_output_buffer_2d_array_const_ap_shift_reg_n_chan_stream_weig_22, i16 %p_ZZN4nnet24compute_output_buffer_2dINS_5arrayI8ap_fixedILi16ELi6EL9ap_q_mode5EL9_324, i16 %void_compute_output_buffer_2d_array_const_ap_shift_reg_n_chan_stream_weig_21, i16 %p_ZZN4nnet24compute_output_buffer_2dINS_5arrayI8ap_fixedILi16ELi6EL9ap_q_mode5EL9_325, i16 %void_compute_output_buffer_2d_array_const_ap_shift_reg_n_chan_stream_weig_20, i16 %p_ZZN4nnet24compute_output_buffer_2dINS_5arrayI8ap_fixedILi16ELi6EL9ap_q_mode5EL9_326, i16 %void_compute_output_buffer_2d_array_const_ap_shift_reg_n_chan_stream_weig_19, i16 %p_ZZN4nnet24compute_output_buffer_2dINS_5arrayI8ap_fixedILi16ELi6EL9ap_q_mode5EL9_327, i16 %p_ZZN4nnet24compute_output_buffer_2dINS_5arrayI8ap_fixedILi16ELi6EL9ap_q_mode5EL9_267, i16 %p_ZZN4nnet24compute_output_buffer_2dINS_5arrayI8ap_fixedILi16ELi6EL9ap_q_mode5EL9_328, i16 %p_ZZN4nnet24compute_output_buffer_2dINS_5arrayI8ap_fixedILi16ELi6EL9ap_q_mode5EL9_278, i16 %p_ZZN4nnet24compute_output_buffer_2dINS_5arrayI8ap_fixedILi16ELi6EL9ap_q_mode5EL9_329, i16 %p_ZZN4nnet24compute_output_buffer_2dINS_5arrayI8ap_fixedILi16ELi6EL9ap_q_mode5EL9_289, i16 %p_ZZN4nnet24compute_output_buffer_2dINS_5arrayI8ap_fixedILi16ELi6EL9ap_q_mode5EL9_330, i16 %p_ZZN4nnet24compute_output_buffer_2dINS_5arrayI8ap_fixedILi16ELi6EL9ap_q_mode5EL9_300, i16 %p_ZZN4nnet24compute_output_buffer_2dINS_5arrayI8ap_fixedILi16ELi6EL9ap_q_mode5EL9_331, i16 %p_ZZN4nnet24compute_output_buffer_2dINS_5arrayI8ap_fixedILi16ELi6EL9ap_q_mode5EL9_311, i16 %p_ZZN4nnet24compute_output_buffer_2dINS_5arrayI8ap_fixedILi16ELi6EL9ap_q_mode5EL9_332, i16 %p_ZZN4nnet24compute_output_buffer_2dINS_5arrayI8ap_fixedILi16ELi6EL9ap_q_mode5EL9_316, i16 %p_ZZN4nnet24compute_output_buffer_2dINS_5arrayI8ap_fixedILi16ELi6EL9ap_q_mode5EL9_365, i16 %p_ZZN4nnet24compute_output_buffer_2dINS_5arrayI8ap_fixedILi16ELi6EL9ap_q_mode5EL9_349, i16 %p_ZZN4nnet24compute_output_buffer_2dINS_5arrayI8ap_fixedILi16ELi6EL9ap_q_mode5EL9_366, i16 %p_ZZN4nnet24compute_output_buffer_2dINS_5arrayI8ap_fixedILi16ELi6EL9ap_q_mode5EL9_350, i16 %p_ZZN4nnet24compute_output_buffer_2dINS_5arrayI8ap_fixedILi16ELi6EL9ap_q_mode5EL9_367, i16 %p_ZZN4nnet24compute_output_buffer_2dINS_5arrayI8ap_fixedILi16ELi6EL9ap_q_mode5EL9_351, i16 %p_ZZN4nnet24compute_output_buffer_2dINS_5arrayI8ap_fixedILi16ELi6EL9ap_q_mode5EL9_368, i16 %p_ZZN4nnet24compute_output_buffer_2dINS_5arrayI8ap_fixedILi16ELi6EL9ap_q_mode5EL9_352, i16 %p_ZZN4nnet24compute_output_buffer_2dINS_5arrayI8ap_fixedILi16ELi6EL9ap_q_mode5EL9_369, i16 %p_ZZN4nnet24compute_output_buffer_2dINS_5arrayI8ap_fixedILi16ELi6EL9ap_q_mode5EL9_353, i16 %p_ZZN4nnet24compute_output_buffer_2dINS_5arrayI8ap_fixedILi16ELi6EL9ap_q_mode5EL9_370, i16 %p_ZZN4nnet24compute_output_buffer_2dINS_5arrayI8ap_fixedILi16ELi6EL9ap_q_mode5EL9_354, i16 %p_ZZN4nnet24compute_output_buffer_2dINS_5arrayI8ap_fixedILi16ELi6EL9ap_q_mode5EL9_371, i16 %p_ZZN4nnet24compute_output_buffer_2dINS_5arrayI8ap_fixedILi16ELi6EL9ap_q_mode5EL9_355, i16 %p_ZZN4nnet24compute_output_buffer_2dINS_5arrayI8ap_fixedILi16ELi6EL9ap_q_mode5EL9_372, i16 %p_ZZN4nnet24compute_output_buffer_2dINS_5arrayI8ap_fixedILi16ELi6EL9ap_q_mode5EL9_356, i16 %p_ZZN4nnet24compute_output_buffer_2dINS_5arrayI8ap_fixedILi16ELi6EL9ap_q_mode5EL9_373, i16 %p_ZZN4nnet24compute_output_buffer_2dINS_5arrayI8ap_fixedILi16ELi6EL9ap_q_mode5EL9_357, i16 %p_ZZN4nnet24compute_output_buffer_2dINS_5arrayI8ap_fixedILi16ELi6EL9ap_q_mode5EL9_374, i16 %p_ZZN4nnet24compute_output_buffer_2dINS_5arrayI8ap_fixedILi16ELi6EL9ap_q_mode5EL9_358, i16 %p_ZZN4nnet24compute_output_buffer_2dINS_5arrayI8ap_fixedILi16ELi6EL9ap_q_mode5EL9_375, i16 %p_ZZN4nnet24compute_output_buffer_2dINS_5arrayI8ap_fixedILi16ELi6EL9ap_q_mode5EL9_359, i16 %p_ZZN4nnet24compute_output_buffer_2dINS_5arrayI8ap_fixedILi16ELi6EL9ap_q_mode5EL9_376, i16 %p_ZZN4nnet24compute_output_buffer_2dINS_5arrayI8ap_fixedILi16ELi6EL9ap_q_mode5EL9_360, i16 %p_ZZN4nnet24compute_output_buffer_2dINS_5arrayI8ap_fixedILi16ELi6EL9ap_q_mode5EL9_377, i16 %p_ZZN4nnet24compute_output_buffer_2dINS_5arrayI8ap_fixedILi16ELi6EL9ap_q_mode5EL9_361, i16 %p_ZZN4nnet24compute_output_buffer_2dINS_5arrayI8ap_fixedILi16ELi6EL9ap_q_mode5EL9_378, i16 %p_ZZN4nnet24compute_output_buffer_2dINS_5arrayI8ap_fixedILi16ELi6EL9ap_q_mode5EL9_362, i16 %p_ZZN4nnet24compute_output_buffer_2dINS_5arrayI8ap_fixedILi16ELi6EL9ap_q_mode5EL9_379, i16 %p_ZZN4nnet24compute_output_buffer_2dINS_5arrayI8ap_fixedILi16ELi6EL9ap_q_mode5EL9_363, i16 %p_ZZN4nnet24compute_output_buffer_2dINS_5arrayI8ap_fixedILi16ELi6EL9ap_q_mode5EL9_380, i16 %p_ZZN4nnet24compute_output_buffer_2dINS_5arrayI8ap_fixedILi16ELi6EL9ap_q_mode5EL9_364, i16 %p_ZZN4nnet24compute_output_buffer_2dINS_5arrayI8ap_fixedILi16ELi6EL9ap_q_mode5EL9_281, i16 %p_ZZN4nnet24compute_output_buffer_2dINS_5arrayI8ap_fixedILi16ELi6EL9ap_q_mode5EL9_397, i16 %p_ZZN4nnet24compute_output_buffer_2dINS_5arrayI8ap_fixedILi16ELi6EL9ap_q_mode5EL9_282, i16 %p_ZZN4nnet24compute_output_buffer_2dINS_5arrayI8ap_fixedILi16ELi6EL9ap_q_mode5EL9_398, i16 %p_ZZN4nnet24compute_output_buffer_2dINS_5arrayI8ap_fixedILi16ELi6EL9ap_q_mode5EL9_283, i16 %p_ZZN4nnet24compute_output_buffer_2dINS_5arrayI8ap_fixedILi16ELi6EL9ap_q_mode5EL9_399, i16 %p_ZZN4nnet24compute_output_buffer_2dINS_5arrayI8ap_fixedILi16ELi6EL9ap_q_mode5EL9_284, i16 %p_ZZN4nnet24compute_output_buffer_2dINS_5arrayI8ap_fixedILi16ELi6EL9ap_q_mode5EL9_400, i16 %p_ZZN4nnet24compute_output_buffer_2dINS_5arrayI8ap_fixedILi16ELi6EL9ap_q_mode5EL9_285, i16 %p_ZZN4nnet24compute_output_buffer_2dINS_5arrayI8ap_fixedILi16ELi6EL9ap_q_mode5EL9_268, i16 %p_ZZN4nnet24compute_output_buffer_2dINS_5arrayI8ap_fixedILi16ELi6EL9ap_q_mode5EL9_286, i16 %p_ZZN4nnet24compute_output_buffer_2dINS_5arrayI8ap_fixedILi16ELi6EL9ap_q_mode5EL9_269, i16 %p_ZZN4nnet24compute_output_buffer_2dINS_5arrayI8ap_fixedILi16ELi6EL9ap_q_mode5EL9_287, i16 %p_ZZN4nnet24compute_output_buffer_2dINS_5arrayI8ap_fixedILi16ELi6EL9ap_q_mode5EL9_270, i16 %p_ZZN4nnet24compute_output_buffer_2dINS_5arrayI8ap_fixedILi16ELi6EL9ap_q_mode5EL9_288, i16 %p_ZZN4nnet24compute_output_buffer_2dINS_5arrayI8ap_fixedILi16ELi6EL9ap_q_mode5EL9_271, i16 %p_ZZN4nnet24compute_output_buffer_2dINS_5arrayI8ap_fixedILi16ELi6EL9ap_q_mode5EL9_290, i16 %p_ZZN4nnet24compute_output_buffer_2dINS_5arrayI8ap_fixedILi16ELi6EL9ap_q_mode5EL9_272, i16 %p_ZZN4nnet24compute_output_buffer_2dINS_5arrayI8ap_fixedILi16ELi6EL9ap_q_mode5EL9_291, i16 %p_ZZN4nnet24compute_output_buffer_2dINS_5arrayI8ap_fixedILi16ELi6EL9ap_q_mode5EL9_273, i16 %p_ZZN4nnet24compute_output_buffer_2dINS_5arrayI8ap_fixedILi16ELi6EL9ap_q_mode5EL9_292, i16 %p_ZZN4nnet24compute_output_buffer_2dINS_5arrayI8ap_fixedILi16ELi6EL9ap_q_mode5EL9_274, i16 %p_ZZN4nnet24compute_output_buffer_2dINS_5arrayI8ap_fixedILi16ELi6EL9ap_q_mode5EL9_293, i16 %p_ZZN4nnet24compute_output_buffer_2dINS_5arrayI8ap_fixedILi16ELi6EL9ap_q_mode5EL9_275, i16 %p_ZZN4nnet24compute_output_buffer_2dINS_5arrayI8ap_fixedILi16ELi6EL9ap_q_mode5EL9_294, i16 %p_ZZN4nnet24compute_output_buffer_2dINS_5arrayI8ap_fixedILi16ELi6EL9ap_q_mode5EL9_276, i16 %p_ZZN4nnet24compute_output_buffer_2dINS_5arrayI8ap_fixedILi16ELi6EL9ap_q_mode5EL9_295, i16 %p_ZZN4nnet24compute_output_buffer_2dINS_5arrayI8ap_fixedILi16ELi6EL9ap_q_mode5EL9_277, i16 %p_ZZN4nnet24compute_output_buffer_2dINS_5arrayI8ap_fixedILi16ELi6EL9ap_q_mode5EL9_296, i16 %p_ZZN4nnet24compute_output_buffer_2dINS_5arrayI8ap_fixedILi16ELi6EL9ap_q_mode5EL9_279, i16 %p_ZZN4nnet24compute_output_buffer_2dINS_5arrayI8ap_fixedILi16ELi6EL9ap_q_mode5EL9_297, i16 %p_ZZN4nnet24compute_output_buffer_2dINS_5arrayI8ap_fixedILi16ELi6EL9ap_q_mode5EL9_280, i16 %p_ZZN4nnet24compute_output_buffer_2dINS_5arrayI8ap_fixedILi16ELi6EL9ap_q_mode5EL9_333, i16 %p_ZZN4nnet24compute_output_buffer_2dINS_5arrayI8ap_fixedILi16ELi6EL9ap_q_mode5EL9_334, i16 %p_ZZN4nnet24compute_output_buffer_2dINS_5arrayI8ap_fixedILi16ELi6EL9ap_q_mode5EL9_335, i16 %p_ZZN4nnet24compute_output_buffer_2dINS_5arrayI8ap_fixedILi16ELi6EL9ap_q_mode5EL9_336, i16 %p_ZZN4nnet24compute_output_buffer_2dINS_5arrayI8ap_fixedILi16ELi6EL9ap_q_mode5EL9_337, i16 %p_ZZN4nnet24compute_output_buffer_2dINS_5arrayI8ap_fixedILi16ELi6EL9ap_q_mode5EL9_338, i16 %p_ZZN4nnet24compute_output_buffer_2dINS_5arrayI8ap_fixedILi16ELi6EL9ap_q_mode5EL9_339, i16 %p_ZZN4nnet24compute_output_buffer_2dINS_5arrayI8ap_fixedILi16ELi6EL9ap_q_mode5EL9_340, i16 %p_ZZN4nnet24compute_output_buffer_2dINS_5arrayI8ap_fixedILi16ELi6EL9ap_q_mode5EL9_341, i16 %p_ZZN4nnet24compute_output_buffer_2dINS_5arrayI8ap_fixedILi16ELi6EL9ap_q_mode5EL9_342, i16 %p_ZZN4nnet24compute_output_buffer_2dINS_5arrayI8ap_fixedILi16ELi6EL9ap_q_mode5EL9_343, i16 %p_ZZN4nnet24compute_output_buffer_2dINS_5arrayI8ap_fixedILi16ELi6EL9ap_q_mode5EL9_344, i16 %p_ZZN4nnet24compute_output_buffer_2dINS_5arrayI8ap_fixedILi16ELi6EL9ap_q_mode5EL9_345, i16 %p_ZZN4nnet24compute_output_buffer_2dINS_5arrayI8ap_fixedILi16ELi6EL9ap_q_mode5EL9_346, i16 %p_ZZN4nnet24compute_output_buffer_2dINS_5arrayI8ap_fixedILi16ELi6EL9ap_q_mode5EL9_347, i16 %p_ZZN4nnet24compute_output_buffer_2dINS_5arrayI8ap_fixedILi16ELi6EL9ap_q_mode5EL9_348, i16 %p_ZZN4nnet24compute_output_buffer_2dINS_5arrayI8ap_fixedILi16ELi6EL9ap_q_mode5EL9_381, i16 %p_ZZN4nnet24compute_output_buffer_2dINS_5arrayI8ap_fixedILi16ELi6EL9ap_q_mode5EL9_382, i16 %p_ZZN4nnet24compute_output_buffer_2dINS_5arrayI8ap_fixedILi16ELi6EL9ap_q_mode5EL9_383, i16 %p_ZZN4nnet24compute_output_buffer_2dINS_5arrayI8ap_fixedILi16ELi6EL9ap_q_mode5EL9_384, i16 %p_ZZN4nnet24compute_output_buffer_2dINS_5arrayI8ap_fixedILi16ELi6EL9ap_q_mode5EL9_385, i16 %p_ZZN4nnet24compute_output_buffer_2dINS_5arrayI8ap_fixedILi16ELi6EL9ap_q_mode5EL9_386, i16 %p_ZZN4nnet24compute_output_buffer_2dINS_5arrayI8ap_fixedILi16ELi6EL9ap_q_mode5EL9_387, i16 %p_ZZN4nnet24compute_output_buffer_2dINS_5arrayI8ap_fixedILi16ELi6EL9ap_q_mode5EL9_388, i16 %p_ZZN4nnet24compute_output_buffer_2dINS_5arrayI8ap_fixedILi16ELi6EL9ap_q_mode5EL9_389, i16 %p_ZZN4nnet24compute_output_buffer_2dINS_5arrayI8ap_fixedILi16ELi6EL9ap_q_mode5EL9_390, i16 %p_ZZN4nnet24compute_output_buffer_2dINS_5arrayI8ap_fixedILi16ELi6EL9ap_q_mode5EL9_391, i16 %p_ZZN4nnet24compute_output_buffer_2dINS_5arrayI8ap_fixedILi16ELi6EL9ap_q_mode5EL9_392, i16 %p_ZZN4nnet24compute_output_buffer_2dINS_5arrayI8ap_fixedILi16ELi6EL9ap_q_mode5EL9_393, i16 %p_ZZN4nnet24compute_output_buffer_2dINS_5arrayI8ap_fixedILi16ELi6EL9ap_q_mode5EL9_394, i16 %p_ZZN4nnet24compute_output_buffer_2dINS_5arrayI8ap_fixedILi16ELi6EL9ap_q_mode5EL9_395, i16 %p_ZZN4nnet24compute_output_buffer_2dINS_5arrayI8ap_fixedILi16ELi6EL9ap_q_mode5EL9_396, i16 %p_ZZN4nnet24compute_output_buffer_2dINS_5arrayI8ap_fixedILi16ELi6EL9ap_q_mode5EL9_298, i16 %p_ZZN4nnet24compute_output_buffer_2dINS_5arrayI8ap_fixedILi16ELi6EL9ap_q_mode5EL9_299, i16 %p_ZZN4nnet24compute_output_buffer_2dINS_5arrayI8ap_fixedILi16ELi6EL9ap_q_mode5EL9_301, i16 %p_ZZN4nnet24compute_output_buffer_2dINS_5arrayI8ap_fixedILi16ELi6EL9ap_q_mode5EL9_302, i16 %p_ZZN4nnet24compute_output_buffer_2dINS_5arrayI8ap_fixedILi16ELi6EL9ap_q_mode5EL9_303, i16 %p_ZZN4nnet24compute_output_buffer_2dINS_5arrayI8ap_fixedILi16ELi6EL9ap_q_mode5EL9_304, i16 %p_ZZN4nnet24compute_output_buffer_2dINS_5arrayI8ap_fixedILi16ELi6EL9ap_q_mode5EL9_305, i16 %p_ZZN4nnet24compute_output_buffer_2dINS_5arrayI8ap_fixedILi16ELi6EL9ap_q_mode5EL9_306, i16 %p_ZZN4nnet24compute_output_buffer_2dINS_5arrayI8ap_fixedILi16ELi6EL9ap_q_mode5EL9_307, i16 %p_ZZN4nnet24compute_output_buffer_2dINS_5arrayI8ap_fixedILi16ELi6EL9ap_q_mode5EL9_308, i16 %p_ZZN4nnet24compute_output_buffer_2dINS_5arrayI8ap_fixedILi16ELi6EL9ap_q_mode5EL9_309, i16 %p_ZZN4nnet24compute_output_buffer_2dINS_5arrayI8ap_fixedILi16ELi6EL9ap_q_mode5EL9_310, i16 %p_ZZN4nnet24compute_output_buffer_2dINS_5arrayI8ap_fixedILi16ELi6EL9ap_q_mode5EL9_312, i16 %p_ZZN4nnet24compute_output_buffer_2dINS_5arrayI8ap_fixedILi16ELi6EL9ap_q_mode5EL9_313, i16 %p_ZZN4nnet24compute_output_buffer_2dINS_5arrayI8ap_fixedILi16ELi6EL9ap_q_mode5EL9_314, i16 %p_ZZN4nnet24compute_output_buffer_2dINS_5arrayI8ap_fixedILi16ELi6EL9ap_q_mode5EL9_315, i16 %p_ZZN4nnet25conv_2d_buffer_latency_clINS_5arrayI8ap_fixedILi16ELi6EL9ap_q_mode5EL_63, i16 %p_ZZN4nnet25conv_2d_buffer_latency_clINS_5arrayI8ap_fixedILi16ELi6EL9ap_q_mode5EL_47, i16 %p_ZZN4nnet25conv_2d_buffer_latency_clINS_5arrayI8ap_fixedILi16ELi6EL9ap_q_mode5EL_62, i16 %p_ZZN4nnet25conv_2d_buffer_latency_clINS_5arrayI8ap_fixedILi16ELi6EL9ap_q_mode5EL_46, i16 %p_ZZN4nnet25conv_2d_buffer_latency_clINS_5arrayI8ap_fixedILi16ELi6EL9ap_q_mode5EL_55, i16 %p_ZZN4nnet25conv_2d_buffer_latency_clINS_5arrayI8ap_fixedILi16ELi6EL9ap_q_mode5EL_39, i16 %p_ZZN4nnet25conv_2d_buffer_latency_clINS_5arrayI8ap_fixedILi16ELi6EL9ap_q_mode5EL_54, i16 %p_ZZN4nnet25conv_2d_buffer_latency_clINS_5arrayI8ap_fixedILi16ELi6EL9ap_q_mode5EL_38, i16 %p_ZZN4nnet25conv_2d_buffer_latency_clINS_5arrayI8ap_fixedILi16ELi6EL9ap_q_mode5EL_53, i16 %p_ZZN4nnet25conv_2d_buffer_latency_clINS_5arrayI8ap_fixedILi16ELi6EL9ap_q_mode5EL_37, i16 %p_ZZN4nnet25conv_2d_buffer_latency_clINS_5arrayI8ap_fixedILi16ELi6EL9ap_q_mode5EL_52, i16 %p_ZZN4nnet25conv_2d_buffer_latency_clINS_5arrayI8ap_fixedILi16ELi6EL9ap_q_mode5EL_36, i16 %p_ZZN4nnet25conv_2d_buffer_latency_clINS_5arrayI8ap_fixedILi16ELi6EL9ap_q_mode5EL_51, i16 %p_ZZN4nnet25conv_2d_buffer_latency_clINS_5arrayI8ap_fixedILi16ELi6EL9ap_q_mode5EL_35, i16 %p_ZZN4nnet25conv_2d_buffer_latency_clINS_5arrayI8ap_fixedILi16ELi6EL9ap_q_mode5EL_50, i16 %p_ZZN4nnet25conv_2d_buffer_latency_clINS_5arrayI8ap_fixedILi16ELi6EL9ap_q_mode5EL_34, i16 %p_ZZN4nnet25conv_2d_buffer_latency_clINS_5arrayI8ap_fixedILi16ELi6EL9ap_q_mode5EL_49, i16 %p_ZZN4nnet25conv_2d_buffer_latency_clINS_5arrayI8ap_fixedILi16ELi6EL9ap_q_mode5EL_33, i16 %p_ZZN4nnet25conv_2d_buffer_latency_clINS_5arrayI8ap_fixedILi16ELi6EL9ap_q_mode5EL_48, i16 %p_ZZN4nnet25conv_2d_buffer_latency_clINS_5arrayI8ap_fixedILi16ELi6EL9ap_q_mode5EL_32, i16 %p_ZZN4nnet25conv_2d_buffer_latency_clINS_5arrayI8ap_fixedILi16ELi6EL9ap_q_mode5EL_61, i16 %p_ZZN4nnet25conv_2d_buffer_latency_clINS_5arrayI8ap_fixedILi16ELi6EL9ap_q_mode5EL_45, i16 %p_ZZN4nnet25conv_2d_buffer_latency_clINS_5arrayI8ap_fixedILi16ELi6EL9ap_q_mode5EL_60, i16 %p_ZZN4nnet25conv_2d_buffer_latency_clINS_5arrayI8ap_fixedILi16ELi6EL9ap_q_mode5EL_44, i16 %p_ZZN4nnet25conv_2d_buffer_latency_clINS_5arrayI8ap_fixedILi16ELi6EL9ap_q_mode5EL_59, i16 %p_ZZN4nnet25conv_2d_buffer_latency_clINS_5arrayI8ap_fixedILi16ELi6EL9ap_q_mode5EL_43, i16 %p_ZZN4nnet25conv_2d_buffer_latency_clINS_5arrayI8ap_fixedILi16ELi6EL9ap_q_mode5EL_58, i16 %p_ZZN4nnet25conv_2d_buffer_latency_clINS_5arrayI8ap_fixedILi16ELi6EL9ap_q_mode5EL_42, i16 %p_ZZN4nnet25conv_2d_buffer_latency_clINS_5arrayI8ap_fixedILi16ELi6EL9ap_q_mode5EL_57, i16 %p_ZZN4nnet25conv_2d_buffer_latency_clINS_5arrayI8ap_fixedILi16ELi6EL9ap_q_mode5EL_41, i16 %p_ZZN4nnet25conv_2d_buffer_latency_clINS_5arrayI8ap_fixedILi16ELi6EL9ap_q_mode5EL_56, i16 %p_ZZN4nnet25conv_2d_buffer_latency_clINS_5arrayI8ap_fixedILi16ELi6EL9ap_q_mode5EL_40, i32 %sX_5, i32 %sY_5, i32 %pY_5, i32 %pX_5" [firmware/nnet_utils/nnet_conv2d_stream.h:32->firmware/nnet_utils/nnet_conv2d_stream.h:76]   --->   Operation 50 'call' 'call_ln32' <Predicate = (!icmp_ln25)> <Delay = 0.00> <CoreType = "Generic">   --->   Core 0 '' <Latency = 0> <II = 1> <Delay = 1.00> <Generic> <Opcode : >

State 11 <SV = 10> <Delay = 0.00>
ST_11 : Operation 51 [2/11] (0.00ns)   --->   "%call_ln32 = call void @compute_output_buffer_2d<array,array<ap_fixed<41,21,5,3,0>,16u>,config7>, i16 %trunc_ln32, i16 %trunc_ln32_s, i16 %trunc_ln32_15, i16 %trunc_ln32_16, i16 %trunc_ln32_17, i16 %trunc_ln32_18, i16 %trunc_ln32_19, i16 %trunc_ln32_20, i16 %trunc_ln32_21, i16 %trunc_ln32_22, i16 %trunc_ln32_23, i16 %trunc_ln32_24, i16 %trunc_ln32_25, i16 %trunc_ln32_26, i16 %trunc_ln32_27, i16 %trunc_ln32_28, i656 %layer7_out, i16 %p_ZZN4nnet24compute_output_buffer_2dINS_5arrayI8ap_fixedILi16ELi6EL9ap_q_mode5EL9_317, i16 %void_compute_output_buffer_2d_array_const_ap_shift_reg_n_chan_stream_weig_28, i16 %p_ZZN4nnet24compute_output_buffer_2dINS_5arrayI8ap_fixedILi16ELi6EL9ap_q_mode5EL9_318, i16 %void_compute_output_buffer_2d_array_const_ap_shift_reg_n_chan_stream_weig_27, i16 %p_ZZN4nnet24compute_output_buffer_2dINS_5arrayI8ap_fixedILi16ELi6EL9ap_q_mode5EL9_319, i16 %void_compute_output_buffer_2d_array_const_ap_shift_reg_n_chan_stream_weig_26, i16 %p_ZZN4nnet24compute_output_buffer_2dINS_5arrayI8ap_fixedILi16ELi6EL9ap_q_mode5EL9_320, i16 %void_compute_output_buffer_2d_array_const_ap_shift_reg_n_chan_stream_weig_25, i16 %p_ZZN4nnet24compute_output_buffer_2dINS_5arrayI8ap_fixedILi16ELi6EL9ap_q_mode5EL9_321, i16 %void_compute_output_buffer_2d_array_const_ap_shift_reg_n_chan_stream_weig_24, i16 %p_ZZN4nnet24compute_output_buffer_2dINS_5arrayI8ap_fixedILi16ELi6EL9ap_q_mode5EL9_322, i16 %void_compute_output_buffer_2d_array_const_ap_shift_reg_n_chan_stream_weig_23, i16 %p_ZZN4nnet24compute_output_buffer_2dINS_5arrayI8ap_fixedILi16ELi6EL9ap_q_mode5EL9_323, i16 %void_compute_output_buffer_2d_array_const_ap_shift_reg_n_chan_stream_weig_22, i16 %p_ZZN4nnet24compute_output_buffer_2dINS_5arrayI8ap_fixedILi16ELi6EL9ap_q_mode5EL9_324, i16 %void_compute_output_buffer_2d_array_const_ap_shift_reg_n_chan_stream_weig_21, i16 %p_ZZN4nnet24compute_output_buffer_2dINS_5arrayI8ap_fixedILi16ELi6EL9ap_q_mode5EL9_325, i16 %void_compute_output_buffer_2d_array_const_ap_shift_reg_n_chan_stream_weig_20, i16 %p_ZZN4nnet24compute_output_buffer_2dINS_5arrayI8ap_fixedILi16ELi6EL9ap_q_mode5EL9_326, i16 %void_compute_output_buffer_2d_array_const_ap_shift_reg_n_chan_stream_weig_19, i16 %p_ZZN4nnet24compute_output_buffer_2dINS_5arrayI8ap_fixedILi16ELi6EL9ap_q_mode5EL9_327, i16 %p_ZZN4nnet24compute_output_buffer_2dINS_5arrayI8ap_fixedILi16ELi6EL9ap_q_mode5EL9_267, i16 %p_ZZN4nnet24compute_output_buffer_2dINS_5arrayI8ap_fixedILi16ELi6EL9ap_q_mode5EL9_328, i16 %p_ZZN4nnet24compute_output_buffer_2dINS_5arrayI8ap_fixedILi16ELi6EL9ap_q_mode5EL9_278, i16 %p_ZZN4nnet24compute_output_buffer_2dINS_5arrayI8ap_fixedILi16ELi6EL9ap_q_mode5EL9_329, i16 %p_ZZN4nnet24compute_output_buffer_2dINS_5arrayI8ap_fixedILi16ELi6EL9ap_q_mode5EL9_289, i16 %p_ZZN4nnet24compute_output_buffer_2dINS_5arrayI8ap_fixedILi16ELi6EL9ap_q_mode5EL9_330, i16 %p_ZZN4nnet24compute_output_buffer_2dINS_5arrayI8ap_fixedILi16ELi6EL9ap_q_mode5EL9_300, i16 %p_ZZN4nnet24compute_output_buffer_2dINS_5arrayI8ap_fixedILi16ELi6EL9ap_q_mode5EL9_331, i16 %p_ZZN4nnet24compute_output_buffer_2dINS_5arrayI8ap_fixedILi16ELi6EL9ap_q_mode5EL9_311, i16 %p_ZZN4nnet24compute_output_buffer_2dINS_5arrayI8ap_fixedILi16ELi6EL9ap_q_mode5EL9_332, i16 %p_ZZN4nnet24compute_output_buffer_2dINS_5arrayI8ap_fixedILi16ELi6EL9ap_q_mode5EL9_316, i16 %p_ZZN4nnet24compute_output_buffer_2dINS_5arrayI8ap_fixedILi16ELi6EL9ap_q_mode5EL9_365, i16 %p_ZZN4nnet24compute_output_buffer_2dINS_5arrayI8ap_fixedILi16ELi6EL9ap_q_mode5EL9_349, i16 %p_ZZN4nnet24compute_output_buffer_2dINS_5arrayI8ap_fixedILi16ELi6EL9ap_q_mode5EL9_366, i16 %p_ZZN4nnet24compute_output_buffer_2dINS_5arrayI8ap_fixedILi16ELi6EL9ap_q_mode5EL9_350, i16 %p_ZZN4nnet24compute_output_buffer_2dINS_5arrayI8ap_fixedILi16ELi6EL9ap_q_mode5EL9_367, i16 %p_ZZN4nnet24compute_output_buffer_2dINS_5arrayI8ap_fixedILi16ELi6EL9ap_q_mode5EL9_351, i16 %p_ZZN4nnet24compute_output_buffer_2dINS_5arrayI8ap_fixedILi16ELi6EL9ap_q_mode5EL9_368, i16 %p_ZZN4nnet24compute_output_buffer_2dINS_5arrayI8ap_fixedILi16ELi6EL9ap_q_mode5EL9_352, i16 %p_ZZN4nnet24compute_output_buffer_2dINS_5arrayI8ap_fixedILi16ELi6EL9ap_q_mode5EL9_369, i16 %p_ZZN4nnet24compute_output_buffer_2dINS_5arrayI8ap_fixedILi16ELi6EL9ap_q_mode5EL9_353, i16 %p_ZZN4nnet24compute_output_buffer_2dINS_5arrayI8ap_fixedILi16ELi6EL9ap_q_mode5EL9_370, i16 %p_ZZN4nnet24compute_output_buffer_2dINS_5arrayI8ap_fixedILi16ELi6EL9ap_q_mode5EL9_354, i16 %p_ZZN4nnet24compute_output_buffer_2dINS_5arrayI8ap_fixedILi16ELi6EL9ap_q_mode5EL9_371, i16 %p_ZZN4nnet24compute_output_buffer_2dINS_5arrayI8ap_fixedILi16ELi6EL9ap_q_mode5EL9_355, i16 %p_ZZN4nnet24compute_output_buffer_2dINS_5arrayI8ap_fixedILi16ELi6EL9ap_q_mode5EL9_372, i16 %p_ZZN4nnet24compute_output_buffer_2dINS_5arrayI8ap_fixedILi16ELi6EL9ap_q_mode5EL9_356, i16 %p_ZZN4nnet24compute_output_buffer_2dINS_5arrayI8ap_fixedILi16ELi6EL9ap_q_mode5EL9_373, i16 %p_ZZN4nnet24compute_output_buffer_2dINS_5arrayI8ap_fixedILi16ELi6EL9ap_q_mode5EL9_357, i16 %p_ZZN4nnet24compute_output_buffer_2dINS_5arrayI8ap_fixedILi16ELi6EL9ap_q_mode5EL9_374, i16 %p_ZZN4nnet24compute_output_buffer_2dINS_5arrayI8ap_fixedILi16ELi6EL9ap_q_mode5EL9_358, i16 %p_ZZN4nnet24compute_output_buffer_2dINS_5arrayI8ap_fixedILi16ELi6EL9ap_q_mode5EL9_375, i16 %p_ZZN4nnet24compute_output_buffer_2dINS_5arrayI8ap_fixedILi16ELi6EL9ap_q_mode5EL9_359, i16 %p_ZZN4nnet24compute_output_buffer_2dINS_5arrayI8ap_fixedILi16ELi6EL9ap_q_mode5EL9_376, i16 %p_ZZN4nnet24compute_output_buffer_2dINS_5arrayI8ap_fixedILi16ELi6EL9ap_q_mode5EL9_360, i16 %p_ZZN4nnet24compute_output_buffer_2dINS_5arrayI8ap_fixedILi16ELi6EL9ap_q_mode5EL9_377, i16 %p_ZZN4nnet24compute_output_buffer_2dINS_5arrayI8ap_fixedILi16ELi6EL9ap_q_mode5EL9_361, i16 %p_ZZN4nnet24compute_output_buffer_2dINS_5arrayI8ap_fixedILi16ELi6EL9ap_q_mode5EL9_378, i16 %p_ZZN4nnet24compute_output_buffer_2dINS_5arrayI8ap_fixedILi16ELi6EL9ap_q_mode5EL9_362, i16 %p_ZZN4nnet24compute_output_buffer_2dINS_5arrayI8ap_fixedILi16ELi6EL9ap_q_mode5EL9_379, i16 %p_ZZN4nnet24compute_output_buffer_2dINS_5arrayI8ap_fixedILi16ELi6EL9ap_q_mode5EL9_363, i16 %p_ZZN4nnet24compute_output_buffer_2dINS_5arrayI8ap_fixedILi16ELi6EL9ap_q_mode5EL9_380, i16 %p_ZZN4nnet24compute_output_buffer_2dINS_5arrayI8ap_fixedILi16ELi6EL9ap_q_mode5EL9_364, i16 %p_ZZN4nnet24compute_output_buffer_2dINS_5arrayI8ap_fixedILi16ELi6EL9ap_q_mode5EL9_281, i16 %p_ZZN4nnet24compute_output_buffer_2dINS_5arrayI8ap_fixedILi16ELi6EL9ap_q_mode5EL9_397, i16 %p_ZZN4nnet24compute_output_buffer_2dINS_5arrayI8ap_fixedILi16ELi6EL9ap_q_mode5EL9_282, i16 %p_ZZN4nnet24compute_output_buffer_2dINS_5arrayI8ap_fixedILi16ELi6EL9ap_q_mode5EL9_398, i16 %p_ZZN4nnet24compute_output_buffer_2dINS_5arrayI8ap_fixedILi16ELi6EL9ap_q_mode5EL9_283, i16 %p_ZZN4nnet24compute_output_buffer_2dINS_5arrayI8ap_fixedILi16ELi6EL9ap_q_mode5EL9_399, i16 %p_ZZN4nnet24compute_output_buffer_2dINS_5arrayI8ap_fixedILi16ELi6EL9ap_q_mode5EL9_284, i16 %p_ZZN4nnet24compute_output_buffer_2dINS_5arrayI8ap_fixedILi16ELi6EL9ap_q_mode5EL9_400, i16 %p_ZZN4nnet24compute_output_buffer_2dINS_5arrayI8ap_fixedILi16ELi6EL9ap_q_mode5EL9_285, i16 %p_ZZN4nnet24compute_output_buffer_2dINS_5arrayI8ap_fixedILi16ELi6EL9ap_q_mode5EL9_268, i16 %p_ZZN4nnet24compute_output_buffer_2dINS_5arrayI8ap_fixedILi16ELi6EL9ap_q_mode5EL9_286, i16 %p_ZZN4nnet24compute_output_buffer_2dINS_5arrayI8ap_fixedILi16ELi6EL9ap_q_mode5EL9_269, i16 %p_ZZN4nnet24compute_output_buffer_2dINS_5arrayI8ap_fixedILi16ELi6EL9ap_q_mode5EL9_287, i16 %p_ZZN4nnet24compute_output_buffer_2dINS_5arrayI8ap_fixedILi16ELi6EL9ap_q_mode5EL9_270, i16 %p_ZZN4nnet24compute_output_buffer_2dINS_5arrayI8ap_fixedILi16ELi6EL9ap_q_mode5EL9_288, i16 %p_ZZN4nnet24compute_output_buffer_2dINS_5arrayI8ap_fixedILi16ELi6EL9ap_q_mode5EL9_271, i16 %p_ZZN4nnet24compute_output_buffer_2dINS_5arrayI8ap_fixedILi16ELi6EL9ap_q_mode5EL9_290, i16 %p_ZZN4nnet24compute_output_buffer_2dINS_5arrayI8ap_fixedILi16ELi6EL9ap_q_mode5EL9_272, i16 %p_ZZN4nnet24compute_output_buffer_2dINS_5arrayI8ap_fixedILi16ELi6EL9ap_q_mode5EL9_291, i16 %p_ZZN4nnet24compute_output_buffer_2dINS_5arrayI8ap_fixedILi16ELi6EL9ap_q_mode5EL9_273, i16 %p_ZZN4nnet24compute_output_buffer_2dINS_5arrayI8ap_fixedILi16ELi6EL9ap_q_mode5EL9_292, i16 %p_ZZN4nnet24compute_output_buffer_2dINS_5arrayI8ap_fixedILi16ELi6EL9ap_q_mode5EL9_274, i16 %p_ZZN4nnet24compute_output_buffer_2dINS_5arrayI8ap_fixedILi16ELi6EL9ap_q_mode5EL9_293, i16 %p_ZZN4nnet24compute_output_buffer_2dINS_5arrayI8ap_fixedILi16ELi6EL9ap_q_mode5EL9_275, i16 %p_ZZN4nnet24compute_output_buffer_2dINS_5arrayI8ap_fixedILi16ELi6EL9ap_q_mode5EL9_294, i16 %p_ZZN4nnet24compute_output_buffer_2dINS_5arrayI8ap_fixedILi16ELi6EL9ap_q_mode5EL9_276, i16 %p_ZZN4nnet24compute_output_buffer_2dINS_5arrayI8ap_fixedILi16ELi6EL9ap_q_mode5EL9_295, i16 %p_ZZN4nnet24compute_output_buffer_2dINS_5arrayI8ap_fixedILi16ELi6EL9ap_q_mode5EL9_277, i16 %p_ZZN4nnet24compute_output_buffer_2dINS_5arrayI8ap_fixedILi16ELi6EL9ap_q_mode5EL9_296, i16 %p_ZZN4nnet24compute_output_buffer_2dINS_5arrayI8ap_fixedILi16ELi6EL9ap_q_mode5EL9_279, i16 %p_ZZN4nnet24compute_output_buffer_2dINS_5arrayI8ap_fixedILi16ELi6EL9ap_q_mode5EL9_297, i16 %p_ZZN4nnet24compute_output_buffer_2dINS_5arrayI8ap_fixedILi16ELi6EL9ap_q_mode5EL9_280, i16 %p_ZZN4nnet24compute_output_buffer_2dINS_5arrayI8ap_fixedILi16ELi6EL9ap_q_mode5EL9_333, i16 %p_ZZN4nnet24compute_output_buffer_2dINS_5arrayI8ap_fixedILi16ELi6EL9ap_q_mode5EL9_334, i16 %p_ZZN4nnet24compute_output_buffer_2dINS_5arrayI8ap_fixedILi16ELi6EL9ap_q_mode5EL9_335, i16 %p_ZZN4nnet24compute_output_buffer_2dINS_5arrayI8ap_fixedILi16ELi6EL9ap_q_mode5EL9_336, i16 %p_ZZN4nnet24compute_output_buffer_2dINS_5arrayI8ap_fixedILi16ELi6EL9ap_q_mode5EL9_337, i16 %p_ZZN4nnet24compute_output_buffer_2dINS_5arrayI8ap_fixedILi16ELi6EL9ap_q_mode5EL9_338, i16 %p_ZZN4nnet24compute_output_buffer_2dINS_5arrayI8ap_fixedILi16ELi6EL9ap_q_mode5EL9_339, i16 %p_ZZN4nnet24compute_output_buffer_2dINS_5arrayI8ap_fixedILi16ELi6EL9ap_q_mode5EL9_340, i16 %p_ZZN4nnet24compute_output_buffer_2dINS_5arrayI8ap_fixedILi16ELi6EL9ap_q_mode5EL9_341, i16 %p_ZZN4nnet24compute_output_buffer_2dINS_5arrayI8ap_fixedILi16ELi6EL9ap_q_mode5EL9_342, i16 %p_ZZN4nnet24compute_output_buffer_2dINS_5arrayI8ap_fixedILi16ELi6EL9ap_q_mode5EL9_343, i16 %p_ZZN4nnet24compute_output_buffer_2dINS_5arrayI8ap_fixedILi16ELi6EL9ap_q_mode5EL9_344, i16 %p_ZZN4nnet24compute_output_buffer_2dINS_5arrayI8ap_fixedILi16ELi6EL9ap_q_mode5EL9_345, i16 %p_ZZN4nnet24compute_output_buffer_2dINS_5arrayI8ap_fixedILi16ELi6EL9ap_q_mode5EL9_346, i16 %p_ZZN4nnet24compute_output_buffer_2dINS_5arrayI8ap_fixedILi16ELi6EL9ap_q_mode5EL9_347, i16 %p_ZZN4nnet24compute_output_buffer_2dINS_5arrayI8ap_fixedILi16ELi6EL9ap_q_mode5EL9_348, i16 %p_ZZN4nnet24compute_output_buffer_2dINS_5arrayI8ap_fixedILi16ELi6EL9ap_q_mode5EL9_381, i16 %p_ZZN4nnet24compute_output_buffer_2dINS_5arrayI8ap_fixedILi16ELi6EL9ap_q_mode5EL9_382, i16 %p_ZZN4nnet24compute_output_buffer_2dINS_5arrayI8ap_fixedILi16ELi6EL9ap_q_mode5EL9_383, i16 %p_ZZN4nnet24compute_output_buffer_2dINS_5arrayI8ap_fixedILi16ELi6EL9ap_q_mode5EL9_384, i16 %p_ZZN4nnet24compute_output_buffer_2dINS_5arrayI8ap_fixedILi16ELi6EL9ap_q_mode5EL9_385, i16 %p_ZZN4nnet24compute_output_buffer_2dINS_5arrayI8ap_fixedILi16ELi6EL9ap_q_mode5EL9_386, i16 %p_ZZN4nnet24compute_output_buffer_2dINS_5arrayI8ap_fixedILi16ELi6EL9ap_q_mode5EL9_387, i16 %p_ZZN4nnet24compute_output_buffer_2dINS_5arrayI8ap_fixedILi16ELi6EL9ap_q_mode5EL9_388, i16 %p_ZZN4nnet24compute_output_buffer_2dINS_5arrayI8ap_fixedILi16ELi6EL9ap_q_mode5EL9_389, i16 %p_ZZN4nnet24compute_output_buffer_2dINS_5arrayI8ap_fixedILi16ELi6EL9ap_q_mode5EL9_390, i16 %p_ZZN4nnet24compute_output_buffer_2dINS_5arrayI8ap_fixedILi16ELi6EL9ap_q_mode5EL9_391, i16 %p_ZZN4nnet24compute_output_buffer_2dINS_5arrayI8ap_fixedILi16ELi6EL9ap_q_mode5EL9_392, i16 %p_ZZN4nnet24compute_output_buffer_2dINS_5arrayI8ap_fixedILi16ELi6EL9ap_q_mode5EL9_393, i16 %p_ZZN4nnet24compute_output_buffer_2dINS_5arrayI8ap_fixedILi16ELi6EL9ap_q_mode5EL9_394, i16 %p_ZZN4nnet24compute_output_buffer_2dINS_5arrayI8ap_fixedILi16ELi6EL9ap_q_mode5EL9_395, i16 %p_ZZN4nnet24compute_output_buffer_2dINS_5arrayI8ap_fixedILi16ELi6EL9ap_q_mode5EL9_396, i16 %p_ZZN4nnet24compute_output_buffer_2dINS_5arrayI8ap_fixedILi16ELi6EL9ap_q_mode5EL9_298, i16 %p_ZZN4nnet24compute_output_buffer_2dINS_5arrayI8ap_fixedILi16ELi6EL9ap_q_mode5EL9_299, i16 %p_ZZN4nnet24compute_output_buffer_2dINS_5arrayI8ap_fixedILi16ELi6EL9ap_q_mode5EL9_301, i16 %p_ZZN4nnet24compute_output_buffer_2dINS_5arrayI8ap_fixedILi16ELi6EL9ap_q_mode5EL9_302, i16 %p_ZZN4nnet24compute_output_buffer_2dINS_5arrayI8ap_fixedILi16ELi6EL9ap_q_mode5EL9_303, i16 %p_ZZN4nnet24compute_output_buffer_2dINS_5arrayI8ap_fixedILi16ELi6EL9ap_q_mode5EL9_304, i16 %p_ZZN4nnet24compute_output_buffer_2dINS_5arrayI8ap_fixedILi16ELi6EL9ap_q_mode5EL9_305, i16 %p_ZZN4nnet24compute_output_buffer_2dINS_5arrayI8ap_fixedILi16ELi6EL9ap_q_mode5EL9_306, i16 %p_ZZN4nnet24compute_output_buffer_2dINS_5arrayI8ap_fixedILi16ELi6EL9ap_q_mode5EL9_307, i16 %p_ZZN4nnet24compute_output_buffer_2dINS_5arrayI8ap_fixedILi16ELi6EL9ap_q_mode5EL9_308, i16 %p_ZZN4nnet24compute_output_buffer_2dINS_5arrayI8ap_fixedILi16ELi6EL9ap_q_mode5EL9_309, i16 %p_ZZN4nnet24compute_output_buffer_2dINS_5arrayI8ap_fixedILi16ELi6EL9ap_q_mode5EL9_310, i16 %p_ZZN4nnet24compute_output_buffer_2dINS_5arrayI8ap_fixedILi16ELi6EL9ap_q_mode5EL9_312, i16 %p_ZZN4nnet24compute_output_buffer_2dINS_5arrayI8ap_fixedILi16ELi6EL9ap_q_mode5EL9_313, i16 %p_ZZN4nnet24compute_output_buffer_2dINS_5arrayI8ap_fixedILi16ELi6EL9ap_q_mode5EL9_314, i16 %p_ZZN4nnet24compute_output_buffer_2dINS_5arrayI8ap_fixedILi16ELi6EL9ap_q_mode5EL9_315, i16 %p_ZZN4nnet25conv_2d_buffer_latency_clINS_5arrayI8ap_fixedILi16ELi6EL9ap_q_mode5EL_63, i16 %p_ZZN4nnet25conv_2d_buffer_latency_clINS_5arrayI8ap_fixedILi16ELi6EL9ap_q_mode5EL_47, i16 %p_ZZN4nnet25conv_2d_buffer_latency_clINS_5arrayI8ap_fixedILi16ELi6EL9ap_q_mode5EL_62, i16 %p_ZZN4nnet25conv_2d_buffer_latency_clINS_5arrayI8ap_fixedILi16ELi6EL9ap_q_mode5EL_46, i16 %p_ZZN4nnet25conv_2d_buffer_latency_clINS_5arrayI8ap_fixedILi16ELi6EL9ap_q_mode5EL_55, i16 %p_ZZN4nnet25conv_2d_buffer_latency_clINS_5arrayI8ap_fixedILi16ELi6EL9ap_q_mode5EL_39, i16 %p_ZZN4nnet25conv_2d_buffer_latency_clINS_5arrayI8ap_fixedILi16ELi6EL9ap_q_mode5EL_54, i16 %p_ZZN4nnet25conv_2d_buffer_latency_clINS_5arrayI8ap_fixedILi16ELi6EL9ap_q_mode5EL_38, i16 %p_ZZN4nnet25conv_2d_buffer_latency_clINS_5arrayI8ap_fixedILi16ELi6EL9ap_q_mode5EL_53, i16 %p_ZZN4nnet25conv_2d_buffer_latency_clINS_5arrayI8ap_fixedILi16ELi6EL9ap_q_mode5EL_37, i16 %p_ZZN4nnet25conv_2d_buffer_latency_clINS_5arrayI8ap_fixedILi16ELi6EL9ap_q_mode5EL_52, i16 %p_ZZN4nnet25conv_2d_buffer_latency_clINS_5arrayI8ap_fixedILi16ELi6EL9ap_q_mode5EL_36, i16 %p_ZZN4nnet25conv_2d_buffer_latency_clINS_5arrayI8ap_fixedILi16ELi6EL9ap_q_mode5EL_51, i16 %p_ZZN4nnet25conv_2d_buffer_latency_clINS_5arrayI8ap_fixedILi16ELi6EL9ap_q_mode5EL_35, i16 %p_ZZN4nnet25conv_2d_buffer_latency_clINS_5arrayI8ap_fixedILi16ELi6EL9ap_q_mode5EL_50, i16 %p_ZZN4nnet25conv_2d_buffer_latency_clINS_5arrayI8ap_fixedILi16ELi6EL9ap_q_mode5EL_34, i16 %p_ZZN4nnet25conv_2d_buffer_latency_clINS_5arrayI8ap_fixedILi16ELi6EL9ap_q_mode5EL_49, i16 %p_ZZN4nnet25conv_2d_buffer_latency_clINS_5arrayI8ap_fixedILi16ELi6EL9ap_q_mode5EL_33, i16 %p_ZZN4nnet25conv_2d_buffer_latency_clINS_5arrayI8ap_fixedILi16ELi6EL9ap_q_mode5EL_48, i16 %p_ZZN4nnet25conv_2d_buffer_latency_clINS_5arrayI8ap_fixedILi16ELi6EL9ap_q_mode5EL_32, i16 %p_ZZN4nnet25conv_2d_buffer_latency_clINS_5arrayI8ap_fixedILi16ELi6EL9ap_q_mode5EL_61, i16 %p_ZZN4nnet25conv_2d_buffer_latency_clINS_5arrayI8ap_fixedILi16ELi6EL9ap_q_mode5EL_45, i16 %p_ZZN4nnet25conv_2d_buffer_latency_clINS_5arrayI8ap_fixedILi16ELi6EL9ap_q_mode5EL_60, i16 %p_ZZN4nnet25conv_2d_buffer_latency_clINS_5arrayI8ap_fixedILi16ELi6EL9ap_q_mode5EL_44, i16 %p_ZZN4nnet25conv_2d_buffer_latency_clINS_5arrayI8ap_fixedILi16ELi6EL9ap_q_mode5EL_59, i16 %p_ZZN4nnet25conv_2d_buffer_latency_clINS_5arrayI8ap_fixedILi16ELi6EL9ap_q_mode5EL_43, i16 %p_ZZN4nnet25conv_2d_buffer_latency_clINS_5arrayI8ap_fixedILi16ELi6EL9ap_q_mode5EL_58, i16 %p_ZZN4nnet25conv_2d_buffer_latency_clINS_5arrayI8ap_fixedILi16ELi6EL9ap_q_mode5EL_42, i16 %p_ZZN4nnet25conv_2d_buffer_latency_clINS_5arrayI8ap_fixedILi16ELi6EL9ap_q_mode5EL_57, i16 %p_ZZN4nnet25conv_2d_buffer_latency_clINS_5arrayI8ap_fixedILi16ELi6EL9ap_q_mode5EL_41, i16 %p_ZZN4nnet25conv_2d_buffer_latency_clINS_5arrayI8ap_fixedILi16ELi6EL9ap_q_mode5EL_56, i16 %p_ZZN4nnet25conv_2d_buffer_latency_clINS_5arrayI8ap_fixedILi16ELi6EL9ap_q_mode5EL_40, i32 %sX_5, i32 %sY_5, i32 %pY_5, i32 %pX_5" [firmware/nnet_utils/nnet_conv2d_stream.h:32->firmware/nnet_utils/nnet_conv2d_stream.h:76]   --->   Operation 51 'call' 'call_ln32' <Predicate = (!icmp_ln25)> <Delay = 0.00> <CoreType = "Generic">   --->   Core 0 '' <Latency = 0> <II = 1> <Delay = 1.00> <Generic> <Opcode : >

State 12 <SV = 11> <Delay = 0.00>
ST_12 : Operation 52 [1/1] (0.00ns)   --->   "%specloopname_ln0 = specloopname void @_ssdm_op_SpecLoopName, void @ReadInputHeight_ReadInputWidth_str"   --->   Operation 52 'specloopname' 'specloopname_ln0' <Predicate = true> <Delay = 0.00>
ST_12 : Operation 53 [1/1] (0.00ns)   --->   "%speclooptripcount_ln0 = speclooptripcount void @_ssdm_op_SpecLoopTripCount, i64 4356, i64 4356, i64 4356"   --->   Operation 53 'speclooptripcount' 'speclooptripcount_ln0' <Predicate = true> <Delay = 0.00>
ST_12 : Operation 54 [1/1] (0.00ns)   --->   "%specpipeline_ln29 = specpipeline void @_ssdm_op_SpecPipeline, i32 1, i32 0, i32 0, i32 0, void @empty_2" [firmware/nnet_utils/nnet_conv2d_stream.h:29->firmware/nnet_utils/nnet_conv2d_stream.h:76]   --->   Operation 54 'specpipeline' 'specpipeline_ln29' <Predicate = true> <Delay = 0.00>
ST_12 : Operation 55 [1/11] (0.00ns)   --->   "%call_ln32 = call void @compute_output_buffer_2d<array,array<ap_fixed<41,21,5,3,0>,16u>,config7>, i16 %trunc_ln32, i16 %trunc_ln32_s, i16 %trunc_ln32_15, i16 %trunc_ln32_16, i16 %trunc_ln32_17, i16 %trunc_ln32_18, i16 %trunc_ln32_19, i16 %trunc_ln32_20, i16 %trunc_ln32_21, i16 %trunc_ln32_22, i16 %trunc_ln32_23, i16 %trunc_ln32_24, i16 %trunc_ln32_25, i16 %trunc_ln32_26, i16 %trunc_ln32_27, i16 %trunc_ln32_28, i656 %layer7_out, i16 %p_ZZN4nnet24compute_output_buffer_2dINS_5arrayI8ap_fixedILi16ELi6EL9ap_q_mode5EL9_317, i16 %void_compute_output_buffer_2d_array_const_ap_shift_reg_n_chan_stream_weig_28, i16 %p_ZZN4nnet24compute_output_buffer_2dINS_5arrayI8ap_fixedILi16ELi6EL9ap_q_mode5EL9_318, i16 %void_compute_output_buffer_2d_array_const_ap_shift_reg_n_chan_stream_weig_27, i16 %p_ZZN4nnet24compute_output_buffer_2dINS_5arrayI8ap_fixedILi16ELi6EL9ap_q_mode5EL9_319, i16 %void_compute_output_buffer_2d_array_const_ap_shift_reg_n_chan_stream_weig_26, i16 %p_ZZN4nnet24compute_output_buffer_2dINS_5arrayI8ap_fixedILi16ELi6EL9ap_q_mode5EL9_320, i16 %void_compute_output_buffer_2d_array_const_ap_shift_reg_n_chan_stream_weig_25, i16 %p_ZZN4nnet24compute_output_buffer_2dINS_5arrayI8ap_fixedILi16ELi6EL9ap_q_mode5EL9_321, i16 %void_compute_output_buffer_2d_array_const_ap_shift_reg_n_chan_stream_weig_24, i16 %p_ZZN4nnet24compute_output_buffer_2dINS_5arrayI8ap_fixedILi16ELi6EL9ap_q_mode5EL9_322, i16 %void_compute_output_buffer_2d_array_const_ap_shift_reg_n_chan_stream_weig_23, i16 %p_ZZN4nnet24compute_output_buffer_2dINS_5arrayI8ap_fixedILi16ELi6EL9ap_q_mode5EL9_323, i16 %void_compute_output_buffer_2d_array_const_ap_shift_reg_n_chan_stream_weig_22, i16 %p_ZZN4nnet24compute_output_buffer_2dINS_5arrayI8ap_fixedILi16ELi6EL9ap_q_mode5EL9_324, i16 %void_compute_output_buffer_2d_array_const_ap_shift_reg_n_chan_stream_weig_21, i16 %p_ZZN4nnet24compute_output_buffer_2dINS_5arrayI8ap_fixedILi16ELi6EL9ap_q_mode5EL9_325, i16 %void_compute_output_buffer_2d_array_const_ap_shift_reg_n_chan_stream_weig_20, i16 %p_ZZN4nnet24compute_output_buffer_2dINS_5arrayI8ap_fixedILi16ELi6EL9ap_q_mode5EL9_326, i16 %void_compute_output_buffer_2d_array_const_ap_shift_reg_n_chan_stream_weig_19, i16 %p_ZZN4nnet24compute_output_buffer_2dINS_5arrayI8ap_fixedILi16ELi6EL9ap_q_mode5EL9_327, i16 %p_ZZN4nnet24compute_output_buffer_2dINS_5arrayI8ap_fixedILi16ELi6EL9ap_q_mode5EL9_267, i16 %p_ZZN4nnet24compute_output_buffer_2dINS_5arrayI8ap_fixedILi16ELi6EL9ap_q_mode5EL9_328, i16 %p_ZZN4nnet24compute_output_buffer_2dINS_5arrayI8ap_fixedILi16ELi6EL9ap_q_mode5EL9_278, i16 %p_ZZN4nnet24compute_output_buffer_2dINS_5arrayI8ap_fixedILi16ELi6EL9ap_q_mode5EL9_329, i16 %p_ZZN4nnet24compute_output_buffer_2dINS_5arrayI8ap_fixedILi16ELi6EL9ap_q_mode5EL9_289, i16 %p_ZZN4nnet24compute_output_buffer_2dINS_5arrayI8ap_fixedILi16ELi6EL9ap_q_mode5EL9_330, i16 %p_ZZN4nnet24compute_output_buffer_2dINS_5arrayI8ap_fixedILi16ELi6EL9ap_q_mode5EL9_300, i16 %p_ZZN4nnet24compute_output_buffer_2dINS_5arrayI8ap_fixedILi16ELi6EL9ap_q_mode5EL9_331, i16 %p_ZZN4nnet24compute_output_buffer_2dINS_5arrayI8ap_fixedILi16ELi6EL9ap_q_mode5EL9_311, i16 %p_ZZN4nnet24compute_output_buffer_2dINS_5arrayI8ap_fixedILi16ELi6EL9ap_q_mode5EL9_332, i16 %p_ZZN4nnet24compute_output_buffer_2dINS_5arrayI8ap_fixedILi16ELi6EL9ap_q_mode5EL9_316, i16 %p_ZZN4nnet24compute_output_buffer_2dINS_5arrayI8ap_fixedILi16ELi6EL9ap_q_mode5EL9_365, i16 %p_ZZN4nnet24compute_output_buffer_2dINS_5arrayI8ap_fixedILi16ELi6EL9ap_q_mode5EL9_349, i16 %p_ZZN4nnet24compute_output_buffer_2dINS_5arrayI8ap_fixedILi16ELi6EL9ap_q_mode5EL9_366, i16 %p_ZZN4nnet24compute_output_buffer_2dINS_5arrayI8ap_fixedILi16ELi6EL9ap_q_mode5EL9_350, i16 %p_ZZN4nnet24compute_output_buffer_2dINS_5arrayI8ap_fixedILi16ELi6EL9ap_q_mode5EL9_367, i16 %p_ZZN4nnet24compute_output_buffer_2dINS_5arrayI8ap_fixedILi16ELi6EL9ap_q_mode5EL9_351, i16 %p_ZZN4nnet24compute_output_buffer_2dINS_5arrayI8ap_fixedILi16ELi6EL9ap_q_mode5EL9_368, i16 %p_ZZN4nnet24compute_output_buffer_2dINS_5arrayI8ap_fixedILi16ELi6EL9ap_q_mode5EL9_352, i16 %p_ZZN4nnet24compute_output_buffer_2dINS_5arrayI8ap_fixedILi16ELi6EL9ap_q_mode5EL9_369, i16 %p_ZZN4nnet24compute_output_buffer_2dINS_5arrayI8ap_fixedILi16ELi6EL9ap_q_mode5EL9_353, i16 %p_ZZN4nnet24compute_output_buffer_2dINS_5arrayI8ap_fixedILi16ELi6EL9ap_q_mode5EL9_370, i16 %p_ZZN4nnet24compute_output_buffer_2dINS_5arrayI8ap_fixedILi16ELi6EL9ap_q_mode5EL9_354, i16 %p_ZZN4nnet24compute_output_buffer_2dINS_5arrayI8ap_fixedILi16ELi6EL9ap_q_mode5EL9_371, i16 %p_ZZN4nnet24compute_output_buffer_2dINS_5arrayI8ap_fixedILi16ELi6EL9ap_q_mode5EL9_355, i16 %p_ZZN4nnet24compute_output_buffer_2dINS_5arrayI8ap_fixedILi16ELi6EL9ap_q_mode5EL9_372, i16 %p_ZZN4nnet24compute_output_buffer_2dINS_5arrayI8ap_fixedILi16ELi6EL9ap_q_mode5EL9_356, i16 %p_ZZN4nnet24compute_output_buffer_2dINS_5arrayI8ap_fixedILi16ELi6EL9ap_q_mode5EL9_373, i16 %p_ZZN4nnet24compute_output_buffer_2dINS_5arrayI8ap_fixedILi16ELi6EL9ap_q_mode5EL9_357, i16 %p_ZZN4nnet24compute_output_buffer_2dINS_5arrayI8ap_fixedILi16ELi6EL9ap_q_mode5EL9_374, i16 %p_ZZN4nnet24compute_output_buffer_2dINS_5arrayI8ap_fixedILi16ELi6EL9ap_q_mode5EL9_358, i16 %p_ZZN4nnet24compute_output_buffer_2dINS_5arrayI8ap_fixedILi16ELi6EL9ap_q_mode5EL9_375, i16 %p_ZZN4nnet24compute_output_buffer_2dINS_5arrayI8ap_fixedILi16ELi6EL9ap_q_mode5EL9_359, i16 %p_ZZN4nnet24compute_output_buffer_2dINS_5arrayI8ap_fixedILi16ELi6EL9ap_q_mode5EL9_376, i16 %p_ZZN4nnet24compute_output_buffer_2dINS_5arrayI8ap_fixedILi16ELi6EL9ap_q_mode5EL9_360, i16 %p_ZZN4nnet24compute_output_buffer_2dINS_5arrayI8ap_fixedILi16ELi6EL9ap_q_mode5EL9_377, i16 %p_ZZN4nnet24compute_output_buffer_2dINS_5arrayI8ap_fixedILi16ELi6EL9ap_q_mode5EL9_361, i16 %p_ZZN4nnet24compute_output_buffer_2dINS_5arrayI8ap_fixedILi16ELi6EL9ap_q_mode5EL9_378, i16 %p_ZZN4nnet24compute_output_buffer_2dINS_5arrayI8ap_fixedILi16ELi6EL9ap_q_mode5EL9_362, i16 %p_ZZN4nnet24compute_output_buffer_2dINS_5arrayI8ap_fixedILi16ELi6EL9ap_q_mode5EL9_379, i16 %p_ZZN4nnet24compute_output_buffer_2dINS_5arrayI8ap_fixedILi16ELi6EL9ap_q_mode5EL9_363, i16 %p_ZZN4nnet24compute_output_buffer_2dINS_5arrayI8ap_fixedILi16ELi6EL9ap_q_mode5EL9_380, i16 %p_ZZN4nnet24compute_output_buffer_2dINS_5arrayI8ap_fixedILi16ELi6EL9ap_q_mode5EL9_364, i16 %p_ZZN4nnet24compute_output_buffer_2dINS_5arrayI8ap_fixedILi16ELi6EL9ap_q_mode5EL9_281, i16 %p_ZZN4nnet24compute_output_buffer_2dINS_5arrayI8ap_fixedILi16ELi6EL9ap_q_mode5EL9_397, i16 %p_ZZN4nnet24compute_output_buffer_2dINS_5arrayI8ap_fixedILi16ELi6EL9ap_q_mode5EL9_282, i16 %p_ZZN4nnet24compute_output_buffer_2dINS_5arrayI8ap_fixedILi16ELi6EL9ap_q_mode5EL9_398, i16 %p_ZZN4nnet24compute_output_buffer_2dINS_5arrayI8ap_fixedILi16ELi6EL9ap_q_mode5EL9_283, i16 %p_ZZN4nnet24compute_output_buffer_2dINS_5arrayI8ap_fixedILi16ELi6EL9ap_q_mode5EL9_399, i16 %p_ZZN4nnet24compute_output_buffer_2dINS_5arrayI8ap_fixedILi16ELi6EL9ap_q_mode5EL9_284, i16 %p_ZZN4nnet24compute_output_buffer_2dINS_5arrayI8ap_fixedILi16ELi6EL9ap_q_mode5EL9_400, i16 %p_ZZN4nnet24compute_output_buffer_2dINS_5arrayI8ap_fixedILi16ELi6EL9ap_q_mode5EL9_285, i16 %p_ZZN4nnet24compute_output_buffer_2dINS_5arrayI8ap_fixedILi16ELi6EL9ap_q_mode5EL9_268, i16 %p_ZZN4nnet24compute_output_buffer_2dINS_5arrayI8ap_fixedILi16ELi6EL9ap_q_mode5EL9_286, i16 %p_ZZN4nnet24compute_output_buffer_2dINS_5arrayI8ap_fixedILi16ELi6EL9ap_q_mode5EL9_269, i16 %p_ZZN4nnet24compute_output_buffer_2dINS_5arrayI8ap_fixedILi16ELi6EL9ap_q_mode5EL9_287, i16 %p_ZZN4nnet24compute_output_buffer_2dINS_5arrayI8ap_fixedILi16ELi6EL9ap_q_mode5EL9_270, i16 %p_ZZN4nnet24compute_output_buffer_2dINS_5arrayI8ap_fixedILi16ELi6EL9ap_q_mode5EL9_288, i16 %p_ZZN4nnet24compute_output_buffer_2dINS_5arrayI8ap_fixedILi16ELi6EL9ap_q_mode5EL9_271, i16 %p_ZZN4nnet24compute_output_buffer_2dINS_5arrayI8ap_fixedILi16ELi6EL9ap_q_mode5EL9_290, i16 %p_ZZN4nnet24compute_output_buffer_2dINS_5arrayI8ap_fixedILi16ELi6EL9ap_q_mode5EL9_272, i16 %p_ZZN4nnet24compute_output_buffer_2dINS_5arrayI8ap_fixedILi16ELi6EL9ap_q_mode5EL9_291, i16 %p_ZZN4nnet24compute_output_buffer_2dINS_5arrayI8ap_fixedILi16ELi6EL9ap_q_mode5EL9_273, i16 %p_ZZN4nnet24compute_output_buffer_2dINS_5arrayI8ap_fixedILi16ELi6EL9ap_q_mode5EL9_292, i16 %p_ZZN4nnet24compute_output_buffer_2dINS_5arrayI8ap_fixedILi16ELi6EL9ap_q_mode5EL9_274, i16 %p_ZZN4nnet24compute_output_buffer_2dINS_5arrayI8ap_fixedILi16ELi6EL9ap_q_mode5EL9_293, i16 %p_ZZN4nnet24compute_output_buffer_2dINS_5arrayI8ap_fixedILi16ELi6EL9ap_q_mode5EL9_275, i16 %p_ZZN4nnet24compute_output_buffer_2dINS_5arrayI8ap_fixedILi16ELi6EL9ap_q_mode5EL9_294, i16 %p_ZZN4nnet24compute_output_buffer_2dINS_5arrayI8ap_fixedILi16ELi6EL9ap_q_mode5EL9_276, i16 %p_ZZN4nnet24compute_output_buffer_2dINS_5arrayI8ap_fixedILi16ELi6EL9ap_q_mode5EL9_295, i16 %p_ZZN4nnet24compute_output_buffer_2dINS_5arrayI8ap_fixedILi16ELi6EL9ap_q_mode5EL9_277, i16 %p_ZZN4nnet24compute_output_buffer_2dINS_5arrayI8ap_fixedILi16ELi6EL9ap_q_mode5EL9_296, i16 %p_ZZN4nnet24compute_output_buffer_2dINS_5arrayI8ap_fixedILi16ELi6EL9ap_q_mode5EL9_279, i16 %p_ZZN4nnet24compute_output_buffer_2dINS_5arrayI8ap_fixedILi16ELi6EL9ap_q_mode5EL9_297, i16 %p_ZZN4nnet24compute_output_buffer_2dINS_5arrayI8ap_fixedILi16ELi6EL9ap_q_mode5EL9_280, i16 %p_ZZN4nnet24compute_output_buffer_2dINS_5arrayI8ap_fixedILi16ELi6EL9ap_q_mode5EL9_333, i16 %p_ZZN4nnet24compute_output_buffer_2dINS_5arrayI8ap_fixedILi16ELi6EL9ap_q_mode5EL9_334, i16 %p_ZZN4nnet24compute_output_buffer_2dINS_5arrayI8ap_fixedILi16ELi6EL9ap_q_mode5EL9_335, i16 %p_ZZN4nnet24compute_output_buffer_2dINS_5arrayI8ap_fixedILi16ELi6EL9ap_q_mode5EL9_336, i16 %p_ZZN4nnet24compute_output_buffer_2dINS_5arrayI8ap_fixedILi16ELi6EL9ap_q_mode5EL9_337, i16 %p_ZZN4nnet24compute_output_buffer_2dINS_5arrayI8ap_fixedILi16ELi6EL9ap_q_mode5EL9_338, i16 %p_ZZN4nnet24compute_output_buffer_2dINS_5arrayI8ap_fixedILi16ELi6EL9ap_q_mode5EL9_339, i16 %p_ZZN4nnet24compute_output_buffer_2dINS_5arrayI8ap_fixedILi16ELi6EL9ap_q_mode5EL9_340, i16 %p_ZZN4nnet24compute_output_buffer_2dINS_5arrayI8ap_fixedILi16ELi6EL9ap_q_mode5EL9_341, i16 %p_ZZN4nnet24compute_output_buffer_2dINS_5arrayI8ap_fixedILi16ELi6EL9ap_q_mode5EL9_342, i16 %p_ZZN4nnet24compute_output_buffer_2dINS_5arrayI8ap_fixedILi16ELi6EL9ap_q_mode5EL9_343, i16 %p_ZZN4nnet24compute_output_buffer_2dINS_5arrayI8ap_fixedILi16ELi6EL9ap_q_mode5EL9_344, i16 %p_ZZN4nnet24compute_output_buffer_2dINS_5arrayI8ap_fixedILi16ELi6EL9ap_q_mode5EL9_345, i16 %p_ZZN4nnet24compute_output_buffer_2dINS_5arrayI8ap_fixedILi16ELi6EL9ap_q_mode5EL9_346, i16 %p_ZZN4nnet24compute_output_buffer_2dINS_5arrayI8ap_fixedILi16ELi6EL9ap_q_mode5EL9_347, i16 %p_ZZN4nnet24compute_output_buffer_2dINS_5arrayI8ap_fixedILi16ELi6EL9ap_q_mode5EL9_348, i16 %p_ZZN4nnet24compute_output_buffer_2dINS_5arrayI8ap_fixedILi16ELi6EL9ap_q_mode5EL9_381, i16 %p_ZZN4nnet24compute_output_buffer_2dINS_5arrayI8ap_fixedILi16ELi6EL9ap_q_mode5EL9_382, i16 %p_ZZN4nnet24compute_output_buffer_2dINS_5arrayI8ap_fixedILi16ELi6EL9ap_q_mode5EL9_383, i16 %p_ZZN4nnet24compute_output_buffer_2dINS_5arrayI8ap_fixedILi16ELi6EL9ap_q_mode5EL9_384, i16 %p_ZZN4nnet24compute_output_buffer_2dINS_5arrayI8ap_fixedILi16ELi6EL9ap_q_mode5EL9_385, i16 %p_ZZN4nnet24compute_output_buffer_2dINS_5arrayI8ap_fixedILi16ELi6EL9ap_q_mode5EL9_386, i16 %p_ZZN4nnet24compute_output_buffer_2dINS_5arrayI8ap_fixedILi16ELi6EL9ap_q_mode5EL9_387, i16 %p_ZZN4nnet24compute_output_buffer_2dINS_5arrayI8ap_fixedILi16ELi6EL9ap_q_mode5EL9_388, i16 %p_ZZN4nnet24compute_output_buffer_2dINS_5arrayI8ap_fixedILi16ELi6EL9ap_q_mode5EL9_389, i16 %p_ZZN4nnet24compute_output_buffer_2dINS_5arrayI8ap_fixedILi16ELi6EL9ap_q_mode5EL9_390, i16 %p_ZZN4nnet24compute_output_buffer_2dINS_5arrayI8ap_fixedILi16ELi6EL9ap_q_mode5EL9_391, i16 %p_ZZN4nnet24compute_output_buffer_2dINS_5arrayI8ap_fixedILi16ELi6EL9ap_q_mode5EL9_392, i16 %p_ZZN4nnet24compute_output_buffer_2dINS_5arrayI8ap_fixedILi16ELi6EL9ap_q_mode5EL9_393, i16 %p_ZZN4nnet24compute_output_buffer_2dINS_5arrayI8ap_fixedILi16ELi6EL9ap_q_mode5EL9_394, i16 %p_ZZN4nnet24compute_output_buffer_2dINS_5arrayI8ap_fixedILi16ELi6EL9ap_q_mode5EL9_395, i16 %p_ZZN4nnet24compute_output_buffer_2dINS_5arrayI8ap_fixedILi16ELi6EL9ap_q_mode5EL9_396, i16 %p_ZZN4nnet24compute_output_buffer_2dINS_5arrayI8ap_fixedILi16ELi6EL9ap_q_mode5EL9_298, i16 %p_ZZN4nnet24compute_output_buffer_2dINS_5arrayI8ap_fixedILi16ELi6EL9ap_q_mode5EL9_299, i16 %p_ZZN4nnet24compute_output_buffer_2dINS_5arrayI8ap_fixedILi16ELi6EL9ap_q_mode5EL9_301, i16 %p_ZZN4nnet24compute_output_buffer_2dINS_5arrayI8ap_fixedILi16ELi6EL9ap_q_mode5EL9_302, i16 %p_ZZN4nnet24compute_output_buffer_2dINS_5arrayI8ap_fixedILi16ELi6EL9ap_q_mode5EL9_303, i16 %p_ZZN4nnet24compute_output_buffer_2dINS_5arrayI8ap_fixedILi16ELi6EL9ap_q_mode5EL9_304, i16 %p_ZZN4nnet24compute_output_buffer_2dINS_5arrayI8ap_fixedILi16ELi6EL9ap_q_mode5EL9_305, i16 %p_ZZN4nnet24compute_output_buffer_2dINS_5arrayI8ap_fixedILi16ELi6EL9ap_q_mode5EL9_306, i16 %p_ZZN4nnet24compute_output_buffer_2dINS_5arrayI8ap_fixedILi16ELi6EL9ap_q_mode5EL9_307, i16 %p_ZZN4nnet24compute_output_buffer_2dINS_5arrayI8ap_fixedILi16ELi6EL9ap_q_mode5EL9_308, i16 %p_ZZN4nnet24compute_output_buffer_2dINS_5arrayI8ap_fixedILi16ELi6EL9ap_q_mode5EL9_309, i16 %p_ZZN4nnet24compute_output_buffer_2dINS_5arrayI8ap_fixedILi16ELi6EL9ap_q_mode5EL9_310, i16 %p_ZZN4nnet24compute_output_buffer_2dINS_5arrayI8ap_fixedILi16ELi6EL9ap_q_mode5EL9_312, i16 %p_ZZN4nnet24compute_output_buffer_2dINS_5arrayI8ap_fixedILi16ELi6EL9ap_q_mode5EL9_313, i16 %p_ZZN4nnet24compute_output_buffer_2dINS_5arrayI8ap_fixedILi16ELi6EL9ap_q_mode5EL9_314, i16 %p_ZZN4nnet24compute_output_buffer_2dINS_5arrayI8ap_fixedILi16ELi6EL9ap_q_mode5EL9_315, i16 %p_ZZN4nnet25conv_2d_buffer_latency_clINS_5arrayI8ap_fixedILi16ELi6EL9ap_q_mode5EL_63, i16 %p_ZZN4nnet25conv_2d_buffer_latency_clINS_5arrayI8ap_fixedILi16ELi6EL9ap_q_mode5EL_47, i16 %p_ZZN4nnet25conv_2d_buffer_latency_clINS_5arrayI8ap_fixedILi16ELi6EL9ap_q_mode5EL_62, i16 %p_ZZN4nnet25conv_2d_buffer_latency_clINS_5arrayI8ap_fixedILi16ELi6EL9ap_q_mode5EL_46, i16 %p_ZZN4nnet25conv_2d_buffer_latency_clINS_5arrayI8ap_fixedILi16ELi6EL9ap_q_mode5EL_55, i16 %p_ZZN4nnet25conv_2d_buffer_latency_clINS_5arrayI8ap_fixedILi16ELi6EL9ap_q_mode5EL_39, i16 %p_ZZN4nnet25conv_2d_buffer_latency_clINS_5arrayI8ap_fixedILi16ELi6EL9ap_q_mode5EL_54, i16 %p_ZZN4nnet25conv_2d_buffer_latency_clINS_5arrayI8ap_fixedILi16ELi6EL9ap_q_mode5EL_38, i16 %p_ZZN4nnet25conv_2d_buffer_latency_clINS_5arrayI8ap_fixedILi16ELi6EL9ap_q_mode5EL_53, i16 %p_ZZN4nnet25conv_2d_buffer_latency_clINS_5arrayI8ap_fixedILi16ELi6EL9ap_q_mode5EL_37, i16 %p_ZZN4nnet25conv_2d_buffer_latency_clINS_5arrayI8ap_fixedILi16ELi6EL9ap_q_mode5EL_52, i16 %p_ZZN4nnet25conv_2d_buffer_latency_clINS_5arrayI8ap_fixedILi16ELi6EL9ap_q_mode5EL_36, i16 %p_ZZN4nnet25conv_2d_buffer_latency_clINS_5arrayI8ap_fixedILi16ELi6EL9ap_q_mode5EL_51, i16 %p_ZZN4nnet25conv_2d_buffer_latency_clINS_5arrayI8ap_fixedILi16ELi6EL9ap_q_mode5EL_35, i16 %p_ZZN4nnet25conv_2d_buffer_latency_clINS_5arrayI8ap_fixedILi16ELi6EL9ap_q_mode5EL_50, i16 %p_ZZN4nnet25conv_2d_buffer_latency_clINS_5arrayI8ap_fixedILi16ELi6EL9ap_q_mode5EL_34, i16 %p_ZZN4nnet25conv_2d_buffer_latency_clINS_5arrayI8ap_fixedILi16ELi6EL9ap_q_mode5EL_49, i16 %p_ZZN4nnet25conv_2d_buffer_latency_clINS_5arrayI8ap_fixedILi16ELi6EL9ap_q_mode5EL_33, i16 %p_ZZN4nnet25conv_2d_buffer_latency_clINS_5arrayI8ap_fixedILi16ELi6EL9ap_q_mode5EL_48, i16 %p_ZZN4nnet25conv_2d_buffer_latency_clINS_5arrayI8ap_fixedILi16ELi6EL9ap_q_mode5EL_32, i16 %p_ZZN4nnet25conv_2d_buffer_latency_clINS_5arrayI8ap_fixedILi16ELi6EL9ap_q_mode5EL_61, i16 %p_ZZN4nnet25conv_2d_buffer_latency_clINS_5arrayI8ap_fixedILi16ELi6EL9ap_q_mode5EL_45, i16 %p_ZZN4nnet25conv_2d_buffer_latency_clINS_5arrayI8ap_fixedILi16ELi6EL9ap_q_mode5EL_60, i16 %p_ZZN4nnet25conv_2d_buffer_latency_clINS_5arrayI8ap_fixedILi16ELi6EL9ap_q_mode5EL_44, i16 %p_ZZN4nnet25conv_2d_buffer_latency_clINS_5arrayI8ap_fixedILi16ELi6EL9ap_q_mode5EL_59, i16 %p_ZZN4nnet25conv_2d_buffer_latency_clINS_5arrayI8ap_fixedILi16ELi6EL9ap_q_mode5EL_43, i16 %p_ZZN4nnet25conv_2d_buffer_latency_clINS_5arrayI8ap_fixedILi16ELi6EL9ap_q_mode5EL_58, i16 %p_ZZN4nnet25conv_2d_buffer_latency_clINS_5arrayI8ap_fixedILi16ELi6EL9ap_q_mode5EL_42, i16 %p_ZZN4nnet25conv_2d_buffer_latency_clINS_5arrayI8ap_fixedILi16ELi6EL9ap_q_mode5EL_57, i16 %p_ZZN4nnet25conv_2d_buffer_latency_clINS_5arrayI8ap_fixedILi16ELi6EL9ap_q_mode5EL_41, i16 %p_ZZN4nnet25conv_2d_buffer_latency_clINS_5arrayI8ap_fixedILi16ELi6EL9ap_q_mode5EL_56, i16 %p_ZZN4nnet25conv_2d_buffer_latency_clINS_5arrayI8ap_fixedILi16ELi6EL9ap_q_mode5EL_40, i32 %sX_5, i32 %sY_5, i32 %pY_5, i32 %pX_5" [firmware/nnet_utils/nnet_conv2d_stream.h:32->firmware/nnet_utils/nnet_conv2d_stream.h:76]   --->   Operation 55 'call' 'call_ln32' <Predicate = true> <Delay = 0.00> <CoreType = "Generic">   --->   Core 0 '' <Latency = 0> <II = 1> <Delay = 1.00> <Generic> <Opcode : >
ST_12 : Operation 56 [1/1] (0.00ns)   --->   "%br_ln27 = br void %for.body12.i" [firmware/nnet_utils/nnet_conv2d_stream.h:27->firmware/nnet_utils/nnet_conv2d_stream.h:76]   --->   Operation 56 'br' 'br_ln27' <Predicate = true> <Delay = 0.00>


============================================================
+ Verbose Summary: Binding
============================================================
STG Binding: 
---------------- STG Properties BEGIN ----------------
- Is combinational: 0
- Is one-state seq: 0
- Is datapath-only: 0
- Is pipelined: 0
- Is top level: 0
Port [ Return ] is wired: 1; IO mode=ap_ctrl_hs:ce=0
Port [ layer14_out]:  wired=1; compound=1; hidden=0; nouse=0; global=0; static=0; extern=0; dir=0; type=3; pingpong=0; private_global=0; IO mode=ap_fifo:ce=0
Port [ layer7_out]:  wired=1; compound=1; hidden=0; nouse=0; global=0; static=0; extern=0; dir=1; type=3; pingpong=0; private_global=0; IO mode=ap_fifo:ce=0
Port [ p_ZZN4nnet24compute_output_buffer_2dINS_5arrayI8ap_fixedILi16ELi6EL9ap_q_mode5EL9_317]:  wired=0; compound=0; hidden=1; nouse=1; global=1; static=1; extern=0; dir=2; type=0; pingpong=0; private_global=0; IO mode=ap_ovld:ce=0
Port [ void_compute_output_buffer_2d_array_const_ap_shift_reg_n_chan_stream_weig_28]:  wired=0; compound=0; hidden=1; nouse=1; global=1; static=1; extern=0; dir=2; type=0; pingpong=0; private_global=0; IO mode=ap_ovld:ce=0
Port [ p_ZZN4nnet24compute_output_buffer_2dINS_5arrayI8ap_fixedILi16ELi6EL9ap_q_mode5EL9_318]:  wired=0; compound=0; hidden=1; nouse=1; global=1; static=1; extern=0; dir=2; type=0; pingpong=0; private_global=0; IO mode=ap_ovld:ce=0
Port [ void_compute_output_buffer_2d_array_const_ap_shift_reg_n_chan_stream_weig_27]:  wired=0; compound=0; hidden=1; nouse=1; global=1; static=1; extern=0; dir=2; type=0; pingpong=0; private_global=0; IO mode=ap_ovld:ce=0
Port [ p_ZZN4nnet24compute_output_buffer_2dINS_5arrayI8ap_fixedILi16ELi6EL9ap_q_mode5EL9_319]:  wired=0; compound=0; hidden=1; nouse=1; global=1; static=1; extern=0; dir=2; type=0; pingpong=0; private_global=0; IO mode=ap_ovld:ce=0
Port [ void_compute_output_buffer_2d_array_const_ap_shift_reg_n_chan_stream_weig_26]:  wired=0; compound=0; hidden=1; nouse=1; global=1; static=1; extern=0; dir=2; type=0; pingpong=0; private_global=0; IO mode=ap_ovld:ce=0
Port [ p_ZZN4nnet24compute_output_buffer_2dINS_5arrayI8ap_fixedILi16ELi6EL9ap_q_mode5EL9_320]:  wired=0; compound=0; hidden=1; nouse=1; global=1; static=1; extern=0; dir=2; type=0; pingpong=0; private_global=0; IO mode=ap_ovld:ce=0
Port [ void_compute_output_buffer_2d_array_const_ap_shift_reg_n_chan_stream_weig_25]:  wired=0; compound=0; hidden=1; nouse=1; global=1; static=1; extern=0; dir=2; type=0; pingpong=0; private_global=0; IO mode=ap_ovld:ce=0
Port [ p_ZZN4nnet24compute_output_buffer_2dINS_5arrayI8ap_fixedILi16ELi6EL9ap_q_mode5EL9_321]:  wired=0; compound=0; hidden=1; nouse=1; global=1; static=1; extern=0; dir=2; type=0; pingpong=0; private_global=0; IO mode=ap_ovld:ce=0
Port [ void_compute_output_buffer_2d_array_const_ap_shift_reg_n_chan_stream_weig_24]:  wired=0; compound=0; hidden=1; nouse=1; global=1; static=1; extern=0; dir=2; type=0; pingpong=0; private_global=0; IO mode=ap_ovld:ce=0
Port [ p_ZZN4nnet24compute_output_buffer_2dINS_5arrayI8ap_fixedILi16ELi6EL9ap_q_mode5EL9_322]:  wired=0; compound=0; hidden=1; nouse=1; global=1; static=1; extern=0; dir=2; type=0; pingpong=0; private_global=0; IO mode=ap_ovld:ce=0
Port [ void_compute_output_buffer_2d_array_const_ap_shift_reg_n_chan_stream_weig_23]:  wired=0; compound=0; hidden=1; nouse=1; global=1; static=1; extern=0; dir=2; type=0; pingpong=0; private_global=0; IO mode=ap_ovld:ce=0
Port [ p_ZZN4nnet24compute_output_buffer_2dINS_5arrayI8ap_fixedILi16ELi6EL9ap_q_mode5EL9_323]:  wired=0; compound=0; hidden=1; nouse=1; global=1; static=1; extern=0; dir=2; type=0; pingpong=0; private_global=0; IO mode=ap_ovld:ce=0
Port [ void_compute_output_buffer_2d_array_const_ap_shift_reg_n_chan_stream_weig_22]:  wired=0; compound=0; hidden=1; nouse=1; global=1; static=1; extern=0; dir=2; type=0; pingpong=0; private_global=0; IO mode=ap_ovld:ce=0
Port [ p_ZZN4nnet24compute_output_buffer_2dINS_5arrayI8ap_fixedILi16ELi6EL9ap_q_mode5EL9_324]:  wired=0; compound=0; hidden=1; nouse=1; global=1; static=1; extern=0; dir=2; type=0; pingpong=0; private_global=0; IO mode=ap_ovld:ce=0
Port [ void_compute_output_buffer_2d_array_const_ap_shift_reg_n_chan_stream_weig_21]:  wired=0; compound=0; hidden=1; nouse=1; global=1; static=1; extern=0; dir=2; type=0; pingpong=0; private_global=0; IO mode=ap_ovld:ce=0
Port [ p_ZZN4nnet24compute_output_buffer_2dINS_5arrayI8ap_fixedILi16ELi6EL9ap_q_mode5EL9_325]:  wired=0; compound=0; hidden=1; nouse=1; global=1; static=1; extern=0; dir=2; type=0; pingpong=0; private_global=0; IO mode=ap_ovld:ce=0
Port [ void_compute_output_buffer_2d_array_const_ap_shift_reg_n_chan_stream_weig_20]:  wired=0; compound=0; hidden=1; nouse=1; global=1; static=1; extern=0; dir=2; type=0; pingpong=0; private_global=0; IO mode=ap_ovld:ce=0
Port [ p_ZZN4nnet24compute_output_buffer_2dINS_5arrayI8ap_fixedILi16ELi6EL9ap_q_mode5EL9_326]:  wired=0; compound=0; hidden=1; nouse=1; global=1; static=1; extern=0; dir=2; type=0; pingpong=0; private_global=0; IO mode=ap_ovld:ce=0
Port [ void_compute_output_buffer_2d_array_const_ap_shift_reg_n_chan_stream_weig_19]:  wired=0; compound=0; hidden=1; nouse=1; global=1; static=1; extern=0; dir=2; type=0; pingpong=0; private_global=0; IO mode=ap_ovld:ce=0
Port [ p_ZZN4nnet24compute_output_buffer_2dINS_5arrayI8ap_fixedILi16ELi6EL9ap_q_mode5EL9_327]:  wired=0; compound=0; hidden=1; nouse=1; global=1; static=1; extern=0; dir=2; type=0; pingpong=0; private_global=0; IO mode=ap_ovld:ce=0
Port [ p_ZZN4nnet24compute_output_buffer_2dINS_5arrayI8ap_fixedILi16ELi6EL9ap_q_mode5EL9_267]:  wired=0; compound=0; hidden=1; nouse=1; global=1; static=1; extern=0; dir=2; type=0; pingpong=0; private_global=0; IO mode=ap_ovld:ce=0
Port [ p_ZZN4nnet24compute_output_buffer_2dINS_5arrayI8ap_fixedILi16ELi6EL9ap_q_mode5EL9_328]:  wired=0; compound=0; hidden=1; nouse=1; global=1; static=1; extern=0; dir=2; type=0; pingpong=0; private_global=0; IO mode=ap_ovld:ce=0
Port [ p_ZZN4nnet24compute_output_buffer_2dINS_5arrayI8ap_fixedILi16ELi6EL9ap_q_mode5EL9_278]:  wired=0; compound=0; hidden=1; nouse=1; global=1; static=1; extern=0; dir=2; type=0; pingpong=0; private_global=0; IO mode=ap_ovld:ce=0
Port [ p_ZZN4nnet24compute_output_buffer_2dINS_5arrayI8ap_fixedILi16ELi6EL9ap_q_mode5EL9_329]:  wired=0; compound=0; hidden=1; nouse=1; global=1; static=1; extern=0; dir=2; type=0; pingpong=0; private_global=0; IO mode=ap_ovld:ce=0
Port [ p_ZZN4nnet24compute_output_buffer_2dINS_5arrayI8ap_fixedILi16ELi6EL9ap_q_mode5EL9_289]:  wired=0; compound=0; hidden=1; nouse=1; global=1; static=1; extern=0; dir=2; type=0; pingpong=0; private_global=0; IO mode=ap_ovld:ce=0
Port [ p_ZZN4nnet24compute_output_buffer_2dINS_5arrayI8ap_fixedILi16ELi6EL9ap_q_mode5EL9_330]:  wired=0; compound=0; hidden=1; nouse=1; global=1; static=1; extern=0; dir=2; type=0; pingpong=0; private_global=0; IO mode=ap_ovld:ce=0
Port [ p_ZZN4nnet24compute_output_buffer_2dINS_5arrayI8ap_fixedILi16ELi6EL9ap_q_mode5EL9_300]:  wired=0; compound=0; hidden=1; nouse=1; global=1; static=1; extern=0; dir=2; type=0; pingpong=0; private_global=0; IO mode=ap_ovld:ce=0
Port [ p_ZZN4nnet24compute_output_buffer_2dINS_5arrayI8ap_fixedILi16ELi6EL9ap_q_mode5EL9_331]:  wired=0; compound=0; hidden=1; nouse=1; global=1; static=1; extern=0; dir=2; type=0; pingpong=0; private_global=0; IO mode=ap_ovld:ce=0
Port [ p_ZZN4nnet24compute_output_buffer_2dINS_5arrayI8ap_fixedILi16ELi6EL9ap_q_mode5EL9_311]:  wired=0; compound=0; hidden=1; nouse=1; global=1; static=1; extern=0; dir=2; type=0; pingpong=0; private_global=0; IO mode=ap_ovld:ce=0
Port [ p_ZZN4nnet24compute_output_buffer_2dINS_5arrayI8ap_fixedILi16ELi6EL9ap_q_mode5EL9_332]:  wired=0; compound=0; hidden=1; nouse=1; global=1; static=1; extern=0; dir=2; type=0; pingpong=0; private_global=0; IO mode=ap_ovld:ce=0
Port [ p_ZZN4nnet24compute_output_buffer_2dINS_5arrayI8ap_fixedILi16ELi6EL9ap_q_mode5EL9_316]:  wired=0; compound=0; hidden=1; nouse=1; global=1; static=1; extern=0; dir=2; type=0; pingpong=0; private_global=0; IO mode=ap_ovld:ce=0
Port [ p_ZZN4nnet24compute_output_buffer_2dINS_5arrayI8ap_fixedILi16ELi6EL9ap_q_mode5EL9_365]:  wired=0; compound=0; hidden=1; nouse=1; global=1; static=1; extern=0; dir=2; type=0; pingpong=0; private_global=0; IO mode=ap_ovld:ce=0
Port [ p_ZZN4nnet24compute_output_buffer_2dINS_5arrayI8ap_fixedILi16ELi6EL9ap_q_mode5EL9_349]:  wired=0; compound=0; hidden=1; nouse=1; global=1; static=1; extern=0; dir=2; type=0; pingpong=0; private_global=0; IO mode=ap_ovld:ce=0
Port [ p_ZZN4nnet24compute_output_buffer_2dINS_5arrayI8ap_fixedILi16ELi6EL9ap_q_mode5EL9_366]:  wired=0; compound=0; hidden=1; nouse=1; global=1; static=1; extern=0; dir=2; type=0; pingpong=0; private_global=0; IO mode=ap_ovld:ce=0
Port [ p_ZZN4nnet24compute_output_buffer_2dINS_5arrayI8ap_fixedILi16ELi6EL9ap_q_mode5EL9_350]:  wired=0; compound=0; hidden=1; nouse=1; global=1; static=1; extern=0; dir=2; type=0; pingpong=0; private_global=0; IO mode=ap_ovld:ce=0
Port [ p_ZZN4nnet24compute_output_buffer_2dINS_5arrayI8ap_fixedILi16ELi6EL9ap_q_mode5EL9_367]:  wired=0; compound=0; hidden=1; nouse=1; global=1; static=1; extern=0; dir=2; type=0; pingpong=0; private_global=0; IO mode=ap_ovld:ce=0
Port [ p_ZZN4nnet24compute_output_buffer_2dINS_5arrayI8ap_fixedILi16ELi6EL9ap_q_mode5EL9_351]:  wired=0; compound=0; hidden=1; nouse=1; global=1; static=1; extern=0; dir=2; type=0; pingpong=0; private_global=0; IO mode=ap_ovld:ce=0
Port [ p_ZZN4nnet24compute_output_buffer_2dINS_5arrayI8ap_fixedILi16ELi6EL9ap_q_mode5EL9_368]:  wired=0; compound=0; hidden=1; nouse=1; global=1; static=1; extern=0; dir=2; type=0; pingpong=0; private_global=0; IO mode=ap_ovld:ce=0
Port [ p_ZZN4nnet24compute_output_buffer_2dINS_5arrayI8ap_fixedILi16ELi6EL9ap_q_mode5EL9_352]:  wired=0; compound=0; hidden=1; nouse=1; global=1; static=1; extern=0; dir=2; type=0; pingpong=0; private_global=0; IO mode=ap_ovld:ce=0
Port [ p_ZZN4nnet24compute_output_buffer_2dINS_5arrayI8ap_fixedILi16ELi6EL9ap_q_mode5EL9_369]:  wired=0; compound=0; hidden=1; nouse=1; global=1; static=1; extern=0; dir=2; type=0; pingpong=0; private_global=0; IO mode=ap_ovld:ce=0
Port [ p_ZZN4nnet24compute_output_buffer_2dINS_5arrayI8ap_fixedILi16ELi6EL9ap_q_mode5EL9_353]:  wired=0; compound=0; hidden=1; nouse=1; global=1; static=1; extern=0; dir=2; type=0; pingpong=0; private_global=0; IO mode=ap_ovld:ce=0
Port [ p_ZZN4nnet24compute_output_buffer_2dINS_5arrayI8ap_fixedILi16ELi6EL9ap_q_mode5EL9_370]:  wired=0; compound=0; hidden=1; nouse=1; global=1; static=1; extern=0; dir=2; type=0; pingpong=0; private_global=0; IO mode=ap_ovld:ce=0
Port [ p_ZZN4nnet24compute_output_buffer_2dINS_5arrayI8ap_fixedILi16ELi6EL9ap_q_mode5EL9_354]:  wired=0; compound=0; hidden=1; nouse=1; global=1; static=1; extern=0; dir=2; type=0; pingpong=0; private_global=0; IO mode=ap_ovld:ce=0
Port [ p_ZZN4nnet24compute_output_buffer_2dINS_5arrayI8ap_fixedILi16ELi6EL9ap_q_mode5EL9_371]:  wired=0; compound=0; hidden=1; nouse=1; global=1; static=1; extern=0; dir=2; type=0; pingpong=0; private_global=0; IO mode=ap_ovld:ce=0
Port [ p_ZZN4nnet24compute_output_buffer_2dINS_5arrayI8ap_fixedILi16ELi6EL9ap_q_mode5EL9_355]:  wired=0; compound=0; hidden=1; nouse=1; global=1; static=1; extern=0; dir=2; type=0; pingpong=0; private_global=0; IO mode=ap_ovld:ce=0
Port [ p_ZZN4nnet24compute_output_buffer_2dINS_5arrayI8ap_fixedILi16ELi6EL9ap_q_mode5EL9_372]:  wired=0; compound=0; hidden=1; nouse=1; global=1; static=1; extern=0; dir=2; type=0; pingpong=0; private_global=0; IO mode=ap_ovld:ce=0
Port [ p_ZZN4nnet24compute_output_buffer_2dINS_5arrayI8ap_fixedILi16ELi6EL9ap_q_mode5EL9_356]:  wired=0; compound=0; hidden=1; nouse=1; global=1; static=1; extern=0; dir=2; type=0; pingpong=0; private_global=0; IO mode=ap_ovld:ce=0
Port [ p_ZZN4nnet24compute_output_buffer_2dINS_5arrayI8ap_fixedILi16ELi6EL9ap_q_mode5EL9_373]:  wired=0; compound=0; hidden=1; nouse=1; global=1; static=1; extern=0; dir=2; type=0; pingpong=0; private_global=0; IO mode=ap_ovld:ce=0
Port [ p_ZZN4nnet24compute_output_buffer_2dINS_5arrayI8ap_fixedILi16ELi6EL9ap_q_mode5EL9_357]:  wired=0; compound=0; hidden=1; nouse=1; global=1; static=1; extern=0; dir=2; type=0; pingpong=0; private_global=0; IO mode=ap_ovld:ce=0
Port [ p_ZZN4nnet24compute_output_buffer_2dINS_5arrayI8ap_fixedILi16ELi6EL9ap_q_mode5EL9_374]:  wired=0; compound=0; hidden=1; nouse=1; global=1; static=1; extern=0; dir=2; type=0; pingpong=0; private_global=0; IO mode=ap_ovld:ce=0
Port [ p_ZZN4nnet24compute_output_buffer_2dINS_5arrayI8ap_fixedILi16ELi6EL9ap_q_mode5EL9_358]:  wired=0; compound=0; hidden=1; nouse=1; global=1; static=1; extern=0; dir=2; type=0; pingpong=0; private_global=0; IO mode=ap_ovld:ce=0
Port [ p_ZZN4nnet24compute_output_buffer_2dINS_5arrayI8ap_fixedILi16ELi6EL9ap_q_mode5EL9_375]:  wired=0; compound=0; hidden=1; nouse=1; global=1; static=1; extern=0; dir=2; type=0; pingpong=0; private_global=0; IO mode=ap_ovld:ce=0
Port [ p_ZZN4nnet24compute_output_buffer_2dINS_5arrayI8ap_fixedILi16ELi6EL9ap_q_mode5EL9_359]:  wired=0; compound=0; hidden=1; nouse=1; global=1; static=1; extern=0; dir=2; type=0; pingpong=0; private_global=0; IO mode=ap_ovld:ce=0
Port [ p_ZZN4nnet24compute_output_buffer_2dINS_5arrayI8ap_fixedILi16ELi6EL9ap_q_mode5EL9_376]:  wired=0; compound=0; hidden=1; nouse=1; global=1; static=1; extern=0; dir=2; type=0; pingpong=0; private_global=0; IO mode=ap_ovld:ce=0
Port [ p_ZZN4nnet24compute_output_buffer_2dINS_5arrayI8ap_fixedILi16ELi6EL9ap_q_mode5EL9_360]:  wired=0; compound=0; hidden=1; nouse=1; global=1; static=1; extern=0; dir=2; type=0; pingpong=0; private_global=0; IO mode=ap_ovld:ce=0
Port [ p_ZZN4nnet24compute_output_buffer_2dINS_5arrayI8ap_fixedILi16ELi6EL9ap_q_mode5EL9_377]:  wired=0; compound=0; hidden=1; nouse=1; global=1; static=1; extern=0; dir=2; type=0; pingpong=0; private_global=0; IO mode=ap_ovld:ce=0
Port [ p_ZZN4nnet24compute_output_buffer_2dINS_5arrayI8ap_fixedILi16ELi6EL9ap_q_mode5EL9_361]:  wired=0; compound=0; hidden=1; nouse=1; global=1; static=1; extern=0; dir=2; type=0; pingpong=0; private_global=0; IO mode=ap_ovld:ce=0
Port [ p_ZZN4nnet24compute_output_buffer_2dINS_5arrayI8ap_fixedILi16ELi6EL9ap_q_mode5EL9_378]:  wired=0; compound=0; hidden=1; nouse=1; global=1; static=1; extern=0; dir=2; type=0; pingpong=0; private_global=0; IO mode=ap_ovld:ce=0
Port [ p_ZZN4nnet24compute_output_buffer_2dINS_5arrayI8ap_fixedILi16ELi6EL9ap_q_mode5EL9_362]:  wired=0; compound=0; hidden=1; nouse=1; global=1; static=1; extern=0; dir=2; type=0; pingpong=0; private_global=0; IO mode=ap_ovld:ce=0
Port [ p_ZZN4nnet24compute_output_buffer_2dINS_5arrayI8ap_fixedILi16ELi6EL9ap_q_mode5EL9_379]:  wired=0; compound=0; hidden=1; nouse=1; global=1; static=1; extern=0; dir=2; type=0; pingpong=0; private_global=0; IO mode=ap_ovld:ce=0
Port [ p_ZZN4nnet24compute_output_buffer_2dINS_5arrayI8ap_fixedILi16ELi6EL9ap_q_mode5EL9_363]:  wired=0; compound=0; hidden=1; nouse=1; global=1; static=1; extern=0; dir=2; type=0; pingpong=0; private_global=0; IO mode=ap_ovld:ce=0
Port [ p_ZZN4nnet24compute_output_buffer_2dINS_5arrayI8ap_fixedILi16ELi6EL9ap_q_mode5EL9_380]:  wired=0; compound=0; hidden=1; nouse=1; global=1; static=1; extern=0; dir=2; type=0; pingpong=0; private_global=0; IO mode=ap_ovld:ce=0
Port [ p_ZZN4nnet24compute_output_buffer_2dINS_5arrayI8ap_fixedILi16ELi6EL9ap_q_mode5EL9_364]:  wired=0; compound=0; hidden=1; nouse=1; global=1; static=1; extern=0; dir=2; type=0; pingpong=0; private_global=0; IO mode=ap_ovld:ce=0
Port [ p_ZZN4nnet24compute_output_buffer_2dINS_5arrayI8ap_fixedILi16ELi6EL9ap_q_mode5EL9_281]:  wired=0; compound=0; hidden=1; nouse=1; global=1; static=1; extern=0; dir=2; type=0; pingpong=0; private_global=0; IO mode=ap_ovld:ce=0
Port [ p_ZZN4nnet24compute_output_buffer_2dINS_5arrayI8ap_fixedILi16ELi6EL9ap_q_mode5EL9_397]:  wired=0; compound=0; hidden=1; nouse=1; global=1; static=1; extern=0; dir=2; type=0; pingpong=0; private_global=0; IO mode=ap_ovld:ce=0
Port [ p_ZZN4nnet24compute_output_buffer_2dINS_5arrayI8ap_fixedILi16ELi6EL9ap_q_mode5EL9_282]:  wired=0; compound=0; hidden=1; nouse=1; global=1; static=1; extern=0; dir=2; type=0; pingpong=0; private_global=0; IO mode=ap_ovld:ce=0
Port [ p_ZZN4nnet24compute_output_buffer_2dINS_5arrayI8ap_fixedILi16ELi6EL9ap_q_mode5EL9_398]:  wired=0; compound=0; hidden=1; nouse=1; global=1; static=1; extern=0; dir=2; type=0; pingpong=0; private_global=0; IO mode=ap_ovld:ce=0
Port [ p_ZZN4nnet24compute_output_buffer_2dINS_5arrayI8ap_fixedILi16ELi6EL9ap_q_mode5EL9_283]:  wired=0; compound=0; hidden=1; nouse=1; global=1; static=1; extern=0; dir=2; type=0; pingpong=0; private_global=0; IO mode=ap_ovld:ce=0
Port [ p_ZZN4nnet24compute_output_buffer_2dINS_5arrayI8ap_fixedILi16ELi6EL9ap_q_mode5EL9_399]:  wired=0; compound=0; hidden=1; nouse=1; global=1; static=1; extern=0; dir=2; type=0; pingpong=0; private_global=0; IO mode=ap_ovld:ce=0
Port [ p_ZZN4nnet24compute_output_buffer_2dINS_5arrayI8ap_fixedILi16ELi6EL9ap_q_mode5EL9_284]:  wired=0; compound=0; hidden=1; nouse=1; global=1; static=1; extern=0; dir=2; type=0; pingpong=0; private_global=0; IO mode=ap_ovld:ce=0
Port [ p_ZZN4nnet24compute_output_buffer_2dINS_5arrayI8ap_fixedILi16ELi6EL9ap_q_mode5EL9_400]:  wired=0; compound=0; hidden=1; nouse=1; global=1; static=1; extern=0; dir=2; type=0; pingpong=0; private_global=0; IO mode=ap_ovld:ce=0
Port [ p_ZZN4nnet24compute_output_buffer_2dINS_5arrayI8ap_fixedILi16ELi6EL9ap_q_mode5EL9_285]:  wired=0; compound=0; hidden=1; nouse=1; global=1; static=1; extern=0; dir=2; type=0; pingpong=0; private_global=0; IO mode=ap_ovld:ce=0
Port [ p_ZZN4nnet24compute_output_buffer_2dINS_5arrayI8ap_fixedILi16ELi6EL9ap_q_mode5EL9_268]:  wired=0; compound=0; hidden=1; nouse=1; global=1; static=1; extern=0; dir=2; type=0; pingpong=0; private_global=0; IO mode=ap_ovld:ce=0
Port [ p_ZZN4nnet24compute_output_buffer_2dINS_5arrayI8ap_fixedILi16ELi6EL9ap_q_mode5EL9_286]:  wired=0; compound=0; hidden=1; nouse=1; global=1; static=1; extern=0; dir=2; type=0; pingpong=0; private_global=0; IO mode=ap_ovld:ce=0
Port [ p_ZZN4nnet24compute_output_buffer_2dINS_5arrayI8ap_fixedILi16ELi6EL9ap_q_mode5EL9_269]:  wired=0; compound=0; hidden=1; nouse=1; global=1; static=1; extern=0; dir=2; type=0; pingpong=0; private_global=0; IO mode=ap_ovld:ce=0
Port [ p_ZZN4nnet24compute_output_buffer_2dINS_5arrayI8ap_fixedILi16ELi6EL9ap_q_mode5EL9_287]:  wired=0; compound=0; hidden=1; nouse=1; global=1; static=1; extern=0; dir=2; type=0; pingpong=0; private_global=0; IO mode=ap_ovld:ce=0
Port [ p_ZZN4nnet24compute_output_buffer_2dINS_5arrayI8ap_fixedILi16ELi6EL9ap_q_mode5EL9_270]:  wired=0; compound=0; hidden=1; nouse=1; global=1; static=1; extern=0; dir=2; type=0; pingpong=0; private_global=0; IO mode=ap_ovld:ce=0
Port [ p_ZZN4nnet24compute_output_buffer_2dINS_5arrayI8ap_fixedILi16ELi6EL9ap_q_mode5EL9_288]:  wired=0; compound=0; hidden=1; nouse=1; global=1; static=1; extern=0; dir=2; type=0; pingpong=0; private_global=0; IO mode=ap_ovld:ce=0
Port [ p_ZZN4nnet24compute_output_buffer_2dINS_5arrayI8ap_fixedILi16ELi6EL9ap_q_mode5EL9_271]:  wired=0; compound=0; hidden=1; nouse=1; global=1; static=1; extern=0; dir=2; type=0; pingpong=0; private_global=0; IO mode=ap_ovld:ce=0
Port [ p_ZZN4nnet24compute_output_buffer_2dINS_5arrayI8ap_fixedILi16ELi6EL9ap_q_mode5EL9_290]:  wired=0; compound=0; hidden=1; nouse=1; global=1; static=1; extern=0; dir=2; type=0; pingpong=0; private_global=0; IO mode=ap_ovld:ce=0
Port [ p_ZZN4nnet24compute_output_buffer_2dINS_5arrayI8ap_fixedILi16ELi6EL9ap_q_mode5EL9_272]:  wired=0; compound=0; hidden=1; nouse=1; global=1; static=1; extern=0; dir=2; type=0; pingpong=0; private_global=0; IO mode=ap_ovld:ce=0
Port [ p_ZZN4nnet24compute_output_buffer_2dINS_5arrayI8ap_fixedILi16ELi6EL9ap_q_mode5EL9_291]:  wired=0; compound=0; hidden=1; nouse=1; global=1; static=1; extern=0; dir=2; type=0; pingpong=0; private_global=0; IO mode=ap_ovld:ce=0
Port [ p_ZZN4nnet24compute_output_buffer_2dINS_5arrayI8ap_fixedILi16ELi6EL9ap_q_mode5EL9_273]:  wired=0; compound=0; hidden=1; nouse=1; global=1; static=1; extern=0; dir=2; type=0; pingpong=0; private_global=0; IO mode=ap_ovld:ce=0
Port [ p_ZZN4nnet24compute_output_buffer_2dINS_5arrayI8ap_fixedILi16ELi6EL9ap_q_mode5EL9_292]:  wired=0; compound=0; hidden=1; nouse=1; global=1; static=1; extern=0; dir=2; type=0; pingpong=0; private_global=0; IO mode=ap_ovld:ce=0
Port [ p_ZZN4nnet24compute_output_buffer_2dINS_5arrayI8ap_fixedILi16ELi6EL9ap_q_mode5EL9_274]:  wired=0; compound=0; hidden=1; nouse=1; global=1; static=1; extern=0; dir=2; type=0; pingpong=0; private_global=0; IO mode=ap_ovld:ce=0
Port [ p_ZZN4nnet24compute_output_buffer_2dINS_5arrayI8ap_fixedILi16ELi6EL9ap_q_mode5EL9_293]:  wired=0; compound=0; hidden=1; nouse=1; global=1; static=1; extern=0; dir=2; type=0; pingpong=0; private_global=0; IO mode=ap_ovld:ce=0
Port [ p_ZZN4nnet24compute_output_buffer_2dINS_5arrayI8ap_fixedILi16ELi6EL9ap_q_mode5EL9_275]:  wired=0; compound=0; hidden=1; nouse=1; global=1; static=1; extern=0; dir=2; type=0; pingpong=0; private_global=0; IO mode=ap_ovld:ce=0
Port [ p_ZZN4nnet24compute_output_buffer_2dINS_5arrayI8ap_fixedILi16ELi6EL9ap_q_mode5EL9_294]:  wired=0; compound=0; hidden=1; nouse=1; global=1; static=1; extern=0; dir=2; type=0; pingpong=0; private_global=0; IO mode=ap_ovld:ce=0
Port [ p_ZZN4nnet24compute_output_buffer_2dINS_5arrayI8ap_fixedILi16ELi6EL9ap_q_mode5EL9_276]:  wired=0; compound=0; hidden=1; nouse=1; global=1; static=1; extern=0; dir=2; type=0; pingpong=0; private_global=0; IO mode=ap_ovld:ce=0
Port [ p_ZZN4nnet24compute_output_buffer_2dINS_5arrayI8ap_fixedILi16ELi6EL9ap_q_mode5EL9_295]:  wired=0; compound=0; hidden=1; nouse=1; global=1; static=1; extern=0; dir=2; type=0; pingpong=0; private_global=0; IO mode=ap_ovld:ce=0
Port [ p_ZZN4nnet24compute_output_buffer_2dINS_5arrayI8ap_fixedILi16ELi6EL9ap_q_mode5EL9_277]:  wired=0; compound=0; hidden=1; nouse=1; global=1; static=1; extern=0; dir=2; type=0; pingpong=0; private_global=0; IO mode=ap_ovld:ce=0
Port [ p_ZZN4nnet24compute_output_buffer_2dINS_5arrayI8ap_fixedILi16ELi6EL9ap_q_mode5EL9_296]:  wired=0; compound=0; hidden=1; nouse=1; global=1; static=1; extern=0; dir=2; type=0; pingpong=0; private_global=0; IO mode=ap_ovld:ce=0
Port [ p_ZZN4nnet24compute_output_buffer_2dINS_5arrayI8ap_fixedILi16ELi6EL9ap_q_mode5EL9_279]:  wired=0; compound=0; hidden=1; nouse=1; global=1; static=1; extern=0; dir=2; type=0; pingpong=0; private_global=0; IO mode=ap_ovld:ce=0
Port [ p_ZZN4nnet24compute_output_buffer_2dINS_5arrayI8ap_fixedILi16ELi6EL9ap_q_mode5EL9_297]:  wired=0; compound=0; hidden=1; nouse=1; global=1; static=1; extern=0; dir=2; type=0; pingpong=0; private_global=0; IO mode=ap_ovld:ce=0
Port [ p_ZZN4nnet24compute_output_buffer_2dINS_5arrayI8ap_fixedILi16ELi6EL9ap_q_mode5EL9_280]:  wired=0; compound=0; hidden=1; nouse=1; global=1; static=1; extern=0; dir=2; type=0; pingpong=0; private_global=0; IO mode=ap_ovld:ce=0
Port [ p_ZZN4nnet24compute_output_buffer_2dINS_5arrayI8ap_fixedILi16ELi6EL9ap_q_mode5EL9_333]:  wired=0; compound=0; hidden=1; nouse=1; global=1; static=1; extern=0; dir=2; type=0; pingpong=0; private_global=0; IO mode=ap_ovld:ce=0
Port [ p_ZZN4nnet24compute_output_buffer_2dINS_5arrayI8ap_fixedILi16ELi6EL9ap_q_mode5EL9_334]:  wired=0; compound=0; hidden=1; nouse=1; global=1; static=1; extern=0; dir=2; type=0; pingpong=0; private_global=0; IO mode=ap_ovld:ce=0
Port [ p_ZZN4nnet24compute_output_buffer_2dINS_5arrayI8ap_fixedILi16ELi6EL9ap_q_mode5EL9_335]:  wired=0; compound=0; hidden=1; nouse=1; global=1; static=1; extern=0; dir=2; type=0; pingpong=0; private_global=0; IO mode=ap_ovld:ce=0
Port [ p_ZZN4nnet24compute_output_buffer_2dINS_5arrayI8ap_fixedILi16ELi6EL9ap_q_mode5EL9_336]:  wired=0; compound=0; hidden=1; nouse=1; global=1; static=1; extern=0; dir=2; type=0; pingpong=0; private_global=0; IO mode=ap_ovld:ce=0
Port [ p_ZZN4nnet24compute_output_buffer_2dINS_5arrayI8ap_fixedILi16ELi6EL9ap_q_mode5EL9_337]:  wired=0; compound=0; hidden=1; nouse=1; global=1; static=1; extern=0; dir=2; type=0; pingpong=0; private_global=0; IO mode=ap_ovld:ce=0
Port [ p_ZZN4nnet24compute_output_buffer_2dINS_5arrayI8ap_fixedILi16ELi6EL9ap_q_mode5EL9_338]:  wired=0; compound=0; hidden=1; nouse=1; global=1; static=1; extern=0; dir=2; type=0; pingpong=0; private_global=0; IO mode=ap_ovld:ce=0
Port [ p_ZZN4nnet24compute_output_buffer_2dINS_5arrayI8ap_fixedILi16ELi6EL9ap_q_mode5EL9_339]:  wired=0; compound=0; hidden=1; nouse=1; global=1; static=1; extern=0; dir=2; type=0; pingpong=0; private_global=0; IO mode=ap_ovld:ce=0
Port [ p_ZZN4nnet24compute_output_buffer_2dINS_5arrayI8ap_fixedILi16ELi6EL9ap_q_mode5EL9_340]:  wired=0; compound=0; hidden=1; nouse=1; global=1; static=1; extern=0; dir=2; type=0; pingpong=0; private_global=0; IO mode=ap_ovld:ce=0
Port [ p_ZZN4nnet24compute_output_buffer_2dINS_5arrayI8ap_fixedILi16ELi6EL9ap_q_mode5EL9_341]:  wired=0; compound=0; hidden=1; nouse=1; global=1; static=1; extern=0; dir=2; type=0; pingpong=0; private_global=0; IO mode=ap_ovld:ce=0
Port [ p_ZZN4nnet24compute_output_buffer_2dINS_5arrayI8ap_fixedILi16ELi6EL9ap_q_mode5EL9_342]:  wired=0; compound=0; hidden=1; nouse=1; global=1; static=1; extern=0; dir=2; type=0; pingpong=0; private_global=0; IO mode=ap_ovld:ce=0
Port [ p_ZZN4nnet24compute_output_buffer_2dINS_5arrayI8ap_fixedILi16ELi6EL9ap_q_mode5EL9_343]:  wired=0; compound=0; hidden=1; nouse=1; global=1; static=1; extern=0; dir=2; type=0; pingpong=0; private_global=0; IO mode=ap_ovld:ce=0
Port [ p_ZZN4nnet24compute_output_buffer_2dINS_5arrayI8ap_fixedILi16ELi6EL9ap_q_mode5EL9_344]:  wired=0; compound=0; hidden=1; nouse=1; global=1; static=1; extern=0; dir=2; type=0; pingpong=0; private_global=0; IO mode=ap_ovld:ce=0
Port [ p_ZZN4nnet24compute_output_buffer_2dINS_5arrayI8ap_fixedILi16ELi6EL9ap_q_mode5EL9_345]:  wired=0; compound=0; hidden=1; nouse=1; global=1; static=1; extern=0; dir=2; type=0; pingpong=0; private_global=0; IO mode=ap_ovld:ce=0
Port [ p_ZZN4nnet24compute_output_buffer_2dINS_5arrayI8ap_fixedILi16ELi6EL9ap_q_mode5EL9_346]:  wired=0; compound=0; hidden=1; nouse=1; global=1; static=1; extern=0; dir=2; type=0; pingpong=0; private_global=0; IO mode=ap_ovld:ce=0
Port [ p_ZZN4nnet24compute_output_buffer_2dINS_5arrayI8ap_fixedILi16ELi6EL9ap_q_mode5EL9_347]:  wired=0; compound=0; hidden=1; nouse=1; global=1; static=1; extern=0; dir=2; type=0; pingpong=0; private_global=0; IO mode=ap_ovld:ce=0
Port [ p_ZZN4nnet24compute_output_buffer_2dINS_5arrayI8ap_fixedILi16ELi6EL9ap_q_mode5EL9_348]:  wired=0; compound=0; hidden=1; nouse=1; global=1; static=1; extern=0; dir=2; type=0; pingpong=0; private_global=0; IO mode=ap_ovld:ce=0
Port [ p_ZZN4nnet24compute_output_buffer_2dINS_5arrayI8ap_fixedILi16ELi6EL9ap_q_mode5EL9_381]:  wired=0; compound=0; hidden=1; nouse=1; global=1; static=1; extern=0; dir=2; type=0; pingpong=0; private_global=0; IO mode=ap_ovld:ce=0
Port [ p_ZZN4nnet24compute_output_buffer_2dINS_5arrayI8ap_fixedILi16ELi6EL9ap_q_mode5EL9_382]:  wired=0; compound=0; hidden=1; nouse=1; global=1; static=1; extern=0; dir=2; type=0; pingpong=0; private_global=0; IO mode=ap_ovld:ce=0
Port [ p_ZZN4nnet24compute_output_buffer_2dINS_5arrayI8ap_fixedILi16ELi6EL9ap_q_mode5EL9_383]:  wired=0; compound=0; hidden=1; nouse=1; global=1; static=1; extern=0; dir=2; type=0; pingpong=0; private_global=0; IO mode=ap_ovld:ce=0
Port [ p_ZZN4nnet24compute_output_buffer_2dINS_5arrayI8ap_fixedILi16ELi6EL9ap_q_mode5EL9_384]:  wired=0; compound=0; hidden=1; nouse=1; global=1; static=1; extern=0; dir=2; type=0; pingpong=0; private_global=0; IO mode=ap_ovld:ce=0
Port [ p_ZZN4nnet24compute_output_buffer_2dINS_5arrayI8ap_fixedILi16ELi6EL9ap_q_mode5EL9_385]:  wired=0; compound=0; hidden=1; nouse=1; global=1; static=1; extern=0; dir=2; type=0; pingpong=0; private_global=0; IO mode=ap_ovld:ce=0
Port [ p_ZZN4nnet24compute_output_buffer_2dINS_5arrayI8ap_fixedILi16ELi6EL9ap_q_mode5EL9_386]:  wired=0; compound=0; hidden=1; nouse=1; global=1; static=1; extern=0; dir=2; type=0; pingpong=0; private_global=0; IO mode=ap_ovld:ce=0
Port [ p_ZZN4nnet24compute_output_buffer_2dINS_5arrayI8ap_fixedILi16ELi6EL9ap_q_mode5EL9_387]:  wired=0; compound=0; hidden=1; nouse=1; global=1; static=1; extern=0; dir=2; type=0; pingpong=0; private_global=0; IO mode=ap_ovld:ce=0
Port [ p_ZZN4nnet24compute_output_buffer_2dINS_5arrayI8ap_fixedILi16ELi6EL9ap_q_mode5EL9_388]:  wired=0; compound=0; hidden=1; nouse=1; global=1; static=1; extern=0; dir=2; type=0; pingpong=0; private_global=0; IO mode=ap_ovld:ce=0
Port [ p_ZZN4nnet24compute_output_buffer_2dINS_5arrayI8ap_fixedILi16ELi6EL9ap_q_mode5EL9_389]:  wired=0; compound=0; hidden=1; nouse=1; global=1; static=1; extern=0; dir=2; type=0; pingpong=0; private_global=0; IO mode=ap_ovld:ce=0
Port [ p_ZZN4nnet24compute_output_buffer_2dINS_5arrayI8ap_fixedILi16ELi6EL9ap_q_mode5EL9_390]:  wired=0; compound=0; hidden=1; nouse=1; global=1; static=1; extern=0; dir=2; type=0; pingpong=0; private_global=0; IO mode=ap_ovld:ce=0
Port [ p_ZZN4nnet24compute_output_buffer_2dINS_5arrayI8ap_fixedILi16ELi6EL9ap_q_mode5EL9_391]:  wired=0; compound=0; hidden=1; nouse=1; global=1; static=1; extern=0; dir=2; type=0; pingpong=0; private_global=0; IO mode=ap_ovld:ce=0
Port [ p_ZZN4nnet24compute_output_buffer_2dINS_5arrayI8ap_fixedILi16ELi6EL9ap_q_mode5EL9_392]:  wired=0; compound=0; hidden=1; nouse=1; global=1; static=1; extern=0; dir=2; type=0; pingpong=0; private_global=0; IO mode=ap_ovld:ce=0
Port [ p_ZZN4nnet24compute_output_buffer_2dINS_5arrayI8ap_fixedILi16ELi6EL9ap_q_mode5EL9_393]:  wired=0; compound=0; hidden=1; nouse=1; global=1; static=1; extern=0; dir=2; type=0; pingpong=0; private_global=0; IO mode=ap_ovld:ce=0
Port [ p_ZZN4nnet24compute_output_buffer_2dINS_5arrayI8ap_fixedILi16ELi6EL9ap_q_mode5EL9_394]:  wired=0; compound=0; hidden=1; nouse=1; global=1; static=1; extern=0; dir=2; type=0; pingpong=0; private_global=0; IO mode=ap_ovld:ce=0
Port [ p_ZZN4nnet24compute_output_buffer_2dINS_5arrayI8ap_fixedILi16ELi6EL9ap_q_mode5EL9_395]:  wired=0; compound=0; hidden=1; nouse=1; global=1; static=1; extern=0; dir=2; type=0; pingpong=0; private_global=0; IO mode=ap_ovld:ce=0
Port [ p_ZZN4nnet24compute_output_buffer_2dINS_5arrayI8ap_fixedILi16ELi6EL9ap_q_mode5EL9_396]:  wired=0; compound=0; hidden=1; nouse=1; global=1; static=1; extern=0; dir=2; type=0; pingpong=0; private_global=0; IO mode=ap_ovld:ce=0
Port [ p_ZZN4nnet24compute_output_buffer_2dINS_5arrayI8ap_fixedILi16ELi6EL9ap_q_mode5EL9_298]:  wired=0; compound=0; hidden=1; nouse=1; global=1; static=1; extern=0; dir=2; type=0; pingpong=0; private_global=0; IO mode=ap_ovld:ce=0
Port [ p_ZZN4nnet24compute_output_buffer_2dINS_5arrayI8ap_fixedILi16ELi6EL9ap_q_mode5EL9_299]:  wired=0; compound=0; hidden=1; nouse=1; global=1; static=1; extern=0; dir=2; type=0; pingpong=0; private_global=0; IO mode=ap_ovld:ce=0
Port [ p_ZZN4nnet24compute_output_buffer_2dINS_5arrayI8ap_fixedILi16ELi6EL9ap_q_mode5EL9_301]:  wired=0; compound=0; hidden=1; nouse=1; global=1; static=1; extern=0; dir=2; type=0; pingpong=0; private_global=0; IO mode=ap_ovld:ce=0
Port [ p_ZZN4nnet24compute_output_buffer_2dINS_5arrayI8ap_fixedILi16ELi6EL9ap_q_mode5EL9_302]:  wired=0; compound=0; hidden=1; nouse=1; global=1; static=1; extern=0; dir=2; type=0; pingpong=0; private_global=0; IO mode=ap_ovld:ce=0
Port [ p_ZZN4nnet24compute_output_buffer_2dINS_5arrayI8ap_fixedILi16ELi6EL9ap_q_mode5EL9_303]:  wired=0; compound=0; hidden=1; nouse=1; global=1; static=1; extern=0; dir=2; type=0; pingpong=0; private_global=0; IO mode=ap_ovld:ce=0
Port [ p_ZZN4nnet24compute_output_buffer_2dINS_5arrayI8ap_fixedILi16ELi6EL9ap_q_mode5EL9_304]:  wired=0; compound=0; hidden=1; nouse=1; global=1; static=1; extern=0; dir=2; type=0; pingpong=0; private_global=0; IO mode=ap_ovld:ce=0
Port [ p_ZZN4nnet24compute_output_buffer_2dINS_5arrayI8ap_fixedILi16ELi6EL9ap_q_mode5EL9_305]:  wired=0; compound=0; hidden=1; nouse=1; global=1; static=1; extern=0; dir=2; type=0; pingpong=0; private_global=0; IO mode=ap_ovld:ce=0
Port [ p_ZZN4nnet24compute_output_buffer_2dINS_5arrayI8ap_fixedILi16ELi6EL9ap_q_mode5EL9_306]:  wired=0; compound=0; hidden=1; nouse=1; global=1; static=1; extern=0; dir=2; type=0; pingpong=0; private_global=0; IO mode=ap_ovld:ce=0
Port [ p_ZZN4nnet24compute_output_buffer_2dINS_5arrayI8ap_fixedILi16ELi6EL9ap_q_mode5EL9_307]:  wired=0; compound=0; hidden=1; nouse=1; global=1; static=1; extern=0; dir=2; type=0; pingpong=0; private_global=0; IO mode=ap_ovld:ce=0
Port [ p_ZZN4nnet24compute_output_buffer_2dINS_5arrayI8ap_fixedILi16ELi6EL9ap_q_mode5EL9_308]:  wired=0; compound=0; hidden=1; nouse=1; global=1; static=1; extern=0; dir=2; type=0; pingpong=0; private_global=0; IO mode=ap_ovld:ce=0
Port [ p_ZZN4nnet24compute_output_buffer_2dINS_5arrayI8ap_fixedILi16ELi6EL9ap_q_mode5EL9_309]:  wired=0; compound=0; hidden=1; nouse=1; global=1; static=1; extern=0; dir=2; type=0; pingpong=0; private_global=0; IO mode=ap_ovld:ce=0
Port [ p_ZZN4nnet24compute_output_buffer_2dINS_5arrayI8ap_fixedILi16ELi6EL9ap_q_mode5EL9_310]:  wired=0; compound=0; hidden=1; nouse=1; global=1; static=1; extern=0; dir=2; type=0; pingpong=0; private_global=0; IO mode=ap_ovld:ce=0
Port [ p_ZZN4nnet24compute_output_buffer_2dINS_5arrayI8ap_fixedILi16ELi6EL9ap_q_mode5EL9_312]:  wired=0; compound=0; hidden=1; nouse=1; global=1; static=1; extern=0; dir=2; type=0; pingpong=0; private_global=0; IO mode=ap_ovld:ce=0
Port [ p_ZZN4nnet24compute_output_buffer_2dINS_5arrayI8ap_fixedILi16ELi6EL9ap_q_mode5EL9_313]:  wired=0; compound=0; hidden=1; nouse=1; global=1; static=1; extern=0; dir=2; type=0; pingpong=0; private_global=0; IO mode=ap_ovld:ce=0
Port [ p_ZZN4nnet24compute_output_buffer_2dINS_5arrayI8ap_fixedILi16ELi6EL9ap_q_mode5EL9_314]:  wired=0; compound=0; hidden=1; nouse=1; global=1; static=1; extern=0; dir=2; type=0; pingpong=0; private_global=0; IO mode=ap_ovld:ce=0
Port [ p_ZZN4nnet24compute_output_buffer_2dINS_5arrayI8ap_fixedILi16ELi6EL9ap_q_mode5EL9_315]:  wired=0; compound=0; hidden=1; nouse=1; global=1; static=1; extern=0; dir=2; type=0; pingpong=0; private_global=0; IO mode=ap_ovld:ce=0
Port [ p_ZZN4nnet25conv_2d_buffer_latency_clINS_5arrayI8ap_fixedILi16ELi6EL9ap_q_mode5EL_63]:  wired=0; compound=1; hidden=1; nouse=1; global=1; static=1; extern=0; dir=3; type=1; pingpong=0; private_global=0; MemPort=[2]; IO mode=ap_memory:ce=0
Port [ p_ZZN4nnet25conv_2d_buffer_latency_clINS_5arrayI8ap_fixedILi16ELi6EL9ap_q_mode5EL_47]:  wired=0; compound=1; hidden=1; nouse=1; global=1; static=1; extern=0; dir=3; type=1; pingpong=0; private_global=0; MemPort=[2]; IO mode=ap_memory:ce=0
Port [ p_ZZN4nnet25conv_2d_buffer_latency_clINS_5arrayI8ap_fixedILi16ELi6EL9ap_q_mode5EL_62]:  wired=0; compound=1; hidden=1; nouse=1; global=1; static=1; extern=0; dir=3; type=1; pingpong=0; private_global=0; MemPort=[2]; IO mode=ap_memory:ce=0
Port [ p_ZZN4nnet25conv_2d_buffer_latency_clINS_5arrayI8ap_fixedILi16ELi6EL9ap_q_mode5EL_46]:  wired=0; compound=1; hidden=1; nouse=1; global=1; static=1; extern=0; dir=3; type=1; pingpong=0; private_global=0; MemPort=[2]; IO mode=ap_memory:ce=0
Port [ p_ZZN4nnet25conv_2d_buffer_latency_clINS_5arrayI8ap_fixedILi16ELi6EL9ap_q_mode5EL_55]:  wired=0; compound=1; hidden=1; nouse=1; global=1; static=1; extern=0; dir=3; type=1; pingpong=0; private_global=0; MemPort=[2]; IO mode=ap_memory:ce=0
Port [ p_ZZN4nnet25conv_2d_buffer_latency_clINS_5arrayI8ap_fixedILi16ELi6EL9ap_q_mode5EL_39]:  wired=0; compound=1; hidden=1; nouse=1; global=1; static=1; extern=0; dir=3; type=1; pingpong=0; private_global=0; MemPort=[2]; IO mode=ap_memory:ce=0
Port [ p_ZZN4nnet25conv_2d_buffer_latency_clINS_5arrayI8ap_fixedILi16ELi6EL9ap_q_mode5EL_54]:  wired=0; compound=1; hidden=1; nouse=1; global=1; static=1; extern=0; dir=3; type=1; pingpong=0; private_global=0; MemPort=[2]; IO mode=ap_memory:ce=0
Port [ p_ZZN4nnet25conv_2d_buffer_latency_clINS_5arrayI8ap_fixedILi16ELi6EL9ap_q_mode5EL_38]:  wired=0; compound=1; hidden=1; nouse=1; global=1; static=1; extern=0; dir=3; type=1; pingpong=0; private_global=0; MemPort=[2]; IO mode=ap_memory:ce=0
Port [ p_ZZN4nnet25conv_2d_buffer_latency_clINS_5arrayI8ap_fixedILi16ELi6EL9ap_q_mode5EL_53]:  wired=0; compound=1; hidden=1; nouse=1; global=1; static=1; extern=0; dir=3; type=1; pingpong=0; private_global=0; MemPort=[2]; IO mode=ap_memory:ce=0
Port [ p_ZZN4nnet25conv_2d_buffer_latency_clINS_5arrayI8ap_fixedILi16ELi6EL9ap_q_mode5EL_37]:  wired=0; compound=1; hidden=1; nouse=1; global=1; static=1; extern=0; dir=3; type=1; pingpong=0; private_global=0; MemPort=[2]; IO mode=ap_memory:ce=0
Port [ p_ZZN4nnet25conv_2d_buffer_latency_clINS_5arrayI8ap_fixedILi16ELi6EL9ap_q_mode5EL_52]:  wired=0; compound=1; hidden=1; nouse=1; global=1; static=1; extern=0; dir=3; type=1; pingpong=0; private_global=0; MemPort=[2]; IO mode=ap_memory:ce=0
Port [ p_ZZN4nnet25conv_2d_buffer_latency_clINS_5arrayI8ap_fixedILi16ELi6EL9ap_q_mode5EL_36]:  wired=0; compound=1; hidden=1; nouse=1; global=1; static=1; extern=0; dir=3; type=1; pingpong=0; private_global=0; MemPort=[2]; IO mode=ap_memory:ce=0
Port [ p_ZZN4nnet25conv_2d_buffer_latency_clINS_5arrayI8ap_fixedILi16ELi6EL9ap_q_mode5EL_51]:  wired=0; compound=1; hidden=1; nouse=1; global=1; static=1; extern=0; dir=3; type=1; pingpong=0; private_global=0; MemPort=[2]; IO mode=ap_memory:ce=0
Port [ p_ZZN4nnet25conv_2d_buffer_latency_clINS_5arrayI8ap_fixedILi16ELi6EL9ap_q_mode5EL_35]:  wired=0; compound=1; hidden=1; nouse=1; global=1; static=1; extern=0; dir=3; type=1; pingpong=0; private_global=0; MemPort=[2]; IO mode=ap_memory:ce=0
Port [ p_ZZN4nnet25conv_2d_buffer_latency_clINS_5arrayI8ap_fixedILi16ELi6EL9ap_q_mode5EL_50]:  wired=0; compound=1; hidden=1; nouse=1; global=1; static=1; extern=0; dir=3; type=1; pingpong=0; private_global=0; MemPort=[2]; IO mode=ap_memory:ce=0
Port [ p_ZZN4nnet25conv_2d_buffer_latency_clINS_5arrayI8ap_fixedILi16ELi6EL9ap_q_mode5EL_34]:  wired=0; compound=1; hidden=1; nouse=1; global=1; static=1; extern=0; dir=3; type=1; pingpong=0; private_global=0; MemPort=[2]; IO mode=ap_memory:ce=0
Port [ p_ZZN4nnet25conv_2d_buffer_latency_clINS_5arrayI8ap_fixedILi16ELi6EL9ap_q_mode5EL_49]:  wired=0; compound=1; hidden=1; nouse=1; global=1; static=1; extern=0; dir=3; type=1; pingpong=0; private_global=0; MemPort=[2]; IO mode=ap_memory:ce=0
Port [ p_ZZN4nnet25conv_2d_buffer_latency_clINS_5arrayI8ap_fixedILi16ELi6EL9ap_q_mode5EL_33]:  wired=0; compound=1; hidden=1; nouse=1; global=1; static=1; extern=0; dir=3; type=1; pingpong=0; private_global=0; MemPort=[2]; IO mode=ap_memory:ce=0
Port [ p_ZZN4nnet25conv_2d_buffer_latency_clINS_5arrayI8ap_fixedILi16ELi6EL9ap_q_mode5EL_48]:  wired=0; compound=1; hidden=1; nouse=1; global=1; static=1; extern=0; dir=3; type=1; pingpong=0; private_global=0; MemPort=[2]; IO mode=ap_memory:ce=0
Port [ p_ZZN4nnet25conv_2d_buffer_latency_clINS_5arrayI8ap_fixedILi16ELi6EL9ap_q_mode5EL_32]:  wired=0; compound=1; hidden=1; nouse=1; global=1; static=1; extern=0; dir=3; type=1; pingpong=0; private_global=0; MemPort=[2]; IO mode=ap_memory:ce=0
Port [ p_ZZN4nnet25conv_2d_buffer_latency_clINS_5arrayI8ap_fixedILi16ELi6EL9ap_q_mode5EL_61]:  wired=0; compound=1; hidden=1; nouse=1; global=1; static=1; extern=0; dir=3; type=1; pingpong=0; private_global=0; MemPort=[2]; IO mode=ap_memory:ce=0
Port [ p_ZZN4nnet25conv_2d_buffer_latency_clINS_5arrayI8ap_fixedILi16ELi6EL9ap_q_mode5EL_45]:  wired=0; compound=1; hidden=1; nouse=1; global=1; static=1; extern=0; dir=3; type=1; pingpong=0; private_global=0; MemPort=[2]; IO mode=ap_memory:ce=0
Port [ p_ZZN4nnet25conv_2d_buffer_latency_clINS_5arrayI8ap_fixedILi16ELi6EL9ap_q_mode5EL_60]:  wired=0; compound=1; hidden=1; nouse=1; global=1; static=1; extern=0; dir=3; type=1; pingpong=0; private_global=0; MemPort=[2]; IO mode=ap_memory:ce=0
Port [ p_ZZN4nnet25conv_2d_buffer_latency_clINS_5arrayI8ap_fixedILi16ELi6EL9ap_q_mode5EL_44]:  wired=0; compound=1; hidden=1; nouse=1; global=1; static=1; extern=0; dir=3; type=1; pingpong=0; private_global=0; MemPort=[2]; IO mode=ap_memory:ce=0
Port [ p_ZZN4nnet25conv_2d_buffer_latency_clINS_5arrayI8ap_fixedILi16ELi6EL9ap_q_mode5EL_59]:  wired=0; compound=1; hidden=1; nouse=1; global=1; static=1; extern=0; dir=3; type=1; pingpong=0; private_global=0; MemPort=[2]; IO mode=ap_memory:ce=0
Port [ p_ZZN4nnet25conv_2d_buffer_latency_clINS_5arrayI8ap_fixedILi16ELi6EL9ap_q_mode5EL_43]:  wired=0; compound=1; hidden=1; nouse=1; global=1; static=1; extern=0; dir=3; type=1; pingpong=0; private_global=0; MemPort=[2]; IO mode=ap_memory:ce=0
Port [ p_ZZN4nnet25conv_2d_buffer_latency_clINS_5arrayI8ap_fixedILi16ELi6EL9ap_q_mode5EL_58]:  wired=0; compound=1; hidden=1; nouse=1; global=1; static=1; extern=0; dir=3; type=1; pingpong=0; private_global=0; MemPort=[2]; IO mode=ap_memory:ce=0
Port [ p_ZZN4nnet25conv_2d_buffer_latency_clINS_5arrayI8ap_fixedILi16ELi6EL9ap_q_mode5EL_42]:  wired=0; compound=1; hidden=1; nouse=1; global=1; static=1; extern=0; dir=3; type=1; pingpong=0; private_global=0; MemPort=[2]; IO mode=ap_memory:ce=0
Port [ p_ZZN4nnet25conv_2d_buffer_latency_clINS_5arrayI8ap_fixedILi16ELi6EL9ap_q_mode5EL_57]:  wired=0; compound=1; hidden=1; nouse=1; global=1; static=1; extern=0; dir=3; type=1; pingpong=0; private_global=0; MemPort=[2]; IO mode=ap_memory:ce=0
Port [ p_ZZN4nnet25conv_2d_buffer_latency_clINS_5arrayI8ap_fixedILi16ELi6EL9ap_q_mode5EL_41]:  wired=0; compound=1; hidden=1; nouse=1; global=1; static=1; extern=0; dir=3; type=1; pingpong=0; private_global=0; MemPort=[2]; IO mode=ap_memory:ce=0
Port [ p_ZZN4nnet25conv_2d_buffer_latency_clINS_5arrayI8ap_fixedILi16ELi6EL9ap_q_mode5EL_56]:  wired=0; compound=1; hidden=1; nouse=1; global=1; static=1; extern=0; dir=3; type=1; pingpong=0; private_global=0; MemPort=[2]; IO mode=ap_memory:ce=0
Port [ p_ZZN4nnet25conv_2d_buffer_latency_clINS_5arrayI8ap_fixedILi16ELi6EL9ap_q_mode5EL_40]:  wired=0; compound=1; hidden=1; nouse=1; global=1; static=1; extern=0; dir=3; type=1; pingpong=0; private_global=0; MemPort=[2]; IO mode=ap_memory:ce=0
Port [ sX_5]:  wired=0; compound=0; hidden=1; nouse=1; global=1; static=1; extern=0; dir=2; type=0; pingpong=0; private_global=0; IO mode=ap_ovld:ce=0
Port [ sY_5]:  wired=0; compound=0; hidden=1; nouse=1; global=1; static=1; extern=0; dir=2; type=0; pingpong=0; private_global=0; IO mode=ap_ovld:ce=0
Port [ pY_5]:  wired=0; compound=0; hidden=1; nouse=1; global=1; static=1; extern=0; dir=2; type=0; pingpong=0; private_global=0; IO mode=ap_ovld:ce=0
Port [ pX_5]:  wired=0; compound=0; hidden=1; nouse=1; global=1; static=1; extern=0; dir=2; type=0; pingpong=0; private_global=0; IO mode=ap_ovld:ce=0
---------------- STG Properties END ------------------

---------------- Datapath Model BEGIN ----------------

<LifeTime>
<method=bitvector/>
indvar_flatten        (alloca           ) [ 0100000000000]
specinterface_ln0     (specinterface    ) [ 0000000000000]
specinterface_ln0     (specinterface    ) [ 0000000000000]
store_ln0             (store            ) [ 0000000000000]
br_ln25               (br               ) [ 0000000000000]
indvar_flatten_load   (load             ) [ 0000000000000]
icmp_ln25             (icmp             ) [ 0111111111110]
add_ln25              (add              ) [ 0000000000000]
br_ln25               (br               ) [ 0000000000000]
store_ln25            (store            ) [ 0000000000000]
layer14_out_read      (read             ) [ 0000000000000]
trunc_ln32            (trunc            ) [ 0000000000000]
trunc_ln32_s          (partselect       ) [ 0000000000000]
trunc_ln32_15         (partselect       ) [ 0000000000000]
trunc_ln32_16         (partselect       ) [ 0000000000000]
trunc_ln32_17         (partselect       ) [ 0000000000000]
trunc_ln32_18         (partselect       ) [ 0000000000000]
trunc_ln32_19         (partselect       ) [ 0000000000000]
trunc_ln32_20         (partselect       ) [ 0000000000000]
trunc_ln32_21         (partselect       ) [ 0000000000000]
trunc_ln32_22         (partselect       ) [ 0000000000000]
trunc_ln32_23         (partselect       ) [ 0000000000000]
trunc_ln32_24         (partselect       ) [ 0000000000000]
trunc_ln32_25         (partselect       ) [ 0000000000000]
trunc_ln32_26         (partselect       ) [ 0000000000000]
trunc_ln32_27         (partselect       ) [ 0000000000000]
trunc_ln32_28         (partselect       ) [ 0000000000000]
specloopname_ln0      (specloopname     ) [ 0000000000000]
speclooptripcount_ln0 (speclooptripcount) [ 0000000000000]
specpipeline_ln29     (specpipeline     ) [ 0000000000000]
call_ln32             (call             ) [ 0000000000000]
br_ln27               (br               ) [ 0000000000000]
ret_ln82              (ret              ) [ 0000000000000]
</LifeTime>

<model>

<comp_list>
<comp id="0" class="1000" name="layer14_out">
<pin_list>
<pin id="1" dir="1" index="0" bw="1" slack="0"/>
</pin_list>
<bind>
<StgValue><ssdm name="layer14_out"/></StgValue>
</bind>
</comp>

<comp id="2" class="1000" name="layer7_out">
<pin_list>
<pin id="3" dir="1" index="0" bw="1" slack="0"/>
</pin_list>
<bind>
<StgValue><ssdm name="layer7_out"/></StgValue>
</bind>
</comp>

<comp id="4" class="1000" name="p_ZZN4nnet24compute_output_buffer_2dINS_5arrayI8ap_fixedILi16ELi6EL9ap_q_mode5EL9_317">
<pin_list>
<pin id="5" dir="1" index="0" bw="1" slack="0"/>
</pin_list>
<bind>
<StgValue><ssdm name="p_ZZN4nnet24compute_output_buffer_2dINS_5arrayI8ap_fixedILi16ELi6EL9ap_q_mode5EL9_317"/></StgValue>
</bind>
</comp>

<comp id="6" class="1000" name="void_compute_output_buffer_2d_array_const_ap_shift_reg_n_chan_stream_weig_28">
<pin_list>
<pin id="7" dir="1" index="0" bw="1" slack="0"/>
</pin_list>
<bind>
<StgValue><ssdm name="void_compute_output_buffer_2d_array_const_ap_shift_reg_n_chan_stream_weig_28"/></StgValue>
</bind>
</comp>

<comp id="8" class="1000" name="p_ZZN4nnet24compute_output_buffer_2dINS_5arrayI8ap_fixedILi16ELi6EL9ap_q_mode5EL9_318">
<pin_list>
<pin id="9" dir="1" index="0" bw="1" slack="0"/>
</pin_list>
<bind>
<StgValue><ssdm name="p_ZZN4nnet24compute_output_buffer_2dINS_5arrayI8ap_fixedILi16ELi6EL9ap_q_mode5EL9_318"/></StgValue>
</bind>
</comp>

<comp id="10" class="1000" name="void_compute_output_buffer_2d_array_const_ap_shift_reg_n_chan_stream_weig_27">
<pin_list>
<pin id="11" dir="1" index="0" bw="1" slack="0"/>
</pin_list>
<bind>
<StgValue><ssdm name="void_compute_output_buffer_2d_array_const_ap_shift_reg_n_chan_stream_weig_27"/></StgValue>
</bind>
</comp>

<comp id="12" class="1000" name="p_ZZN4nnet24compute_output_buffer_2dINS_5arrayI8ap_fixedILi16ELi6EL9ap_q_mode5EL9_319">
<pin_list>
<pin id="13" dir="1" index="0" bw="1" slack="0"/>
</pin_list>
<bind>
<StgValue><ssdm name="p_ZZN4nnet24compute_output_buffer_2dINS_5arrayI8ap_fixedILi16ELi6EL9ap_q_mode5EL9_319"/></StgValue>
</bind>
</comp>

<comp id="14" class="1000" name="void_compute_output_buffer_2d_array_const_ap_shift_reg_n_chan_stream_weig_26">
<pin_list>
<pin id="15" dir="1" index="0" bw="1" slack="0"/>
</pin_list>
<bind>
<StgValue><ssdm name="void_compute_output_buffer_2d_array_const_ap_shift_reg_n_chan_stream_weig_26"/></StgValue>
</bind>
</comp>

<comp id="16" class="1000" name="p_ZZN4nnet24compute_output_buffer_2dINS_5arrayI8ap_fixedILi16ELi6EL9ap_q_mode5EL9_320">
<pin_list>
<pin id="17" dir="1" index="0" bw="1" slack="0"/>
</pin_list>
<bind>
<StgValue><ssdm name="p_ZZN4nnet24compute_output_buffer_2dINS_5arrayI8ap_fixedILi16ELi6EL9ap_q_mode5EL9_320"/></StgValue>
</bind>
</comp>

<comp id="18" class="1000" name="void_compute_output_buffer_2d_array_const_ap_shift_reg_n_chan_stream_weig_25">
<pin_list>
<pin id="19" dir="1" index="0" bw="1" slack="0"/>
</pin_list>
<bind>
<StgValue><ssdm name="void_compute_output_buffer_2d_array_const_ap_shift_reg_n_chan_stream_weig_25"/></StgValue>
</bind>
</comp>

<comp id="20" class="1000" name="p_ZZN4nnet24compute_output_buffer_2dINS_5arrayI8ap_fixedILi16ELi6EL9ap_q_mode5EL9_321">
<pin_list>
<pin id="21" dir="1" index="0" bw="1" slack="0"/>
</pin_list>
<bind>
<StgValue><ssdm name="p_ZZN4nnet24compute_output_buffer_2dINS_5arrayI8ap_fixedILi16ELi6EL9ap_q_mode5EL9_321"/></StgValue>
</bind>
</comp>

<comp id="22" class="1000" name="void_compute_output_buffer_2d_array_const_ap_shift_reg_n_chan_stream_weig_24">
<pin_list>
<pin id="23" dir="1" index="0" bw="1" slack="0"/>
</pin_list>
<bind>
<StgValue><ssdm name="void_compute_output_buffer_2d_array_const_ap_shift_reg_n_chan_stream_weig_24"/></StgValue>
</bind>
</comp>

<comp id="24" class="1000" name="p_ZZN4nnet24compute_output_buffer_2dINS_5arrayI8ap_fixedILi16ELi6EL9ap_q_mode5EL9_322">
<pin_list>
<pin id="25" dir="1" index="0" bw="1" slack="0"/>
</pin_list>
<bind>
<StgValue><ssdm name="p_ZZN4nnet24compute_output_buffer_2dINS_5arrayI8ap_fixedILi16ELi6EL9ap_q_mode5EL9_322"/></StgValue>
</bind>
</comp>

<comp id="26" class="1000" name="void_compute_output_buffer_2d_array_const_ap_shift_reg_n_chan_stream_weig_23">
<pin_list>
<pin id="27" dir="1" index="0" bw="1" slack="0"/>
</pin_list>
<bind>
<StgValue><ssdm name="void_compute_output_buffer_2d_array_const_ap_shift_reg_n_chan_stream_weig_23"/></StgValue>
</bind>
</comp>

<comp id="28" class="1000" name="p_ZZN4nnet24compute_output_buffer_2dINS_5arrayI8ap_fixedILi16ELi6EL9ap_q_mode5EL9_323">
<pin_list>
<pin id="29" dir="1" index="0" bw="1" slack="0"/>
</pin_list>
<bind>
<StgValue><ssdm name="p_ZZN4nnet24compute_output_buffer_2dINS_5arrayI8ap_fixedILi16ELi6EL9ap_q_mode5EL9_323"/></StgValue>
</bind>
</comp>

<comp id="30" class="1000" name="void_compute_output_buffer_2d_array_const_ap_shift_reg_n_chan_stream_weig_22">
<pin_list>
<pin id="31" dir="1" index="0" bw="1" slack="0"/>
</pin_list>
<bind>
<StgValue><ssdm name="void_compute_output_buffer_2d_array_const_ap_shift_reg_n_chan_stream_weig_22"/></StgValue>
</bind>
</comp>

<comp id="32" class="1000" name="p_ZZN4nnet24compute_output_buffer_2dINS_5arrayI8ap_fixedILi16ELi6EL9ap_q_mode5EL9_324">
<pin_list>
<pin id="33" dir="1" index="0" bw="1" slack="0"/>
</pin_list>
<bind>
<StgValue><ssdm name="p_ZZN4nnet24compute_output_buffer_2dINS_5arrayI8ap_fixedILi16ELi6EL9ap_q_mode5EL9_324"/></StgValue>
</bind>
</comp>

<comp id="34" class="1000" name="void_compute_output_buffer_2d_array_const_ap_shift_reg_n_chan_stream_weig_21">
<pin_list>
<pin id="35" dir="1" index="0" bw="1" slack="0"/>
</pin_list>
<bind>
<StgValue><ssdm name="void_compute_output_buffer_2d_array_const_ap_shift_reg_n_chan_stream_weig_21"/></StgValue>
</bind>
</comp>

<comp id="36" class="1000" name="p_ZZN4nnet24compute_output_buffer_2dINS_5arrayI8ap_fixedILi16ELi6EL9ap_q_mode5EL9_325">
<pin_list>
<pin id="37" dir="1" index="0" bw="1" slack="0"/>
</pin_list>
<bind>
<StgValue><ssdm name="p_ZZN4nnet24compute_output_buffer_2dINS_5arrayI8ap_fixedILi16ELi6EL9ap_q_mode5EL9_325"/></StgValue>
</bind>
</comp>

<comp id="38" class="1000" name="void_compute_output_buffer_2d_array_const_ap_shift_reg_n_chan_stream_weig_20">
<pin_list>
<pin id="39" dir="1" index="0" bw="1" slack="0"/>
</pin_list>
<bind>
<StgValue><ssdm name="void_compute_output_buffer_2d_array_const_ap_shift_reg_n_chan_stream_weig_20"/></StgValue>
</bind>
</comp>

<comp id="40" class="1000" name="p_ZZN4nnet24compute_output_buffer_2dINS_5arrayI8ap_fixedILi16ELi6EL9ap_q_mode5EL9_326">
<pin_list>
<pin id="41" dir="1" index="0" bw="1" slack="0"/>
</pin_list>
<bind>
<StgValue><ssdm name="p_ZZN4nnet24compute_output_buffer_2dINS_5arrayI8ap_fixedILi16ELi6EL9ap_q_mode5EL9_326"/></StgValue>
</bind>
</comp>

<comp id="42" class="1000" name="void_compute_output_buffer_2d_array_const_ap_shift_reg_n_chan_stream_weig_19">
<pin_list>
<pin id="43" dir="1" index="0" bw="1" slack="0"/>
</pin_list>
<bind>
<StgValue><ssdm name="void_compute_output_buffer_2d_array_const_ap_shift_reg_n_chan_stream_weig_19"/></StgValue>
</bind>
</comp>

<comp id="44" class="1000" name="p_ZZN4nnet24compute_output_buffer_2dINS_5arrayI8ap_fixedILi16ELi6EL9ap_q_mode5EL9_327">
<pin_list>
<pin id="45" dir="1" index="0" bw="1" slack="0"/>
</pin_list>
<bind>
<StgValue><ssdm name="p_ZZN4nnet24compute_output_buffer_2dINS_5arrayI8ap_fixedILi16ELi6EL9ap_q_mode5EL9_327"/></StgValue>
</bind>
</comp>

<comp id="46" class="1000" name="p_ZZN4nnet24compute_output_buffer_2dINS_5arrayI8ap_fixedILi16ELi6EL9ap_q_mode5EL9_267">
<pin_list>
<pin id="47" dir="1" index="0" bw="1" slack="0"/>
</pin_list>
<bind>
<StgValue><ssdm name="p_ZZN4nnet24compute_output_buffer_2dINS_5arrayI8ap_fixedILi16ELi6EL9ap_q_mode5EL9_267"/></StgValue>
</bind>
</comp>

<comp id="48" class="1000" name="p_ZZN4nnet24compute_output_buffer_2dINS_5arrayI8ap_fixedILi16ELi6EL9ap_q_mode5EL9_328">
<pin_list>
<pin id="49" dir="1" index="0" bw="1" slack="0"/>
</pin_list>
<bind>
<StgValue><ssdm name="p_ZZN4nnet24compute_output_buffer_2dINS_5arrayI8ap_fixedILi16ELi6EL9ap_q_mode5EL9_328"/></StgValue>
</bind>
</comp>

<comp id="50" class="1000" name="p_ZZN4nnet24compute_output_buffer_2dINS_5arrayI8ap_fixedILi16ELi6EL9ap_q_mode5EL9_278">
<pin_list>
<pin id="51" dir="1" index="0" bw="1" slack="0"/>
</pin_list>
<bind>
<StgValue><ssdm name="p_ZZN4nnet24compute_output_buffer_2dINS_5arrayI8ap_fixedILi16ELi6EL9ap_q_mode5EL9_278"/></StgValue>
</bind>
</comp>

<comp id="52" class="1000" name="p_ZZN4nnet24compute_output_buffer_2dINS_5arrayI8ap_fixedILi16ELi6EL9ap_q_mode5EL9_329">
<pin_list>
<pin id="53" dir="1" index="0" bw="1" slack="0"/>
</pin_list>
<bind>
<StgValue><ssdm name="p_ZZN4nnet24compute_output_buffer_2dINS_5arrayI8ap_fixedILi16ELi6EL9ap_q_mode5EL9_329"/></StgValue>
</bind>
</comp>

<comp id="54" class="1000" name="p_ZZN4nnet24compute_output_buffer_2dINS_5arrayI8ap_fixedILi16ELi6EL9ap_q_mode5EL9_289">
<pin_list>
<pin id="55" dir="1" index="0" bw="1" slack="0"/>
</pin_list>
<bind>
<StgValue><ssdm name="p_ZZN4nnet24compute_output_buffer_2dINS_5arrayI8ap_fixedILi16ELi6EL9ap_q_mode5EL9_289"/></StgValue>
</bind>
</comp>

<comp id="56" class="1000" name="p_ZZN4nnet24compute_output_buffer_2dINS_5arrayI8ap_fixedILi16ELi6EL9ap_q_mode5EL9_330">
<pin_list>
<pin id="57" dir="1" index="0" bw="1" slack="0"/>
</pin_list>
<bind>
<StgValue><ssdm name="p_ZZN4nnet24compute_output_buffer_2dINS_5arrayI8ap_fixedILi16ELi6EL9ap_q_mode5EL9_330"/></StgValue>
</bind>
</comp>

<comp id="58" class="1000" name="p_ZZN4nnet24compute_output_buffer_2dINS_5arrayI8ap_fixedILi16ELi6EL9ap_q_mode5EL9_300">
<pin_list>
<pin id="59" dir="1" index="0" bw="1" slack="0"/>
</pin_list>
<bind>
<StgValue><ssdm name="p_ZZN4nnet24compute_output_buffer_2dINS_5arrayI8ap_fixedILi16ELi6EL9ap_q_mode5EL9_300"/></StgValue>
</bind>
</comp>

<comp id="60" class="1000" name="p_ZZN4nnet24compute_output_buffer_2dINS_5arrayI8ap_fixedILi16ELi6EL9ap_q_mode5EL9_331">
<pin_list>
<pin id="61" dir="1" index="0" bw="1" slack="0"/>
</pin_list>
<bind>
<StgValue><ssdm name="p_ZZN4nnet24compute_output_buffer_2dINS_5arrayI8ap_fixedILi16ELi6EL9ap_q_mode5EL9_331"/></StgValue>
</bind>
</comp>

<comp id="62" class="1000" name="p_ZZN4nnet24compute_output_buffer_2dINS_5arrayI8ap_fixedILi16ELi6EL9ap_q_mode5EL9_311">
<pin_list>
<pin id="63" dir="1" index="0" bw="1" slack="0"/>
</pin_list>
<bind>
<StgValue><ssdm name="p_ZZN4nnet24compute_output_buffer_2dINS_5arrayI8ap_fixedILi16ELi6EL9ap_q_mode5EL9_311"/></StgValue>
</bind>
</comp>

<comp id="64" class="1000" name="p_ZZN4nnet24compute_output_buffer_2dINS_5arrayI8ap_fixedILi16ELi6EL9ap_q_mode5EL9_332">
<pin_list>
<pin id="65" dir="1" index="0" bw="1" slack="0"/>
</pin_list>
<bind>
<StgValue><ssdm name="p_ZZN4nnet24compute_output_buffer_2dINS_5arrayI8ap_fixedILi16ELi6EL9ap_q_mode5EL9_332"/></StgValue>
</bind>
</comp>

<comp id="66" class="1000" name="p_ZZN4nnet24compute_output_buffer_2dINS_5arrayI8ap_fixedILi16ELi6EL9ap_q_mode5EL9_316">
<pin_list>
<pin id="67" dir="1" index="0" bw="1" slack="0"/>
</pin_list>
<bind>
<StgValue><ssdm name="p_ZZN4nnet24compute_output_buffer_2dINS_5arrayI8ap_fixedILi16ELi6EL9ap_q_mode5EL9_316"/></StgValue>
</bind>
</comp>

<comp id="68" class="1000" name="p_ZZN4nnet24compute_output_buffer_2dINS_5arrayI8ap_fixedILi16ELi6EL9ap_q_mode5EL9_365">
<pin_list>
<pin id="69" dir="1" index="0" bw="1" slack="0"/>
</pin_list>
<bind>
<StgValue><ssdm name="p_ZZN4nnet24compute_output_buffer_2dINS_5arrayI8ap_fixedILi16ELi6EL9ap_q_mode5EL9_365"/></StgValue>
</bind>
</comp>

<comp id="70" class="1000" name="p_ZZN4nnet24compute_output_buffer_2dINS_5arrayI8ap_fixedILi16ELi6EL9ap_q_mode5EL9_349">
<pin_list>
<pin id="71" dir="1" index="0" bw="1" slack="0"/>
</pin_list>
<bind>
<StgValue><ssdm name="p_ZZN4nnet24compute_output_buffer_2dINS_5arrayI8ap_fixedILi16ELi6EL9ap_q_mode5EL9_349"/></StgValue>
</bind>
</comp>

<comp id="72" class="1000" name="p_ZZN4nnet24compute_output_buffer_2dINS_5arrayI8ap_fixedILi16ELi6EL9ap_q_mode5EL9_366">
<pin_list>
<pin id="73" dir="1" index="0" bw="1" slack="0"/>
</pin_list>
<bind>
<StgValue><ssdm name="p_ZZN4nnet24compute_output_buffer_2dINS_5arrayI8ap_fixedILi16ELi6EL9ap_q_mode5EL9_366"/></StgValue>
</bind>
</comp>

<comp id="74" class="1000" name="p_ZZN4nnet24compute_output_buffer_2dINS_5arrayI8ap_fixedILi16ELi6EL9ap_q_mode5EL9_350">
<pin_list>
<pin id="75" dir="1" index="0" bw="1" slack="0"/>
</pin_list>
<bind>
<StgValue><ssdm name="p_ZZN4nnet24compute_output_buffer_2dINS_5arrayI8ap_fixedILi16ELi6EL9ap_q_mode5EL9_350"/></StgValue>
</bind>
</comp>

<comp id="76" class="1000" name="p_ZZN4nnet24compute_output_buffer_2dINS_5arrayI8ap_fixedILi16ELi6EL9ap_q_mode5EL9_367">
<pin_list>
<pin id="77" dir="1" index="0" bw="1" slack="0"/>
</pin_list>
<bind>
<StgValue><ssdm name="p_ZZN4nnet24compute_output_buffer_2dINS_5arrayI8ap_fixedILi16ELi6EL9ap_q_mode5EL9_367"/></StgValue>
</bind>
</comp>

<comp id="78" class="1000" name="p_ZZN4nnet24compute_output_buffer_2dINS_5arrayI8ap_fixedILi16ELi6EL9ap_q_mode5EL9_351">
<pin_list>
<pin id="79" dir="1" index="0" bw="1" slack="0"/>
</pin_list>
<bind>
<StgValue><ssdm name="p_ZZN4nnet24compute_output_buffer_2dINS_5arrayI8ap_fixedILi16ELi6EL9ap_q_mode5EL9_351"/></StgValue>
</bind>
</comp>

<comp id="80" class="1000" name="p_ZZN4nnet24compute_output_buffer_2dINS_5arrayI8ap_fixedILi16ELi6EL9ap_q_mode5EL9_368">
<pin_list>
<pin id="81" dir="1" index="0" bw="1" slack="0"/>
</pin_list>
<bind>
<StgValue><ssdm name="p_ZZN4nnet24compute_output_buffer_2dINS_5arrayI8ap_fixedILi16ELi6EL9ap_q_mode5EL9_368"/></StgValue>
</bind>
</comp>

<comp id="82" class="1000" name="p_ZZN4nnet24compute_output_buffer_2dINS_5arrayI8ap_fixedILi16ELi6EL9ap_q_mode5EL9_352">
<pin_list>
<pin id="83" dir="1" index="0" bw="1" slack="0"/>
</pin_list>
<bind>
<StgValue><ssdm name="p_ZZN4nnet24compute_output_buffer_2dINS_5arrayI8ap_fixedILi16ELi6EL9ap_q_mode5EL9_352"/></StgValue>
</bind>
</comp>

<comp id="84" class="1000" name="p_ZZN4nnet24compute_output_buffer_2dINS_5arrayI8ap_fixedILi16ELi6EL9ap_q_mode5EL9_369">
<pin_list>
<pin id="85" dir="1" index="0" bw="1" slack="0"/>
</pin_list>
<bind>
<StgValue><ssdm name="p_ZZN4nnet24compute_output_buffer_2dINS_5arrayI8ap_fixedILi16ELi6EL9ap_q_mode5EL9_369"/></StgValue>
</bind>
</comp>

<comp id="86" class="1000" name="p_ZZN4nnet24compute_output_buffer_2dINS_5arrayI8ap_fixedILi16ELi6EL9ap_q_mode5EL9_353">
<pin_list>
<pin id="87" dir="1" index="0" bw="1" slack="0"/>
</pin_list>
<bind>
<StgValue><ssdm name="p_ZZN4nnet24compute_output_buffer_2dINS_5arrayI8ap_fixedILi16ELi6EL9ap_q_mode5EL9_353"/></StgValue>
</bind>
</comp>

<comp id="88" class="1000" name="p_ZZN4nnet24compute_output_buffer_2dINS_5arrayI8ap_fixedILi16ELi6EL9ap_q_mode5EL9_370">
<pin_list>
<pin id="89" dir="1" index="0" bw="1" slack="0"/>
</pin_list>
<bind>
<StgValue><ssdm name="p_ZZN4nnet24compute_output_buffer_2dINS_5arrayI8ap_fixedILi16ELi6EL9ap_q_mode5EL9_370"/></StgValue>
</bind>
</comp>

<comp id="90" class="1000" name="p_ZZN4nnet24compute_output_buffer_2dINS_5arrayI8ap_fixedILi16ELi6EL9ap_q_mode5EL9_354">
<pin_list>
<pin id="91" dir="1" index="0" bw="1" slack="0"/>
</pin_list>
<bind>
<StgValue><ssdm name="p_ZZN4nnet24compute_output_buffer_2dINS_5arrayI8ap_fixedILi16ELi6EL9ap_q_mode5EL9_354"/></StgValue>
</bind>
</comp>

<comp id="92" class="1000" name="p_ZZN4nnet24compute_output_buffer_2dINS_5arrayI8ap_fixedILi16ELi6EL9ap_q_mode5EL9_371">
<pin_list>
<pin id="93" dir="1" index="0" bw="1" slack="0"/>
</pin_list>
<bind>
<StgValue><ssdm name="p_ZZN4nnet24compute_output_buffer_2dINS_5arrayI8ap_fixedILi16ELi6EL9ap_q_mode5EL9_371"/></StgValue>
</bind>
</comp>

<comp id="94" class="1000" name="p_ZZN4nnet24compute_output_buffer_2dINS_5arrayI8ap_fixedILi16ELi6EL9ap_q_mode5EL9_355">
<pin_list>
<pin id="95" dir="1" index="0" bw="1" slack="0"/>
</pin_list>
<bind>
<StgValue><ssdm name="p_ZZN4nnet24compute_output_buffer_2dINS_5arrayI8ap_fixedILi16ELi6EL9ap_q_mode5EL9_355"/></StgValue>
</bind>
</comp>

<comp id="96" class="1000" name="p_ZZN4nnet24compute_output_buffer_2dINS_5arrayI8ap_fixedILi16ELi6EL9ap_q_mode5EL9_372">
<pin_list>
<pin id="97" dir="1" index="0" bw="1" slack="0"/>
</pin_list>
<bind>
<StgValue><ssdm name="p_ZZN4nnet24compute_output_buffer_2dINS_5arrayI8ap_fixedILi16ELi6EL9ap_q_mode5EL9_372"/></StgValue>
</bind>
</comp>

<comp id="98" class="1000" name="p_ZZN4nnet24compute_output_buffer_2dINS_5arrayI8ap_fixedILi16ELi6EL9ap_q_mode5EL9_356">
<pin_list>
<pin id="99" dir="1" index="0" bw="1" slack="0"/>
</pin_list>
<bind>
<StgValue><ssdm name="p_ZZN4nnet24compute_output_buffer_2dINS_5arrayI8ap_fixedILi16ELi6EL9ap_q_mode5EL9_356"/></StgValue>
</bind>
</comp>

<comp id="100" class="1000" name="p_ZZN4nnet24compute_output_buffer_2dINS_5arrayI8ap_fixedILi16ELi6EL9ap_q_mode5EL9_373">
<pin_list>
<pin id="101" dir="1" index="0" bw="1" slack="0"/>
</pin_list>
<bind>
<StgValue><ssdm name="p_ZZN4nnet24compute_output_buffer_2dINS_5arrayI8ap_fixedILi16ELi6EL9ap_q_mode5EL9_373"/></StgValue>
</bind>
</comp>

<comp id="102" class="1000" name="p_ZZN4nnet24compute_output_buffer_2dINS_5arrayI8ap_fixedILi16ELi6EL9ap_q_mode5EL9_357">
<pin_list>
<pin id="103" dir="1" index="0" bw="1" slack="0"/>
</pin_list>
<bind>
<StgValue><ssdm name="p_ZZN4nnet24compute_output_buffer_2dINS_5arrayI8ap_fixedILi16ELi6EL9ap_q_mode5EL9_357"/></StgValue>
</bind>
</comp>

<comp id="104" class="1000" name="p_ZZN4nnet24compute_output_buffer_2dINS_5arrayI8ap_fixedILi16ELi6EL9ap_q_mode5EL9_374">
<pin_list>
<pin id="105" dir="1" index="0" bw="1" slack="0"/>
</pin_list>
<bind>
<StgValue><ssdm name="p_ZZN4nnet24compute_output_buffer_2dINS_5arrayI8ap_fixedILi16ELi6EL9ap_q_mode5EL9_374"/></StgValue>
</bind>
</comp>

<comp id="106" class="1000" name="p_ZZN4nnet24compute_output_buffer_2dINS_5arrayI8ap_fixedILi16ELi6EL9ap_q_mode5EL9_358">
<pin_list>
<pin id="107" dir="1" index="0" bw="1" slack="0"/>
</pin_list>
<bind>
<StgValue><ssdm name="p_ZZN4nnet24compute_output_buffer_2dINS_5arrayI8ap_fixedILi16ELi6EL9ap_q_mode5EL9_358"/></StgValue>
</bind>
</comp>

<comp id="108" class="1000" name="p_ZZN4nnet24compute_output_buffer_2dINS_5arrayI8ap_fixedILi16ELi6EL9ap_q_mode5EL9_375">
<pin_list>
<pin id="109" dir="1" index="0" bw="1" slack="0"/>
</pin_list>
<bind>
<StgValue><ssdm name="p_ZZN4nnet24compute_output_buffer_2dINS_5arrayI8ap_fixedILi16ELi6EL9ap_q_mode5EL9_375"/></StgValue>
</bind>
</comp>

<comp id="110" class="1000" name="p_ZZN4nnet24compute_output_buffer_2dINS_5arrayI8ap_fixedILi16ELi6EL9ap_q_mode5EL9_359">
<pin_list>
<pin id="111" dir="1" index="0" bw="1" slack="0"/>
</pin_list>
<bind>
<StgValue><ssdm name="p_ZZN4nnet24compute_output_buffer_2dINS_5arrayI8ap_fixedILi16ELi6EL9ap_q_mode5EL9_359"/></StgValue>
</bind>
</comp>

<comp id="112" class="1000" name="p_ZZN4nnet24compute_output_buffer_2dINS_5arrayI8ap_fixedILi16ELi6EL9ap_q_mode5EL9_376">
<pin_list>
<pin id="113" dir="1" index="0" bw="1" slack="0"/>
</pin_list>
<bind>
<StgValue><ssdm name="p_ZZN4nnet24compute_output_buffer_2dINS_5arrayI8ap_fixedILi16ELi6EL9ap_q_mode5EL9_376"/></StgValue>
</bind>
</comp>

<comp id="114" class="1000" name="p_ZZN4nnet24compute_output_buffer_2dINS_5arrayI8ap_fixedILi16ELi6EL9ap_q_mode5EL9_360">
<pin_list>
<pin id="115" dir="1" index="0" bw="1" slack="0"/>
</pin_list>
<bind>
<StgValue><ssdm name="p_ZZN4nnet24compute_output_buffer_2dINS_5arrayI8ap_fixedILi16ELi6EL9ap_q_mode5EL9_360"/></StgValue>
</bind>
</comp>

<comp id="116" class="1000" name="p_ZZN4nnet24compute_output_buffer_2dINS_5arrayI8ap_fixedILi16ELi6EL9ap_q_mode5EL9_377">
<pin_list>
<pin id="117" dir="1" index="0" bw="1" slack="0"/>
</pin_list>
<bind>
<StgValue><ssdm name="p_ZZN4nnet24compute_output_buffer_2dINS_5arrayI8ap_fixedILi16ELi6EL9ap_q_mode5EL9_377"/></StgValue>
</bind>
</comp>

<comp id="118" class="1000" name="p_ZZN4nnet24compute_output_buffer_2dINS_5arrayI8ap_fixedILi16ELi6EL9ap_q_mode5EL9_361">
<pin_list>
<pin id="119" dir="1" index="0" bw="1" slack="0"/>
</pin_list>
<bind>
<StgValue><ssdm name="p_ZZN4nnet24compute_output_buffer_2dINS_5arrayI8ap_fixedILi16ELi6EL9ap_q_mode5EL9_361"/></StgValue>
</bind>
</comp>

<comp id="120" class="1000" name="p_ZZN4nnet24compute_output_buffer_2dINS_5arrayI8ap_fixedILi16ELi6EL9ap_q_mode5EL9_378">
<pin_list>
<pin id="121" dir="1" index="0" bw="1" slack="0"/>
</pin_list>
<bind>
<StgValue><ssdm name="p_ZZN4nnet24compute_output_buffer_2dINS_5arrayI8ap_fixedILi16ELi6EL9ap_q_mode5EL9_378"/></StgValue>
</bind>
</comp>

<comp id="122" class="1000" name="p_ZZN4nnet24compute_output_buffer_2dINS_5arrayI8ap_fixedILi16ELi6EL9ap_q_mode5EL9_362">
<pin_list>
<pin id="123" dir="1" index="0" bw="1" slack="0"/>
</pin_list>
<bind>
<StgValue><ssdm name="p_ZZN4nnet24compute_output_buffer_2dINS_5arrayI8ap_fixedILi16ELi6EL9ap_q_mode5EL9_362"/></StgValue>
</bind>
</comp>

<comp id="124" class="1000" name="p_ZZN4nnet24compute_output_buffer_2dINS_5arrayI8ap_fixedILi16ELi6EL9ap_q_mode5EL9_379">
<pin_list>
<pin id="125" dir="1" index="0" bw="1" slack="0"/>
</pin_list>
<bind>
<StgValue><ssdm name="p_ZZN4nnet24compute_output_buffer_2dINS_5arrayI8ap_fixedILi16ELi6EL9ap_q_mode5EL9_379"/></StgValue>
</bind>
</comp>

<comp id="126" class="1000" name="p_ZZN4nnet24compute_output_buffer_2dINS_5arrayI8ap_fixedILi16ELi6EL9ap_q_mode5EL9_363">
<pin_list>
<pin id="127" dir="1" index="0" bw="1" slack="0"/>
</pin_list>
<bind>
<StgValue><ssdm name="p_ZZN4nnet24compute_output_buffer_2dINS_5arrayI8ap_fixedILi16ELi6EL9ap_q_mode5EL9_363"/></StgValue>
</bind>
</comp>

<comp id="128" class="1000" name="p_ZZN4nnet24compute_output_buffer_2dINS_5arrayI8ap_fixedILi16ELi6EL9ap_q_mode5EL9_380">
<pin_list>
<pin id="129" dir="1" index="0" bw="1" slack="0"/>
</pin_list>
<bind>
<StgValue><ssdm name="p_ZZN4nnet24compute_output_buffer_2dINS_5arrayI8ap_fixedILi16ELi6EL9ap_q_mode5EL9_380"/></StgValue>
</bind>
</comp>

<comp id="130" class="1000" name="p_ZZN4nnet24compute_output_buffer_2dINS_5arrayI8ap_fixedILi16ELi6EL9ap_q_mode5EL9_364">
<pin_list>
<pin id="131" dir="1" index="0" bw="1" slack="0"/>
</pin_list>
<bind>
<StgValue><ssdm name="p_ZZN4nnet24compute_output_buffer_2dINS_5arrayI8ap_fixedILi16ELi6EL9ap_q_mode5EL9_364"/></StgValue>
</bind>
</comp>

<comp id="132" class="1000" name="p_ZZN4nnet24compute_output_buffer_2dINS_5arrayI8ap_fixedILi16ELi6EL9ap_q_mode5EL9_281">
<pin_list>
<pin id="133" dir="1" index="0" bw="1" slack="0"/>
</pin_list>
<bind>
<StgValue><ssdm name="p_ZZN4nnet24compute_output_buffer_2dINS_5arrayI8ap_fixedILi16ELi6EL9ap_q_mode5EL9_281"/></StgValue>
</bind>
</comp>

<comp id="134" class="1000" name="p_ZZN4nnet24compute_output_buffer_2dINS_5arrayI8ap_fixedILi16ELi6EL9ap_q_mode5EL9_397">
<pin_list>
<pin id="135" dir="1" index="0" bw="1" slack="0"/>
</pin_list>
<bind>
<StgValue><ssdm name="p_ZZN4nnet24compute_output_buffer_2dINS_5arrayI8ap_fixedILi16ELi6EL9ap_q_mode5EL9_397"/></StgValue>
</bind>
</comp>

<comp id="136" class="1000" name="p_ZZN4nnet24compute_output_buffer_2dINS_5arrayI8ap_fixedILi16ELi6EL9ap_q_mode5EL9_282">
<pin_list>
<pin id="137" dir="1" index="0" bw="1" slack="0"/>
</pin_list>
<bind>
<StgValue><ssdm name="p_ZZN4nnet24compute_output_buffer_2dINS_5arrayI8ap_fixedILi16ELi6EL9ap_q_mode5EL9_282"/></StgValue>
</bind>
</comp>

<comp id="138" class="1000" name="p_ZZN4nnet24compute_output_buffer_2dINS_5arrayI8ap_fixedILi16ELi6EL9ap_q_mode5EL9_398">
<pin_list>
<pin id="139" dir="1" index="0" bw="1" slack="0"/>
</pin_list>
<bind>
<StgValue><ssdm name="p_ZZN4nnet24compute_output_buffer_2dINS_5arrayI8ap_fixedILi16ELi6EL9ap_q_mode5EL9_398"/></StgValue>
</bind>
</comp>

<comp id="140" class="1000" name="p_ZZN4nnet24compute_output_buffer_2dINS_5arrayI8ap_fixedILi16ELi6EL9ap_q_mode5EL9_283">
<pin_list>
<pin id="141" dir="1" index="0" bw="1" slack="0"/>
</pin_list>
<bind>
<StgValue><ssdm name="p_ZZN4nnet24compute_output_buffer_2dINS_5arrayI8ap_fixedILi16ELi6EL9ap_q_mode5EL9_283"/></StgValue>
</bind>
</comp>

<comp id="142" class="1000" name="p_ZZN4nnet24compute_output_buffer_2dINS_5arrayI8ap_fixedILi16ELi6EL9ap_q_mode5EL9_399">
<pin_list>
<pin id="143" dir="1" index="0" bw="1" slack="0"/>
</pin_list>
<bind>
<StgValue><ssdm name="p_ZZN4nnet24compute_output_buffer_2dINS_5arrayI8ap_fixedILi16ELi6EL9ap_q_mode5EL9_399"/></StgValue>
</bind>
</comp>

<comp id="144" class="1000" name="p_ZZN4nnet24compute_output_buffer_2dINS_5arrayI8ap_fixedILi16ELi6EL9ap_q_mode5EL9_284">
<pin_list>
<pin id="145" dir="1" index="0" bw="1" slack="0"/>
</pin_list>
<bind>
<StgValue><ssdm name="p_ZZN4nnet24compute_output_buffer_2dINS_5arrayI8ap_fixedILi16ELi6EL9ap_q_mode5EL9_284"/></StgValue>
</bind>
</comp>

<comp id="146" class="1000" name="p_ZZN4nnet24compute_output_buffer_2dINS_5arrayI8ap_fixedILi16ELi6EL9ap_q_mode5EL9_400">
<pin_list>
<pin id="147" dir="1" index="0" bw="1" slack="0"/>
</pin_list>
<bind>
<StgValue><ssdm name="p_ZZN4nnet24compute_output_buffer_2dINS_5arrayI8ap_fixedILi16ELi6EL9ap_q_mode5EL9_400"/></StgValue>
</bind>
</comp>

<comp id="148" class="1000" name="p_ZZN4nnet24compute_output_buffer_2dINS_5arrayI8ap_fixedILi16ELi6EL9ap_q_mode5EL9_285">
<pin_list>
<pin id="149" dir="1" index="0" bw="1" slack="0"/>
</pin_list>
<bind>
<StgValue><ssdm name="p_ZZN4nnet24compute_output_buffer_2dINS_5arrayI8ap_fixedILi16ELi6EL9ap_q_mode5EL9_285"/></StgValue>
</bind>
</comp>

<comp id="150" class="1000" name="p_ZZN4nnet24compute_output_buffer_2dINS_5arrayI8ap_fixedILi16ELi6EL9ap_q_mode5EL9_268">
<pin_list>
<pin id="151" dir="1" index="0" bw="1" slack="0"/>
</pin_list>
<bind>
<StgValue><ssdm name="p_ZZN4nnet24compute_output_buffer_2dINS_5arrayI8ap_fixedILi16ELi6EL9ap_q_mode5EL9_268"/></StgValue>
</bind>
</comp>

<comp id="152" class="1000" name="p_ZZN4nnet24compute_output_buffer_2dINS_5arrayI8ap_fixedILi16ELi6EL9ap_q_mode5EL9_286">
<pin_list>
<pin id="153" dir="1" index="0" bw="1" slack="0"/>
</pin_list>
<bind>
<StgValue><ssdm name="p_ZZN4nnet24compute_output_buffer_2dINS_5arrayI8ap_fixedILi16ELi6EL9ap_q_mode5EL9_286"/></StgValue>
</bind>
</comp>

<comp id="154" class="1000" name="p_ZZN4nnet24compute_output_buffer_2dINS_5arrayI8ap_fixedILi16ELi6EL9ap_q_mode5EL9_269">
<pin_list>
<pin id="155" dir="1" index="0" bw="1" slack="0"/>
</pin_list>
<bind>
<StgValue><ssdm name="p_ZZN4nnet24compute_output_buffer_2dINS_5arrayI8ap_fixedILi16ELi6EL9ap_q_mode5EL9_269"/></StgValue>
</bind>
</comp>

<comp id="156" class="1000" name="p_ZZN4nnet24compute_output_buffer_2dINS_5arrayI8ap_fixedILi16ELi6EL9ap_q_mode5EL9_287">
<pin_list>
<pin id="157" dir="1" index="0" bw="1" slack="0"/>
</pin_list>
<bind>
<StgValue><ssdm name="p_ZZN4nnet24compute_output_buffer_2dINS_5arrayI8ap_fixedILi16ELi6EL9ap_q_mode5EL9_287"/></StgValue>
</bind>
</comp>

<comp id="158" class="1000" name="p_ZZN4nnet24compute_output_buffer_2dINS_5arrayI8ap_fixedILi16ELi6EL9ap_q_mode5EL9_270">
<pin_list>
<pin id="159" dir="1" index="0" bw="1" slack="0"/>
</pin_list>
<bind>
<StgValue><ssdm name="p_ZZN4nnet24compute_output_buffer_2dINS_5arrayI8ap_fixedILi16ELi6EL9ap_q_mode5EL9_270"/></StgValue>
</bind>
</comp>

<comp id="160" class="1000" name="p_ZZN4nnet24compute_output_buffer_2dINS_5arrayI8ap_fixedILi16ELi6EL9ap_q_mode5EL9_288">
<pin_list>
<pin id="161" dir="1" index="0" bw="1" slack="0"/>
</pin_list>
<bind>
<StgValue><ssdm name="p_ZZN4nnet24compute_output_buffer_2dINS_5arrayI8ap_fixedILi16ELi6EL9ap_q_mode5EL9_288"/></StgValue>
</bind>
</comp>

<comp id="162" class="1000" name="p_ZZN4nnet24compute_output_buffer_2dINS_5arrayI8ap_fixedILi16ELi6EL9ap_q_mode5EL9_271">
<pin_list>
<pin id="163" dir="1" index="0" bw="1" slack="0"/>
</pin_list>
<bind>
<StgValue><ssdm name="p_ZZN4nnet24compute_output_buffer_2dINS_5arrayI8ap_fixedILi16ELi6EL9ap_q_mode5EL9_271"/></StgValue>
</bind>
</comp>

<comp id="164" class="1000" name="p_ZZN4nnet24compute_output_buffer_2dINS_5arrayI8ap_fixedILi16ELi6EL9ap_q_mode5EL9_290">
<pin_list>
<pin id="165" dir="1" index="0" bw="1" slack="0"/>
</pin_list>
<bind>
<StgValue><ssdm name="p_ZZN4nnet24compute_output_buffer_2dINS_5arrayI8ap_fixedILi16ELi6EL9ap_q_mode5EL9_290"/></StgValue>
</bind>
</comp>

<comp id="166" class="1000" name="p_ZZN4nnet24compute_output_buffer_2dINS_5arrayI8ap_fixedILi16ELi6EL9ap_q_mode5EL9_272">
<pin_list>
<pin id="167" dir="1" index="0" bw="1" slack="0"/>
</pin_list>
<bind>
<StgValue><ssdm name="p_ZZN4nnet24compute_output_buffer_2dINS_5arrayI8ap_fixedILi16ELi6EL9ap_q_mode5EL9_272"/></StgValue>
</bind>
</comp>

<comp id="168" class="1000" name="p_ZZN4nnet24compute_output_buffer_2dINS_5arrayI8ap_fixedILi16ELi6EL9ap_q_mode5EL9_291">
<pin_list>
<pin id="169" dir="1" index="0" bw="1" slack="0"/>
</pin_list>
<bind>
<StgValue><ssdm name="p_ZZN4nnet24compute_output_buffer_2dINS_5arrayI8ap_fixedILi16ELi6EL9ap_q_mode5EL9_291"/></StgValue>
</bind>
</comp>

<comp id="170" class="1000" name="p_ZZN4nnet24compute_output_buffer_2dINS_5arrayI8ap_fixedILi16ELi6EL9ap_q_mode5EL9_273">
<pin_list>
<pin id="171" dir="1" index="0" bw="1" slack="0"/>
</pin_list>
<bind>
<StgValue><ssdm name="p_ZZN4nnet24compute_output_buffer_2dINS_5arrayI8ap_fixedILi16ELi6EL9ap_q_mode5EL9_273"/></StgValue>
</bind>
</comp>

<comp id="172" class="1000" name="p_ZZN4nnet24compute_output_buffer_2dINS_5arrayI8ap_fixedILi16ELi6EL9ap_q_mode5EL9_292">
<pin_list>
<pin id="173" dir="1" index="0" bw="1" slack="0"/>
</pin_list>
<bind>
<StgValue><ssdm name="p_ZZN4nnet24compute_output_buffer_2dINS_5arrayI8ap_fixedILi16ELi6EL9ap_q_mode5EL9_292"/></StgValue>
</bind>
</comp>

<comp id="174" class="1000" name="p_ZZN4nnet24compute_output_buffer_2dINS_5arrayI8ap_fixedILi16ELi6EL9ap_q_mode5EL9_274">
<pin_list>
<pin id="175" dir="1" index="0" bw="1" slack="0"/>
</pin_list>
<bind>
<StgValue><ssdm name="p_ZZN4nnet24compute_output_buffer_2dINS_5arrayI8ap_fixedILi16ELi6EL9ap_q_mode5EL9_274"/></StgValue>
</bind>
</comp>

<comp id="176" class="1000" name="p_ZZN4nnet24compute_output_buffer_2dINS_5arrayI8ap_fixedILi16ELi6EL9ap_q_mode5EL9_293">
<pin_list>
<pin id="177" dir="1" index="0" bw="1" slack="0"/>
</pin_list>
<bind>
<StgValue><ssdm name="p_ZZN4nnet24compute_output_buffer_2dINS_5arrayI8ap_fixedILi16ELi6EL9ap_q_mode5EL9_293"/></StgValue>
</bind>
</comp>

<comp id="178" class="1000" name="p_ZZN4nnet24compute_output_buffer_2dINS_5arrayI8ap_fixedILi16ELi6EL9ap_q_mode5EL9_275">
<pin_list>
<pin id="179" dir="1" index="0" bw="1" slack="0"/>
</pin_list>
<bind>
<StgValue><ssdm name="p_ZZN4nnet24compute_output_buffer_2dINS_5arrayI8ap_fixedILi16ELi6EL9ap_q_mode5EL9_275"/></StgValue>
</bind>
</comp>

<comp id="180" class="1000" name="p_ZZN4nnet24compute_output_buffer_2dINS_5arrayI8ap_fixedILi16ELi6EL9ap_q_mode5EL9_294">
<pin_list>
<pin id="181" dir="1" index="0" bw="1" slack="0"/>
</pin_list>
<bind>
<StgValue><ssdm name="p_ZZN4nnet24compute_output_buffer_2dINS_5arrayI8ap_fixedILi16ELi6EL9ap_q_mode5EL9_294"/></StgValue>
</bind>
</comp>

<comp id="182" class="1000" name="p_ZZN4nnet24compute_output_buffer_2dINS_5arrayI8ap_fixedILi16ELi6EL9ap_q_mode5EL9_276">
<pin_list>
<pin id="183" dir="1" index="0" bw="1" slack="0"/>
</pin_list>
<bind>
<StgValue><ssdm name="p_ZZN4nnet24compute_output_buffer_2dINS_5arrayI8ap_fixedILi16ELi6EL9ap_q_mode5EL9_276"/></StgValue>
</bind>
</comp>

<comp id="184" class="1000" name="p_ZZN4nnet24compute_output_buffer_2dINS_5arrayI8ap_fixedILi16ELi6EL9ap_q_mode5EL9_295">
<pin_list>
<pin id="185" dir="1" index="0" bw="1" slack="0"/>
</pin_list>
<bind>
<StgValue><ssdm name="p_ZZN4nnet24compute_output_buffer_2dINS_5arrayI8ap_fixedILi16ELi6EL9ap_q_mode5EL9_295"/></StgValue>
</bind>
</comp>

<comp id="186" class="1000" name="p_ZZN4nnet24compute_output_buffer_2dINS_5arrayI8ap_fixedILi16ELi6EL9ap_q_mode5EL9_277">
<pin_list>
<pin id="187" dir="1" index="0" bw="1" slack="0"/>
</pin_list>
<bind>
<StgValue><ssdm name="p_ZZN4nnet24compute_output_buffer_2dINS_5arrayI8ap_fixedILi16ELi6EL9ap_q_mode5EL9_277"/></StgValue>
</bind>
</comp>

<comp id="188" class="1000" name="p_ZZN4nnet24compute_output_buffer_2dINS_5arrayI8ap_fixedILi16ELi6EL9ap_q_mode5EL9_296">
<pin_list>
<pin id="189" dir="1" index="0" bw="1" slack="0"/>
</pin_list>
<bind>
<StgValue><ssdm name="p_ZZN4nnet24compute_output_buffer_2dINS_5arrayI8ap_fixedILi16ELi6EL9ap_q_mode5EL9_296"/></StgValue>
</bind>
</comp>

<comp id="190" class="1000" name="p_ZZN4nnet24compute_output_buffer_2dINS_5arrayI8ap_fixedILi16ELi6EL9ap_q_mode5EL9_279">
<pin_list>
<pin id="191" dir="1" index="0" bw="1" slack="0"/>
</pin_list>
<bind>
<StgValue><ssdm name="p_ZZN4nnet24compute_output_buffer_2dINS_5arrayI8ap_fixedILi16ELi6EL9ap_q_mode5EL9_279"/></StgValue>
</bind>
</comp>

<comp id="192" class="1000" name="p_ZZN4nnet24compute_output_buffer_2dINS_5arrayI8ap_fixedILi16ELi6EL9ap_q_mode5EL9_297">
<pin_list>
<pin id="193" dir="1" index="0" bw="1" slack="0"/>
</pin_list>
<bind>
<StgValue><ssdm name="p_ZZN4nnet24compute_output_buffer_2dINS_5arrayI8ap_fixedILi16ELi6EL9ap_q_mode5EL9_297"/></StgValue>
</bind>
</comp>

<comp id="194" class="1000" name="p_ZZN4nnet24compute_output_buffer_2dINS_5arrayI8ap_fixedILi16ELi6EL9ap_q_mode5EL9_280">
<pin_list>
<pin id="195" dir="1" index="0" bw="1" slack="0"/>
</pin_list>
<bind>
<StgValue><ssdm name="p_ZZN4nnet24compute_output_buffer_2dINS_5arrayI8ap_fixedILi16ELi6EL9ap_q_mode5EL9_280"/></StgValue>
</bind>
</comp>

<comp id="196" class="1000" name="p_ZZN4nnet24compute_output_buffer_2dINS_5arrayI8ap_fixedILi16ELi6EL9ap_q_mode5EL9_333">
<pin_list>
<pin id="197" dir="1" index="0" bw="1" slack="0"/>
</pin_list>
<bind>
<StgValue><ssdm name="p_ZZN4nnet24compute_output_buffer_2dINS_5arrayI8ap_fixedILi16ELi6EL9ap_q_mode5EL9_333"/></StgValue>
</bind>
</comp>

<comp id="198" class="1000" name="p_ZZN4nnet24compute_output_buffer_2dINS_5arrayI8ap_fixedILi16ELi6EL9ap_q_mode5EL9_334">
<pin_list>
<pin id="199" dir="1" index="0" bw="1" slack="0"/>
</pin_list>
<bind>
<StgValue><ssdm name="p_ZZN4nnet24compute_output_buffer_2dINS_5arrayI8ap_fixedILi16ELi6EL9ap_q_mode5EL9_334"/></StgValue>
</bind>
</comp>

<comp id="200" class="1000" name="p_ZZN4nnet24compute_output_buffer_2dINS_5arrayI8ap_fixedILi16ELi6EL9ap_q_mode5EL9_335">
<pin_list>
<pin id="201" dir="1" index="0" bw="1" slack="0"/>
</pin_list>
<bind>
<StgValue><ssdm name="p_ZZN4nnet24compute_output_buffer_2dINS_5arrayI8ap_fixedILi16ELi6EL9ap_q_mode5EL9_335"/></StgValue>
</bind>
</comp>

<comp id="202" class="1000" name="p_ZZN4nnet24compute_output_buffer_2dINS_5arrayI8ap_fixedILi16ELi6EL9ap_q_mode5EL9_336">
<pin_list>
<pin id="203" dir="1" index="0" bw="1" slack="0"/>
</pin_list>
<bind>
<StgValue><ssdm name="p_ZZN4nnet24compute_output_buffer_2dINS_5arrayI8ap_fixedILi16ELi6EL9ap_q_mode5EL9_336"/></StgValue>
</bind>
</comp>

<comp id="204" class="1000" name="p_ZZN4nnet24compute_output_buffer_2dINS_5arrayI8ap_fixedILi16ELi6EL9ap_q_mode5EL9_337">
<pin_list>
<pin id="205" dir="1" index="0" bw="1" slack="0"/>
</pin_list>
<bind>
<StgValue><ssdm name="p_ZZN4nnet24compute_output_buffer_2dINS_5arrayI8ap_fixedILi16ELi6EL9ap_q_mode5EL9_337"/></StgValue>
</bind>
</comp>

<comp id="206" class="1000" name="p_ZZN4nnet24compute_output_buffer_2dINS_5arrayI8ap_fixedILi16ELi6EL9ap_q_mode5EL9_338">
<pin_list>
<pin id="207" dir="1" index="0" bw="1" slack="0"/>
</pin_list>
<bind>
<StgValue><ssdm name="p_ZZN4nnet24compute_output_buffer_2dINS_5arrayI8ap_fixedILi16ELi6EL9ap_q_mode5EL9_338"/></StgValue>
</bind>
</comp>

<comp id="208" class="1000" name="p_ZZN4nnet24compute_output_buffer_2dINS_5arrayI8ap_fixedILi16ELi6EL9ap_q_mode5EL9_339">
<pin_list>
<pin id="209" dir="1" index="0" bw="1" slack="0"/>
</pin_list>
<bind>
<StgValue><ssdm name="p_ZZN4nnet24compute_output_buffer_2dINS_5arrayI8ap_fixedILi16ELi6EL9ap_q_mode5EL9_339"/></StgValue>
</bind>
</comp>

<comp id="210" class="1000" name="p_ZZN4nnet24compute_output_buffer_2dINS_5arrayI8ap_fixedILi16ELi6EL9ap_q_mode5EL9_340">
<pin_list>
<pin id="211" dir="1" index="0" bw="1" slack="0"/>
</pin_list>
<bind>
<StgValue><ssdm name="p_ZZN4nnet24compute_output_buffer_2dINS_5arrayI8ap_fixedILi16ELi6EL9ap_q_mode5EL9_340"/></StgValue>
</bind>
</comp>

<comp id="212" class="1000" name="p_ZZN4nnet24compute_output_buffer_2dINS_5arrayI8ap_fixedILi16ELi6EL9ap_q_mode5EL9_341">
<pin_list>
<pin id="213" dir="1" index="0" bw="1" slack="0"/>
</pin_list>
<bind>
<StgValue><ssdm name="p_ZZN4nnet24compute_output_buffer_2dINS_5arrayI8ap_fixedILi16ELi6EL9ap_q_mode5EL9_341"/></StgValue>
</bind>
</comp>

<comp id="214" class="1000" name="p_ZZN4nnet24compute_output_buffer_2dINS_5arrayI8ap_fixedILi16ELi6EL9ap_q_mode5EL9_342">
<pin_list>
<pin id="215" dir="1" index="0" bw="1" slack="0"/>
</pin_list>
<bind>
<StgValue><ssdm name="p_ZZN4nnet24compute_output_buffer_2dINS_5arrayI8ap_fixedILi16ELi6EL9ap_q_mode5EL9_342"/></StgValue>
</bind>
</comp>

<comp id="216" class="1000" name="p_ZZN4nnet24compute_output_buffer_2dINS_5arrayI8ap_fixedILi16ELi6EL9ap_q_mode5EL9_343">
<pin_list>
<pin id="217" dir="1" index="0" bw="1" slack="0"/>
</pin_list>
<bind>
<StgValue><ssdm name="p_ZZN4nnet24compute_output_buffer_2dINS_5arrayI8ap_fixedILi16ELi6EL9ap_q_mode5EL9_343"/></StgValue>
</bind>
</comp>

<comp id="218" class="1000" name="p_ZZN4nnet24compute_output_buffer_2dINS_5arrayI8ap_fixedILi16ELi6EL9ap_q_mode5EL9_344">
<pin_list>
<pin id="219" dir="1" index="0" bw="1" slack="0"/>
</pin_list>
<bind>
<StgValue><ssdm name="p_ZZN4nnet24compute_output_buffer_2dINS_5arrayI8ap_fixedILi16ELi6EL9ap_q_mode5EL9_344"/></StgValue>
</bind>
</comp>

<comp id="220" class="1000" name="p_ZZN4nnet24compute_output_buffer_2dINS_5arrayI8ap_fixedILi16ELi6EL9ap_q_mode5EL9_345">
<pin_list>
<pin id="221" dir="1" index="0" bw="1" slack="0"/>
</pin_list>
<bind>
<StgValue><ssdm name="p_ZZN4nnet24compute_output_buffer_2dINS_5arrayI8ap_fixedILi16ELi6EL9ap_q_mode5EL9_345"/></StgValue>
</bind>
</comp>

<comp id="222" class="1000" name="p_ZZN4nnet24compute_output_buffer_2dINS_5arrayI8ap_fixedILi16ELi6EL9ap_q_mode5EL9_346">
<pin_list>
<pin id="223" dir="1" index="0" bw="1" slack="0"/>
</pin_list>
<bind>
<StgValue><ssdm name="p_ZZN4nnet24compute_output_buffer_2dINS_5arrayI8ap_fixedILi16ELi6EL9ap_q_mode5EL9_346"/></StgValue>
</bind>
</comp>

<comp id="224" class="1000" name="p_ZZN4nnet24compute_output_buffer_2dINS_5arrayI8ap_fixedILi16ELi6EL9ap_q_mode5EL9_347">
<pin_list>
<pin id="225" dir="1" index="0" bw="1" slack="0"/>
</pin_list>
<bind>
<StgValue><ssdm name="p_ZZN4nnet24compute_output_buffer_2dINS_5arrayI8ap_fixedILi16ELi6EL9ap_q_mode5EL9_347"/></StgValue>
</bind>
</comp>

<comp id="226" class="1000" name="p_ZZN4nnet24compute_output_buffer_2dINS_5arrayI8ap_fixedILi16ELi6EL9ap_q_mode5EL9_348">
<pin_list>
<pin id="227" dir="1" index="0" bw="1" slack="0"/>
</pin_list>
<bind>
<StgValue><ssdm name="p_ZZN4nnet24compute_output_buffer_2dINS_5arrayI8ap_fixedILi16ELi6EL9ap_q_mode5EL9_348"/></StgValue>
</bind>
</comp>

<comp id="228" class="1000" name="p_ZZN4nnet24compute_output_buffer_2dINS_5arrayI8ap_fixedILi16ELi6EL9ap_q_mode5EL9_381">
<pin_list>
<pin id="229" dir="1" index="0" bw="1" slack="0"/>
</pin_list>
<bind>
<StgValue><ssdm name="p_ZZN4nnet24compute_output_buffer_2dINS_5arrayI8ap_fixedILi16ELi6EL9ap_q_mode5EL9_381"/></StgValue>
</bind>
</comp>

<comp id="230" class="1000" name="p_ZZN4nnet24compute_output_buffer_2dINS_5arrayI8ap_fixedILi16ELi6EL9ap_q_mode5EL9_382">
<pin_list>
<pin id="231" dir="1" index="0" bw="1" slack="0"/>
</pin_list>
<bind>
<StgValue><ssdm name="p_ZZN4nnet24compute_output_buffer_2dINS_5arrayI8ap_fixedILi16ELi6EL9ap_q_mode5EL9_382"/></StgValue>
</bind>
</comp>

<comp id="232" class="1000" name="p_ZZN4nnet24compute_output_buffer_2dINS_5arrayI8ap_fixedILi16ELi6EL9ap_q_mode5EL9_383">
<pin_list>
<pin id="233" dir="1" index="0" bw="1" slack="0"/>
</pin_list>
<bind>
<StgValue><ssdm name="p_ZZN4nnet24compute_output_buffer_2dINS_5arrayI8ap_fixedILi16ELi6EL9ap_q_mode5EL9_383"/></StgValue>
</bind>
</comp>

<comp id="234" class="1000" name="p_ZZN4nnet24compute_output_buffer_2dINS_5arrayI8ap_fixedILi16ELi6EL9ap_q_mode5EL9_384">
<pin_list>
<pin id="235" dir="1" index="0" bw="1" slack="0"/>
</pin_list>
<bind>
<StgValue><ssdm name="p_ZZN4nnet24compute_output_buffer_2dINS_5arrayI8ap_fixedILi16ELi6EL9ap_q_mode5EL9_384"/></StgValue>
</bind>
</comp>

<comp id="236" class="1000" name="p_ZZN4nnet24compute_output_buffer_2dINS_5arrayI8ap_fixedILi16ELi6EL9ap_q_mode5EL9_385">
<pin_list>
<pin id="237" dir="1" index="0" bw="1" slack="0"/>
</pin_list>
<bind>
<StgValue><ssdm name="p_ZZN4nnet24compute_output_buffer_2dINS_5arrayI8ap_fixedILi16ELi6EL9ap_q_mode5EL9_385"/></StgValue>
</bind>
</comp>

<comp id="238" class="1000" name="p_ZZN4nnet24compute_output_buffer_2dINS_5arrayI8ap_fixedILi16ELi6EL9ap_q_mode5EL9_386">
<pin_list>
<pin id="239" dir="1" index="0" bw="1" slack="0"/>
</pin_list>
<bind>
<StgValue><ssdm name="p_ZZN4nnet24compute_output_buffer_2dINS_5arrayI8ap_fixedILi16ELi6EL9ap_q_mode5EL9_386"/></StgValue>
</bind>
</comp>

<comp id="240" class="1000" name="p_ZZN4nnet24compute_output_buffer_2dINS_5arrayI8ap_fixedILi16ELi6EL9ap_q_mode5EL9_387">
<pin_list>
<pin id="241" dir="1" index="0" bw="1" slack="0"/>
</pin_list>
<bind>
<StgValue><ssdm name="p_ZZN4nnet24compute_output_buffer_2dINS_5arrayI8ap_fixedILi16ELi6EL9ap_q_mode5EL9_387"/></StgValue>
</bind>
</comp>

<comp id="242" class="1000" name="p_ZZN4nnet24compute_output_buffer_2dINS_5arrayI8ap_fixedILi16ELi6EL9ap_q_mode5EL9_388">
<pin_list>
<pin id="243" dir="1" index="0" bw="1" slack="0"/>
</pin_list>
<bind>
<StgValue><ssdm name="p_ZZN4nnet24compute_output_buffer_2dINS_5arrayI8ap_fixedILi16ELi6EL9ap_q_mode5EL9_388"/></StgValue>
</bind>
</comp>

<comp id="244" class="1000" name="p_ZZN4nnet24compute_output_buffer_2dINS_5arrayI8ap_fixedILi16ELi6EL9ap_q_mode5EL9_389">
<pin_list>
<pin id="245" dir="1" index="0" bw="1" slack="0"/>
</pin_list>
<bind>
<StgValue><ssdm name="p_ZZN4nnet24compute_output_buffer_2dINS_5arrayI8ap_fixedILi16ELi6EL9ap_q_mode5EL9_389"/></StgValue>
</bind>
</comp>

<comp id="246" class="1000" name="p_ZZN4nnet24compute_output_buffer_2dINS_5arrayI8ap_fixedILi16ELi6EL9ap_q_mode5EL9_390">
<pin_list>
<pin id="247" dir="1" index="0" bw="1" slack="0"/>
</pin_list>
<bind>
<StgValue><ssdm name="p_ZZN4nnet24compute_output_buffer_2dINS_5arrayI8ap_fixedILi16ELi6EL9ap_q_mode5EL9_390"/></StgValue>
</bind>
</comp>

<comp id="248" class="1000" name="p_ZZN4nnet24compute_output_buffer_2dINS_5arrayI8ap_fixedILi16ELi6EL9ap_q_mode5EL9_391">
<pin_list>
<pin id="249" dir="1" index="0" bw="1" slack="0"/>
</pin_list>
<bind>
<StgValue><ssdm name="p_ZZN4nnet24compute_output_buffer_2dINS_5arrayI8ap_fixedILi16ELi6EL9ap_q_mode5EL9_391"/></StgValue>
</bind>
</comp>

<comp id="250" class="1000" name="p_ZZN4nnet24compute_output_buffer_2dINS_5arrayI8ap_fixedILi16ELi6EL9ap_q_mode5EL9_392">
<pin_list>
<pin id="251" dir="1" index="0" bw="1" slack="0"/>
</pin_list>
<bind>
<StgValue><ssdm name="p_ZZN4nnet24compute_output_buffer_2dINS_5arrayI8ap_fixedILi16ELi6EL9ap_q_mode5EL9_392"/></StgValue>
</bind>
</comp>

<comp id="252" class="1000" name="p_ZZN4nnet24compute_output_buffer_2dINS_5arrayI8ap_fixedILi16ELi6EL9ap_q_mode5EL9_393">
<pin_list>
<pin id="253" dir="1" index="0" bw="1" slack="0"/>
</pin_list>
<bind>
<StgValue><ssdm name="p_ZZN4nnet24compute_output_buffer_2dINS_5arrayI8ap_fixedILi16ELi6EL9ap_q_mode5EL9_393"/></StgValue>
</bind>
</comp>

<comp id="254" class="1000" name="p_ZZN4nnet24compute_output_buffer_2dINS_5arrayI8ap_fixedILi16ELi6EL9ap_q_mode5EL9_394">
<pin_list>
<pin id="255" dir="1" index="0" bw="1" slack="0"/>
</pin_list>
<bind>
<StgValue><ssdm name="p_ZZN4nnet24compute_output_buffer_2dINS_5arrayI8ap_fixedILi16ELi6EL9ap_q_mode5EL9_394"/></StgValue>
</bind>
</comp>

<comp id="256" class="1000" name="p_ZZN4nnet24compute_output_buffer_2dINS_5arrayI8ap_fixedILi16ELi6EL9ap_q_mode5EL9_395">
<pin_list>
<pin id="257" dir="1" index="0" bw="1" slack="0"/>
</pin_list>
<bind>
<StgValue><ssdm name="p_ZZN4nnet24compute_output_buffer_2dINS_5arrayI8ap_fixedILi16ELi6EL9ap_q_mode5EL9_395"/></StgValue>
</bind>
</comp>

<comp id="258" class="1000" name="p_ZZN4nnet24compute_output_buffer_2dINS_5arrayI8ap_fixedILi16ELi6EL9ap_q_mode5EL9_396">
<pin_list>
<pin id="259" dir="1" index="0" bw="1" slack="0"/>
</pin_list>
<bind>
<StgValue><ssdm name="p_ZZN4nnet24compute_output_buffer_2dINS_5arrayI8ap_fixedILi16ELi6EL9ap_q_mode5EL9_396"/></StgValue>
</bind>
</comp>

<comp id="260" class="1000" name="p_ZZN4nnet24compute_output_buffer_2dINS_5arrayI8ap_fixedILi16ELi6EL9ap_q_mode5EL9_298">
<pin_list>
<pin id="261" dir="1" index="0" bw="1" slack="0"/>
</pin_list>
<bind>
<StgValue><ssdm name="p_ZZN4nnet24compute_output_buffer_2dINS_5arrayI8ap_fixedILi16ELi6EL9ap_q_mode5EL9_298"/></StgValue>
</bind>
</comp>

<comp id="262" class="1000" name="p_ZZN4nnet24compute_output_buffer_2dINS_5arrayI8ap_fixedILi16ELi6EL9ap_q_mode5EL9_299">
<pin_list>
<pin id="263" dir="1" index="0" bw="1" slack="0"/>
</pin_list>
<bind>
<StgValue><ssdm name="p_ZZN4nnet24compute_output_buffer_2dINS_5arrayI8ap_fixedILi16ELi6EL9ap_q_mode5EL9_299"/></StgValue>
</bind>
</comp>

<comp id="264" class="1000" name="p_ZZN4nnet24compute_output_buffer_2dINS_5arrayI8ap_fixedILi16ELi6EL9ap_q_mode5EL9_301">
<pin_list>
<pin id="265" dir="1" index="0" bw="1" slack="0"/>
</pin_list>
<bind>
<StgValue><ssdm name="p_ZZN4nnet24compute_output_buffer_2dINS_5arrayI8ap_fixedILi16ELi6EL9ap_q_mode5EL9_301"/></StgValue>
</bind>
</comp>

<comp id="266" class="1000" name="p_ZZN4nnet24compute_output_buffer_2dINS_5arrayI8ap_fixedILi16ELi6EL9ap_q_mode5EL9_302">
<pin_list>
<pin id="267" dir="1" index="0" bw="1" slack="0"/>
</pin_list>
<bind>
<StgValue><ssdm name="p_ZZN4nnet24compute_output_buffer_2dINS_5arrayI8ap_fixedILi16ELi6EL9ap_q_mode5EL9_302"/></StgValue>
</bind>
</comp>

<comp id="268" class="1000" name="p_ZZN4nnet24compute_output_buffer_2dINS_5arrayI8ap_fixedILi16ELi6EL9ap_q_mode5EL9_303">
<pin_list>
<pin id="269" dir="1" index="0" bw="1" slack="0"/>
</pin_list>
<bind>
<StgValue><ssdm name="p_ZZN4nnet24compute_output_buffer_2dINS_5arrayI8ap_fixedILi16ELi6EL9ap_q_mode5EL9_303"/></StgValue>
</bind>
</comp>

<comp id="270" class="1000" name="p_ZZN4nnet24compute_output_buffer_2dINS_5arrayI8ap_fixedILi16ELi6EL9ap_q_mode5EL9_304">
<pin_list>
<pin id="271" dir="1" index="0" bw="1" slack="0"/>
</pin_list>
<bind>
<StgValue><ssdm name="p_ZZN4nnet24compute_output_buffer_2dINS_5arrayI8ap_fixedILi16ELi6EL9ap_q_mode5EL9_304"/></StgValue>
</bind>
</comp>

<comp id="272" class="1000" name="p_ZZN4nnet24compute_output_buffer_2dINS_5arrayI8ap_fixedILi16ELi6EL9ap_q_mode5EL9_305">
<pin_list>
<pin id="273" dir="1" index="0" bw="1" slack="0"/>
</pin_list>
<bind>
<StgValue><ssdm name="p_ZZN4nnet24compute_output_buffer_2dINS_5arrayI8ap_fixedILi16ELi6EL9ap_q_mode5EL9_305"/></StgValue>
</bind>
</comp>

<comp id="274" class="1000" name="p_ZZN4nnet24compute_output_buffer_2dINS_5arrayI8ap_fixedILi16ELi6EL9ap_q_mode5EL9_306">
<pin_list>
<pin id="275" dir="1" index="0" bw="1" slack="0"/>
</pin_list>
<bind>
<StgValue><ssdm name="p_ZZN4nnet24compute_output_buffer_2dINS_5arrayI8ap_fixedILi16ELi6EL9ap_q_mode5EL9_306"/></StgValue>
</bind>
</comp>

<comp id="276" class="1000" name="p_ZZN4nnet24compute_output_buffer_2dINS_5arrayI8ap_fixedILi16ELi6EL9ap_q_mode5EL9_307">
<pin_list>
<pin id="277" dir="1" index="0" bw="1" slack="0"/>
</pin_list>
<bind>
<StgValue><ssdm name="p_ZZN4nnet24compute_output_buffer_2dINS_5arrayI8ap_fixedILi16ELi6EL9ap_q_mode5EL9_307"/></StgValue>
</bind>
</comp>

<comp id="278" class="1000" name="p_ZZN4nnet24compute_output_buffer_2dINS_5arrayI8ap_fixedILi16ELi6EL9ap_q_mode5EL9_308">
<pin_list>
<pin id="279" dir="1" index="0" bw="1" slack="0"/>
</pin_list>
<bind>
<StgValue><ssdm name="p_ZZN4nnet24compute_output_buffer_2dINS_5arrayI8ap_fixedILi16ELi6EL9ap_q_mode5EL9_308"/></StgValue>
</bind>
</comp>

<comp id="280" class="1000" name="p_ZZN4nnet24compute_output_buffer_2dINS_5arrayI8ap_fixedILi16ELi6EL9ap_q_mode5EL9_309">
<pin_list>
<pin id="281" dir="1" index="0" bw="1" slack="0"/>
</pin_list>
<bind>
<StgValue><ssdm name="p_ZZN4nnet24compute_output_buffer_2dINS_5arrayI8ap_fixedILi16ELi6EL9ap_q_mode5EL9_309"/></StgValue>
</bind>
</comp>

<comp id="282" class="1000" name="p_ZZN4nnet24compute_output_buffer_2dINS_5arrayI8ap_fixedILi16ELi6EL9ap_q_mode5EL9_310">
<pin_list>
<pin id="283" dir="1" index="0" bw="1" slack="0"/>
</pin_list>
<bind>
<StgValue><ssdm name="p_ZZN4nnet24compute_output_buffer_2dINS_5arrayI8ap_fixedILi16ELi6EL9ap_q_mode5EL9_310"/></StgValue>
</bind>
</comp>

<comp id="284" class="1000" name="p_ZZN4nnet24compute_output_buffer_2dINS_5arrayI8ap_fixedILi16ELi6EL9ap_q_mode5EL9_312">
<pin_list>
<pin id="285" dir="1" index="0" bw="1" slack="0"/>
</pin_list>
<bind>
<StgValue><ssdm name="p_ZZN4nnet24compute_output_buffer_2dINS_5arrayI8ap_fixedILi16ELi6EL9ap_q_mode5EL9_312"/></StgValue>
</bind>
</comp>

<comp id="286" class="1000" name="p_ZZN4nnet24compute_output_buffer_2dINS_5arrayI8ap_fixedILi16ELi6EL9ap_q_mode5EL9_313">
<pin_list>
<pin id="287" dir="1" index="0" bw="1" slack="0"/>
</pin_list>
<bind>
<StgValue><ssdm name="p_ZZN4nnet24compute_output_buffer_2dINS_5arrayI8ap_fixedILi16ELi6EL9ap_q_mode5EL9_313"/></StgValue>
</bind>
</comp>

<comp id="288" class="1000" name="p_ZZN4nnet24compute_output_buffer_2dINS_5arrayI8ap_fixedILi16ELi6EL9ap_q_mode5EL9_314">
<pin_list>
<pin id="289" dir="1" index="0" bw="1" slack="0"/>
</pin_list>
<bind>
<StgValue><ssdm name="p_ZZN4nnet24compute_output_buffer_2dINS_5arrayI8ap_fixedILi16ELi6EL9ap_q_mode5EL9_314"/></StgValue>
</bind>
</comp>

<comp id="290" class="1000" name="p_ZZN4nnet24compute_output_buffer_2dINS_5arrayI8ap_fixedILi16ELi6EL9ap_q_mode5EL9_315">
<pin_list>
<pin id="291" dir="1" index="0" bw="1" slack="0"/>
</pin_list>
<bind>
<StgValue><ssdm name="p_ZZN4nnet24compute_output_buffer_2dINS_5arrayI8ap_fixedILi16ELi6EL9ap_q_mode5EL9_315"/></StgValue>
</bind>
</comp>

<comp id="292" class="1000" name="p_ZZN4nnet25conv_2d_buffer_latency_clINS_5arrayI8ap_fixedILi16ELi6EL9ap_q_mode5EL_63">
<pin_list>
<pin id="293" dir="1" index="0" bw="1" slack="0"/>
</pin_list>
<bind>
<StgValue><ssdm name="p_ZZN4nnet25conv_2d_buffer_latency_clINS_5arrayI8ap_fixedILi16ELi6EL9ap_q_mode5EL_63"/><MemPortTyVec>2 </MemPortTyVec>
</StgValue>
</bind>
</comp>

<comp id="294" class="1000" name="p_ZZN4nnet25conv_2d_buffer_latency_clINS_5arrayI8ap_fixedILi16ELi6EL9ap_q_mode5EL_47">
<pin_list>
<pin id="295" dir="1" index="0" bw="1" slack="0"/>
</pin_list>
<bind>
<StgValue><ssdm name="p_ZZN4nnet25conv_2d_buffer_latency_clINS_5arrayI8ap_fixedILi16ELi6EL9ap_q_mode5EL_47"/><MemPortTyVec>2 </MemPortTyVec>
</StgValue>
</bind>
</comp>

<comp id="296" class="1000" name="p_ZZN4nnet25conv_2d_buffer_latency_clINS_5arrayI8ap_fixedILi16ELi6EL9ap_q_mode5EL_62">
<pin_list>
<pin id="297" dir="1" index="0" bw="1" slack="0"/>
</pin_list>
<bind>
<StgValue><ssdm name="p_ZZN4nnet25conv_2d_buffer_latency_clINS_5arrayI8ap_fixedILi16ELi6EL9ap_q_mode5EL_62"/><MemPortTyVec>2 </MemPortTyVec>
</StgValue>
</bind>
</comp>

<comp id="298" class="1000" name="p_ZZN4nnet25conv_2d_buffer_latency_clINS_5arrayI8ap_fixedILi16ELi6EL9ap_q_mode5EL_46">
<pin_list>
<pin id="299" dir="1" index="0" bw="1" slack="0"/>
</pin_list>
<bind>
<StgValue><ssdm name="p_ZZN4nnet25conv_2d_buffer_latency_clINS_5arrayI8ap_fixedILi16ELi6EL9ap_q_mode5EL_46"/><MemPortTyVec>2 </MemPortTyVec>
</StgValue>
</bind>
</comp>

<comp id="300" class="1000" name="p_ZZN4nnet25conv_2d_buffer_latency_clINS_5arrayI8ap_fixedILi16ELi6EL9ap_q_mode5EL_55">
<pin_list>
<pin id="301" dir="1" index="0" bw="1" slack="0"/>
</pin_list>
<bind>
<StgValue><ssdm name="p_ZZN4nnet25conv_2d_buffer_latency_clINS_5arrayI8ap_fixedILi16ELi6EL9ap_q_mode5EL_55"/><MemPortTyVec>2 </MemPortTyVec>
</StgValue>
</bind>
</comp>

<comp id="302" class="1000" name="p_ZZN4nnet25conv_2d_buffer_latency_clINS_5arrayI8ap_fixedILi16ELi6EL9ap_q_mode5EL_39">
<pin_list>
<pin id="303" dir="1" index="0" bw="1" slack="0"/>
</pin_list>
<bind>
<StgValue><ssdm name="p_ZZN4nnet25conv_2d_buffer_latency_clINS_5arrayI8ap_fixedILi16ELi6EL9ap_q_mode5EL_39"/><MemPortTyVec>2 </MemPortTyVec>
</StgValue>
</bind>
</comp>

<comp id="304" class="1000" name="p_ZZN4nnet25conv_2d_buffer_latency_clINS_5arrayI8ap_fixedILi16ELi6EL9ap_q_mode5EL_54">
<pin_list>
<pin id="305" dir="1" index="0" bw="1" slack="0"/>
</pin_list>
<bind>
<StgValue><ssdm name="p_ZZN4nnet25conv_2d_buffer_latency_clINS_5arrayI8ap_fixedILi16ELi6EL9ap_q_mode5EL_54"/><MemPortTyVec>2 </MemPortTyVec>
</StgValue>
</bind>
</comp>

<comp id="306" class="1000" name="p_ZZN4nnet25conv_2d_buffer_latency_clINS_5arrayI8ap_fixedILi16ELi6EL9ap_q_mode5EL_38">
<pin_list>
<pin id="307" dir="1" index="0" bw="1" slack="0"/>
</pin_list>
<bind>
<StgValue><ssdm name="p_ZZN4nnet25conv_2d_buffer_latency_clINS_5arrayI8ap_fixedILi16ELi6EL9ap_q_mode5EL_38"/><MemPortTyVec>2 </MemPortTyVec>
</StgValue>
</bind>
</comp>

<comp id="308" class="1000" name="p_ZZN4nnet25conv_2d_buffer_latency_clINS_5arrayI8ap_fixedILi16ELi6EL9ap_q_mode5EL_53">
<pin_list>
<pin id="309" dir="1" index="0" bw="1" slack="0"/>
</pin_list>
<bind>
<StgValue><ssdm name="p_ZZN4nnet25conv_2d_buffer_latency_clINS_5arrayI8ap_fixedILi16ELi6EL9ap_q_mode5EL_53"/><MemPortTyVec>2 </MemPortTyVec>
</StgValue>
</bind>
</comp>

<comp id="310" class="1000" name="p_ZZN4nnet25conv_2d_buffer_latency_clINS_5arrayI8ap_fixedILi16ELi6EL9ap_q_mode5EL_37">
<pin_list>
<pin id="311" dir="1" index="0" bw="1" slack="0"/>
</pin_list>
<bind>
<StgValue><ssdm name="p_ZZN4nnet25conv_2d_buffer_latency_clINS_5arrayI8ap_fixedILi16ELi6EL9ap_q_mode5EL_37"/><MemPortTyVec>2 </MemPortTyVec>
</StgValue>
</bind>
</comp>

<comp id="312" class="1000" name="p_ZZN4nnet25conv_2d_buffer_latency_clINS_5arrayI8ap_fixedILi16ELi6EL9ap_q_mode5EL_52">
<pin_list>
<pin id="313" dir="1" index="0" bw="1" slack="0"/>
</pin_list>
<bind>
<StgValue><ssdm name="p_ZZN4nnet25conv_2d_buffer_latency_clINS_5arrayI8ap_fixedILi16ELi6EL9ap_q_mode5EL_52"/><MemPortTyVec>2 </MemPortTyVec>
</StgValue>
</bind>
</comp>

<comp id="314" class="1000" name="p_ZZN4nnet25conv_2d_buffer_latency_clINS_5arrayI8ap_fixedILi16ELi6EL9ap_q_mode5EL_36">
<pin_list>
<pin id="315" dir="1" index="0" bw="1" slack="0"/>
</pin_list>
<bind>
<StgValue><ssdm name="p_ZZN4nnet25conv_2d_buffer_latency_clINS_5arrayI8ap_fixedILi16ELi6EL9ap_q_mode5EL_36"/><MemPortTyVec>2 </MemPortTyVec>
</StgValue>
</bind>
</comp>

<comp id="316" class="1000" name="p_ZZN4nnet25conv_2d_buffer_latency_clINS_5arrayI8ap_fixedILi16ELi6EL9ap_q_mode5EL_51">
<pin_list>
<pin id="317" dir="1" index="0" bw="1" slack="0"/>
</pin_list>
<bind>
<StgValue><ssdm name="p_ZZN4nnet25conv_2d_buffer_latency_clINS_5arrayI8ap_fixedILi16ELi6EL9ap_q_mode5EL_51"/><MemPortTyVec>2 </MemPortTyVec>
</StgValue>
</bind>
</comp>

<comp id="318" class="1000" name="p_ZZN4nnet25conv_2d_buffer_latency_clINS_5arrayI8ap_fixedILi16ELi6EL9ap_q_mode5EL_35">
<pin_list>
<pin id="319" dir="1" index="0" bw="1" slack="0"/>
</pin_list>
<bind>
<StgValue><ssdm name="p_ZZN4nnet25conv_2d_buffer_latency_clINS_5arrayI8ap_fixedILi16ELi6EL9ap_q_mode5EL_35"/><MemPortTyVec>2 </MemPortTyVec>
</StgValue>
</bind>
</comp>

<comp id="320" class="1000" name="p_ZZN4nnet25conv_2d_buffer_latency_clINS_5arrayI8ap_fixedILi16ELi6EL9ap_q_mode5EL_50">
<pin_list>
<pin id="321" dir="1" index="0" bw="1" slack="0"/>
</pin_list>
<bind>
<StgValue><ssdm name="p_ZZN4nnet25conv_2d_buffer_latency_clINS_5arrayI8ap_fixedILi16ELi6EL9ap_q_mode5EL_50"/><MemPortTyVec>2 </MemPortTyVec>
</StgValue>
</bind>
</comp>

<comp id="322" class="1000" name="p_ZZN4nnet25conv_2d_buffer_latency_clINS_5arrayI8ap_fixedILi16ELi6EL9ap_q_mode5EL_34">
<pin_list>
<pin id="323" dir="1" index="0" bw="1" slack="0"/>
</pin_list>
<bind>
<StgValue><ssdm name="p_ZZN4nnet25conv_2d_buffer_latency_clINS_5arrayI8ap_fixedILi16ELi6EL9ap_q_mode5EL_34"/><MemPortTyVec>2 </MemPortTyVec>
</StgValue>
</bind>
</comp>

<comp id="324" class="1000" name="p_ZZN4nnet25conv_2d_buffer_latency_clINS_5arrayI8ap_fixedILi16ELi6EL9ap_q_mode5EL_49">
<pin_list>
<pin id="325" dir="1" index="0" bw="1" slack="0"/>
</pin_list>
<bind>
<StgValue><ssdm name="p_ZZN4nnet25conv_2d_buffer_latency_clINS_5arrayI8ap_fixedILi16ELi6EL9ap_q_mode5EL_49"/><MemPortTyVec>2 </MemPortTyVec>
</StgValue>
</bind>
</comp>

<comp id="326" class="1000" name="p_ZZN4nnet25conv_2d_buffer_latency_clINS_5arrayI8ap_fixedILi16ELi6EL9ap_q_mode5EL_33">
<pin_list>
<pin id="327" dir="1" index="0" bw="1" slack="0"/>
</pin_list>
<bind>
<StgValue><ssdm name="p_ZZN4nnet25conv_2d_buffer_latency_clINS_5arrayI8ap_fixedILi16ELi6EL9ap_q_mode5EL_33"/><MemPortTyVec>2 </MemPortTyVec>
</StgValue>
</bind>
</comp>

<comp id="328" class="1000" name="p_ZZN4nnet25conv_2d_buffer_latency_clINS_5arrayI8ap_fixedILi16ELi6EL9ap_q_mode5EL_48">
<pin_list>
<pin id="329" dir="1" index="0" bw="1" slack="0"/>
</pin_list>
<bind>
<StgValue><ssdm name="p_ZZN4nnet25conv_2d_buffer_latency_clINS_5arrayI8ap_fixedILi16ELi6EL9ap_q_mode5EL_48"/><MemPortTyVec>2 </MemPortTyVec>
</StgValue>
</bind>
</comp>

<comp id="330" class="1000" name="p_ZZN4nnet25conv_2d_buffer_latency_clINS_5arrayI8ap_fixedILi16ELi6EL9ap_q_mode5EL_32">
<pin_list>
<pin id="331" dir="1" index="0" bw="1" slack="0"/>
</pin_list>
<bind>
<StgValue><ssdm name="p_ZZN4nnet25conv_2d_buffer_latency_clINS_5arrayI8ap_fixedILi16ELi6EL9ap_q_mode5EL_32"/><MemPortTyVec>2 </MemPortTyVec>
</StgValue>
</bind>
</comp>

<comp id="332" class="1000" name="p_ZZN4nnet25conv_2d_buffer_latency_clINS_5arrayI8ap_fixedILi16ELi6EL9ap_q_mode5EL_61">
<pin_list>
<pin id="333" dir="1" index="0" bw="1" slack="0"/>
</pin_list>
<bind>
<StgValue><ssdm name="p_ZZN4nnet25conv_2d_buffer_latency_clINS_5arrayI8ap_fixedILi16ELi6EL9ap_q_mode5EL_61"/><MemPortTyVec>2 </MemPortTyVec>
</StgValue>
</bind>
</comp>

<comp id="334" class="1000" name="p_ZZN4nnet25conv_2d_buffer_latency_clINS_5arrayI8ap_fixedILi16ELi6EL9ap_q_mode5EL_45">
<pin_list>
<pin id="335" dir="1" index="0" bw="1" slack="0"/>
</pin_list>
<bind>
<StgValue><ssdm name="p_ZZN4nnet25conv_2d_buffer_latency_clINS_5arrayI8ap_fixedILi16ELi6EL9ap_q_mode5EL_45"/><MemPortTyVec>2 </MemPortTyVec>
</StgValue>
</bind>
</comp>

<comp id="336" class="1000" name="p_ZZN4nnet25conv_2d_buffer_latency_clINS_5arrayI8ap_fixedILi16ELi6EL9ap_q_mode5EL_60">
<pin_list>
<pin id="337" dir="1" index="0" bw="1" slack="0"/>
</pin_list>
<bind>
<StgValue><ssdm name="p_ZZN4nnet25conv_2d_buffer_latency_clINS_5arrayI8ap_fixedILi16ELi6EL9ap_q_mode5EL_60"/><MemPortTyVec>2 </MemPortTyVec>
</StgValue>
</bind>
</comp>

<comp id="338" class="1000" name="p_ZZN4nnet25conv_2d_buffer_latency_clINS_5arrayI8ap_fixedILi16ELi6EL9ap_q_mode5EL_44">
<pin_list>
<pin id="339" dir="1" index="0" bw="1" slack="0"/>
</pin_list>
<bind>
<StgValue><ssdm name="p_ZZN4nnet25conv_2d_buffer_latency_clINS_5arrayI8ap_fixedILi16ELi6EL9ap_q_mode5EL_44"/><MemPortTyVec>2 </MemPortTyVec>
</StgValue>
</bind>
</comp>

<comp id="340" class="1000" name="p_ZZN4nnet25conv_2d_buffer_latency_clINS_5arrayI8ap_fixedILi16ELi6EL9ap_q_mode5EL_59">
<pin_list>
<pin id="341" dir="1" index="0" bw="1" slack="0"/>
</pin_list>
<bind>
<StgValue><ssdm name="p_ZZN4nnet25conv_2d_buffer_latency_clINS_5arrayI8ap_fixedILi16ELi6EL9ap_q_mode5EL_59"/><MemPortTyVec>2 </MemPortTyVec>
</StgValue>
</bind>
</comp>

<comp id="342" class="1000" name="p_ZZN4nnet25conv_2d_buffer_latency_clINS_5arrayI8ap_fixedILi16ELi6EL9ap_q_mode5EL_43">
<pin_list>
<pin id="343" dir="1" index="0" bw="1" slack="0"/>
</pin_list>
<bind>
<StgValue><ssdm name="p_ZZN4nnet25conv_2d_buffer_latency_clINS_5arrayI8ap_fixedILi16ELi6EL9ap_q_mode5EL_43"/><MemPortTyVec>2 </MemPortTyVec>
</StgValue>
</bind>
</comp>

<comp id="344" class="1000" name="p_ZZN4nnet25conv_2d_buffer_latency_clINS_5arrayI8ap_fixedILi16ELi6EL9ap_q_mode5EL_58">
<pin_list>
<pin id="345" dir="1" index="0" bw="1" slack="0"/>
</pin_list>
<bind>
<StgValue><ssdm name="p_ZZN4nnet25conv_2d_buffer_latency_clINS_5arrayI8ap_fixedILi16ELi6EL9ap_q_mode5EL_58"/><MemPortTyVec>2 </MemPortTyVec>
</StgValue>
</bind>
</comp>

<comp id="346" class="1000" name="p_ZZN4nnet25conv_2d_buffer_latency_clINS_5arrayI8ap_fixedILi16ELi6EL9ap_q_mode5EL_42">
<pin_list>
<pin id="347" dir="1" index="0" bw="1" slack="0"/>
</pin_list>
<bind>
<StgValue><ssdm name="p_ZZN4nnet25conv_2d_buffer_latency_clINS_5arrayI8ap_fixedILi16ELi6EL9ap_q_mode5EL_42"/><MemPortTyVec>2 </MemPortTyVec>
</StgValue>
</bind>
</comp>

<comp id="348" class="1000" name="p_ZZN4nnet25conv_2d_buffer_latency_clINS_5arrayI8ap_fixedILi16ELi6EL9ap_q_mode5EL_57">
<pin_list>
<pin id="349" dir="1" index="0" bw="1" slack="0"/>
</pin_list>
<bind>
<StgValue><ssdm name="p_ZZN4nnet25conv_2d_buffer_latency_clINS_5arrayI8ap_fixedILi16ELi6EL9ap_q_mode5EL_57"/><MemPortTyVec>2 </MemPortTyVec>
</StgValue>
</bind>
</comp>

<comp id="350" class="1000" name="p_ZZN4nnet25conv_2d_buffer_latency_clINS_5arrayI8ap_fixedILi16ELi6EL9ap_q_mode5EL_41">
<pin_list>
<pin id="351" dir="1" index="0" bw="1" slack="0"/>
</pin_list>
<bind>
<StgValue><ssdm name="p_ZZN4nnet25conv_2d_buffer_latency_clINS_5arrayI8ap_fixedILi16ELi6EL9ap_q_mode5EL_41"/><MemPortTyVec>2 </MemPortTyVec>
</StgValue>
</bind>
</comp>

<comp id="352" class="1000" name="p_ZZN4nnet25conv_2d_buffer_latency_clINS_5arrayI8ap_fixedILi16ELi6EL9ap_q_mode5EL_56">
<pin_list>
<pin id="353" dir="1" index="0" bw="1" slack="0"/>
</pin_list>
<bind>
<StgValue><ssdm name="p_ZZN4nnet25conv_2d_buffer_latency_clINS_5arrayI8ap_fixedILi16ELi6EL9ap_q_mode5EL_56"/><MemPortTyVec>2 </MemPortTyVec>
</StgValue>
</bind>
</comp>

<comp id="354" class="1000" name="p_ZZN4nnet25conv_2d_buffer_latency_clINS_5arrayI8ap_fixedILi16ELi6EL9ap_q_mode5EL_40">
<pin_list>
<pin id="355" dir="1" index="0" bw="1" slack="0"/>
</pin_list>
<bind>
<StgValue><ssdm name="p_ZZN4nnet25conv_2d_buffer_latency_clINS_5arrayI8ap_fixedILi16ELi6EL9ap_q_mode5EL_40"/><MemPortTyVec>2 </MemPortTyVec>
</StgValue>
</bind>
</comp>

<comp id="356" class="1000" name="sX_5">
<pin_list>
<pin id="357" dir="1" index="0" bw="1" slack="0"/>
</pin_list>
<bind>
<StgValue><ssdm name="sX_5"/></StgValue>
</bind>
</comp>

<comp id="358" class="1000" name="sY_5">
<pin_list>
<pin id="359" dir="1" index="0" bw="1" slack="0"/>
</pin_list>
<bind>
<StgValue><ssdm name="sY_5"/></StgValue>
</bind>
</comp>

<comp id="360" class="1000" name="pY_5">
<pin_list>
<pin id="361" dir="1" index="0" bw="1" slack="0"/>
</pin_list>
<bind>
<StgValue><ssdm name="pY_5"/></StgValue>
</bind>
</comp>

<comp id="362" class="1000" name="pX_5">
<pin_list>
<pin id="363" dir="1" index="0" bw="1" slack="0"/>
</pin_list>
<bind>
<StgValue><ssdm name="pX_5"/></StgValue>
</bind>
</comp>

<comp id="364" class="1001" name="const_364">
<pin_list>
<pin id="365" dir="1" index="0" bw="1" slack="0"/>
</pin_list>
<bind>
<StgValue><ssdm name=""/></StgValue>
</bind>
</comp>

<comp id="366" class="1001" name="const_366">
<pin_list>
<pin id="367" dir="1" index="0" bw="1" slack="2147483647"/>
</pin_list>
<bind>
<StgValue><ssdm name="_ssdm_op_SpecInterface"/></StgValue>
</bind>
</comp>

<comp id="368" class="1001" name="const_368">
<pin_list>
<pin id="369" dir="1" index="0" bw="1" slack="2147483647"/>
</pin_list>
<bind>
<StgValue><ssdm name="empty_3"/></StgValue>
</bind>
</comp>

<comp id="370" class="1001" name="const_370">
<pin_list>
<pin id="371" dir="1" index="0" bw="1" slack="2147483647"/>
</pin_list>
<bind>
<StgValue><ssdm name=""/></StgValue>
</bind>
</comp>

<comp id="372" class="1001" name="const_372">
<pin_list>
<pin id="373" dir="1" index="0" bw="1" slack="2147483647"/>
</pin_list>
<bind>
<StgValue><ssdm name="empty_2"/></StgValue>
</bind>
</comp>

<comp id="374" class="1001" name="const_374">
<pin_list>
<pin id="375" dir="1" index="0" bw="1" slack="2147483647"/>
</pin_list>
<bind>
<StgValue><ssdm name=""/></StgValue>
</bind>
</comp>

<comp id="376" class="1001" name="const_376">
<pin_list>
<pin id="377" dir="1" index="0" bw="1" slack="0"/>
</pin_list>
<bind>
<StgValue><ssdm name=""/></StgValue>
</bind>
</comp>

<comp id="378" class="1001" name="const_378">
<pin_list>
<pin id="379" dir="1" index="0" bw="1" slack="0"/>
</pin_list>
<bind>
<StgValue><ssdm name=""/></StgValue>
</bind>
</comp>

<comp id="380" class="1001" name="const_380">
<pin_list>
<pin id="381" dir="1" index="0" bw="1" slack="0"/>
</pin_list>
<bind>
<StgValue><ssdm name=""/></StgValue>
</bind>
</comp>

<comp id="382" class="1001" name="const_382">
<pin_list>
<pin id="383" dir="1" index="0" bw="1" slack="0"/>
</pin_list>
<bind>
<StgValue><ssdm name="_ssdm_op_Read.ap_fifo.volatile.i256P0A"/></StgValue>
</bind>
</comp>

<comp id="384" class="1001" name="const_384">
<pin_list>
<pin id="385" dir="1" index="0" bw="1" slack="0"/>
</pin_list>
<bind>
<StgValue><ssdm name="_ssdm_op_PartSelect.i16.i256.i32.i32"/></StgValue>
</bind>
</comp>

<comp id="386" class="1001" name="const_386">
<pin_list>
<pin id="387" dir="1" index="0" bw="1" slack="0"/>
</pin_list>
<bind>
<StgValue><ssdm name=""/></StgValue>
</bind>
</comp>

<comp id="388" class="1001" name="const_388">
<pin_list>
<pin id="389" dir="1" index="0" bw="1" slack="0"/>
</pin_list>
<bind>
<StgValue><ssdm name=""/></StgValue>
</bind>
</comp>

<comp id="390" class="1001" name="const_390">
<pin_list>
<pin id="391" dir="1" index="0" bw="1" slack="0"/>
</pin_list>
<bind>
<StgValue><ssdm name=""/></StgValue>
</bind>
</comp>

<comp id="392" class="1001" name="const_392">
<pin_list>
<pin id="393" dir="1" index="0" bw="1" slack="0"/>
</pin_list>
<bind>
<StgValue><ssdm name=""/></StgValue>
</bind>
</comp>

<comp id="394" class="1001" name="const_394">
<pin_list>
<pin id="395" dir="1" index="0" bw="1" slack="0"/>
</pin_list>
<bind>
<StgValue><ssdm name=""/></StgValue>
</bind>
</comp>

<comp id="396" class="1001" name="const_396">
<pin_list>
<pin id="397" dir="1" index="0" bw="1" slack="0"/>
</pin_list>
<bind>
<StgValue><ssdm name=""/></StgValue>
</bind>
</comp>

<comp id="398" class="1001" name="const_398">
<pin_list>
<pin id="399" dir="1" index="0" bw="1" slack="0"/>
</pin_list>
<bind>
<StgValue><ssdm name=""/></StgValue>
</bind>
</comp>

<comp id="400" class="1001" name="const_400">
<pin_list>
<pin id="401" dir="1" index="0" bw="1" slack="0"/>
</pin_list>
<bind>
<StgValue><ssdm name=""/></StgValue>
</bind>
</comp>

<comp id="402" class="1001" name="const_402">
<pin_list>
<pin id="403" dir="1" index="0" bw="1" slack="0"/>
</pin_list>
<bind>
<StgValue><ssdm name=""/></StgValue>
</bind>
</comp>

<comp id="404" class="1001" name="const_404">
<pin_list>
<pin id="405" dir="1" index="0" bw="1" slack="0"/>
</pin_list>
<bind>
<StgValue><ssdm name=""/></StgValue>
</bind>
</comp>

<comp id="406" class="1001" name="const_406">
<pin_list>
<pin id="407" dir="1" index="0" bw="1" slack="0"/>
</pin_list>
<bind>
<StgValue><ssdm name=""/></StgValue>
</bind>
</comp>

<comp id="408" class="1001" name="const_408">
<pin_list>
<pin id="409" dir="1" index="0" bw="1" slack="0"/>
</pin_list>
<bind>
<StgValue><ssdm name=""/></StgValue>
</bind>
</comp>

<comp id="410" class="1001" name="const_410">
<pin_list>
<pin id="411" dir="1" index="0" bw="1" slack="0"/>
</pin_list>
<bind>
<StgValue><ssdm name=""/></StgValue>
</bind>
</comp>

<comp id="412" class="1001" name="const_412">
<pin_list>
<pin id="413" dir="1" index="0" bw="1" slack="0"/>
</pin_list>
<bind>
<StgValue><ssdm name=""/></StgValue>
</bind>
</comp>

<comp id="414" class="1001" name="const_414">
<pin_list>
<pin id="415" dir="1" index="0" bw="1" slack="0"/>
</pin_list>
<bind>
<StgValue><ssdm name=""/></StgValue>
</bind>
</comp>

<comp id="416" class="1001" name="const_416">
<pin_list>
<pin id="417" dir="1" index="0" bw="1" slack="0"/>
</pin_list>
<bind>
<StgValue><ssdm name=""/></StgValue>
</bind>
</comp>

<comp id="418" class="1001" name="const_418">
<pin_list>
<pin id="419" dir="1" index="0" bw="1" slack="0"/>
</pin_list>
<bind>
<StgValue><ssdm name=""/></StgValue>
</bind>
</comp>

<comp id="420" class="1001" name="const_420">
<pin_list>
<pin id="421" dir="1" index="0" bw="1" slack="0"/>
</pin_list>
<bind>
<StgValue><ssdm name=""/></StgValue>
</bind>
</comp>

<comp id="422" class="1001" name="const_422">
<pin_list>
<pin id="423" dir="1" index="0" bw="1" slack="0"/>
</pin_list>
<bind>
<StgValue><ssdm name=""/></StgValue>
</bind>
</comp>

<comp id="424" class="1001" name="const_424">
<pin_list>
<pin id="425" dir="1" index="0" bw="1" slack="0"/>
</pin_list>
<bind>
<StgValue><ssdm name=""/></StgValue>
</bind>
</comp>

<comp id="426" class="1001" name="const_426">
<pin_list>
<pin id="427" dir="1" index="0" bw="1" slack="0"/>
</pin_list>
<bind>
<StgValue><ssdm name=""/></StgValue>
</bind>
</comp>

<comp id="428" class="1001" name="const_428">
<pin_list>
<pin id="429" dir="1" index="0" bw="1" slack="0"/>
</pin_list>
<bind>
<StgValue><ssdm name=""/></StgValue>
</bind>
</comp>

<comp id="430" class="1001" name="const_430">
<pin_list>
<pin id="431" dir="1" index="0" bw="1" slack="0"/>
</pin_list>
<bind>
<StgValue><ssdm name=""/></StgValue>
</bind>
</comp>

<comp id="432" class="1001" name="const_432">
<pin_list>
<pin id="433" dir="1" index="0" bw="1" slack="0"/>
</pin_list>
<bind>
<StgValue><ssdm name=""/></StgValue>
</bind>
</comp>

<comp id="434" class="1001" name="const_434">
<pin_list>
<pin id="435" dir="1" index="0" bw="1" slack="0"/>
</pin_list>
<bind>
<StgValue><ssdm name=""/></StgValue>
</bind>
</comp>

<comp id="436" class="1001" name="const_436">
<pin_list>
<pin id="437" dir="1" index="0" bw="1" slack="0"/>
</pin_list>
<bind>
<StgValue><ssdm name=""/></StgValue>
</bind>
</comp>

<comp id="438" class="1001" name="const_438">
<pin_list>
<pin id="439" dir="1" index="0" bw="1" slack="0"/>
</pin_list>
<bind>
<StgValue><ssdm name=""/></StgValue>
</bind>
</comp>

<comp id="440" class="1001" name="const_440">
<pin_list>
<pin id="441" dir="1" index="0" bw="1" slack="0"/>
</pin_list>
<bind>
<StgValue><ssdm name=""/></StgValue>
</bind>
</comp>

<comp id="442" class="1001" name="const_442">
<pin_list>
<pin id="443" dir="1" index="0" bw="1" slack="0"/>
</pin_list>
<bind>
<StgValue><ssdm name=""/></StgValue>
</bind>
</comp>

<comp id="444" class="1001" name="const_444">
<pin_list>
<pin id="445" dir="1" index="0" bw="1" slack="0"/>
</pin_list>
<bind>
<StgValue><ssdm name=""/></StgValue>
</bind>
</comp>

<comp id="446" class="1001" name="const_446">
<pin_list>
<pin id="447" dir="1" index="0" bw="1" slack="0"/>
</pin_list>
<bind>
<StgValue><ssdm name="compute_output_buffer_2d<array,array<ap_fixed<41,21,5,3,0>,16u>,config7>"/></StgValue>
</bind>
</comp>

<comp id="448" class="1001" name="const_448">
<pin_list>
<pin id="449" dir="1" index="0" bw="1" slack="2147483647"/>
</pin_list>
<bind>
<StgValue><ssdm name="_ssdm_op_SpecLoopName"/></StgValue>
</bind>
</comp>

<comp id="450" class="1001" name="const_450">
<pin_list>
<pin id="451" dir="1" index="0" bw="1" slack="2147483647"/>
</pin_list>
<bind>
<StgValue><ssdm name="ReadInputHeight_ReadInputWidth_str"/></StgValue>
</bind>
</comp>

<comp id="452" class="1001" name="const_452">
<pin_list>
<pin id="453" dir="1" index="0" bw="1" slack="2147483647"/>
</pin_list>
<bind>
<StgValue><ssdm name="_ssdm_op_SpecLoopTripCount"/></StgValue>
</bind>
</comp>

<comp id="454" class="1001" name="const_454">
<pin_list>
<pin id="455" dir="1" index="0" bw="1" slack="2147483647"/>
</pin_list>
<bind>
<StgValue><ssdm name=""/></StgValue>
</bind>
</comp>

<comp id="456" class="1001" name="const_456">
<pin_list>
<pin id="457" dir="1" index="0" bw="1" slack="2147483647"/>
</pin_list>
<bind>
<StgValue><ssdm name="_ssdm_op_SpecPipeline"/></StgValue>
</bind>
</comp>

<comp id="458" class="1004" name="indvar_flatten_fu_458">
<pin_list>
<pin id="459" dir="0" index="0" bw="1" slack="0"/>
<pin id="460" dir="1" index="1" bw="13" slack="0"/>
</pin_list>
<bind>
<opcode="alloca(26) " fcode="alloca"/>
<opset="indvar_flatten/1 "/>
</bind>
</comp>

<comp id="462" class="1004" name="layer14_out_read_read_fu_462">
<pin_list>
<pin id="463" dir="0" index="0" bw="256" slack="0"/>
<pin id="464" dir="0" index="1" bw="256" slack="0"/>
<pin id="465" dir="1" index="2" bw="256" slack="0"/>
</pin_list>
<bind>
<opcode="read(1150) " fcode="read"/>
<opset="layer14_out_read/2 "/>
</bind>
</comp>

<comp id="468" class="1004" name="grp_compute_output_buffer_2d_array_array_ap_fixed_41_21_5_3_0_16u_config7_s_fu_468">
<pin_list>
<pin id="469" dir="0" index="0" bw="0" slack="0"/>
<pin id="470" dir="0" index="1" bw="16" slack="0"/>
<pin id="471" dir="0" index="2" bw="16" slack="0"/>
<pin id="472" dir="0" index="3" bw="16" slack="0"/>
<pin id="473" dir="0" index="4" bw="16" slack="0"/>
<pin id="474" dir="0" index="5" bw="16" slack="0"/>
<pin id="475" dir="0" index="6" bw="16" slack="0"/>
<pin id="476" dir="0" index="7" bw="16" slack="0"/>
<pin id="477" dir="0" index="8" bw="16" slack="0"/>
<pin id="478" dir="0" index="9" bw="16" slack="0"/>
<pin id="479" dir="0" index="10" bw="16" slack="0"/>
<pin id="480" dir="0" index="11" bw="16" slack="0"/>
<pin id="481" dir="0" index="12" bw="16" slack="0"/>
<pin id="482" dir="0" index="13" bw="16" slack="0"/>
<pin id="483" dir="0" index="14" bw="16" slack="0"/>
<pin id="484" dir="0" index="15" bw="16" slack="0"/>
<pin id="485" dir="0" index="16" bw="16" slack="0"/>
<pin id="486" dir="0" index="17" bw="656" slack="0"/>
<pin id="487" dir="0" index="18" bw="16" slack="0"/>
<pin id="488" dir="0" index="19" bw="16" slack="0"/>
<pin id="489" dir="0" index="20" bw="16" slack="0"/>
<pin id="490" dir="0" index="21" bw="16" slack="0"/>
<pin id="491" dir="0" index="22" bw="16" slack="0"/>
<pin id="492" dir="0" index="23" bw="16" slack="0"/>
<pin id="493" dir="0" index="24" bw="16" slack="0"/>
<pin id="494" dir="0" index="25" bw="16" slack="0"/>
<pin id="495" dir="0" index="26" bw="16" slack="0"/>
<pin id="496" dir="0" index="27" bw="16" slack="0"/>
<pin id="497" dir="0" index="28" bw="16" slack="0"/>
<pin id="498" dir="0" index="29" bw="16" slack="0"/>
<pin id="499" dir="0" index="30" bw="16" slack="0"/>
<pin id="500" dir="0" index="31" bw="16" slack="0"/>
<pin id="501" dir="0" index="32" bw="16" slack="0"/>
<pin id="502" dir="0" index="33" bw="16" slack="0"/>
<pin id="503" dir="0" index="34" bw="16" slack="0"/>
<pin id="504" dir="0" index="35" bw="16" slack="0"/>
<pin id="505" dir="0" index="36" bw="16" slack="0"/>
<pin id="506" dir="0" index="37" bw="16" slack="0"/>
<pin id="507" dir="0" index="38" bw="16" slack="0"/>
<pin id="508" dir="0" index="39" bw="16" slack="0"/>
<pin id="509" dir="0" index="40" bw="16" slack="0"/>
<pin id="510" dir="0" index="41" bw="16" slack="0"/>
<pin id="511" dir="0" index="42" bw="16" slack="0"/>
<pin id="512" dir="0" index="43" bw="16" slack="0"/>
<pin id="513" dir="0" index="44" bw="16" slack="0"/>
<pin id="514" dir="0" index="45" bw="16" slack="0"/>
<pin id="515" dir="0" index="46" bw="16" slack="0"/>
<pin id="516" dir="0" index="47" bw="16" slack="0"/>
<pin id="517" dir="0" index="48" bw="16" slack="0"/>
<pin id="518" dir="0" index="49" bw="16" slack="0"/>
<pin id="519" dir="0" index="50" bw="16" slack="0"/>
<pin id="520" dir="0" index="51" bw="16" slack="0"/>
<pin id="521" dir="0" index="52" bw="16" slack="0"/>
<pin id="522" dir="0" index="53" bw="16" slack="0"/>
<pin id="523" dir="0" index="54" bw="16" slack="0"/>
<pin id="524" dir="0" index="55" bw="16" slack="0"/>
<pin id="525" dir="0" index="56" bw="16" slack="0"/>
<pin id="526" dir="0" index="57" bw="16" slack="0"/>
<pin id="527" dir="0" index="58" bw="16" slack="0"/>
<pin id="528" dir="0" index="59" bw="16" slack="0"/>
<pin id="529" dir="0" index="60" bw="16" slack="0"/>
<pin id="530" dir="0" index="61" bw="16" slack="0"/>
<pin id="531" dir="0" index="62" bw="16" slack="0"/>
<pin id="532" dir="0" index="63" bw="16" slack="0"/>
<pin id="533" dir="0" index="64" bw="16" slack="0"/>
<pin id="534" dir="0" index="65" bw="16" slack="0"/>
<pin id="535" dir="0" index="66" bw="16" slack="0"/>
<pin id="536" dir="0" index="67" bw="16" slack="0"/>
<pin id="537" dir="0" index="68" bw="16" slack="0"/>
<pin id="538" dir="0" index="69" bw="16" slack="0"/>
<pin id="539" dir="0" index="70" bw="16" slack="0"/>
<pin id="540" dir="0" index="71" bw="16" slack="0"/>
<pin id="541" dir="0" index="72" bw="16" slack="0"/>
<pin id="542" dir="0" index="73" bw="16" slack="0"/>
<pin id="543" dir="0" index="74" bw="16" slack="0"/>
<pin id="544" dir="0" index="75" bw="16" slack="0"/>
<pin id="545" dir="0" index="76" bw="16" slack="0"/>
<pin id="546" dir="0" index="77" bw="16" slack="0"/>
<pin id="547" dir="0" index="78" bw="16" slack="0"/>
<pin id="548" dir="0" index="79" bw="16" slack="0"/>
<pin id="549" dir="0" index="80" bw="16" slack="0"/>
<pin id="550" dir="0" index="81" bw="16" slack="0"/>
<pin id="551" dir="0" index="82" bw="16" slack="0"/>
<pin id="552" dir="0" index="83" bw="16" slack="0"/>
<pin id="553" dir="0" index="84" bw="16" slack="0"/>
<pin id="554" dir="0" index="85" bw="16" slack="0"/>
<pin id="555" dir="0" index="86" bw="16" slack="0"/>
<pin id="556" dir="0" index="87" bw="16" slack="0"/>
<pin id="557" dir="0" index="88" bw="16" slack="0"/>
<pin id="558" dir="0" index="89" bw="16" slack="0"/>
<pin id="559" dir="0" index="90" bw="16" slack="0"/>
<pin id="560" dir="0" index="91" bw="16" slack="0"/>
<pin id="561" dir="0" index="92" bw="16" slack="0"/>
<pin id="562" dir="0" index="93" bw="16" slack="0"/>
<pin id="563" dir="0" index="94" bw="16" slack="0"/>
<pin id="564" dir="0" index="95" bw="16" slack="0"/>
<pin id="565" dir="0" index="96" bw="16" slack="0"/>
<pin id="566" dir="0" index="97" bw="16" slack="0"/>
<pin id="567" dir="0" index="98" bw="16" slack="0"/>
<pin id="568" dir="0" index="99" bw="16" slack="0"/>
<pin id="569" dir="0" index="100" bw="16" slack="0"/>
<pin id="570" dir="0" index="101" bw="16" slack="0"/>
<pin id="571" dir="0" index="102" bw="16" slack="0"/>
<pin id="572" dir="0" index="103" bw="16" slack="0"/>
<pin id="573" dir="0" index="104" bw="16" slack="0"/>
<pin id="574" dir="0" index="105" bw="16" slack="0"/>
<pin id="575" dir="0" index="106" bw="16" slack="0"/>
<pin id="576" dir="0" index="107" bw="16" slack="0"/>
<pin id="577" dir="0" index="108" bw="16" slack="0"/>
<pin id="578" dir="0" index="109" bw="16" slack="0"/>
<pin id="579" dir="0" index="110" bw="16" slack="0"/>
<pin id="580" dir="0" index="111" bw="16" slack="0"/>
<pin id="581" dir="0" index="112" bw="16" slack="0"/>
<pin id="582" dir="0" index="113" bw="16" slack="0"/>
<pin id="583" dir="0" index="114" bw="16" slack="0"/>
<pin id="584" dir="0" index="115" bw="16" slack="0"/>
<pin id="585" dir="0" index="116" bw="16" slack="0"/>
<pin id="586" dir="0" index="117" bw="16" slack="0"/>
<pin id="587" dir="0" index="118" bw="16" slack="0"/>
<pin id="588" dir="0" index="119" bw="16" slack="0"/>
<pin id="589" dir="0" index="120" bw="16" slack="0"/>
<pin id="590" dir="0" index="121" bw="16" slack="0"/>
<pin id="591" dir="0" index="122" bw="16" slack="0"/>
<pin id="592" dir="0" index="123" bw="16" slack="0"/>
<pin id="593" dir="0" index="124" bw="16" slack="0"/>
<pin id="594" dir="0" index="125" bw="16" slack="0"/>
<pin id="595" dir="0" index="126" bw="16" slack="0"/>
<pin id="596" dir="0" index="127" bw="16" slack="0"/>
<pin id="597" dir="0" index="128" bw="16" slack="0"/>
<pin id="598" dir="0" index="129" bw="16" slack="0"/>
<pin id="599" dir="0" index="130" bw="16" slack="0"/>
<pin id="600" dir="0" index="131" bw="16" slack="0"/>
<pin id="601" dir="0" index="132" bw="16" slack="0"/>
<pin id="602" dir="0" index="133" bw="16" slack="0"/>
<pin id="603" dir="0" index="134" bw="16" slack="0"/>
<pin id="604" dir="0" index="135" bw="16" slack="0"/>
<pin id="605" dir="0" index="136" bw="16" slack="0"/>
<pin id="606" dir="0" index="137" bw="16" slack="0"/>
<pin id="607" dir="0" index="138" bw="16" slack="0"/>
<pin id="608" dir="0" index="139" bw="16" slack="0"/>
<pin id="609" dir="0" index="140" bw="16" slack="0"/>
<pin id="610" dir="0" index="141" bw="16" slack="0"/>
<pin id="611" dir="0" index="142" bw="16" slack="0"/>
<pin id="612" dir="0" index="143" bw="16" slack="0"/>
<pin id="613" dir="0" index="144" bw="16" slack="0"/>
<pin id="614" dir="0" index="145" bw="16" slack="0"/>
<pin id="615" dir="0" index="146" bw="16" slack="0"/>
<pin id="616" dir="0" index="147" bw="16" slack="0"/>
<pin id="617" dir="0" index="148" bw="16" slack="0"/>
<pin id="618" dir="0" index="149" bw="16" slack="0"/>
<pin id="619" dir="0" index="150" bw="16" slack="0"/>
<pin id="620" dir="0" index="151" bw="16" slack="0"/>
<pin id="621" dir="0" index="152" bw="16" slack="0"/>
<pin id="622" dir="0" index="153" bw="16" slack="0"/>
<pin id="623" dir="0" index="154" bw="16" slack="0"/>
<pin id="624" dir="0" index="155" bw="16" slack="0"/>
<pin id="625" dir="0" index="156" bw="16" slack="0"/>
<pin id="626" dir="0" index="157" bw="16" slack="0"/>
<pin id="627" dir="0" index="158" bw="16" slack="0"/>
<pin id="628" dir="0" index="159" bw="16" slack="0"/>
<pin id="629" dir="0" index="160" bw="16" slack="0"/>
<pin id="630" dir="0" index="161" bw="16" slack="0"/>
<pin id="631" dir="0" index="162" bw="16" slack="0"/>
<pin id="632" dir="0" index="163" bw="16" slack="0"/>
<pin id="633" dir="0" index="164" bw="16" slack="0"/>
<pin id="634" dir="0" index="165" bw="16" slack="0"/>
<pin id="635" dir="0" index="166" bw="16" slack="0"/>
<pin id="636" dir="0" index="167" bw="16" slack="0"/>
<pin id="637" dir="0" index="168" bw="16" slack="0"/>
<pin id="638" dir="0" index="169" bw="16" slack="0"/>
<pin id="639" dir="0" index="170" bw="16" slack="0"/>
<pin id="640" dir="0" index="171" bw="16" slack="0"/>
<pin id="641" dir="0" index="172" bw="16" slack="0"/>
<pin id="642" dir="0" index="173" bw="16" slack="0"/>
<pin id="643" dir="0" index="174" bw="16" slack="0"/>
<pin id="644" dir="0" index="175" bw="16" slack="0"/>
<pin id="645" dir="0" index="176" bw="16" slack="0"/>
<pin id="646" dir="0" index="177" bw="16" slack="0"/>
<pin id="647" dir="0" index="178" bw="16" slack="0"/>
<pin id="648" dir="0" index="179" bw="16" slack="0"/>
<pin id="649" dir="0" index="180" bw="16" slack="0"/>
<pin id="650" dir="0" index="181" bw="16" slack="0"/>
<pin id="651" dir="0" index="182" bw="16" slack="0"/>
<pin id="652" dir="0" index="183" bw="16" slack="0"/>
<pin id="653" dir="0" index="184" bw="16" slack="0"/>
<pin id="654" dir="0" index="185" bw="16" slack="0"/>
<pin id="655" dir="0" index="186" bw="16" slack="0"/>
<pin id="656" dir="0" index="187" bw="16" slack="0"/>
<pin id="657" dir="0" index="188" bw="16" slack="0"/>
<pin id="658" dir="0" index="189" bw="16" slack="0"/>
<pin id="659" dir="0" index="190" bw="16" slack="0"/>
<pin id="660" dir="0" index="191" bw="16" slack="0"/>
<pin id="661" dir="0" index="192" bw="16" slack="0"/>
<pin id="662" dir="0" index="193" bw="16" slack="0"/>
<pin id="663" dir="0" index="194" bw="32" slack="0"/>
<pin id="664" dir="0" index="195" bw="32" slack="0"/>
<pin id="665" dir="0" index="196" bw="32" slack="0"/>
<pin id="666" dir="0" index="197" bw="32" slack="0"/>
<pin id="667" dir="1" index="198" bw="0" slack="2147483647"/>
</pin_list>
<bind>
<opcode="call(48) " fcode="call"/>
<opset="call_ln32/2 "/>
</bind>
</comp>

<comp id="850" class="1004" name="store_ln0_store_fu_850">
<pin_list>
<pin id="851" dir="0" index="0" bw="1" slack="0"/>
<pin id="852" dir="0" index="1" bw="13" slack="0"/>
<pin id="853" dir="1" index="2" bw="0" slack="2147483647"/>
</pin_list>
<bind>
<opcode="store(28) " fcode="store"/>
<opset="store_ln0/1 "/>
</bind>
</comp>

<comp id="855" class="1004" name="indvar_flatten_load_load_fu_855">
<pin_list>
<pin id="856" dir="0" index="0" bw="13" slack="0"/>
<pin id="857" dir="1" index="1" bw="13" slack="0"/>
</pin_list>
<bind>
<opcode="load(27) " fcode="load"/>
<opset="indvar_flatten_load/1 "/>
</bind>
</comp>

<comp id="858" class="1004" name="icmp_ln25_fu_858">
<pin_list>
<pin id="859" dir="0" index="0" bw="13" slack="0"/>
<pin id="860" dir="0" index="1" bw="13" slack="0"/>
<pin id="861" dir="1" index="2" bw="1" slack="1"/>
</pin_list>
<bind>
<opcode="icmp(45) " fcode="icmp"/>
<opset="icmp_ln25/1 "/>
</bind>
</comp>

<comp id="864" class="1004" name="add_ln25_fu_864">
<pin_list>
<pin id="865" dir="0" index="0" bw="13" slack="0"/>
<pin id="866" dir="0" index="1" bw="1" slack="0"/>
<pin id="867" dir="1" index="2" bw="13" slack="0"/>
</pin_list>
<bind>
<opcode="add(8) " fcode="add"/>
<opset="add_ln25/1 "/>
</bind>
</comp>

<comp id="870" class="1004" name="store_ln25_store_fu_870">
<pin_list>
<pin id="871" dir="0" index="0" bw="13" slack="0"/>
<pin id="872" dir="0" index="1" bw="13" slack="0"/>
<pin id="873" dir="1" index="2" bw="0" slack="2147483647"/>
</pin_list>
<bind>
<opcode="store(28) " fcode="store"/>
<opset="store_ln25/1 "/>
</bind>
</comp>

<comp id="875" class="1004" name="trunc_ln32_fu_875">
<pin_list>
<pin id="876" dir="0" index="0" bw="256" slack="0"/>
<pin id="877" dir="1" index="1" bw="16" slack="0"/>
</pin_list>
<bind>
<opcode="trunc(33) " fcode="trunc"/>
<opset="trunc_ln32/2 "/>
</bind>
</comp>

<comp id="880" class="1004" name="trunc_ln32_s_fu_880">
<pin_list>
<pin id="881" dir="0" index="0" bw="16" slack="0"/>
<pin id="882" dir="0" index="1" bw="256" slack="0"/>
<pin id="883" dir="0" index="2" bw="6" slack="0"/>
<pin id="884" dir="0" index="3" bw="6" slack="0"/>
<pin id="885" dir="1" index="4" bw="16" slack="0"/>
</pin_list>
<bind>
<opcode="partselect(1002) " fcode="partselect"/>
<opset="trunc_ln32_s/2 "/>
</bind>
</comp>

<comp id="891" class="1004" name="trunc_ln32_15_fu_891">
<pin_list>
<pin id="892" dir="0" index="0" bw="16" slack="0"/>
<pin id="893" dir="0" index="1" bw="256" slack="0"/>
<pin id="894" dir="0" index="2" bw="7" slack="0"/>
<pin id="895" dir="0" index="3" bw="7" slack="0"/>
<pin id="896" dir="1" index="4" bw="16" slack="0"/>
</pin_list>
<bind>
<opcode="partselect(1002) " fcode="partselect"/>
<opset="trunc_ln32_15/2 "/>
</bind>
</comp>

<comp id="902" class="1004" name="trunc_ln32_16_fu_902">
<pin_list>
<pin id="903" dir="0" index="0" bw="16" slack="0"/>
<pin id="904" dir="0" index="1" bw="256" slack="0"/>
<pin id="905" dir="0" index="2" bw="7" slack="0"/>
<pin id="906" dir="0" index="3" bw="7" slack="0"/>
<pin id="907" dir="1" index="4" bw="16" slack="0"/>
</pin_list>
<bind>
<opcode="partselect(1002) " fcode="partselect"/>
<opset="trunc_ln32_16/2 "/>
</bind>
</comp>

<comp id="913" class="1004" name="trunc_ln32_17_fu_913">
<pin_list>
<pin id="914" dir="0" index="0" bw="16" slack="0"/>
<pin id="915" dir="0" index="1" bw="256" slack="0"/>
<pin id="916" dir="0" index="2" bw="8" slack="0"/>
<pin id="917" dir="0" index="3" bw="8" slack="0"/>
<pin id="918" dir="1" index="4" bw="16" slack="0"/>
</pin_list>
<bind>
<opcode="partselect(1002) " fcode="partselect"/>
<opset="trunc_ln32_17/2 "/>
</bind>
</comp>

<comp id="924" class="1004" name="trunc_ln32_18_fu_924">
<pin_list>
<pin id="925" dir="0" index="0" bw="16" slack="0"/>
<pin id="926" dir="0" index="1" bw="256" slack="0"/>
<pin id="927" dir="0" index="2" bw="8" slack="0"/>
<pin id="928" dir="0" index="3" bw="8" slack="0"/>
<pin id="929" dir="1" index="4" bw="16" slack="0"/>
</pin_list>
<bind>
<opcode="partselect(1002) " fcode="partselect"/>
<opset="trunc_ln32_18/2 "/>
</bind>
</comp>

<comp id="935" class="1004" name="trunc_ln32_19_fu_935">
<pin_list>
<pin id="936" dir="0" index="0" bw="16" slack="0"/>
<pin id="937" dir="0" index="1" bw="256" slack="0"/>
<pin id="938" dir="0" index="2" bw="8" slack="0"/>
<pin id="939" dir="0" index="3" bw="8" slack="0"/>
<pin id="940" dir="1" index="4" bw="16" slack="0"/>
</pin_list>
<bind>
<opcode="partselect(1002) " fcode="partselect"/>
<opset="trunc_ln32_19/2 "/>
</bind>
</comp>

<comp id="946" class="1004" name="trunc_ln32_20_fu_946">
<pin_list>
<pin id="947" dir="0" index="0" bw="16" slack="0"/>
<pin id="948" dir="0" index="1" bw="256" slack="0"/>
<pin id="949" dir="0" index="2" bw="8" slack="0"/>
<pin id="950" dir="0" index="3" bw="8" slack="0"/>
<pin id="951" dir="1" index="4" bw="16" slack="0"/>
</pin_list>
<bind>
<opcode="partselect(1002) " fcode="partselect"/>
<opset="trunc_ln32_20/2 "/>
</bind>
</comp>

<comp id="957" class="1004" name="trunc_ln32_21_fu_957">
<pin_list>
<pin id="958" dir="0" index="0" bw="16" slack="0"/>
<pin id="959" dir="0" index="1" bw="256" slack="0"/>
<pin id="960" dir="0" index="2" bw="9" slack="0"/>
<pin id="961" dir="0" index="3" bw="9" slack="0"/>
<pin id="962" dir="1" index="4" bw="16" slack="0"/>
</pin_list>
<bind>
<opcode="partselect(1002) " fcode="partselect"/>
<opset="trunc_ln32_21/2 "/>
</bind>
</comp>

<comp id="968" class="1004" name="trunc_ln32_22_fu_968">
<pin_list>
<pin id="969" dir="0" index="0" bw="16" slack="0"/>
<pin id="970" dir="0" index="1" bw="256" slack="0"/>
<pin id="971" dir="0" index="2" bw="9" slack="0"/>
<pin id="972" dir="0" index="3" bw="9" slack="0"/>
<pin id="973" dir="1" index="4" bw="16" slack="0"/>
</pin_list>
<bind>
<opcode="partselect(1002) " fcode="partselect"/>
<opset="trunc_ln32_22/2 "/>
</bind>
</comp>

<comp id="979" class="1004" name="trunc_ln32_23_fu_979">
<pin_list>
<pin id="980" dir="0" index="0" bw="16" slack="0"/>
<pin id="981" dir="0" index="1" bw="256" slack="0"/>
<pin id="982" dir="0" index="2" bw="9" slack="0"/>
<pin id="983" dir="0" index="3" bw="9" slack="0"/>
<pin id="984" dir="1" index="4" bw="16" slack="0"/>
</pin_list>
<bind>
<opcode="partselect(1002) " fcode="partselect"/>
<opset="trunc_ln32_23/2 "/>
</bind>
</comp>

<comp id="990" class="1004" name="trunc_ln32_24_fu_990">
<pin_list>
<pin id="991" dir="0" index="0" bw="16" slack="0"/>
<pin id="992" dir="0" index="1" bw="256" slack="0"/>
<pin id="993" dir="0" index="2" bw="9" slack="0"/>
<pin id="994" dir="0" index="3" bw="9" slack="0"/>
<pin id="995" dir="1" index="4" bw="16" slack="0"/>
</pin_list>
<bind>
<opcode="partselect(1002) " fcode="partselect"/>
<opset="trunc_ln32_24/2 "/>
</bind>
</comp>

<comp id="1001" class="1004" name="trunc_ln32_25_fu_1001">
<pin_list>
<pin id="1002" dir="0" index="0" bw="16" slack="0"/>
<pin id="1003" dir="0" index="1" bw="256" slack="0"/>
<pin id="1004" dir="0" index="2" bw="9" slack="0"/>
<pin id="1005" dir="0" index="3" bw="9" slack="0"/>
<pin id="1006" dir="1" index="4" bw="16" slack="0"/>
</pin_list>
<bind>
<opcode="partselect(1002) " fcode="partselect"/>
<opset="trunc_ln32_25/2 "/>
</bind>
</comp>

<comp id="1012" class="1004" name="trunc_ln32_26_fu_1012">
<pin_list>
<pin id="1013" dir="0" index="0" bw="16" slack="0"/>
<pin id="1014" dir="0" index="1" bw="256" slack="0"/>
<pin id="1015" dir="0" index="2" bw="9" slack="0"/>
<pin id="1016" dir="0" index="3" bw="9" slack="0"/>
<pin id="1017" dir="1" index="4" bw="16" slack="0"/>
</pin_list>
<bind>
<opcode="partselect(1002) " fcode="partselect"/>
<opset="trunc_ln32_26/2 "/>
</bind>
</comp>

<comp id="1023" class="1004" name="trunc_ln32_27_fu_1023">
<pin_list>
<pin id="1024" dir="0" index="0" bw="16" slack="0"/>
<pin id="1025" dir="0" index="1" bw="256" slack="0"/>
<pin id="1026" dir="0" index="2" bw="9" slack="0"/>
<pin id="1027" dir="0" index="3" bw="9" slack="0"/>
<pin id="1028" dir="1" index="4" bw="16" slack="0"/>
</pin_list>
<bind>
<opcode="partselect(1002) " fcode="partselect"/>
<opset="trunc_ln32_27/2 "/>
</bind>
</comp>

<comp id="1034" class="1004" name="trunc_ln32_28_fu_1034">
<pin_list>
<pin id="1035" dir="0" index="0" bw="16" slack="0"/>
<pin id="1036" dir="0" index="1" bw="256" slack="0"/>
<pin id="1037" dir="0" index="2" bw="9" slack="0"/>
<pin id="1038" dir="0" index="3" bw="9" slack="0"/>
<pin id="1039" dir="1" index="4" bw="16" slack="0"/>
</pin_list>
<bind>
<opcode="partselect(1002) " fcode="partselect"/>
<opset="trunc_ln32_28/2 "/>
</bind>
</comp>

<comp id="1045" class="1005" name="indvar_flatten_reg_1045">
<pin_list>
<pin id="1046" dir="0" index="0" bw="13" slack="0"/>
<pin id="1047" dir="1" index="1" bw="13" slack="0"/>
</pin_list>
<bind>
<opset="indvar_flatten "/>
</bind>
</comp>

<comp id="1052" class="1005" name="icmp_ln25_reg_1052">
<pin_list>
<pin id="1053" dir="0" index="0" bw="1" slack="1"/>
<pin id="1054" dir="1" index="1" bw="1" slack="2147483647"/>
</pin_list>
<bind>
<opset="icmp_ln25 "/>
</bind>
</comp>

</comp_list>

<net_list>
<net id="461"><net_src comp="364" pin="0"/><net_sink comp="458" pin=0"/></net>

<net id="466"><net_src comp="382" pin="0"/><net_sink comp="462" pin=0"/></net>

<net id="467"><net_src comp="0" pin="0"/><net_sink comp="462" pin=1"/></net>

<net id="668"><net_src comp="446" pin="0"/><net_sink comp="468" pin=0"/></net>

<net id="669"><net_src comp="2" pin="0"/><net_sink comp="468" pin=17"/></net>

<net id="670"><net_src comp="4" pin="0"/><net_sink comp="468" pin=18"/></net>

<net id="671"><net_src comp="6" pin="0"/><net_sink comp="468" pin=19"/></net>

<net id="672"><net_src comp="8" pin="0"/><net_sink comp="468" pin=20"/></net>

<net id="673"><net_src comp="10" pin="0"/><net_sink comp="468" pin=21"/></net>

<net id="674"><net_src comp="12" pin="0"/><net_sink comp="468" pin=22"/></net>

<net id="675"><net_src comp="14" pin="0"/><net_sink comp="468" pin=23"/></net>

<net id="676"><net_src comp="16" pin="0"/><net_sink comp="468" pin=24"/></net>

<net id="677"><net_src comp="18" pin="0"/><net_sink comp="468" pin=25"/></net>

<net id="678"><net_src comp="20" pin="0"/><net_sink comp="468" pin=26"/></net>

<net id="679"><net_src comp="22" pin="0"/><net_sink comp="468" pin=27"/></net>

<net id="680"><net_src comp="24" pin="0"/><net_sink comp="468" pin=28"/></net>

<net id="681"><net_src comp="26" pin="0"/><net_sink comp="468" pin=29"/></net>

<net id="682"><net_src comp="28" pin="0"/><net_sink comp="468" pin=30"/></net>

<net id="683"><net_src comp="30" pin="0"/><net_sink comp="468" pin=31"/></net>

<net id="684"><net_src comp="32" pin="0"/><net_sink comp="468" pin=32"/></net>

<net id="685"><net_src comp="34" pin="0"/><net_sink comp="468" pin=33"/></net>

<net id="686"><net_src comp="36" pin="0"/><net_sink comp="468" pin=34"/></net>

<net id="687"><net_src comp="38" pin="0"/><net_sink comp="468" pin=35"/></net>

<net id="688"><net_src comp="40" pin="0"/><net_sink comp="468" pin=36"/></net>

<net id="689"><net_src comp="42" pin="0"/><net_sink comp="468" pin=37"/></net>

<net id="690"><net_src comp="44" pin="0"/><net_sink comp="468" pin=38"/></net>

<net id="691"><net_src comp="46" pin="0"/><net_sink comp="468" pin=39"/></net>

<net id="692"><net_src comp="48" pin="0"/><net_sink comp="468" pin=40"/></net>

<net id="693"><net_src comp="50" pin="0"/><net_sink comp="468" pin=41"/></net>

<net id="694"><net_src comp="52" pin="0"/><net_sink comp="468" pin=42"/></net>

<net id="695"><net_src comp="54" pin="0"/><net_sink comp="468" pin=43"/></net>

<net id="696"><net_src comp="56" pin="0"/><net_sink comp="468" pin=44"/></net>

<net id="697"><net_src comp="58" pin="0"/><net_sink comp="468" pin=45"/></net>

<net id="698"><net_src comp="60" pin="0"/><net_sink comp="468" pin=46"/></net>

<net id="699"><net_src comp="62" pin="0"/><net_sink comp="468" pin=47"/></net>

<net id="700"><net_src comp="64" pin="0"/><net_sink comp="468" pin=48"/></net>

<net id="701"><net_src comp="66" pin="0"/><net_sink comp="468" pin=49"/></net>

<net id="702"><net_src comp="68" pin="0"/><net_sink comp="468" pin=50"/></net>

<net id="703"><net_src comp="70" pin="0"/><net_sink comp="468" pin=51"/></net>

<net id="704"><net_src comp="72" pin="0"/><net_sink comp="468" pin=52"/></net>

<net id="705"><net_src comp="74" pin="0"/><net_sink comp="468" pin=53"/></net>

<net id="706"><net_src comp="76" pin="0"/><net_sink comp="468" pin=54"/></net>

<net id="707"><net_src comp="78" pin="0"/><net_sink comp="468" pin=55"/></net>

<net id="708"><net_src comp="80" pin="0"/><net_sink comp="468" pin=56"/></net>

<net id="709"><net_src comp="82" pin="0"/><net_sink comp="468" pin=57"/></net>

<net id="710"><net_src comp="84" pin="0"/><net_sink comp="468" pin=58"/></net>

<net id="711"><net_src comp="86" pin="0"/><net_sink comp="468" pin=59"/></net>

<net id="712"><net_src comp="88" pin="0"/><net_sink comp="468" pin=60"/></net>

<net id="713"><net_src comp="90" pin="0"/><net_sink comp="468" pin=61"/></net>

<net id="714"><net_src comp="92" pin="0"/><net_sink comp="468" pin=62"/></net>

<net id="715"><net_src comp="94" pin="0"/><net_sink comp="468" pin=63"/></net>

<net id="716"><net_src comp="96" pin="0"/><net_sink comp="468" pin=64"/></net>

<net id="717"><net_src comp="98" pin="0"/><net_sink comp="468" pin=65"/></net>

<net id="718"><net_src comp="100" pin="0"/><net_sink comp="468" pin=66"/></net>

<net id="719"><net_src comp="102" pin="0"/><net_sink comp="468" pin=67"/></net>

<net id="720"><net_src comp="104" pin="0"/><net_sink comp="468" pin=68"/></net>

<net id="721"><net_src comp="106" pin="0"/><net_sink comp="468" pin=69"/></net>

<net id="722"><net_src comp="108" pin="0"/><net_sink comp="468" pin=70"/></net>

<net id="723"><net_src comp="110" pin="0"/><net_sink comp="468" pin=71"/></net>

<net id="724"><net_src comp="112" pin="0"/><net_sink comp="468" pin=72"/></net>

<net id="725"><net_src comp="114" pin="0"/><net_sink comp="468" pin=73"/></net>

<net id="726"><net_src comp="116" pin="0"/><net_sink comp="468" pin=74"/></net>

<net id="727"><net_src comp="118" pin="0"/><net_sink comp="468" pin=75"/></net>

<net id="728"><net_src comp="120" pin="0"/><net_sink comp="468" pin=76"/></net>

<net id="729"><net_src comp="122" pin="0"/><net_sink comp="468" pin=77"/></net>

<net id="730"><net_src comp="124" pin="0"/><net_sink comp="468" pin=78"/></net>

<net id="731"><net_src comp="126" pin="0"/><net_sink comp="468" pin=79"/></net>

<net id="732"><net_src comp="128" pin="0"/><net_sink comp="468" pin=80"/></net>

<net id="733"><net_src comp="130" pin="0"/><net_sink comp="468" pin=81"/></net>

<net id="734"><net_src comp="132" pin="0"/><net_sink comp="468" pin=82"/></net>

<net id="735"><net_src comp="134" pin="0"/><net_sink comp="468" pin=83"/></net>

<net id="736"><net_src comp="136" pin="0"/><net_sink comp="468" pin=84"/></net>

<net id="737"><net_src comp="138" pin="0"/><net_sink comp="468" pin=85"/></net>

<net id="738"><net_src comp="140" pin="0"/><net_sink comp="468" pin=86"/></net>

<net id="739"><net_src comp="142" pin="0"/><net_sink comp="468" pin=87"/></net>

<net id="740"><net_src comp="144" pin="0"/><net_sink comp="468" pin=88"/></net>

<net id="741"><net_src comp="146" pin="0"/><net_sink comp="468" pin=89"/></net>

<net id="742"><net_src comp="148" pin="0"/><net_sink comp="468" pin=90"/></net>

<net id="743"><net_src comp="150" pin="0"/><net_sink comp="468" pin=91"/></net>

<net id="744"><net_src comp="152" pin="0"/><net_sink comp="468" pin=92"/></net>

<net id="745"><net_src comp="154" pin="0"/><net_sink comp="468" pin=93"/></net>

<net id="746"><net_src comp="156" pin="0"/><net_sink comp="468" pin=94"/></net>

<net id="747"><net_src comp="158" pin="0"/><net_sink comp="468" pin=95"/></net>

<net id="748"><net_src comp="160" pin="0"/><net_sink comp="468" pin=96"/></net>

<net id="749"><net_src comp="162" pin="0"/><net_sink comp="468" pin=97"/></net>

<net id="750"><net_src comp="164" pin="0"/><net_sink comp="468" pin=98"/></net>

<net id="751"><net_src comp="166" pin="0"/><net_sink comp="468" pin=99"/></net>

<net id="752"><net_src comp="168" pin="0"/><net_sink comp="468" pin=100"/></net>

<net id="753"><net_src comp="170" pin="0"/><net_sink comp="468" pin=101"/></net>

<net id="754"><net_src comp="172" pin="0"/><net_sink comp="468" pin=102"/></net>

<net id="755"><net_src comp="174" pin="0"/><net_sink comp="468" pin=103"/></net>

<net id="756"><net_src comp="176" pin="0"/><net_sink comp="468" pin=104"/></net>

<net id="757"><net_src comp="178" pin="0"/><net_sink comp="468" pin=105"/></net>

<net id="758"><net_src comp="180" pin="0"/><net_sink comp="468" pin=106"/></net>

<net id="759"><net_src comp="182" pin="0"/><net_sink comp="468" pin=107"/></net>

<net id="760"><net_src comp="184" pin="0"/><net_sink comp="468" pin=108"/></net>

<net id="761"><net_src comp="186" pin="0"/><net_sink comp="468" pin=109"/></net>

<net id="762"><net_src comp="188" pin="0"/><net_sink comp="468" pin=110"/></net>

<net id="763"><net_src comp="190" pin="0"/><net_sink comp="468" pin=111"/></net>

<net id="764"><net_src comp="192" pin="0"/><net_sink comp="468" pin=112"/></net>

<net id="765"><net_src comp="194" pin="0"/><net_sink comp="468" pin=113"/></net>

<net id="766"><net_src comp="196" pin="0"/><net_sink comp="468" pin=114"/></net>

<net id="767"><net_src comp="198" pin="0"/><net_sink comp="468" pin=115"/></net>

<net id="768"><net_src comp="200" pin="0"/><net_sink comp="468" pin=116"/></net>

<net id="769"><net_src comp="202" pin="0"/><net_sink comp="468" pin=117"/></net>

<net id="770"><net_src comp="204" pin="0"/><net_sink comp="468" pin=118"/></net>

<net id="771"><net_src comp="206" pin="0"/><net_sink comp="468" pin=119"/></net>

<net id="772"><net_src comp="208" pin="0"/><net_sink comp="468" pin=120"/></net>

<net id="773"><net_src comp="210" pin="0"/><net_sink comp="468" pin=121"/></net>

<net id="774"><net_src comp="212" pin="0"/><net_sink comp="468" pin=122"/></net>

<net id="775"><net_src comp="214" pin="0"/><net_sink comp="468" pin=123"/></net>

<net id="776"><net_src comp="216" pin="0"/><net_sink comp="468" pin=124"/></net>

<net id="777"><net_src comp="218" pin="0"/><net_sink comp="468" pin=125"/></net>

<net id="778"><net_src comp="220" pin="0"/><net_sink comp="468" pin=126"/></net>

<net id="779"><net_src comp="222" pin="0"/><net_sink comp="468" pin=127"/></net>

<net id="780"><net_src comp="224" pin="0"/><net_sink comp="468" pin=128"/></net>

<net id="781"><net_src comp="226" pin="0"/><net_sink comp="468" pin=129"/></net>

<net id="782"><net_src comp="228" pin="0"/><net_sink comp="468" pin=130"/></net>

<net id="783"><net_src comp="230" pin="0"/><net_sink comp="468" pin=131"/></net>

<net id="784"><net_src comp="232" pin="0"/><net_sink comp="468" pin=132"/></net>

<net id="785"><net_src comp="234" pin="0"/><net_sink comp="468" pin=133"/></net>

<net id="786"><net_src comp="236" pin="0"/><net_sink comp="468" pin=134"/></net>

<net id="787"><net_src comp="238" pin="0"/><net_sink comp="468" pin=135"/></net>

<net id="788"><net_src comp="240" pin="0"/><net_sink comp="468" pin=136"/></net>

<net id="789"><net_src comp="242" pin="0"/><net_sink comp="468" pin=137"/></net>

<net id="790"><net_src comp="244" pin="0"/><net_sink comp="468" pin=138"/></net>

<net id="791"><net_src comp="246" pin="0"/><net_sink comp="468" pin=139"/></net>

<net id="792"><net_src comp="248" pin="0"/><net_sink comp="468" pin=140"/></net>

<net id="793"><net_src comp="250" pin="0"/><net_sink comp="468" pin=141"/></net>

<net id="794"><net_src comp="252" pin="0"/><net_sink comp="468" pin=142"/></net>

<net id="795"><net_src comp="254" pin="0"/><net_sink comp="468" pin=143"/></net>

<net id="796"><net_src comp="256" pin="0"/><net_sink comp="468" pin=144"/></net>

<net id="797"><net_src comp="258" pin="0"/><net_sink comp="468" pin=145"/></net>

<net id="798"><net_src comp="260" pin="0"/><net_sink comp="468" pin=146"/></net>

<net id="799"><net_src comp="262" pin="0"/><net_sink comp="468" pin=147"/></net>

<net id="800"><net_src comp="264" pin="0"/><net_sink comp="468" pin=148"/></net>

<net id="801"><net_src comp="266" pin="0"/><net_sink comp="468" pin=149"/></net>

<net id="802"><net_src comp="268" pin="0"/><net_sink comp="468" pin=150"/></net>

<net id="803"><net_src comp="270" pin="0"/><net_sink comp="468" pin=151"/></net>

<net id="804"><net_src comp="272" pin="0"/><net_sink comp="468" pin=152"/></net>

<net id="805"><net_src comp="274" pin="0"/><net_sink comp="468" pin=153"/></net>

<net id="806"><net_src comp="276" pin="0"/><net_sink comp="468" pin=154"/></net>

<net id="807"><net_src comp="278" pin="0"/><net_sink comp="468" pin=155"/></net>

<net id="808"><net_src comp="280" pin="0"/><net_sink comp="468" pin=156"/></net>

<net id="809"><net_src comp="282" pin="0"/><net_sink comp="468" pin=157"/></net>

<net id="810"><net_src comp="284" pin="0"/><net_sink comp="468" pin=158"/></net>

<net id="811"><net_src comp="286" pin="0"/><net_sink comp="468" pin=159"/></net>

<net id="812"><net_src comp="288" pin="0"/><net_sink comp="468" pin=160"/></net>

<net id="813"><net_src comp="290" pin="0"/><net_sink comp="468" pin=161"/></net>

<net id="814"><net_src comp="292" pin="0"/><net_sink comp="468" pin=162"/></net>

<net id="815"><net_src comp="294" pin="0"/><net_sink comp="468" pin=163"/></net>

<net id="816"><net_src comp="296" pin="0"/><net_sink comp="468" pin=164"/></net>

<net id="817"><net_src comp="298" pin="0"/><net_sink comp="468" pin=165"/></net>

<net id="818"><net_src comp="300" pin="0"/><net_sink comp="468" pin=166"/></net>

<net id="819"><net_src comp="302" pin="0"/><net_sink comp="468" pin=167"/></net>

<net id="820"><net_src comp="304" pin="0"/><net_sink comp="468" pin=168"/></net>

<net id="821"><net_src comp="306" pin="0"/><net_sink comp="468" pin=169"/></net>

<net id="822"><net_src comp="308" pin="0"/><net_sink comp="468" pin=170"/></net>

<net id="823"><net_src comp="310" pin="0"/><net_sink comp="468" pin=171"/></net>

<net id="824"><net_src comp="312" pin="0"/><net_sink comp="468" pin=172"/></net>

<net id="825"><net_src comp="314" pin="0"/><net_sink comp="468" pin=173"/></net>

<net id="826"><net_src comp="316" pin="0"/><net_sink comp="468" pin=174"/></net>

<net id="827"><net_src comp="318" pin="0"/><net_sink comp="468" pin=175"/></net>

<net id="828"><net_src comp="320" pin="0"/><net_sink comp="468" pin=176"/></net>

<net id="829"><net_src comp="322" pin="0"/><net_sink comp="468" pin=177"/></net>

<net id="830"><net_src comp="324" pin="0"/><net_sink comp="468" pin=178"/></net>

<net id="831"><net_src comp="326" pin="0"/><net_sink comp="468" pin=179"/></net>

<net id="832"><net_src comp="328" pin="0"/><net_sink comp="468" pin=180"/></net>

<net id="833"><net_src comp="330" pin="0"/><net_sink comp="468" pin=181"/></net>

<net id="834"><net_src comp="332" pin="0"/><net_sink comp="468" pin=182"/></net>

<net id="835"><net_src comp="334" pin="0"/><net_sink comp="468" pin=183"/></net>

<net id="836"><net_src comp="336" pin="0"/><net_sink comp="468" pin=184"/></net>

<net id="837"><net_src comp="338" pin="0"/><net_sink comp="468" pin=185"/></net>

<net id="838"><net_src comp="340" pin="0"/><net_sink comp="468" pin=186"/></net>

<net id="839"><net_src comp="342" pin="0"/><net_sink comp="468" pin=187"/></net>

<net id="840"><net_src comp="344" pin="0"/><net_sink comp="468" pin=188"/></net>

<net id="841"><net_src comp="346" pin="0"/><net_sink comp="468" pin=189"/></net>

<net id="842"><net_src comp="348" pin="0"/><net_sink comp="468" pin=190"/></net>

<net id="843"><net_src comp="350" pin="0"/><net_sink comp="468" pin=191"/></net>

<net id="844"><net_src comp="352" pin="0"/><net_sink comp="468" pin=192"/></net>

<net id="845"><net_src comp="354" pin="0"/><net_sink comp="468" pin=193"/></net>

<net id="846"><net_src comp="356" pin="0"/><net_sink comp="468" pin=194"/></net>

<net id="847"><net_src comp="358" pin="0"/><net_sink comp="468" pin=195"/></net>

<net id="848"><net_src comp="360" pin="0"/><net_sink comp="468" pin=196"/></net>

<net id="849"><net_src comp="362" pin="0"/><net_sink comp="468" pin=197"/></net>

<net id="854"><net_src comp="376" pin="0"/><net_sink comp="850" pin=0"/></net>

<net id="862"><net_src comp="855" pin="1"/><net_sink comp="858" pin=0"/></net>

<net id="863"><net_src comp="378" pin="0"/><net_sink comp="858" pin=1"/></net>

<net id="868"><net_src comp="855" pin="1"/><net_sink comp="864" pin=0"/></net>

<net id="869"><net_src comp="380" pin="0"/><net_sink comp="864" pin=1"/></net>

<net id="874"><net_src comp="864" pin="2"/><net_sink comp="870" pin=0"/></net>

<net id="878"><net_src comp="462" pin="2"/><net_sink comp="875" pin=0"/></net>

<net id="879"><net_src comp="875" pin="1"/><net_sink comp="468" pin=1"/></net>

<net id="886"><net_src comp="384" pin="0"/><net_sink comp="880" pin=0"/></net>

<net id="887"><net_src comp="462" pin="2"/><net_sink comp="880" pin=1"/></net>

<net id="888"><net_src comp="386" pin="0"/><net_sink comp="880" pin=2"/></net>

<net id="889"><net_src comp="388" pin="0"/><net_sink comp="880" pin=3"/></net>

<net id="890"><net_src comp="880" pin="4"/><net_sink comp="468" pin=2"/></net>

<net id="897"><net_src comp="384" pin="0"/><net_sink comp="891" pin=0"/></net>

<net id="898"><net_src comp="462" pin="2"/><net_sink comp="891" pin=1"/></net>

<net id="899"><net_src comp="390" pin="0"/><net_sink comp="891" pin=2"/></net>

<net id="900"><net_src comp="392" pin="0"/><net_sink comp="891" pin=3"/></net>

<net id="901"><net_src comp="891" pin="4"/><net_sink comp="468" pin=3"/></net>

<net id="908"><net_src comp="384" pin="0"/><net_sink comp="902" pin=0"/></net>

<net id="909"><net_src comp="462" pin="2"/><net_sink comp="902" pin=1"/></net>

<net id="910"><net_src comp="394" pin="0"/><net_sink comp="902" pin=2"/></net>

<net id="911"><net_src comp="396" pin="0"/><net_sink comp="902" pin=3"/></net>

<net id="912"><net_src comp="902" pin="4"/><net_sink comp="468" pin=4"/></net>

<net id="919"><net_src comp="384" pin="0"/><net_sink comp="913" pin=0"/></net>

<net id="920"><net_src comp="462" pin="2"/><net_sink comp="913" pin=1"/></net>

<net id="921"><net_src comp="398" pin="0"/><net_sink comp="913" pin=2"/></net>

<net id="922"><net_src comp="400" pin="0"/><net_sink comp="913" pin=3"/></net>

<net id="923"><net_src comp="913" pin="4"/><net_sink comp="468" pin=5"/></net>

<net id="930"><net_src comp="384" pin="0"/><net_sink comp="924" pin=0"/></net>

<net id="931"><net_src comp="462" pin="2"/><net_sink comp="924" pin=1"/></net>

<net id="932"><net_src comp="402" pin="0"/><net_sink comp="924" pin=2"/></net>

<net id="933"><net_src comp="404" pin="0"/><net_sink comp="924" pin=3"/></net>

<net id="934"><net_src comp="924" pin="4"/><net_sink comp="468" pin=6"/></net>

<net id="941"><net_src comp="384" pin="0"/><net_sink comp="935" pin=0"/></net>

<net id="942"><net_src comp="462" pin="2"/><net_sink comp="935" pin=1"/></net>

<net id="943"><net_src comp="406" pin="0"/><net_sink comp="935" pin=2"/></net>

<net id="944"><net_src comp="408" pin="0"/><net_sink comp="935" pin=3"/></net>

<net id="945"><net_src comp="935" pin="4"/><net_sink comp="468" pin=7"/></net>

<net id="952"><net_src comp="384" pin="0"/><net_sink comp="946" pin=0"/></net>

<net id="953"><net_src comp="462" pin="2"/><net_sink comp="946" pin=1"/></net>

<net id="954"><net_src comp="410" pin="0"/><net_sink comp="946" pin=2"/></net>

<net id="955"><net_src comp="412" pin="0"/><net_sink comp="946" pin=3"/></net>

<net id="956"><net_src comp="946" pin="4"/><net_sink comp="468" pin=8"/></net>

<net id="963"><net_src comp="384" pin="0"/><net_sink comp="957" pin=0"/></net>

<net id="964"><net_src comp="462" pin="2"/><net_sink comp="957" pin=1"/></net>

<net id="965"><net_src comp="414" pin="0"/><net_sink comp="957" pin=2"/></net>

<net id="966"><net_src comp="416" pin="0"/><net_sink comp="957" pin=3"/></net>

<net id="967"><net_src comp="957" pin="4"/><net_sink comp="468" pin=9"/></net>

<net id="974"><net_src comp="384" pin="0"/><net_sink comp="968" pin=0"/></net>

<net id="975"><net_src comp="462" pin="2"/><net_sink comp="968" pin=1"/></net>

<net id="976"><net_src comp="418" pin="0"/><net_sink comp="968" pin=2"/></net>

<net id="977"><net_src comp="420" pin="0"/><net_sink comp="968" pin=3"/></net>

<net id="978"><net_src comp="968" pin="4"/><net_sink comp="468" pin=10"/></net>

<net id="985"><net_src comp="384" pin="0"/><net_sink comp="979" pin=0"/></net>

<net id="986"><net_src comp="462" pin="2"/><net_sink comp="979" pin=1"/></net>

<net id="987"><net_src comp="422" pin="0"/><net_sink comp="979" pin=2"/></net>

<net id="988"><net_src comp="424" pin="0"/><net_sink comp="979" pin=3"/></net>

<net id="989"><net_src comp="979" pin="4"/><net_sink comp="468" pin=11"/></net>

<net id="996"><net_src comp="384" pin="0"/><net_sink comp="990" pin=0"/></net>

<net id="997"><net_src comp="462" pin="2"/><net_sink comp="990" pin=1"/></net>

<net id="998"><net_src comp="426" pin="0"/><net_sink comp="990" pin=2"/></net>

<net id="999"><net_src comp="428" pin="0"/><net_sink comp="990" pin=3"/></net>

<net id="1000"><net_src comp="990" pin="4"/><net_sink comp="468" pin=12"/></net>

<net id="1007"><net_src comp="384" pin="0"/><net_sink comp="1001" pin=0"/></net>

<net id="1008"><net_src comp="462" pin="2"/><net_sink comp="1001" pin=1"/></net>

<net id="1009"><net_src comp="430" pin="0"/><net_sink comp="1001" pin=2"/></net>

<net id="1010"><net_src comp="432" pin="0"/><net_sink comp="1001" pin=3"/></net>

<net id="1011"><net_src comp="1001" pin="4"/><net_sink comp="468" pin=13"/></net>

<net id="1018"><net_src comp="384" pin="0"/><net_sink comp="1012" pin=0"/></net>

<net id="1019"><net_src comp="462" pin="2"/><net_sink comp="1012" pin=1"/></net>

<net id="1020"><net_src comp="434" pin="0"/><net_sink comp="1012" pin=2"/></net>

<net id="1021"><net_src comp="436" pin="0"/><net_sink comp="1012" pin=3"/></net>

<net id="1022"><net_src comp="1012" pin="4"/><net_sink comp="468" pin=14"/></net>

<net id="1029"><net_src comp="384" pin="0"/><net_sink comp="1023" pin=0"/></net>

<net id="1030"><net_src comp="462" pin="2"/><net_sink comp="1023" pin=1"/></net>

<net id="1031"><net_src comp="438" pin="0"/><net_sink comp="1023" pin=2"/></net>

<net id="1032"><net_src comp="440" pin="0"/><net_sink comp="1023" pin=3"/></net>

<net id="1033"><net_src comp="1023" pin="4"/><net_sink comp="468" pin=15"/></net>

<net id="1040"><net_src comp="384" pin="0"/><net_sink comp="1034" pin=0"/></net>

<net id="1041"><net_src comp="462" pin="2"/><net_sink comp="1034" pin=1"/></net>

<net id="1042"><net_src comp="442" pin="0"/><net_sink comp="1034" pin=2"/></net>

<net id="1043"><net_src comp="444" pin="0"/><net_sink comp="1034" pin=3"/></net>

<net id="1044"><net_src comp="1034" pin="4"/><net_sink comp="468" pin=16"/></net>

<net id="1048"><net_src comp="458" pin="1"/><net_sink comp="1045" pin=0"/></net>

<net id="1049"><net_src comp="1045" pin="1"/><net_sink comp="850" pin=1"/></net>

<net id="1050"><net_src comp="1045" pin="1"/><net_sink comp="855" pin=0"/></net>

<net id="1051"><net_src comp="1045" pin="1"/><net_sink comp="870" pin=1"/></net>

<net id="1055"><net_src comp="858" pin="2"/><net_sink comp="1052" pin=0"/></net>

</net_list>

</model> 
---------------- Datapath Model END ------------------

* FSMD analyzer results:
  - Output states:
	Port: layer7_out | {12 }
	Port: p_ZZN4nnet24compute_output_buffer_2dINS_5arrayI8ap_fixedILi16ELi6EL9ap_q_mode5EL9_317 | {2 }
	Port: void_compute_output_buffer_2d_array_const_ap_shift_reg_n_chan_stream_weig_28 | {2 }
	Port: p_ZZN4nnet24compute_output_buffer_2dINS_5arrayI8ap_fixedILi16ELi6EL9ap_q_mode5EL9_318 | {2 }
	Port: void_compute_output_buffer_2d_array_const_ap_shift_reg_n_chan_stream_weig_27 | {2 }
	Port: p_ZZN4nnet24compute_output_buffer_2dINS_5arrayI8ap_fixedILi16ELi6EL9ap_q_mode5EL9_319 | {2 }
	Port: void_compute_output_buffer_2d_array_const_ap_shift_reg_n_chan_stream_weig_26 | {2 }
	Port: p_ZZN4nnet24compute_output_buffer_2dINS_5arrayI8ap_fixedILi16ELi6EL9ap_q_mode5EL9_320 | {2 }
	Port: void_compute_output_buffer_2d_array_const_ap_shift_reg_n_chan_stream_weig_25 | {2 }
	Port: p_ZZN4nnet24compute_output_buffer_2dINS_5arrayI8ap_fixedILi16ELi6EL9ap_q_mode5EL9_321 | {2 }
	Port: void_compute_output_buffer_2d_array_const_ap_shift_reg_n_chan_stream_weig_24 | {2 }
	Port: p_ZZN4nnet24compute_output_buffer_2dINS_5arrayI8ap_fixedILi16ELi6EL9ap_q_mode5EL9_322 | {2 }
	Port: void_compute_output_buffer_2d_array_const_ap_shift_reg_n_chan_stream_weig_23 | {2 }
	Port: p_ZZN4nnet24compute_output_buffer_2dINS_5arrayI8ap_fixedILi16ELi6EL9ap_q_mode5EL9_323 | {2 }
	Port: void_compute_output_buffer_2d_array_const_ap_shift_reg_n_chan_stream_weig_22 | {2 }
	Port: p_ZZN4nnet24compute_output_buffer_2dINS_5arrayI8ap_fixedILi16ELi6EL9ap_q_mode5EL9_324 | {2 }
	Port: void_compute_output_buffer_2d_array_const_ap_shift_reg_n_chan_stream_weig_21 | {2 }
	Port: p_ZZN4nnet24compute_output_buffer_2dINS_5arrayI8ap_fixedILi16ELi6EL9ap_q_mode5EL9_325 | {2 }
	Port: void_compute_output_buffer_2d_array_const_ap_shift_reg_n_chan_stream_weig_20 | {2 }
	Port: p_ZZN4nnet24compute_output_buffer_2dINS_5arrayI8ap_fixedILi16ELi6EL9ap_q_mode5EL9_326 | {2 }
	Port: void_compute_output_buffer_2d_array_const_ap_shift_reg_n_chan_stream_weig_19 | {2 }
	Port: p_ZZN4nnet24compute_output_buffer_2dINS_5arrayI8ap_fixedILi16ELi6EL9ap_q_mode5EL9_327 | {2 }
	Port: p_ZZN4nnet24compute_output_buffer_2dINS_5arrayI8ap_fixedILi16ELi6EL9ap_q_mode5EL9_267 | {2 }
	Port: p_ZZN4nnet24compute_output_buffer_2dINS_5arrayI8ap_fixedILi16ELi6EL9ap_q_mode5EL9_328 | {2 }
	Port: p_ZZN4nnet24compute_output_buffer_2dINS_5arrayI8ap_fixedILi16ELi6EL9ap_q_mode5EL9_278 | {2 }
	Port: p_ZZN4nnet24compute_output_buffer_2dINS_5arrayI8ap_fixedILi16ELi6EL9ap_q_mode5EL9_329 | {2 }
	Port: p_ZZN4nnet24compute_output_buffer_2dINS_5arrayI8ap_fixedILi16ELi6EL9ap_q_mode5EL9_289 | {2 }
	Port: p_ZZN4nnet24compute_output_buffer_2dINS_5arrayI8ap_fixedILi16ELi6EL9ap_q_mode5EL9_330 | {2 }
	Port: p_ZZN4nnet24compute_output_buffer_2dINS_5arrayI8ap_fixedILi16ELi6EL9ap_q_mode5EL9_300 | {2 }
	Port: p_ZZN4nnet24compute_output_buffer_2dINS_5arrayI8ap_fixedILi16ELi6EL9ap_q_mode5EL9_331 | {2 }
	Port: p_ZZN4nnet24compute_output_buffer_2dINS_5arrayI8ap_fixedILi16ELi6EL9ap_q_mode5EL9_311 | {2 }
	Port: p_ZZN4nnet24compute_output_buffer_2dINS_5arrayI8ap_fixedILi16ELi6EL9ap_q_mode5EL9_332 | {2 }
	Port: p_ZZN4nnet24compute_output_buffer_2dINS_5arrayI8ap_fixedILi16ELi6EL9ap_q_mode5EL9_316 | {2 }
	Port: p_ZZN4nnet24compute_output_buffer_2dINS_5arrayI8ap_fixedILi16ELi6EL9ap_q_mode5EL9_365 | {2 }
	Port: p_ZZN4nnet24compute_output_buffer_2dINS_5arrayI8ap_fixedILi16ELi6EL9ap_q_mode5EL9_349 | {2 }
	Port: p_ZZN4nnet24compute_output_buffer_2dINS_5arrayI8ap_fixedILi16ELi6EL9ap_q_mode5EL9_366 | {2 }
	Port: p_ZZN4nnet24compute_output_buffer_2dINS_5arrayI8ap_fixedILi16ELi6EL9ap_q_mode5EL9_350 | {2 }
	Port: p_ZZN4nnet24compute_output_buffer_2dINS_5arrayI8ap_fixedILi16ELi6EL9ap_q_mode5EL9_367 | {2 }
	Port: p_ZZN4nnet24compute_output_buffer_2dINS_5arrayI8ap_fixedILi16ELi6EL9ap_q_mode5EL9_351 | {2 }
	Port: p_ZZN4nnet24compute_output_buffer_2dINS_5arrayI8ap_fixedILi16ELi6EL9ap_q_mode5EL9_368 | {2 }
	Port: p_ZZN4nnet24compute_output_buffer_2dINS_5arrayI8ap_fixedILi16ELi6EL9ap_q_mode5EL9_352 | {2 }
	Port: p_ZZN4nnet24compute_output_buffer_2dINS_5arrayI8ap_fixedILi16ELi6EL9ap_q_mode5EL9_369 | {2 }
	Port: p_ZZN4nnet24compute_output_buffer_2dINS_5arrayI8ap_fixedILi16ELi6EL9ap_q_mode5EL9_353 | {2 }
	Port: p_ZZN4nnet24compute_output_buffer_2dINS_5arrayI8ap_fixedILi16ELi6EL9ap_q_mode5EL9_370 | {2 }
	Port: p_ZZN4nnet24compute_output_buffer_2dINS_5arrayI8ap_fixedILi16ELi6EL9ap_q_mode5EL9_354 | {2 }
	Port: p_ZZN4nnet24compute_output_buffer_2dINS_5arrayI8ap_fixedILi16ELi6EL9ap_q_mode5EL9_371 | {2 }
	Port: p_ZZN4nnet24compute_output_buffer_2dINS_5arrayI8ap_fixedILi16ELi6EL9ap_q_mode5EL9_355 | {2 }
	Port: p_ZZN4nnet24compute_output_buffer_2dINS_5arrayI8ap_fixedILi16ELi6EL9ap_q_mode5EL9_372 | {2 }
	Port: p_ZZN4nnet24compute_output_buffer_2dINS_5arrayI8ap_fixedILi16ELi6EL9ap_q_mode5EL9_356 | {2 }
	Port: p_ZZN4nnet24compute_output_buffer_2dINS_5arrayI8ap_fixedILi16ELi6EL9ap_q_mode5EL9_373 | {2 }
	Port: p_ZZN4nnet24compute_output_buffer_2dINS_5arrayI8ap_fixedILi16ELi6EL9ap_q_mode5EL9_357 | {2 }
	Port: p_ZZN4nnet24compute_output_buffer_2dINS_5arrayI8ap_fixedILi16ELi6EL9ap_q_mode5EL9_374 | {2 }
	Port: p_ZZN4nnet24compute_output_buffer_2dINS_5arrayI8ap_fixedILi16ELi6EL9ap_q_mode5EL9_358 | {2 }
	Port: p_ZZN4nnet24compute_output_buffer_2dINS_5arrayI8ap_fixedILi16ELi6EL9ap_q_mode5EL9_375 | {2 }
	Port: p_ZZN4nnet24compute_output_buffer_2dINS_5arrayI8ap_fixedILi16ELi6EL9ap_q_mode5EL9_359 | {2 }
	Port: p_ZZN4nnet24compute_output_buffer_2dINS_5arrayI8ap_fixedILi16ELi6EL9ap_q_mode5EL9_376 | {2 }
	Port: p_ZZN4nnet24compute_output_buffer_2dINS_5arrayI8ap_fixedILi16ELi6EL9ap_q_mode5EL9_360 | {2 }
	Port: p_ZZN4nnet24compute_output_buffer_2dINS_5arrayI8ap_fixedILi16ELi6EL9ap_q_mode5EL9_377 | {2 }
	Port: p_ZZN4nnet24compute_output_buffer_2dINS_5arrayI8ap_fixedILi16ELi6EL9ap_q_mode5EL9_361 | {2 }
	Port: p_ZZN4nnet24compute_output_buffer_2dINS_5arrayI8ap_fixedILi16ELi6EL9ap_q_mode5EL9_378 | {2 }
	Port: p_ZZN4nnet24compute_output_buffer_2dINS_5arrayI8ap_fixedILi16ELi6EL9ap_q_mode5EL9_362 | {2 }
	Port: p_ZZN4nnet24compute_output_buffer_2dINS_5arrayI8ap_fixedILi16ELi6EL9ap_q_mode5EL9_379 | {2 }
	Port: p_ZZN4nnet24compute_output_buffer_2dINS_5arrayI8ap_fixedILi16ELi6EL9ap_q_mode5EL9_363 | {2 }
	Port: p_ZZN4nnet24compute_output_buffer_2dINS_5arrayI8ap_fixedILi16ELi6EL9ap_q_mode5EL9_380 | {2 }
	Port: p_ZZN4nnet24compute_output_buffer_2dINS_5arrayI8ap_fixedILi16ELi6EL9ap_q_mode5EL9_364 | {2 }
	Port: p_ZZN4nnet24compute_output_buffer_2dINS_5arrayI8ap_fixedILi16ELi6EL9ap_q_mode5EL9_281 | {2 }
	Port: p_ZZN4nnet24compute_output_buffer_2dINS_5arrayI8ap_fixedILi16ELi6EL9ap_q_mode5EL9_397 | {2 }
	Port: p_ZZN4nnet24compute_output_buffer_2dINS_5arrayI8ap_fixedILi16ELi6EL9ap_q_mode5EL9_282 | {2 }
	Port: p_ZZN4nnet24compute_output_buffer_2dINS_5arrayI8ap_fixedILi16ELi6EL9ap_q_mode5EL9_398 | {2 }
	Port: p_ZZN4nnet24compute_output_buffer_2dINS_5arrayI8ap_fixedILi16ELi6EL9ap_q_mode5EL9_283 | {2 }
	Port: p_ZZN4nnet24compute_output_buffer_2dINS_5arrayI8ap_fixedILi16ELi6EL9ap_q_mode5EL9_399 | {2 }
	Port: p_ZZN4nnet24compute_output_buffer_2dINS_5arrayI8ap_fixedILi16ELi6EL9ap_q_mode5EL9_284 | {2 }
	Port: p_ZZN4nnet24compute_output_buffer_2dINS_5arrayI8ap_fixedILi16ELi6EL9ap_q_mode5EL9_400 | {2 }
	Port: p_ZZN4nnet24compute_output_buffer_2dINS_5arrayI8ap_fixedILi16ELi6EL9ap_q_mode5EL9_285 | {2 }
	Port: p_ZZN4nnet24compute_output_buffer_2dINS_5arrayI8ap_fixedILi16ELi6EL9ap_q_mode5EL9_268 | {2 }
	Port: p_ZZN4nnet24compute_output_buffer_2dINS_5arrayI8ap_fixedILi16ELi6EL9ap_q_mode5EL9_286 | {2 }
	Port: p_ZZN4nnet24compute_output_buffer_2dINS_5arrayI8ap_fixedILi16ELi6EL9ap_q_mode5EL9_269 | {2 }
	Port: p_ZZN4nnet24compute_output_buffer_2dINS_5arrayI8ap_fixedILi16ELi6EL9ap_q_mode5EL9_287 | {2 }
	Port: p_ZZN4nnet24compute_output_buffer_2dINS_5arrayI8ap_fixedILi16ELi6EL9ap_q_mode5EL9_270 | {2 }
	Port: p_ZZN4nnet24compute_output_buffer_2dINS_5arrayI8ap_fixedILi16ELi6EL9ap_q_mode5EL9_288 | {2 }
	Port: p_ZZN4nnet24compute_output_buffer_2dINS_5arrayI8ap_fixedILi16ELi6EL9ap_q_mode5EL9_271 | {2 }
	Port: p_ZZN4nnet24compute_output_buffer_2dINS_5arrayI8ap_fixedILi16ELi6EL9ap_q_mode5EL9_290 | {2 }
	Port: p_ZZN4nnet24compute_output_buffer_2dINS_5arrayI8ap_fixedILi16ELi6EL9ap_q_mode5EL9_272 | {2 }
	Port: p_ZZN4nnet24compute_output_buffer_2dINS_5arrayI8ap_fixedILi16ELi6EL9ap_q_mode5EL9_291 | {2 }
	Port: p_ZZN4nnet24compute_output_buffer_2dINS_5arrayI8ap_fixedILi16ELi6EL9ap_q_mode5EL9_273 | {2 }
	Port: p_ZZN4nnet24compute_output_buffer_2dINS_5arrayI8ap_fixedILi16ELi6EL9ap_q_mode5EL9_292 | {2 }
	Port: p_ZZN4nnet24compute_output_buffer_2dINS_5arrayI8ap_fixedILi16ELi6EL9ap_q_mode5EL9_274 | {2 }
	Port: p_ZZN4nnet24compute_output_buffer_2dINS_5arrayI8ap_fixedILi16ELi6EL9ap_q_mode5EL9_293 | {2 }
	Port: p_ZZN4nnet24compute_output_buffer_2dINS_5arrayI8ap_fixedILi16ELi6EL9ap_q_mode5EL9_275 | {2 }
	Port: p_ZZN4nnet24compute_output_buffer_2dINS_5arrayI8ap_fixedILi16ELi6EL9ap_q_mode5EL9_294 | {2 }
	Port: p_ZZN4nnet24compute_output_buffer_2dINS_5arrayI8ap_fixedILi16ELi6EL9ap_q_mode5EL9_276 | {2 }
	Port: p_ZZN4nnet24compute_output_buffer_2dINS_5arrayI8ap_fixedILi16ELi6EL9ap_q_mode5EL9_295 | {2 }
	Port: p_ZZN4nnet24compute_output_buffer_2dINS_5arrayI8ap_fixedILi16ELi6EL9ap_q_mode5EL9_277 | {2 }
	Port: p_ZZN4nnet24compute_output_buffer_2dINS_5arrayI8ap_fixedILi16ELi6EL9ap_q_mode5EL9_296 | {2 }
	Port: p_ZZN4nnet24compute_output_buffer_2dINS_5arrayI8ap_fixedILi16ELi6EL9ap_q_mode5EL9_279 | {2 }
	Port: p_ZZN4nnet24compute_output_buffer_2dINS_5arrayI8ap_fixedILi16ELi6EL9ap_q_mode5EL9_297 | {2 }
	Port: p_ZZN4nnet24compute_output_buffer_2dINS_5arrayI8ap_fixedILi16ELi6EL9ap_q_mode5EL9_280 | {2 }
	Port: p_ZZN4nnet24compute_output_buffer_2dINS_5arrayI8ap_fixedILi16ELi6EL9ap_q_mode5EL9_333 | {2 }
	Port: p_ZZN4nnet24compute_output_buffer_2dINS_5arrayI8ap_fixedILi16ELi6EL9ap_q_mode5EL9_334 | {2 }
	Port: p_ZZN4nnet24compute_output_buffer_2dINS_5arrayI8ap_fixedILi16ELi6EL9ap_q_mode5EL9_335 | {2 }
	Port: p_ZZN4nnet24compute_output_buffer_2dINS_5arrayI8ap_fixedILi16ELi6EL9ap_q_mode5EL9_336 | {2 }
	Port: p_ZZN4nnet24compute_output_buffer_2dINS_5arrayI8ap_fixedILi16ELi6EL9ap_q_mode5EL9_337 | {2 }
	Port: p_ZZN4nnet24compute_output_buffer_2dINS_5arrayI8ap_fixedILi16ELi6EL9ap_q_mode5EL9_338 | {2 }
	Port: p_ZZN4nnet24compute_output_buffer_2dINS_5arrayI8ap_fixedILi16ELi6EL9ap_q_mode5EL9_339 | {2 }
	Port: p_ZZN4nnet24compute_output_buffer_2dINS_5arrayI8ap_fixedILi16ELi6EL9ap_q_mode5EL9_340 | {2 }
	Port: p_ZZN4nnet24compute_output_buffer_2dINS_5arrayI8ap_fixedILi16ELi6EL9ap_q_mode5EL9_341 | {2 }
	Port: p_ZZN4nnet24compute_output_buffer_2dINS_5arrayI8ap_fixedILi16ELi6EL9ap_q_mode5EL9_342 | {2 }
	Port: p_ZZN4nnet24compute_output_buffer_2dINS_5arrayI8ap_fixedILi16ELi6EL9ap_q_mode5EL9_343 | {2 }
	Port: p_ZZN4nnet24compute_output_buffer_2dINS_5arrayI8ap_fixedILi16ELi6EL9ap_q_mode5EL9_344 | {2 }
	Port: p_ZZN4nnet24compute_output_buffer_2dINS_5arrayI8ap_fixedILi16ELi6EL9ap_q_mode5EL9_345 | {2 }
	Port: p_ZZN4nnet24compute_output_buffer_2dINS_5arrayI8ap_fixedILi16ELi6EL9ap_q_mode5EL9_346 | {2 }
	Port: p_ZZN4nnet24compute_output_buffer_2dINS_5arrayI8ap_fixedILi16ELi6EL9ap_q_mode5EL9_347 | {2 }
	Port: p_ZZN4nnet24compute_output_buffer_2dINS_5arrayI8ap_fixedILi16ELi6EL9ap_q_mode5EL9_348 | {2 }
	Port: p_ZZN4nnet24compute_output_buffer_2dINS_5arrayI8ap_fixedILi16ELi6EL9ap_q_mode5EL9_381 | {2 }
	Port: p_ZZN4nnet24compute_output_buffer_2dINS_5arrayI8ap_fixedILi16ELi6EL9ap_q_mode5EL9_382 | {2 }
	Port: p_ZZN4nnet24compute_output_buffer_2dINS_5arrayI8ap_fixedILi16ELi6EL9ap_q_mode5EL9_383 | {2 }
	Port: p_ZZN4nnet24compute_output_buffer_2dINS_5arrayI8ap_fixedILi16ELi6EL9ap_q_mode5EL9_384 | {2 }
	Port: p_ZZN4nnet24compute_output_buffer_2dINS_5arrayI8ap_fixedILi16ELi6EL9ap_q_mode5EL9_385 | {2 }
	Port: p_ZZN4nnet24compute_output_buffer_2dINS_5arrayI8ap_fixedILi16ELi6EL9ap_q_mode5EL9_386 | {2 }
	Port: p_ZZN4nnet24compute_output_buffer_2dINS_5arrayI8ap_fixedILi16ELi6EL9ap_q_mode5EL9_387 | {2 }
	Port: p_ZZN4nnet24compute_output_buffer_2dINS_5arrayI8ap_fixedILi16ELi6EL9ap_q_mode5EL9_388 | {2 }
	Port: p_ZZN4nnet24compute_output_buffer_2dINS_5arrayI8ap_fixedILi16ELi6EL9ap_q_mode5EL9_389 | {2 }
	Port: p_ZZN4nnet24compute_output_buffer_2dINS_5arrayI8ap_fixedILi16ELi6EL9ap_q_mode5EL9_390 | {2 }
	Port: p_ZZN4nnet24compute_output_buffer_2dINS_5arrayI8ap_fixedILi16ELi6EL9ap_q_mode5EL9_391 | {2 }
	Port: p_ZZN4nnet24compute_output_buffer_2dINS_5arrayI8ap_fixedILi16ELi6EL9ap_q_mode5EL9_392 | {2 }
	Port: p_ZZN4nnet24compute_output_buffer_2dINS_5arrayI8ap_fixedILi16ELi6EL9ap_q_mode5EL9_393 | {2 }
	Port: p_ZZN4nnet24compute_output_buffer_2dINS_5arrayI8ap_fixedILi16ELi6EL9ap_q_mode5EL9_394 | {2 }
	Port: p_ZZN4nnet24compute_output_buffer_2dINS_5arrayI8ap_fixedILi16ELi6EL9ap_q_mode5EL9_395 | {2 }
	Port: p_ZZN4nnet24compute_output_buffer_2dINS_5arrayI8ap_fixedILi16ELi6EL9ap_q_mode5EL9_396 | {2 }
	Port: p_ZZN4nnet24compute_output_buffer_2dINS_5arrayI8ap_fixedILi16ELi6EL9ap_q_mode5EL9_298 | {2 }
	Port: p_ZZN4nnet24compute_output_buffer_2dINS_5arrayI8ap_fixedILi16ELi6EL9ap_q_mode5EL9_299 | {2 }
	Port: p_ZZN4nnet24compute_output_buffer_2dINS_5arrayI8ap_fixedILi16ELi6EL9ap_q_mode5EL9_301 | {2 }
	Port: p_ZZN4nnet24compute_output_buffer_2dINS_5arrayI8ap_fixedILi16ELi6EL9ap_q_mode5EL9_302 | {2 }
	Port: p_ZZN4nnet24compute_output_buffer_2dINS_5arrayI8ap_fixedILi16ELi6EL9ap_q_mode5EL9_303 | {2 }
	Port: p_ZZN4nnet24compute_output_buffer_2dINS_5arrayI8ap_fixedILi16ELi6EL9ap_q_mode5EL9_304 | {2 }
	Port: p_ZZN4nnet24compute_output_buffer_2dINS_5arrayI8ap_fixedILi16ELi6EL9ap_q_mode5EL9_305 | {2 }
	Port: p_ZZN4nnet24compute_output_buffer_2dINS_5arrayI8ap_fixedILi16ELi6EL9ap_q_mode5EL9_306 | {2 }
	Port: p_ZZN4nnet24compute_output_buffer_2dINS_5arrayI8ap_fixedILi16ELi6EL9ap_q_mode5EL9_307 | {2 }
	Port: p_ZZN4nnet24compute_output_buffer_2dINS_5arrayI8ap_fixedILi16ELi6EL9ap_q_mode5EL9_308 | {2 }
	Port: p_ZZN4nnet24compute_output_buffer_2dINS_5arrayI8ap_fixedILi16ELi6EL9ap_q_mode5EL9_309 | {2 }
	Port: p_ZZN4nnet24compute_output_buffer_2dINS_5arrayI8ap_fixedILi16ELi6EL9ap_q_mode5EL9_310 | {2 }
	Port: p_ZZN4nnet24compute_output_buffer_2dINS_5arrayI8ap_fixedILi16ELi6EL9ap_q_mode5EL9_312 | {2 }
	Port: p_ZZN4nnet24compute_output_buffer_2dINS_5arrayI8ap_fixedILi16ELi6EL9ap_q_mode5EL9_313 | {2 }
	Port: p_ZZN4nnet24compute_output_buffer_2dINS_5arrayI8ap_fixedILi16ELi6EL9ap_q_mode5EL9_314 | {2 }
	Port: p_ZZN4nnet24compute_output_buffer_2dINS_5arrayI8ap_fixedILi16ELi6EL9ap_q_mode5EL9_315 | {2 }
	Port: p_ZZN4nnet25conv_2d_buffer_latency_clINS_5arrayI8ap_fixedILi16ELi6EL9ap_q_mode5EL_63 | {2 }
	Port: p_ZZN4nnet25conv_2d_buffer_latency_clINS_5arrayI8ap_fixedILi16ELi6EL9ap_q_mode5EL_47 | {2 }
	Port: p_ZZN4nnet25conv_2d_buffer_latency_clINS_5arrayI8ap_fixedILi16ELi6EL9ap_q_mode5EL_62 | {2 }
	Port: p_ZZN4nnet25conv_2d_buffer_latency_clINS_5arrayI8ap_fixedILi16ELi6EL9ap_q_mode5EL_46 | {2 }
	Port: p_ZZN4nnet25conv_2d_buffer_latency_clINS_5arrayI8ap_fixedILi16ELi6EL9ap_q_mode5EL_55 | {2 }
	Port: p_ZZN4nnet25conv_2d_buffer_latency_clINS_5arrayI8ap_fixedILi16ELi6EL9ap_q_mode5EL_39 | {2 }
	Port: p_ZZN4nnet25conv_2d_buffer_latency_clINS_5arrayI8ap_fixedILi16ELi6EL9ap_q_mode5EL_54 | {2 }
	Port: p_ZZN4nnet25conv_2d_buffer_latency_clINS_5arrayI8ap_fixedILi16ELi6EL9ap_q_mode5EL_38 | {2 }
	Port: p_ZZN4nnet25conv_2d_buffer_latency_clINS_5arrayI8ap_fixedILi16ELi6EL9ap_q_mode5EL_53 | {2 }
	Port: p_ZZN4nnet25conv_2d_buffer_latency_clINS_5arrayI8ap_fixedILi16ELi6EL9ap_q_mode5EL_37 | {2 }
	Port: p_ZZN4nnet25conv_2d_buffer_latency_clINS_5arrayI8ap_fixedILi16ELi6EL9ap_q_mode5EL_52 | {2 }
	Port: p_ZZN4nnet25conv_2d_buffer_latency_clINS_5arrayI8ap_fixedILi16ELi6EL9ap_q_mode5EL_36 | {2 }
	Port: p_ZZN4nnet25conv_2d_buffer_latency_clINS_5arrayI8ap_fixedILi16ELi6EL9ap_q_mode5EL_51 | {2 }
	Port: p_ZZN4nnet25conv_2d_buffer_latency_clINS_5arrayI8ap_fixedILi16ELi6EL9ap_q_mode5EL_35 | {2 }
	Port: p_ZZN4nnet25conv_2d_buffer_latency_clINS_5arrayI8ap_fixedILi16ELi6EL9ap_q_mode5EL_50 | {2 }
	Port: p_ZZN4nnet25conv_2d_buffer_latency_clINS_5arrayI8ap_fixedILi16ELi6EL9ap_q_mode5EL_34 | {2 }
	Port: p_ZZN4nnet25conv_2d_buffer_latency_clINS_5arrayI8ap_fixedILi16ELi6EL9ap_q_mode5EL_49 | {2 }
	Port: p_ZZN4nnet25conv_2d_buffer_latency_clINS_5arrayI8ap_fixedILi16ELi6EL9ap_q_mode5EL_33 | {2 }
	Port: p_ZZN4nnet25conv_2d_buffer_latency_clINS_5arrayI8ap_fixedILi16ELi6EL9ap_q_mode5EL_48 | {2 }
	Port: p_ZZN4nnet25conv_2d_buffer_latency_clINS_5arrayI8ap_fixedILi16ELi6EL9ap_q_mode5EL_32 | {2 }
	Port: p_ZZN4nnet25conv_2d_buffer_latency_clINS_5arrayI8ap_fixedILi16ELi6EL9ap_q_mode5EL_61 | {2 }
	Port: p_ZZN4nnet25conv_2d_buffer_latency_clINS_5arrayI8ap_fixedILi16ELi6EL9ap_q_mode5EL_45 | {2 }
	Port: p_ZZN4nnet25conv_2d_buffer_latency_clINS_5arrayI8ap_fixedILi16ELi6EL9ap_q_mode5EL_60 | {2 }
	Port: p_ZZN4nnet25conv_2d_buffer_latency_clINS_5arrayI8ap_fixedILi16ELi6EL9ap_q_mode5EL_44 | {2 }
	Port: p_ZZN4nnet25conv_2d_buffer_latency_clINS_5arrayI8ap_fixedILi16ELi6EL9ap_q_mode5EL_59 | {2 }
	Port: p_ZZN4nnet25conv_2d_buffer_latency_clINS_5arrayI8ap_fixedILi16ELi6EL9ap_q_mode5EL_43 | {2 }
	Port: p_ZZN4nnet25conv_2d_buffer_latency_clINS_5arrayI8ap_fixedILi16ELi6EL9ap_q_mode5EL_58 | {2 }
	Port: p_ZZN4nnet25conv_2d_buffer_latency_clINS_5arrayI8ap_fixedILi16ELi6EL9ap_q_mode5EL_42 | {2 }
	Port: p_ZZN4nnet25conv_2d_buffer_latency_clINS_5arrayI8ap_fixedILi16ELi6EL9ap_q_mode5EL_57 | {2 }
	Port: p_ZZN4nnet25conv_2d_buffer_latency_clINS_5arrayI8ap_fixedILi16ELi6EL9ap_q_mode5EL_41 | {2 }
	Port: p_ZZN4nnet25conv_2d_buffer_latency_clINS_5arrayI8ap_fixedILi16ELi6EL9ap_q_mode5EL_56 | {2 }
	Port: p_ZZN4nnet25conv_2d_buffer_latency_clINS_5arrayI8ap_fixedILi16ELi6EL9ap_q_mode5EL_40 | {2 }
	Port: sX_5 | {3 }
	Port: sY_5 | {4 }
	Port: pY_5 | {3 }
	Port: pX_5 | {3 }
 - Input state : 
	Port: conv_2d_cl<array<ap_fixed,16u>,array<ap_fixed<41,21,5,3,0>,16u>,config7> : layer14_out | {2 }
	Port: conv_2d_cl<array<ap_fixed,16u>,array<ap_fixed<41,21,5,3,0>,16u>,config7> : p_ZZN4nnet24compute_output_buffer_2dINS_5arrayI8ap_fixedILi16ELi6EL9ap_q_mode5EL9_317 | {2 5 }
	Port: conv_2d_cl<array<ap_fixed,16u>,array<ap_fixed<41,21,5,3,0>,16u>,config7> : void_compute_output_buffer_2d_array_const_ap_shift_reg_n_chan_stream_weig_28 | {3 }
	Port: conv_2d_cl<array<ap_fixed,16u>,array<ap_fixed<41,21,5,3,0>,16u>,config7> : p_ZZN4nnet24compute_output_buffer_2dINS_5arrayI8ap_fixedILi16ELi6EL9ap_q_mode5EL9_318 | {2 5 }
	Port: conv_2d_cl<array<ap_fixed,16u>,array<ap_fixed<41,21,5,3,0>,16u>,config7> : void_compute_output_buffer_2d_array_const_ap_shift_reg_n_chan_stream_weig_27 | {4 }
	Port: conv_2d_cl<array<ap_fixed,16u>,array<ap_fixed<41,21,5,3,0>,16u>,config7> : p_ZZN4nnet24compute_output_buffer_2dINS_5arrayI8ap_fixedILi16ELi6EL9ap_q_mode5EL9_319 | {2 4 }
	Port: conv_2d_cl<array<ap_fixed,16u>,array<ap_fixed<41,21,5,3,0>,16u>,config7> : void_compute_output_buffer_2d_array_const_ap_shift_reg_n_chan_stream_weig_26 | {4 }
	Port: conv_2d_cl<array<ap_fixed,16u>,array<ap_fixed<41,21,5,3,0>,16u>,config7> : p_ZZN4nnet24compute_output_buffer_2dINS_5arrayI8ap_fixedILi16ELi6EL9ap_q_mode5EL9_320 | {2 5 }
	Port: conv_2d_cl<array<ap_fixed,16u>,array<ap_fixed<41,21,5,3,0>,16u>,config7> : void_compute_output_buffer_2d_array_const_ap_shift_reg_n_chan_stream_weig_25 | {4 }
	Port: conv_2d_cl<array<ap_fixed,16u>,array<ap_fixed<41,21,5,3,0>,16u>,config7> : p_ZZN4nnet24compute_output_buffer_2dINS_5arrayI8ap_fixedILi16ELi6EL9ap_q_mode5EL9_321 | {2 5 }
	Port: conv_2d_cl<array<ap_fixed,16u>,array<ap_fixed<41,21,5,3,0>,16u>,config7> : void_compute_output_buffer_2d_array_const_ap_shift_reg_n_chan_stream_weig_24 | {4 }
	Port: conv_2d_cl<array<ap_fixed,16u>,array<ap_fixed<41,21,5,3,0>,16u>,config7> : p_ZZN4nnet24compute_output_buffer_2dINS_5arrayI8ap_fixedILi16ELi6EL9ap_q_mode5EL9_322 | {2 5 }
	Port: conv_2d_cl<array<ap_fixed,16u>,array<ap_fixed<41,21,5,3,0>,16u>,config7> : void_compute_output_buffer_2d_array_const_ap_shift_reg_n_chan_stream_weig_23 | {4 }
	Port: conv_2d_cl<array<ap_fixed,16u>,array<ap_fixed<41,21,5,3,0>,16u>,config7> : p_ZZN4nnet24compute_output_buffer_2dINS_5arrayI8ap_fixedILi16ELi6EL9ap_q_mode5EL9_323 | {2 5 }
	Port: conv_2d_cl<array<ap_fixed,16u>,array<ap_fixed<41,21,5,3,0>,16u>,config7> : void_compute_output_buffer_2d_array_const_ap_shift_reg_n_chan_stream_weig_22 | {4 }
	Port: conv_2d_cl<array<ap_fixed,16u>,array<ap_fixed<41,21,5,3,0>,16u>,config7> : p_ZZN4nnet24compute_output_buffer_2dINS_5arrayI8ap_fixedILi16ELi6EL9ap_q_mode5EL9_324 | {2 5 }
	Port: conv_2d_cl<array<ap_fixed,16u>,array<ap_fixed<41,21,5,3,0>,16u>,config7> : void_compute_output_buffer_2d_array_const_ap_shift_reg_n_chan_stream_weig_21 | {4 }
	Port: conv_2d_cl<array<ap_fixed,16u>,array<ap_fixed<41,21,5,3,0>,16u>,config7> : p_ZZN4nnet24compute_output_buffer_2dINS_5arrayI8ap_fixedILi16ELi6EL9ap_q_mode5EL9_325 | {2 5 }
	Port: conv_2d_cl<array<ap_fixed,16u>,array<ap_fixed<41,21,5,3,0>,16u>,config7> : void_compute_output_buffer_2d_array_const_ap_shift_reg_n_chan_stream_weig_20 | {4 }
	Port: conv_2d_cl<array<ap_fixed,16u>,array<ap_fixed<41,21,5,3,0>,16u>,config7> : p_ZZN4nnet24compute_output_buffer_2dINS_5arrayI8ap_fixedILi16ELi6EL9ap_q_mode5EL9_326 | {2 5 }
	Port: conv_2d_cl<array<ap_fixed,16u>,array<ap_fixed<41,21,5,3,0>,16u>,config7> : void_compute_output_buffer_2d_array_const_ap_shift_reg_n_chan_stream_weig_19 | {4 }
	Port: conv_2d_cl<array<ap_fixed,16u>,array<ap_fixed<41,21,5,3,0>,16u>,config7> : p_ZZN4nnet24compute_output_buffer_2dINS_5arrayI8ap_fixedILi16ELi6EL9ap_q_mode5EL9_327 | {2 5 }
	Port: conv_2d_cl<array<ap_fixed,16u>,array<ap_fixed<41,21,5,3,0>,16u>,config7> : p_ZZN4nnet24compute_output_buffer_2dINS_5arrayI8ap_fixedILi16ELi6EL9ap_q_mode5EL9_267 | {4 }
	Port: conv_2d_cl<array<ap_fixed,16u>,array<ap_fixed<41,21,5,3,0>,16u>,config7> : p_ZZN4nnet24compute_output_buffer_2dINS_5arrayI8ap_fixedILi16ELi6EL9ap_q_mode5EL9_328 | {2 5 }
	Port: conv_2d_cl<array<ap_fixed,16u>,array<ap_fixed<41,21,5,3,0>,16u>,config7> : p_ZZN4nnet24compute_output_buffer_2dINS_5arrayI8ap_fixedILi16ELi6EL9ap_q_mode5EL9_278 | {4 }
	Port: conv_2d_cl<array<ap_fixed,16u>,array<ap_fixed<41,21,5,3,0>,16u>,config7> : p_ZZN4nnet24compute_output_buffer_2dINS_5arrayI8ap_fixedILi16ELi6EL9ap_q_mode5EL9_329 | {2 5 }
	Port: conv_2d_cl<array<ap_fixed,16u>,array<ap_fixed<41,21,5,3,0>,16u>,config7> : p_ZZN4nnet24compute_output_buffer_2dINS_5arrayI8ap_fixedILi16ELi6EL9ap_q_mode5EL9_289 | {5 }
	Port: conv_2d_cl<array<ap_fixed,16u>,array<ap_fixed<41,21,5,3,0>,16u>,config7> : p_ZZN4nnet24compute_output_buffer_2dINS_5arrayI8ap_fixedILi16ELi6EL9ap_q_mode5EL9_330 | {2 5 }
	Port: conv_2d_cl<array<ap_fixed,16u>,array<ap_fixed<41,21,5,3,0>,16u>,config7> : p_ZZN4nnet24compute_output_buffer_2dINS_5arrayI8ap_fixedILi16ELi6EL9ap_q_mode5EL9_300 | {4 }
	Port: conv_2d_cl<array<ap_fixed,16u>,array<ap_fixed<41,21,5,3,0>,16u>,config7> : p_ZZN4nnet24compute_output_buffer_2dINS_5arrayI8ap_fixedILi16ELi6EL9ap_q_mode5EL9_331 | {2 5 }
	Port: conv_2d_cl<array<ap_fixed,16u>,array<ap_fixed<41,21,5,3,0>,16u>,config7> : p_ZZN4nnet24compute_output_buffer_2dINS_5arrayI8ap_fixedILi16ELi6EL9ap_q_mode5EL9_311 | {4 }
	Port: conv_2d_cl<array<ap_fixed,16u>,array<ap_fixed<41,21,5,3,0>,16u>,config7> : p_ZZN4nnet24compute_output_buffer_2dINS_5arrayI8ap_fixedILi16ELi6EL9ap_q_mode5EL9_332 | {2 5 }
	Port: conv_2d_cl<array<ap_fixed,16u>,array<ap_fixed<41,21,5,3,0>,16u>,config7> : p_ZZN4nnet24compute_output_buffer_2dINS_5arrayI8ap_fixedILi16ELi6EL9ap_q_mode5EL9_316 | {5 }
	Port: conv_2d_cl<array<ap_fixed,16u>,array<ap_fixed<41,21,5,3,0>,16u>,config7> : p_ZZN4nnet24compute_output_buffer_2dINS_5arrayI8ap_fixedILi16ELi6EL9ap_q_mode5EL9_365 | {2 6 }
	Port: conv_2d_cl<array<ap_fixed,16u>,array<ap_fixed<41,21,5,3,0>,16u>,config7> : p_ZZN4nnet24compute_output_buffer_2dINS_5arrayI8ap_fixedILi16ELi6EL9ap_q_mode5EL9_349 | {5 }
	Port: conv_2d_cl<array<ap_fixed,16u>,array<ap_fixed<41,21,5,3,0>,16u>,config7> : p_ZZN4nnet24compute_output_buffer_2dINS_5arrayI8ap_fixedILi16ELi6EL9ap_q_mode5EL9_366 | {2 6 }
	Port: conv_2d_cl<array<ap_fixed,16u>,array<ap_fixed<41,21,5,3,0>,16u>,config7> : p_ZZN4nnet24compute_output_buffer_2dINS_5arrayI8ap_fixedILi16ELi6EL9ap_q_mode5EL9_350 | {5 }
	Port: conv_2d_cl<array<ap_fixed,16u>,array<ap_fixed<41,21,5,3,0>,16u>,config7> : p_ZZN4nnet24compute_output_buffer_2dINS_5arrayI8ap_fixedILi16ELi6EL9ap_q_mode5EL9_367 | {2 6 }
	Port: conv_2d_cl<array<ap_fixed,16u>,array<ap_fixed<41,21,5,3,0>,16u>,config7> : p_ZZN4nnet24compute_output_buffer_2dINS_5arrayI8ap_fixedILi16ELi6EL9ap_q_mode5EL9_351 | {6 }
	Port: conv_2d_cl<array<ap_fixed,16u>,array<ap_fixed<41,21,5,3,0>,16u>,config7> : p_ZZN4nnet24compute_output_buffer_2dINS_5arrayI8ap_fixedILi16ELi6EL9ap_q_mode5EL9_368 | {2 6 }
	Port: conv_2d_cl<array<ap_fixed,16u>,array<ap_fixed<41,21,5,3,0>,16u>,config7> : p_ZZN4nnet24compute_output_buffer_2dINS_5arrayI8ap_fixedILi16ELi6EL9ap_q_mode5EL9_352 | {6 }
	Port: conv_2d_cl<array<ap_fixed,16u>,array<ap_fixed<41,21,5,3,0>,16u>,config7> : p_ZZN4nnet24compute_output_buffer_2dINS_5arrayI8ap_fixedILi16ELi6EL9ap_q_mode5EL9_369 | {2 6 }
	Port: conv_2d_cl<array<ap_fixed,16u>,array<ap_fixed<41,21,5,3,0>,16u>,config7> : p_ZZN4nnet24compute_output_buffer_2dINS_5arrayI8ap_fixedILi16ELi6EL9ap_q_mode5EL9_353 | {5 }
	Port: conv_2d_cl<array<ap_fixed,16u>,array<ap_fixed<41,21,5,3,0>,16u>,config7> : p_ZZN4nnet24compute_output_buffer_2dINS_5arrayI8ap_fixedILi16ELi6EL9ap_q_mode5EL9_370 | {2 6 }
	Port: conv_2d_cl<array<ap_fixed,16u>,array<ap_fixed<41,21,5,3,0>,16u>,config7> : p_ZZN4nnet24compute_output_buffer_2dINS_5arrayI8ap_fixedILi16ELi6EL9ap_q_mode5EL9_354 | {5 }
	Port: conv_2d_cl<array<ap_fixed,16u>,array<ap_fixed<41,21,5,3,0>,16u>,config7> : p_ZZN4nnet24compute_output_buffer_2dINS_5arrayI8ap_fixedILi16ELi6EL9ap_q_mode5EL9_371 | {2 6 }
	Port: conv_2d_cl<array<ap_fixed,16u>,array<ap_fixed<41,21,5,3,0>,16u>,config7> : p_ZZN4nnet24compute_output_buffer_2dINS_5arrayI8ap_fixedILi16ELi6EL9ap_q_mode5EL9_355 | {6 }
	Port: conv_2d_cl<array<ap_fixed,16u>,array<ap_fixed<41,21,5,3,0>,16u>,config7> : p_ZZN4nnet24compute_output_buffer_2dINS_5arrayI8ap_fixedILi16ELi6EL9ap_q_mode5EL9_372 | {2 6 }
	Port: conv_2d_cl<array<ap_fixed,16u>,array<ap_fixed<41,21,5,3,0>,16u>,config7> : p_ZZN4nnet24compute_output_buffer_2dINS_5arrayI8ap_fixedILi16ELi6EL9ap_q_mode5EL9_356 | {6 }
	Port: conv_2d_cl<array<ap_fixed,16u>,array<ap_fixed<41,21,5,3,0>,16u>,config7> : p_ZZN4nnet24compute_output_buffer_2dINS_5arrayI8ap_fixedILi16ELi6EL9ap_q_mode5EL9_373 | {2 6 }
	Port: conv_2d_cl<array<ap_fixed,16u>,array<ap_fixed<41,21,5,3,0>,16u>,config7> : p_ZZN4nnet24compute_output_buffer_2dINS_5arrayI8ap_fixedILi16ELi6EL9ap_q_mode5EL9_357 | {6 }
	Port: conv_2d_cl<array<ap_fixed,16u>,array<ap_fixed<41,21,5,3,0>,16u>,config7> : p_ZZN4nnet24compute_output_buffer_2dINS_5arrayI8ap_fixedILi16ELi6EL9ap_q_mode5EL9_374 | {2 5 }
	Port: conv_2d_cl<array<ap_fixed,16u>,array<ap_fixed<41,21,5,3,0>,16u>,config7> : p_ZZN4nnet24compute_output_buffer_2dINS_5arrayI8ap_fixedILi16ELi6EL9ap_q_mode5EL9_358 | {6 }
	Port: conv_2d_cl<array<ap_fixed,16u>,array<ap_fixed<41,21,5,3,0>,16u>,config7> : p_ZZN4nnet24compute_output_buffer_2dINS_5arrayI8ap_fixedILi16ELi6EL9ap_q_mode5EL9_375 | {2 5 }
	Port: conv_2d_cl<array<ap_fixed,16u>,array<ap_fixed<41,21,5,3,0>,16u>,config7> : p_ZZN4nnet24compute_output_buffer_2dINS_5arrayI8ap_fixedILi16ELi6EL9ap_q_mode5EL9_359 | {6 }
	Port: conv_2d_cl<array<ap_fixed,16u>,array<ap_fixed<41,21,5,3,0>,16u>,config7> : p_ZZN4nnet24compute_output_buffer_2dINS_5arrayI8ap_fixedILi16ELi6EL9ap_q_mode5EL9_376 | {2 6 }
	Port: conv_2d_cl<array<ap_fixed,16u>,array<ap_fixed<41,21,5,3,0>,16u>,config7> : p_ZZN4nnet24compute_output_buffer_2dINS_5arrayI8ap_fixedILi16ELi6EL9ap_q_mode5EL9_360 | {6 }
	Port: conv_2d_cl<array<ap_fixed,16u>,array<ap_fixed<41,21,5,3,0>,16u>,config7> : p_ZZN4nnet24compute_output_buffer_2dINS_5arrayI8ap_fixedILi16ELi6EL9ap_q_mode5EL9_377 | {2 6 }
	Port: conv_2d_cl<array<ap_fixed,16u>,array<ap_fixed<41,21,5,3,0>,16u>,config7> : p_ZZN4nnet24compute_output_buffer_2dINS_5arrayI8ap_fixedILi16ELi6EL9ap_q_mode5EL9_361 | {6 }
	Port: conv_2d_cl<array<ap_fixed,16u>,array<ap_fixed<41,21,5,3,0>,16u>,config7> : p_ZZN4nnet24compute_output_buffer_2dINS_5arrayI8ap_fixedILi16ELi6EL9ap_q_mode5EL9_378 | {2 6 }
	Port: conv_2d_cl<array<ap_fixed,16u>,array<ap_fixed<41,21,5,3,0>,16u>,config7> : p_ZZN4nnet24compute_output_buffer_2dINS_5arrayI8ap_fixedILi16ELi6EL9ap_q_mode5EL9_362 | {6 }
	Port: conv_2d_cl<array<ap_fixed,16u>,array<ap_fixed<41,21,5,3,0>,16u>,config7> : p_ZZN4nnet24compute_output_buffer_2dINS_5arrayI8ap_fixedILi16ELi6EL9ap_q_mode5EL9_379 | {2 6 }
	Port: conv_2d_cl<array<ap_fixed,16u>,array<ap_fixed<41,21,5,3,0>,16u>,config7> : p_ZZN4nnet24compute_output_buffer_2dINS_5arrayI8ap_fixedILi16ELi6EL9ap_q_mode5EL9_363 | {5 }
	Port: conv_2d_cl<array<ap_fixed,16u>,array<ap_fixed<41,21,5,3,0>,16u>,config7> : p_ZZN4nnet24compute_output_buffer_2dINS_5arrayI8ap_fixedILi16ELi6EL9ap_q_mode5EL9_380 | {2 6 }
	Port: conv_2d_cl<array<ap_fixed,16u>,array<ap_fixed<41,21,5,3,0>,16u>,config7> : p_ZZN4nnet24compute_output_buffer_2dINS_5arrayI8ap_fixedILi16ELi6EL9ap_q_mode5EL9_364 | {6 }
	Port: conv_2d_cl<array<ap_fixed,16u>,array<ap_fixed<41,21,5,3,0>,16u>,config7> : p_ZZN4nnet24compute_output_buffer_2dINS_5arrayI8ap_fixedILi16ELi6EL9ap_q_mode5EL9_281 | {2 7 }
	Port: conv_2d_cl<array<ap_fixed,16u>,array<ap_fixed<41,21,5,3,0>,16u>,config7> : p_ZZN4nnet24compute_output_buffer_2dINS_5arrayI8ap_fixedILi16ELi6EL9ap_q_mode5EL9_397 | {6 }
	Port: conv_2d_cl<array<ap_fixed,16u>,array<ap_fixed<41,21,5,3,0>,16u>,config7> : p_ZZN4nnet24compute_output_buffer_2dINS_5arrayI8ap_fixedILi16ELi6EL9ap_q_mode5EL9_282 | {2 7 }
	Port: conv_2d_cl<array<ap_fixed,16u>,array<ap_fixed<41,21,5,3,0>,16u>,config7> : p_ZZN4nnet24compute_output_buffer_2dINS_5arrayI8ap_fixedILi16ELi6EL9ap_q_mode5EL9_398 | {6 }
	Port: conv_2d_cl<array<ap_fixed,16u>,array<ap_fixed<41,21,5,3,0>,16u>,config7> : p_ZZN4nnet24compute_output_buffer_2dINS_5arrayI8ap_fixedILi16ELi6EL9ap_q_mode5EL9_283 | {2 7 }
	Port: conv_2d_cl<array<ap_fixed,16u>,array<ap_fixed<41,21,5,3,0>,16u>,config7> : p_ZZN4nnet24compute_output_buffer_2dINS_5arrayI8ap_fixedILi16ELi6EL9ap_q_mode5EL9_399 | {6 }
	Port: conv_2d_cl<array<ap_fixed,16u>,array<ap_fixed<41,21,5,3,0>,16u>,config7> : p_ZZN4nnet24compute_output_buffer_2dINS_5arrayI8ap_fixedILi16ELi6EL9ap_q_mode5EL9_284 | {2 7 }
	Port: conv_2d_cl<array<ap_fixed,16u>,array<ap_fixed<41,21,5,3,0>,16u>,config7> : p_ZZN4nnet24compute_output_buffer_2dINS_5arrayI8ap_fixedILi16ELi6EL9ap_q_mode5EL9_400 | {6 }
	Port: conv_2d_cl<array<ap_fixed,16u>,array<ap_fixed<41,21,5,3,0>,16u>,config7> : p_ZZN4nnet24compute_output_buffer_2dINS_5arrayI8ap_fixedILi16ELi6EL9ap_q_mode5EL9_285 | {2 7 }
	Port: conv_2d_cl<array<ap_fixed,16u>,array<ap_fixed<41,21,5,3,0>,16u>,config7> : p_ZZN4nnet24compute_output_buffer_2dINS_5arrayI8ap_fixedILi16ELi6EL9ap_q_mode5EL9_268 | {6 }
	Port: conv_2d_cl<array<ap_fixed,16u>,array<ap_fixed<41,21,5,3,0>,16u>,config7> : p_ZZN4nnet24compute_output_buffer_2dINS_5arrayI8ap_fixedILi16ELi6EL9ap_q_mode5EL9_286 | {2 7 }
	Port: conv_2d_cl<array<ap_fixed,16u>,array<ap_fixed<41,21,5,3,0>,16u>,config7> : p_ZZN4nnet24compute_output_buffer_2dINS_5arrayI8ap_fixedILi16ELi6EL9ap_q_mode5EL9_269 | {6 }
	Port: conv_2d_cl<array<ap_fixed,16u>,array<ap_fixed<41,21,5,3,0>,16u>,config7> : p_ZZN4nnet24compute_output_buffer_2dINS_5arrayI8ap_fixedILi16ELi6EL9ap_q_mode5EL9_287 | {2 7 }
	Port: conv_2d_cl<array<ap_fixed,16u>,array<ap_fixed<41,21,5,3,0>,16u>,config7> : p_ZZN4nnet24compute_output_buffer_2dINS_5arrayI8ap_fixedILi16ELi6EL9ap_q_mode5EL9_270 | {6 }
	Port: conv_2d_cl<array<ap_fixed,16u>,array<ap_fixed<41,21,5,3,0>,16u>,config7> : p_ZZN4nnet24compute_output_buffer_2dINS_5arrayI8ap_fixedILi16ELi6EL9ap_q_mode5EL9_288 | {2 7 }
	Port: conv_2d_cl<array<ap_fixed,16u>,array<ap_fixed<41,21,5,3,0>,16u>,config7> : p_ZZN4nnet24compute_output_buffer_2dINS_5arrayI8ap_fixedILi16ELi6EL9ap_q_mode5EL9_271 | {6 }
	Port: conv_2d_cl<array<ap_fixed,16u>,array<ap_fixed<41,21,5,3,0>,16u>,config7> : p_ZZN4nnet24compute_output_buffer_2dINS_5arrayI8ap_fixedILi16ELi6EL9ap_q_mode5EL9_290 | {2 7 }
	Port: conv_2d_cl<array<ap_fixed,16u>,array<ap_fixed<41,21,5,3,0>,16u>,config7> : p_ZZN4nnet24compute_output_buffer_2dINS_5arrayI8ap_fixedILi16ELi6EL9ap_q_mode5EL9_272 | {7 }
	Port: conv_2d_cl<array<ap_fixed,16u>,array<ap_fixed<41,21,5,3,0>,16u>,config7> : p_ZZN4nnet24compute_output_buffer_2dINS_5arrayI8ap_fixedILi16ELi6EL9ap_q_mode5EL9_291 | {2 7 }
	Port: conv_2d_cl<array<ap_fixed,16u>,array<ap_fixed<41,21,5,3,0>,16u>,config7> : p_ZZN4nnet24compute_output_buffer_2dINS_5arrayI8ap_fixedILi16ELi6EL9ap_q_mode5EL9_273 | {6 }
	Port: conv_2d_cl<array<ap_fixed,16u>,array<ap_fixed<41,21,5,3,0>,16u>,config7> : p_ZZN4nnet24compute_output_buffer_2dINS_5arrayI8ap_fixedILi16ELi6EL9ap_q_mode5EL9_292 | {2 7 }
	Port: conv_2d_cl<array<ap_fixed,16u>,array<ap_fixed<41,21,5,3,0>,16u>,config7> : p_ZZN4nnet24compute_output_buffer_2dINS_5arrayI8ap_fixedILi16ELi6EL9ap_q_mode5EL9_274 | {6 }
	Port: conv_2d_cl<array<ap_fixed,16u>,array<ap_fixed<41,21,5,3,0>,16u>,config7> : p_ZZN4nnet24compute_output_buffer_2dINS_5arrayI8ap_fixedILi16ELi6EL9ap_q_mode5EL9_293 | {2 7 }
	Port: conv_2d_cl<array<ap_fixed,16u>,array<ap_fixed<41,21,5,3,0>,16u>,config7> : p_ZZN4nnet24compute_output_buffer_2dINS_5arrayI8ap_fixedILi16ELi6EL9ap_q_mode5EL9_275 | {7 }
	Port: conv_2d_cl<array<ap_fixed,16u>,array<ap_fixed<41,21,5,3,0>,16u>,config7> : p_ZZN4nnet24compute_output_buffer_2dINS_5arrayI8ap_fixedILi16ELi6EL9ap_q_mode5EL9_294 | {2 7 }
	Port: conv_2d_cl<array<ap_fixed,16u>,array<ap_fixed<41,21,5,3,0>,16u>,config7> : p_ZZN4nnet24compute_output_buffer_2dINS_5arrayI8ap_fixedILi16ELi6EL9ap_q_mode5EL9_276 | {7 }
	Port: conv_2d_cl<array<ap_fixed,16u>,array<ap_fixed<41,21,5,3,0>,16u>,config7> : p_ZZN4nnet24compute_output_buffer_2dINS_5arrayI8ap_fixedILi16ELi6EL9ap_q_mode5EL9_295 | {2 7 }
	Port: conv_2d_cl<array<ap_fixed,16u>,array<ap_fixed<41,21,5,3,0>,16u>,config7> : p_ZZN4nnet24compute_output_buffer_2dINS_5arrayI8ap_fixedILi16ELi6EL9ap_q_mode5EL9_277 | {7 }
	Port: conv_2d_cl<array<ap_fixed,16u>,array<ap_fixed<41,21,5,3,0>,16u>,config7> : p_ZZN4nnet24compute_output_buffer_2dINS_5arrayI8ap_fixedILi16ELi6EL9ap_q_mode5EL9_296 | {2 7 }
	Port: conv_2d_cl<array<ap_fixed,16u>,array<ap_fixed<41,21,5,3,0>,16u>,config7> : p_ZZN4nnet24compute_output_buffer_2dINS_5arrayI8ap_fixedILi16ELi6EL9ap_q_mode5EL9_279 | {7 }
	Port: conv_2d_cl<array<ap_fixed,16u>,array<ap_fixed<41,21,5,3,0>,16u>,config7> : p_ZZN4nnet24compute_output_buffer_2dINS_5arrayI8ap_fixedILi16ELi6EL9ap_q_mode5EL9_297 | {2 7 }
	Port: conv_2d_cl<array<ap_fixed,16u>,array<ap_fixed<41,21,5,3,0>,16u>,config7> : p_ZZN4nnet24compute_output_buffer_2dINS_5arrayI8ap_fixedILi16ELi6EL9ap_q_mode5EL9_280 | {7 }
	Port: conv_2d_cl<array<ap_fixed,16u>,array<ap_fixed<41,21,5,3,0>,16u>,config7> : p_ZZN4nnet24compute_output_buffer_2dINS_5arrayI8ap_fixedILi16ELi6EL9ap_q_mode5EL9_333 | {2 5 }
	Port: conv_2d_cl<array<ap_fixed,16u>,array<ap_fixed<41,21,5,3,0>,16u>,config7> : p_ZZN4nnet24compute_output_buffer_2dINS_5arrayI8ap_fixedILi16ELi6EL9ap_q_mode5EL9_334 | {2 5 }
	Port: conv_2d_cl<array<ap_fixed,16u>,array<ap_fixed<41,21,5,3,0>,16u>,config7> : p_ZZN4nnet24compute_output_buffer_2dINS_5arrayI8ap_fixedILi16ELi6EL9ap_q_mode5EL9_335 | {2 5 }
	Port: conv_2d_cl<array<ap_fixed,16u>,array<ap_fixed<41,21,5,3,0>,16u>,config7> : p_ZZN4nnet24compute_output_buffer_2dINS_5arrayI8ap_fixedILi16ELi6EL9ap_q_mode5EL9_336 | {2 5 }
	Port: conv_2d_cl<array<ap_fixed,16u>,array<ap_fixed<41,21,5,3,0>,16u>,config7> : p_ZZN4nnet24compute_output_buffer_2dINS_5arrayI8ap_fixedILi16ELi6EL9ap_q_mode5EL9_337 | {2 5 }
	Port: conv_2d_cl<array<ap_fixed,16u>,array<ap_fixed<41,21,5,3,0>,16u>,config7> : p_ZZN4nnet24compute_output_buffer_2dINS_5arrayI8ap_fixedILi16ELi6EL9ap_q_mode5EL9_338 | {2 5 }
	Port: conv_2d_cl<array<ap_fixed,16u>,array<ap_fixed<41,21,5,3,0>,16u>,config7> : p_ZZN4nnet24compute_output_buffer_2dINS_5arrayI8ap_fixedILi16ELi6EL9ap_q_mode5EL9_339 | {2 5 }
	Port: conv_2d_cl<array<ap_fixed,16u>,array<ap_fixed<41,21,5,3,0>,16u>,config7> : p_ZZN4nnet24compute_output_buffer_2dINS_5arrayI8ap_fixedILi16ELi6EL9ap_q_mode5EL9_340 | {2 5 }
	Port: conv_2d_cl<array<ap_fixed,16u>,array<ap_fixed<41,21,5,3,0>,16u>,config7> : p_ZZN4nnet24compute_output_buffer_2dINS_5arrayI8ap_fixedILi16ELi6EL9ap_q_mode5EL9_341 | {2 5 }
	Port: conv_2d_cl<array<ap_fixed,16u>,array<ap_fixed<41,21,5,3,0>,16u>,config7> : p_ZZN4nnet24compute_output_buffer_2dINS_5arrayI8ap_fixedILi16ELi6EL9ap_q_mode5EL9_342 | {2 5 }
	Port: conv_2d_cl<array<ap_fixed,16u>,array<ap_fixed<41,21,5,3,0>,16u>,config7> : p_ZZN4nnet24compute_output_buffer_2dINS_5arrayI8ap_fixedILi16ELi6EL9ap_q_mode5EL9_343 | {2 5 }
	Port: conv_2d_cl<array<ap_fixed,16u>,array<ap_fixed<41,21,5,3,0>,16u>,config7> : p_ZZN4nnet24compute_output_buffer_2dINS_5arrayI8ap_fixedILi16ELi6EL9ap_q_mode5EL9_344 | {2 5 }
	Port: conv_2d_cl<array<ap_fixed,16u>,array<ap_fixed<41,21,5,3,0>,16u>,config7> : p_ZZN4nnet24compute_output_buffer_2dINS_5arrayI8ap_fixedILi16ELi6EL9ap_q_mode5EL9_345 | {2 5 }
	Port: conv_2d_cl<array<ap_fixed,16u>,array<ap_fixed<41,21,5,3,0>,16u>,config7> : p_ZZN4nnet24compute_output_buffer_2dINS_5arrayI8ap_fixedILi16ELi6EL9ap_q_mode5EL9_346 | {2 5 }
	Port: conv_2d_cl<array<ap_fixed,16u>,array<ap_fixed<41,21,5,3,0>,16u>,config7> : p_ZZN4nnet24compute_output_buffer_2dINS_5arrayI8ap_fixedILi16ELi6EL9ap_q_mode5EL9_347 | {2 5 }
	Port: conv_2d_cl<array<ap_fixed,16u>,array<ap_fixed<41,21,5,3,0>,16u>,config7> : p_ZZN4nnet24compute_output_buffer_2dINS_5arrayI8ap_fixedILi16ELi6EL9ap_q_mode5EL9_348 | {2 5 }
	Port: conv_2d_cl<array<ap_fixed,16u>,array<ap_fixed<41,21,5,3,0>,16u>,config7> : p_ZZN4nnet24compute_output_buffer_2dINS_5arrayI8ap_fixedILi16ELi6EL9ap_q_mode5EL9_381 | {2 6 }
	Port: conv_2d_cl<array<ap_fixed,16u>,array<ap_fixed<41,21,5,3,0>,16u>,config7> : p_ZZN4nnet24compute_output_buffer_2dINS_5arrayI8ap_fixedILi16ELi6EL9ap_q_mode5EL9_382 | {2 6 }
	Port: conv_2d_cl<array<ap_fixed,16u>,array<ap_fixed<41,21,5,3,0>,16u>,config7> : p_ZZN4nnet24compute_output_buffer_2dINS_5arrayI8ap_fixedILi16ELi6EL9ap_q_mode5EL9_383 | {2 6 }
	Port: conv_2d_cl<array<ap_fixed,16u>,array<ap_fixed<41,21,5,3,0>,16u>,config7> : p_ZZN4nnet24compute_output_buffer_2dINS_5arrayI8ap_fixedILi16ELi6EL9ap_q_mode5EL9_384 | {2 6 }
	Port: conv_2d_cl<array<ap_fixed,16u>,array<ap_fixed<41,21,5,3,0>,16u>,config7> : p_ZZN4nnet24compute_output_buffer_2dINS_5arrayI8ap_fixedILi16ELi6EL9ap_q_mode5EL9_385 | {2 5 }
	Port: conv_2d_cl<array<ap_fixed,16u>,array<ap_fixed<41,21,5,3,0>,16u>,config7> : p_ZZN4nnet24compute_output_buffer_2dINS_5arrayI8ap_fixedILi16ELi6EL9ap_q_mode5EL9_386 | {2 6 }
	Port: conv_2d_cl<array<ap_fixed,16u>,array<ap_fixed<41,21,5,3,0>,16u>,config7> : p_ZZN4nnet24compute_output_buffer_2dINS_5arrayI8ap_fixedILi16ELi6EL9ap_q_mode5EL9_387 | {2 6 }
	Port: conv_2d_cl<array<ap_fixed,16u>,array<ap_fixed<41,21,5,3,0>,16u>,config7> : p_ZZN4nnet24compute_output_buffer_2dINS_5arrayI8ap_fixedILi16ELi6EL9ap_q_mode5EL9_388 | {2 6 }
	Port: conv_2d_cl<array<ap_fixed,16u>,array<ap_fixed<41,21,5,3,0>,16u>,config7> : p_ZZN4nnet24compute_output_buffer_2dINS_5arrayI8ap_fixedILi16ELi6EL9ap_q_mode5EL9_389 | {2 6 }
	Port: conv_2d_cl<array<ap_fixed,16u>,array<ap_fixed<41,21,5,3,0>,16u>,config7> : p_ZZN4nnet24compute_output_buffer_2dINS_5arrayI8ap_fixedILi16ELi6EL9ap_q_mode5EL9_390 | {2 6 }
	Port: conv_2d_cl<array<ap_fixed,16u>,array<ap_fixed<41,21,5,3,0>,16u>,config7> : p_ZZN4nnet24compute_output_buffer_2dINS_5arrayI8ap_fixedILi16ELi6EL9ap_q_mode5EL9_391 | {2 6 }
	Port: conv_2d_cl<array<ap_fixed,16u>,array<ap_fixed<41,21,5,3,0>,16u>,config7> : p_ZZN4nnet24compute_output_buffer_2dINS_5arrayI8ap_fixedILi16ELi6EL9ap_q_mode5EL9_392 | {2 6 }
	Port: conv_2d_cl<array<ap_fixed,16u>,array<ap_fixed<41,21,5,3,0>,16u>,config7> : p_ZZN4nnet24compute_output_buffer_2dINS_5arrayI8ap_fixedILi16ELi6EL9ap_q_mode5EL9_393 | {2 6 }
	Port: conv_2d_cl<array<ap_fixed,16u>,array<ap_fixed<41,21,5,3,0>,16u>,config7> : p_ZZN4nnet24compute_output_buffer_2dINS_5arrayI8ap_fixedILi16ELi6EL9ap_q_mode5EL9_394 | {2 6 }
	Port: conv_2d_cl<array<ap_fixed,16u>,array<ap_fixed<41,21,5,3,0>,16u>,config7> : p_ZZN4nnet24compute_output_buffer_2dINS_5arrayI8ap_fixedILi16ELi6EL9ap_q_mode5EL9_395 | {2 6 }
	Port: conv_2d_cl<array<ap_fixed,16u>,array<ap_fixed<41,21,5,3,0>,16u>,config7> : p_ZZN4nnet24compute_output_buffer_2dINS_5arrayI8ap_fixedILi16ELi6EL9ap_q_mode5EL9_396 | {2 6 }
	Port: conv_2d_cl<array<ap_fixed,16u>,array<ap_fixed<41,21,5,3,0>,16u>,config7> : p_ZZN4nnet24compute_output_buffer_2dINS_5arrayI8ap_fixedILi16ELi6EL9ap_q_mode5EL9_298 | {2 6 }
	Port: conv_2d_cl<array<ap_fixed,16u>,array<ap_fixed<41,21,5,3,0>,16u>,config7> : p_ZZN4nnet24compute_output_buffer_2dINS_5arrayI8ap_fixedILi16ELi6EL9ap_q_mode5EL9_299 | {2 7 }
	Port: conv_2d_cl<array<ap_fixed,16u>,array<ap_fixed<41,21,5,3,0>,16u>,config7> : p_ZZN4nnet24compute_output_buffer_2dINS_5arrayI8ap_fixedILi16ELi6EL9ap_q_mode5EL9_301 | {2 7 }
	Port: conv_2d_cl<array<ap_fixed,16u>,array<ap_fixed<41,21,5,3,0>,16u>,config7> : p_ZZN4nnet24compute_output_buffer_2dINS_5arrayI8ap_fixedILi16ELi6EL9ap_q_mode5EL9_302 | {2 7 }
	Port: conv_2d_cl<array<ap_fixed,16u>,array<ap_fixed<41,21,5,3,0>,16u>,config7> : p_ZZN4nnet24compute_output_buffer_2dINS_5arrayI8ap_fixedILi16ELi6EL9ap_q_mode5EL9_303 | {2 7 }
	Port: conv_2d_cl<array<ap_fixed,16u>,array<ap_fixed<41,21,5,3,0>,16u>,config7> : p_ZZN4nnet24compute_output_buffer_2dINS_5arrayI8ap_fixedILi16ELi6EL9ap_q_mode5EL9_304 | {2 7 }
	Port: conv_2d_cl<array<ap_fixed,16u>,array<ap_fixed<41,21,5,3,0>,16u>,config7> : p_ZZN4nnet24compute_output_buffer_2dINS_5arrayI8ap_fixedILi16ELi6EL9ap_q_mode5EL9_305 | {2 7 }
	Port: conv_2d_cl<array<ap_fixed,16u>,array<ap_fixed<41,21,5,3,0>,16u>,config7> : p_ZZN4nnet24compute_output_buffer_2dINS_5arrayI8ap_fixedILi16ELi6EL9ap_q_mode5EL9_306 | {2 7 }
	Port: conv_2d_cl<array<ap_fixed,16u>,array<ap_fixed<41,21,5,3,0>,16u>,config7> : p_ZZN4nnet24compute_output_buffer_2dINS_5arrayI8ap_fixedILi16ELi6EL9ap_q_mode5EL9_307 | {2 7 }
	Port: conv_2d_cl<array<ap_fixed,16u>,array<ap_fixed<41,21,5,3,0>,16u>,config7> : p_ZZN4nnet24compute_output_buffer_2dINS_5arrayI8ap_fixedILi16ELi6EL9ap_q_mode5EL9_308 | {2 7 }
	Port: conv_2d_cl<array<ap_fixed,16u>,array<ap_fixed<41,21,5,3,0>,16u>,config7> : p_ZZN4nnet24compute_output_buffer_2dINS_5arrayI8ap_fixedILi16ELi6EL9ap_q_mode5EL9_309 | {2 7 }
	Port: conv_2d_cl<array<ap_fixed,16u>,array<ap_fixed<41,21,5,3,0>,16u>,config7> : p_ZZN4nnet24compute_output_buffer_2dINS_5arrayI8ap_fixedILi16ELi6EL9ap_q_mode5EL9_310 | {2 7 }
	Port: conv_2d_cl<array<ap_fixed,16u>,array<ap_fixed<41,21,5,3,0>,16u>,config7> : p_ZZN4nnet24compute_output_buffer_2dINS_5arrayI8ap_fixedILi16ELi6EL9ap_q_mode5EL9_312 | {2 7 }
	Port: conv_2d_cl<array<ap_fixed,16u>,array<ap_fixed<41,21,5,3,0>,16u>,config7> : p_ZZN4nnet24compute_output_buffer_2dINS_5arrayI8ap_fixedILi16ELi6EL9ap_q_mode5EL9_313 | {2 7 }
	Port: conv_2d_cl<array<ap_fixed,16u>,array<ap_fixed<41,21,5,3,0>,16u>,config7> : p_ZZN4nnet24compute_output_buffer_2dINS_5arrayI8ap_fixedILi16ELi6EL9ap_q_mode5EL9_314 | {2 7 }
	Port: conv_2d_cl<array<ap_fixed,16u>,array<ap_fixed<41,21,5,3,0>,16u>,config7> : p_ZZN4nnet24compute_output_buffer_2dINS_5arrayI8ap_fixedILi16ELi6EL9ap_q_mode5EL9_315 | {2 7 }
	Port: conv_2d_cl<array<ap_fixed,16u>,array<ap_fixed<41,21,5,3,0>,16u>,config7> : p_ZZN4nnet25conv_2d_buffer_latency_clINS_5arrayI8ap_fixedILi16ELi6EL9ap_q_mode5EL_63 | {2 }
	Port: conv_2d_cl<array<ap_fixed,16u>,array<ap_fixed<41,21,5,3,0>,16u>,config7> : p_ZZN4nnet25conv_2d_buffer_latency_clINS_5arrayI8ap_fixedILi16ELi6EL9ap_q_mode5EL_47 | {2 }
	Port: conv_2d_cl<array<ap_fixed,16u>,array<ap_fixed<41,21,5,3,0>,16u>,config7> : p_ZZN4nnet25conv_2d_buffer_latency_clINS_5arrayI8ap_fixedILi16ELi6EL9ap_q_mode5EL_62 | {2 }
	Port: conv_2d_cl<array<ap_fixed,16u>,array<ap_fixed<41,21,5,3,0>,16u>,config7> : p_ZZN4nnet25conv_2d_buffer_latency_clINS_5arrayI8ap_fixedILi16ELi6EL9ap_q_mode5EL_46 | {2 }
	Port: conv_2d_cl<array<ap_fixed,16u>,array<ap_fixed<41,21,5,3,0>,16u>,config7> : p_ZZN4nnet25conv_2d_buffer_latency_clINS_5arrayI8ap_fixedILi16ELi6EL9ap_q_mode5EL_55 | {2 }
	Port: conv_2d_cl<array<ap_fixed,16u>,array<ap_fixed<41,21,5,3,0>,16u>,config7> : p_ZZN4nnet25conv_2d_buffer_latency_clINS_5arrayI8ap_fixedILi16ELi6EL9ap_q_mode5EL_39 | {2 }
	Port: conv_2d_cl<array<ap_fixed,16u>,array<ap_fixed<41,21,5,3,0>,16u>,config7> : p_ZZN4nnet25conv_2d_buffer_latency_clINS_5arrayI8ap_fixedILi16ELi6EL9ap_q_mode5EL_54 | {2 }
	Port: conv_2d_cl<array<ap_fixed,16u>,array<ap_fixed<41,21,5,3,0>,16u>,config7> : p_ZZN4nnet25conv_2d_buffer_latency_clINS_5arrayI8ap_fixedILi16ELi6EL9ap_q_mode5EL_38 | {2 }
	Port: conv_2d_cl<array<ap_fixed,16u>,array<ap_fixed<41,21,5,3,0>,16u>,config7> : p_ZZN4nnet25conv_2d_buffer_latency_clINS_5arrayI8ap_fixedILi16ELi6EL9ap_q_mode5EL_53 | {2 }
	Port: conv_2d_cl<array<ap_fixed,16u>,array<ap_fixed<41,21,5,3,0>,16u>,config7> : p_ZZN4nnet25conv_2d_buffer_latency_clINS_5arrayI8ap_fixedILi16ELi6EL9ap_q_mode5EL_37 | {2 }
	Port: conv_2d_cl<array<ap_fixed,16u>,array<ap_fixed<41,21,5,3,0>,16u>,config7> : p_ZZN4nnet25conv_2d_buffer_latency_clINS_5arrayI8ap_fixedILi16ELi6EL9ap_q_mode5EL_52 | {2 }
	Port: conv_2d_cl<array<ap_fixed,16u>,array<ap_fixed<41,21,5,3,0>,16u>,config7> : p_ZZN4nnet25conv_2d_buffer_latency_clINS_5arrayI8ap_fixedILi16ELi6EL9ap_q_mode5EL_36 | {2 }
	Port: conv_2d_cl<array<ap_fixed,16u>,array<ap_fixed<41,21,5,3,0>,16u>,config7> : p_ZZN4nnet25conv_2d_buffer_latency_clINS_5arrayI8ap_fixedILi16ELi6EL9ap_q_mode5EL_51 | {2 }
	Port: conv_2d_cl<array<ap_fixed,16u>,array<ap_fixed<41,21,5,3,0>,16u>,config7> : p_ZZN4nnet25conv_2d_buffer_latency_clINS_5arrayI8ap_fixedILi16ELi6EL9ap_q_mode5EL_35 | {2 }
	Port: conv_2d_cl<array<ap_fixed,16u>,array<ap_fixed<41,21,5,3,0>,16u>,config7> : p_ZZN4nnet25conv_2d_buffer_latency_clINS_5arrayI8ap_fixedILi16ELi6EL9ap_q_mode5EL_50 | {2 }
	Port: conv_2d_cl<array<ap_fixed,16u>,array<ap_fixed<41,21,5,3,0>,16u>,config7> : p_ZZN4nnet25conv_2d_buffer_latency_clINS_5arrayI8ap_fixedILi16ELi6EL9ap_q_mode5EL_34 | {2 }
	Port: conv_2d_cl<array<ap_fixed,16u>,array<ap_fixed<41,21,5,3,0>,16u>,config7> : p_ZZN4nnet25conv_2d_buffer_latency_clINS_5arrayI8ap_fixedILi16ELi6EL9ap_q_mode5EL_49 | {2 }
	Port: conv_2d_cl<array<ap_fixed,16u>,array<ap_fixed<41,21,5,3,0>,16u>,config7> : p_ZZN4nnet25conv_2d_buffer_latency_clINS_5arrayI8ap_fixedILi16ELi6EL9ap_q_mode5EL_33 | {2 }
	Port: conv_2d_cl<array<ap_fixed,16u>,array<ap_fixed<41,21,5,3,0>,16u>,config7> : p_ZZN4nnet25conv_2d_buffer_latency_clINS_5arrayI8ap_fixedILi16ELi6EL9ap_q_mode5EL_48 | {2 }
	Port: conv_2d_cl<array<ap_fixed,16u>,array<ap_fixed<41,21,5,3,0>,16u>,config7> : p_ZZN4nnet25conv_2d_buffer_latency_clINS_5arrayI8ap_fixedILi16ELi6EL9ap_q_mode5EL_32 | {2 }
	Port: conv_2d_cl<array<ap_fixed,16u>,array<ap_fixed<41,21,5,3,0>,16u>,config7> : p_ZZN4nnet25conv_2d_buffer_latency_clINS_5arrayI8ap_fixedILi16ELi6EL9ap_q_mode5EL_61 | {2 }
	Port: conv_2d_cl<array<ap_fixed,16u>,array<ap_fixed<41,21,5,3,0>,16u>,config7> : p_ZZN4nnet25conv_2d_buffer_latency_clINS_5arrayI8ap_fixedILi16ELi6EL9ap_q_mode5EL_45 | {2 }
	Port: conv_2d_cl<array<ap_fixed,16u>,array<ap_fixed<41,21,5,3,0>,16u>,config7> : p_ZZN4nnet25conv_2d_buffer_latency_clINS_5arrayI8ap_fixedILi16ELi6EL9ap_q_mode5EL_60 | {2 }
	Port: conv_2d_cl<array<ap_fixed,16u>,array<ap_fixed<41,21,5,3,0>,16u>,config7> : p_ZZN4nnet25conv_2d_buffer_latency_clINS_5arrayI8ap_fixedILi16ELi6EL9ap_q_mode5EL_44 | {2 }
	Port: conv_2d_cl<array<ap_fixed,16u>,array<ap_fixed<41,21,5,3,0>,16u>,config7> : p_ZZN4nnet25conv_2d_buffer_latency_clINS_5arrayI8ap_fixedILi16ELi6EL9ap_q_mode5EL_59 | {2 }
	Port: conv_2d_cl<array<ap_fixed,16u>,array<ap_fixed<41,21,5,3,0>,16u>,config7> : p_ZZN4nnet25conv_2d_buffer_latency_clINS_5arrayI8ap_fixedILi16ELi6EL9ap_q_mode5EL_43 | {2 }
	Port: conv_2d_cl<array<ap_fixed,16u>,array<ap_fixed<41,21,5,3,0>,16u>,config7> : p_ZZN4nnet25conv_2d_buffer_latency_clINS_5arrayI8ap_fixedILi16ELi6EL9ap_q_mode5EL_58 | {2 }
	Port: conv_2d_cl<array<ap_fixed,16u>,array<ap_fixed<41,21,5,3,0>,16u>,config7> : p_ZZN4nnet25conv_2d_buffer_latency_clINS_5arrayI8ap_fixedILi16ELi6EL9ap_q_mode5EL_42 | {2 }
	Port: conv_2d_cl<array<ap_fixed,16u>,array<ap_fixed<41,21,5,3,0>,16u>,config7> : p_ZZN4nnet25conv_2d_buffer_latency_clINS_5arrayI8ap_fixedILi16ELi6EL9ap_q_mode5EL_57 | {2 }
	Port: conv_2d_cl<array<ap_fixed,16u>,array<ap_fixed<41,21,5,3,0>,16u>,config7> : p_ZZN4nnet25conv_2d_buffer_latency_clINS_5arrayI8ap_fixedILi16ELi6EL9ap_q_mode5EL_41 | {2 }
	Port: conv_2d_cl<array<ap_fixed,16u>,array<ap_fixed<41,21,5,3,0>,16u>,config7> : p_ZZN4nnet25conv_2d_buffer_latency_clINS_5arrayI8ap_fixedILi16ELi6EL9ap_q_mode5EL_56 | {2 }
	Port: conv_2d_cl<array<ap_fixed,16u>,array<ap_fixed<41,21,5,3,0>,16u>,config7> : p_ZZN4nnet25conv_2d_buffer_latency_clINS_5arrayI8ap_fixedILi16ELi6EL9ap_q_mode5EL_40 | {2 }
	Port: conv_2d_cl<array<ap_fixed,16u>,array<ap_fixed<41,21,5,3,0>,16u>,config7> : sX_5 | {3 }
	Port: conv_2d_cl<array<ap_fixed,16u>,array<ap_fixed<41,21,5,3,0>,16u>,config7> : sY_5 | {3 }
	Port: conv_2d_cl<array<ap_fixed,16u>,array<ap_fixed<41,21,5,3,0>,16u>,config7> : pY_5 | {3 }
	Port: conv_2d_cl<array<ap_fixed,16u>,array<ap_fixed<41,21,5,3,0>,16u>,config7> : pX_5 | {3 }
  - Chain level:
	State 1
		store_ln0 : 1
		indvar_flatten_load : 1
		icmp_ln25 : 2
		add_ln25 : 2
		br_ln25 : 3
		store_ln25 : 3
	State 2
		call_ln32 : 1
	State 3
	State 4
	State 5
	State 6
	State 7
	State 8
	State 9
	State 10
	State 11
	State 12


============================================================
+ Verbose Summary: Datapath Resource usage 
============================================================

* Functional unit list:
|----------|------------------------------------------------------------------------------------|---------|---------|---------|
| Operation|                                   Functional Unit                                  |   DSP   |    FF   |   LUT   |
|----------|------------------------------------------------------------------------------------|---------|---------|---------|
|   call   | grp_compute_output_buffer_2d_array_array_ap_fixed_41_21_5_3_0_16u_config7_s_fu_468 |   1671  |  70115  |  88025  |
|----------|------------------------------------------------------------------------------------|---------|---------|---------|
|   icmp   |                                  icmp_ln25_fu_858                                  |    0    |    0    |    20   |
|----------|------------------------------------------------------------------------------------|---------|---------|---------|
|    add   |                                   add_ln25_fu_864                                  |    0    |    0    |    20   |
|----------|------------------------------------------------------------------------------------|---------|---------|---------|
|   read   |                            layer14_out_read_read_fu_462                            |    0    |    0    |    0    |
|----------|------------------------------------------------------------------------------------|---------|---------|---------|
|   trunc  |                                  trunc_ln32_fu_875                                 |    0    |    0    |    0    |
|----------|------------------------------------------------------------------------------------|---------|---------|---------|
|          |                                 trunc_ln32_s_fu_880                                |    0    |    0    |    0    |
|          |                                trunc_ln32_15_fu_891                                |    0    |    0    |    0    |
|          |                                trunc_ln32_16_fu_902                                |    0    |    0    |    0    |
|          |                                trunc_ln32_17_fu_913                                |    0    |    0    |    0    |
|          |                                trunc_ln32_18_fu_924                                |    0    |    0    |    0    |
|          |                                trunc_ln32_19_fu_935                                |    0    |    0    |    0    |
|          |                                trunc_ln32_20_fu_946                                |    0    |    0    |    0    |
|partselect|                                trunc_ln32_21_fu_957                                |    0    |    0    |    0    |
|          |                                trunc_ln32_22_fu_968                                |    0    |    0    |    0    |
|          |                                trunc_ln32_23_fu_979                                |    0    |    0    |    0    |
|          |                                trunc_ln32_24_fu_990                                |    0    |    0    |    0    |
|          |                                trunc_ln32_25_fu_1001                               |    0    |    0    |    0    |
|          |                                trunc_ln32_26_fu_1012                               |    0    |    0    |    0    |
|          |                                trunc_ln32_27_fu_1023                               |    0    |    0    |    0    |
|          |                                trunc_ln32_28_fu_1034                               |    0    |    0    |    0    |
|----------|------------------------------------------------------------------------------------|---------|---------|---------|
|   Total  |                                                                                    |   1671  |  70115  |  88065  |
|----------|------------------------------------------------------------------------------------|---------|---------|---------|

Memories:
N/A

* Register list:
+-----------------------+--------+
|                       |   FF   |
+-----------------------+--------+
|   icmp_ln25_reg_1052  |    1   |
|indvar_flatten_reg_1045|   13   |
+-----------------------+--------+
|         Total         |   14   |
+-----------------------+--------+

* Multiplexer (MUX) list: 
|--------|------|------|------|--------|
|  Comp  |  Pin | Size |  BW  | S x BW |
|--------|------|------|------|--------|
|  Total |      |      |      |    0   |
|--------|------|------|------|--------|



* Summary:
+-----------+--------+--------+--------+
|           |   DSP  |   FF   |   LUT  |
+-----------+--------+--------+--------+
|  Function |  1671  |  70115 |  88065 |
|   Memory  |    -   |    -   |    -   |
|Multiplexer|    -   |    -   |    -   |
|  Register |    -   |   14   |    -   |
+-----------+--------+--------+--------+
|   Total   |  1671  |  70129 |  88065 |
+-----------+--------+--------+--------+
