

================================================================
== Vitis HLS Report for 'conv_2d_cl_array_ap_fixed_4u_array_ap_fixed_10_2_5_3_0_4u_config5_s'
================================================================
* Date:           Fri Apr 24 00:23:00 2026

* Version:        2025.2 (Build 6295257 on Nov 14 2025)
* Project:        folo_prj
* Solution:       solution1 (Vivado IP Flow Target)
* Product family: kintexu
* Target device:  xcku035-fbva676-2-e


================================================================
== Performance Estimates
================================================================
+ Timing: 
    * Summary: 
    +--------+---------+----------+------------+
    |  Clock |  Target | Estimated| Uncertainty|
    +--------+---------+----------+------------+
    |ap_clk  |  5.00 ns|  3.639 ns|     1.35 ns|
    +--------+---------+----------+------------+

+ Latency: 
    * Summary: 
    +---------+---------+----------+----------+--------+--------+------------------------------------------------+
    |  Latency (cycles) |  Latency (absolute) |     Interval    |                    Pipeline                    |
    |   min   |   max   |    min   |    max   |   min  |   max  |                      Type                      |
    +---------+---------+----------+----------+--------+--------+------------------------------------------------+
    |   135202|   135202|  0.676 ms|  0.676 ms|  135200|  135200|  loop auto-rewind stp (delay=0 clock cycles(s))|
    +---------+---------+----------+----------+--------+--------+------------------------------------------------+

    + Detail: 
        * Instance: 
        +----------------------------------------------------------------------------------+-----------------------------------------------------------------------+---------+---------+-----------+-----------+-----+-----+---------+
        |                                                                                  |                                                                       |  Latency (cycles) |   Latency (absolute)  |  Interval | Pipeline|
        |                                     Instance                                     |                                 Module                                |   min   |   max   |    min    |    max    | min | max |   Type  |
        +----------------------------------------------------------------------------------+-----------------------------------------------------------------------+---------+---------+-----------+-----------+-----+-----+---------+
        |grp_compute_output_buffer_2d_array_array_ap_fixed_10_2_5_3_0_4u_config5_s_fu_158  |compute_output_buffer_2d_array_array_ap_fixed_10_2_5_3_0_4u_config5_s  |        7|        7|  35.000 ns|  35.000 ns|    8|    8|      yes|
        +----------------------------------------------------------------------------------+-----------------------------------------------------------------------+---------+---------+-----------+-----------+-----+-----+---------+

        * Loop: 
        +----------------------------------+---------+---------+----------+-----------+-----------+-------+----------+
        |                                  |  Latency (cycles) | Iteration|  Initiation Interval  |  Trip |          |
        |             Loop Name            |   min   |   max   |  Latency |  achieved |   target  | Count | Pipelined|
        +----------------------------------+---------+---------+----------+-----------+-----------+-------+----------+
        |- ReadInputHeight_ReadInputWidth  |   135200|   135200|         9|          8|          8|  16900|       yes|
        +----------------------------------+---------+---------+----------+-----------+-----------+-------+----------+



================================================================
== Utilization Estimates
================================================================
* Summary: 
+-----------------+---------+------+--------+--------+-----+
|       Name      | BRAM_18K|  DSP |   FF   |   LUT  | URAM|
+-----------------+---------+------+--------+--------+-----+
|DSP              |        -|     -|       -|       -|    -|
|Expression       |        -|     -|       0|      54|    -|
|FIFO             |        -|     -|       -|       -|    -|
|Instance         |        -|    18|    2280|    6120|    -|
|Memory           |        -|     -|       -|       -|    -|
|Multiplexer      |        -|     -|       0|     130|    -|
|Register         |        -|     -|      30|       -|    -|
+-----------------+---------+------+--------+--------+-----+
|Total            |        0|    18|    2310|    6304|    0|
+-----------------+---------+------+--------+--------+-----+
|Available        |     1080|  1700|  406256|  203128|    0|
+-----------------+---------+------+--------+--------+-----+
|Utilization (%)  |        0|     1|      ~0|       3|    0|
+-----------------+---------+------+--------+--------+-----+

+ Detail: 
    * Instance: 
    +----------------------------------------------------------------------------------+-----------------------------------------------------------------------+---------+----+------+------+-----+
    |                                     Instance                                     |                                 Module                                | BRAM_18K| DSP|  FF  |  LUT | URAM|
    +----------------------------------------------------------------------------------+-----------------------------------------------------------------------+---------+----+------+------+-----+
    |grp_compute_output_buffer_2d_array_array_ap_fixed_10_2_5_3_0_4u_config5_s_fu_158  |compute_output_buffer_2d_array_array_ap_fixed_10_2_5_3_0_4u_config5_s  |        0|  18|  2280|  6120|    0|
    +----------------------------------------------------------------------------------+-----------------------------------------------------------------------+---------+----+------+------+-----+
    |Total                                                                             |                                                                       |        0|  18|  2280|  6120|    0|
    +----------------------------------------------------------------------------------+-----------------------------------------------------------------------+---------+----+------+------+-----+

    * DSP: 
    N/A

    * Memory: 
    N/A

    * FIFO: 
    N/A

    * Expression: 
    +------------------------------------------+----------+----+---+----+------------+------------+
    |               Variable Name              | Operation| DSP| FF| LUT| Bitwidth P0| Bitwidth P1|
    +------------------------------------------+----------+----+---+----+------------+------------+
    |add_ln25_fu_272_p2                        |         +|   0|  0|  22|          15|           1|
    |ap_block_pp0_stage0_11001_ignoreCallOp37  |       and|   0|  0|   2|           1|           1|
    |ap_condition_214                          |       and|   0|  0|   2|           1|           1|
    |icmp_ln25_fu_278_p2                       |      icmp|   0|  0|  22|          15|          15|
    |ap_block_pp0_stage0_11001                 |        or|   0|  0|   2|           1|           1|
    |ap_block_pp0_stage1_11001_grp1            |        or|   0|  0|   2|           1|           1|
    |ap_enable_pp0                             |       xor|   0|  0|   2|           1|           2|
    +------------------------------------------+----------+----+---+----+------------+------------+
    |Total                                     |          |   0|  0|  54|          35|          22|
    +------------------------------------------+----------+----+---+----+------------+------------+

    * Multiplexer: 
    +---------------------------------------+----+-----------+-----+-----------+
    |                  Name                 | LUT| Input Size| Bits| Total Bits|
    +---------------------------------------+----+-----------+-----+-----------+
    |ap_NS_fsm                              |  49|          9|    1|          9|
    |ap_done_int                            |   9|          2|    1|          2|
    |ap_enable_reg_pp0_iter0                |   9|          2|    1|          2|
    |ap_enable_reg_pp0_iter1                |   9|          2|    1|          2|
    |ap_loop_exit_ready_pp0_iter1_reg       |   9|          2|    1|          2|
    |ap_sig_allocacmp_indvar_flatten2_load  |   9|          2|   15|         30|
    |indvar_flatten2_fu_148                 |   9|          2|   15|         30|
    |layer31_out_blk_n                      |   9|          2|    1|          2|
    |layer5_out_blk_n                       |   9|          2|    1|          2|
    |real_start                             |   9|          2|    1|          2|
    +---------------------------------------+----+-----------+-----+-----------+
    |Total                                  | 130|         27|   38|         83|
    +---------------------------------------+----+-----------+-----+-----------+

    * Register: 
    +-----------------------------------------------------------------------------------------------+----+----+-----+-----------+
    |                                              Name                                             | FF | LUT| Bits| Const Bits|
    +-----------------------------------------------------------------------------------------------+----+----+-----+-----------+
    |ap_CS_fsm                                                                                      |   8|   0|    8|          0|
    |ap_done_reg                                                                                    |   1|   0|    1|          0|
    |ap_enable_reg_pp0_iter0_reg                                                                    |   1|   0|    1|          0|
    |ap_enable_reg_pp0_iter1                                                                        |   1|   0|    1|          0|
    |ap_loop_exit_ready_pp0_iter1_reg                                                               |   1|   0|    1|          0|
    |grp_compute_output_buffer_2d_array_array_ap_fixed_10_2_5_3_0_4u_config5_s_fu_158_ap_start_reg  |   1|   0|    1|          0|
    |icmp_ln25_reg_334                                                                              |   1|   0|    1|          0|
    |indvar_flatten2_fu_148                                                                         |  15|   0|   15|          0|
    |start_once_reg                                                                                 |   1|   0|    1|          0|
    +-----------------------------------------------------------------------------------------------+----+----+-----+-----------+
    |Total                                                                                          |  30|   0|   30|          0|
    +-----------------------------------------------------------------------------------------------+----+----+-----+-----------+



================================================================
== Interface
================================================================
* Summary: 
+----------------------------+-----+-----+------------+-----------------------------------------------------------------------+--------------+
|          RTL Ports         | Dir | Bits|  Protocol  |                             Source Object                             |    C Type    |
+----------------------------+-----+-----+------------+-----------------------------------------------------------------------+--------------+
|ap_clk                      |   in|    1|  ap_ctrl_hs|  conv_2d_cl<array<ap_fixed,4u>,array<ap_fixed<10,2,5,3,0>,4u>,config5>|  return value|
|ap_rst                      |   in|    1|  ap_ctrl_hs|  conv_2d_cl<array<ap_fixed,4u>,array<ap_fixed<10,2,5,3,0>,4u>,config5>|  return value|
|ap_start                    |   in|    1|  ap_ctrl_hs|  conv_2d_cl<array<ap_fixed,4u>,array<ap_fixed<10,2,5,3,0>,4u>,config5>|  return value|
|start_full_n                |   in|    1|  ap_ctrl_hs|  conv_2d_cl<array<ap_fixed,4u>,array<ap_fixed<10,2,5,3,0>,4u>,config5>|  return value|
|ap_done                     |  out|    1|  ap_ctrl_hs|  conv_2d_cl<array<ap_fixed,4u>,array<ap_fixed<10,2,5,3,0>,4u>,config5>|  return value|
|ap_continue                 |   in|    1|  ap_ctrl_hs|  conv_2d_cl<array<ap_fixed,4u>,array<ap_fixed<10,2,5,3,0>,4u>,config5>|  return value|
|ap_idle                     |  out|    1|  ap_ctrl_hs|  conv_2d_cl<array<ap_fixed,4u>,array<ap_fixed<10,2,5,3,0>,4u>,config5>|  return value|
|ap_ready                    |  out|    1|  ap_ctrl_hs|  conv_2d_cl<array<ap_fixed,4u>,array<ap_fixed<10,2,5,3,0>,4u>,config5>|  return value|
|start_out                   |  out|    1|  ap_ctrl_hs|  conv_2d_cl<array<ap_fixed,4u>,array<ap_fixed<10,2,5,3,0>,4u>,config5>|  return value|
|start_write                 |  out|    1|  ap_ctrl_hs|  conv_2d_cl<array<ap_fixed,4u>,array<ap_fixed<10,2,5,3,0>,4u>,config5>|  return value|
|layer31_out_dout            |   in|   64|     ap_fifo|                                                            layer31_out|       pointer|
|layer31_out_empty_n         |   in|    1|     ap_fifo|                                                            layer31_out|       pointer|
|layer31_out_read            |  out|    1|     ap_fifo|                                                            layer31_out|       pointer|
|layer31_out_num_data_valid  |   in|    9|     ap_fifo|                                                            layer31_out|       pointer|
|layer31_out_fifo_cap        |   in|    9|     ap_fifo|                                                            layer31_out|       pointer|
|layer5_out_din              |  out|   40|     ap_fifo|                                                             layer5_out|       pointer|
|layer5_out_full_n           |   in|    1|     ap_fifo|                                                             layer5_out|       pointer|
|layer5_out_write            |  out|    1|     ap_fifo|                                                             layer5_out|       pointer|
|layer5_out_num_data_valid   |   in|    2|     ap_fifo|                                                             layer5_out|       pointer|
|layer5_out_fifo_cap         |   in|    2|     ap_fifo|                                                             layer5_out|       pointer|
+----------------------------+-----+-----+------------+-----------------------------------------------------------------------+--------------+

============================================================
+ Verbose Summary: Synthesis Manager
============================================================
InlineROM: 1
ExposeGlobal: 0
============================================================
+ Verbose Summary: CDFG Model
============================================================
IsTopModel: 0
ResetActiveHigh: 1
IsCombinational: 2
IsDatapathOnly: 0
HasWiredReturn: 1
HasMFsm: 2
HasVarLatency: 1
IsPipeline: 0
IsRtlPipelined: 0
IsInstanceOverlapped: 0
IsDontTouch: 0
HasImplIP: 0
IsGatedGlobalClock: 0

+ Individual pipeline summary: 
  * Pipeline-0: initiation interval (II) = 8, depth = 9


============================================================
+ Verbose Summary: Schedule
============================================================
* Number of FSM states : 9
* Pipeline : 1
  Pipeline-0 : II = 8, D = 9, States = { 1 2 3 4 5 6 7 8 9 }
* Dataflow Pipeline: 0

* FSM state transitions: 
1 --> 2 
2 --> 3 
3 --> 4 
4 --> 5 
5 --> 6 
6 --> 7 
7 --> 8 
8 --> 9 
9 --> 

* FSM state operations: 

State 1 <SV = 0> <Delay = 2.47>
ST_1 : Operation 12 [1/1] (0.00ns)   --->   "%indvar_flatten2 = alloca i32 1"   --->   Operation 12 'alloca' 'indvar_flatten2' <Predicate = true> <Delay = 0.00>
ST_1 : Operation 13 [1/1] (0.00ns)   --->   "%specinterface_ln0 = specinterface void @_ssdm_op_SpecInterface, i40 %layer5_out, void @empty_2, i32 0, i32 0, void @empty_1, i32 0, i32 0, void @empty_1, void @empty_1, void @empty_1, i32 0, i32 0, i32 0, i32 0, void @empty_1, void @empty_1, i32 4294967295, i32 0, i32 0, i32 0"   --->   Operation 13 'specinterface' 'specinterface_ln0' <Predicate = true> <Delay = 0.00>
ST_1 : Operation 14 [1/1] (0.00ns)   --->   "%specinterface_ln0 = specinterface void @_ssdm_op_SpecInterface, i64 %layer31_out, void @empty_2, i32 0, i32 0, void @empty_1, i32 0, i32 0, void @empty_1, void @empty_1, void @empty_1, i32 0, i32 0, i32 0, i32 0, void @empty_1, void @empty_1, i32 4294967295, i32 0, i32 0, i32 0"   --->   Operation 14 'specinterface' 'specinterface_ln0' <Predicate = true> <Delay = 0.00>
ST_1 : Operation 15 [1/1] (0.53ns)   --->   "%store_ln0 = store i15 0, i15 %indvar_flatten2"   --->   Operation 15 'store' 'store_ln0' <Predicate = true> <Delay = 0.53>
ST_1 : Operation 16 [1/1] (0.00ns)   --->   "%br_ln0 = br void %for.cond.cleanup11.i"   --->   Operation 16 'br' 'br_ln0' <Predicate = true> <Delay = 0.00>
ST_1 : Operation 17 [1/1] (0.00ns)   --->   "%indvar_flatten2_load = load i15 %indvar_flatten2" [firmware/nnet_utils/nnet_conv2d_stream.h:25->firmware/nnet_utils/nnet_conv2d_stream.h:76]   --->   Operation 17 'load' 'indvar_flatten2_load' <Predicate = true> <Delay = 0.00>
ST_1 : Operation 18 [1/1] (1.40ns)   --->   "%add_ln25 = add i15 %indvar_flatten2_load, i15 1" [firmware/nnet_utils/nnet_conv2d_stream.h:25->firmware/nnet_utils/nnet_conv2d_stream.h:76]   --->   Operation 18 'add' 'add_ln25' <Predicate = true> <Delay = 1.40> <CoreInst = "Adder">   --->   Core 1 'Adder' <Latency = 0> <II = 1> <Delay = 1.40> <FuncUnit> <Opcode : 'add' 'sub'> <InPorts = 2> <OutPorts = 1>
ST_1 : Operation 19 [1/1] (1.40ns)   --->   "%icmp_ln25 = icmp_eq  i15 %indvar_flatten2_load, i15 16899" [firmware/nnet_utils/nnet_conv2d_stream.h:25->firmware/nnet_utils/nnet_conv2d_stream.h:76]   --->   Operation 19 'icmp' 'icmp_ln25' <Predicate = true> <Delay = 1.40> <CoreInst = "Cmp">   --->   Core 9 'Cmp' <Latency = 0> <II = 1> <Delay = 1.40> <FuncUnit> <Opcode : 'seteq' 'setne' 'setle' 'setge' 'setlt' 'setgt'> <InPorts = 2> <OutPorts = 1>
ST_1 : Operation 20 [1/1] (0.53ns)   --->   "%store_ln25 = store i15 %add_ln25, i15 %indvar_flatten2" [firmware/nnet_utils/nnet_conv2d_stream.h:25->firmware/nnet_utils/nnet_conv2d_stream.h:76]   --->   Operation 20 'store' 'store_ln25' <Predicate = true> <Delay = 0.53>
ST_1 : Operation 21 [1/1] (0.00ns)   --->   "%br_ln25 = br i1 %icmp_ln25, void %for.cond.cleanup11.i, void %_ZN4nnet25conv_2d_buffer_latency_clINS_5arrayI8ap_fixedILi16ELi6EL9ap_q_mode5EL9ap_o_mode3ELi0EELj4EEENS1_IS2_ILi10ELi2ELS3_5ELS4_3ELi0EELj4EEE7config5EEvRN3hls6streamIT_Li0EEERNSB_IT0_Li0EEEPNT1_8weight_tEPNSI_6bias_tE.23.exit" [firmware/nnet_utils/nnet_conv2d_stream.h:25->firmware/nnet_utils/nnet_conv2d_stream.h:76]   --->   Operation 21 'br' 'br_ln25' <Predicate = true> <Delay = 0.00>

State 2 <SV = 1> <Delay = 1.82>
ST_2 : Operation 22 [1/1] ( I:1.82ns O:1.82ns )   --->   "%layer31_out_read = read i64 @_ssdm_op_Read.ap_fifo.volatile.i64P0A, i64 %layer31_out" [firmware/nnet_utils/nnet_conv2d_stream.h:32->firmware/nnet_utils/nnet_conv2d_stream.h:76]   --->   Operation 22 'read' 'layer31_out_read' <Predicate = true> <Delay = 1.82> <CoreInst = "FIFO">   --->   Core 77 'FIFO' <Latency = 0> <II = 1> <Delay = 2.17> <Storage> <Opcode : 'read' 'write' 'nbread' 'nbwrite'> <Ports = 0> <Width = 64> <Depth = 245> <FIFO>
ST_2 : Operation 23 [1/1] (0.00ns)   --->   "%trunc_ln32 = trunc i64 %layer31_out_read" [firmware/nnet_utils/nnet_conv2d_stream.h:32->firmware/nnet_utils/nnet_conv2d_stream.h:76]   --->   Operation 23 'trunc' 'trunc_ln32' <Predicate = true> <Delay = 0.00>
ST_2 : Operation 24 [1/1] (0.00ns)   --->   "%trunc_ln32_1 = partselect i16 @_ssdm_op_PartSelect.i16.i64.i32.i32, i64 %layer31_out_read, i32 16, i32 31" [firmware/nnet_utils/nnet_conv2d_stream.h:32->firmware/nnet_utils/nnet_conv2d_stream.h:76]   --->   Operation 24 'partselect' 'trunc_ln32_1' <Predicate = true> <Delay = 0.00>
ST_2 : Operation 25 [1/1] (0.00ns)   --->   "%trunc_ln32_2 = partselect i16 @_ssdm_op_PartSelect.i16.i64.i32.i32, i64 %layer31_out_read, i32 32, i32 47" [firmware/nnet_utils/nnet_conv2d_stream.h:32->firmware/nnet_utils/nnet_conv2d_stream.h:76]   --->   Operation 25 'partselect' 'trunc_ln32_2' <Predicate = true> <Delay = 0.00>
ST_2 : Operation 26 [1/1] (0.00ns)   --->   "%trunc_ln32_3 = partselect i16 @_ssdm_op_PartSelect.i16.i64.i32.i32, i64 %layer31_out_read, i32 48, i32 63" [firmware/nnet_utils/nnet_conv2d_stream.h:32->firmware/nnet_utils/nnet_conv2d_stream.h:76]   --->   Operation 26 'partselect' 'trunc_ln32_3' <Predicate = true> <Delay = 0.00>
ST_2 : Operation 27 [8/8] (0.00ns)   --->   "%call_ln32 = call void @compute_output_buffer_2d<array,array<ap_fixed<10,2,5,3,0>,4u>,config5>, i16 %trunc_ln32, i16 %trunc_ln32_1, i16 %trunc_ln32_2, i16 %trunc_ln32_3, i40 %layer5_out, i16 %void_compute_output_buffer_2d_array_const_ap_shift_reg_n_chan_stream_weig_5, i16 %void_compute_output_buffer_2d_array_const_ap_shift_reg_n_chan_stream_weig_9, i16 %void_compute_output_buffer_2d_array_const_ap_shift_reg_n_chan_stream_weig_4, i16 %void_compute_output_buffer_2d_array_const_ap_shift_reg_n_chan_stream_weig_8, i16 %void_compute_output_buffer_2d_array_const_ap_shift_reg_n_chan_stream_weig_3, i16 %void_compute_output_buffer_2d_array_const_ap_shift_reg_n_chan_stream_weig_7, i16 %void_compute_output_buffer_2d_array_const_ap_shift_reg_n_chan_stream_weig_2, i16 %void_compute_output_buffer_2d_array_const_ap_shift_reg_n_chan_stream_weig_6, i16 %p_ZZN4nnet24compute_output_buffer_2dINS_5arrayI8ap_fixedILi16ELi6EL9ap_q_mode5EL9_19, i16 %p_ZZN4nnet24compute_output_buffer_2dINS_5arrayI8ap_fixedILi16ELi6EL9ap_q_mode5EL9_23, i16 %p_ZZN4nnet24compute_output_buffer_2dINS_5arrayI8ap_fixedILi16ELi6EL9ap_q_mode5EL9_18, i16 %p_ZZN4nnet24compute_output_buffer_2dINS_5arrayI8ap_fixedILi16ELi6EL9ap_q_mode5EL9_22, i16 %p_ZZN4nnet24compute_output_buffer_2dINS_5arrayI8ap_fixedILi16ELi6EL9ap_q_mode5EL9_17, i16 %p_ZZN4nnet24compute_output_buffer_2dINS_5arrayI8ap_fixedILi16ELi6EL9ap_q_mode5EL9_21, i16 %p_ZZN4nnet24compute_output_buffer_2dINS_5arrayI8ap_fixedILi16ELi6EL9ap_q_mode5EL9_16, i16 %p_ZZN4nnet24compute_output_buffer_2dINS_5arrayI8ap_fixedILi16ELi6EL9ap_q_mode5EL9_20, i16 %p_ZZN4nnet24compute_output_buffer_2dINS_5arrayI8ap_fixedILi16ELi6EL9ap_q_mode5EL9_7, i16 %p_ZZN4nnet24compute_output_buffer_2dINS_5arrayI8ap_fixedILi16ELi6EL9ap_q_mode5EL9_11, i16 %p_ZZN4nnet24compute_output_buffer_2dINS_5arrayI8ap_fixedILi16ELi6EL9ap_q_mode5EL9_6, i16 %p_ZZN4nnet24compute_output_buffer_2dINS_5arrayI8ap_fixedILi16ELi6EL9ap_q_mode5EL9_10, i16 %p_ZZN4nnet24compute_output_buffer_2dINS_5arrayI8ap_fixedILi16ELi6EL9ap_q_mode5EL9_5, i16 %p_ZZN4nnet24compute_output_buffer_2dINS_5arrayI8ap_fixedILi16ELi6EL9ap_q_mode5EL9_9, i16 %p_ZZN4nnet24compute_output_buffer_2dINS_5arrayI8ap_fixedILi16ELi6EL9ap_q_mode5EL9_4, i16 %p_ZZN4nnet24compute_output_buffer_2dINS_5arrayI8ap_fixedILi16ELi6EL9ap_q_mode5EL9_8, i16 %void_compute_output_buffer_2d_array_const_ap_shift_reg_n_chan_stream_weig_1, i16 %void_compute_output_buffer_2d_array_const_ap_shift_reg_n_chan_stream_weig, i16 %p_ZZN4nnet24compute_output_buffer_2dINS_5arrayI8ap_fixedILi16ELi6EL9ap_q_mode5EL9_25, i16 %p_ZZN4nnet24compute_output_buffer_2dINS_5arrayI8ap_fixedILi16ELi6EL9ap_q_mode5EL9_24, i16 %p_ZZN4nnet24compute_output_buffer_2dINS_5arrayI8ap_fixedILi16ELi6EL9ap_q_mode5EL9_15, i16 %p_ZZN4nnet24compute_output_buffer_2dINS_5arrayI8ap_fixedILi16ELi6EL9ap_q_mode5EL9_14, i16 %p_ZZN4nnet24compute_output_buffer_2dINS_5arrayI8ap_fixedILi16ELi6EL9ap_q_mode5EL9_13, i16 %p_ZZN4nnet24compute_output_buffer_2dINS_5arrayI8ap_fixedILi16ELi6EL9ap_q_mode5EL9_12, i16 %p_ZZN4nnet24compute_output_buffer_2dINS_5arrayI8ap_fixedILi16ELi6EL9ap_q_mode5EL9_3, i16 %p_ZZN4nnet24compute_output_buffer_2dINS_5arrayI8ap_fixedILi16ELi6EL9ap_q_mode5EL9_2, i16 %p_ZZN4nnet24compute_output_buffer_2dINS_5arrayI8ap_fixedILi16ELi6EL9ap_q_mode5EL9_1, i16 %p_ZZN4nnet24compute_output_buffer_2dINS_5arrayI8ap_fixedILi16ELi6EL9ap_q_mode5EL9, i16 %p_ZZN4nnet25conv_2d_buffer_latency_clINS_5arrayI8ap_fixedILi16ELi6EL9ap_q_mode5EL_7, i16 %p_ZZN4nnet25conv_2d_buffer_latency_clINS_5arrayI8ap_fixedILi16ELi6EL9ap_q_mode5EL_3, i16 %p_ZZN4nnet25conv_2d_buffer_latency_clINS_5arrayI8ap_fixedILi16ELi6EL9ap_q_mode5EL_6, i16 %p_ZZN4nnet25conv_2d_buffer_latency_clINS_5arrayI8ap_fixedILi16ELi6EL9ap_q_mode5EL_2, i16 %p_ZZN4nnet25conv_2d_buffer_latency_clINS_5arrayI8ap_fixedILi16ELi6EL9ap_q_mode5EL_5, i16 %p_ZZN4nnet25conv_2d_buffer_latency_clINS_5arrayI8ap_fixedILi16ELi6EL9ap_q_mode5EL_1, i16 %p_ZZN4nnet25conv_2d_buffer_latency_clINS_5arrayI8ap_fixedILi16ELi6EL9ap_q_mode5EL_4, i16 %p_ZZN4nnet25conv_2d_buffer_latency_clINS_5arrayI8ap_fixedILi16ELi6EL9ap_q_mode5EL, i32 %sX, i32 %sY, i32 %pY, i32 %pX" [firmware/nnet_utils/nnet_conv2d_stream.h:32->firmware/nnet_utils/nnet_conv2d_stream.h:76]   --->   Operation 27 'call' 'call_ln32' <Predicate = true> <Delay = 0.00> <CoreType = "Generic">   --->   Generic Core

State 3 <SV = 2> <Delay = 0.00>
ST_3 : Operation 28 [7/8] (0.00ns)   --->   "%call_ln32 = call void @compute_output_buffer_2d<array,array<ap_fixed<10,2,5,3,0>,4u>,config5>, i16 %trunc_ln32, i16 %trunc_ln32_1, i16 %trunc_ln32_2, i16 %trunc_ln32_3, i40 %layer5_out, i16 %void_compute_output_buffer_2d_array_const_ap_shift_reg_n_chan_stream_weig_5, i16 %void_compute_output_buffer_2d_array_const_ap_shift_reg_n_chan_stream_weig_9, i16 %void_compute_output_buffer_2d_array_const_ap_shift_reg_n_chan_stream_weig_4, i16 %void_compute_output_buffer_2d_array_const_ap_shift_reg_n_chan_stream_weig_8, i16 %void_compute_output_buffer_2d_array_const_ap_shift_reg_n_chan_stream_weig_3, i16 %void_compute_output_buffer_2d_array_const_ap_shift_reg_n_chan_stream_weig_7, i16 %void_compute_output_buffer_2d_array_const_ap_shift_reg_n_chan_stream_weig_2, i16 %void_compute_output_buffer_2d_array_const_ap_shift_reg_n_chan_stream_weig_6, i16 %p_ZZN4nnet24compute_output_buffer_2dINS_5arrayI8ap_fixedILi16ELi6EL9ap_q_mode5EL9_19, i16 %p_ZZN4nnet24compute_output_buffer_2dINS_5arrayI8ap_fixedILi16ELi6EL9ap_q_mode5EL9_23, i16 %p_ZZN4nnet24compute_output_buffer_2dINS_5arrayI8ap_fixedILi16ELi6EL9ap_q_mode5EL9_18, i16 %p_ZZN4nnet24compute_output_buffer_2dINS_5arrayI8ap_fixedILi16ELi6EL9ap_q_mode5EL9_22, i16 %p_ZZN4nnet24compute_output_buffer_2dINS_5arrayI8ap_fixedILi16ELi6EL9ap_q_mode5EL9_17, i16 %p_ZZN4nnet24compute_output_buffer_2dINS_5arrayI8ap_fixedILi16ELi6EL9ap_q_mode5EL9_21, i16 %p_ZZN4nnet24compute_output_buffer_2dINS_5arrayI8ap_fixedILi16ELi6EL9ap_q_mode5EL9_16, i16 %p_ZZN4nnet24compute_output_buffer_2dINS_5arrayI8ap_fixedILi16ELi6EL9ap_q_mode5EL9_20, i16 %p_ZZN4nnet24compute_output_buffer_2dINS_5arrayI8ap_fixedILi16ELi6EL9ap_q_mode5EL9_7, i16 %p_ZZN4nnet24compute_output_buffer_2dINS_5arrayI8ap_fixedILi16ELi6EL9ap_q_mode5EL9_11, i16 %p_ZZN4nnet24compute_output_buffer_2dINS_5arrayI8ap_fixedILi16ELi6EL9ap_q_mode5EL9_6, i16 %p_ZZN4nnet24compute_output_buffer_2dINS_5arrayI8ap_fixedILi16ELi6EL9ap_q_mode5EL9_10, i16 %p_ZZN4nnet24compute_output_buffer_2dINS_5arrayI8ap_fixedILi16ELi6EL9ap_q_mode5EL9_5, i16 %p_ZZN4nnet24compute_output_buffer_2dINS_5arrayI8ap_fixedILi16ELi6EL9ap_q_mode5EL9_9, i16 %p_ZZN4nnet24compute_output_buffer_2dINS_5arrayI8ap_fixedILi16ELi6EL9ap_q_mode5EL9_4, i16 %p_ZZN4nnet24compute_output_buffer_2dINS_5arrayI8ap_fixedILi16ELi6EL9ap_q_mode5EL9_8, i16 %void_compute_output_buffer_2d_array_const_ap_shift_reg_n_chan_stream_weig_1, i16 %void_compute_output_buffer_2d_array_const_ap_shift_reg_n_chan_stream_weig, i16 %p_ZZN4nnet24compute_output_buffer_2dINS_5arrayI8ap_fixedILi16ELi6EL9ap_q_mode5EL9_25, i16 %p_ZZN4nnet24compute_output_buffer_2dINS_5arrayI8ap_fixedILi16ELi6EL9ap_q_mode5EL9_24, i16 %p_ZZN4nnet24compute_output_buffer_2dINS_5arrayI8ap_fixedILi16ELi6EL9ap_q_mode5EL9_15, i16 %p_ZZN4nnet24compute_output_buffer_2dINS_5arrayI8ap_fixedILi16ELi6EL9ap_q_mode5EL9_14, i16 %p_ZZN4nnet24compute_output_buffer_2dINS_5arrayI8ap_fixedILi16ELi6EL9ap_q_mode5EL9_13, i16 %p_ZZN4nnet24compute_output_buffer_2dINS_5arrayI8ap_fixedILi16ELi6EL9ap_q_mode5EL9_12, i16 %p_ZZN4nnet24compute_output_buffer_2dINS_5arrayI8ap_fixedILi16ELi6EL9ap_q_mode5EL9_3, i16 %p_ZZN4nnet24compute_output_buffer_2dINS_5arrayI8ap_fixedILi16ELi6EL9ap_q_mode5EL9_2, i16 %p_ZZN4nnet24compute_output_buffer_2dINS_5arrayI8ap_fixedILi16ELi6EL9ap_q_mode5EL9_1, i16 %p_ZZN4nnet24compute_output_buffer_2dINS_5arrayI8ap_fixedILi16ELi6EL9ap_q_mode5EL9, i16 %p_ZZN4nnet25conv_2d_buffer_latency_clINS_5arrayI8ap_fixedILi16ELi6EL9ap_q_mode5EL_7, i16 %p_ZZN4nnet25conv_2d_buffer_latency_clINS_5arrayI8ap_fixedILi16ELi6EL9ap_q_mode5EL_3, i16 %p_ZZN4nnet25conv_2d_buffer_latency_clINS_5arrayI8ap_fixedILi16ELi6EL9ap_q_mode5EL_6, i16 %p_ZZN4nnet25conv_2d_buffer_latency_clINS_5arrayI8ap_fixedILi16ELi6EL9ap_q_mode5EL_2, i16 %p_ZZN4nnet25conv_2d_buffer_latency_clINS_5arrayI8ap_fixedILi16ELi6EL9ap_q_mode5EL_5, i16 %p_ZZN4nnet25conv_2d_buffer_latency_clINS_5arrayI8ap_fixedILi16ELi6EL9ap_q_mode5EL_1, i16 %p_ZZN4nnet25conv_2d_buffer_latency_clINS_5arrayI8ap_fixedILi16ELi6EL9ap_q_mode5EL_4, i16 %p_ZZN4nnet25conv_2d_buffer_latency_clINS_5arrayI8ap_fixedILi16ELi6EL9ap_q_mode5EL, i32 %sX, i32 %sY, i32 %pY, i32 %pX" [firmware/nnet_utils/nnet_conv2d_stream.h:32->firmware/nnet_utils/nnet_conv2d_stream.h:76]   --->   Operation 28 'call' 'call_ln32' <Predicate = true> <Delay = 0.00> <CoreType = "Generic">   --->   Generic Core

State 4 <SV = 3> <Delay = 0.00>
ST_4 : Operation 29 [6/8] (0.00ns)   --->   "%call_ln32 = call void @compute_output_buffer_2d<array,array<ap_fixed<10,2,5,3,0>,4u>,config5>, i16 %trunc_ln32, i16 %trunc_ln32_1, i16 %trunc_ln32_2, i16 %trunc_ln32_3, i40 %layer5_out, i16 %void_compute_output_buffer_2d_array_const_ap_shift_reg_n_chan_stream_weig_5, i16 %void_compute_output_buffer_2d_array_const_ap_shift_reg_n_chan_stream_weig_9, i16 %void_compute_output_buffer_2d_array_const_ap_shift_reg_n_chan_stream_weig_4, i16 %void_compute_output_buffer_2d_array_const_ap_shift_reg_n_chan_stream_weig_8, i16 %void_compute_output_buffer_2d_array_const_ap_shift_reg_n_chan_stream_weig_3, i16 %void_compute_output_buffer_2d_array_const_ap_shift_reg_n_chan_stream_weig_7, i16 %void_compute_output_buffer_2d_array_const_ap_shift_reg_n_chan_stream_weig_2, i16 %void_compute_output_buffer_2d_array_const_ap_shift_reg_n_chan_stream_weig_6, i16 %p_ZZN4nnet24compute_output_buffer_2dINS_5arrayI8ap_fixedILi16ELi6EL9ap_q_mode5EL9_19, i16 %p_ZZN4nnet24compute_output_buffer_2dINS_5arrayI8ap_fixedILi16ELi6EL9ap_q_mode5EL9_23, i16 %p_ZZN4nnet24compute_output_buffer_2dINS_5arrayI8ap_fixedILi16ELi6EL9ap_q_mode5EL9_18, i16 %p_ZZN4nnet24compute_output_buffer_2dINS_5arrayI8ap_fixedILi16ELi6EL9ap_q_mode5EL9_22, i16 %p_ZZN4nnet24compute_output_buffer_2dINS_5arrayI8ap_fixedILi16ELi6EL9ap_q_mode5EL9_17, i16 %p_ZZN4nnet24compute_output_buffer_2dINS_5arrayI8ap_fixedILi16ELi6EL9ap_q_mode5EL9_21, i16 %p_ZZN4nnet24compute_output_buffer_2dINS_5arrayI8ap_fixedILi16ELi6EL9ap_q_mode5EL9_16, i16 %p_ZZN4nnet24compute_output_buffer_2dINS_5arrayI8ap_fixedILi16ELi6EL9ap_q_mode5EL9_20, i16 %p_ZZN4nnet24compute_output_buffer_2dINS_5arrayI8ap_fixedILi16ELi6EL9ap_q_mode5EL9_7, i16 %p_ZZN4nnet24compute_output_buffer_2dINS_5arrayI8ap_fixedILi16ELi6EL9ap_q_mode5EL9_11, i16 %p_ZZN4nnet24compute_output_buffer_2dINS_5arrayI8ap_fixedILi16ELi6EL9ap_q_mode5EL9_6, i16 %p_ZZN4nnet24compute_output_buffer_2dINS_5arrayI8ap_fixedILi16ELi6EL9ap_q_mode5EL9_10, i16 %p_ZZN4nnet24compute_output_buffer_2dINS_5arrayI8ap_fixedILi16ELi6EL9ap_q_mode5EL9_5, i16 %p_ZZN4nnet24compute_output_buffer_2dINS_5arrayI8ap_fixedILi16ELi6EL9ap_q_mode5EL9_9, i16 %p_ZZN4nnet24compute_output_buffer_2dINS_5arrayI8ap_fixedILi16ELi6EL9ap_q_mode5EL9_4, i16 %p_ZZN4nnet24compute_output_buffer_2dINS_5arrayI8ap_fixedILi16ELi6EL9ap_q_mode5EL9_8, i16 %void_compute_output_buffer_2d_array_const_ap_shift_reg_n_chan_stream_weig_1, i16 %void_compute_output_buffer_2d_array_const_ap_shift_reg_n_chan_stream_weig, i16 %p_ZZN4nnet24compute_output_buffer_2dINS_5arrayI8ap_fixedILi16ELi6EL9ap_q_mode5EL9_25, i16 %p_ZZN4nnet24compute_output_buffer_2dINS_5arrayI8ap_fixedILi16ELi6EL9ap_q_mode5EL9_24, i16 %p_ZZN4nnet24compute_output_buffer_2dINS_5arrayI8ap_fixedILi16ELi6EL9ap_q_mode5EL9_15, i16 %p_ZZN4nnet24compute_output_buffer_2dINS_5arrayI8ap_fixedILi16ELi6EL9ap_q_mode5EL9_14, i16 %p_ZZN4nnet24compute_output_buffer_2dINS_5arrayI8ap_fixedILi16ELi6EL9ap_q_mode5EL9_13, i16 %p_ZZN4nnet24compute_output_buffer_2dINS_5arrayI8ap_fixedILi16ELi6EL9ap_q_mode5EL9_12, i16 %p_ZZN4nnet24compute_output_buffer_2dINS_5arrayI8ap_fixedILi16ELi6EL9ap_q_mode5EL9_3, i16 %p_ZZN4nnet24compute_output_buffer_2dINS_5arrayI8ap_fixedILi16ELi6EL9ap_q_mode5EL9_2, i16 %p_ZZN4nnet24compute_output_buffer_2dINS_5arrayI8ap_fixedILi16ELi6EL9ap_q_mode5EL9_1, i16 %p_ZZN4nnet24compute_output_buffer_2dINS_5arrayI8ap_fixedILi16ELi6EL9ap_q_mode5EL9, i16 %p_ZZN4nnet25conv_2d_buffer_latency_clINS_5arrayI8ap_fixedILi16ELi6EL9ap_q_mode5EL_7, i16 %p_ZZN4nnet25conv_2d_buffer_latency_clINS_5arrayI8ap_fixedILi16ELi6EL9ap_q_mode5EL_3, i16 %p_ZZN4nnet25conv_2d_buffer_latency_clINS_5arrayI8ap_fixedILi16ELi6EL9ap_q_mode5EL_6, i16 %p_ZZN4nnet25conv_2d_buffer_latency_clINS_5arrayI8ap_fixedILi16ELi6EL9ap_q_mode5EL_2, i16 %p_ZZN4nnet25conv_2d_buffer_latency_clINS_5arrayI8ap_fixedILi16ELi6EL9ap_q_mode5EL_5, i16 %p_ZZN4nnet25conv_2d_buffer_latency_clINS_5arrayI8ap_fixedILi16ELi6EL9ap_q_mode5EL_1, i16 %p_ZZN4nnet25conv_2d_buffer_latency_clINS_5arrayI8ap_fixedILi16ELi6EL9ap_q_mode5EL_4, i16 %p_ZZN4nnet25conv_2d_buffer_latency_clINS_5arrayI8ap_fixedILi16ELi6EL9ap_q_mode5EL, i32 %sX, i32 %sY, i32 %pY, i32 %pX" [firmware/nnet_utils/nnet_conv2d_stream.h:32->firmware/nnet_utils/nnet_conv2d_stream.h:76]   --->   Operation 29 'call' 'call_ln32' <Predicate = true> <Delay = 0.00> <CoreType = "Generic">   --->   Generic Core

State 5 <SV = 4> <Delay = 0.00>
ST_5 : Operation 30 [5/8] (0.00ns)   --->   "%call_ln32 = call void @compute_output_buffer_2d<array,array<ap_fixed<10,2,5,3,0>,4u>,config5>, i16 %trunc_ln32, i16 %trunc_ln32_1, i16 %trunc_ln32_2, i16 %trunc_ln32_3, i40 %layer5_out, i16 %void_compute_output_buffer_2d_array_const_ap_shift_reg_n_chan_stream_weig_5, i16 %void_compute_output_buffer_2d_array_const_ap_shift_reg_n_chan_stream_weig_9, i16 %void_compute_output_buffer_2d_array_const_ap_shift_reg_n_chan_stream_weig_4, i16 %void_compute_output_buffer_2d_array_const_ap_shift_reg_n_chan_stream_weig_8, i16 %void_compute_output_buffer_2d_array_const_ap_shift_reg_n_chan_stream_weig_3, i16 %void_compute_output_buffer_2d_array_const_ap_shift_reg_n_chan_stream_weig_7, i16 %void_compute_output_buffer_2d_array_const_ap_shift_reg_n_chan_stream_weig_2, i16 %void_compute_output_buffer_2d_array_const_ap_shift_reg_n_chan_stream_weig_6, i16 %p_ZZN4nnet24compute_output_buffer_2dINS_5arrayI8ap_fixedILi16ELi6EL9ap_q_mode5EL9_19, i16 %p_ZZN4nnet24compute_output_buffer_2dINS_5arrayI8ap_fixedILi16ELi6EL9ap_q_mode5EL9_23, i16 %p_ZZN4nnet24compute_output_buffer_2dINS_5arrayI8ap_fixedILi16ELi6EL9ap_q_mode5EL9_18, i16 %p_ZZN4nnet24compute_output_buffer_2dINS_5arrayI8ap_fixedILi16ELi6EL9ap_q_mode5EL9_22, i16 %p_ZZN4nnet24compute_output_buffer_2dINS_5arrayI8ap_fixedILi16ELi6EL9ap_q_mode5EL9_17, i16 %p_ZZN4nnet24compute_output_buffer_2dINS_5arrayI8ap_fixedILi16ELi6EL9ap_q_mode5EL9_21, i16 %p_ZZN4nnet24compute_output_buffer_2dINS_5arrayI8ap_fixedILi16ELi6EL9ap_q_mode5EL9_16, i16 %p_ZZN4nnet24compute_output_buffer_2dINS_5arrayI8ap_fixedILi16ELi6EL9ap_q_mode5EL9_20, i16 %p_ZZN4nnet24compute_output_buffer_2dINS_5arrayI8ap_fixedILi16ELi6EL9ap_q_mode5EL9_7, i16 %p_ZZN4nnet24compute_output_buffer_2dINS_5arrayI8ap_fixedILi16ELi6EL9ap_q_mode5EL9_11, i16 %p_ZZN4nnet24compute_output_buffer_2dINS_5arrayI8ap_fixedILi16ELi6EL9ap_q_mode5EL9_6, i16 %p_ZZN4nnet24compute_output_buffer_2dINS_5arrayI8ap_fixedILi16ELi6EL9ap_q_mode5EL9_10, i16 %p_ZZN4nnet24compute_output_buffer_2dINS_5arrayI8ap_fixedILi16ELi6EL9ap_q_mode5EL9_5, i16 %p_ZZN4nnet24compute_output_buffer_2dINS_5arrayI8ap_fixedILi16ELi6EL9ap_q_mode5EL9_9, i16 %p_ZZN4nnet24compute_output_buffer_2dINS_5arrayI8ap_fixedILi16ELi6EL9ap_q_mode5EL9_4, i16 %p_ZZN4nnet24compute_output_buffer_2dINS_5arrayI8ap_fixedILi16ELi6EL9ap_q_mode5EL9_8, i16 %void_compute_output_buffer_2d_array_const_ap_shift_reg_n_chan_stream_weig_1, i16 %void_compute_output_buffer_2d_array_const_ap_shift_reg_n_chan_stream_weig, i16 %p_ZZN4nnet24compute_output_buffer_2dINS_5arrayI8ap_fixedILi16ELi6EL9ap_q_mode5EL9_25, i16 %p_ZZN4nnet24compute_output_buffer_2dINS_5arrayI8ap_fixedILi16ELi6EL9ap_q_mode5EL9_24, i16 %p_ZZN4nnet24compute_output_buffer_2dINS_5arrayI8ap_fixedILi16ELi6EL9ap_q_mode5EL9_15, i16 %p_ZZN4nnet24compute_output_buffer_2dINS_5arrayI8ap_fixedILi16ELi6EL9ap_q_mode5EL9_14, i16 %p_ZZN4nnet24compute_output_buffer_2dINS_5arrayI8ap_fixedILi16ELi6EL9ap_q_mode5EL9_13, i16 %p_ZZN4nnet24compute_output_buffer_2dINS_5arrayI8ap_fixedILi16ELi6EL9ap_q_mode5EL9_12, i16 %p_ZZN4nnet24compute_output_buffer_2dINS_5arrayI8ap_fixedILi16ELi6EL9ap_q_mode5EL9_3, i16 %p_ZZN4nnet24compute_output_buffer_2dINS_5arrayI8ap_fixedILi16ELi6EL9ap_q_mode5EL9_2, i16 %p_ZZN4nnet24compute_output_buffer_2dINS_5arrayI8ap_fixedILi16ELi6EL9ap_q_mode5EL9_1, i16 %p_ZZN4nnet24compute_output_buffer_2dINS_5arrayI8ap_fixedILi16ELi6EL9ap_q_mode5EL9, i16 %p_ZZN4nnet25conv_2d_buffer_latency_clINS_5arrayI8ap_fixedILi16ELi6EL9ap_q_mode5EL_7, i16 %p_ZZN4nnet25conv_2d_buffer_latency_clINS_5arrayI8ap_fixedILi16ELi6EL9ap_q_mode5EL_3, i16 %p_ZZN4nnet25conv_2d_buffer_latency_clINS_5arrayI8ap_fixedILi16ELi6EL9ap_q_mode5EL_6, i16 %p_ZZN4nnet25conv_2d_buffer_latency_clINS_5arrayI8ap_fixedILi16ELi6EL9ap_q_mode5EL_2, i16 %p_ZZN4nnet25conv_2d_buffer_latency_clINS_5arrayI8ap_fixedILi16ELi6EL9ap_q_mode5EL_5, i16 %p_ZZN4nnet25conv_2d_buffer_latency_clINS_5arrayI8ap_fixedILi16ELi6EL9ap_q_mode5EL_1, i16 %p_ZZN4nnet25conv_2d_buffer_latency_clINS_5arrayI8ap_fixedILi16ELi6EL9ap_q_mode5EL_4, i16 %p_ZZN4nnet25conv_2d_buffer_latency_clINS_5arrayI8ap_fixedILi16ELi6EL9ap_q_mode5EL, i32 %sX, i32 %sY, i32 %pY, i32 %pX" [firmware/nnet_utils/nnet_conv2d_stream.h:32->firmware/nnet_utils/nnet_conv2d_stream.h:76]   --->   Operation 30 'call' 'call_ln32' <Predicate = true> <Delay = 0.00> <CoreType = "Generic">   --->   Generic Core

State 6 <SV = 5> <Delay = 0.00>
ST_6 : Operation 31 [4/8] (0.00ns)   --->   "%call_ln32 = call void @compute_output_buffer_2d<array,array<ap_fixed<10,2,5,3,0>,4u>,config5>, i16 %trunc_ln32, i16 %trunc_ln32_1, i16 %trunc_ln32_2, i16 %trunc_ln32_3, i40 %layer5_out, i16 %void_compute_output_buffer_2d_array_const_ap_shift_reg_n_chan_stream_weig_5, i16 %void_compute_output_buffer_2d_array_const_ap_shift_reg_n_chan_stream_weig_9, i16 %void_compute_output_buffer_2d_array_const_ap_shift_reg_n_chan_stream_weig_4, i16 %void_compute_output_buffer_2d_array_const_ap_shift_reg_n_chan_stream_weig_8, i16 %void_compute_output_buffer_2d_array_const_ap_shift_reg_n_chan_stream_weig_3, i16 %void_compute_output_buffer_2d_array_const_ap_shift_reg_n_chan_stream_weig_7, i16 %void_compute_output_buffer_2d_array_const_ap_shift_reg_n_chan_stream_weig_2, i16 %void_compute_output_buffer_2d_array_const_ap_shift_reg_n_chan_stream_weig_6, i16 %p_ZZN4nnet24compute_output_buffer_2dINS_5arrayI8ap_fixedILi16ELi6EL9ap_q_mode5EL9_19, i16 %p_ZZN4nnet24compute_output_buffer_2dINS_5arrayI8ap_fixedILi16ELi6EL9ap_q_mode5EL9_23, i16 %p_ZZN4nnet24compute_output_buffer_2dINS_5arrayI8ap_fixedILi16ELi6EL9ap_q_mode5EL9_18, i16 %p_ZZN4nnet24compute_output_buffer_2dINS_5arrayI8ap_fixedILi16ELi6EL9ap_q_mode5EL9_22, i16 %p_ZZN4nnet24compute_output_buffer_2dINS_5arrayI8ap_fixedILi16ELi6EL9ap_q_mode5EL9_17, i16 %p_ZZN4nnet24compute_output_buffer_2dINS_5arrayI8ap_fixedILi16ELi6EL9ap_q_mode5EL9_21, i16 %p_ZZN4nnet24compute_output_buffer_2dINS_5arrayI8ap_fixedILi16ELi6EL9ap_q_mode5EL9_16, i16 %p_ZZN4nnet24compute_output_buffer_2dINS_5arrayI8ap_fixedILi16ELi6EL9ap_q_mode5EL9_20, i16 %p_ZZN4nnet24compute_output_buffer_2dINS_5arrayI8ap_fixedILi16ELi6EL9ap_q_mode5EL9_7, i16 %p_ZZN4nnet24compute_output_buffer_2dINS_5arrayI8ap_fixedILi16ELi6EL9ap_q_mode5EL9_11, i16 %p_ZZN4nnet24compute_output_buffer_2dINS_5arrayI8ap_fixedILi16ELi6EL9ap_q_mode5EL9_6, i16 %p_ZZN4nnet24compute_output_buffer_2dINS_5arrayI8ap_fixedILi16ELi6EL9ap_q_mode5EL9_10, i16 %p_ZZN4nnet24compute_output_buffer_2dINS_5arrayI8ap_fixedILi16ELi6EL9ap_q_mode5EL9_5, i16 %p_ZZN4nnet24compute_output_buffer_2dINS_5arrayI8ap_fixedILi16ELi6EL9ap_q_mode5EL9_9, i16 %p_ZZN4nnet24compute_output_buffer_2dINS_5arrayI8ap_fixedILi16ELi6EL9ap_q_mode5EL9_4, i16 %p_ZZN4nnet24compute_output_buffer_2dINS_5arrayI8ap_fixedILi16ELi6EL9ap_q_mode5EL9_8, i16 %void_compute_output_buffer_2d_array_const_ap_shift_reg_n_chan_stream_weig_1, i16 %void_compute_output_buffer_2d_array_const_ap_shift_reg_n_chan_stream_weig, i16 %p_ZZN4nnet24compute_output_buffer_2dINS_5arrayI8ap_fixedILi16ELi6EL9ap_q_mode5EL9_25, i16 %p_ZZN4nnet24compute_output_buffer_2dINS_5arrayI8ap_fixedILi16ELi6EL9ap_q_mode5EL9_24, i16 %p_ZZN4nnet24compute_output_buffer_2dINS_5arrayI8ap_fixedILi16ELi6EL9ap_q_mode5EL9_15, i16 %p_ZZN4nnet24compute_output_buffer_2dINS_5arrayI8ap_fixedILi16ELi6EL9ap_q_mode5EL9_14, i16 %p_ZZN4nnet24compute_output_buffer_2dINS_5arrayI8ap_fixedILi16ELi6EL9ap_q_mode5EL9_13, i16 %p_ZZN4nnet24compute_output_buffer_2dINS_5arrayI8ap_fixedILi16ELi6EL9ap_q_mode5EL9_12, i16 %p_ZZN4nnet24compute_output_buffer_2dINS_5arrayI8ap_fixedILi16ELi6EL9ap_q_mode5EL9_3, i16 %p_ZZN4nnet24compute_output_buffer_2dINS_5arrayI8ap_fixedILi16ELi6EL9ap_q_mode5EL9_2, i16 %p_ZZN4nnet24compute_output_buffer_2dINS_5arrayI8ap_fixedILi16ELi6EL9ap_q_mode5EL9_1, i16 %p_ZZN4nnet24compute_output_buffer_2dINS_5arrayI8ap_fixedILi16ELi6EL9ap_q_mode5EL9, i16 %p_ZZN4nnet25conv_2d_buffer_latency_clINS_5arrayI8ap_fixedILi16ELi6EL9ap_q_mode5EL_7, i16 %p_ZZN4nnet25conv_2d_buffer_latency_clINS_5arrayI8ap_fixedILi16ELi6EL9ap_q_mode5EL_3, i16 %p_ZZN4nnet25conv_2d_buffer_latency_clINS_5arrayI8ap_fixedILi16ELi6EL9ap_q_mode5EL_6, i16 %p_ZZN4nnet25conv_2d_buffer_latency_clINS_5arrayI8ap_fixedILi16ELi6EL9ap_q_mode5EL_2, i16 %p_ZZN4nnet25conv_2d_buffer_latency_clINS_5arrayI8ap_fixedILi16ELi6EL9ap_q_mode5EL_5, i16 %p_ZZN4nnet25conv_2d_buffer_latency_clINS_5arrayI8ap_fixedILi16ELi6EL9ap_q_mode5EL_1, i16 %p_ZZN4nnet25conv_2d_buffer_latency_clINS_5arrayI8ap_fixedILi16ELi6EL9ap_q_mode5EL_4, i16 %p_ZZN4nnet25conv_2d_buffer_latency_clINS_5arrayI8ap_fixedILi16ELi6EL9ap_q_mode5EL, i32 %sX, i32 %sY, i32 %pY, i32 %pX" [firmware/nnet_utils/nnet_conv2d_stream.h:32->firmware/nnet_utils/nnet_conv2d_stream.h:76]   --->   Operation 31 'call' 'call_ln32' <Predicate = true> <Delay = 0.00> <CoreType = "Generic">   --->   Generic Core

State 7 <SV = 6> <Delay = 0.00>
ST_7 : Operation 32 [3/8] (0.00ns)   --->   "%call_ln32 = call void @compute_output_buffer_2d<array,array<ap_fixed<10,2,5,3,0>,4u>,config5>, i16 %trunc_ln32, i16 %trunc_ln32_1, i16 %trunc_ln32_2, i16 %trunc_ln32_3, i40 %layer5_out, i16 %void_compute_output_buffer_2d_array_const_ap_shift_reg_n_chan_stream_weig_5, i16 %void_compute_output_buffer_2d_array_const_ap_shift_reg_n_chan_stream_weig_9, i16 %void_compute_output_buffer_2d_array_const_ap_shift_reg_n_chan_stream_weig_4, i16 %void_compute_output_buffer_2d_array_const_ap_shift_reg_n_chan_stream_weig_8, i16 %void_compute_output_buffer_2d_array_const_ap_shift_reg_n_chan_stream_weig_3, i16 %void_compute_output_buffer_2d_array_const_ap_shift_reg_n_chan_stream_weig_7, i16 %void_compute_output_buffer_2d_array_const_ap_shift_reg_n_chan_stream_weig_2, i16 %void_compute_output_buffer_2d_array_const_ap_shift_reg_n_chan_stream_weig_6, i16 %p_ZZN4nnet24compute_output_buffer_2dINS_5arrayI8ap_fixedILi16ELi6EL9ap_q_mode5EL9_19, i16 %p_ZZN4nnet24compute_output_buffer_2dINS_5arrayI8ap_fixedILi16ELi6EL9ap_q_mode5EL9_23, i16 %p_ZZN4nnet24compute_output_buffer_2dINS_5arrayI8ap_fixedILi16ELi6EL9ap_q_mode5EL9_18, i16 %p_ZZN4nnet24compute_output_buffer_2dINS_5arrayI8ap_fixedILi16ELi6EL9ap_q_mode5EL9_22, i16 %p_ZZN4nnet24compute_output_buffer_2dINS_5arrayI8ap_fixedILi16ELi6EL9ap_q_mode5EL9_17, i16 %p_ZZN4nnet24compute_output_buffer_2dINS_5arrayI8ap_fixedILi16ELi6EL9ap_q_mode5EL9_21, i16 %p_ZZN4nnet24compute_output_buffer_2dINS_5arrayI8ap_fixedILi16ELi6EL9ap_q_mode5EL9_16, i16 %p_ZZN4nnet24compute_output_buffer_2dINS_5arrayI8ap_fixedILi16ELi6EL9ap_q_mode5EL9_20, i16 %p_ZZN4nnet24compute_output_buffer_2dINS_5arrayI8ap_fixedILi16ELi6EL9ap_q_mode5EL9_7, i16 %p_ZZN4nnet24compute_output_buffer_2dINS_5arrayI8ap_fixedILi16ELi6EL9ap_q_mode5EL9_11, i16 %p_ZZN4nnet24compute_output_buffer_2dINS_5arrayI8ap_fixedILi16ELi6EL9ap_q_mode5EL9_6, i16 %p_ZZN4nnet24compute_output_buffer_2dINS_5arrayI8ap_fixedILi16ELi6EL9ap_q_mode5EL9_10, i16 %p_ZZN4nnet24compute_output_buffer_2dINS_5arrayI8ap_fixedILi16ELi6EL9ap_q_mode5EL9_5, i16 %p_ZZN4nnet24compute_output_buffer_2dINS_5arrayI8ap_fixedILi16ELi6EL9ap_q_mode5EL9_9, i16 %p_ZZN4nnet24compute_output_buffer_2dINS_5arrayI8ap_fixedILi16ELi6EL9ap_q_mode5EL9_4, i16 %p_ZZN4nnet24compute_output_buffer_2dINS_5arrayI8ap_fixedILi16ELi6EL9ap_q_mode5EL9_8, i16 %void_compute_output_buffer_2d_array_const_ap_shift_reg_n_chan_stream_weig_1, i16 %void_compute_output_buffer_2d_array_const_ap_shift_reg_n_chan_stream_weig, i16 %p_ZZN4nnet24compute_output_buffer_2dINS_5arrayI8ap_fixedILi16ELi6EL9ap_q_mode5EL9_25, i16 %p_ZZN4nnet24compute_output_buffer_2dINS_5arrayI8ap_fixedILi16ELi6EL9ap_q_mode5EL9_24, i16 %p_ZZN4nnet24compute_output_buffer_2dINS_5arrayI8ap_fixedILi16ELi6EL9ap_q_mode5EL9_15, i16 %p_ZZN4nnet24compute_output_buffer_2dINS_5arrayI8ap_fixedILi16ELi6EL9ap_q_mode5EL9_14, i16 %p_ZZN4nnet24compute_output_buffer_2dINS_5arrayI8ap_fixedILi16ELi6EL9ap_q_mode5EL9_13, i16 %p_ZZN4nnet24compute_output_buffer_2dINS_5arrayI8ap_fixedILi16ELi6EL9ap_q_mode5EL9_12, i16 %p_ZZN4nnet24compute_output_buffer_2dINS_5arrayI8ap_fixedILi16ELi6EL9ap_q_mode5EL9_3, i16 %p_ZZN4nnet24compute_output_buffer_2dINS_5arrayI8ap_fixedILi16ELi6EL9ap_q_mode5EL9_2, i16 %p_ZZN4nnet24compute_output_buffer_2dINS_5arrayI8ap_fixedILi16ELi6EL9ap_q_mode5EL9_1, i16 %p_ZZN4nnet24compute_output_buffer_2dINS_5arrayI8ap_fixedILi16ELi6EL9ap_q_mode5EL9, i16 %p_ZZN4nnet25conv_2d_buffer_latency_clINS_5arrayI8ap_fixedILi16ELi6EL9ap_q_mode5EL_7, i16 %p_ZZN4nnet25conv_2d_buffer_latency_clINS_5arrayI8ap_fixedILi16ELi6EL9ap_q_mode5EL_3, i16 %p_ZZN4nnet25conv_2d_buffer_latency_clINS_5arrayI8ap_fixedILi16ELi6EL9ap_q_mode5EL_6, i16 %p_ZZN4nnet25conv_2d_buffer_latency_clINS_5arrayI8ap_fixedILi16ELi6EL9ap_q_mode5EL_2, i16 %p_ZZN4nnet25conv_2d_buffer_latency_clINS_5arrayI8ap_fixedILi16ELi6EL9ap_q_mode5EL_5, i16 %p_ZZN4nnet25conv_2d_buffer_latency_clINS_5arrayI8ap_fixedILi16ELi6EL9ap_q_mode5EL_1, i16 %p_ZZN4nnet25conv_2d_buffer_latency_clINS_5arrayI8ap_fixedILi16ELi6EL9ap_q_mode5EL_4, i16 %p_ZZN4nnet25conv_2d_buffer_latency_clINS_5arrayI8ap_fixedILi16ELi6EL9ap_q_mode5EL, i32 %sX, i32 %sY, i32 %pY, i32 %pX" [firmware/nnet_utils/nnet_conv2d_stream.h:32->firmware/nnet_utils/nnet_conv2d_stream.h:76]   --->   Operation 32 'call' 'call_ln32' <Predicate = true> <Delay = 0.00> <CoreType = "Generic">   --->   Generic Core

State 8 <SV = 7> <Delay = 0.00>
ST_8 : Operation 33 [2/8] (0.00ns)   --->   "%call_ln32 = call void @compute_output_buffer_2d<array,array<ap_fixed<10,2,5,3,0>,4u>,config5>, i16 %trunc_ln32, i16 %trunc_ln32_1, i16 %trunc_ln32_2, i16 %trunc_ln32_3, i40 %layer5_out, i16 %void_compute_output_buffer_2d_array_const_ap_shift_reg_n_chan_stream_weig_5, i16 %void_compute_output_buffer_2d_array_const_ap_shift_reg_n_chan_stream_weig_9, i16 %void_compute_output_buffer_2d_array_const_ap_shift_reg_n_chan_stream_weig_4, i16 %void_compute_output_buffer_2d_array_const_ap_shift_reg_n_chan_stream_weig_8, i16 %void_compute_output_buffer_2d_array_const_ap_shift_reg_n_chan_stream_weig_3, i16 %void_compute_output_buffer_2d_array_const_ap_shift_reg_n_chan_stream_weig_7, i16 %void_compute_output_buffer_2d_array_const_ap_shift_reg_n_chan_stream_weig_2, i16 %void_compute_output_buffer_2d_array_const_ap_shift_reg_n_chan_stream_weig_6, i16 %p_ZZN4nnet24compute_output_buffer_2dINS_5arrayI8ap_fixedILi16ELi6EL9ap_q_mode5EL9_19, i16 %p_ZZN4nnet24compute_output_buffer_2dINS_5arrayI8ap_fixedILi16ELi6EL9ap_q_mode5EL9_23, i16 %p_ZZN4nnet24compute_output_buffer_2dINS_5arrayI8ap_fixedILi16ELi6EL9ap_q_mode5EL9_18, i16 %p_ZZN4nnet24compute_output_buffer_2dINS_5arrayI8ap_fixedILi16ELi6EL9ap_q_mode5EL9_22, i16 %p_ZZN4nnet24compute_output_buffer_2dINS_5arrayI8ap_fixedILi16ELi6EL9ap_q_mode5EL9_17, i16 %p_ZZN4nnet24compute_output_buffer_2dINS_5arrayI8ap_fixedILi16ELi6EL9ap_q_mode5EL9_21, i16 %p_ZZN4nnet24compute_output_buffer_2dINS_5arrayI8ap_fixedILi16ELi6EL9ap_q_mode5EL9_16, i16 %p_ZZN4nnet24compute_output_buffer_2dINS_5arrayI8ap_fixedILi16ELi6EL9ap_q_mode5EL9_20, i16 %p_ZZN4nnet24compute_output_buffer_2dINS_5arrayI8ap_fixedILi16ELi6EL9ap_q_mode5EL9_7, i16 %p_ZZN4nnet24compute_output_buffer_2dINS_5arrayI8ap_fixedILi16ELi6EL9ap_q_mode5EL9_11, i16 %p_ZZN4nnet24compute_output_buffer_2dINS_5arrayI8ap_fixedILi16ELi6EL9ap_q_mode5EL9_6, i16 %p_ZZN4nnet24compute_output_buffer_2dINS_5arrayI8ap_fixedILi16ELi6EL9ap_q_mode5EL9_10, i16 %p_ZZN4nnet24compute_output_buffer_2dINS_5arrayI8ap_fixedILi16ELi6EL9ap_q_mode5EL9_5, i16 %p_ZZN4nnet24compute_output_buffer_2dINS_5arrayI8ap_fixedILi16ELi6EL9ap_q_mode5EL9_9, i16 %p_ZZN4nnet24compute_output_buffer_2dINS_5arrayI8ap_fixedILi16ELi6EL9ap_q_mode5EL9_4, i16 %p_ZZN4nnet24compute_output_buffer_2dINS_5arrayI8ap_fixedILi16ELi6EL9ap_q_mode5EL9_8, i16 %void_compute_output_buffer_2d_array_const_ap_shift_reg_n_chan_stream_weig_1, i16 %void_compute_output_buffer_2d_array_const_ap_shift_reg_n_chan_stream_weig, i16 %p_ZZN4nnet24compute_output_buffer_2dINS_5arrayI8ap_fixedILi16ELi6EL9ap_q_mode5EL9_25, i16 %p_ZZN4nnet24compute_output_buffer_2dINS_5arrayI8ap_fixedILi16ELi6EL9ap_q_mode5EL9_24, i16 %p_ZZN4nnet24compute_output_buffer_2dINS_5arrayI8ap_fixedILi16ELi6EL9ap_q_mode5EL9_15, i16 %p_ZZN4nnet24compute_output_buffer_2dINS_5arrayI8ap_fixedILi16ELi6EL9ap_q_mode5EL9_14, i16 %p_ZZN4nnet24compute_output_buffer_2dINS_5arrayI8ap_fixedILi16ELi6EL9ap_q_mode5EL9_13, i16 %p_ZZN4nnet24compute_output_buffer_2dINS_5arrayI8ap_fixedILi16ELi6EL9ap_q_mode5EL9_12, i16 %p_ZZN4nnet24compute_output_buffer_2dINS_5arrayI8ap_fixedILi16ELi6EL9ap_q_mode5EL9_3, i16 %p_ZZN4nnet24compute_output_buffer_2dINS_5arrayI8ap_fixedILi16ELi6EL9ap_q_mode5EL9_2, i16 %p_ZZN4nnet24compute_output_buffer_2dINS_5arrayI8ap_fixedILi16ELi6EL9ap_q_mode5EL9_1, i16 %p_ZZN4nnet24compute_output_buffer_2dINS_5arrayI8ap_fixedILi16ELi6EL9ap_q_mode5EL9, i16 %p_ZZN4nnet25conv_2d_buffer_latency_clINS_5arrayI8ap_fixedILi16ELi6EL9ap_q_mode5EL_7, i16 %p_ZZN4nnet25conv_2d_buffer_latency_clINS_5arrayI8ap_fixedILi16ELi6EL9ap_q_mode5EL_3, i16 %p_ZZN4nnet25conv_2d_buffer_latency_clINS_5arrayI8ap_fixedILi16ELi6EL9ap_q_mode5EL_6, i16 %p_ZZN4nnet25conv_2d_buffer_latency_clINS_5arrayI8ap_fixedILi16ELi6EL9ap_q_mode5EL_2, i16 %p_ZZN4nnet25conv_2d_buffer_latency_clINS_5arrayI8ap_fixedILi16ELi6EL9ap_q_mode5EL_5, i16 %p_ZZN4nnet25conv_2d_buffer_latency_clINS_5arrayI8ap_fixedILi16ELi6EL9ap_q_mode5EL_1, i16 %p_ZZN4nnet25conv_2d_buffer_latency_clINS_5arrayI8ap_fixedILi16ELi6EL9ap_q_mode5EL_4, i16 %p_ZZN4nnet25conv_2d_buffer_latency_clINS_5arrayI8ap_fixedILi16ELi6EL9ap_q_mode5EL, i32 %sX, i32 %sY, i32 %pY, i32 %pX" [firmware/nnet_utils/nnet_conv2d_stream.h:32->firmware/nnet_utils/nnet_conv2d_stream.h:76]   --->   Operation 33 'call' 'call_ln32' <Predicate = true> <Delay = 0.00> <CoreType = "Generic">   --->   Generic Core

State 9 <SV = 8> <Delay = 0.53>
ST_9 : Operation 34 [1/1] (0.00ns)   --->   "%specloopname_ln0 = specloopname void @_ssdm_op_SpecLoopName, void @ReadInputHeight_ReadInputWidth_str"   --->   Operation 34 'specloopname' 'specloopname_ln0' <Predicate = true> <Delay = 0.00>
ST_9 : Operation 35 [1/1] (0.00ns)   --->   "%speclooptripcount_ln0 = speclooptripcount void @_ssdm_op_SpecLoopTripCount, i64 16900, i64 16900, i64 16900"   --->   Operation 35 'speclooptripcount' 'speclooptripcount_ln0' <Predicate = true> <Delay = 0.00>
ST_9 : Operation 36 [1/1] (0.00ns)   --->   "%specpipeline_ln29 = specpipeline void @_ssdm_op_SpecPipeline, i32 8, i32 0, i32 0, i32 0, i32 4294967295, void @empty_1" [firmware/nnet_utils/nnet_conv2d_stream.h:29->firmware/nnet_utils/nnet_conv2d_stream.h:76]   --->   Operation 36 'specpipeline' 'specpipeline_ln29' <Predicate = true> <Delay = 0.00>
ST_9 : Operation 37 [1/8] (0.00ns)   --->   "%call_ln32 = call void @compute_output_buffer_2d<array,array<ap_fixed<10,2,5,3,0>,4u>,config5>, i16 %trunc_ln32, i16 %trunc_ln32_1, i16 %trunc_ln32_2, i16 %trunc_ln32_3, i40 %layer5_out, i16 %void_compute_output_buffer_2d_array_const_ap_shift_reg_n_chan_stream_weig_5, i16 %void_compute_output_buffer_2d_array_const_ap_shift_reg_n_chan_stream_weig_9, i16 %void_compute_output_buffer_2d_array_const_ap_shift_reg_n_chan_stream_weig_4, i16 %void_compute_output_buffer_2d_array_const_ap_shift_reg_n_chan_stream_weig_8, i16 %void_compute_output_buffer_2d_array_const_ap_shift_reg_n_chan_stream_weig_3, i16 %void_compute_output_buffer_2d_array_const_ap_shift_reg_n_chan_stream_weig_7, i16 %void_compute_output_buffer_2d_array_const_ap_shift_reg_n_chan_stream_weig_2, i16 %void_compute_output_buffer_2d_array_const_ap_shift_reg_n_chan_stream_weig_6, i16 %p_ZZN4nnet24compute_output_buffer_2dINS_5arrayI8ap_fixedILi16ELi6EL9ap_q_mode5EL9_19, i16 %p_ZZN4nnet24compute_output_buffer_2dINS_5arrayI8ap_fixedILi16ELi6EL9ap_q_mode5EL9_23, i16 %p_ZZN4nnet24compute_output_buffer_2dINS_5arrayI8ap_fixedILi16ELi6EL9ap_q_mode5EL9_18, i16 %p_ZZN4nnet24compute_output_buffer_2dINS_5arrayI8ap_fixedILi16ELi6EL9ap_q_mode5EL9_22, i16 %p_ZZN4nnet24compute_output_buffer_2dINS_5arrayI8ap_fixedILi16ELi6EL9ap_q_mode5EL9_17, i16 %p_ZZN4nnet24compute_output_buffer_2dINS_5arrayI8ap_fixedILi16ELi6EL9ap_q_mode5EL9_21, i16 %p_ZZN4nnet24compute_output_buffer_2dINS_5arrayI8ap_fixedILi16ELi6EL9ap_q_mode5EL9_16, i16 %p_ZZN4nnet24compute_output_buffer_2dINS_5arrayI8ap_fixedILi16ELi6EL9ap_q_mode5EL9_20, i16 %p_ZZN4nnet24compute_output_buffer_2dINS_5arrayI8ap_fixedILi16ELi6EL9ap_q_mode5EL9_7, i16 %p_ZZN4nnet24compute_output_buffer_2dINS_5arrayI8ap_fixedILi16ELi6EL9ap_q_mode5EL9_11, i16 %p_ZZN4nnet24compute_output_buffer_2dINS_5arrayI8ap_fixedILi16ELi6EL9ap_q_mode5EL9_6, i16 %p_ZZN4nnet24compute_output_buffer_2dINS_5arrayI8ap_fixedILi16ELi6EL9ap_q_mode5EL9_10, i16 %p_ZZN4nnet24compute_output_buffer_2dINS_5arrayI8ap_fixedILi16ELi6EL9ap_q_mode5EL9_5, i16 %p_ZZN4nnet24compute_output_buffer_2dINS_5arrayI8ap_fixedILi16ELi6EL9ap_q_mode5EL9_9, i16 %p_ZZN4nnet24compute_output_buffer_2dINS_5arrayI8ap_fixedILi16ELi6EL9ap_q_mode5EL9_4, i16 %p_ZZN4nnet24compute_output_buffer_2dINS_5arrayI8ap_fixedILi16ELi6EL9ap_q_mode5EL9_8, i16 %void_compute_output_buffer_2d_array_const_ap_shift_reg_n_chan_stream_weig_1, i16 %void_compute_output_buffer_2d_array_const_ap_shift_reg_n_chan_stream_weig, i16 %p_ZZN4nnet24compute_output_buffer_2dINS_5arrayI8ap_fixedILi16ELi6EL9ap_q_mode5EL9_25, i16 %p_ZZN4nnet24compute_output_buffer_2dINS_5arrayI8ap_fixedILi16ELi6EL9ap_q_mode5EL9_24, i16 %p_ZZN4nnet24compute_output_buffer_2dINS_5arrayI8ap_fixedILi16ELi6EL9ap_q_mode5EL9_15, i16 %p_ZZN4nnet24compute_output_buffer_2dINS_5arrayI8ap_fixedILi16ELi6EL9ap_q_mode5EL9_14, i16 %p_ZZN4nnet24compute_output_buffer_2dINS_5arrayI8ap_fixedILi16ELi6EL9ap_q_mode5EL9_13, i16 %p_ZZN4nnet24compute_output_buffer_2dINS_5arrayI8ap_fixedILi16ELi6EL9ap_q_mode5EL9_12, i16 %p_ZZN4nnet24compute_output_buffer_2dINS_5arrayI8ap_fixedILi16ELi6EL9ap_q_mode5EL9_3, i16 %p_ZZN4nnet24compute_output_buffer_2dINS_5arrayI8ap_fixedILi16ELi6EL9ap_q_mode5EL9_2, i16 %p_ZZN4nnet24compute_output_buffer_2dINS_5arrayI8ap_fixedILi16ELi6EL9ap_q_mode5EL9_1, i16 %p_ZZN4nnet24compute_output_buffer_2dINS_5arrayI8ap_fixedILi16ELi6EL9ap_q_mode5EL9, i16 %p_ZZN4nnet25conv_2d_buffer_latency_clINS_5arrayI8ap_fixedILi16ELi6EL9ap_q_mode5EL_7, i16 %p_ZZN4nnet25conv_2d_buffer_latency_clINS_5arrayI8ap_fixedILi16ELi6EL9ap_q_mode5EL_3, i16 %p_ZZN4nnet25conv_2d_buffer_latency_clINS_5arrayI8ap_fixedILi16ELi6EL9ap_q_mode5EL_6, i16 %p_ZZN4nnet25conv_2d_buffer_latency_clINS_5arrayI8ap_fixedILi16ELi6EL9ap_q_mode5EL_2, i16 %p_ZZN4nnet25conv_2d_buffer_latency_clINS_5arrayI8ap_fixedILi16ELi6EL9ap_q_mode5EL_5, i16 %p_ZZN4nnet25conv_2d_buffer_latency_clINS_5arrayI8ap_fixedILi16ELi6EL9ap_q_mode5EL_1, i16 %p_ZZN4nnet25conv_2d_buffer_latency_clINS_5arrayI8ap_fixedILi16ELi6EL9ap_q_mode5EL_4, i16 %p_ZZN4nnet25conv_2d_buffer_latency_clINS_5arrayI8ap_fixedILi16ELi6EL9ap_q_mode5EL, i32 %sX, i32 %sY, i32 %pY, i32 %pX" [firmware/nnet_utils/nnet_conv2d_stream.h:32->firmware/nnet_utils/nnet_conv2d_stream.h:76]   --->   Operation 37 'call' 'call_ln32' <Predicate = true> <Delay = 0.00> <CoreType = "Generic">   --->   Generic Core
ST_9 : Operation 38 [1/1] (0.53ns)   --->   "%ret_ln82 = ret" [firmware/nnet_utils/nnet_conv2d_stream.h:82]   --->   Operation 38 'ret' 'ret_ln82' <Predicate = (icmp_ln25)> <Delay = 0.53>


============================================================
+ Verbose Summary: Binding
============================================================
STG Binding: 
---------------- STG Properties BEGIN ----------------
- Is combinational: 0
- Is one-state seq: 0
- Is datapath-only: 0
- Is pipelined: 0
- Is top level: 0
Port [ Return ] is wired: 1; IO mode=ap_ctrl_hs:ce=0
Port [ layer31_out]:  wired=1; compound=1; hidden=0; nouse=0; global=0; static=0; extern=0; dir=0; type=3; pingpong=0; private_global=0; IO mode=ap_fifo:ce=0
Port [ layer5_out]:  wired=1; compound=1; hidden=0; nouse=0; global=0; static=0; extern=0; dir=1; type=3; pingpong=0; private_global=0; IO mode=ap_fifo:ce=0
Port [ void_compute_output_buffer_2d_array_const_ap_shift_reg_n_chan_stream_weig_5]:  wired=0; compound=0; hidden=1; nouse=1; global=1; static=1; extern=0; dir=2; type=0; pingpong=0; private_global=0; IO mode=ap_ovld:ce=0
Port [ void_compute_output_buffer_2d_array_const_ap_shift_reg_n_chan_stream_weig_9]:  wired=0; compound=0; hidden=1; nouse=1; global=1; static=1; extern=0; dir=2; type=0; pingpong=0; private_global=0; IO mode=ap_ovld:ce=0
Port [ void_compute_output_buffer_2d_array_const_ap_shift_reg_n_chan_stream_weig_4]:  wired=0; compound=0; hidden=1; nouse=1; global=1; static=1; extern=0; dir=2; type=0; pingpong=0; private_global=0; IO mode=ap_ovld:ce=0
Port [ void_compute_output_buffer_2d_array_const_ap_shift_reg_n_chan_stream_weig_8]:  wired=0; compound=0; hidden=1; nouse=1; global=1; static=1; extern=0; dir=2; type=0; pingpong=0; private_global=0; IO mode=ap_ovld:ce=0
Port [ void_compute_output_buffer_2d_array_const_ap_shift_reg_n_chan_stream_weig_3]:  wired=0; compound=0; hidden=1; nouse=1; global=1; static=1; extern=0; dir=2; type=0; pingpong=0; private_global=0; IO mode=ap_ovld:ce=0
Port [ void_compute_output_buffer_2d_array_const_ap_shift_reg_n_chan_stream_weig_7]:  wired=0; compound=0; hidden=1; nouse=1; global=1; static=1; extern=0; dir=2; type=0; pingpong=0; private_global=0; IO mode=ap_ovld:ce=0
Port [ void_compute_output_buffer_2d_array_const_ap_shift_reg_n_chan_stream_weig_2]:  wired=0; compound=0; hidden=1; nouse=1; global=1; static=1; extern=0; dir=2; type=0; pingpong=0; private_global=0; IO mode=ap_ovld:ce=0
Port [ void_compute_output_buffer_2d_array_const_ap_shift_reg_n_chan_stream_weig_6]:  wired=0; compound=0; hidden=1; nouse=1; global=1; static=1; extern=0; dir=2; type=0; pingpong=0; private_global=0; IO mode=ap_ovld:ce=0
Port [ p_ZZN4nnet24compute_output_buffer_2dINS_5arrayI8ap_fixedILi16ELi6EL9ap_q_mode5EL9_19]:  wired=0; compound=0; hidden=1; nouse=1; global=1; static=1; extern=0; dir=2; type=0; pingpong=0; private_global=0; IO mode=ap_ovld:ce=0
Port [ p_ZZN4nnet24compute_output_buffer_2dINS_5arrayI8ap_fixedILi16ELi6EL9ap_q_mode5EL9_23]:  wired=0; compound=0; hidden=1; nouse=1; global=1; static=1; extern=0; dir=2; type=0; pingpong=0; private_global=0; IO mode=ap_ovld:ce=0
Port [ p_ZZN4nnet24compute_output_buffer_2dINS_5arrayI8ap_fixedILi16ELi6EL9ap_q_mode5EL9_18]:  wired=0; compound=0; hidden=1; nouse=1; global=1; static=1; extern=0; dir=2; type=0; pingpong=0; private_global=0; IO mode=ap_ovld:ce=0
Port [ p_ZZN4nnet24compute_output_buffer_2dINS_5arrayI8ap_fixedILi16ELi6EL9ap_q_mode5EL9_22]:  wired=0; compound=0; hidden=1; nouse=1; global=1; static=1; extern=0; dir=2; type=0; pingpong=0; private_global=0; IO mode=ap_ovld:ce=0
Port [ p_ZZN4nnet24compute_output_buffer_2dINS_5arrayI8ap_fixedILi16ELi6EL9ap_q_mode5EL9_17]:  wired=0; compound=0; hidden=1; nouse=1; global=1; static=1; extern=0; dir=2; type=0; pingpong=0; private_global=0; IO mode=ap_ovld:ce=0
Port [ p_ZZN4nnet24compute_output_buffer_2dINS_5arrayI8ap_fixedILi16ELi6EL9ap_q_mode5EL9_21]:  wired=0; compound=0; hidden=1; nouse=1; global=1; static=1; extern=0; dir=2; type=0; pingpong=0; private_global=0; IO mode=ap_ovld:ce=0
Port [ p_ZZN4nnet24compute_output_buffer_2dINS_5arrayI8ap_fixedILi16ELi6EL9ap_q_mode5EL9_16]:  wired=0; compound=0; hidden=1; nouse=1; global=1; static=1; extern=0; dir=2; type=0; pingpong=0; private_global=0; IO mode=ap_ovld:ce=0
Port [ p_ZZN4nnet24compute_output_buffer_2dINS_5arrayI8ap_fixedILi16ELi6EL9ap_q_mode5EL9_20]:  wired=0; compound=0; hidden=1; nouse=1; global=1; static=1; extern=0; dir=2; type=0; pingpong=0; private_global=0; IO mode=ap_ovld:ce=0
Port [ p_ZZN4nnet24compute_output_buffer_2dINS_5arrayI8ap_fixedILi16ELi6EL9ap_q_mode5EL9_7]:  wired=0; compound=0; hidden=1; nouse=1; global=1; static=1; extern=0; dir=2; type=0; pingpong=0; private_global=0; IO mode=ap_ovld:ce=0
Port [ p_ZZN4nnet24compute_output_buffer_2dINS_5arrayI8ap_fixedILi16ELi6EL9ap_q_mode5EL9_11]:  wired=0; compound=0; hidden=1; nouse=1; global=1; static=1; extern=0; dir=2; type=0; pingpong=0; private_global=0; IO mode=ap_ovld:ce=0
Port [ p_ZZN4nnet24compute_output_buffer_2dINS_5arrayI8ap_fixedILi16ELi6EL9ap_q_mode5EL9_6]:  wired=0; compound=0; hidden=1; nouse=1; global=1; static=1; extern=0; dir=2; type=0; pingpong=0; private_global=0; IO mode=ap_ovld:ce=0
Port [ p_ZZN4nnet24compute_output_buffer_2dINS_5arrayI8ap_fixedILi16ELi6EL9ap_q_mode5EL9_10]:  wired=0; compound=0; hidden=1; nouse=1; global=1; static=1; extern=0; dir=2; type=0; pingpong=0; private_global=0; IO mode=ap_ovld:ce=0
Port [ p_ZZN4nnet24compute_output_buffer_2dINS_5arrayI8ap_fixedILi16ELi6EL9ap_q_mode5EL9_5]:  wired=0; compound=0; hidden=1; nouse=1; global=1; static=1; extern=0; dir=2; type=0; pingpong=0; private_global=0; IO mode=ap_ovld:ce=0
Port [ p_ZZN4nnet24compute_output_buffer_2dINS_5arrayI8ap_fixedILi16ELi6EL9ap_q_mode5EL9_9]:  wired=0; compound=0; hidden=1; nouse=1; global=1; static=1; extern=0; dir=2; type=0; pingpong=0; private_global=0; IO mode=ap_ovld:ce=0
Port [ p_ZZN4nnet24compute_output_buffer_2dINS_5arrayI8ap_fixedILi16ELi6EL9ap_q_mode5EL9_4]:  wired=0; compound=0; hidden=1; nouse=1; global=1; static=1; extern=0; dir=2; type=0; pingpong=0; private_global=0; IO mode=ap_ovld:ce=0
Port [ p_ZZN4nnet24compute_output_buffer_2dINS_5arrayI8ap_fixedILi16ELi6EL9ap_q_mode5EL9_8]:  wired=0; compound=0; hidden=1; nouse=1; global=1; static=1; extern=0; dir=2; type=0; pingpong=0; private_global=0; IO mode=ap_ovld:ce=0
Port [ void_compute_output_buffer_2d_array_const_ap_shift_reg_n_chan_stream_weig_1]:  wired=0; compound=0; hidden=1; nouse=1; global=1; static=1; extern=0; dir=2; type=0; pingpong=0; private_global=0; IO mode=ap_ovld:ce=0
Port [ void_compute_output_buffer_2d_array_const_ap_shift_reg_n_chan_stream_weig]:  wired=0; compound=0; hidden=1; nouse=1; global=1; static=1; extern=0; dir=2; type=0; pingpong=0; private_global=0; IO mode=ap_ovld:ce=0
Port [ p_ZZN4nnet24compute_output_buffer_2dINS_5arrayI8ap_fixedILi16ELi6EL9ap_q_mode5EL9_25]:  wired=0; compound=0; hidden=1; nouse=1; global=1; static=1; extern=0; dir=2; type=0; pingpong=0; private_global=0; IO mode=ap_ovld:ce=0
Port [ p_ZZN4nnet24compute_output_buffer_2dINS_5arrayI8ap_fixedILi16ELi6EL9ap_q_mode5EL9_24]:  wired=0; compound=0; hidden=1; nouse=1; global=1; static=1; extern=0; dir=2; type=0; pingpong=0; private_global=0; IO mode=ap_ovld:ce=0
Port [ p_ZZN4nnet24compute_output_buffer_2dINS_5arrayI8ap_fixedILi16ELi6EL9ap_q_mode5EL9_15]:  wired=0; compound=0; hidden=1; nouse=1; global=1; static=1; extern=0; dir=2; type=0; pingpong=0; private_global=0; IO mode=ap_ovld:ce=0
Port [ p_ZZN4nnet24compute_output_buffer_2dINS_5arrayI8ap_fixedILi16ELi6EL9ap_q_mode5EL9_14]:  wired=0; compound=0; hidden=1; nouse=1; global=1; static=1; extern=0; dir=2; type=0; pingpong=0; private_global=0; IO mode=ap_ovld:ce=0
Port [ p_ZZN4nnet24compute_output_buffer_2dINS_5arrayI8ap_fixedILi16ELi6EL9ap_q_mode5EL9_13]:  wired=0; compound=0; hidden=1; nouse=1; global=1; static=1; extern=0; dir=2; type=0; pingpong=0; private_global=0; IO mode=ap_ovld:ce=0
Port [ p_ZZN4nnet24compute_output_buffer_2dINS_5arrayI8ap_fixedILi16ELi6EL9ap_q_mode5EL9_12]:  wired=0; compound=0; hidden=1; nouse=1; global=1; static=1; extern=0; dir=2; type=0; pingpong=0; private_global=0; IO mode=ap_ovld:ce=0
Port [ p_ZZN4nnet24compute_output_buffer_2dINS_5arrayI8ap_fixedILi16ELi6EL9ap_q_mode5EL9_3]:  wired=0; compound=0; hidden=1; nouse=1; global=1; static=1; extern=0; dir=2; type=0; pingpong=0; private_global=0; IO mode=ap_ovld:ce=0
Port [ p_ZZN4nnet24compute_output_buffer_2dINS_5arrayI8ap_fixedILi16ELi6EL9ap_q_mode5EL9_2]:  wired=0; compound=0; hidden=1; nouse=1; global=1; static=1; extern=0; dir=2; type=0; pingpong=0; private_global=0; IO mode=ap_ovld:ce=0
Port [ p_ZZN4nnet24compute_output_buffer_2dINS_5arrayI8ap_fixedILi16ELi6EL9ap_q_mode5EL9_1]:  wired=0; compound=0; hidden=1; nouse=1; global=1; static=1; extern=0; dir=2; type=0; pingpong=0; private_global=0; IO mode=ap_ovld:ce=0
Port [ p_ZZN4nnet24compute_output_buffer_2dINS_5arrayI8ap_fixedILi16ELi6EL9ap_q_mode5EL9]:  wired=0; compound=0; hidden=1; nouse=1; global=1; static=1; extern=0; dir=2; type=0; pingpong=0; private_global=0; IO mode=ap_ovld:ce=0
Port [ p_ZZN4nnet25conv_2d_buffer_latency_clINS_5arrayI8ap_fixedILi16ELi6EL9ap_q_mode5EL_7]:  wired=0; compound=1; hidden=1; nouse=1; global=1; static=1; extern=0; dir=3; type=1; pingpong=0; private_global=0; MemPort=[2]; IO mode=ap_memory:ce=0
Port [ p_ZZN4nnet25conv_2d_buffer_latency_clINS_5arrayI8ap_fixedILi16ELi6EL9ap_q_mode5EL_3]:  wired=0; compound=1; hidden=1; nouse=1; global=1; static=1; extern=0; dir=3; type=1; pingpong=0; private_global=0; MemPort=[2]; IO mode=ap_memory:ce=0
Port [ p_ZZN4nnet25conv_2d_buffer_latency_clINS_5arrayI8ap_fixedILi16ELi6EL9ap_q_mode5EL_6]:  wired=0; compound=1; hidden=1; nouse=1; global=1; static=1; extern=0; dir=3; type=1; pingpong=0; private_global=0; MemPort=[2]; IO mode=ap_memory:ce=0
Port [ p_ZZN4nnet25conv_2d_buffer_latency_clINS_5arrayI8ap_fixedILi16ELi6EL9ap_q_mode5EL_2]:  wired=0; compound=1; hidden=1; nouse=1; global=1; static=1; extern=0; dir=3; type=1; pingpong=0; private_global=0; MemPort=[2]; IO mode=ap_memory:ce=0
Port [ p_ZZN4nnet25conv_2d_buffer_latency_clINS_5arrayI8ap_fixedILi16ELi6EL9ap_q_mode5EL_5]:  wired=0; compound=1; hidden=1; nouse=1; global=1; static=1; extern=0; dir=3; type=1; pingpong=0; private_global=0; MemPort=[2]; IO mode=ap_memory:ce=0
Port [ p_ZZN4nnet25conv_2d_buffer_latency_clINS_5arrayI8ap_fixedILi16ELi6EL9ap_q_mode5EL_1]:  wired=0; compound=1; hidden=1; nouse=1; global=1; static=1; extern=0; dir=3; type=1; pingpong=0; private_global=0; MemPort=[2]; IO mode=ap_memory:ce=0
Port [ p_ZZN4nnet25conv_2d_buffer_latency_clINS_5arrayI8ap_fixedILi16ELi6EL9ap_q_mode5EL_4]:  wired=0; compound=1; hidden=1; nouse=1; global=1; static=1; extern=0; dir=3; type=1; pingpong=0; private_global=0; MemPort=[2]; IO mode=ap_memory:ce=0
Port [ p_ZZN4nnet25conv_2d_buffer_latency_clINS_5arrayI8ap_fixedILi16ELi6EL9ap_q_mode5EL]:  wired=0; compound=1; hidden=1; nouse=1; global=1; static=1; extern=0; dir=3; type=1; pingpong=0; private_global=0; MemPort=[2]; IO mode=ap_memory:ce=0
Port [ sX]:  wired=0; compound=0; hidden=1; nouse=1; global=1; static=1; extern=0; dir=2; type=0; pingpong=0; private_global=0; IO mode=ap_ovld:ce=0
Port [ sY]:  wired=0; compound=0; hidden=1; nouse=1; global=1; static=1; extern=0; dir=2; type=0; pingpong=0; private_global=0; IO mode=ap_ovld:ce=0
Port [ pY]:  wired=0; compound=0; hidden=1; nouse=1; global=1; static=1; extern=0; dir=2; type=0; pingpong=0; private_global=0; IO mode=ap_ovld:ce=0
Port [ pX]:  wired=0; compound=0; hidden=1; nouse=1; global=1; static=1; extern=0; dir=2; type=0; pingpong=0; private_global=0; IO mode=ap_ovld:ce=0
---------------- STG Properties END ------------------

---------------- Datapath Model BEGIN ----------------

<LifeTime>
<method=bitvector/>
indvar_flatten2       (alloca           ) [ 0100000000]
specinterface_ln0     (specinterface    ) [ 0000000000]
specinterface_ln0     (specinterface    ) [ 0000000000]
store_ln0             (store            ) [ 0000000000]
br_ln0                (br               ) [ 0000000000]
indvar_flatten2_load  (load             ) [ 0000000000]
add_ln25              (add              ) [ 0000000000]
icmp_ln25             (icmp             ) [ 0111111111]
store_ln25            (store            ) [ 0000000000]
br_ln25               (br               ) [ 0000000000]
layer31_out_read      (read             ) [ 0000000000]
trunc_ln32            (trunc            ) [ 0000000000]
trunc_ln32_1          (partselect       ) [ 0000000000]
trunc_ln32_2          (partselect       ) [ 0000000000]
trunc_ln32_3          (partselect       ) [ 0000000000]
specloopname_ln0      (specloopname     ) [ 0000000000]
speclooptripcount_ln0 (speclooptripcount) [ 0000000000]
specpipeline_ln29     (specpipeline     ) [ 0000000000]
call_ln32             (call             ) [ 0000000000]
ret_ln82              (ret              ) [ 0000000000]
</LifeTime>

<model>

<comp_list>
<comp id="0" class="1000" name="layer31_out">
<pin_list>
<pin id="1" dir="1" index="0" bw="1" slack="0"/>
</pin_list>
<bind>
<StgValue><ssdm name="layer31_out"/></StgValue>
</bind>
</comp>

<comp id="2" class="1000" name="layer5_out">
<pin_list>
<pin id="3" dir="1" index="0" bw="1" slack="0"/>
</pin_list>
<bind>
<StgValue><ssdm name="layer5_out"/></StgValue>
</bind>
</comp>

<comp id="4" class="1000" name="void_compute_output_buffer_2d_array_const_ap_shift_reg_n_chan_stream_weig_5">
<pin_list>
<pin id="5" dir="1" index="0" bw="1" slack="0"/>
</pin_list>
<bind>
<StgValue><ssdm name="void_compute_output_buffer_2d_array_const_ap_shift_reg_n_chan_stream_weig_5"/></StgValue>
</bind>
</comp>

<comp id="6" class="1000" name="void_compute_output_buffer_2d_array_const_ap_shift_reg_n_chan_stream_weig_9">
<pin_list>
<pin id="7" dir="1" index="0" bw="1" slack="0"/>
</pin_list>
<bind>
<StgValue><ssdm name="void_compute_output_buffer_2d_array_const_ap_shift_reg_n_chan_stream_weig_9"/></StgValue>
</bind>
</comp>

<comp id="8" class="1000" name="void_compute_output_buffer_2d_array_const_ap_shift_reg_n_chan_stream_weig_4">
<pin_list>
<pin id="9" dir="1" index="0" bw="1" slack="0"/>
</pin_list>
<bind>
<StgValue><ssdm name="void_compute_output_buffer_2d_array_const_ap_shift_reg_n_chan_stream_weig_4"/></StgValue>
</bind>
</comp>

<comp id="10" class="1000" name="void_compute_output_buffer_2d_array_const_ap_shift_reg_n_chan_stream_weig_8">
<pin_list>
<pin id="11" dir="1" index="0" bw="1" slack="0"/>
</pin_list>
<bind>
<StgValue><ssdm name="void_compute_output_buffer_2d_array_const_ap_shift_reg_n_chan_stream_weig_8"/></StgValue>
</bind>
</comp>

<comp id="12" class="1000" name="void_compute_output_buffer_2d_array_const_ap_shift_reg_n_chan_stream_weig_3">
<pin_list>
<pin id="13" dir="1" index="0" bw="1" slack="0"/>
</pin_list>
<bind>
<StgValue><ssdm name="void_compute_output_buffer_2d_array_const_ap_shift_reg_n_chan_stream_weig_3"/></StgValue>
</bind>
</comp>

<comp id="14" class="1000" name="void_compute_output_buffer_2d_array_const_ap_shift_reg_n_chan_stream_weig_7">
<pin_list>
<pin id="15" dir="1" index="0" bw="1" slack="0"/>
</pin_list>
<bind>
<StgValue><ssdm name="void_compute_output_buffer_2d_array_const_ap_shift_reg_n_chan_stream_weig_7"/></StgValue>
</bind>
</comp>

<comp id="16" class="1000" name="void_compute_output_buffer_2d_array_const_ap_shift_reg_n_chan_stream_weig_2">
<pin_list>
<pin id="17" dir="1" index="0" bw="1" slack="0"/>
</pin_list>
<bind>
<StgValue><ssdm name="void_compute_output_buffer_2d_array_const_ap_shift_reg_n_chan_stream_weig_2"/></StgValue>
</bind>
</comp>

<comp id="18" class="1000" name="void_compute_output_buffer_2d_array_const_ap_shift_reg_n_chan_stream_weig_6">
<pin_list>
<pin id="19" dir="1" index="0" bw="1" slack="0"/>
</pin_list>
<bind>
<StgValue><ssdm name="void_compute_output_buffer_2d_array_const_ap_shift_reg_n_chan_stream_weig_6"/></StgValue>
</bind>
</comp>

<comp id="20" class="1000" name="p_ZZN4nnet24compute_output_buffer_2dINS_5arrayI8ap_fixedILi16ELi6EL9ap_q_mode5EL9_19">
<pin_list>
<pin id="21" dir="1" index="0" bw="1" slack="0"/>
</pin_list>
<bind>
<StgValue><ssdm name="p_ZZN4nnet24compute_output_buffer_2dINS_5arrayI8ap_fixedILi16ELi6EL9ap_q_mode5EL9_19"/></StgValue>
</bind>
</comp>

<comp id="22" class="1000" name="p_ZZN4nnet24compute_output_buffer_2dINS_5arrayI8ap_fixedILi16ELi6EL9ap_q_mode5EL9_23">
<pin_list>
<pin id="23" dir="1" index="0" bw="1" slack="0"/>
</pin_list>
<bind>
<StgValue><ssdm name="p_ZZN4nnet24compute_output_buffer_2dINS_5arrayI8ap_fixedILi16ELi6EL9ap_q_mode5EL9_23"/></StgValue>
</bind>
</comp>

<comp id="24" class="1000" name="p_ZZN4nnet24compute_output_buffer_2dINS_5arrayI8ap_fixedILi16ELi6EL9ap_q_mode5EL9_18">
<pin_list>
<pin id="25" dir="1" index="0" bw="1" slack="0"/>
</pin_list>
<bind>
<StgValue><ssdm name="p_ZZN4nnet24compute_output_buffer_2dINS_5arrayI8ap_fixedILi16ELi6EL9ap_q_mode5EL9_18"/></StgValue>
</bind>
</comp>

<comp id="26" class="1000" name="p_ZZN4nnet24compute_output_buffer_2dINS_5arrayI8ap_fixedILi16ELi6EL9ap_q_mode5EL9_22">
<pin_list>
<pin id="27" dir="1" index="0" bw="1" slack="0"/>
</pin_list>
<bind>
<StgValue><ssdm name="p_ZZN4nnet24compute_output_buffer_2dINS_5arrayI8ap_fixedILi16ELi6EL9ap_q_mode5EL9_22"/></StgValue>
</bind>
</comp>

<comp id="28" class="1000" name="p_ZZN4nnet24compute_output_buffer_2dINS_5arrayI8ap_fixedILi16ELi6EL9ap_q_mode5EL9_17">
<pin_list>
<pin id="29" dir="1" index="0" bw="1" slack="0"/>
</pin_list>
<bind>
<StgValue><ssdm name="p_ZZN4nnet24compute_output_buffer_2dINS_5arrayI8ap_fixedILi16ELi6EL9ap_q_mode5EL9_17"/></StgValue>
</bind>
</comp>

<comp id="30" class="1000" name="p_ZZN4nnet24compute_output_buffer_2dINS_5arrayI8ap_fixedILi16ELi6EL9ap_q_mode5EL9_21">
<pin_list>
<pin id="31" dir="1" index="0" bw="1" slack="0"/>
</pin_list>
<bind>
<StgValue><ssdm name="p_ZZN4nnet24compute_output_buffer_2dINS_5arrayI8ap_fixedILi16ELi6EL9ap_q_mode5EL9_21"/></StgValue>
</bind>
</comp>

<comp id="32" class="1000" name="p_ZZN4nnet24compute_output_buffer_2dINS_5arrayI8ap_fixedILi16ELi6EL9ap_q_mode5EL9_16">
<pin_list>
<pin id="33" dir="1" index="0" bw="1" slack="0"/>
</pin_list>
<bind>
<StgValue><ssdm name="p_ZZN4nnet24compute_output_buffer_2dINS_5arrayI8ap_fixedILi16ELi6EL9ap_q_mode5EL9_16"/></StgValue>
</bind>
</comp>

<comp id="34" class="1000" name="p_ZZN4nnet24compute_output_buffer_2dINS_5arrayI8ap_fixedILi16ELi6EL9ap_q_mode5EL9_20">
<pin_list>
<pin id="35" dir="1" index="0" bw="1" slack="0"/>
</pin_list>
<bind>
<StgValue><ssdm name="p_ZZN4nnet24compute_output_buffer_2dINS_5arrayI8ap_fixedILi16ELi6EL9ap_q_mode5EL9_20"/></StgValue>
</bind>
</comp>

<comp id="36" class="1000" name="p_ZZN4nnet24compute_output_buffer_2dINS_5arrayI8ap_fixedILi16ELi6EL9ap_q_mode5EL9_7">
<pin_list>
<pin id="37" dir="1" index="0" bw="1" slack="0"/>
</pin_list>
<bind>
<StgValue><ssdm name="p_ZZN4nnet24compute_output_buffer_2dINS_5arrayI8ap_fixedILi16ELi6EL9ap_q_mode5EL9_7"/></StgValue>
</bind>
</comp>

<comp id="38" class="1000" name="p_ZZN4nnet24compute_output_buffer_2dINS_5arrayI8ap_fixedILi16ELi6EL9ap_q_mode5EL9_11">
<pin_list>
<pin id="39" dir="1" index="0" bw="1" slack="0"/>
</pin_list>
<bind>
<StgValue><ssdm name="p_ZZN4nnet24compute_output_buffer_2dINS_5arrayI8ap_fixedILi16ELi6EL9ap_q_mode5EL9_11"/></StgValue>
</bind>
</comp>

<comp id="40" class="1000" name="p_ZZN4nnet24compute_output_buffer_2dINS_5arrayI8ap_fixedILi16ELi6EL9ap_q_mode5EL9_6">
<pin_list>
<pin id="41" dir="1" index="0" bw="1" slack="0"/>
</pin_list>
<bind>
<StgValue><ssdm name="p_ZZN4nnet24compute_output_buffer_2dINS_5arrayI8ap_fixedILi16ELi6EL9ap_q_mode5EL9_6"/></StgValue>
</bind>
</comp>

<comp id="42" class="1000" name="p_ZZN4nnet24compute_output_buffer_2dINS_5arrayI8ap_fixedILi16ELi6EL9ap_q_mode5EL9_10">
<pin_list>
<pin id="43" dir="1" index="0" bw="1" slack="0"/>
</pin_list>
<bind>
<StgValue><ssdm name="p_ZZN4nnet24compute_output_buffer_2dINS_5arrayI8ap_fixedILi16ELi6EL9ap_q_mode5EL9_10"/></StgValue>
</bind>
</comp>

<comp id="44" class="1000" name="p_ZZN4nnet24compute_output_buffer_2dINS_5arrayI8ap_fixedILi16ELi6EL9ap_q_mode5EL9_5">
<pin_list>
<pin id="45" dir="1" index="0" bw="1" slack="0"/>
</pin_list>
<bind>
<StgValue><ssdm name="p_ZZN4nnet24compute_output_buffer_2dINS_5arrayI8ap_fixedILi16ELi6EL9ap_q_mode5EL9_5"/></StgValue>
</bind>
</comp>

<comp id="46" class="1000" name="p_ZZN4nnet24compute_output_buffer_2dINS_5arrayI8ap_fixedILi16ELi6EL9ap_q_mode5EL9_9">
<pin_list>
<pin id="47" dir="1" index="0" bw="1" slack="0"/>
</pin_list>
<bind>
<StgValue><ssdm name="p_ZZN4nnet24compute_output_buffer_2dINS_5arrayI8ap_fixedILi16ELi6EL9ap_q_mode5EL9_9"/></StgValue>
</bind>
</comp>

<comp id="48" class="1000" name="p_ZZN4nnet24compute_output_buffer_2dINS_5arrayI8ap_fixedILi16ELi6EL9ap_q_mode5EL9_4">
<pin_list>
<pin id="49" dir="1" index="0" bw="1" slack="0"/>
</pin_list>
<bind>
<StgValue><ssdm name="p_ZZN4nnet24compute_output_buffer_2dINS_5arrayI8ap_fixedILi16ELi6EL9ap_q_mode5EL9_4"/></StgValue>
</bind>
</comp>

<comp id="50" class="1000" name="p_ZZN4nnet24compute_output_buffer_2dINS_5arrayI8ap_fixedILi16ELi6EL9ap_q_mode5EL9_8">
<pin_list>
<pin id="51" dir="1" index="0" bw="1" slack="0"/>
</pin_list>
<bind>
<StgValue><ssdm name="p_ZZN4nnet24compute_output_buffer_2dINS_5arrayI8ap_fixedILi16ELi6EL9ap_q_mode5EL9_8"/></StgValue>
</bind>
</comp>

<comp id="52" class="1000" name="void_compute_output_buffer_2d_array_const_ap_shift_reg_n_chan_stream_weig_1">
<pin_list>
<pin id="53" dir="1" index="0" bw="1" slack="0"/>
</pin_list>
<bind>
<StgValue><ssdm name="void_compute_output_buffer_2d_array_const_ap_shift_reg_n_chan_stream_weig_1"/></StgValue>
</bind>
</comp>

<comp id="54" class="1000" name="void_compute_output_buffer_2d_array_const_ap_shift_reg_n_chan_stream_weig">
<pin_list>
<pin id="55" dir="1" index="0" bw="1" slack="0"/>
</pin_list>
<bind>
<StgValue><ssdm name="void_compute_output_buffer_2d_array_const_ap_shift_reg_n_chan_stream_weig"/></StgValue>
</bind>
</comp>

<comp id="56" class="1000" name="p_ZZN4nnet24compute_output_buffer_2dINS_5arrayI8ap_fixedILi16ELi6EL9ap_q_mode5EL9_25">
<pin_list>
<pin id="57" dir="1" index="0" bw="1" slack="0"/>
</pin_list>
<bind>
<StgValue><ssdm name="p_ZZN4nnet24compute_output_buffer_2dINS_5arrayI8ap_fixedILi16ELi6EL9ap_q_mode5EL9_25"/></StgValue>
</bind>
</comp>

<comp id="58" class="1000" name="p_ZZN4nnet24compute_output_buffer_2dINS_5arrayI8ap_fixedILi16ELi6EL9ap_q_mode5EL9_24">
<pin_list>
<pin id="59" dir="1" index="0" bw="1" slack="0"/>
</pin_list>
<bind>
<StgValue><ssdm name="p_ZZN4nnet24compute_output_buffer_2dINS_5arrayI8ap_fixedILi16ELi6EL9ap_q_mode5EL9_24"/></StgValue>
</bind>
</comp>

<comp id="60" class="1000" name="p_ZZN4nnet24compute_output_buffer_2dINS_5arrayI8ap_fixedILi16ELi6EL9ap_q_mode5EL9_15">
<pin_list>
<pin id="61" dir="1" index="0" bw="1" slack="0"/>
</pin_list>
<bind>
<StgValue><ssdm name="p_ZZN4nnet24compute_output_buffer_2dINS_5arrayI8ap_fixedILi16ELi6EL9ap_q_mode5EL9_15"/></StgValue>
</bind>
</comp>

<comp id="62" class="1000" name="p_ZZN4nnet24compute_output_buffer_2dINS_5arrayI8ap_fixedILi16ELi6EL9ap_q_mode5EL9_14">
<pin_list>
<pin id="63" dir="1" index="0" bw="1" slack="0"/>
</pin_list>
<bind>
<StgValue><ssdm name="p_ZZN4nnet24compute_output_buffer_2dINS_5arrayI8ap_fixedILi16ELi6EL9ap_q_mode5EL9_14"/></StgValue>
</bind>
</comp>

<comp id="64" class="1000" name="p_ZZN4nnet24compute_output_buffer_2dINS_5arrayI8ap_fixedILi16ELi6EL9ap_q_mode5EL9_13">
<pin_list>
<pin id="65" dir="1" index="0" bw="1" slack="0"/>
</pin_list>
<bind>
<StgValue><ssdm name="p_ZZN4nnet24compute_output_buffer_2dINS_5arrayI8ap_fixedILi16ELi6EL9ap_q_mode5EL9_13"/></StgValue>
</bind>
</comp>

<comp id="66" class="1000" name="p_ZZN4nnet24compute_output_buffer_2dINS_5arrayI8ap_fixedILi16ELi6EL9ap_q_mode5EL9_12">
<pin_list>
<pin id="67" dir="1" index="0" bw="1" slack="0"/>
</pin_list>
<bind>
<StgValue><ssdm name="p_ZZN4nnet24compute_output_buffer_2dINS_5arrayI8ap_fixedILi16ELi6EL9ap_q_mode5EL9_12"/></StgValue>
</bind>
</comp>

<comp id="68" class="1000" name="p_ZZN4nnet24compute_output_buffer_2dINS_5arrayI8ap_fixedILi16ELi6EL9ap_q_mode5EL9_3">
<pin_list>
<pin id="69" dir="1" index="0" bw="1" slack="0"/>
</pin_list>
<bind>
<StgValue><ssdm name="p_ZZN4nnet24compute_output_buffer_2dINS_5arrayI8ap_fixedILi16ELi6EL9ap_q_mode5EL9_3"/></StgValue>
</bind>
</comp>

<comp id="70" class="1000" name="p_ZZN4nnet24compute_output_buffer_2dINS_5arrayI8ap_fixedILi16ELi6EL9ap_q_mode5EL9_2">
<pin_list>
<pin id="71" dir="1" index="0" bw="1" slack="0"/>
</pin_list>
<bind>
<StgValue><ssdm name="p_ZZN4nnet24compute_output_buffer_2dINS_5arrayI8ap_fixedILi16ELi6EL9ap_q_mode5EL9_2"/></StgValue>
</bind>
</comp>

<comp id="72" class="1000" name="p_ZZN4nnet24compute_output_buffer_2dINS_5arrayI8ap_fixedILi16ELi6EL9ap_q_mode5EL9_1">
<pin_list>
<pin id="73" dir="1" index="0" bw="1" slack="0"/>
</pin_list>
<bind>
<StgValue><ssdm name="p_ZZN4nnet24compute_output_buffer_2dINS_5arrayI8ap_fixedILi16ELi6EL9ap_q_mode5EL9_1"/></StgValue>
</bind>
</comp>

<comp id="74" class="1000" name="p_ZZN4nnet24compute_output_buffer_2dINS_5arrayI8ap_fixedILi16ELi6EL9ap_q_mode5EL9">
<pin_list>
<pin id="75" dir="1" index="0" bw="1" slack="0"/>
</pin_list>
<bind>
<StgValue><ssdm name="p_ZZN4nnet24compute_output_buffer_2dINS_5arrayI8ap_fixedILi16ELi6EL9ap_q_mode5EL9"/></StgValue>
</bind>
</comp>

<comp id="76" class="1000" name="p_ZZN4nnet25conv_2d_buffer_latency_clINS_5arrayI8ap_fixedILi16ELi6EL9ap_q_mode5EL_7">
<pin_list>
<pin id="77" dir="1" index="0" bw="1" slack="0"/>
</pin_list>
<bind>
<StgValue><ssdm name="p_ZZN4nnet25conv_2d_buffer_latency_clINS_5arrayI8ap_fixedILi16ELi6EL9ap_q_mode5EL_7"/><MemPortTyVec>2 </MemPortTyVec>
</StgValue>
</bind>
</comp>

<comp id="78" class="1000" name="p_ZZN4nnet25conv_2d_buffer_latency_clINS_5arrayI8ap_fixedILi16ELi6EL9ap_q_mode5EL_3">
<pin_list>
<pin id="79" dir="1" index="0" bw="1" slack="0"/>
</pin_list>
<bind>
<StgValue><ssdm name="p_ZZN4nnet25conv_2d_buffer_latency_clINS_5arrayI8ap_fixedILi16ELi6EL9ap_q_mode5EL_3"/><MemPortTyVec>2 </MemPortTyVec>
</StgValue>
</bind>
</comp>

<comp id="80" class="1000" name="p_ZZN4nnet25conv_2d_buffer_latency_clINS_5arrayI8ap_fixedILi16ELi6EL9ap_q_mode5EL_6">
<pin_list>
<pin id="81" dir="1" index="0" bw="1" slack="0"/>
</pin_list>
<bind>
<StgValue><ssdm name="p_ZZN4nnet25conv_2d_buffer_latency_clINS_5arrayI8ap_fixedILi16ELi6EL9ap_q_mode5EL_6"/><MemPortTyVec>2 </MemPortTyVec>
</StgValue>
</bind>
</comp>

<comp id="82" class="1000" name="p_ZZN4nnet25conv_2d_buffer_latency_clINS_5arrayI8ap_fixedILi16ELi6EL9ap_q_mode5EL_2">
<pin_list>
<pin id="83" dir="1" index="0" bw="1" slack="0"/>
</pin_list>
<bind>
<StgValue><ssdm name="p_ZZN4nnet25conv_2d_buffer_latency_clINS_5arrayI8ap_fixedILi16ELi6EL9ap_q_mode5EL_2"/><MemPortTyVec>2 </MemPortTyVec>
</StgValue>
</bind>
</comp>

<comp id="84" class="1000" name="p_ZZN4nnet25conv_2d_buffer_latency_clINS_5arrayI8ap_fixedILi16ELi6EL9ap_q_mode5EL_5">
<pin_list>
<pin id="85" dir="1" index="0" bw="1" slack="0"/>
</pin_list>
<bind>
<StgValue><ssdm name="p_ZZN4nnet25conv_2d_buffer_latency_clINS_5arrayI8ap_fixedILi16ELi6EL9ap_q_mode5EL_5"/><MemPortTyVec>2 </MemPortTyVec>
</StgValue>
</bind>
</comp>

<comp id="86" class="1000" name="p_ZZN4nnet25conv_2d_buffer_latency_clINS_5arrayI8ap_fixedILi16ELi6EL9ap_q_mode5EL_1">
<pin_list>
<pin id="87" dir="1" index="0" bw="1" slack="0"/>
</pin_list>
<bind>
<StgValue><ssdm name="p_ZZN4nnet25conv_2d_buffer_latency_clINS_5arrayI8ap_fixedILi16ELi6EL9ap_q_mode5EL_1"/><MemPortTyVec>2 </MemPortTyVec>
</StgValue>
</bind>
</comp>

<comp id="88" class="1000" name="p_ZZN4nnet25conv_2d_buffer_latency_clINS_5arrayI8ap_fixedILi16ELi6EL9ap_q_mode5EL_4">
<pin_list>
<pin id="89" dir="1" index="0" bw="1" slack="0"/>
</pin_list>
<bind>
<StgValue><ssdm name="p_ZZN4nnet25conv_2d_buffer_latency_clINS_5arrayI8ap_fixedILi16ELi6EL9ap_q_mode5EL_4"/><MemPortTyVec>2 </MemPortTyVec>
</StgValue>
</bind>
</comp>

<comp id="90" class="1000" name="p_ZZN4nnet25conv_2d_buffer_latency_clINS_5arrayI8ap_fixedILi16ELi6EL9ap_q_mode5EL">
<pin_list>
<pin id="91" dir="1" index="0" bw="1" slack="0"/>
</pin_list>
<bind>
<StgValue><ssdm name="p_ZZN4nnet25conv_2d_buffer_latency_clINS_5arrayI8ap_fixedILi16ELi6EL9ap_q_mode5EL"/><MemPortTyVec>2 </MemPortTyVec>
</StgValue>
</bind>
</comp>

<comp id="92" class="1000" name="sX">
<pin_list>
<pin id="93" dir="1" index="0" bw="1" slack="0"/>
</pin_list>
<bind>
<StgValue><ssdm name="sX"/></StgValue>
</bind>
</comp>

<comp id="94" class="1000" name="sY">
<pin_list>
<pin id="95" dir="1" index="0" bw="1" slack="0"/>
</pin_list>
<bind>
<StgValue><ssdm name="sY"/></StgValue>
</bind>
</comp>

<comp id="96" class="1000" name="pY">
<pin_list>
<pin id="97" dir="1" index="0" bw="1" slack="0"/>
</pin_list>
<bind>
<StgValue><ssdm name="pY"/></StgValue>
</bind>
</comp>

<comp id="98" class="1000" name="pX">
<pin_list>
<pin id="99" dir="1" index="0" bw="1" slack="0"/>
</pin_list>
<bind>
<StgValue><ssdm name="pX"/></StgValue>
</bind>
</comp>

<comp id="100" class="1001" name="const_100">
<pin_list>
<pin id="101" dir="1" index="0" bw="1" slack="0"/>
</pin_list>
<bind>
<StgValue><ssdm name=""/></StgValue>
</bind>
</comp>

<comp id="102" class="1001" name="const_102">
<pin_list>
<pin id="103" dir="1" index="0" bw="1" slack="2147483647"/>
</pin_list>
<bind>
<StgValue><ssdm name="_ssdm_op_SpecInterface"/></StgValue>
</bind>
</comp>

<comp id="104" class="1001" name="const_104">
<pin_list>
<pin id="105" dir="1" index="0" bw="1" slack="2147483647"/>
</pin_list>
<bind>
<StgValue><ssdm name="empty_2"/></StgValue>
</bind>
</comp>

<comp id="106" class="1001" name="const_106">
<pin_list>
<pin id="107" dir="1" index="0" bw="1" slack="2147483647"/>
</pin_list>
<bind>
<StgValue><ssdm name=""/></StgValue>
</bind>
</comp>

<comp id="108" class="1001" name="const_108">
<pin_list>
<pin id="109" dir="1" index="0" bw="1" slack="2147483647"/>
</pin_list>
<bind>
<StgValue><ssdm name="empty_1"/></StgValue>
</bind>
</comp>

<comp id="110" class="1001" name="const_110">
<pin_list>
<pin id="111" dir="1" index="0" bw="1" slack="2147483647"/>
</pin_list>
<bind>
<StgValue><ssdm name=""/></StgValue>
</bind>
</comp>

<comp id="112" class="1001" name="const_112">
<pin_list>
<pin id="113" dir="1" index="0" bw="1" slack="0"/>
</pin_list>
<bind>
<StgValue><ssdm name=""/></StgValue>
</bind>
</comp>

<comp id="114" class="1001" name="const_114">
<pin_list>
<pin id="115" dir="1" index="0" bw="1" slack="0"/>
</pin_list>
<bind>
<StgValue><ssdm name=""/></StgValue>
</bind>
</comp>

<comp id="116" class="1001" name="const_116">
<pin_list>
<pin id="117" dir="1" index="0" bw="1" slack="0"/>
</pin_list>
<bind>
<StgValue><ssdm name=""/></StgValue>
</bind>
</comp>

<comp id="118" class="1001" name="const_118">
<pin_list>
<pin id="119" dir="1" index="0" bw="1" slack="0"/>
</pin_list>
<bind>
<StgValue><ssdm name="_ssdm_op_Read.ap_fifo.volatile.i64P0A"/></StgValue>
</bind>
</comp>

<comp id="120" class="1001" name="const_120">
<pin_list>
<pin id="121" dir="1" index="0" bw="1" slack="0"/>
</pin_list>
<bind>
<StgValue><ssdm name="_ssdm_op_PartSelect.i16.i64.i32.i32"/></StgValue>
</bind>
</comp>

<comp id="122" class="1001" name="const_122">
<pin_list>
<pin id="123" dir="1" index="0" bw="1" slack="0"/>
</pin_list>
<bind>
<StgValue><ssdm name=""/></StgValue>
</bind>
</comp>

<comp id="124" class="1001" name="const_124">
<pin_list>
<pin id="125" dir="1" index="0" bw="1" slack="0"/>
</pin_list>
<bind>
<StgValue><ssdm name=""/></StgValue>
</bind>
</comp>

<comp id="126" class="1001" name="const_126">
<pin_list>
<pin id="127" dir="1" index="0" bw="1" slack="0"/>
</pin_list>
<bind>
<StgValue><ssdm name=""/></StgValue>
</bind>
</comp>

<comp id="128" class="1001" name="const_128">
<pin_list>
<pin id="129" dir="1" index="0" bw="1" slack="0"/>
</pin_list>
<bind>
<StgValue><ssdm name=""/></StgValue>
</bind>
</comp>

<comp id="130" class="1001" name="const_130">
<pin_list>
<pin id="131" dir="1" index="0" bw="1" slack="0"/>
</pin_list>
<bind>
<StgValue><ssdm name=""/></StgValue>
</bind>
</comp>

<comp id="132" class="1001" name="const_132">
<pin_list>
<pin id="133" dir="1" index="0" bw="1" slack="0"/>
</pin_list>
<bind>
<StgValue><ssdm name=""/></StgValue>
</bind>
</comp>

<comp id="134" class="1001" name="const_134">
<pin_list>
<pin id="135" dir="1" index="0" bw="1" slack="0"/>
</pin_list>
<bind>
<StgValue><ssdm name="compute_output_buffer_2d<array,array<ap_fixed<10,2,5,3,0>,4u>,config5>"/></StgValue>
</bind>
</comp>

<comp id="136" class="1001" name="const_136">
<pin_list>
<pin id="137" dir="1" index="0" bw="1" slack="2147483647"/>
</pin_list>
<bind>
<StgValue><ssdm name="_ssdm_op_SpecLoopName"/></StgValue>
</bind>
</comp>

<comp id="138" class="1001" name="const_138">
<pin_list>
<pin id="139" dir="1" index="0" bw="1" slack="2147483647"/>
</pin_list>
<bind>
<StgValue><ssdm name="ReadInputHeight_ReadInputWidth_str"/></StgValue>
</bind>
</comp>

<comp id="140" class="1001" name="const_140">
<pin_list>
<pin id="141" dir="1" index="0" bw="1" slack="2147483647"/>
</pin_list>
<bind>
<StgValue><ssdm name="_ssdm_op_SpecLoopTripCount"/></StgValue>
</bind>
</comp>

<comp id="142" class="1001" name="const_142">
<pin_list>
<pin id="143" dir="1" index="0" bw="1" slack="2147483647"/>
</pin_list>
<bind>
<StgValue><ssdm name=""/></StgValue>
</bind>
</comp>

<comp id="144" class="1001" name="const_144">
<pin_list>
<pin id="145" dir="1" index="0" bw="1" slack="2147483647"/>
</pin_list>
<bind>
<StgValue><ssdm name="_ssdm_op_SpecPipeline"/></StgValue>
</bind>
</comp>

<comp id="146" class="1001" name="const_146">
<pin_list>
<pin id="147" dir="1" index="0" bw="1" slack="2147483647"/>
</pin_list>
<bind>
<StgValue><ssdm name=""/></StgValue>
</bind>
</comp>

<comp id="148" class="1004" name="indvar_flatten2_fu_148">
<pin_list>
<pin id="149" dir="0" index="0" bw="1" slack="0"/>
<pin id="150" dir="1" index="1" bw="15" slack="0"/>
</pin_list>
<bind>
<opcode="alloca(26) " fcode="alloca"/>
<opset="indvar_flatten2/1 "/>
</bind>
</comp>

<comp id="152" class="1004" name="layer31_out_read_read_fu_152">
<pin_list>
<pin id="153" dir="0" index="0" bw="64" slack="0"/>
<pin id="154" dir="0" index="1" bw="64" slack="0"/>
<pin id="155" dir="1" index="2" bw="64" slack="0"/>
</pin_list>
<bind>
<opcode="read(1150) " fcode="read"/>
<opset="layer31_out_read/2 "/>
</bind>
</comp>

<comp id="158" class="1004" name="grp_compute_output_buffer_2d_array_array_ap_fixed_10_2_5_3_0_4u_config5_s_fu_158">
<pin_list>
<pin id="159" dir="0" index="0" bw="0" slack="0"/>
<pin id="160" dir="0" index="1" bw="16" slack="0"/>
<pin id="161" dir="0" index="2" bw="16" slack="0"/>
<pin id="162" dir="0" index="3" bw="16" slack="0"/>
<pin id="163" dir="0" index="4" bw="16" slack="0"/>
<pin id="164" dir="0" index="5" bw="40" slack="0"/>
<pin id="165" dir="0" index="6" bw="16" slack="0"/>
<pin id="166" dir="0" index="7" bw="16" slack="0"/>
<pin id="167" dir="0" index="8" bw="16" slack="0"/>
<pin id="168" dir="0" index="9" bw="16" slack="0"/>
<pin id="169" dir="0" index="10" bw="16" slack="0"/>
<pin id="170" dir="0" index="11" bw="16" slack="0"/>
<pin id="171" dir="0" index="12" bw="16" slack="0"/>
<pin id="172" dir="0" index="13" bw="16" slack="0"/>
<pin id="173" dir="0" index="14" bw="16" slack="0"/>
<pin id="174" dir="0" index="15" bw="16" slack="0"/>
<pin id="175" dir="0" index="16" bw="16" slack="0"/>
<pin id="176" dir="0" index="17" bw="16" slack="0"/>
<pin id="177" dir="0" index="18" bw="16" slack="0"/>
<pin id="178" dir="0" index="19" bw="16" slack="0"/>
<pin id="179" dir="0" index="20" bw="16" slack="0"/>
<pin id="180" dir="0" index="21" bw="16" slack="0"/>
<pin id="181" dir="0" index="22" bw="16" slack="0"/>
<pin id="182" dir="0" index="23" bw="16" slack="0"/>
<pin id="183" dir="0" index="24" bw="16" slack="0"/>
<pin id="184" dir="0" index="25" bw="16" slack="0"/>
<pin id="185" dir="0" index="26" bw="16" slack="0"/>
<pin id="186" dir="0" index="27" bw="16" slack="0"/>
<pin id="187" dir="0" index="28" bw="16" slack="0"/>
<pin id="188" dir="0" index="29" bw="16" slack="0"/>
<pin id="189" dir="0" index="30" bw="16" slack="0"/>
<pin id="190" dir="0" index="31" bw="16" slack="0"/>
<pin id="191" dir="0" index="32" bw="16" slack="0"/>
<pin id="192" dir="0" index="33" bw="16" slack="0"/>
<pin id="193" dir="0" index="34" bw="16" slack="0"/>
<pin id="194" dir="0" index="35" bw="16" slack="0"/>
<pin id="195" dir="0" index="36" bw="16" slack="0"/>
<pin id="196" dir="0" index="37" bw="16" slack="0"/>
<pin id="197" dir="0" index="38" bw="16" slack="0"/>
<pin id="198" dir="0" index="39" bw="16" slack="0"/>
<pin id="199" dir="0" index="40" bw="16" slack="0"/>
<pin id="200" dir="0" index="41" bw="16" slack="0"/>
<pin id="201" dir="0" index="42" bw="16" slack="0"/>
<pin id="202" dir="0" index="43" bw="16" slack="0"/>
<pin id="203" dir="0" index="44" bw="16" slack="0"/>
<pin id="204" dir="0" index="45" bw="16" slack="0"/>
<pin id="205" dir="0" index="46" bw="16" slack="0"/>
<pin id="206" dir="0" index="47" bw="16" slack="0"/>
<pin id="207" dir="0" index="48" bw="16" slack="0"/>
<pin id="208" dir="0" index="49" bw="16" slack="0"/>
<pin id="209" dir="0" index="50" bw="32" slack="0"/>
<pin id="210" dir="0" index="51" bw="32" slack="0"/>
<pin id="211" dir="0" index="52" bw="32" slack="0"/>
<pin id="212" dir="0" index="53" bw="32" slack="0"/>
<pin id="213" dir="1" index="54" bw="0" slack="2147483647"/>
</pin_list>
<bind>
<opcode="call(48) " fcode="call"/>
<opset="call_ln32/2 "/>
</bind>
</comp>

<comp id="264" class="1004" name="store_ln0_store_fu_264">
<pin_list>
<pin id="265" dir="0" index="0" bw="1" slack="0"/>
<pin id="266" dir="0" index="1" bw="15" slack="0"/>
<pin id="267" dir="1" index="2" bw="0" slack="2147483647"/>
</pin_list>
<bind>
<opcode="store(28) " fcode="store"/>
<opset="store_ln0/1 "/>
</bind>
</comp>

<comp id="269" class="1004" name="indvar_flatten2_load_load_fu_269">
<pin_list>
<pin id="270" dir="0" index="0" bw="15" slack="0"/>
<pin id="271" dir="1" index="1" bw="15" slack="0"/>
</pin_list>
<bind>
<opcode="load(27) " fcode="load"/>
<opset="indvar_flatten2_load/1 "/>
</bind>
</comp>

<comp id="272" class="1004" name="add_ln25_fu_272">
<pin_list>
<pin id="273" dir="0" index="0" bw="15" slack="0"/>
<pin id="274" dir="0" index="1" bw="1" slack="0"/>
<pin id="275" dir="1" index="2" bw="15" slack="0"/>
</pin_list>
<bind>
<opcode="add(8) " fcode="add"/>
<opset="add_ln25/1 "/>
</bind>
</comp>

<comp id="278" class="1004" name="icmp_ln25_fu_278">
<pin_list>
<pin id="279" dir="0" index="0" bw="15" slack="0"/>
<pin id="280" dir="0" index="1" bw="15" slack="0"/>
<pin id="281" dir="1" index="2" bw="1" slack="8"/>
</pin_list>
<bind>
<opcode="icmp(45) " fcode="icmp"/>
<opset="icmp_ln25/1 "/>
</bind>
</comp>

<comp id="284" class="1004" name="store_ln25_store_fu_284">
<pin_list>
<pin id="285" dir="0" index="0" bw="15" slack="0"/>
<pin id="286" dir="0" index="1" bw="15" slack="0"/>
<pin id="287" dir="1" index="2" bw="0" slack="2147483647"/>
</pin_list>
<bind>
<opcode="store(28) " fcode="store"/>
<opset="store_ln25/1 "/>
</bind>
</comp>

<comp id="289" class="1004" name="trunc_ln32_fu_289">
<pin_list>
<pin id="290" dir="0" index="0" bw="64" slack="0"/>
<pin id="291" dir="1" index="1" bw="16" slack="0"/>
</pin_list>
<bind>
<opcode="trunc(33) " fcode="trunc"/>
<opset="trunc_ln32/2 "/>
</bind>
</comp>

<comp id="294" class="1004" name="trunc_ln32_1_fu_294">
<pin_list>
<pin id="295" dir="0" index="0" bw="16" slack="0"/>
<pin id="296" dir="0" index="1" bw="64" slack="0"/>
<pin id="297" dir="0" index="2" bw="6" slack="0"/>
<pin id="298" dir="0" index="3" bw="6" slack="0"/>
<pin id="299" dir="1" index="4" bw="16" slack="0"/>
</pin_list>
<bind>
<opcode="partselect(1002) " fcode="partselect"/>
<opset="trunc_ln32_1/2 "/>
</bind>
</comp>

<comp id="305" class="1004" name="trunc_ln32_2_fu_305">
<pin_list>
<pin id="306" dir="0" index="0" bw="16" slack="0"/>
<pin id="307" dir="0" index="1" bw="64" slack="0"/>
<pin id="308" dir="0" index="2" bw="7" slack="0"/>
<pin id="309" dir="0" index="3" bw="7" slack="0"/>
<pin id="310" dir="1" index="4" bw="16" slack="0"/>
</pin_list>
<bind>
<opcode="partselect(1002) " fcode="partselect"/>
<opset="trunc_ln32_2/2 "/>
</bind>
</comp>

<comp id="316" class="1004" name="trunc_ln32_3_fu_316">
<pin_list>
<pin id="317" dir="0" index="0" bw="16" slack="0"/>
<pin id="318" dir="0" index="1" bw="64" slack="0"/>
<pin id="319" dir="0" index="2" bw="7" slack="0"/>
<pin id="320" dir="0" index="3" bw="7" slack="0"/>
<pin id="321" dir="1" index="4" bw="16" slack="0"/>
</pin_list>
<bind>
<opcode="partselect(1002) " fcode="partselect"/>
<opset="trunc_ln32_3/2 "/>
</bind>
</comp>

<comp id="327" class="1005" name="indvar_flatten2_reg_327">
<pin_list>
<pin id="328" dir="0" index="0" bw="15" slack="0"/>
<pin id="329" dir="1" index="1" bw="15" slack="0"/>
</pin_list>
<bind>
<opset="indvar_flatten2 "/>
</bind>
</comp>

<comp id="334" class="1005" name="icmp_ln25_reg_334">
<pin_list>
<pin id="335" dir="0" index="0" bw="1" slack="8"/>
<pin id="336" dir="1" index="1" bw="1" slack="2147483647"/>
</pin_list>
<bind>
<opset="icmp_ln25 "/>
</bind>
</comp>

</comp_list>

<net_list>
<net id="151"><net_src comp="100" pin="0"/><net_sink comp="148" pin=0"/></net>

<net id="156"><net_src comp="118" pin="0"/><net_sink comp="152" pin=0"/></net>

<net id="157"><net_src comp="0" pin="0"/><net_sink comp="152" pin=1"/></net>

<net id="214"><net_src comp="134" pin="0"/><net_sink comp="158" pin=0"/></net>

<net id="215"><net_src comp="2" pin="0"/><net_sink comp="158" pin=5"/></net>

<net id="216"><net_src comp="4" pin="0"/><net_sink comp="158" pin=6"/></net>

<net id="217"><net_src comp="6" pin="0"/><net_sink comp="158" pin=7"/></net>

<net id="218"><net_src comp="8" pin="0"/><net_sink comp="158" pin=8"/></net>

<net id="219"><net_src comp="10" pin="0"/><net_sink comp="158" pin=9"/></net>

<net id="220"><net_src comp="12" pin="0"/><net_sink comp="158" pin=10"/></net>

<net id="221"><net_src comp="14" pin="0"/><net_sink comp="158" pin=11"/></net>

<net id="222"><net_src comp="16" pin="0"/><net_sink comp="158" pin=12"/></net>

<net id="223"><net_src comp="18" pin="0"/><net_sink comp="158" pin=13"/></net>

<net id="224"><net_src comp="20" pin="0"/><net_sink comp="158" pin=14"/></net>

<net id="225"><net_src comp="22" pin="0"/><net_sink comp="158" pin=15"/></net>

<net id="226"><net_src comp="24" pin="0"/><net_sink comp="158" pin=16"/></net>

<net id="227"><net_src comp="26" pin="0"/><net_sink comp="158" pin=17"/></net>

<net id="228"><net_src comp="28" pin="0"/><net_sink comp="158" pin=18"/></net>

<net id="229"><net_src comp="30" pin="0"/><net_sink comp="158" pin=19"/></net>

<net id="230"><net_src comp="32" pin="0"/><net_sink comp="158" pin=20"/></net>

<net id="231"><net_src comp="34" pin="0"/><net_sink comp="158" pin=21"/></net>

<net id="232"><net_src comp="36" pin="0"/><net_sink comp="158" pin=22"/></net>

<net id="233"><net_src comp="38" pin="0"/><net_sink comp="158" pin=23"/></net>

<net id="234"><net_src comp="40" pin="0"/><net_sink comp="158" pin=24"/></net>

<net id="235"><net_src comp="42" pin="0"/><net_sink comp="158" pin=25"/></net>

<net id="236"><net_src comp="44" pin="0"/><net_sink comp="158" pin=26"/></net>

<net id="237"><net_src comp="46" pin="0"/><net_sink comp="158" pin=27"/></net>

<net id="238"><net_src comp="48" pin="0"/><net_sink comp="158" pin=28"/></net>

<net id="239"><net_src comp="50" pin="0"/><net_sink comp="158" pin=29"/></net>

<net id="240"><net_src comp="52" pin="0"/><net_sink comp="158" pin=30"/></net>

<net id="241"><net_src comp="54" pin="0"/><net_sink comp="158" pin=31"/></net>

<net id="242"><net_src comp="56" pin="0"/><net_sink comp="158" pin=32"/></net>

<net id="243"><net_src comp="58" pin="0"/><net_sink comp="158" pin=33"/></net>

<net id="244"><net_src comp="60" pin="0"/><net_sink comp="158" pin=34"/></net>

<net id="245"><net_src comp="62" pin="0"/><net_sink comp="158" pin=35"/></net>

<net id="246"><net_src comp="64" pin="0"/><net_sink comp="158" pin=36"/></net>

<net id="247"><net_src comp="66" pin="0"/><net_sink comp="158" pin=37"/></net>

<net id="248"><net_src comp="68" pin="0"/><net_sink comp="158" pin=38"/></net>

<net id="249"><net_src comp="70" pin="0"/><net_sink comp="158" pin=39"/></net>

<net id="250"><net_src comp="72" pin="0"/><net_sink comp="158" pin=40"/></net>

<net id="251"><net_src comp="74" pin="0"/><net_sink comp="158" pin=41"/></net>

<net id="252"><net_src comp="76" pin="0"/><net_sink comp="158" pin=42"/></net>

<net id="253"><net_src comp="78" pin="0"/><net_sink comp="158" pin=43"/></net>

<net id="254"><net_src comp="80" pin="0"/><net_sink comp="158" pin=44"/></net>

<net id="255"><net_src comp="82" pin="0"/><net_sink comp="158" pin=45"/></net>

<net id="256"><net_src comp="84" pin="0"/><net_sink comp="158" pin=46"/></net>

<net id="257"><net_src comp="86" pin="0"/><net_sink comp="158" pin=47"/></net>

<net id="258"><net_src comp="88" pin="0"/><net_sink comp="158" pin=48"/></net>

<net id="259"><net_src comp="90" pin="0"/><net_sink comp="158" pin=49"/></net>

<net id="260"><net_src comp="92" pin="0"/><net_sink comp="158" pin=50"/></net>

<net id="261"><net_src comp="94" pin="0"/><net_sink comp="158" pin=51"/></net>

<net id="262"><net_src comp="96" pin="0"/><net_sink comp="158" pin=52"/></net>

<net id="263"><net_src comp="98" pin="0"/><net_sink comp="158" pin=53"/></net>

<net id="268"><net_src comp="112" pin="0"/><net_sink comp="264" pin=0"/></net>

<net id="276"><net_src comp="269" pin="1"/><net_sink comp="272" pin=0"/></net>

<net id="277"><net_src comp="114" pin="0"/><net_sink comp="272" pin=1"/></net>

<net id="282"><net_src comp="269" pin="1"/><net_sink comp="278" pin=0"/></net>

<net id="283"><net_src comp="116" pin="0"/><net_sink comp="278" pin=1"/></net>

<net id="288"><net_src comp="272" pin="2"/><net_sink comp="284" pin=0"/></net>

<net id="292"><net_src comp="152" pin="2"/><net_sink comp="289" pin=0"/></net>

<net id="293"><net_src comp="289" pin="1"/><net_sink comp="158" pin=1"/></net>

<net id="300"><net_src comp="120" pin="0"/><net_sink comp="294" pin=0"/></net>

<net id="301"><net_src comp="152" pin="2"/><net_sink comp="294" pin=1"/></net>

<net id="302"><net_src comp="122" pin="0"/><net_sink comp="294" pin=2"/></net>

<net id="303"><net_src comp="124" pin="0"/><net_sink comp="294" pin=3"/></net>

<net id="304"><net_src comp="294" pin="4"/><net_sink comp="158" pin=2"/></net>

<net id="311"><net_src comp="120" pin="0"/><net_sink comp="305" pin=0"/></net>

<net id="312"><net_src comp="152" pin="2"/><net_sink comp="305" pin=1"/></net>

<net id="313"><net_src comp="126" pin="0"/><net_sink comp="305" pin=2"/></net>

<net id="314"><net_src comp="128" pin="0"/><net_sink comp="305" pin=3"/></net>

<net id="315"><net_src comp="305" pin="4"/><net_sink comp="158" pin=3"/></net>

<net id="322"><net_src comp="120" pin="0"/><net_sink comp="316" pin=0"/></net>

<net id="323"><net_src comp="152" pin="2"/><net_sink comp="316" pin=1"/></net>

<net id="324"><net_src comp="130" pin="0"/><net_sink comp="316" pin=2"/></net>

<net id="325"><net_src comp="132" pin="0"/><net_sink comp="316" pin=3"/></net>

<net id="326"><net_src comp="316" pin="4"/><net_sink comp="158" pin=4"/></net>

<net id="330"><net_src comp="148" pin="1"/><net_sink comp="327" pin=0"/></net>

<net id="331"><net_src comp="327" pin="1"/><net_sink comp="264" pin=1"/></net>

<net id="332"><net_src comp="327" pin="1"/><net_sink comp="269" pin=0"/></net>

<net id="333"><net_src comp="327" pin="1"/><net_sink comp="284" pin=1"/></net>

<net id="337"><net_src comp="278" pin="2"/><net_sink comp="334" pin=0"/></net>

</net_list>

</model> 
---------------- Datapath Model END ------------------

* FSMD analyzer results:
  - Output states:
	Port: layer5_out | {9 }
	Port: void_compute_output_buffer_2d_array_const_ap_shift_reg_n_chan_stream_weig_5 | {2 }
	Port: void_compute_output_buffer_2d_array_const_ap_shift_reg_n_chan_stream_weig_9 | {2 }
	Port: void_compute_output_buffer_2d_array_const_ap_shift_reg_n_chan_stream_weig_4 | {2 }
	Port: void_compute_output_buffer_2d_array_const_ap_shift_reg_n_chan_stream_weig_8 | {2 }
	Port: void_compute_output_buffer_2d_array_const_ap_shift_reg_n_chan_stream_weig_3 | {2 }
	Port: void_compute_output_buffer_2d_array_const_ap_shift_reg_n_chan_stream_weig_7 | {2 }
	Port: void_compute_output_buffer_2d_array_const_ap_shift_reg_n_chan_stream_weig_2 | {2 }
	Port: void_compute_output_buffer_2d_array_const_ap_shift_reg_n_chan_stream_weig_6 | {2 }
	Port: p_ZZN4nnet24compute_output_buffer_2dINS_5arrayI8ap_fixedILi16ELi6EL9ap_q_mode5EL9_19 | {2 }
	Port: p_ZZN4nnet24compute_output_buffer_2dINS_5arrayI8ap_fixedILi16ELi6EL9ap_q_mode5EL9_23 | {2 }
	Port: p_ZZN4nnet24compute_output_buffer_2dINS_5arrayI8ap_fixedILi16ELi6EL9ap_q_mode5EL9_18 | {2 }
	Port: p_ZZN4nnet24compute_output_buffer_2dINS_5arrayI8ap_fixedILi16ELi6EL9ap_q_mode5EL9_22 | {2 }
	Port: p_ZZN4nnet24compute_output_buffer_2dINS_5arrayI8ap_fixedILi16ELi6EL9ap_q_mode5EL9_17 | {2 }
	Port: p_ZZN4nnet24compute_output_buffer_2dINS_5arrayI8ap_fixedILi16ELi6EL9ap_q_mode5EL9_21 | {2 }
	Port: p_ZZN4nnet24compute_output_buffer_2dINS_5arrayI8ap_fixedILi16ELi6EL9ap_q_mode5EL9_16 | {2 }
	Port: p_ZZN4nnet24compute_output_buffer_2dINS_5arrayI8ap_fixedILi16ELi6EL9ap_q_mode5EL9_20 | {2 }
	Port: p_ZZN4nnet24compute_output_buffer_2dINS_5arrayI8ap_fixedILi16ELi6EL9ap_q_mode5EL9_7 | {2 }
	Port: p_ZZN4nnet24compute_output_buffer_2dINS_5arrayI8ap_fixedILi16ELi6EL9ap_q_mode5EL9_11 | {2 }
	Port: p_ZZN4nnet24compute_output_buffer_2dINS_5arrayI8ap_fixedILi16ELi6EL9ap_q_mode5EL9_6 | {2 }
	Port: p_ZZN4nnet24compute_output_buffer_2dINS_5arrayI8ap_fixedILi16ELi6EL9ap_q_mode5EL9_10 | {2 }
	Port: p_ZZN4nnet24compute_output_buffer_2dINS_5arrayI8ap_fixedILi16ELi6EL9ap_q_mode5EL9_5 | {2 }
	Port: p_ZZN4nnet24compute_output_buffer_2dINS_5arrayI8ap_fixedILi16ELi6EL9ap_q_mode5EL9_9 | {2 }
	Port: p_ZZN4nnet24compute_output_buffer_2dINS_5arrayI8ap_fixedILi16ELi6EL9ap_q_mode5EL9_4 | {2 }
	Port: p_ZZN4nnet24compute_output_buffer_2dINS_5arrayI8ap_fixedILi16ELi6EL9ap_q_mode5EL9_8 | {2 }
	Port: void_compute_output_buffer_2d_array_const_ap_shift_reg_n_chan_stream_weig_1 | {2 }
	Port: void_compute_output_buffer_2d_array_const_ap_shift_reg_n_chan_stream_weig | {2 }
	Port: p_ZZN4nnet24compute_output_buffer_2dINS_5arrayI8ap_fixedILi16ELi6EL9ap_q_mode5EL9_25 | {2 }
	Port: p_ZZN4nnet24compute_output_buffer_2dINS_5arrayI8ap_fixedILi16ELi6EL9ap_q_mode5EL9_24 | {2 }
	Port: p_ZZN4nnet24compute_output_buffer_2dINS_5arrayI8ap_fixedILi16ELi6EL9ap_q_mode5EL9_15 | {2 }
	Port: p_ZZN4nnet24compute_output_buffer_2dINS_5arrayI8ap_fixedILi16ELi6EL9ap_q_mode5EL9_14 | {2 }
	Port: p_ZZN4nnet24compute_output_buffer_2dINS_5arrayI8ap_fixedILi16ELi6EL9ap_q_mode5EL9_13 | {2 }
	Port: p_ZZN4nnet24compute_output_buffer_2dINS_5arrayI8ap_fixedILi16ELi6EL9ap_q_mode5EL9_12 | {2 }
	Port: p_ZZN4nnet24compute_output_buffer_2dINS_5arrayI8ap_fixedILi16ELi6EL9ap_q_mode5EL9_3 | {2 }
	Port: p_ZZN4nnet24compute_output_buffer_2dINS_5arrayI8ap_fixedILi16ELi6EL9ap_q_mode5EL9_2 | {2 }
	Port: p_ZZN4nnet24compute_output_buffer_2dINS_5arrayI8ap_fixedILi16ELi6EL9ap_q_mode5EL9_1 | {2 }
	Port: p_ZZN4nnet24compute_output_buffer_2dINS_5arrayI8ap_fixedILi16ELi6EL9ap_q_mode5EL9 | {2 }
	Port: p_ZZN4nnet25conv_2d_buffer_latency_clINS_5arrayI8ap_fixedILi16ELi6EL9ap_q_mode5EL_7 | {2 }
	Port: p_ZZN4nnet25conv_2d_buffer_latency_clINS_5arrayI8ap_fixedILi16ELi6EL9ap_q_mode5EL_3 | {2 }
	Port: p_ZZN4nnet25conv_2d_buffer_latency_clINS_5arrayI8ap_fixedILi16ELi6EL9ap_q_mode5EL_6 | {2 }
	Port: p_ZZN4nnet25conv_2d_buffer_latency_clINS_5arrayI8ap_fixedILi16ELi6EL9ap_q_mode5EL_2 | {2 }
	Port: p_ZZN4nnet25conv_2d_buffer_latency_clINS_5arrayI8ap_fixedILi16ELi6EL9ap_q_mode5EL_5 | {2 }
	Port: p_ZZN4nnet25conv_2d_buffer_latency_clINS_5arrayI8ap_fixedILi16ELi6EL9ap_q_mode5EL_1 | {2 }
	Port: p_ZZN4nnet25conv_2d_buffer_latency_clINS_5arrayI8ap_fixedILi16ELi6EL9ap_q_mode5EL_4 | {2 }
	Port: p_ZZN4nnet25conv_2d_buffer_latency_clINS_5arrayI8ap_fixedILi16ELi6EL9ap_q_mode5EL | {2 }
	Port: sX | {9 }
	Port: sY | {9 }
	Port: pY | {9 }
	Port: pX | {9 }
 - Input state : 
	Port: conv_2d_cl<array<ap_fixed,4u>,array<ap_fixed<10,2,5,3,0>,4u>,config5> : layer31_out | {2 }
	Port: conv_2d_cl<array<ap_fixed,4u>,array<ap_fixed<10,2,5,3,0>,4u>,config5> : void_compute_output_buffer_2d_array_const_ap_shift_reg_n_chan_stream_weig_5 | {2 5 }
	Port: conv_2d_cl<array<ap_fixed,4u>,array<ap_fixed<10,2,5,3,0>,4u>,config5> : void_compute_output_buffer_2d_array_const_ap_shift_reg_n_chan_stream_weig_9 | {3 }
	Port: conv_2d_cl<array<ap_fixed,4u>,array<ap_fixed<10,2,5,3,0>,4u>,config5> : void_compute_output_buffer_2d_array_const_ap_shift_reg_n_chan_stream_weig_4 | {2 5 }
	Port: conv_2d_cl<array<ap_fixed,4u>,array<ap_fixed<10,2,5,3,0>,4u>,config5> : void_compute_output_buffer_2d_array_const_ap_shift_reg_n_chan_stream_weig_8 | {5 }
	Port: conv_2d_cl<array<ap_fixed,4u>,array<ap_fixed<10,2,5,3,0>,4u>,config5> : void_compute_output_buffer_2d_array_const_ap_shift_reg_n_chan_stream_weig_3 | {2 3 }
	Port: conv_2d_cl<array<ap_fixed,4u>,array<ap_fixed<10,2,5,3,0>,4u>,config5> : void_compute_output_buffer_2d_array_const_ap_shift_reg_n_chan_stream_weig_7 | {5 }
	Port: conv_2d_cl<array<ap_fixed,4u>,array<ap_fixed<10,2,5,3,0>,4u>,config5> : void_compute_output_buffer_2d_array_const_ap_shift_reg_n_chan_stream_weig_2 | {2 3 }
	Port: conv_2d_cl<array<ap_fixed,4u>,array<ap_fixed<10,2,5,3,0>,4u>,config5> : void_compute_output_buffer_2d_array_const_ap_shift_reg_n_chan_stream_weig_6 | {5 }
	Port: conv_2d_cl<array<ap_fixed,4u>,array<ap_fixed<10,2,5,3,0>,4u>,config5> : p_ZZN4nnet24compute_output_buffer_2dINS_5arrayI8ap_fixedILi16ELi6EL9ap_q_mode5EL9_19 | {2 3 }
	Port: conv_2d_cl<array<ap_fixed,4u>,array<ap_fixed<10,2,5,3,0>,4u>,config5> : p_ZZN4nnet24compute_output_buffer_2dINS_5arrayI8ap_fixedILi16ELi6EL9ap_q_mode5EL9_23 | {6 }
	Port: conv_2d_cl<array<ap_fixed,4u>,array<ap_fixed<10,2,5,3,0>,4u>,config5> : p_ZZN4nnet24compute_output_buffer_2dINS_5arrayI8ap_fixedILi16ELi6EL9ap_q_mode5EL9_18 | {2 3 }
	Port: conv_2d_cl<array<ap_fixed,4u>,array<ap_fixed<10,2,5,3,0>,4u>,config5> : p_ZZN4nnet24compute_output_buffer_2dINS_5arrayI8ap_fixedILi16ELi6EL9ap_q_mode5EL9_22 | {6 }
	Port: conv_2d_cl<array<ap_fixed,4u>,array<ap_fixed<10,2,5,3,0>,4u>,config5> : p_ZZN4nnet24compute_output_buffer_2dINS_5arrayI8ap_fixedILi16ELi6EL9ap_q_mode5EL9_17 | {2 4 }
	Port: conv_2d_cl<array<ap_fixed,4u>,array<ap_fixed<10,2,5,3,0>,4u>,config5> : p_ZZN4nnet24compute_output_buffer_2dINS_5arrayI8ap_fixedILi16ELi6EL9ap_q_mode5EL9_21 | {5 }
	Port: conv_2d_cl<array<ap_fixed,4u>,array<ap_fixed<10,2,5,3,0>,4u>,config5> : p_ZZN4nnet24compute_output_buffer_2dINS_5arrayI8ap_fixedILi16ELi6EL9ap_q_mode5EL9_16 | {2 3 }
	Port: conv_2d_cl<array<ap_fixed,4u>,array<ap_fixed<10,2,5,3,0>,4u>,config5> : p_ZZN4nnet24compute_output_buffer_2dINS_5arrayI8ap_fixedILi16ELi6EL9ap_q_mode5EL9_20 | {3 }
	Port: conv_2d_cl<array<ap_fixed,4u>,array<ap_fixed<10,2,5,3,0>,4u>,config5> : p_ZZN4nnet24compute_output_buffer_2dINS_5arrayI8ap_fixedILi16ELi6EL9ap_q_mode5EL9_7 | {2 5 }
	Port: conv_2d_cl<array<ap_fixed,4u>,array<ap_fixed<10,2,5,3,0>,4u>,config5> : p_ZZN4nnet24compute_output_buffer_2dINS_5arrayI8ap_fixedILi16ELi6EL9ap_q_mode5EL9_11 | {6 }
	Port: conv_2d_cl<array<ap_fixed,4u>,array<ap_fixed<10,2,5,3,0>,4u>,config5> : p_ZZN4nnet24compute_output_buffer_2dINS_5arrayI8ap_fixedILi16ELi6EL9ap_q_mode5EL9_6 | {2 4 }
	Port: conv_2d_cl<array<ap_fixed,4u>,array<ap_fixed<10,2,5,3,0>,4u>,config5> : p_ZZN4nnet24compute_output_buffer_2dINS_5arrayI8ap_fixedILi16ELi6EL9ap_q_mode5EL9_10 | {4 }
	Port: conv_2d_cl<array<ap_fixed,4u>,array<ap_fixed<10,2,5,3,0>,4u>,config5> : p_ZZN4nnet24compute_output_buffer_2dINS_5arrayI8ap_fixedILi16ELi6EL9ap_q_mode5EL9_5 | {2 4 }
	Port: conv_2d_cl<array<ap_fixed,4u>,array<ap_fixed<10,2,5,3,0>,4u>,config5> : p_ZZN4nnet24compute_output_buffer_2dINS_5arrayI8ap_fixedILi16ELi6EL9ap_q_mode5EL9_9 | {4 }
	Port: conv_2d_cl<array<ap_fixed,4u>,array<ap_fixed<10,2,5,3,0>,4u>,config5> : p_ZZN4nnet24compute_output_buffer_2dINS_5arrayI8ap_fixedILi16ELi6EL9ap_q_mode5EL9_4 | {2 4 }
	Port: conv_2d_cl<array<ap_fixed,4u>,array<ap_fixed<10,2,5,3,0>,4u>,config5> : p_ZZN4nnet24compute_output_buffer_2dINS_5arrayI8ap_fixedILi16ELi6EL9ap_q_mode5EL9_8 | {4 }
	Port: conv_2d_cl<array<ap_fixed,4u>,array<ap_fixed<10,2,5,3,0>,4u>,config5> : void_compute_output_buffer_2d_array_const_ap_shift_reg_n_chan_stream_weig_1 | {2 3 }
	Port: conv_2d_cl<array<ap_fixed,4u>,array<ap_fixed<10,2,5,3,0>,4u>,config5> : void_compute_output_buffer_2d_array_const_ap_shift_reg_n_chan_stream_weig | {2 4 }
	Port: conv_2d_cl<array<ap_fixed,4u>,array<ap_fixed<10,2,5,3,0>,4u>,config5> : p_ZZN4nnet24compute_output_buffer_2dINS_5arrayI8ap_fixedILi16ELi6EL9ap_q_mode5EL9_25 | {2 3 }
	Port: conv_2d_cl<array<ap_fixed,4u>,array<ap_fixed<10,2,5,3,0>,4u>,config5> : p_ZZN4nnet24compute_output_buffer_2dINS_5arrayI8ap_fixedILi16ELi6EL9ap_q_mode5EL9_24 | {2 6 }
	Port: conv_2d_cl<array<ap_fixed,4u>,array<ap_fixed<10,2,5,3,0>,4u>,config5> : p_ZZN4nnet24compute_output_buffer_2dINS_5arrayI8ap_fixedILi16ELi6EL9ap_q_mode5EL9_15 | {2 3 }
	Port: conv_2d_cl<array<ap_fixed,4u>,array<ap_fixed<10,2,5,3,0>,4u>,config5> : p_ZZN4nnet24compute_output_buffer_2dINS_5arrayI8ap_fixedILi16ELi6EL9ap_q_mode5EL9_14 | {2 3 }
	Port: conv_2d_cl<array<ap_fixed,4u>,array<ap_fixed<10,2,5,3,0>,4u>,config5> : p_ZZN4nnet24compute_output_buffer_2dINS_5arrayI8ap_fixedILi16ELi6EL9ap_q_mode5EL9_13 | {2 3 }
	Port: conv_2d_cl<array<ap_fixed,4u>,array<ap_fixed<10,2,5,3,0>,4u>,config5> : p_ZZN4nnet24compute_output_buffer_2dINS_5arrayI8ap_fixedILi16ELi6EL9ap_q_mode5EL9_12 | {2 3 }
	Port: conv_2d_cl<array<ap_fixed,4u>,array<ap_fixed<10,2,5,3,0>,4u>,config5> : p_ZZN4nnet24compute_output_buffer_2dINS_5arrayI8ap_fixedILi16ELi6EL9ap_q_mode5EL9_3 | {2 4 }
	Port: conv_2d_cl<array<ap_fixed,4u>,array<ap_fixed<10,2,5,3,0>,4u>,config5> : p_ZZN4nnet24compute_output_buffer_2dINS_5arrayI8ap_fixedILi16ELi6EL9ap_q_mode5EL9_2 | {2 4 }
	Port: conv_2d_cl<array<ap_fixed,4u>,array<ap_fixed<10,2,5,3,0>,4u>,config5> : p_ZZN4nnet24compute_output_buffer_2dINS_5arrayI8ap_fixedILi16ELi6EL9ap_q_mode5EL9_1 | {2 5 }
	Port: conv_2d_cl<array<ap_fixed,4u>,array<ap_fixed<10,2,5,3,0>,4u>,config5> : p_ZZN4nnet24compute_output_buffer_2dINS_5arrayI8ap_fixedILi16ELi6EL9ap_q_mode5EL9 | {2 5 }
	Port: conv_2d_cl<array<ap_fixed,4u>,array<ap_fixed<10,2,5,3,0>,4u>,config5> : p_ZZN4nnet25conv_2d_buffer_latency_clINS_5arrayI8ap_fixedILi16ELi6EL9ap_q_mode5EL_7 | {2 }
	Port: conv_2d_cl<array<ap_fixed,4u>,array<ap_fixed<10,2,5,3,0>,4u>,config5> : p_ZZN4nnet25conv_2d_buffer_latency_clINS_5arrayI8ap_fixedILi16ELi6EL9ap_q_mode5EL_3 | {2 }
	Port: conv_2d_cl<array<ap_fixed,4u>,array<ap_fixed<10,2,5,3,0>,4u>,config5> : p_ZZN4nnet25conv_2d_buffer_latency_clINS_5arrayI8ap_fixedILi16ELi6EL9ap_q_mode5EL_6 | {2 }
	Port: conv_2d_cl<array<ap_fixed,4u>,array<ap_fixed<10,2,5,3,0>,4u>,config5> : p_ZZN4nnet25conv_2d_buffer_latency_clINS_5arrayI8ap_fixedILi16ELi6EL9ap_q_mode5EL_2 | {2 }
	Port: conv_2d_cl<array<ap_fixed,4u>,array<ap_fixed<10,2,5,3,0>,4u>,config5> : p_ZZN4nnet25conv_2d_buffer_latency_clINS_5arrayI8ap_fixedILi16ELi6EL9ap_q_mode5EL_5 | {2 }
	Port: conv_2d_cl<array<ap_fixed,4u>,array<ap_fixed<10,2,5,3,0>,4u>,config5> : p_ZZN4nnet25conv_2d_buffer_latency_clINS_5arrayI8ap_fixedILi16ELi6EL9ap_q_mode5EL_1 | {2 }
	Port: conv_2d_cl<array<ap_fixed,4u>,array<ap_fixed<10,2,5,3,0>,4u>,config5> : p_ZZN4nnet25conv_2d_buffer_latency_clINS_5arrayI8ap_fixedILi16ELi6EL9ap_q_mode5EL_4 | {2 }
	Port: conv_2d_cl<array<ap_fixed,4u>,array<ap_fixed<10,2,5,3,0>,4u>,config5> : p_ZZN4nnet25conv_2d_buffer_latency_clINS_5arrayI8ap_fixedILi16ELi6EL9ap_q_mode5EL | {2 }
	Port: conv_2d_cl<array<ap_fixed,4u>,array<ap_fixed<10,2,5,3,0>,4u>,config5> : sX | {2 }
	Port: conv_2d_cl<array<ap_fixed,4u>,array<ap_fixed<10,2,5,3,0>,4u>,config5> : sY | {2 }
	Port: conv_2d_cl<array<ap_fixed,4u>,array<ap_fixed<10,2,5,3,0>,4u>,config5> : pY | {2 }
	Port: conv_2d_cl<array<ap_fixed,4u>,array<ap_fixed<10,2,5,3,0>,4u>,config5> : pX | {2 }
  - Chain level:
	State 1
		store_ln0 : 1
		indvar_flatten2_load : 1
		add_ln25 : 2
		icmp_ln25 : 2
		store_ln25 : 3
		br_ln25 : 3
	State 2
		call_ln32 : 1
	State 3
	State 4
	State 5
	State 6
	State 7
	State 8
	State 9


============================================================
+ Verbose Summary: Datapath Resource usage 
============================================================

* Functional unit list:
|----------|----------------------------------------------------------------------------------|---------|---------|---------|---------|
| Operation|                                  Functional Unit                                 |   DSP   |  Delay  |    FF   |   LUT   |
|----------|----------------------------------------------------------------------------------|---------|---------|---------|---------|
|   call   | grp_compute_output_buffer_2d_array_array_ap_fixed_10_2_5_3_0_4u_config5_s_fu_158 |    18   | 22.8069 |   1592  |   5277  |
|----------|----------------------------------------------------------------------------------|---------|---------|---------|---------|
|    add   |                                  add_ln25_fu_272                                 |    0    |    0    |    0    |    22   |
|----------|----------------------------------------------------------------------------------|---------|---------|---------|---------|
|   icmp   |                                 icmp_ln25_fu_278                                 |    0    |    0    |    0    |    22   |
|----------|----------------------------------------------------------------------------------|---------|---------|---------|---------|
|   read   |                           layer31_out_read_read_fu_152                           |    0    |    0    |    0    |    0    |
|----------|----------------------------------------------------------------------------------|---------|---------|---------|---------|
|   trunc  |                                 trunc_ln32_fu_289                                |    0    |    0    |    0    |    0    |
|----------|----------------------------------------------------------------------------------|---------|---------|---------|---------|
|          |                                trunc_ln32_1_fu_294                               |    0    |    0    |    0    |    0    |
|partselect|                                trunc_ln32_2_fu_305                               |    0    |    0    |    0    |    0    |
|          |                                trunc_ln32_3_fu_316                               |    0    |    0    |    0    |    0    |
|----------|----------------------------------------------------------------------------------|---------|---------|---------|---------|
|   Total  |                                                                                  |    18   | 22.8069 |   1592  |   5321  |
|----------|----------------------------------------------------------------------------------|---------|---------|---------|---------|

Memories:
N/A

* Register list:
+-----------------------+--------+
|                       |   FF   |
+-----------------------+--------+
|   icmp_ln25_reg_334   |    1   |
|indvar_flatten2_reg_327|   15   |
+-----------------------+--------+
|         Total         |   16   |
+-----------------------+--------+

* Multiplexer (MUX) list: 
|--------|------|------|------|--------|
|  Comp  |  Pin | Size |  BW  | S x BW |
|--------|------|------|------|--------|
|  Total |      |      |      |    0   |
|--------|------|------|------|--------|



* Summary:
+-----------+--------+--------+--------+--------+
|           |   DSP  |  Delay |   FF   |   LUT  |
+-----------+--------+--------+--------+--------+
|  Function |   18   |   22   |  1592  |  5321  |
|   Memory  |    -   |    -   |    -   |    -   |
|Multiplexer|    -   |    -   |    -   |    -   |
|  Register |    -   |    -   |   16   |    -   |
+-----------+--------+--------+--------+--------+
|   Total   |   18   |   22   |  1608  |  5321  |
+-----------+--------+--------+--------+--------+
