

================================================================
== Vitis HLS Report for 'dense_latency_ap_fixed_16_6_5_3_0_ap_fixed_16_6_5_3_0_config16_mult_s'
================================================================
* Date:           Sun Apr 26 02:59:46 2026

* Version:        2025.2 (Build 6295257 on Nov 14 2025)
* Project:        folo_prj
* Solution:       solution1 (Vivado IP Flow Target)
* Product family: kintexu
* Target device:  xcku035-fbva676-2-e


================================================================
== Performance Estimates
================================================================
+ Timing: 
    * Summary: 
    +--------+---------+----------+------------+
    |  Clock |  Target | Estimated| Uncertainty|
    +--------+---------+----------+------------+
    |ap_clk  |  5.00 ns|  3.570 ns|     1.35 ns|
    +--------+---------+----------+------------+

+ Latency: 
    * Summary: 
    +---------+---------+-----------+-----------+-----+-----+---------+
    |  Latency (cycles) |   Latency (absolute)  |  Interval | Pipeline|
    |   min   |   max   |    min    |    max    | min | max |   Type  |
    +---------+---------+-----------+-----------+-----+-----+---------+
    |        2|        2|  10.000 ns|  10.000 ns|    1|    1|      yes|
    +---------+---------+-----------+-----------+-----+-----+---------+

    + Detail: 
        * Instance: 
        N/A

        * Loop: 
        N/A

============================================================
+ Verbose Summary: Synthesis Manager
============================================================
InlineROM: 1
ExposeGlobal: 0
============================================================
+ Verbose Summary: CDFG Model
============================================================
IsTopModel: 0
ResetActiveHigh: 1
IsCombinational: 0
IsDatapathOnly: 0
HasWiredReturn: 1
HasMFsm: 2
HasVarLatency: 0
IsPipeline: 1
IsRtlPipelined: 1
IsInstanceOverlapped: 0
IsDontTouch: 0
HasImplIP: 0
IsGatedGlobalClock: 0

+ Individual pipeline summary: 
  * Pipeline-0: initiation interval (II) = 1, depth = 3


============================================================
+ Verbose Summary: Schedule
============================================================
* Number of FSM states : 3
* Pipeline : 1
  Pipeline-0 : II = 1, D = 3, States = { 1 2 3 }
* Dataflow Pipeline: 0

* FSM state transitions: 
1 --> 2 
2 --> 3 
3 --> 

* FSM state operations: 

State 1 <SV = 0> <Delay = 3.57>
ST_1 : Operation 4 [1/1] (0.00ns)   --->   "%a = load i16 %void_compute_output_buffer_2d_array_const_ap_shift_reg_n_chan_stream_weig_19"   --->   Operation 4 'load' 'a' <Predicate = true> <Delay = 0.00>
ST_1 : Operation 5 [1/1] (0.00ns)   --->   "%sext_ln42 = sext i16 %a" [firmware/nnet_utils/nnet_dense_latency.h:42]   --->   Operation 5 'sext' 'sext_ln42' <Predicate = true> <Delay = 0.00>
ST_1 : Operation 6 [1/1] (0.00ns)   --->   "%sext_ln73 = sext i16 %a" [firmware/nnet_utils/nnet_mult.h:73->firmware/nnet_utils/nnet_dense_latency.h:42]   --->   Operation 6 'sext' 'sext_ln73' <Predicate = true> <Delay = 0.00>
ST_1 : Operation 7 [1/1] (0.00ns)   --->   "%sext_ln73_413 = sext i16 %a" [firmware/nnet_utils/nnet_mult.h:73->firmware/nnet_utils/nnet_dense_latency.h:42]   --->   Operation 7 'sext' 'sext_ln73_413' <Predicate = true> <Delay = 0.00>
ST_1 : Operation 8 [1/1] (0.00ns)   --->   "%sext_ln73_414 = sext i16 %a" [firmware/nnet_utils/nnet_mult.h:73->firmware/nnet_utils/nnet_dense_latency.h:42]   --->   Operation 8 'sext' 'sext_ln73_414' <Predicate = true> <Delay = 0.00>
ST_1 : Operation 9 [1/1] (0.00ns)   --->   "%sext_ln73_415 = sext i16 %a" [firmware/nnet_utils/nnet_mult.h:73->firmware/nnet_utils/nnet_dense_latency.h:42]   --->   Operation 9 'sext' 'sext_ln73_415' <Predicate = true> <Delay = 0.00>
ST_1 : Operation 10 [1/1] (3.57ns)   --->   "%mul_ln73 = mul i21 %sext_ln73_415, i21 2097141" [firmware/nnet_utils/nnet_mult.h:73->firmware/nnet_utils/nnet_dense_latency.h:42]   --->   Operation 10 'mul' 'mul_ln73' <Predicate = true> <Delay = 3.57> <CoreInst = "Multiplier">   --->   Core 3 'Multiplier' <Latency = 0> <II = 1> <Delay = 3.57> <FuncUnit> <Opcode : 'mul'> <InPorts = 2> <OutPorts = 1>
ST_1 : Operation 11 [1/1] (0.00ns)   --->   "%mult = partselect i14 @_ssdm_op_PartSelect.i14.i21.i32.i32, i21 %mul_ln73, i32 7, i32 20" [firmware/nnet_utils/nnet_dense_latency.h:42]   --->   Operation 11 'partselect' 'mult' <Predicate = true> <Delay = 0.00>
ST_1 : Operation 12 [1/1] (3.57ns)   --->   "%mul_ln73_318 = mul i23 %sext_ln42, i23 51" [firmware/nnet_utils/nnet_mult.h:73->firmware/nnet_utils/nnet_dense_latency.h:42]   --->   Operation 12 'mul' 'mul_ln73_318' <Predicate = true> <Delay = 3.57> <CoreInst = "Multiplier">   --->   Core 3 'Multiplier' <Latency = 0> <II = 1> <Delay = 3.57> <FuncUnit> <Opcode : 'mul'> <InPorts = 2> <OutPorts = 1>
ST_1 : Operation 13 [1/1] (0.00ns)   --->   "%mult_743 = partselect i16 @_ssdm_op_PartSelect.i16.i23.i32.i32, i23 %mul_ln73_318, i32 7, i32 22" [firmware/nnet_utils/nnet_dense_latency.h:42]   --->   Operation 13 'partselect' 'mult_743' <Predicate = true> <Delay = 0.00>
ST_1 : Operation 14 [1/1] (0.00ns)   --->   "%tmp = bitconcatenate i20 @_ssdm_op_BitConcatenate.i20.i16.i4, i16 %a, i4 0" [firmware/nnet_utils/nnet_mult.h:73->firmware/nnet_utils/nnet_dense_latency.h:42]   --->   Operation 14 'bitconcatenate' 'tmp' <Predicate = true> <Delay = 0.00>
ST_1 : Operation 15 [1/1] (0.00ns)   --->   "%sext_ln73_779 = sext i20 %tmp" [firmware/nnet_utils/nnet_mult.h:73->firmware/nnet_utils/nnet_dense_latency.h:42]   --->   Operation 15 'sext' 'sext_ln73_779' <Predicate = true> <Delay = 0.00>
ST_1 : Operation 16 [1/1] (1.43ns)   --->   "%sub_ln73_436 = sub i22 0, i22 %sext_ln73_779" [firmware/nnet_utils/nnet_mult.h:73->firmware/nnet_utils/nnet_dense_latency.h:42]   --->   Operation 16 'sub' 'sub_ln73_436' <Predicate = true> <Delay = 1.43> <CoreInst = "Adder">   --->   Core 1 'Adder' <Latency = 0> <II = 1> <Delay = 1.43> <FuncUnit> <Opcode : 'add' 'sub'> <InPorts = 2> <OutPorts = 1>
ST_1 : Operation 17 [1/1] (0.00ns)   --->   "%tmp_490 = bitconcatenate i18 @_ssdm_op_BitConcatenate.i18.i16.i2, i16 %a, i2 0" [firmware/nnet_utils/nnet_mult.h:73->firmware/nnet_utils/nnet_dense_latency.h:42]   --->   Operation 17 'bitconcatenate' 'tmp_490' <Predicate = true> <Delay = 0.00>
ST_1 : Operation 18 [1/1] (0.00ns)   --->   "%sext_ln73_780 = sext i18 %tmp_490" [firmware/nnet_utils/nnet_mult.h:73->firmware/nnet_utils/nnet_dense_latency.h:42]   --->   Operation 18 'sext' 'sext_ln73_780' <Predicate = true> <Delay = 0.00>
ST_1 : Operation 19 [1/1] (1.44ns)   --->   "%sub_ln73_437 = sub i22 %sub_ln73_436, i22 %sext_ln73_780" [firmware/nnet_utils/nnet_mult.h:73->firmware/nnet_utils/nnet_dense_latency.h:42]   --->   Operation 19 'sub' 'sub_ln73_437' <Predicate = true> <Delay = 1.44> <CoreInst = "Adder">   --->   Core 1 'Adder' <Latency = 0> <II = 1> <Delay = 1.44> <FuncUnit> <Opcode : 'add' 'sub'> <InPorts = 2> <OutPorts = 1>
ST_1 : Operation 20 [1/1] (0.00ns)   --->   "%mult_744 = partselect i15 @_ssdm_op_PartSelect.i15.i22.i32.i32, i22 %sub_ln73_437, i32 7, i32 21" [firmware/nnet_utils/nnet_dense_latency.h:42]   --->   Operation 20 'partselect' 'mult_744' <Predicate = true> <Delay = 0.00>
ST_1 : Operation 21 [1/1] (0.00ns)   --->   "%sext_ln73_781 = sext i18 %tmp_490" [firmware/nnet_utils/nnet_mult.h:73->firmware/nnet_utils/nnet_dense_latency.h:42]   --->   Operation 21 'sext' 'sext_ln73_781' <Predicate = true> <Delay = 0.00>
ST_1 : Operation 22 [1/1] (0.00ns) (grouped into TernaryAdder)   --->   "%sub_ln73_438 = sub i20 0, i20 %sext_ln73_781" [firmware/nnet_utils/nnet_mult.h:73->firmware/nnet_utils/nnet_dense_latency.h:42]   --->   Operation 22 'sub' 'sub_ln73_438' <Predicate = true> <Delay = 0.00> <CoreInst = "TAddSub">   --->   Core 10 'TAddSub' <Latency = 0> <II = 1> <Delay = 0.49> <IPBlock> <Opcode : 'add' 'sub'> <InPorts = 3> <OutPorts = 1> <Sync> <CReg>
ST_1 : Operation 23 [1/1] (1.01ns) (root node of TernaryAdder)   --->   "%sub_ln73_439 = sub i20 %sub_ln73_438, i20 %sext_ln73_413" [firmware/nnet_utils/nnet_mult.h:73->firmware/nnet_utils/nnet_dense_latency.h:42]   --->   Operation 23 'sub' 'sub_ln73_439' <Predicate = true> <Delay = 1.01> <CoreInst = "TAddSub">   --->   Core 10 'TAddSub' <Latency = 0> <II = 1> <Delay = 0.49> <IPBlock> <Opcode : 'add' 'sub'> <InPorts = 3> <OutPorts = 1> <Sync> <CReg>
ST_1 : Operation 24 [1/1] (0.00ns)   --->   "%mult_745 = partselect i13 @_ssdm_op_PartSelect.i13.i20.i32.i32, i20 %sub_ln73_439, i32 7, i32 19" [firmware/nnet_utils/nnet_dense_latency.h:42]   --->   Operation 24 'partselect' 'mult_745' <Predicate = true> <Delay = 0.00>
ST_1 : Operation 25 [1/1] (0.00ns)   --->   "%sext_ln17_347 = sext i13 %mult_745" [firmware/nnet_utils/nnet_dense_latency.h:17]   --->   Operation 25 'sext' 'sext_ln17_347' <Predicate = true> <Delay = 0.00>
ST_1 : Operation 26 [1/1] (1.44ns)   --->   "%sub_ln73_440 = sub i22 %sub_ln73_436, i22 %sext_ln73_414" [firmware/nnet_utils/nnet_mult.h:73->firmware/nnet_utils/nnet_dense_latency.h:42]   --->   Operation 26 'sub' 'sub_ln73_440' <Predicate = true> <Delay = 1.44> <CoreInst = "Adder">   --->   Core 1 'Adder' <Latency = 0> <II = 1> <Delay = 1.44> <FuncUnit> <Opcode : 'add' 'sub'> <InPorts = 2> <OutPorts = 1>
ST_1 : Operation 27 [1/1] (0.00ns)   --->   "%mult_746 = partselect i15 @_ssdm_op_PartSelect.i15.i22.i32.i32, i22 %sub_ln73_440, i32 7, i32 21" [firmware/nnet_utils/nnet_dense_latency.h:42]   --->   Operation 27 'partselect' 'mult_746' <Predicate = true> <Delay = 0.00>
ST_1 : Operation 28 [1/1] (0.00ns)   --->   "%sext_ln73_782 = sext i18 %tmp_490" [firmware/nnet_utils/nnet_mult.h:73->firmware/nnet_utils/nnet_dense_latency.h:42]   --->   Operation 28 'sext' 'sext_ln73_782' <Predicate = true> <Delay = 0.00>
ST_1 : Operation 29 [1/1] (1.42ns)   --->   "%sub_ln73_441 = sub i19 %sext_ln73, i19 %sext_ln73_782" [firmware/nnet_utils/nnet_mult.h:73->firmware/nnet_utils/nnet_dense_latency.h:42]   --->   Operation 29 'sub' 'sub_ln73_441' <Predicate = true> <Delay = 1.42> <CoreInst = "Adder">   --->   Core 1 'Adder' <Latency = 0> <II = 1> <Delay = 1.42> <FuncUnit> <Opcode : 'add' 'sub'> <InPorts = 2> <OutPorts = 1>
ST_1 : Operation 30 [1/1] (0.00ns)   --->   "%mult_747 = partselect i12 @_ssdm_op_PartSelect.i12.i19.i32.i32, i19 %sub_ln73_441, i32 7, i32 18" [firmware/nnet_utils/nnet_dense_latency.h:42]   --->   Operation 30 'partselect' 'mult_747' <Predicate = true> <Delay = 0.00>
ST_1 : Operation 31 [1/1] (0.00ns)   --->   "%tmp_491 = bitconcatenate i19 @_ssdm_op_BitConcatenate.i19.i16.i3, i16 %a, i3 0" [firmware/nnet_utils/nnet_mult.h:73->firmware/nnet_utils/nnet_dense_latency.h:42]   --->   Operation 31 'bitconcatenate' 'tmp_491' <Predicate = true> <Delay = 0.00>
ST_1 : Operation 32 [1/1] (0.00ns)   --->   "%sext_ln73_783 = sext i19 %tmp_491" [firmware/nnet_utils/nnet_mult.h:73->firmware/nnet_utils/nnet_dense_latency.h:42]   --->   Operation 32 'sext' 'sext_ln73_783' <Predicate = true> <Delay = 0.00>
ST_1 : Operation 33 [1/1] (1.43ns)   --->   "%sub_ln73_442 = sub i20 0, i20 %sext_ln73_783" [firmware/nnet_utils/nnet_mult.h:73->firmware/nnet_utils/nnet_dense_latency.h:42]   --->   Operation 33 'sub' 'sub_ln73_442' <Predicate = true> <Delay = 1.43> <CoreInst = "Adder">   --->   Core 1 'Adder' <Latency = 0> <II = 1> <Delay = 1.43> <FuncUnit> <Opcode : 'add' 'sub'> <InPorts = 2> <OutPorts = 1>
ST_1 : Operation 34 [1/1] (0.00ns)   --->   "%mult_748 = partselect i13 @_ssdm_op_PartSelect.i13.i20.i32.i32, i20 %sub_ln73_442, i32 7, i32 19" [firmware/nnet_utils/nnet_dense_latency.h:42]   --->   Operation 34 'partselect' 'mult_748' <Predicate = true> <Delay = 0.00>
ST_1 : Operation 35 [1/1] (0.00ns)   --->   "%sext_ln17_349 = sext i13 %mult_748" [firmware/nnet_utils/nnet_dense_latency.h:17]   --->   Operation 35 'sext' 'sext_ln17_349' <Predicate = true> <Delay = 0.00>
ST_1 : Operation 36 [1/1] (0.00ns)   --->   "%tmp_492 = bitconcatenate i22 @_ssdm_op_BitConcatenate.i22.i16.i6, i16 %a, i6 0" [firmware/nnet_utils/nnet_dense_latency.h:42]   --->   Operation 36 'bitconcatenate' 'tmp_492' <Predicate = true> <Delay = 0.00>
ST_1 : Operation 37 [1/1] (0.00ns)   --->   "%sext_ln42_407 = sext i22 %tmp_492" [firmware/nnet_utils/nnet_dense_latency.h:42]   --->   Operation 37 'sext' 'sext_ln42_407' <Predicate = true> <Delay = 0.00>
ST_1 : Operation 38 [1/1] (1.44ns)   --->   "%add_ln42 = add i23 %sext_ln42_407, i23 %sext_ln42" [firmware/nnet_utils/nnet_dense_latency.h:42]   --->   Operation 38 'add' 'add_ln42' <Predicate = true> <Delay = 1.44> <CoreInst = "Adder">   --->   Core 1 'Adder' <Latency = 0> <II = 1> <Delay = 1.44> <FuncUnit> <Opcode : 'add' 'sub'> <InPorts = 2> <OutPorts = 1>
ST_1 : Operation 39 [1/1] (0.00ns)   --->   "%mult_749 = partselect i16 @_ssdm_op_PartSelect.i16.i23.i32.i32, i23 %add_ln42, i32 7, i32 22" [firmware/nnet_utils/nnet_dense_latency.h:42]   --->   Operation 39 'partselect' 'mult_749' <Predicate = true> <Delay = 0.00>
ST_1 : Operation 40 [1/1] (0.00ns)   --->   "%a_164 = load i16 %void_compute_output_buffer_2d_array_const_ap_shift_reg_n_chan_stream_weig_18"   --->   Operation 40 'load' 'a_164' <Predicate = true> <Delay = 0.00>
ST_1 : Operation 41 [1/1] (0.00ns)   --->   "%sext_ln73_417 = sext i16 %a_164" [firmware/nnet_utils/nnet_mult.h:73->firmware/nnet_utils/nnet_dense_latency.h:42]   --->   Operation 41 'sext' 'sext_ln73_417' <Predicate = true> <Delay = 0.00>
ST_1 : Operation 42 [1/1] (0.00ns)   --->   "%sext_ln73_419 = sext i16 %a_164" [firmware/nnet_utils/nnet_mult.h:73->firmware/nnet_utils/nnet_dense_latency.h:42]   --->   Operation 42 'sext' 'sext_ln73_419' <Predicate = true> <Delay = 0.00>
ST_1 : Operation 43 [1/1] (3.57ns)   --->   "%mul_ln73_319 = mul i22 %sext_ln73_419, i22 4194275" [firmware/nnet_utils/nnet_mult.h:73->firmware/nnet_utils/nnet_dense_latency.h:42]   --->   Operation 43 'mul' 'mul_ln73_319' <Predicate = true> <Delay = 3.57> <CoreInst = "Multiplier">   --->   Core 3 'Multiplier' <Latency = 0> <II = 1> <Delay = 3.57> <FuncUnit> <Opcode : 'mul'> <InPorts = 2> <OutPorts = 1>
ST_1 : Operation 44 [1/1] (0.00ns)   --->   "%mult_750 = partselect i15 @_ssdm_op_PartSelect.i15.i22.i32.i32, i22 %mul_ln73_319, i32 7, i32 21" [firmware/nnet_utils/nnet_dense_latency.h:42]   --->   Operation 44 'partselect' 'mult_750' <Predicate = true> <Delay = 0.00>
ST_1 : Operation 45 [1/1] (0.00ns)   --->   "%tmp_493 = bitconcatenate i19 @_ssdm_op_BitConcatenate.i19.i16.i3, i16 %a_164, i3 0" [firmware/nnet_utils/nnet_mult.h:73->firmware/nnet_utils/nnet_dense_latency.h:42]   --->   Operation 45 'bitconcatenate' 'tmp_493' <Predicate = true> <Delay = 0.00>
ST_1 : Operation 46 [1/1] (0.00ns)   --->   "%sext_ln73_784 = sext i19 %tmp_493" [firmware/nnet_utils/nnet_mult.h:73->firmware/nnet_utils/nnet_dense_latency.h:42]   --->   Operation 46 'sext' 'sext_ln73_784' <Predicate = true> <Delay = 0.00>
ST_1 : Operation 47 [1/1] (0.00ns) (grouped into TernaryAdder)   --->   "%sub_ln73_443 = sub i21 0, i21 %sext_ln73_784" [firmware/nnet_utils/nnet_mult.h:73->firmware/nnet_utils/nnet_dense_latency.h:42]   --->   Operation 47 'sub' 'sub_ln73_443' <Predicate = true> <Delay = 0.00> <CoreInst = "TAddSub">   --->   Core 10 'TAddSub' <Latency = 0> <II = 1> <Delay = 0.49> <IPBlock> <Opcode : 'add' 'sub'> <InPorts = 3> <OutPorts = 1> <Sync> <CReg>
ST_1 : Operation 48 [1/1] (0.00ns)   --->   "%tmp_494 = bitconcatenate i17 @_ssdm_op_BitConcatenate.i17.i16.i1, i16 %a_164, i1 0" [firmware/nnet_utils/nnet_mult.h:73->firmware/nnet_utils/nnet_dense_latency.h:42]   --->   Operation 48 'bitconcatenate' 'tmp_494' <Predicate = true> <Delay = 0.00>
ST_1 : Operation 49 [1/1] (0.00ns)   --->   "%sext_ln73_785 = sext i17 %tmp_494" [firmware/nnet_utils/nnet_mult.h:73->firmware/nnet_utils/nnet_dense_latency.h:42]   --->   Operation 49 'sext' 'sext_ln73_785' <Predicate = true> <Delay = 0.00>
ST_1 : Operation 50 [1/1] (1.02ns) (root node of TernaryAdder)   --->   "%sub_ln73_444 = sub i21 %sub_ln73_443, i21 %sext_ln73_785" [firmware/nnet_utils/nnet_mult.h:73->firmware/nnet_utils/nnet_dense_latency.h:42]   --->   Operation 50 'sub' 'sub_ln73_444' <Predicate = true> <Delay = 1.02> <CoreInst = "TAddSub">   --->   Core 10 'TAddSub' <Latency = 0> <II = 1> <Delay = 0.49> <IPBlock> <Opcode : 'add' 'sub'> <InPorts = 3> <OutPorts = 1> <Sync> <CReg>
ST_1 : Operation 51 [1/1] (0.00ns)   --->   "%mult_751 = partselect i14 @_ssdm_op_PartSelect.i14.i21.i32.i32, i21 %sub_ln73_444, i32 7, i32 20" [firmware/nnet_utils/nnet_dense_latency.h:42]   --->   Operation 51 'partselect' 'mult_751' <Predicate = true> <Delay = 0.00>
ST_1 : Operation 52 [1/1] (0.00ns)   --->   "%sext_ln17_350 = sext i14 %mult_751" [firmware/nnet_utils/nnet_dense_latency.h:17]   --->   Operation 52 'sext' 'sext_ln17_350' <Predicate = true> <Delay = 0.00>
ST_1 : Operation 53 [1/1] (0.00ns)   --->   "%tmp_495 = bitconcatenate i21 @_ssdm_op_BitConcatenate.i21.i16.i5, i16 %a_164, i5 0" [firmware/nnet_utils/nnet_mult.h:73->firmware/nnet_utils/nnet_dense_latency.h:42]   --->   Operation 53 'bitconcatenate' 'tmp_495' <Predicate = true> <Delay = 0.00>
ST_1 : Operation 54 [1/1] (0.00ns)   --->   "%sext_ln73_786 = sext i21 %tmp_495" [firmware/nnet_utils/nnet_mult.h:73->firmware/nnet_utils/nnet_dense_latency.h:42]   --->   Operation 54 'sext' 'sext_ln73_786' <Predicate = true> <Delay = 0.00>
ST_1 : Operation 55 [1/1] (1.43ns)   --->   "%sub_ln73_445 = sub i22 %sext_ln73_419, i22 %sext_ln73_786" [firmware/nnet_utils/nnet_mult.h:73->firmware/nnet_utils/nnet_dense_latency.h:42]   --->   Operation 55 'sub' 'sub_ln73_445' <Predicate = true> <Delay = 1.43> <CoreInst = "Adder">   --->   Core 1 'Adder' <Latency = 0> <II = 1> <Delay = 1.43> <FuncUnit> <Opcode : 'add' 'sub'> <InPorts = 2> <OutPorts = 1>
ST_1 : Operation 56 [1/1] (0.00ns)   --->   "%mult_752 = partselect i15 @_ssdm_op_PartSelect.i15.i22.i32.i32, i22 %sub_ln73_445, i32 7, i32 21" [firmware/nnet_utils/nnet_dense_latency.h:42]   --->   Operation 56 'partselect' 'mult_752' <Predicate = true> <Delay = 0.00>
ST_1 : Operation 57 [1/1] (0.00ns)   --->   "%sext_ln42_349 = sext i15 %mult_752" [firmware/nnet_utils/nnet_dense_latency.h:42]   --->   Operation 57 'sext' 'sext_ln42_349' <Predicate = true> <Delay = 0.00>
ST_1 : Operation 58 [1/1] (3.57ns)   --->   "%mul_ln73_320 = mul i23 %sext_ln73_417, i23 8388558" [firmware/nnet_utils/nnet_mult.h:73->firmware/nnet_utils/nnet_dense_latency.h:42]   --->   Operation 58 'mul' 'mul_ln73_320' <Predicate = true> <Delay = 3.57> <CoreInst = "Multiplier">   --->   Core 3 'Multiplier' <Latency = 0> <II = 1> <Delay = 3.57> <FuncUnit> <Opcode : 'mul'> <InPorts = 2> <OutPorts = 1>
ST_1 : Operation 59 [1/1] (0.00ns)   --->   "%mult_753 = partselect i16 @_ssdm_op_PartSelect.i16.i23.i32.i32, i23 %mul_ln73_320, i32 7, i32 22" [firmware/nnet_utils/nnet_dense_latency.h:42]   --->   Operation 59 'partselect' 'mult_753' <Predicate = true> <Delay = 0.00>
ST_1 : Operation 60 [1/1] (3.57ns)   --->   "%mul_ln73_321 = mul i23 %sext_ln73_417, i23 8388559" [firmware/nnet_utils/nnet_mult.h:73->firmware/nnet_utils/nnet_dense_latency.h:42]   --->   Operation 60 'mul' 'mul_ln73_321' <Predicate = true> <Delay = 3.57> <CoreInst = "Multiplier">   --->   Core 3 'Multiplier' <Latency = 0> <II = 1> <Delay = 3.57> <FuncUnit> <Opcode : 'mul'> <InPorts = 2> <OutPorts = 1>
ST_1 : Operation 61 [1/1] (0.00ns)   --->   "%mult_754 = partselect i16 @_ssdm_op_PartSelect.i16.i23.i32.i32, i23 %mul_ln73_321, i32 7, i32 22" [firmware/nnet_utils/nnet_dense_latency.h:42]   --->   Operation 61 'partselect' 'mult_754' <Predicate = true> <Delay = 0.00>
ST_1 : Operation 62 [1/1] (0.00ns)   --->   "%tmp_496 = bitconcatenate i20 @_ssdm_op_BitConcatenate.i20.i16.i4, i16 %a_164, i4 0" [firmware/nnet_utils/nnet_mult.h:73->firmware/nnet_utils/nnet_dense_latency.h:42]   --->   Operation 62 'bitconcatenate' 'tmp_496' <Predicate = true> <Delay = 0.00>
ST_1 : Operation 63 [1/1] (0.00ns)   --->   "%sext_ln73_787 = sext i20 %tmp_496" [firmware/nnet_utils/nnet_mult.h:73->firmware/nnet_utils/nnet_dense_latency.h:42]   --->   Operation 63 'sext' 'sext_ln73_787' <Predicate = true> <Delay = 0.00>
ST_1 : Operation 64 [1/1] (0.00ns) (grouped into TernaryAdder)   --->   "%sub_ln73_446 = sub i22 0, i22 %sext_ln73_787" [firmware/nnet_utils/nnet_mult.h:73->firmware/nnet_utils/nnet_dense_latency.h:42]   --->   Operation 64 'sub' 'sub_ln73_446' <Predicate = true> <Delay = 0.00> <CoreInst = "TAddSub">   --->   Core 10 'TAddSub' <Latency = 0> <II = 1> <Delay = 0.49> <IPBlock> <Opcode : 'add' 'sub'> <InPorts = 3> <OutPorts = 1> <Sync> <CReg>
ST_1 : Operation 65 [1/1] (0.00ns)   --->   "%sext_ln73_788 = sext i17 %tmp_494" [firmware/nnet_utils/nnet_mult.h:73->firmware/nnet_utils/nnet_dense_latency.h:42]   --->   Operation 65 'sext' 'sext_ln73_788' <Predicate = true> <Delay = 0.00>
ST_1 : Operation 66 [1/1] (1.02ns) (root node of TernaryAdder)   --->   "%sub_ln73_447 = sub i22 %sub_ln73_446, i22 %sext_ln73_788" [firmware/nnet_utils/nnet_mult.h:73->firmware/nnet_utils/nnet_dense_latency.h:42]   --->   Operation 66 'sub' 'sub_ln73_447' <Predicate = true> <Delay = 1.02> <CoreInst = "TAddSub">   --->   Core 10 'TAddSub' <Latency = 0> <II = 1> <Delay = 0.49> <IPBlock> <Opcode : 'add' 'sub'> <InPorts = 3> <OutPorts = 1> <Sync> <CReg>
ST_1 : Operation 67 [1/1] (0.00ns)   --->   "%mult_755 = partselect i15 @_ssdm_op_PartSelect.i15.i22.i32.i32, i22 %sub_ln73_447, i32 7, i32 21" [firmware/nnet_utils/nnet_dense_latency.h:42]   --->   Operation 67 'partselect' 'mult_755' <Predicate = true> <Delay = 0.00>
ST_1 : Operation 68 [1/1] (3.57ns)   --->   "%mul_ln73_322 = mul i22 %sext_ln73_419, i22 4194281" [firmware/nnet_utils/nnet_mult.h:73->firmware/nnet_utils/nnet_dense_latency.h:42]   --->   Operation 68 'mul' 'mul_ln73_322' <Predicate = true> <Delay = 3.57> <CoreInst = "Multiplier">   --->   Core 3 'Multiplier' <Latency = 0> <II = 1> <Delay = 3.57> <FuncUnit> <Opcode : 'mul'> <InPorts = 2> <OutPorts = 1>
ST_1 : Operation 69 [1/1] (0.00ns)   --->   "%mult_756 = partselect i15 @_ssdm_op_PartSelect.i15.i22.i32.i32, i22 %mul_ln73_322, i32 7, i32 21" [firmware/nnet_utils/nnet_dense_latency.h:42]   --->   Operation 69 'partselect' 'mult_756' <Predicate = true> <Delay = 0.00>
ST_1 : Operation 70 [1/1] (0.00ns)   --->   "%tmp_497 = bitconcatenate i18 @_ssdm_op_BitConcatenate.i18.i16.i2, i16 %a_164, i2 0" [firmware/nnet_utils/nnet_mult.h:73->firmware/nnet_utils/nnet_dense_latency.h:42]   --->   Operation 70 'bitconcatenate' 'tmp_497' <Predicate = true> <Delay = 0.00>
ST_1 : Operation 71 [1/1] (0.00ns)   --->   "%sext_ln73_789 = sext i18 %tmp_497" [firmware/nnet_utils/nnet_mult.h:73->firmware/nnet_utils/nnet_dense_latency.h:42]   --->   Operation 71 'sext' 'sext_ln73_789' <Predicate = true> <Delay = 0.00>
ST_1 : Operation 72 [1/1] (1.42ns)   --->   "%sub_ln73_448 = sub i19 0, i19 %sext_ln73_789" [firmware/nnet_utils/nnet_mult.h:73->firmware/nnet_utils/nnet_dense_latency.h:42]   --->   Operation 72 'sub' 'sub_ln73_448' <Predicate = true> <Delay = 1.42> <CoreInst = "Adder">   --->   Core 1 'Adder' <Latency = 0> <II = 1> <Delay = 1.42> <FuncUnit> <Opcode : 'add' 'sub'> <InPorts = 2> <OutPorts = 1>
ST_1 : Operation 73 [1/1] (0.00ns)   --->   "%mult_757 = partselect i12 @_ssdm_op_PartSelect.i12.i19.i32.i32, i19 %sub_ln73_448, i32 7, i32 18" [firmware/nnet_utils/nnet_dense_latency.h:42]   --->   Operation 73 'partselect' 'mult_757' <Predicate = true> <Delay = 0.00>
ST_1 : Operation 74 [1/1] (0.00ns)   --->   "%a_165 = load i16 %void_compute_output_buffer_2d_array_const_ap_shift_reg_n_chan_stream_weig_17"   --->   Operation 74 'load' 'a_165' <Predicate = true> <Delay = 0.00>
ST_1 : Operation 75 [1/1] (0.00ns)   --->   "%sext_ln42_352 = sext i16 %a_165" [firmware/nnet_utils/nnet_dense_latency.h:42]   --->   Operation 75 'sext' 'sext_ln42_352' <Predicate = true> <Delay = 0.00>
ST_1 : Operation 76 [1/1] (0.00ns)   --->   "%sext_ln73_421 = sext i16 %a_165" [firmware/nnet_utils/nnet_mult.h:73->firmware/nnet_utils/nnet_dense_latency.h:42]   --->   Operation 76 'sext' 'sext_ln73_421' <Predicate = true> <Delay = 0.00>
ST_1 : Operation 77 [1/1] (0.00ns)   --->   "%tmp_498 = bitconcatenate i19 @_ssdm_op_BitConcatenate.i19.i16.i3, i16 %a_165, i3 0" [firmware/nnet_utils/nnet_mult.h:73->firmware/nnet_utils/nnet_dense_latency.h:42]   --->   Operation 77 'bitconcatenate' 'tmp_498' <Predicate = true> <Delay = 0.00>
ST_1 : Operation 78 [1/1] (0.00ns)   --->   "%sext_ln73_790 = sext i19 %tmp_498" [firmware/nnet_utils/nnet_mult.h:73->firmware/nnet_utils/nnet_dense_latency.h:42]   --->   Operation 78 'sext' 'sext_ln73_790' <Predicate = true> <Delay = 0.00>
ST_1 : Operation 79 [1/1] (0.00ns) (grouped into TernaryAdder)   --->   "%sub_ln73_449 = sub i21 0, i21 %sext_ln73_790" [firmware/nnet_utils/nnet_mult.h:73->firmware/nnet_utils/nnet_dense_latency.h:42]   --->   Operation 79 'sub' 'sub_ln73_449' <Predicate = true> <Delay = 0.00> <CoreInst = "TAddSub">   --->   Core 10 'TAddSub' <Latency = 0> <II = 1> <Delay = 0.49> <IPBlock> <Opcode : 'add' 'sub'> <InPorts = 3> <OutPorts = 1> <Sync> <CReg>
ST_1 : Operation 80 [1/1] (1.02ns) (root node of TernaryAdder)   --->   "%sub_ln73_450 = sub i21 %sub_ln73_449, i21 %sext_ln73_421" [firmware/nnet_utils/nnet_mult.h:73->firmware/nnet_utils/nnet_dense_latency.h:42]   --->   Operation 80 'sub' 'sub_ln73_450' <Predicate = true> <Delay = 1.02> <CoreInst = "TAddSub">   --->   Core 10 'TAddSub' <Latency = 0> <II = 1> <Delay = 0.49> <IPBlock> <Opcode : 'add' 'sub'> <InPorts = 3> <OutPorts = 1> <Sync> <CReg>
ST_1 : Operation 81 [1/1] (0.00ns)   --->   "%mult_758 = partselect i14 @_ssdm_op_PartSelect.i14.i21.i32.i32, i21 %sub_ln73_450, i32 7, i32 20" [firmware/nnet_utils/nnet_dense_latency.h:42]   --->   Operation 81 'partselect' 'mult_758' <Predicate = true> <Delay = 0.00>
ST_1 : Operation 82 [1/1] (0.00ns)   --->   "%sext_ln73_791 = sext i19 %tmp_498" [firmware/nnet_utils/nnet_mult.h:73->firmware/nnet_utils/nnet_dense_latency.h:42]   --->   Operation 82 'sext' 'sext_ln73_791' <Predicate = true> <Delay = 0.00>
ST_1 : Operation 83 [1/1] (0.00ns)   --->   "%tmp_499 = bitconcatenate i17 @_ssdm_op_BitConcatenate.i17.i16.i1, i16 %a_165, i1 0" [firmware/nnet_utils/nnet_mult.h:73->firmware/nnet_utils/nnet_dense_latency.h:42]   --->   Operation 83 'bitconcatenate' 'tmp_499' <Predicate = true> <Delay = 0.00>
ST_1 : Operation 84 [1/1] (0.00ns)   --->   "%sext_ln73_792 = sext i17 %tmp_499" [firmware/nnet_utils/nnet_mult.h:73->firmware/nnet_utils/nnet_dense_latency.h:42]   --->   Operation 84 'sext' 'sext_ln73_792' <Predicate = true> <Delay = 0.00>
ST_1 : Operation 85 [1/1] (1.43ns)   --->   "%sub_ln73_451 = sub i20 %sext_ln73_792, i20 %sext_ln73_791" [firmware/nnet_utils/nnet_mult.h:73->firmware/nnet_utils/nnet_dense_latency.h:42]   --->   Operation 85 'sub' 'sub_ln73_451' <Predicate = true> <Delay = 1.43> <CoreInst = "Adder">   --->   Core 1 'Adder' <Latency = 0> <II = 1> <Delay = 1.43> <FuncUnit> <Opcode : 'add' 'sub'> <InPorts = 2> <OutPorts = 1>
ST_1 : Operation 86 [1/1] (0.00ns)   --->   "%mult_759 = partselect i13 @_ssdm_op_PartSelect.i13.i20.i32.i32, i20 %sub_ln73_451, i32 7, i32 19" [firmware/nnet_utils/nnet_dense_latency.h:42]   --->   Operation 86 'partselect' 'mult_759' <Predicate = true> <Delay = 0.00>
ST_1 : Operation 87 [1/1] (0.00ns)   --->   "%sext_ln17_353 = sext i13 %mult_759" [firmware/nnet_utils/nnet_dense_latency.h:17]   --->   Operation 87 'sext' 'sext_ln17_353' <Predicate = true> <Delay = 0.00>
ST_1 : Operation 88 [1/1] (3.57ns)   --->   "%mul_ln73_323 = mul i23 %sext_ln42_352, i23 38" [firmware/nnet_utils/nnet_mult.h:73->firmware/nnet_utils/nnet_dense_latency.h:42]   --->   Operation 88 'mul' 'mul_ln73_323' <Predicate = true> <Delay = 3.57> <CoreInst = "Multiplier">   --->   Core 3 'Multiplier' <Latency = 0> <II = 1> <Delay = 3.57> <FuncUnit> <Opcode : 'mul'> <InPorts = 2> <OutPorts = 1>
ST_1 : Operation 89 [1/1] (0.00ns)   --->   "%mult_760 = partselect i16 @_ssdm_op_PartSelect.i16.i23.i32.i32, i23 %mul_ln73_323, i32 7, i32 22" [firmware/nnet_utils/nnet_dense_latency.h:42]   --->   Operation 89 'partselect' 'mult_760' <Predicate = true> <Delay = 0.00>
ST_1 : Operation 90 [1/1] (3.57ns)   --->   "%mul_ln73_324 = mul i23 %sext_ln42_352, i23 45" [firmware/nnet_utils/nnet_mult.h:73->firmware/nnet_utils/nnet_dense_latency.h:42]   --->   Operation 90 'mul' 'mul_ln73_324' <Predicate = true> <Delay = 3.57> <CoreInst = "Multiplier">   --->   Core 3 'Multiplier' <Latency = 0> <II = 1> <Delay = 3.57> <FuncUnit> <Opcode : 'mul'> <InPorts = 2> <OutPorts = 1>
ST_1 : Operation 91 [1/1] (0.00ns)   --->   "%mult_761 = partselect i16 @_ssdm_op_PartSelect.i16.i23.i32.i32, i23 %mul_ln73_324, i32 7, i32 22" [firmware/nnet_utils/nnet_dense_latency.h:42]   --->   Operation 91 'partselect' 'mult_761' <Predicate = true> <Delay = 0.00>
ST_1 : Operation 92 [1/1] (3.57ns)   --->   "%mul_ln73_325 = mul i23 %sext_ln42_352, i23 50" [firmware/nnet_utils/nnet_mult.h:73->firmware/nnet_utils/nnet_dense_latency.h:42]   --->   Operation 92 'mul' 'mul_ln73_325' <Predicate = true> <Delay = 3.57> <CoreInst = "Multiplier">   --->   Core 3 'Multiplier' <Latency = 0> <II = 1> <Delay = 3.57> <FuncUnit> <Opcode : 'mul'> <InPorts = 2> <OutPorts = 1>
ST_1 : Operation 93 [1/1] (0.00ns)   --->   "%mult_762 = partselect i16 @_ssdm_op_PartSelect.i16.i23.i32.i32, i23 %mul_ln73_325, i32 7, i32 22" [firmware/nnet_utils/nnet_dense_latency.h:42]   --->   Operation 93 'partselect' 'mult_762' <Predicate = true> <Delay = 0.00>
ST_1 : Operation 94 [1/1] (3.57ns)   --->   "%mul_ln73_326 = mul i21 %sext_ln73_421, i21 11" [firmware/nnet_utils/nnet_mult.h:73->firmware/nnet_utils/nnet_dense_latency.h:42]   --->   Operation 94 'mul' 'mul_ln73_326' <Predicate = true> <Delay = 3.57> <CoreInst = "Multiplier">   --->   Core 3 'Multiplier' <Latency = 0> <II = 1> <Delay = 3.57> <FuncUnit> <Opcode : 'mul'> <InPorts = 2> <OutPorts = 1>
ST_1 : Operation 95 [1/1] (0.00ns)   --->   "%mult_763 = partselect i14 @_ssdm_op_PartSelect.i14.i21.i32.i32, i21 %mul_ln73_326, i32 7, i32 20" [firmware/nnet_utils/nnet_dense_latency.h:42]   --->   Operation 95 'partselect' 'mult_763' <Predicate = true> <Delay = 0.00>
ST_1 : Operation 96 [1/1] (3.57ns)   --->   "%mul_ln73_327 = mul i23 %sext_ln42_352, i23 39" [firmware/nnet_utils/nnet_mult.h:73->firmware/nnet_utils/nnet_dense_latency.h:42]   --->   Operation 96 'mul' 'mul_ln73_327' <Predicate = true> <Delay = 3.57> <CoreInst = "Multiplier">   --->   Core 3 'Multiplier' <Latency = 0> <II = 1> <Delay = 3.57> <FuncUnit> <Opcode : 'mul'> <InPorts = 2> <OutPorts = 1>
ST_1 : Operation 97 [1/1] (0.00ns)   --->   "%mult_764 = partselect i16 @_ssdm_op_PartSelect.i16.i23.i32.i32, i23 %mul_ln73_327, i32 7, i32 22" [firmware/nnet_utils/nnet_dense_latency.h:42]   --->   Operation 97 'partselect' 'mult_764' <Predicate = true> <Delay = 0.00>
ST_1 : Operation 98 [1/1] (3.57ns)   --->   "%mul_ln42 = mul i23 %sext_ln42_352, i23 73" [firmware/nnet_utils/nnet_dense_latency.h:42]   --->   Operation 98 'mul' 'mul_ln42' <Predicate = true> <Delay = 3.57> <CoreInst = "Multiplier">   --->   Core 3 'Multiplier' <Latency = 0> <II = 1> <Delay = 3.57> <FuncUnit> <Opcode : 'mul'> <InPorts = 2> <OutPorts = 1>
ST_1 : Operation 99 [1/1] (0.00ns)   --->   "%mult_765 = partselect i16 @_ssdm_op_PartSelect.i16.i23.i32.i32, i23 %mul_ln42, i32 7, i32 22" [firmware/nnet_utils/nnet_dense_latency.h:42]   --->   Operation 99 'partselect' 'mult_765' <Predicate = true> <Delay = 0.00>
ST_1 : Operation 100 [1/1] (0.00ns)   --->   "%a_166 = load i16 %void_compute_output_buffer_2d_array_const_ap_shift_reg_n_chan_stream_weig_16"   --->   Operation 100 'load' 'a_166' <Predicate = true> <Delay = 0.00>
ST_1 : Operation 101 [1/1] (0.00ns)   --->   "%sext_ln42_354 = sext i16 %a_166" [firmware/nnet_utils/nnet_dense_latency.h:42]   --->   Operation 101 'sext' 'sext_ln42_354' <Predicate = true> <Delay = 0.00>
ST_1 : Operation 102 [1/1] (0.00ns)   --->   "%sext_ln73_422 = sext i16 %a_166" [firmware/nnet_utils/nnet_mult.h:73->firmware/nnet_utils/nnet_dense_latency.h:42]   --->   Operation 102 'sext' 'sext_ln73_422' <Predicate = true> <Delay = 0.00>
ST_1 : Operation 103 [1/1] (3.57ns)   --->   "%mul_ln73_328 = mul i22 %sext_ln73_422, i22 4194279" [firmware/nnet_utils/nnet_mult.h:73->firmware/nnet_utils/nnet_dense_latency.h:42]   --->   Operation 103 'mul' 'mul_ln73_328' <Predicate = true> <Delay = 3.57> <CoreInst = "Multiplier">   --->   Core 3 'Multiplier' <Latency = 0> <II = 1> <Delay = 3.57> <FuncUnit> <Opcode : 'mul'> <InPorts = 2> <OutPorts = 1>
ST_1 : Operation 104 [1/1] (0.00ns)   --->   "%mult_766 = partselect i15 @_ssdm_op_PartSelect.i15.i22.i32.i32, i22 %mul_ln73_328, i32 7, i32 21" [firmware/nnet_utils/nnet_dense_latency.h:42]   --->   Operation 104 'partselect' 'mult_766' <Predicate = true> <Delay = 0.00>
ST_1 : Operation 105 [1/1] (0.00ns)   --->   "%mult_767 = partselect i15 @_ssdm_op_PartSelect.i15.i16.i32.i32, i16 %a_166, i32 1, i32 15" [firmware/nnet_utils/nnet_dense_latency.h:42]   --->   Operation 105 'partselect' 'mult_767' <Predicate = true> <Delay = 0.00>
ST_1 : Operation 106 [1/1] (0.00ns)   --->   "%sext_ln42_356 = sext i15 %mult_767" [firmware/nnet_utils/nnet_dense_latency.h:42]   --->   Operation 106 'sext' 'sext_ln42_356' <Predicate = true> <Delay = 0.00>
ST_1 : Operation 107 [1/1] (0.00ns)   --->   "%mult_770 = partselect i9 @_ssdm_op_PartSelect.i9.i16.i32.i32, i16 %a_166, i32 7, i32 15" [firmware/nnet_utils/nnet_dense_latency.h:42]   --->   Operation 107 'partselect' 'mult_770' <Predicate = true> <Delay = 0.00>
ST_1 : Operation 108 [1/1] (0.00ns)   --->   "%sext_ln17_354 = sext i9 %mult_770" [firmware/nnet_utils/nnet_dense_latency.h:17]   --->   Operation 108 'sext' 'sext_ln17_354' <Predicate = true> <Delay = 0.00>
ST_1 : Operation 109 [1/1] (3.57ns)   --->   "%mul_ln73_329 = mul i22 %sext_ln73_422, i22 4194275" [firmware/nnet_utils/nnet_mult.h:73->firmware/nnet_utils/nnet_dense_latency.h:42]   --->   Operation 109 'mul' 'mul_ln73_329' <Predicate = true> <Delay = 3.57> <CoreInst = "Multiplier">   --->   Core 3 'Multiplier' <Latency = 0> <II = 1> <Delay = 3.57> <FuncUnit> <Opcode : 'mul'> <InPorts = 2> <OutPorts = 1>
ST_1 : Operation 110 [1/1] (0.00ns)   --->   "%mult_771 = partselect i15 @_ssdm_op_PartSelect.i15.i22.i32.i32, i22 %mul_ln73_329, i32 7, i32 21" [firmware/nnet_utils/nnet_dense_latency.h:42]   --->   Operation 110 'partselect' 'mult_771' <Predicate = true> <Delay = 0.00>
ST_1 : Operation 111 [1/1] (3.57ns)   --->   "%mul_ln73_330 = mul i23 %sext_ln42_354, i23 51" [firmware/nnet_utils/nnet_mult.h:73->firmware/nnet_utils/nnet_dense_latency.h:42]   --->   Operation 111 'mul' 'mul_ln73_330' <Predicate = true> <Delay = 3.57> <CoreInst = "Multiplier">   --->   Core 3 'Multiplier' <Latency = 0> <II = 1> <Delay = 3.57> <FuncUnit> <Opcode : 'mul'> <InPorts = 2> <OutPorts = 1>
ST_1 : Operation 112 [1/1] (0.00ns)   --->   "%mult_772 = partselect i16 @_ssdm_op_PartSelect.i16.i23.i32.i32, i23 %mul_ln73_330, i32 7, i32 22" [firmware/nnet_utils/nnet_dense_latency.h:42]   --->   Operation 112 'partselect' 'mult_772' <Predicate = true> <Delay = 0.00>
ST_1 : Operation 113 [1/1] (0.00ns)   --->   "%a_167 = load i16 %void_compute_output_buffer_2d_array_const_ap_shift_reg_n_chan_stream_weig_15"   --->   Operation 113 'load' 'a_167' <Predicate = true> <Delay = 0.00>
ST_1 : Operation 114 [1/1] (0.00ns)   --->   "%sext_ln42_358 = sext i16 %a_167" [firmware/nnet_utils/nnet_dense_latency.h:42]   --->   Operation 114 'sext' 'sext_ln42_358' <Predicate = true> <Delay = 0.00>
ST_1 : Operation 115 [1/1] (0.00ns)   --->   "%sext_ln73_423 = sext i16 %a_167" [firmware/nnet_utils/nnet_mult.h:73->firmware/nnet_utils/nnet_dense_latency.h:42]   --->   Operation 115 'sext' 'sext_ln73_423' <Predicate = true> <Delay = 0.00>
ST_1 : Operation 116 [1/1] (3.57ns)   --->   "%mul_ln73_331 = mul i23 %sext_ln42_358, i23 8388563" [firmware/nnet_utils/nnet_mult.h:73->firmware/nnet_utils/nnet_dense_latency.h:42]   --->   Operation 116 'mul' 'mul_ln73_331' <Predicate = true> <Delay = 3.57> <CoreInst = "Multiplier">   --->   Core 3 'Multiplier' <Latency = 0> <II = 1> <Delay = 3.57> <FuncUnit> <Opcode : 'mul'> <InPorts = 2> <OutPorts = 1>
ST_1 : Operation 117 [1/1] (0.00ns)   --->   "%mult_774 = partselect i16 @_ssdm_op_PartSelect.i16.i23.i32.i32, i23 %mul_ln73_331, i32 7, i32 22" [firmware/nnet_utils/nnet_dense_latency.h:42]   --->   Operation 117 'partselect' 'mult_774' <Predicate = true> <Delay = 0.00>
ST_1 : Operation 118 [1/1] (0.00ns)   --->   "%tmp_504 = bitconcatenate i20 @_ssdm_op_BitConcatenate.i20.i16.i4, i16 %a_167, i4 0" [firmware/nnet_utils/nnet_mult.h:73->firmware/nnet_utils/nnet_dense_latency.h:42]   --->   Operation 118 'bitconcatenate' 'tmp_504' <Predicate = true> <Delay = 0.00>
ST_1 : Operation 119 [1/1] (0.00ns)   --->   "%sext_ln73_795 = sext i20 %tmp_504" [firmware/nnet_utils/nnet_mult.h:73->firmware/nnet_utils/nnet_dense_latency.h:42]   --->   Operation 119 'sext' 'sext_ln73_795' <Predicate = true> <Delay = 0.00>
ST_1 : Operation 120 [1/1] (1.43ns)   --->   "%add_ln73_101 = add i22 %sext_ln73_795, i22 %sext_ln73_423" [firmware/nnet_utils/nnet_mult.h:73->firmware/nnet_utils/nnet_dense_latency.h:42]   --->   Operation 120 'add' 'add_ln73_101' <Predicate = true> <Delay = 1.43> <CoreInst = "Adder">   --->   Core 1 'Adder' <Latency = 0> <II = 1> <Delay = 1.43> <FuncUnit> <Opcode : 'add' 'sub'> <InPorts = 2> <OutPorts = 1>
ST_1 : Operation 121 [1/1] (0.00ns)   --->   "%mult_775 = partselect i15 @_ssdm_op_PartSelect.i15.i22.i32.i32, i22 %add_ln73_101, i32 7, i32 21" [firmware/nnet_utils/nnet_dense_latency.h:42]   --->   Operation 121 'partselect' 'mult_775' <Predicate = true> <Delay = 0.00>
ST_1 : Operation 122 [1/1] (0.00ns)   --->   "%sext_ln42_359 = sext i15 %mult_775" [firmware/nnet_utils/nnet_dense_latency.h:42]   --->   Operation 122 'sext' 'sext_ln42_359' <Predicate = true> <Delay = 0.00>
ST_1 : Operation 123 [1/1] (0.00ns)   --->   "%mult_776 = partselect i13 @_ssdm_op_PartSelect.i13.i16.i32.i32, i16 %a_167, i32 3, i32 15" [firmware/nnet_utils/nnet_dense_latency.h:42]   --->   Operation 123 'partselect' 'mult_776' <Predicate = true> <Delay = 0.00>
ST_1 : Operation 124 [1/1] (0.00ns)   --->   "%sext_ln17_355 = sext i13 %mult_776" [firmware/nnet_utils/nnet_dense_latency.h:17]   --->   Operation 124 'sext' 'sext_ln17_355' <Predicate = true> <Delay = 0.00>
ST_1 : Operation 125 [1/1] (3.57ns)   --->   "%mul_ln73_332 = mul i22 %sext_ln73_423, i22 19" [firmware/nnet_utils/nnet_mult.h:73->firmware/nnet_utils/nnet_dense_latency.h:42]   --->   Operation 125 'mul' 'mul_ln73_332' <Predicate = true> <Delay = 3.57> <CoreInst = "Multiplier">   --->   Core 3 'Multiplier' <Latency = 0> <II = 1> <Delay = 3.57> <FuncUnit> <Opcode : 'mul'> <InPorts = 2> <OutPorts = 1>
ST_1 : Operation 126 [1/1] (0.00ns)   --->   "%mult_777 = partselect i15 @_ssdm_op_PartSelect.i15.i22.i32.i32, i22 %mul_ln73_332, i32 7, i32 21" [firmware/nnet_utils/nnet_dense_latency.h:42]   --->   Operation 126 'partselect' 'mult_777' <Predicate = true> <Delay = 0.00>
ST_1 : Operation 127 [1/1] (3.57ns)   --->   "%mul_ln73_333 = mul i22 %sext_ln73_423, i22 22" [firmware/nnet_utils/nnet_mult.h:73->firmware/nnet_utils/nnet_dense_latency.h:42]   --->   Operation 127 'mul' 'mul_ln73_333' <Predicate = true> <Delay = 3.57> <CoreInst = "Multiplier">   --->   Core 3 'Multiplier' <Latency = 0> <II = 1> <Delay = 3.57> <FuncUnit> <Opcode : 'mul'> <InPorts = 2> <OutPorts = 1>
ST_1 : Operation 128 [1/1] (0.00ns)   --->   "%mult_778 = partselect i15 @_ssdm_op_PartSelect.i15.i22.i32.i32, i22 %mul_ln73_333, i32 7, i32 21" [firmware/nnet_utils/nnet_dense_latency.h:42]   --->   Operation 128 'partselect' 'mult_778' <Predicate = true> <Delay = 0.00>
ST_1 : Operation 129 [1/1] (3.57ns)   --->   "%mul_ln73_334 = mul i23 %sext_ln42_358, i23 41" [firmware/nnet_utils/nnet_mult.h:73->firmware/nnet_utils/nnet_dense_latency.h:42]   --->   Operation 129 'mul' 'mul_ln73_334' <Predicate = true> <Delay = 3.57> <CoreInst = "Multiplier">   --->   Core 3 'Multiplier' <Latency = 0> <II = 1> <Delay = 3.57> <FuncUnit> <Opcode : 'mul'> <InPorts = 2> <OutPorts = 1>
ST_1 : Operation 130 [1/1] (0.00ns)   --->   "%mult_780 = partselect i16 @_ssdm_op_PartSelect.i16.i23.i32.i32, i23 %mul_ln73_334, i32 7, i32 22" [firmware/nnet_utils/nnet_dense_latency.h:42]   --->   Operation 130 'partselect' 'mult_780' <Predicate = true> <Delay = 0.00>
ST_1 : Operation 131 [1/1] (0.00ns)   --->   "%a_168 = load i16 %void_compute_output_buffer_2d_array_const_ap_shift_reg_n_chan_stream_weig_14"   --->   Operation 131 'load' 'a_168' <Predicate = true> <Delay = 0.00>
ST_1 : Operation 132 [1/1] (0.00ns)   --->   "%sext_ln73_424 = sext i16 %a_168" [firmware/nnet_utils/nnet_mult.h:73->firmware/nnet_utils/nnet_dense_latency.h:42]   --->   Operation 132 'sext' 'sext_ln73_424' <Predicate = true> <Delay = 0.00>
ST_1 : Operation 133 [1/1] (0.00ns)   --->   "%sext_ln73_425 = sext i16 %a_168" [firmware/nnet_utils/nnet_mult.h:73->firmware/nnet_utils/nnet_dense_latency.h:42]   --->   Operation 133 'sext' 'sext_ln73_425' <Predicate = true> <Delay = 0.00>
ST_1 : Operation 134 [1/1] (0.00ns)   --->   "%sext_ln73_426 = sext i16 %a_168" [firmware/nnet_utils/nnet_mult.h:73->firmware/nnet_utils/nnet_dense_latency.h:42]   --->   Operation 134 'sext' 'sext_ln73_426' <Predicate = true> <Delay = 0.00>
ST_1 : Operation 135 [1/1] (0.00ns)   --->   "%sext_ln73_427 = sext i16 %a_168" [firmware/nnet_utils/nnet_mult.h:73->firmware/nnet_utils/nnet_dense_latency.h:42]   --->   Operation 135 'sext' 'sext_ln73_427' <Predicate = true> <Delay = 0.00>
ST_1 : Operation 136 [1/1] (0.00ns)   --->   "%tmp_508 = bitconcatenate i18 @_ssdm_op_BitConcatenate.i18.i16.i2, i16 %a_168, i2 0" [firmware/nnet_utils/nnet_mult.h:73->firmware/nnet_utils/nnet_dense_latency.h:42]   --->   Operation 136 'bitconcatenate' 'tmp_508' <Predicate = true> <Delay = 0.00>
ST_1 : Operation 137 [1/1] (0.00ns)   --->   "%sext_ln73_797 = sext i18 %tmp_508" [firmware/nnet_utils/nnet_mult.h:73->firmware/nnet_utils/nnet_dense_latency.h:42]   --->   Operation 137 'sext' 'sext_ln73_797' <Predicate = true> <Delay = 0.00>
ST_1 : Operation 138 [1/1] (0.00ns) (grouped into TernaryAdder)   --->   "%sub_ln73_455 = sub i20 0, i20 %sext_ln73_797" [firmware/nnet_utils/nnet_mult.h:73->firmware/nnet_utils/nnet_dense_latency.h:42]   --->   Operation 138 'sub' 'sub_ln73_455' <Predicate = true> <Delay = 0.00> <CoreInst = "TAddSub">   --->   Core 10 'TAddSub' <Latency = 0> <II = 1> <Delay = 0.49> <IPBlock> <Opcode : 'add' 'sub'> <InPorts = 3> <OutPorts = 1> <Sync> <CReg>
ST_1 : Operation 139 [1/1] (1.01ns) (root node of TernaryAdder)   --->   "%sub_ln73_456 = sub i20 %sub_ln73_455, i20 %sext_ln73_427" [firmware/nnet_utils/nnet_mult.h:73->firmware/nnet_utils/nnet_dense_latency.h:42]   --->   Operation 139 'sub' 'sub_ln73_456' <Predicate = true> <Delay = 1.01> <CoreInst = "TAddSub">   --->   Core 10 'TAddSub' <Latency = 0> <II = 1> <Delay = 0.49> <IPBlock> <Opcode : 'add' 'sub'> <InPorts = 3> <OutPorts = 1> <Sync> <CReg>
ST_1 : Operation 140 [1/1] (0.00ns)   --->   "%mult_782 = partselect i13 @_ssdm_op_PartSelect.i13.i20.i32.i32, i20 %sub_ln73_456, i32 7, i32 19" [firmware/nnet_utils/nnet_dense_latency.h:42]   --->   Operation 140 'partselect' 'mult_782' <Predicate = true> <Delay = 0.00>
ST_1 : Operation 141 [1/1] (0.00ns)   --->   "%sext_ln17_356 = sext i13 %mult_782" [firmware/nnet_utils/nnet_dense_latency.h:17]   --->   Operation 141 'sext' 'sext_ln17_356' <Predicate = true> <Delay = 0.00>
ST_1 : Operation 142 [1/1] (0.00ns)   --->   "%mult_783 = partselect i11 @_ssdm_op_PartSelect.i11.i16.i32.i32, i16 %a_168, i32 5, i32 15" [firmware/nnet_utils/nnet_dense_latency.h:42]   --->   Operation 142 'partselect' 'mult_783' <Predicate = true> <Delay = 0.00>
ST_1 : Operation 143 [1/1] (0.00ns)   --->   "%sext_ln17_357 = sext i11 %mult_783" [firmware/nnet_utils/nnet_dense_latency.h:17]   --->   Operation 143 'sext' 'sext_ln17_357' <Predicate = true> <Delay = 0.00>
ST_1 : Operation 144 [1/1] (0.00ns)   --->   "%tmp_509 = bitconcatenate i19 @_ssdm_op_BitConcatenate.i19.i16.i3, i16 %a_168, i3 0" [firmware/nnet_utils/nnet_mult.h:73->firmware/nnet_utils/nnet_dense_latency.h:42]   --->   Operation 144 'bitconcatenate' 'tmp_509' <Predicate = true> <Delay = 0.00>
ST_1 : Operation 145 [1/1] (0.00ns)   --->   "%sext_ln73_798 = sext i19 %tmp_509" [firmware/nnet_utils/nnet_mult.h:73->firmware/nnet_utils/nnet_dense_latency.h:42]   --->   Operation 145 'sext' 'sext_ln73_798' <Predicate = true> <Delay = 0.00>
ST_1 : Operation 146 [1/1] (0.00ns)   --->   "%tmp_510 = bitconcatenate i17 @_ssdm_op_BitConcatenate.i17.i16.i1, i16 %a_168, i1 0" [firmware/nnet_utils/nnet_mult.h:73->firmware/nnet_utils/nnet_dense_latency.h:42]   --->   Operation 146 'bitconcatenate' 'tmp_510' <Predicate = true> <Delay = 0.00>
ST_1 : Operation 147 [1/1] (0.00ns)   --->   "%sext_ln73_799 = sext i17 %tmp_510" [firmware/nnet_utils/nnet_mult.h:73->firmware/nnet_utils/nnet_dense_latency.h:42]   --->   Operation 147 'sext' 'sext_ln73_799' <Predicate = true> <Delay = 0.00>
ST_1 : Operation 148 [1/1] (1.43ns)   --->   "%sub_ln73_457 = sub i20 %sext_ln73_798, i20 %sext_ln73_799" [firmware/nnet_utils/nnet_mult.h:73->firmware/nnet_utils/nnet_dense_latency.h:42]   --->   Operation 148 'sub' 'sub_ln73_457' <Predicate = true> <Delay = 1.43> <CoreInst = "Adder">   --->   Core 1 'Adder' <Latency = 0> <II = 1> <Delay = 1.43> <FuncUnit> <Opcode : 'add' 'sub'> <InPorts = 2> <OutPorts = 1>
ST_1 : Operation 149 [1/1] (0.00ns)   --->   "%mult_784 = partselect i13 @_ssdm_op_PartSelect.i13.i20.i32.i32, i20 %sub_ln73_457, i32 7, i32 19" [firmware/nnet_utils/nnet_dense_latency.h:42]   --->   Operation 149 'partselect' 'mult_784' <Predicate = true> <Delay = 0.00>
ST_1 : Operation 150 [1/1] (0.00ns)   --->   "%sext_ln17_358 = sext i13 %mult_784" [firmware/nnet_utils/nnet_dense_latency.h:17]   --->   Operation 150 'sext' 'sext_ln17_358' <Predicate = true> <Delay = 0.00>
ST_1 : Operation 151 [1/1] (3.57ns)   --->   "%mul_ln73_335 = mul i21 %sext_ln73_426, i21 2097139" [firmware/nnet_utils/nnet_mult.h:73->firmware/nnet_utils/nnet_dense_latency.h:42]   --->   Operation 151 'mul' 'mul_ln73_335' <Predicate = true> <Delay = 3.57> <CoreInst = "Multiplier">   --->   Core 3 'Multiplier' <Latency = 0> <II = 1> <Delay = 3.57> <FuncUnit> <Opcode : 'mul'> <InPorts = 2> <OutPorts = 1>
ST_1 : Operation 152 [1/1] (0.00ns)   --->   "%mult_785 = partselect i14 @_ssdm_op_PartSelect.i14.i21.i32.i32, i21 %mul_ln73_335, i32 7, i32 20" [firmware/nnet_utils/nnet_dense_latency.h:42]   --->   Operation 152 'partselect' 'mult_785' <Predicate = true> <Delay = 0.00>
ST_1 : Operation 153 [1/1] (0.00ns)   --->   "%tmp_511 = bitconcatenate i21 @_ssdm_op_BitConcatenate.i21.i16.i5, i16 %a_168, i5 0" [firmware/nnet_utils/nnet_mult.h:73->firmware/nnet_utils/nnet_dense_latency.h:42]   --->   Operation 153 'bitconcatenate' 'tmp_511' <Predicate = true> <Delay = 0.00>
ST_1 : Operation 154 [1/1] (0.00ns)   --->   "%sext_ln73_800 = sext i21 %tmp_511" [firmware/nnet_utils/nnet_mult.h:73->firmware/nnet_utils/nnet_dense_latency.h:42]   --->   Operation 154 'sext' 'sext_ln73_800' <Predicate = true> <Delay = 0.00>
ST_1 : Operation 155 [1/1] (0.00ns)   --->   "%sext_ln73_801 = sext i17 %tmp_510" [firmware/nnet_utils/nnet_mult.h:73->firmware/nnet_utils/nnet_dense_latency.h:42]   --->   Operation 155 'sext' 'sext_ln73_801' <Predicate = true> <Delay = 0.00>
ST_1 : Operation 156 [1/1] (1.43ns)   --->   "%sub_ln73_458 = sub i22 %sext_ln73_801, i22 %sext_ln73_800" [firmware/nnet_utils/nnet_mult.h:73->firmware/nnet_utils/nnet_dense_latency.h:42]   --->   Operation 156 'sub' 'sub_ln73_458' <Predicate = true> <Delay = 1.43> <CoreInst = "Adder">   --->   Core 1 'Adder' <Latency = 0> <II = 1> <Delay = 1.43> <FuncUnit> <Opcode : 'add' 'sub'> <InPorts = 2> <OutPorts = 1>
ST_1 : Operation 157 [1/1] (0.00ns)   --->   "%mult_786 = partselect i15 @_ssdm_op_PartSelect.i15.i22.i32.i32, i22 %sub_ln73_458, i32 7, i32 21" [firmware/nnet_utils/nnet_dense_latency.h:42]   --->   Operation 157 'partselect' 'mult_786' <Predicate = true> <Delay = 0.00>
ST_1 : Operation 158 [1/1] (0.00ns)   --->   "%sext_ln73_802 = sext i19 %tmp_509" [firmware/nnet_utils/nnet_mult.h:73->firmware/nnet_utils/nnet_dense_latency.h:42]   --->   Operation 158 'sext' 'sext_ln73_802' <Predicate = true> <Delay = 0.00>
ST_1 : Operation 159 [1/1] (0.00ns) (grouped into TernaryAdder)   --->   "%sub_ln73_459 = sub i21 0, i21 %sext_ln73_802" [firmware/nnet_utils/nnet_mult.h:73->firmware/nnet_utils/nnet_dense_latency.h:42]   --->   Operation 159 'sub' 'sub_ln73_459' <Predicate = true> <Delay = 0.00> <CoreInst = "TAddSub">   --->   Core 10 'TAddSub' <Latency = 0> <II = 1> <Delay = 0.49> <IPBlock> <Opcode : 'add' 'sub'> <InPorts = 3> <OutPorts = 1> <Sync> <CReg>
ST_1 : Operation 160 [1/1] (0.00ns)   --->   "%sext_ln73_803 = sext i17 %tmp_510" [firmware/nnet_utils/nnet_mult.h:73->firmware/nnet_utils/nnet_dense_latency.h:42]   --->   Operation 160 'sext' 'sext_ln73_803' <Predicate = true> <Delay = 0.00>
ST_1 : Operation 161 [1/1] (1.02ns) (root node of TernaryAdder)   --->   "%sub_ln73_460 = sub i21 %sub_ln73_459, i21 %sext_ln73_803" [firmware/nnet_utils/nnet_mult.h:73->firmware/nnet_utils/nnet_dense_latency.h:42]   --->   Operation 161 'sub' 'sub_ln73_460' <Predicate = true> <Delay = 1.02> <CoreInst = "TAddSub">   --->   Core 10 'TAddSub' <Latency = 0> <II = 1> <Delay = 0.49> <IPBlock> <Opcode : 'add' 'sub'> <InPorts = 3> <OutPorts = 1> <Sync> <CReg>
ST_1 : Operation 162 [1/1] (0.00ns)   --->   "%mult_787 = partselect i14 @_ssdm_op_PartSelect.i14.i21.i32.i32, i21 %sub_ln73_460, i32 7, i32 20" [firmware/nnet_utils/nnet_dense_latency.h:42]   --->   Operation 162 'partselect' 'mult_787' <Predicate = true> <Delay = 0.00>
ST_1 : Operation 163 [1/1] (0.00ns)   --->   "%sext_ln17_360 = sext i14 %mult_787" [firmware/nnet_utils/nnet_dense_latency.h:17]   --->   Operation 163 'sext' 'sext_ln17_360' <Predicate = true> <Delay = 0.00>
ST_1 : Operation 164 [1/1] (3.57ns)   --->   "%mul_ln73_336 = mul i22 %sext_ln73_425, i22 27" [firmware/nnet_utils/nnet_mult.h:73->firmware/nnet_utils/nnet_dense_latency.h:42]   --->   Operation 164 'mul' 'mul_ln73_336' <Predicate = true> <Delay = 3.57> <CoreInst = "Multiplier">   --->   Core 3 'Multiplier' <Latency = 0> <II = 1> <Delay = 3.57> <FuncUnit> <Opcode : 'mul'> <InPorts = 2> <OutPorts = 1>
ST_1 : Operation 165 [1/1] (0.00ns)   --->   "%mult_788 = partselect i15 @_ssdm_op_PartSelect.i15.i22.i32.i32, i22 %mul_ln73_336, i32 7, i32 21" [firmware/nnet_utils/nnet_dense_latency.h:42]   --->   Operation 165 'partselect' 'mult_788' <Predicate = true> <Delay = 0.00>
ST_1 : Operation 166 [1/1] (3.57ns)   --->   "%mul_ln73_337 = mul i23 %sext_ln73_424, i23 59" [firmware/nnet_utils/nnet_mult.h:73->firmware/nnet_utils/nnet_dense_latency.h:42]   --->   Operation 166 'mul' 'mul_ln73_337' <Predicate = true> <Delay = 3.57> <CoreInst = "Multiplier">   --->   Core 3 'Multiplier' <Latency = 0> <II = 1> <Delay = 3.57> <FuncUnit> <Opcode : 'mul'> <InPorts = 2> <OutPorts = 1>
ST_1 : Operation 167 [1/1] (0.00ns)   --->   "%mult_789 = partselect i16 @_ssdm_op_PartSelect.i16.i23.i32.i32, i23 %mul_ln73_337, i32 7, i32 22" [firmware/nnet_utils/nnet_dense_latency.h:42]   --->   Operation 167 'partselect' 'mult_789' <Predicate = true> <Delay = 0.00>
ST_1 : Operation 168 [1/1] (0.00ns)   --->   "%a_169 = load i16 %void_compute_output_buffer_2d_array_const_ap_shift_reg_n_chan_stream_weig_13"   --->   Operation 168 'load' 'a_169' <Predicate = true> <Delay = 0.00>
ST_1 : Operation 169 [1/1] (0.00ns)   --->   "%sext_ln73_430 = sext i16 %a_169" [firmware/nnet_utils/nnet_mult.h:73->firmware/nnet_utils/nnet_dense_latency.h:42]   --->   Operation 169 'sext' 'sext_ln73_430' <Predicate = true> <Delay = 0.00>
ST_1 : Operation 170 [1/1] (0.00ns)   --->   "%sext_ln73_431 = sext i16 %a_169" [firmware/nnet_utils/nnet_mult.h:73->firmware/nnet_utils/nnet_dense_latency.h:42]   --->   Operation 170 'sext' 'sext_ln73_431' <Predicate = true> <Delay = 0.00>
ST_1 : Operation 171 [1/1] (3.57ns)   --->   "%mul_ln73_338 = mul i22 %sext_ln73_431, i22 4194278" [firmware/nnet_utils/nnet_mult.h:73->firmware/nnet_utils/nnet_dense_latency.h:42]   --->   Operation 171 'mul' 'mul_ln73_338' <Predicate = true> <Delay = 3.57> <CoreInst = "Multiplier">   --->   Core 3 'Multiplier' <Latency = 0> <II = 1> <Delay = 3.57> <FuncUnit> <Opcode : 'mul'> <InPorts = 2> <OutPorts = 1>
ST_1 : Operation 172 [1/1] (0.00ns)   --->   "%mult_790 = partselect i15 @_ssdm_op_PartSelect.i15.i22.i32.i32, i22 %mul_ln73_338, i32 7, i32 21" [firmware/nnet_utils/nnet_dense_latency.h:42]   --->   Operation 172 'partselect' 'mult_790' <Predicate = true> <Delay = 0.00>
ST_1 : Operation 173 [1/1] (0.00ns)   --->   "%tmp_512 = bitconcatenate i19 @_ssdm_op_BitConcatenate.i19.i16.i3, i16 %a_169, i3 0" [firmware/nnet_utils/nnet_mult.h:73->firmware/nnet_utils/nnet_dense_latency.h:42]   --->   Operation 173 'bitconcatenate' 'tmp_512' <Predicate = true> <Delay = 0.00>
ST_1 : Operation 174 [1/1] (0.00ns)   --->   "%sext_ln73_804 = sext i19 %tmp_512" [firmware/nnet_utils/nnet_mult.h:73->firmware/nnet_utils/nnet_dense_latency.h:42]   --->   Operation 174 'sext' 'sext_ln73_804' <Predicate = true> <Delay = 0.00>
ST_1 : Operation 175 [1/1] (0.00ns)   --->   "%tmp_513 = bitconcatenate i17 @_ssdm_op_BitConcatenate.i17.i16.i1, i16 %a_169, i1 0" [firmware/nnet_utils/nnet_mult.h:73->firmware/nnet_utils/nnet_dense_latency.h:42]   --->   Operation 175 'bitconcatenate' 'tmp_513' <Predicate = true> <Delay = 0.00>
ST_1 : Operation 176 [1/1] (0.00ns)   --->   "%sext_ln73_805 = sext i17 %tmp_513" [firmware/nnet_utils/nnet_mult.h:73->firmware/nnet_utils/nnet_dense_latency.h:42]   --->   Operation 176 'sext' 'sext_ln73_805' <Predicate = true> <Delay = 0.00>
ST_1 : Operation 177 [1/1] (1.43ns)   --->   "%add_ln73_102 = add i21 %sext_ln73_804, i21 %sext_ln73_805" [firmware/nnet_utils/nnet_mult.h:73->firmware/nnet_utils/nnet_dense_latency.h:42]   --->   Operation 177 'add' 'add_ln73_102' <Predicate = true> <Delay = 1.43> <CoreInst = "Adder">   --->   Core 1 'Adder' <Latency = 0> <II = 1> <Delay = 1.43> <FuncUnit> <Opcode : 'add' 'sub'> <InPorts = 2> <OutPorts = 1>
ST_1 : Operation 178 [1/1] (0.00ns)   --->   "%mult_791 = partselect i14 @_ssdm_op_PartSelect.i14.i21.i32.i32, i21 %add_ln73_102, i32 7, i32 20" [firmware/nnet_utils/nnet_dense_latency.h:42]   --->   Operation 178 'partselect' 'mult_791' <Predicate = true> <Delay = 0.00>
ST_1 : Operation 179 [1/1] (0.00ns)   --->   "%sext_ln17_361 = sext i14 %mult_791" [firmware/nnet_utils/nnet_dense_latency.h:17]   --->   Operation 179 'sext' 'sext_ln17_361' <Predicate = true> <Delay = 0.00>
ST_1 : Operation 180 [1/1] (0.00ns)   --->   "%tmp_514 = bitconcatenate i20 @_ssdm_op_BitConcatenate.i20.i16.i4, i16 %a_169, i4 0" [firmware/nnet_utils/nnet_mult.h:73->firmware/nnet_utils/nnet_dense_latency.h:42]   --->   Operation 180 'bitconcatenate' 'tmp_514' <Predicate = true> <Delay = 0.00>
ST_1 : Operation 181 [1/1] (0.00ns)   --->   "%sext_ln73_806 = sext i20 %tmp_514" [firmware/nnet_utils/nnet_mult.h:73->firmware/nnet_utils/nnet_dense_latency.h:42]   --->   Operation 181 'sext' 'sext_ln73_806' <Predicate = true> <Delay = 0.00>
ST_1 : Operation 182 [1/1] (1.43ns)   --->   "%sub_ln73_461 = sub i21 %sext_ln73_806, i21 %sext_ln73_805" [firmware/nnet_utils/nnet_mult.h:73->firmware/nnet_utils/nnet_dense_latency.h:42]   --->   Operation 182 'sub' 'sub_ln73_461' <Predicate = true> <Delay = 1.43> <CoreInst = "Adder">   --->   Core 1 'Adder' <Latency = 0> <II = 1> <Delay = 1.43> <FuncUnit> <Opcode : 'add' 'sub'> <InPorts = 2> <OutPorts = 1>
ST_1 : Operation 183 [1/1] (0.00ns)   --->   "%mult_792 = partselect i14 @_ssdm_op_PartSelect.i14.i21.i32.i32, i21 %sub_ln73_461, i32 7, i32 20" [firmware/nnet_utils/nnet_dense_latency.h:42]   --->   Operation 183 'partselect' 'mult_792' <Predicate = true> <Delay = 0.00>
ST_1 : Operation 184 [1/1] (1.43ns)   --->   "%sub_ln73_462 = sub i21 0, i21 %sext_ln73_806" [firmware/nnet_utils/nnet_mult.h:73->firmware/nnet_utils/nnet_dense_latency.h:42]   --->   Operation 184 'sub' 'sub_ln73_462' <Predicate = true> <Delay = 1.43> <CoreInst = "Adder">   --->   Core 1 'Adder' <Latency = 0> <II = 1> <Delay = 1.43> <FuncUnit> <Opcode : 'add' 'sub'> <InPorts = 2> <OutPorts = 1>
ST_1 : Operation 185 [1/1] (0.00ns)   --->   "%mult_793 = partselect i14 @_ssdm_op_PartSelect.i14.i21.i32.i32, i21 %sub_ln73_462, i32 7, i32 20" [firmware/nnet_utils/nnet_dense_latency.h:42]   --->   Operation 185 'partselect' 'mult_793' <Predicate = true> <Delay = 0.00>
ST_1 : Operation 186 [1/1] (0.00ns)   --->   "%mult_794 = partselect i12 @_ssdm_op_PartSelect.i12.i16.i32.i32, i16 %a_169, i32 4, i32 15" [firmware/nnet_utils/nnet_dense_latency.h:42]   --->   Operation 186 'partselect' 'mult_794' <Predicate = true> <Delay = 0.00>
ST_1 : Operation 187 [1/1] (0.00ns)   --->   "%sext_ln73_807 = sext i19 %tmp_512" [firmware/nnet_utils/nnet_mult.h:73->firmware/nnet_utils/nnet_dense_latency.h:42]   --->   Operation 187 'sext' 'sext_ln73_807' <Predicate = true> <Delay = 0.00>
ST_1 : Operation 188 [1/1] (0.00ns)   --->   "%sext_ln73_808 = sext i17 %tmp_513" [firmware/nnet_utils/nnet_mult.h:73->firmware/nnet_utils/nnet_dense_latency.h:42]   --->   Operation 188 'sext' 'sext_ln73_808' <Predicate = true> <Delay = 0.00>
ST_1 : Operation 189 [1/1] (1.43ns)   --->   "%sub_ln73_463 = sub i20 %sext_ln73_807, i20 %sext_ln73_808" [firmware/nnet_utils/nnet_mult.h:73->firmware/nnet_utils/nnet_dense_latency.h:42]   --->   Operation 189 'sub' 'sub_ln73_463' <Predicate = true> <Delay = 1.43> <CoreInst = "Adder">   --->   Core 1 'Adder' <Latency = 0> <II = 1> <Delay = 1.43> <FuncUnit> <Opcode : 'add' 'sub'> <InPorts = 2> <OutPorts = 1>
ST_1 : Operation 190 [1/1] (0.00ns)   --->   "%mult_795 = partselect i13 @_ssdm_op_PartSelect.i13.i20.i32.i32, i20 %sub_ln73_463, i32 7, i32 19" [firmware/nnet_utils/nnet_dense_latency.h:42]   --->   Operation 190 'partselect' 'mult_795' <Predicate = true> <Delay = 0.00>
ST_1 : Operation 191 [1/1] (3.57ns)   --->   "%mul_ln73_339 = mul i21 %sext_ln73_430, i21 2097141" [firmware/nnet_utils/nnet_mult.h:73->firmware/nnet_utils/nnet_dense_latency.h:42]   --->   Operation 191 'mul' 'mul_ln73_339' <Predicate = true> <Delay = 3.57> <CoreInst = "Multiplier">   --->   Core 3 'Multiplier' <Latency = 0> <II = 1> <Delay = 3.57> <FuncUnit> <Opcode : 'mul'> <InPorts = 2> <OutPorts = 1>
ST_1 : Operation 192 [1/1] (0.00ns)   --->   "%mult_797 = partselect i14 @_ssdm_op_PartSelect.i14.i21.i32.i32, i21 %mul_ln73_339, i32 7, i32 20" [firmware/nnet_utils/nnet_dense_latency.h:42]   --->   Operation 192 'partselect' 'mult_797' <Predicate = true> <Delay = 0.00>
ST_1 : Operation 193 [1/1] (0.00ns)   --->   "%a_170 = load i16 %void_compute_output_buffer_2d_array_const_ap_shift_reg_n_chan_stream_weig_12"   --->   Operation 193 'load' 'a_170' <Predicate = true> <Delay = 0.00>
ST_1 : Operation 194 [1/1] (0.00ns)   --->   "%sext_ln73_434 = sext i16 %a_170" [firmware/nnet_utils/nnet_mult.h:73->firmware/nnet_utils/nnet_dense_latency.h:42]   --->   Operation 194 'sext' 'sext_ln73_434' <Predicate = true> <Delay = 0.00>
ST_1 : Operation 195 [1/1] (0.00ns)   --->   "%sext_ln73_435 = sext i16 %a_170" [firmware/nnet_utils/nnet_mult.h:73->firmware/nnet_utils/nnet_dense_latency.h:42]   --->   Operation 195 'sext' 'sext_ln73_435' <Predicate = true> <Delay = 0.00>
ST_1 : Operation 196 [1/1] (3.57ns)   --->   "%mul_ln73_340 = mul i22 %sext_ln73_435, i22 4194275" [firmware/nnet_utils/nnet_mult.h:73->firmware/nnet_utils/nnet_dense_latency.h:42]   --->   Operation 196 'mul' 'mul_ln73_340' <Predicate = true> <Delay = 3.57> <CoreInst = "Multiplier">   --->   Core 3 'Multiplier' <Latency = 0> <II = 1> <Delay = 3.57> <FuncUnit> <Opcode : 'mul'> <InPorts = 2> <OutPorts = 1>
ST_1 : Operation 197 [1/1] (0.00ns)   --->   "%mult_798 = partselect i15 @_ssdm_op_PartSelect.i15.i22.i32.i32, i22 %mul_ln73_340, i32 7, i32 21" [firmware/nnet_utils/nnet_dense_latency.h:42]   --->   Operation 197 'partselect' 'mult_798' <Predicate = true> <Delay = 0.00>
ST_1 : Operation 198 [1/1] (0.00ns)   --->   "%tmp_516 = bitconcatenate i21 @_ssdm_op_BitConcatenate.i21.i16.i5, i16 %a_170, i5 0" [firmware/nnet_utils/nnet_mult.h:73->firmware/nnet_utils/nnet_dense_latency.h:42]   --->   Operation 198 'bitconcatenate' 'tmp_516' <Predicate = true> <Delay = 0.00>
ST_1 : Operation 199 [1/1] (0.00ns)   --->   "%sext_ln73_810 = sext i21 %tmp_516" [firmware/nnet_utils/nnet_mult.h:73->firmware/nnet_utils/nnet_dense_latency.h:42]   --->   Operation 199 'sext' 'sext_ln73_810' <Predicate = true> <Delay = 0.00>
ST_1 : Operation 200 [1/1] (0.00ns)   --->   "%tmp_517 = bitconcatenate i18 @_ssdm_op_BitConcatenate.i18.i16.i2, i16 %a_170, i2 0" [firmware/nnet_utils/nnet_mult.h:73->firmware/nnet_utils/nnet_dense_latency.h:42]   --->   Operation 200 'bitconcatenate' 'tmp_517' <Predicate = true> <Delay = 0.00>
ST_1 : Operation 201 [1/1] (0.00ns)   --->   "%sext_ln73_811 = sext i18 %tmp_517" [firmware/nnet_utils/nnet_mult.h:73->firmware/nnet_utils/nnet_dense_latency.h:42]   --->   Operation 201 'sext' 'sext_ln73_811' <Predicate = true> <Delay = 0.00>
ST_1 : Operation 202 [1/1] (1.43ns)   --->   "%sub_ln73_464 = sub i22 %sext_ln73_811, i22 %sext_ln73_810" [firmware/nnet_utils/nnet_mult.h:73->firmware/nnet_utils/nnet_dense_latency.h:42]   --->   Operation 202 'sub' 'sub_ln73_464' <Predicate = true> <Delay = 1.43> <CoreInst = "Adder">   --->   Core 1 'Adder' <Latency = 0> <II = 1> <Delay = 1.43> <FuncUnit> <Opcode : 'add' 'sub'> <InPorts = 2> <OutPorts = 1>
ST_1 : Operation 203 [1/1] (0.00ns)   --->   "%mult_799 = partselect i15 @_ssdm_op_PartSelect.i15.i22.i32.i32, i22 %sub_ln73_464, i32 7, i32 21" [firmware/nnet_utils/nnet_dense_latency.h:42]   --->   Operation 203 'partselect' 'mult_799' <Predicate = true> <Delay = 0.00>
ST_1 : Operation 204 [1/1] (0.00ns)   --->   "%sext_ln42_368 = sext i15 %mult_799" [firmware/nnet_utils/nnet_dense_latency.h:42]   --->   Operation 204 'sext' 'sext_ln42_368' <Predicate = true> <Delay = 0.00>
ST_1 : Operation 205 [1/1] (3.57ns)   --->   "%mul_ln73_341 = mul i23 %sext_ln73_434, i23 8388549" [firmware/nnet_utils/nnet_mult.h:73->firmware/nnet_utils/nnet_dense_latency.h:42]   --->   Operation 205 'mul' 'mul_ln73_341' <Predicate = true> <Delay = 3.57> <CoreInst = "Multiplier">   --->   Core 3 'Multiplier' <Latency = 0> <II = 1> <Delay = 3.57> <FuncUnit> <Opcode : 'mul'> <InPorts = 2> <OutPorts = 1>
ST_1 : Operation 206 [1/1] (0.00ns)   --->   "%mult_800 = partselect i16 @_ssdm_op_PartSelect.i16.i23.i32.i32, i23 %mul_ln73_341, i32 7, i32 22" [firmware/nnet_utils/nnet_dense_latency.h:42]   --->   Operation 206 'partselect' 'mult_800' <Predicate = true> <Delay = 0.00>
ST_1 : Operation 207 [1/1] (0.00ns)   --->   "%sext_ln73_812 = sext i21 %tmp_516" [firmware/nnet_utils/nnet_mult.h:73->firmware/nnet_utils/nnet_dense_latency.h:42]   --->   Operation 207 'sext' 'sext_ln73_812' <Predicate = true> <Delay = 0.00>
ST_1 : Operation 208 [1/1] (0.00ns) (grouped into TernaryAdder)   --->   "%sub_ln73_465 = sub i23 0, i23 %sext_ln73_812" [firmware/nnet_utils/nnet_mult.h:73->firmware/nnet_utils/nnet_dense_latency.h:42]   --->   Operation 208 'sub' 'sub_ln73_465' <Predicate = true> <Delay = 0.00> <CoreInst = "TAddSub">   --->   Core 10 'TAddSub' <Latency = 0> <II = 1> <Delay = 0.49> <IPBlock> <Opcode : 'add' 'sub'> <InPorts = 3> <OutPorts = 1> <Sync> <CReg>
ST_1 : Operation 209 [1/1] (1.03ns) (root node of TernaryAdder)   --->   "%sub_ln73_466 = sub i23 %sub_ln73_465, i23 %sext_ln73_434" [firmware/nnet_utils/nnet_mult.h:73->firmware/nnet_utils/nnet_dense_latency.h:42]   --->   Operation 209 'sub' 'sub_ln73_466' <Predicate = true> <Delay = 1.03> <CoreInst = "TAddSub">   --->   Core 10 'TAddSub' <Latency = 0> <II = 1> <Delay = 0.49> <IPBlock> <Opcode : 'add' 'sub'> <InPorts = 3> <OutPorts = 1> <Sync> <CReg>
ST_1 : Operation 210 [1/1] (0.00ns)   --->   "%mult_801 = partselect i16 @_ssdm_op_PartSelect.i16.i23.i32.i32, i23 %sub_ln73_466, i32 7, i32 22" [firmware/nnet_utils/nnet_dense_latency.h:42]   --->   Operation 210 'partselect' 'mult_801' <Predicate = true> <Delay = 0.00>
ST_1 : Operation 211 [1/1] (0.00ns)   --->   "%tmp_518 = bitconcatenate i20 @_ssdm_op_BitConcatenate.i20.i16.i4, i16 %a_170, i4 0" [firmware/nnet_utils/nnet_mult.h:73->firmware/nnet_utils/nnet_dense_latency.h:42]   --->   Operation 211 'bitconcatenate' 'tmp_518' <Predicate = true> <Delay = 0.00>
ST_1 : Operation 212 [1/1] (0.00ns)   --->   "%sext_ln73_813 = sext i20 %tmp_518" [firmware/nnet_utils/nnet_mult.h:73->firmware/nnet_utils/nnet_dense_latency.h:42]   --->   Operation 212 'sext' 'sext_ln73_813' <Predicate = true> <Delay = 0.00>
ST_1 : Operation 213 [1/1] (0.00ns)   --->   "%sext_ln73_814 = sext i18 %tmp_517" [firmware/nnet_utils/nnet_mult.h:73->firmware/nnet_utils/nnet_dense_latency.h:42]   --->   Operation 213 'sext' 'sext_ln73_814' <Predicate = true> <Delay = 0.00>
ST_1 : Operation 214 [1/1] (1.43ns)   --->   "%sub_ln73_467 = sub i21 %sext_ln73_813, i21 %sext_ln73_814" [firmware/nnet_utils/nnet_mult.h:73->firmware/nnet_utils/nnet_dense_latency.h:42]   --->   Operation 214 'sub' 'sub_ln73_467' <Predicate = true> <Delay = 1.43> <CoreInst = "Adder">   --->   Core 1 'Adder' <Latency = 0> <II = 1> <Delay = 1.43> <FuncUnit> <Opcode : 'add' 'sub'> <InPorts = 2> <OutPorts = 1>
ST_1 : Operation 215 [1/1] (0.00ns)   --->   "%mult_802 = partselect i14 @_ssdm_op_PartSelect.i14.i21.i32.i32, i21 %sub_ln73_467, i32 7, i32 20" [firmware/nnet_utils/nnet_dense_latency.h:42]   --->   Operation 215 'partselect' 'mult_802' <Predicate = true> <Delay = 0.00>
ST_1 : Operation 216 [1/1] (0.00ns)   --->   "%tmp_519 = bitconcatenate i17 @_ssdm_op_BitConcatenate.i17.i16.i1, i16 %a_170, i1 0" [firmware/nnet_utils/nnet_mult.h:73->firmware/nnet_utils/nnet_dense_latency.h:42]   --->   Operation 216 'bitconcatenate' 'tmp_519' <Predicate = true> <Delay = 0.00>
ST_1 : Operation 217 [1/1] (0.00ns)   --->   "%sext_ln73_815 = sext i17 %tmp_519" [firmware/nnet_utils/nnet_mult.h:73->firmware/nnet_utils/nnet_dense_latency.h:42]   --->   Operation 217 'sext' 'sext_ln73_815' <Predicate = true> <Delay = 0.00>
ST_1 : Operation 218 [1/1] (1.43ns)   --->   "%sub_ln73_468 = sub i21 %sext_ln73_813, i21 %sext_ln73_815" [firmware/nnet_utils/nnet_mult.h:73->firmware/nnet_utils/nnet_dense_latency.h:42]   --->   Operation 218 'sub' 'sub_ln73_468' <Predicate = true> <Delay = 1.43> <CoreInst = "Adder">   --->   Core 1 'Adder' <Latency = 0> <II = 1> <Delay = 1.43> <FuncUnit> <Opcode : 'add' 'sub'> <InPorts = 2> <OutPorts = 1>
ST_1 : Operation 219 [1/1] (0.00ns)   --->   "%mult_803 = partselect i14 @_ssdm_op_PartSelect.i14.i21.i32.i32, i21 %sub_ln73_468, i32 7, i32 20" [firmware/nnet_utils/nnet_dense_latency.h:42]   --->   Operation 219 'partselect' 'mult_803' <Predicate = true> <Delay = 0.00>
ST_1 : Operation 220 [1/1] (0.00ns)   --->   "%sext_ln17_366 = sext i14 %mult_803" [firmware/nnet_utils/nnet_dense_latency.h:17]   --->   Operation 220 'sext' 'sext_ln17_366' <Predicate = true> <Delay = 0.00>
ST_1 : Operation 221 [1/1] (0.00ns)   --->   "%sext_ln73_816 = sext i20 %tmp_518" [firmware/nnet_utils/nnet_mult.h:73->firmware/nnet_utils/nnet_dense_latency.h:42]   --->   Operation 221 'sext' 'sext_ln73_816' <Predicate = true> <Delay = 0.00>
ST_1 : Operation 222 [1/1] (0.00ns) (grouped into TernaryAdder)   --->   "%sub_ln73_469 = sub i22 0, i22 %sext_ln73_816" [firmware/nnet_utils/nnet_mult.h:73->firmware/nnet_utils/nnet_dense_latency.h:42]   --->   Operation 222 'sub' 'sub_ln73_469' <Predicate = true> <Delay = 0.00> <CoreInst = "TAddSub">   --->   Core 10 'TAddSub' <Latency = 0> <II = 1> <Delay = 0.49> <IPBlock> <Opcode : 'add' 'sub'> <InPorts = 3> <OutPorts = 1> <Sync> <CReg>
ST_1 : Operation 223 [1/1] (1.02ns) (root node of TernaryAdder)   --->   "%sub_ln73_470 = sub i22 %sub_ln73_469, i22 %sext_ln73_435" [firmware/nnet_utils/nnet_mult.h:73->firmware/nnet_utils/nnet_dense_latency.h:42]   --->   Operation 223 'sub' 'sub_ln73_470' <Predicate = true> <Delay = 1.02> <CoreInst = "TAddSub">   --->   Core 10 'TAddSub' <Latency = 0> <II = 1> <Delay = 0.49> <IPBlock> <Opcode : 'add' 'sub'> <InPorts = 3> <OutPorts = 1> <Sync> <CReg>
ST_1 : Operation 224 [1/1] (0.00ns)   --->   "%mult_804 = partselect i15 @_ssdm_op_PartSelect.i15.i22.i32.i32, i22 %sub_ln73_470, i32 7, i32 21" [firmware/nnet_utils/nnet_dense_latency.h:42]   --->   Operation 224 'partselect' 'mult_804' <Predicate = true> <Delay = 0.00>
ST_1 : Operation 225 [1/1] (0.00ns)   --->   "%sext_ln73_817 = sext i17 %tmp_519" [firmware/nnet_utils/nnet_mult.h:73->firmware/nnet_utils/nnet_dense_latency.h:42]   --->   Operation 225 'sext' 'sext_ln73_817' <Predicate = true> <Delay = 0.00>
ST_1 : Operation 226 [1/1] (1.42ns)   --->   "%sub_ln73_471 = sub i18 0, i18 %sext_ln73_817" [firmware/nnet_utils/nnet_mult.h:73->firmware/nnet_utils/nnet_dense_latency.h:42]   --->   Operation 226 'sub' 'sub_ln73_471' <Predicate = true> <Delay = 1.42> <CoreInst = "Adder">   --->   Core 1 'Adder' <Latency = 0> <II = 1> <Delay = 1.42> <FuncUnit> <Opcode : 'add' 'sub'> <InPorts = 2> <OutPorts = 1>
ST_1 : Operation 227 [1/1] (0.00ns)   --->   "%mult_805 = partselect i11 @_ssdm_op_PartSelect.i11.i18.i32.i32, i18 %sub_ln73_471, i32 7, i32 17" [firmware/nnet_utils/nnet_dense_latency.h:42]   --->   Operation 227 'partselect' 'mult_805' <Predicate = true> <Delay = 0.00>
ST_1 : Operation 228 [1/1] (0.00ns)   --->   "%sext_ln17_367 = sext i11 %mult_805" [firmware/nnet_utils/nnet_dense_latency.h:17]   --->   Operation 228 'sext' 'sext_ln17_367' <Predicate = true> <Delay = 0.00>
ST_1 : Operation 229 [1/1] (0.00ns)   --->   "%a_171 = load i16 %void_compute_output_buffer_2d_array_const_ap_shift_reg_n_chan_stream_weig_11"   --->   Operation 229 'load' 'a_171' <Predicate = true> <Delay = 0.00>
ST_1 : Operation 230 [1/1] (0.00ns)   --->   "%sext_ln73_436 = sext i16 %a_171" [firmware/nnet_utils/nnet_mult.h:73->firmware/nnet_utils/nnet_dense_latency.h:42]   --->   Operation 230 'sext' 'sext_ln73_436' <Predicate = true> <Delay = 0.00>
ST_1 : Operation 231 [1/1] (0.00ns)   --->   "%sext_ln73_437 = sext i16 %a_171" [firmware/nnet_utils/nnet_mult.h:73->firmware/nnet_utils/nnet_dense_latency.h:42]   --->   Operation 231 'sext' 'sext_ln73_437' <Predicate = true> <Delay = 0.00>
ST_1 : Operation 232 [1/1] (0.00ns)   --->   "%sext_ln73_438 = sext i16 %a_171" [firmware/nnet_utils/nnet_mult.h:73->firmware/nnet_utils/nnet_dense_latency.h:42]   --->   Operation 232 'sext' 'sext_ln73_438' <Predicate = true> <Delay = 0.00>
ST_1 : Operation 233 [1/1] (0.00ns)   --->   "%sext_ln73_439 = sext i16 %a_171" [firmware/nnet_utils/nnet_mult.h:73->firmware/nnet_utils/nnet_dense_latency.h:42]   --->   Operation 233 'sext' 'sext_ln73_439' <Predicate = true> <Delay = 0.00>
ST_1 : Operation 234 [1/1] (0.00ns)   --->   "%tmp_520 = bitconcatenate i19 @_ssdm_op_BitConcatenate.i19.i16.i3, i16 %a_171, i3 0" [firmware/nnet_utils/nnet_mult.h:73->firmware/nnet_utils/nnet_dense_latency.h:42]   --->   Operation 234 'bitconcatenate' 'tmp_520' <Predicate = true> <Delay = 0.00>
ST_1 : Operation 235 [1/1] (0.00ns)   --->   "%sext_ln73_818 = sext i19 %tmp_520" [firmware/nnet_utils/nnet_mult.h:73->firmware/nnet_utils/nnet_dense_latency.h:42]   --->   Operation 235 'sext' 'sext_ln73_818' <Predicate = true> <Delay = 0.00>
ST_1 : Operation 236 [1/1] (1.43ns)   --->   "%sub_ln73_472 = sub i20 0, i20 %sext_ln73_818" [firmware/nnet_utils/nnet_mult.h:73->firmware/nnet_utils/nnet_dense_latency.h:42]   --->   Operation 236 'sub' 'sub_ln73_472' <Predicate = true> <Delay = 1.43> <CoreInst = "Adder">   --->   Core 1 'Adder' <Latency = 0> <II = 1> <Delay = 1.43> <FuncUnit> <Opcode : 'add' 'sub'> <InPorts = 2> <OutPorts = 1>
ST_1 : Operation 237 [1/1] (0.00ns)   --->   "%mult_806 = partselect i13 @_ssdm_op_PartSelect.i13.i20.i32.i32, i20 %sub_ln73_472, i32 7, i32 19" [firmware/nnet_utils/nnet_dense_latency.h:42]   --->   Operation 237 'partselect' 'mult_806' <Predicate = true> <Delay = 0.00>
ST_1 : Operation 238 [1/1] (0.00ns)   --->   "%mult_807 = partselect i13 @_ssdm_op_PartSelect.i13.i16.i32.i32, i16 %a_171, i32 3, i32 15" [firmware/nnet_utils/nnet_dense_latency.h:42]   --->   Operation 238 'partselect' 'mult_807' <Predicate = true> <Delay = 0.00>
ST_1 : Operation 239 [1/1] (0.00ns)   --->   "%sext_ln17_369 = sext i13 %mult_807" [firmware/nnet_utils/nnet_dense_latency.h:17]   --->   Operation 239 'sext' 'sext_ln17_369' <Predicate = true> <Delay = 0.00>
ST_1 : Operation 240 [1/1] (3.57ns)   --->   "%mul_ln73_342 = mul i21 %sext_ln73_439, i21 13" [firmware/nnet_utils/nnet_mult.h:73->firmware/nnet_utils/nnet_dense_latency.h:42]   --->   Operation 240 'mul' 'mul_ln73_342' <Predicate = true> <Delay = 3.57> <CoreInst = "Multiplier">   --->   Core 3 'Multiplier' <Latency = 0> <II = 1> <Delay = 3.57> <FuncUnit> <Opcode : 'mul'> <InPorts = 2> <OutPorts = 1>
ST_1 : Operation 241 [1/1] (0.00ns)   --->   "%mult_808 = partselect i14 @_ssdm_op_PartSelect.i14.i21.i32.i32, i21 %mul_ln73_342, i32 7, i32 20" [firmware/nnet_utils/nnet_dense_latency.h:42]   --->   Operation 241 'partselect' 'mult_808' <Predicate = true> <Delay = 0.00>
ST_1 : Operation 242 [1/1] (3.57ns)   --->   "%mul_ln73_343 = mul i22 %sext_ln73_438, i22 23" [firmware/nnet_utils/nnet_mult.h:73->firmware/nnet_utils/nnet_dense_latency.h:42]   --->   Operation 242 'mul' 'mul_ln73_343' <Predicate = true> <Delay = 3.57> <CoreInst = "Multiplier">   --->   Core 3 'Multiplier' <Latency = 0> <II = 1> <Delay = 3.57> <FuncUnit> <Opcode : 'mul'> <InPorts = 2> <OutPorts = 1>
ST_1 : Operation 243 [1/1] (0.00ns)   --->   "%mult_809 = partselect i15 @_ssdm_op_PartSelect.i15.i22.i32.i32, i22 %mul_ln73_343, i32 7, i32 21" [firmware/nnet_utils/nnet_dense_latency.h:42]   --->   Operation 243 'partselect' 'mult_809' <Predicate = true> <Delay = 0.00>
ST_1 : Operation 244 [1/1] (0.00ns)   --->   "%tmp_521 = bitconcatenate i17 @_ssdm_op_BitConcatenate.i17.i16.i1, i16 %a_171, i1 0" [firmware/nnet_utils/nnet_mult.h:73->firmware/nnet_utils/nnet_dense_latency.h:42]   --->   Operation 244 'bitconcatenate' 'tmp_521' <Predicate = true> <Delay = 0.00>
ST_1 : Operation 245 [1/1] (0.00ns)   --->   "%sext_ln73_819 = sext i17 %tmp_521" [firmware/nnet_utils/nnet_mult.h:73->firmware/nnet_utils/nnet_dense_latency.h:42]   --->   Operation 245 'sext' 'sext_ln73_819' <Predicate = true> <Delay = 0.00>
ST_1 : Operation 246 [1/1] (1.43ns)   --->   "%sub_ln73_473 = sub i20 %sext_ln73_819, i20 %sext_ln73_818" [firmware/nnet_utils/nnet_mult.h:73->firmware/nnet_utils/nnet_dense_latency.h:42]   --->   Operation 246 'sub' 'sub_ln73_473' <Predicate = true> <Delay = 1.43> <CoreInst = "Adder">   --->   Core 1 'Adder' <Latency = 0> <II = 1> <Delay = 1.43> <FuncUnit> <Opcode : 'add' 'sub'> <InPorts = 2> <OutPorts = 1>
ST_1 : Operation 247 [1/1] (0.00ns)   --->   "%mult_810 = partselect i13 @_ssdm_op_PartSelect.i13.i20.i32.i32, i20 %sub_ln73_473, i32 7, i32 19" [firmware/nnet_utils/nnet_dense_latency.h:42]   --->   Operation 247 'partselect' 'mult_810' <Predicate = true> <Delay = 0.00>
ST_1 : Operation 248 [1/1] (0.00ns)   --->   "%sext_ln17_370 = sext i13 %mult_810" [firmware/nnet_utils/nnet_dense_latency.h:17]   --->   Operation 248 'sext' 'sext_ln17_370' <Predicate = true> <Delay = 0.00>
ST_1 : Operation 249 [1/1] (3.57ns)   --->   "%mul_ln73_344 = mul i23 %sext_ln73_437, i23 39" [firmware/nnet_utils/nnet_mult.h:73->firmware/nnet_utils/nnet_dense_latency.h:42]   --->   Operation 249 'mul' 'mul_ln73_344' <Predicate = true> <Delay = 3.57> <CoreInst = "Multiplier">   --->   Core 3 'Multiplier' <Latency = 0> <II = 1> <Delay = 3.57> <FuncUnit> <Opcode : 'mul'> <InPorts = 2> <OutPorts = 1>
ST_1 : Operation 250 [1/1] (0.00ns)   --->   "%mult_811 = partselect i16 @_ssdm_op_PartSelect.i16.i23.i32.i32, i23 %mul_ln73_344, i32 7, i32 22" [firmware/nnet_utils/nnet_dense_latency.h:42]   --->   Operation 250 'partselect' 'mult_811' <Predicate = true> <Delay = 0.00>
ST_1 : Operation 251 [1/1] (0.00ns)   --->   "%tmp_522 = bitconcatenate i20 @_ssdm_op_BitConcatenate.i20.i16.i4, i16 %a_171, i4 0" [firmware/nnet_utils/nnet_mult.h:73->firmware/nnet_utils/nnet_dense_latency.h:42]   --->   Operation 251 'bitconcatenate' 'tmp_522' <Predicate = true> <Delay = 0.00>
ST_1 : Operation 252 [1/1] (0.00ns)   --->   "%sext_ln73_820 = sext i20 %tmp_522" [firmware/nnet_utils/nnet_mult.h:73->firmware/nnet_utils/nnet_dense_latency.h:42]   --->   Operation 252 'sext' 'sext_ln73_820' <Predicate = true> <Delay = 0.00>
ST_1 : Operation 253 [1/1] (0.00ns)   --->   "%tmp_523 = bitconcatenate i18 @_ssdm_op_BitConcatenate.i18.i16.i2, i16 %a_171, i2 0" [firmware/nnet_utils/nnet_mult.h:73->firmware/nnet_utils/nnet_dense_latency.h:42]   --->   Operation 253 'bitconcatenate' 'tmp_523' <Predicate = true> <Delay = 0.00>
ST_1 : Operation 254 [1/1] (0.00ns)   --->   "%sext_ln73_821 = sext i18 %tmp_523" [firmware/nnet_utils/nnet_mult.h:73->firmware/nnet_utils/nnet_dense_latency.h:42]   --->   Operation 254 'sext' 'sext_ln73_821' <Predicate = true> <Delay = 0.00>
ST_1 : Operation 255 [1/1] (1.43ns)   --->   "%add_ln73_104 = add i22 %sext_ln73_820, i22 %sext_ln73_821" [firmware/nnet_utils/nnet_mult.h:73->firmware/nnet_utils/nnet_dense_latency.h:42]   --->   Operation 255 'add' 'add_ln73_104' <Predicate = true> <Delay = 1.43> <CoreInst = "Adder">   --->   Core 1 'Adder' <Latency = 0> <II = 1> <Delay = 1.43> <FuncUnit> <Opcode : 'add' 'sub'> <InPorts = 2> <OutPorts = 1>
ST_1 : Operation 256 [1/1] (0.00ns)   --->   "%mult_812 = partselect i15 @_ssdm_op_PartSelect.i15.i22.i32.i32, i22 %add_ln73_104, i32 7, i32 21" [firmware/nnet_utils/nnet_dense_latency.h:42]   --->   Operation 256 'partselect' 'mult_812' <Predicate = true> <Delay = 0.00>
ST_1 : Operation 257 [1/1] (0.00ns)   --->   "%sext_ln73_822 = sext i18 %tmp_523" [firmware/nnet_utils/nnet_mult.h:73->firmware/nnet_utils/nnet_dense_latency.h:42]   --->   Operation 257 'sext' 'sext_ln73_822' <Predicate = true> <Delay = 0.00>
ST_1 : Operation 258 [1/1] (1.42ns)   --->   "%sub_ln73_474 = sub i19 %sext_ln73_436, i19 %sext_ln73_822" [firmware/nnet_utils/nnet_mult.h:73->firmware/nnet_utils/nnet_dense_latency.h:42]   --->   Operation 258 'sub' 'sub_ln73_474' <Predicate = true> <Delay = 1.42> <CoreInst = "Adder">   --->   Core 1 'Adder' <Latency = 0> <II = 1> <Delay = 1.42> <FuncUnit> <Opcode : 'add' 'sub'> <InPorts = 2> <OutPorts = 1>
ST_1 : Operation 259 [1/1] (0.00ns)   --->   "%mult_813 = partselect i12 @_ssdm_op_PartSelect.i12.i19.i32.i32, i19 %sub_ln73_474, i32 7, i32 18" [firmware/nnet_utils/nnet_dense_latency.h:42]   --->   Operation 259 'partselect' 'mult_813' <Predicate = true> <Delay = 0.00>
ST_1 : Operation 260 [1/1] (0.00ns)   --->   "%sext_ln17_371 = sext i12 %mult_813" [firmware/nnet_utils/nnet_dense_latency.h:17]   --->   Operation 260 'sext' 'sext_ln17_371' <Predicate = true> <Delay = 0.00>
ST_1 : Operation 261 [1/1] (0.00ns)   --->   "%a_172 = load i16 %void_compute_output_buffer_2d_array_const_ap_shift_reg_n_chan_stream_weig_10"   --->   Operation 261 'load' 'a_172' <Predicate = true> <Delay = 0.00>
ST_1 : Operation 262 [1/1] (0.00ns)   --->   "%sext_ln73_442 = sext i16 %a_172" [firmware/nnet_utils/nnet_mult.h:73->firmware/nnet_utils/nnet_dense_latency.h:42]   --->   Operation 262 'sext' 'sext_ln73_442' <Predicate = true> <Delay = 0.00>
ST_1 : Operation 263 [1/1] (0.00ns)   --->   "%sext_ln73_443 = sext i16 %a_172" [firmware/nnet_utils/nnet_mult.h:73->firmware/nnet_utils/nnet_dense_latency.h:42]   --->   Operation 263 'sext' 'sext_ln73_443' <Predicate = true> <Delay = 0.00>
ST_1 : Operation 264 [1/1] (0.00ns)   --->   "%sext_ln73_444 = sext i16 %a_172" [firmware/nnet_utils/nnet_mult.h:73->firmware/nnet_utils/nnet_dense_latency.h:42]   --->   Operation 264 'sext' 'sext_ln73_444' <Predicate = true> <Delay = 0.00>
ST_1 : Operation 265 [1/1] (0.00ns)   --->   "%tmp_524 = bitconcatenate i20 @_ssdm_op_BitConcatenate.i20.i16.i4, i16 %a_172, i4 0" [firmware/nnet_utils/nnet_mult.h:73->firmware/nnet_utils/nnet_dense_latency.h:42]   --->   Operation 265 'bitconcatenate' 'tmp_524' <Predicate = true> <Delay = 0.00>
ST_1 : Operation 266 [1/1] (0.00ns)   --->   "%sext_ln73_823 = sext i20 %tmp_524" [firmware/nnet_utils/nnet_mult.h:73->firmware/nnet_utils/nnet_dense_latency.h:42]   --->   Operation 266 'sext' 'sext_ln73_823' <Predicate = true> <Delay = 0.00>
ST_1 : Operation 267 [1/1] (0.00ns) (grouped into TernaryAdder)   --->   "%sub_ln73_475 = sub i22 0, i22 %sext_ln73_823" [firmware/nnet_utils/nnet_mult.h:73->firmware/nnet_utils/nnet_dense_latency.h:42]   --->   Operation 267 'sub' 'sub_ln73_475' <Predicate = true> <Delay = 0.00> <CoreInst = "TAddSub">   --->   Core 10 'TAddSub' <Latency = 0> <II = 1> <Delay = 0.49> <IPBlock> <Opcode : 'add' 'sub'> <InPorts = 3> <OutPorts = 1> <Sync> <CReg>
ST_1 : Operation 268 [1/1] (1.02ns) (root node of TernaryAdder)   --->   "%sub_ln73_476 = sub i22 %sub_ln73_475, i22 %sext_ln73_444" [firmware/nnet_utils/nnet_mult.h:73->firmware/nnet_utils/nnet_dense_latency.h:42]   --->   Operation 268 'sub' 'sub_ln73_476' <Predicate = true> <Delay = 1.02> <CoreInst = "TAddSub">   --->   Core 10 'TAddSub' <Latency = 0> <II = 1> <Delay = 0.49> <IPBlock> <Opcode : 'add' 'sub'> <InPorts = 3> <OutPorts = 1> <Sync> <CReg>
ST_1 : Operation 269 [1/1] (0.00ns)   --->   "%mult_814 = partselect i15 @_ssdm_op_PartSelect.i15.i22.i32.i32, i22 %sub_ln73_476, i32 7, i32 21" [firmware/nnet_utils/nnet_dense_latency.h:42]   --->   Operation 269 'partselect' 'mult_814' <Predicate = true> <Delay = 0.00>
ST_1 : Operation 270 [1/1] (3.57ns)   --->   "%mul_ln73_345 = mul i22 %sext_ln73_444, i22 26" [firmware/nnet_utils/nnet_mult.h:73->firmware/nnet_utils/nnet_dense_latency.h:42]   --->   Operation 270 'mul' 'mul_ln73_345' <Predicate = true> <Delay = 3.57> <CoreInst = "Multiplier">   --->   Core 3 'Multiplier' <Latency = 0> <II = 1> <Delay = 3.57> <FuncUnit> <Opcode : 'mul'> <InPorts = 2> <OutPorts = 1>
ST_1 : Operation 271 [1/1] (0.00ns)   --->   "%mult_815 = partselect i15 @_ssdm_op_PartSelect.i15.i22.i32.i32, i22 %mul_ln73_345, i32 7, i32 21" [firmware/nnet_utils/nnet_dense_latency.h:42]   --->   Operation 271 'partselect' 'mult_815' <Predicate = true> <Delay = 0.00>
ST_1 : Operation 272 [1/1] (3.57ns)   --->   "%mul_ln73_346 = mul i22 %sext_ln73_444, i22 4194283" [firmware/nnet_utils/nnet_mult.h:73->firmware/nnet_utils/nnet_dense_latency.h:42]   --->   Operation 272 'mul' 'mul_ln73_346' <Predicate = true> <Delay = 3.57> <CoreInst = "Multiplier">   --->   Core 3 'Multiplier' <Latency = 0> <II = 1> <Delay = 3.57> <FuncUnit> <Opcode : 'mul'> <InPorts = 2> <OutPorts = 1>
ST_1 : Operation 273 [1/1] (0.00ns)   --->   "%mult_816 = partselect i15 @_ssdm_op_PartSelect.i15.i22.i32.i32, i22 %mul_ln73_346, i32 7, i32 21" [firmware/nnet_utils/nnet_dense_latency.h:42]   --->   Operation 273 'partselect' 'mult_816' <Predicate = true> <Delay = 0.00>
ST_1 : Operation 274 [1/1] (1.41ns)   --->   "%sub_ln73 = sub i17 0, i17 %sext_ln73_443" [firmware/nnet_utils/nnet_mult.h:73->firmware/nnet_utils/nnet_dense_latency.h:42]   --->   Operation 274 'sub' 'sub_ln73' <Predicate = true> <Delay = 1.41> <CoreInst = "Adder">   --->   Core 1 'Adder' <Latency = 0> <II = 1> <Delay = 1.41> <FuncUnit> <Opcode : 'add' 'sub'> <InPorts = 2> <OutPorts = 1>
ST_1 : Operation 275 [1/1] (0.00ns)   --->   "%mult_817 = partselect i10 @_ssdm_op_PartSelect.i10.i17.i32.i32, i17 %sub_ln73, i32 7, i32 16" [firmware/nnet_utils/nnet_dense_latency.h:42]   --->   Operation 275 'partselect' 'mult_817' <Predicate = true> <Delay = 0.00>
ST_1 : Operation 276 [1/1] (0.00ns)   --->   "%sext_ln17_372 = sext i10 %mult_817" [firmware/nnet_utils/nnet_dense_latency.h:17]   --->   Operation 276 'sext' 'sext_ln17_372' <Predicate = true> <Delay = 0.00>
ST_1 : Operation 277 [1/1] (0.00ns)   --->   "%tmp_525 = bitconcatenate i19 @_ssdm_op_BitConcatenate.i19.i16.i3, i16 %a_172, i3 0" [firmware/nnet_utils/nnet_mult.h:73->firmware/nnet_utils/nnet_dense_latency.h:42]   --->   Operation 277 'bitconcatenate' 'tmp_525' <Predicate = true> <Delay = 0.00>
ST_1 : Operation 278 [1/1] (0.00ns)   --->   "%sext_ln73_824 = sext i19 %tmp_525" [firmware/nnet_utils/nnet_mult.h:73->firmware/nnet_utils/nnet_dense_latency.h:42]   --->   Operation 278 'sext' 'sext_ln73_824' <Predicate = true> <Delay = 0.00>
ST_1 : Operation 279 [1/1] (0.00ns)   --->   "%tmp_526 = bitconcatenate i17 @_ssdm_op_BitConcatenate.i17.i16.i1, i16 %a_172, i1 0" [firmware/nnet_utils/nnet_mult.h:73->firmware/nnet_utils/nnet_dense_latency.h:42]   --->   Operation 279 'bitconcatenate' 'tmp_526' <Predicate = true> <Delay = 0.00>
ST_1 : Operation 280 [1/1] (0.00ns)   --->   "%sext_ln73_825 = sext i17 %tmp_526" [firmware/nnet_utils/nnet_mult.h:73->firmware/nnet_utils/nnet_dense_latency.h:42]   --->   Operation 280 'sext' 'sext_ln73_825' <Predicate = true> <Delay = 0.00>
ST_1 : Operation 281 [1/1] (1.43ns)   --->   "%sub_ln73_477 = sub i20 %sext_ln73_825, i20 %sext_ln73_824" [firmware/nnet_utils/nnet_mult.h:73->firmware/nnet_utils/nnet_dense_latency.h:42]   --->   Operation 281 'sub' 'sub_ln73_477' <Predicate = true> <Delay = 1.43> <CoreInst = "Adder">   --->   Core 1 'Adder' <Latency = 0> <II = 1> <Delay = 1.43> <FuncUnit> <Opcode : 'add' 'sub'> <InPorts = 2> <OutPorts = 1>
ST_1 : Operation 282 [1/1] (0.00ns)   --->   "%mult_818 = partselect i13 @_ssdm_op_PartSelect.i13.i20.i32.i32, i20 %sub_ln73_477, i32 7, i32 19" [firmware/nnet_utils/nnet_dense_latency.h:42]   --->   Operation 282 'partselect' 'mult_818' <Predicate = true> <Delay = 0.00>
ST_1 : Operation 283 [1/1] (0.00ns)   --->   "%tmp_527 = bitconcatenate i21 @_ssdm_op_BitConcatenate.i21.i16.i5, i16 %a_172, i5 0" [firmware/nnet_utils/nnet_mult.h:73->firmware/nnet_utils/nnet_dense_latency.h:42]   --->   Operation 283 'bitconcatenate' 'tmp_527' <Predicate = true> <Delay = 0.00>
ST_1 : Operation 284 [1/1] (0.00ns)   --->   "%sext_ln73_826 = sext i21 %tmp_527" [firmware/nnet_utils/nnet_mult.h:73->firmware/nnet_utils/nnet_dense_latency.h:42]   --->   Operation 284 'sext' 'sext_ln73_826' <Predicate = true> <Delay = 0.00>
ST_1 : Operation 285 [1/1] (0.00ns)   --->   "%tmp_528 = bitconcatenate i18 @_ssdm_op_BitConcatenate.i18.i16.i2, i16 %a_172, i2 0" [firmware/nnet_utils/nnet_mult.h:73->firmware/nnet_utils/nnet_dense_latency.h:42]   --->   Operation 285 'bitconcatenate' 'tmp_528' <Predicate = true> <Delay = 0.00>
ST_1 : Operation 286 [1/1] (0.00ns)   --->   "%sext_ln73_827 = sext i18 %tmp_528" [firmware/nnet_utils/nnet_mult.h:73->firmware/nnet_utils/nnet_dense_latency.h:42]   --->   Operation 286 'sext' 'sext_ln73_827' <Predicate = true> <Delay = 0.00>
ST_1 : Operation 287 [1/1] (1.43ns)   --->   "%add_ln73_105 = add i23 %sext_ln73_826, i23 %sext_ln73_827" [firmware/nnet_utils/nnet_mult.h:73->firmware/nnet_utils/nnet_dense_latency.h:42]   --->   Operation 287 'add' 'add_ln73_105' <Predicate = true> <Delay = 1.43> <CoreInst = "Adder">   --->   Core 1 'Adder' <Latency = 0> <II = 1> <Delay = 1.43> <FuncUnit> <Opcode : 'add' 'sub'> <InPorts = 2> <OutPorts = 1>
ST_1 : Operation 288 [1/1] (0.00ns)   --->   "%mult_819 = partselect i16 @_ssdm_op_PartSelect.i16.i23.i32.i32, i23 %add_ln73_105, i32 7, i32 22" [firmware/nnet_utils/nnet_dense_latency.h:42]   --->   Operation 288 'partselect' 'mult_819' <Predicate = true> <Delay = 0.00>
ST_1 : Operation 289 [1/1] (0.00ns)   --->   "%sext_ln73_828 = sext i18 %tmp_528" [firmware/nnet_utils/nnet_mult.h:73->firmware/nnet_utils/nnet_dense_latency.h:42]   --->   Operation 289 'sext' 'sext_ln73_828' <Predicate = true> <Delay = 0.00>
ST_1 : Operation 290 [1/1] (0.00ns) (grouped into TernaryAdder)   --->   "%sub_ln73_478 = sub i20 0, i20 %sext_ln73_828" [firmware/nnet_utils/nnet_mult.h:73->firmware/nnet_utils/nnet_dense_latency.h:42]   --->   Operation 290 'sub' 'sub_ln73_478' <Predicate = true> <Delay = 0.00> <CoreInst = "TAddSub">   --->   Core 10 'TAddSub' <Latency = 0> <II = 1> <Delay = 0.49> <IPBlock> <Opcode : 'add' 'sub'> <InPorts = 3> <OutPorts = 1> <Sync> <CReg>
ST_1 : Operation 291 [1/1] (1.01ns) (root node of TernaryAdder)   --->   "%sub_ln73_479 = sub i20 %sub_ln73_478, i20 %sext_ln73_442" [firmware/nnet_utils/nnet_mult.h:73->firmware/nnet_utils/nnet_dense_latency.h:42]   --->   Operation 291 'sub' 'sub_ln73_479' <Predicate = true> <Delay = 1.01> <CoreInst = "TAddSub">   --->   Core 10 'TAddSub' <Latency = 0> <II = 1> <Delay = 0.49> <IPBlock> <Opcode : 'add' 'sub'> <InPorts = 3> <OutPorts = 1> <Sync> <CReg>
ST_1 : Operation 292 [1/1] (0.00ns)   --->   "%mult_820 = partselect i13 @_ssdm_op_PartSelect.i13.i20.i32.i32, i20 %sub_ln73_479, i32 7, i32 19" [firmware/nnet_utils/nnet_dense_latency.h:42]   --->   Operation 292 'partselect' 'mult_820' <Predicate = true> <Delay = 0.00>
ST_1 : Operation 293 [1/1] (0.00ns)   --->   "%sext_ln17_374 = sext i13 %mult_820" [firmware/nnet_utils/nnet_dense_latency.h:17]   --->   Operation 293 'sext' 'sext_ln17_374' <Predicate = true> <Delay = 0.00>
ST_1 : Operation 294 [1/1] (0.00ns)   --->   "%a_173 = load i16 %p_ZZN4nnet24compute_output_buffer_2dINS_5arrayI8ap_fixedILi16ELi6EL9ap_q_mode5EL9_253"   --->   Operation 294 'load' 'a_173' <Predicate = true> <Delay = 0.00>
ST_1 : Operation 295 [1/1] (0.00ns)   --->   "%sext_ln73_445 = sext i16 %a_173" [firmware/nnet_utils/nnet_mult.h:73->firmware/nnet_utils/nnet_dense_latency.h:42]   --->   Operation 295 'sext' 'sext_ln73_445' <Predicate = true> <Delay = 0.00>
ST_1 : Operation 296 [1/1] (0.00ns)   --->   "%sext_ln73_447 = sext i16 %a_173" [firmware/nnet_utils/nnet_mult.h:73->firmware/nnet_utils/nnet_dense_latency.h:42]   --->   Operation 296 'sext' 'sext_ln73_447' <Predicate = true> <Delay = 0.00>
ST_1 : Operation 297 [1/1] (3.57ns)   --->   "%mul_ln73_347 = mul i22 %sext_ln73_447, i22 21" [firmware/nnet_utils/nnet_mult.h:73->firmware/nnet_utils/nnet_dense_latency.h:42]   --->   Operation 297 'mul' 'mul_ln73_347' <Predicate = true> <Delay = 3.57> <CoreInst = "Multiplier">   --->   Core 3 'Multiplier' <Latency = 0> <II = 1> <Delay = 3.57> <FuncUnit> <Opcode : 'mul'> <InPorts = 2> <OutPorts = 1>
ST_1 : Operation 298 [1/1] (0.00ns)   --->   "%mult_821 = partselect i15 @_ssdm_op_PartSelect.i15.i22.i32.i32, i22 %mul_ln73_347, i32 7, i32 21" [firmware/nnet_utils/nnet_dense_latency.h:42]   --->   Operation 298 'partselect' 'mult_821' <Predicate = true> <Delay = 0.00>
ST_1 : Operation 299 [1/1] (0.00ns)   --->   "%tmp_531 = bitconcatenate i20 @_ssdm_op_BitConcatenate.i20.i16.i4, i16 %a_173, i4 0" [firmware/nnet_utils/nnet_mult.h:73->firmware/nnet_utils/nnet_dense_latency.h:42]   --->   Operation 299 'bitconcatenate' 'tmp_531' <Predicate = true> <Delay = 0.00>
ST_1 : Operation 300 [1/1] (0.00ns)   --->   "%sext_ln73_831 = sext i20 %tmp_531" [firmware/nnet_utils/nnet_mult.h:73->firmware/nnet_utils/nnet_dense_latency.h:42]   --->   Operation 300 'sext' 'sext_ln73_831' <Predicate = true> <Delay = 0.00>
ST_1 : Operation 301 [1/1] (0.00ns)   --->   "%tmp_532 = bitconcatenate i17 @_ssdm_op_BitConcatenate.i17.i16.i1, i16 %a_173, i1 0" [firmware/nnet_utils/nnet_mult.h:73->firmware/nnet_utils/nnet_dense_latency.h:42]   --->   Operation 301 'bitconcatenate' 'tmp_532' <Predicate = true> <Delay = 0.00>
ST_1 : Operation 302 [1/1] (0.00ns)   --->   "%sext_ln73_832 = sext i17 %tmp_532" [firmware/nnet_utils/nnet_mult.h:73->firmware/nnet_utils/nnet_dense_latency.h:42]   --->   Operation 302 'sext' 'sext_ln73_832' <Predicate = true> <Delay = 0.00>
ST_1 : Operation 303 [1/1] (1.43ns)   --->   "%sub_ln73_480 = sub i21 %sext_ln73_832, i21 %sext_ln73_831" [firmware/nnet_utils/nnet_mult.h:73->firmware/nnet_utils/nnet_dense_latency.h:42]   --->   Operation 303 'sub' 'sub_ln73_480' <Predicate = true> <Delay = 1.43> <CoreInst = "Adder">   --->   Core 1 'Adder' <Latency = 0> <II = 1> <Delay = 1.43> <FuncUnit> <Opcode : 'add' 'sub'> <InPorts = 2> <OutPorts = 1>
ST_1 : Operation 304 [1/1] (0.00ns)   --->   "%mult_823 = partselect i14 @_ssdm_op_PartSelect.i14.i21.i32.i32, i21 %sub_ln73_480, i32 7, i32 20" [firmware/nnet_utils/nnet_dense_latency.h:42]   --->   Operation 304 'partselect' 'mult_823' <Predicate = true> <Delay = 0.00>
ST_1 : Operation 305 [1/1] (0.00ns)   --->   "%sext_ln17_375 = sext i14 %mult_823" [firmware/nnet_utils/nnet_dense_latency.h:17]   --->   Operation 305 'sext' 'sext_ln17_375' <Predicate = true> <Delay = 0.00>
ST_1 : Operation 306 [1/1] (0.00ns)   --->   "%tmp_533 = bitconcatenate i19 @_ssdm_op_BitConcatenate.i19.i16.i3, i16 %a_173, i3 0" [firmware/nnet_utils/nnet_mult.h:73->firmware/nnet_utils/nnet_dense_latency.h:42]   --->   Operation 306 'bitconcatenate' 'tmp_533' <Predicate = true> <Delay = 0.00>
ST_1 : Operation 307 [1/1] (0.00ns)   --->   "%sext_ln73_833 = sext i19 %tmp_533" [firmware/nnet_utils/nnet_mult.h:73->firmware/nnet_utils/nnet_dense_latency.h:42]   --->   Operation 307 'sext' 'sext_ln73_833' <Predicate = true> <Delay = 0.00>
ST_1 : Operation 308 [1/1] (1.43ns)   --->   "%add_ln73_107 = add i21 %sext_ln73_833, i21 %sext_ln73_832" [firmware/nnet_utils/nnet_mult.h:73->firmware/nnet_utils/nnet_dense_latency.h:42]   --->   Operation 308 'add' 'add_ln73_107' <Predicate = true> <Delay = 1.43> <CoreInst = "Adder">   --->   Core 1 'Adder' <Latency = 0> <II = 1> <Delay = 1.43> <FuncUnit> <Opcode : 'add' 'sub'> <InPorts = 2> <OutPorts = 1>
ST_1 : Operation 309 [1/1] (0.00ns)   --->   "%mult_824 = partselect i14 @_ssdm_op_PartSelect.i14.i21.i32.i32, i21 %add_ln73_107, i32 7, i32 20" [firmware/nnet_utils/nnet_dense_latency.h:42]   --->   Operation 309 'partselect' 'mult_824' <Predicate = true> <Delay = 0.00>
ST_1 : Operation 310 [1/1] (3.57ns)   --->   "%mul_ln73_348 = mul i21 %sext_ln73_445, i21 2097141" [firmware/nnet_utils/nnet_mult.h:73->firmware/nnet_utils/nnet_dense_latency.h:42]   --->   Operation 310 'mul' 'mul_ln73_348' <Predicate = true> <Delay = 3.57> <CoreInst = "Multiplier">   --->   Core 3 'Multiplier' <Latency = 0> <II = 1> <Delay = 3.57> <FuncUnit> <Opcode : 'mul'> <InPorts = 2> <OutPorts = 1>
ST_1 : Operation 311 [1/1] (0.00ns)   --->   "%mult_825 = partselect i14 @_ssdm_op_PartSelect.i14.i21.i32.i32, i21 %mul_ln73_348, i32 7, i32 20" [firmware/nnet_utils/nnet_dense_latency.h:42]   --->   Operation 311 'partselect' 'mult_825' <Predicate = true> <Delay = 0.00>
ST_1 : Operation 312 [1/1] (0.00ns) (grouped into TernaryAdder)   --->   "%sub_ln73_481 = sub i21 0, i21 %sext_ln73_833" [firmware/nnet_utils/nnet_mult.h:73->firmware/nnet_utils/nnet_dense_latency.h:42]   --->   Operation 312 'sub' 'sub_ln73_481' <Predicate = true> <Delay = 0.00> <CoreInst = "TAddSub">   --->   Core 10 'TAddSub' <Latency = 0> <II = 1> <Delay = 0.49> <IPBlock> <Opcode : 'add' 'sub'> <InPorts = 3> <OutPorts = 1> <Sync> <CReg>
ST_1 : Operation 313 [1/1] (1.02ns) (root node of TernaryAdder)   --->   "%sub_ln73_482 = sub i21 %sub_ln73_481, i21 %sext_ln73_445" [firmware/nnet_utils/nnet_mult.h:73->firmware/nnet_utils/nnet_dense_latency.h:42]   --->   Operation 313 'sub' 'sub_ln73_482' <Predicate = true> <Delay = 1.02> <CoreInst = "TAddSub">   --->   Core 10 'TAddSub' <Latency = 0> <II = 1> <Delay = 0.49> <IPBlock> <Opcode : 'add' 'sub'> <InPorts = 3> <OutPorts = 1> <Sync> <CReg>
ST_1 : Operation 314 [1/1] (0.00ns)   --->   "%mult_826 = partselect i14 @_ssdm_op_PartSelect.i14.i21.i32.i32, i21 %sub_ln73_482, i32 7, i32 20" [firmware/nnet_utils/nnet_dense_latency.h:42]   --->   Operation 314 'partselect' 'mult_826' <Predicate = true> <Delay = 0.00>
ST_1 : Operation 315 [1/1] (0.00ns)   --->   "%sext_ln17_377 = sext i14 %mult_826" [firmware/nnet_utils/nnet_dense_latency.h:17]   --->   Operation 315 'sext' 'sext_ln17_377' <Predicate = true> <Delay = 0.00>
ST_1 : Operation 316 [1/1] (0.00ns)   --->   "%mult_827 = partselect i10 @_ssdm_op_PartSelect.i10.i16.i32.i32, i16 %a_173, i32 6, i32 15" [firmware/nnet_utils/nnet_dense_latency.h:42]   --->   Operation 316 'partselect' 'mult_827' <Predicate = true> <Delay = 0.00>
ST_1 : Operation 317 [1/1] (0.00ns)   --->   "%sext_ln17_378 = sext i10 %mult_827" [firmware/nnet_utils/nnet_dense_latency.h:17]   --->   Operation 317 'sext' 'sext_ln17_378' <Predicate = true> <Delay = 0.00>
ST_1 : Operation 318 [1/1] (0.00ns)   --->   "%a_174 = load i16 %p_ZZN4nnet24compute_output_buffer_2dINS_5arrayI8ap_fixedILi16ELi6EL9ap_q_mode5EL9_254"   --->   Operation 318 'load' 'a_174' <Predicate = true> <Delay = 0.00>
ST_1 : Operation 319 [1/1] (0.00ns)   --->   "%sext_ln73_448 = sext i16 %a_174" [firmware/nnet_utils/nnet_mult.h:73->firmware/nnet_utils/nnet_dense_latency.h:42]   --->   Operation 319 'sext' 'sext_ln73_448' <Predicate = true> <Delay = 0.00>
ST_1 : Operation 320 [1/1] (0.00ns)   --->   "%sext_ln73_450 = sext i16 %a_174" [firmware/nnet_utils/nnet_mult.h:73->firmware/nnet_utils/nnet_dense_latency.h:42]   --->   Operation 320 'sext' 'sext_ln73_450' <Predicate = true> <Delay = 0.00>
ST_1 : Operation 321 [1/1] (3.57ns)   --->   "%mul_ln73_349 = mul i22 %sext_ln73_450, i22 19" [firmware/nnet_utils/nnet_mult.h:73->firmware/nnet_utils/nnet_dense_latency.h:42]   --->   Operation 321 'mul' 'mul_ln73_349' <Predicate = true> <Delay = 3.57> <CoreInst = "Multiplier">   --->   Core 3 'Multiplier' <Latency = 0> <II = 1> <Delay = 3.57> <FuncUnit> <Opcode : 'mul'> <InPorts = 2> <OutPorts = 1>
ST_1 : Operation 322 [1/1] (0.00ns)   --->   "%mult_828 = partselect i15 @_ssdm_op_PartSelect.i15.i22.i32.i32, i22 %mul_ln73_349, i32 7, i32 21" [firmware/nnet_utils/nnet_dense_latency.h:42]   --->   Operation 322 'partselect' 'mult_828' <Predicate = true> <Delay = 0.00>
ST_1 : Operation 323 [1/1] (0.00ns)   --->   "%tmp_534 = bitconcatenate i21 @_ssdm_op_BitConcatenate.i21.i16.i5, i16 %a_174, i5 0" [firmware/nnet_utils/nnet_mult.h:73->firmware/nnet_utils/nnet_dense_latency.h:42]   --->   Operation 323 'bitconcatenate' 'tmp_534' <Predicate = true> <Delay = 0.00>
ST_1 : Operation 324 [1/1] (0.00ns)   --->   "%sext_ln73_834 = sext i21 %tmp_534" [firmware/nnet_utils/nnet_mult.h:73->firmware/nnet_utils/nnet_dense_latency.h:42]   --->   Operation 324 'sext' 'sext_ln73_834' <Predicate = true> <Delay = 0.00>
ST_1 : Operation 325 [1/1] (0.00ns)   --->   "%tmp_535 = bitconcatenate i19 @_ssdm_op_BitConcatenate.i19.i16.i3, i16 %a_174, i3 0" [firmware/nnet_utils/nnet_mult.h:73->firmware/nnet_utils/nnet_dense_latency.h:42]   --->   Operation 325 'bitconcatenate' 'tmp_535' <Predicate = true> <Delay = 0.00>
ST_1 : Operation 326 [1/1] (0.00ns)   --->   "%sext_ln73_835 = sext i19 %tmp_535" [firmware/nnet_utils/nnet_mult.h:73->firmware/nnet_utils/nnet_dense_latency.h:42]   --->   Operation 326 'sext' 'sext_ln73_835' <Predicate = true> <Delay = 0.00>
ST_1 : Operation 327 [1/1] (1.43ns)   --->   "%sub_ln73_483 = sub i22 %sext_ln73_834, i22 %sext_ln73_835" [firmware/nnet_utils/nnet_mult.h:73->firmware/nnet_utils/nnet_dense_latency.h:42]   --->   Operation 327 'sub' 'sub_ln73_483' <Predicate = true> <Delay = 1.43> <CoreInst = "Adder">   --->   Core 1 'Adder' <Latency = 0> <II = 1> <Delay = 1.43> <FuncUnit> <Opcode : 'add' 'sub'> <InPorts = 2> <OutPorts = 1>
ST_1 : Operation 328 [1/1] (0.00ns)   --->   "%mult_829 = partselect i15 @_ssdm_op_PartSelect.i15.i22.i32.i32, i22 %sub_ln73_483, i32 7, i32 21" [firmware/nnet_utils/nnet_dense_latency.h:42]   --->   Operation 328 'partselect' 'mult_829' <Predicate = true> <Delay = 0.00>
ST_1 : Operation 329 [1/1] (0.00ns)   --->   "%tmp_536 = bitconcatenate i20 @_ssdm_op_BitConcatenate.i20.i16.i4, i16 %a_174, i4 0" [firmware/nnet_utils/nnet_mult.h:73->firmware/nnet_utils/nnet_dense_latency.h:42]   --->   Operation 329 'bitconcatenate' 'tmp_536' <Predicate = true> <Delay = 0.00>
ST_1 : Operation 330 [1/1] (0.00ns)   --->   "%sext_ln73_836 = sext i20 %tmp_536" [firmware/nnet_utils/nnet_mult.h:73->firmware/nnet_utils/nnet_dense_latency.h:42]   --->   Operation 330 'sext' 'sext_ln73_836' <Predicate = true> <Delay = 0.00>
ST_1 : Operation 331 [1/1] (1.43ns)   --->   "%sub_ln73_484 = sub i21 0, i21 %sext_ln73_836" [firmware/nnet_utils/nnet_mult.h:73->firmware/nnet_utils/nnet_dense_latency.h:42]   --->   Operation 331 'sub' 'sub_ln73_484' <Predicate = true> <Delay = 1.43> <CoreInst = "Adder">   --->   Core 1 'Adder' <Latency = 0> <II = 1> <Delay = 1.43> <FuncUnit> <Opcode : 'add' 'sub'> <InPorts = 2> <OutPorts = 1>
ST_1 : Operation 332 [1/1] (0.00ns)   --->   "%mult_830 = partselect i14 @_ssdm_op_PartSelect.i14.i21.i32.i32, i21 %sub_ln73_484, i32 7, i32 20" [firmware/nnet_utils/nnet_dense_latency.h:42]   --->   Operation 332 'partselect' 'mult_830' <Predicate = true> <Delay = 0.00>
ST_1 : Operation 333 [1/1] (0.00ns)   --->   "%sext_ln17_379 = sext i14 %mult_830" [firmware/nnet_utils/nnet_dense_latency.h:17]   --->   Operation 333 'sext' 'sext_ln17_379' <Predicate = true> <Delay = 0.00>
ST_1 : Operation 334 [1/1] (0.00ns)   --->   "%sext_ln73_837 = sext i20 %tmp_536" [firmware/nnet_utils/nnet_mult.h:73->firmware/nnet_utils/nnet_dense_latency.h:42]   --->   Operation 334 'sext' 'sext_ln73_837' <Predicate = true> <Delay = 0.00>
ST_1 : Operation 335 [1/1] (0.00ns)   --->   "%tmp_537 = bitconcatenate i18 @_ssdm_op_BitConcatenate.i18.i16.i2, i16 %a_174, i2 0" [firmware/nnet_utils/nnet_mult.h:73->firmware/nnet_utils/nnet_dense_latency.h:42]   --->   Operation 335 'bitconcatenate' 'tmp_537' <Predicate = true> <Delay = 0.00>
ST_1 : Operation 336 [1/1] (0.00ns)   --->   "%sext_ln73_838 = sext i18 %tmp_537" [firmware/nnet_utils/nnet_mult.h:73->firmware/nnet_utils/nnet_dense_latency.h:42]   --->   Operation 336 'sext' 'sext_ln73_838' <Predicate = true> <Delay = 0.00>
ST_1 : Operation 337 [1/1] (1.43ns)   --->   "%add_ln73_108 = add i22 %sext_ln73_837, i22 %sext_ln73_838" [firmware/nnet_utils/nnet_mult.h:73->firmware/nnet_utils/nnet_dense_latency.h:42]   --->   Operation 337 'add' 'add_ln73_108' <Predicate = true> <Delay = 1.43> <CoreInst = "Adder">   --->   Core 1 'Adder' <Latency = 0> <II = 1> <Delay = 1.43> <FuncUnit> <Opcode : 'add' 'sub'> <InPorts = 2> <OutPorts = 1>
ST_1 : Operation 338 [1/1] (0.00ns)   --->   "%mult_831 = partselect i15 @_ssdm_op_PartSelect.i15.i22.i32.i32, i22 %add_ln73_108, i32 7, i32 21" [firmware/nnet_utils/nnet_dense_latency.h:42]   --->   Operation 338 'partselect' 'mult_831' <Predicate = true> <Delay = 0.00>
ST_1 : Operation 339 [1/1] (0.00ns)   --->   "%sext_ln42_381 = sext i15 %mult_831" [firmware/nnet_utils/nnet_dense_latency.h:42]   --->   Operation 339 'sext' 'sext_ln42_381' <Predicate = true> <Delay = 0.00>
ST_1 : Operation 340 [1/1] (1.43ns)   --->   "%sub_ln73_485 = sub i22 %sext_ln73_834, i22 %sext_ln73_450" [firmware/nnet_utils/nnet_mult.h:73->firmware/nnet_utils/nnet_dense_latency.h:42]   --->   Operation 340 'sub' 'sub_ln73_485' <Predicate = true> <Delay = 1.43> <CoreInst = "Adder">   --->   Core 1 'Adder' <Latency = 0> <II = 1> <Delay = 1.43> <FuncUnit> <Opcode : 'add' 'sub'> <InPorts = 2> <OutPorts = 1>
ST_1 : Operation 341 [1/1] (0.00ns)   --->   "%mult_832 = partselect i15 @_ssdm_op_PartSelect.i15.i22.i32.i32, i22 %sub_ln73_485, i32 7, i32 21" [firmware/nnet_utils/nnet_dense_latency.h:42]   --->   Operation 341 'partselect' 'mult_832' <Predicate = true> <Delay = 0.00>
ST_1 : Operation 342 [1/1] (0.00ns)   --->   "%sext_ln73_839 = sext i21 %tmp_534" [firmware/nnet_utils/nnet_mult.h:73->firmware/nnet_utils/nnet_dense_latency.h:42]   --->   Operation 342 'sext' 'sext_ln73_839' <Predicate = true> <Delay = 0.00>
ST_1 : Operation 343 [1/1] (0.00ns) (grouped into TernaryAdder)   --->   "%sub_ln73_486 = sub i23 0, i23 %sext_ln73_839" [firmware/nnet_utils/nnet_mult.h:73->firmware/nnet_utils/nnet_dense_latency.h:42]   --->   Operation 343 'sub' 'sub_ln73_486' <Predicate = true> <Delay = 0.00> <CoreInst = "TAddSub">   --->   Core 10 'TAddSub' <Latency = 0> <II = 1> <Delay = 0.49> <IPBlock> <Opcode : 'add' 'sub'> <InPorts = 3> <OutPorts = 1> <Sync> <CReg>
ST_1 : Operation 344 [1/1] (1.03ns) (root node of TernaryAdder)   --->   "%sub_ln73_487 = sub i23 %sub_ln73_486, i23 %sext_ln73_448" [firmware/nnet_utils/nnet_mult.h:73->firmware/nnet_utils/nnet_dense_latency.h:42]   --->   Operation 344 'sub' 'sub_ln73_487' <Predicate = true> <Delay = 1.03> <CoreInst = "TAddSub">   --->   Core 10 'TAddSub' <Latency = 0> <II = 1> <Delay = 0.49> <IPBlock> <Opcode : 'add' 'sub'> <InPorts = 3> <OutPorts = 1> <Sync> <CReg>
ST_1 : Operation 345 [1/1] (0.00ns)   --->   "%mult_833 = partselect i16 @_ssdm_op_PartSelect.i16.i23.i32.i32, i23 %sub_ln73_487, i32 7, i32 22" [firmware/nnet_utils/nnet_dense_latency.h:42]   --->   Operation 345 'partselect' 'mult_833' <Predicate = true> <Delay = 0.00>
ST_1 : Operation 346 [1/1] (0.00ns)   --->   "%mult_834 = partselect i10 @_ssdm_op_PartSelect.i10.i16.i32.i32, i16 %a_174, i32 6, i32 15" [firmware/nnet_utils/nnet_dense_latency.h:42]   --->   Operation 346 'partselect' 'mult_834' <Predicate = true> <Delay = 0.00>
ST_1 : Operation 347 [1/1] (0.00ns)   --->   "%sext_ln17_380 = sext i10 %mult_834" [firmware/nnet_utils/nnet_dense_latency.h:17]   --->   Operation 347 'sext' 'sext_ln17_380' <Predicate = true> <Delay = 0.00>
ST_1 : Operation 348 [1/1] (0.00ns)   --->   "%a_175 = load i16 %p_ZZN4nnet24compute_output_buffer_2dINS_5arrayI8ap_fixedILi16ELi6EL9ap_q_mode5EL9_255"   --->   Operation 348 'load' 'a_175' <Predicate = true> <Delay = 0.00>
ST_1 : Operation 349 [1/1] (0.00ns)   --->   "%sext_ln73_452 = sext i16 %a_175" [firmware/nnet_utils/nnet_mult.h:73->firmware/nnet_utils/nnet_dense_latency.h:42]   --->   Operation 349 'sext' 'sext_ln73_452' <Predicate = true> <Delay = 0.00>
ST_1 : Operation 350 [1/1] (0.00ns)   --->   "%sext_ln73_453 = sext i16 %a_175" [firmware/nnet_utils/nnet_mult.h:73->firmware/nnet_utils/nnet_dense_latency.h:42]   --->   Operation 350 'sext' 'sext_ln73_453' <Predicate = true> <Delay = 0.00>
ST_1 : Operation 351 [1/1] (0.00ns)   --->   "%sext_ln73_455 = sext i16 %a_175" [firmware/nnet_utils/nnet_mult.h:73->firmware/nnet_utils/nnet_dense_latency.h:42]   --->   Operation 351 'sext' 'sext_ln73_455' <Predicate = true> <Delay = 0.00>
ST_1 : Operation 352 [1/1] (3.57ns)   --->   "%mul_ln73_350 = mul i22 %sext_ln73_455, i22 19" [firmware/nnet_utils/nnet_mult.h:73->firmware/nnet_utils/nnet_dense_latency.h:42]   --->   Operation 352 'mul' 'mul_ln73_350' <Predicate = true> <Delay = 3.57> <CoreInst = "Multiplier">   --->   Core 3 'Multiplier' <Latency = 0> <II = 1> <Delay = 3.57> <FuncUnit> <Opcode : 'mul'> <InPorts = 2> <OutPorts = 1>
ST_1 : Operation 353 [1/1] (0.00ns)   --->   "%mult_835 = partselect i15 @_ssdm_op_PartSelect.i15.i22.i32.i32, i22 %mul_ln73_350, i32 7, i32 21" [firmware/nnet_utils/nnet_dense_latency.h:42]   --->   Operation 353 'partselect' 'mult_835' <Predicate = true> <Delay = 0.00>
ST_1 : Operation 354 [1/1] (0.00ns)   --->   "%tmp_538 = bitconcatenate i17 @_ssdm_op_BitConcatenate.i17.i16.i1, i16 %a_175, i1 0" [firmware/nnet_utils/nnet_mult.h:73->firmware/nnet_utils/nnet_dense_latency.h:42]   --->   Operation 354 'bitconcatenate' 'tmp_538' <Predicate = true> <Delay = 0.00>
ST_1 : Operation 355 [1/1] (0.00ns)   --->   "%sext_ln73_840 = sext i17 %tmp_538" [firmware/nnet_utils/nnet_mult.h:73->firmware/nnet_utils/nnet_dense_latency.h:42]   --->   Operation 355 'sext' 'sext_ln73_840' <Predicate = true> <Delay = 0.00>
ST_1 : Operation 356 [1/1] (1.42ns)   --->   "%sub_ln73_488 = sub i18 0, i18 %sext_ln73_840" [firmware/nnet_utils/nnet_mult.h:73->firmware/nnet_utils/nnet_dense_latency.h:42]   --->   Operation 356 'sub' 'sub_ln73_488' <Predicate = true> <Delay = 1.42> <CoreInst = "Adder">   --->   Core 1 'Adder' <Latency = 0> <II = 1> <Delay = 1.42> <FuncUnit> <Opcode : 'add' 'sub'> <InPorts = 2> <OutPorts = 1>
ST_1 : Operation 357 [1/1] (0.00ns)   --->   "%mult_836 = partselect i11 @_ssdm_op_PartSelect.i11.i18.i32.i32, i18 %sub_ln73_488, i32 7, i32 17" [firmware/nnet_utils/nnet_dense_latency.h:42]   --->   Operation 357 'partselect' 'mult_836' <Predicate = true> <Delay = 0.00>
ST_1 : Operation 358 [1/1] (0.00ns)   --->   "%sext_ln17_381 = sext i11 %mult_836" [firmware/nnet_utils/nnet_dense_latency.h:17]   --->   Operation 358 'sext' 'sext_ln17_381' <Predicate = true> <Delay = 0.00>
ST_1 : Operation 359 [1/1] (0.00ns)   --->   "%sext_ln17_382 = sext i11 %mult_836" [firmware/nnet_utils/nnet_dense_latency.h:17]   --->   Operation 359 'sext' 'sext_ln17_382' <Predicate = true> <Delay = 0.00>
ST_1 : Operation 360 [1/1] (3.57ns)   --->   "%mul_ln73_351 = mul i23 %sext_ln73_453, i23 8388570" [firmware/nnet_utils/nnet_mult.h:73->firmware/nnet_utils/nnet_dense_latency.h:42]   --->   Operation 360 'mul' 'mul_ln73_351' <Predicate = true> <Delay = 3.57> <CoreInst = "Multiplier">   --->   Core 3 'Multiplier' <Latency = 0> <II = 1> <Delay = 3.57> <FuncUnit> <Opcode : 'mul'> <InPorts = 2> <OutPorts = 1>
ST_1 : Operation 361 [1/1] (0.00ns)   --->   "%mult_837 = partselect i16 @_ssdm_op_PartSelect.i16.i23.i32.i32, i23 %mul_ln73_351, i32 7, i32 22" [firmware/nnet_utils/nnet_dense_latency.h:42]   --->   Operation 361 'partselect' 'mult_837' <Predicate = true> <Delay = 0.00>
ST_1 : Operation 362 [1/1] (0.00ns)   --->   "%tmp_539 = bitconcatenate i19 @_ssdm_op_BitConcatenate.i19.i16.i3, i16 %a_175, i3 0" [firmware/nnet_utils/nnet_mult.h:73->firmware/nnet_utils/nnet_dense_latency.h:42]   --->   Operation 362 'bitconcatenate' 'tmp_539' <Predicate = true> <Delay = 0.00>
ST_1 : Operation 363 [1/1] (0.00ns)   --->   "%sext_ln73_841 = sext i19 %tmp_539" [firmware/nnet_utils/nnet_mult.h:73->firmware/nnet_utils/nnet_dense_latency.h:42]   --->   Operation 363 'sext' 'sext_ln73_841' <Predicate = true> <Delay = 0.00>
ST_1 : Operation 364 [1/1] (0.00ns) (grouped into TernaryAdder)   --->   "%sub_ln73_489 = sub i21 0, i21 %sext_ln73_841" [firmware/nnet_utils/nnet_mult.h:73->firmware/nnet_utils/nnet_dense_latency.h:42]   --->   Operation 364 'sub' 'sub_ln73_489' <Predicate = true> <Delay = 0.00> <CoreInst = "TAddSub">   --->   Core 10 'TAddSub' <Latency = 0> <II = 1> <Delay = 0.49> <IPBlock> <Opcode : 'add' 'sub'> <InPorts = 3> <OutPorts = 1> <Sync> <CReg>
ST_1 : Operation 365 [1/1] (1.02ns) (root node of TernaryAdder)   --->   "%sub_ln73_490 = sub i21 %sub_ln73_489, i21 %sext_ln73_452" [firmware/nnet_utils/nnet_mult.h:73->firmware/nnet_utils/nnet_dense_latency.h:42]   --->   Operation 365 'sub' 'sub_ln73_490' <Predicate = true> <Delay = 1.02> <CoreInst = "TAddSub">   --->   Core 10 'TAddSub' <Latency = 0> <II = 1> <Delay = 0.49> <IPBlock> <Opcode : 'add' 'sub'> <InPorts = 3> <OutPorts = 1> <Sync> <CReg>
ST_1 : Operation 366 [1/1] (0.00ns)   --->   "%mult_838 = partselect i14 @_ssdm_op_PartSelect.i14.i21.i32.i32, i21 %sub_ln73_490, i32 7, i32 20" [firmware/nnet_utils/nnet_dense_latency.h:42]   --->   Operation 366 'partselect' 'mult_838' <Predicate = true> <Delay = 0.00>
ST_1 : Operation 367 [1/1] (0.00ns)   --->   "%mult_839 = partselect i10 @_ssdm_op_PartSelect.i10.i16.i32.i32, i16 %a_175, i32 6, i32 15" [firmware/nnet_utils/nnet_dense_latency.h:42]   --->   Operation 367 'partselect' 'mult_839' <Predicate = true> <Delay = 0.00>
ST_1 : Operation 368 [1/1] (0.00ns)   --->   "%sext_ln17_384 = sext i10 %mult_839" [firmware/nnet_utils/nnet_dense_latency.h:17]   --->   Operation 368 'sext' 'sext_ln17_384' <Predicate = true> <Delay = 0.00>
ST_1 : Operation 369 [1/1] (0.00ns)   --->   "%tmp_540 = bitconcatenate i18 @_ssdm_op_BitConcatenate.i18.i16.i2, i16 %a_175, i2 0" [firmware/nnet_utils/nnet_mult.h:73->firmware/nnet_utils/nnet_dense_latency.h:42]   --->   Operation 369 'bitconcatenate' 'tmp_540' <Predicate = true> <Delay = 0.00>
ST_1 : Operation 370 [1/1] (0.00ns)   --->   "%sext_ln73_842 = sext i18 %tmp_540" [firmware/nnet_utils/nnet_mult.h:73->firmware/nnet_utils/nnet_dense_latency.h:42]   --->   Operation 370 'sext' 'sext_ln73_842' <Predicate = true> <Delay = 0.00>
ST_1 : Operation 371 [1/1] (1.42ns)   --->   "%sub_ln73_491 = sub i19 0, i19 %sext_ln73_842" [firmware/nnet_utils/nnet_mult.h:73->firmware/nnet_utils/nnet_dense_latency.h:42]   --->   Operation 371 'sub' 'sub_ln73_491' <Predicate = true> <Delay = 1.42> <CoreInst = "Adder">   --->   Core 1 'Adder' <Latency = 0> <II = 1> <Delay = 1.42> <FuncUnit> <Opcode : 'add' 'sub'> <InPorts = 2> <OutPorts = 1>
ST_1 : Operation 372 [1/1] (0.00ns)   --->   "%mult_840 = partselect i12 @_ssdm_op_PartSelect.i12.i19.i32.i32, i19 %sub_ln73_491, i32 7, i32 18" [firmware/nnet_utils/nnet_dense_latency.h:42]   --->   Operation 372 'partselect' 'mult_840' <Predicate = true> <Delay = 0.00>
ST_1 : Operation 373 [1/1] (0.00ns)   --->   "%sext_ln17_385 = sext i12 %mult_840" [firmware/nnet_utils/nnet_dense_latency.h:17]   --->   Operation 373 'sext' 'sext_ln17_385' <Predicate = true> <Delay = 0.00>
ST_1 : Operation 374 [1/1] (3.57ns)   --->   "%mul_ln73_352 = mul i23 %sext_ln73_453, i23 43" [firmware/nnet_utils/nnet_mult.h:73->firmware/nnet_utils/nnet_dense_latency.h:42]   --->   Operation 374 'mul' 'mul_ln73_352' <Predicate = true> <Delay = 3.57> <CoreInst = "Multiplier">   --->   Core 3 'Multiplier' <Latency = 0> <II = 1> <Delay = 3.57> <FuncUnit> <Opcode : 'mul'> <InPorts = 2> <OutPorts = 1>
ST_1 : Operation 375 [1/1] (0.00ns)   --->   "%mult_841 = partselect i16 @_ssdm_op_PartSelect.i16.i23.i32.i32, i23 %mul_ln73_352, i32 7, i32 22" [firmware/nnet_utils/nnet_dense_latency.h:42]   --->   Operation 375 'partselect' 'mult_841' <Predicate = true> <Delay = 0.00>
ST_1 : Operation 376 [1/1] (0.00ns)   --->   "%a_176 = load i16 %p_ZZN4nnet24compute_output_buffer_2dINS_5arrayI8ap_fixedILi16ELi6EL9ap_q_mode5EL9_256"   --->   Operation 376 'load' 'a_176' <Predicate = true> <Delay = 0.00>
ST_1 : Operation 377 [1/1] (0.00ns)   --->   "%sext_ln73_456 = sext i16 %a_176" [firmware/nnet_utils/nnet_mult.h:73->firmware/nnet_utils/nnet_dense_latency.h:42]   --->   Operation 377 'sext' 'sext_ln73_456' <Predicate = true> <Delay = 0.00>
ST_1 : Operation 378 [1/1] (0.00ns)   --->   "%sext_ln73_457 = sext i16 %a_176" [firmware/nnet_utils/nnet_mult.h:73->firmware/nnet_utils/nnet_dense_latency.h:42]   --->   Operation 378 'sext' 'sext_ln73_457' <Predicate = true> <Delay = 0.00>
ST_1 : Operation 379 [1/1] (0.00ns)   --->   "%sext_ln73_458 = sext i16 %a_176" [firmware/nnet_utils/nnet_mult.h:73->firmware/nnet_utils/nnet_dense_latency.h:42]   --->   Operation 379 'sext' 'sext_ln73_458' <Predicate = true> <Delay = 0.00>
ST_1 : Operation 380 [1/1] (0.00ns)   --->   "%sext_ln73_459 = sext i16 %a_176" [firmware/nnet_utils/nnet_mult.h:73->firmware/nnet_utils/nnet_dense_latency.h:42]   --->   Operation 380 'sext' 'sext_ln73_459' <Predicate = true> <Delay = 0.00>
ST_1 : Operation 381 [1/1] (0.00ns)   --->   "%tmp_541 = bitconcatenate i18 @_ssdm_op_BitConcatenate.i18.i16.i2, i16 %a_176, i2 0" [firmware/nnet_utils/nnet_mult.h:73->firmware/nnet_utils/nnet_dense_latency.h:42]   --->   Operation 381 'bitconcatenate' 'tmp_541' <Predicate = true> <Delay = 0.00>
ST_1 : Operation 382 [1/1] (0.00ns)   --->   "%sext_ln73_843 = sext i18 %tmp_541" [firmware/nnet_utils/nnet_mult.h:73->firmware/nnet_utils/nnet_dense_latency.h:42]   --->   Operation 382 'sext' 'sext_ln73_843' <Predicate = true> <Delay = 0.00>
ST_1 : Operation 383 [1/1] (1.42ns)   --->   "%add_ln73_109 = add i20 %sext_ln73_843, i20 %sext_ln73_459" [firmware/nnet_utils/nnet_mult.h:73->firmware/nnet_utils/nnet_dense_latency.h:42]   --->   Operation 383 'add' 'add_ln73_109' <Predicate = true> <Delay = 1.42> <CoreInst = "Adder">   --->   Core 1 'Adder' <Latency = 0> <II = 1> <Delay = 1.42> <FuncUnit> <Opcode : 'add' 'sub'> <InPorts = 2> <OutPorts = 1>
ST_1 : Operation 384 [1/1] (0.00ns)   --->   "%mult_842 = partselect i13 @_ssdm_op_PartSelect.i13.i20.i32.i32, i20 %add_ln73_109, i32 7, i32 19" [firmware/nnet_utils/nnet_dense_latency.h:42]   --->   Operation 384 'partselect' 'mult_842' <Predicate = true> <Delay = 0.00>
ST_1 : Operation 385 [1/1] (0.00ns)   --->   "%sext_ln17_386 = sext i13 %mult_842" [firmware/nnet_utils/nnet_dense_latency.h:17]   --->   Operation 385 'sext' 'sext_ln17_386' <Predicate = true> <Delay = 0.00>
ST_1 : Operation 386 [1/1] (3.57ns)   --->   "%mul_ln73_353 = mul i22 %sext_ln73_458, i22 4194283" [firmware/nnet_utils/nnet_mult.h:73->firmware/nnet_utils/nnet_dense_latency.h:42]   --->   Operation 386 'mul' 'mul_ln73_353' <Predicate = true> <Delay = 3.57> <CoreInst = "Multiplier">   --->   Core 3 'Multiplier' <Latency = 0> <II = 1> <Delay = 3.57> <FuncUnit> <Opcode : 'mul'> <InPorts = 2> <OutPorts = 1>
ST_1 : Operation 387 [1/1] (0.00ns)   --->   "%mult_843 = partselect i15 @_ssdm_op_PartSelect.i15.i22.i32.i32, i22 %mul_ln73_353, i32 7, i32 21" [firmware/nnet_utils/nnet_dense_latency.h:42]   --->   Operation 387 'partselect' 'mult_843' <Predicate = true> <Delay = 0.00>
ST_1 : Operation 388 [1/1] (3.57ns)   --->   "%mul_ln73_354 = mul i23 %sext_ln73_457, i23 8388570" [firmware/nnet_utils/nnet_mult.h:73->firmware/nnet_utils/nnet_dense_latency.h:42]   --->   Operation 388 'mul' 'mul_ln73_354' <Predicate = true> <Delay = 3.57> <CoreInst = "Multiplier">   --->   Core 3 'Multiplier' <Latency = 0> <II = 1> <Delay = 3.57> <FuncUnit> <Opcode : 'mul'> <InPorts = 2> <OutPorts = 1>
ST_1 : Operation 389 [1/1] (0.00ns)   --->   "%mult_845 = partselect i16 @_ssdm_op_PartSelect.i16.i23.i32.i32, i23 %mul_ln73_354, i32 7, i32 22" [firmware/nnet_utils/nnet_dense_latency.h:42]   --->   Operation 389 'partselect' 'mult_845' <Predicate = true> <Delay = 0.00>
ST_1 : Operation 390 [1/1] (0.00ns)   --->   "%tmp_544 = bitconcatenate i21 @_ssdm_op_BitConcatenate.i21.i16.i5, i16 %a_176, i5 0" [firmware/nnet_utils/nnet_mult.h:73->firmware/nnet_utils/nnet_dense_latency.h:42]   --->   Operation 390 'bitconcatenate' 'tmp_544' <Predicate = true> <Delay = 0.00>
ST_1 : Operation 391 [1/1] (0.00ns)   --->   "%sext_ln73_846 = sext i21 %tmp_544" [firmware/nnet_utils/nnet_mult.h:73->firmware/nnet_utils/nnet_dense_latency.h:42]   --->   Operation 391 'sext' 'sext_ln73_846' <Predicate = true> <Delay = 0.00>
ST_1 : Operation 392 [1/1] (0.00ns)   --->   "%tmp_545 = bitconcatenate i17 @_ssdm_op_BitConcatenate.i17.i16.i1, i16 %a_176, i1 0" [firmware/nnet_utils/nnet_mult.h:73->firmware/nnet_utils/nnet_dense_latency.h:42]   --->   Operation 392 'bitconcatenate' 'tmp_545' <Predicate = true> <Delay = 0.00>
ST_1 : Operation 393 [1/1] (0.00ns)   --->   "%sext_ln73_847 = sext i17 %tmp_545" [firmware/nnet_utils/nnet_mult.h:73->firmware/nnet_utils/nnet_dense_latency.h:42]   --->   Operation 393 'sext' 'sext_ln73_847' <Predicate = true> <Delay = 0.00>
ST_1 : Operation 394 [1/1] (1.43ns)   --->   "%sub_ln73_493 = sub i22 %sext_ln73_846, i22 %sext_ln73_847" [firmware/nnet_utils/nnet_mult.h:73->firmware/nnet_utils/nnet_dense_latency.h:42]   --->   Operation 394 'sub' 'sub_ln73_493' <Predicate = true> <Delay = 1.43> <CoreInst = "Adder">   --->   Core 1 'Adder' <Latency = 0> <II = 1> <Delay = 1.43> <FuncUnit> <Opcode : 'add' 'sub'> <InPorts = 2> <OutPorts = 1>
ST_1 : Operation 395 [1/1] (0.00ns)   --->   "%mult_846 = partselect i15 @_ssdm_op_PartSelect.i15.i22.i32.i32, i22 %sub_ln73_493, i32 7, i32 21" [firmware/nnet_utils/nnet_dense_latency.h:42]   --->   Operation 395 'partselect' 'mult_846' <Predicate = true> <Delay = 0.00>
ST_1 : Operation 396 [1/1] (0.00ns)   --->   "%sext_ln73_848 = sext i18 %tmp_541" [firmware/nnet_utils/nnet_mult.h:73->firmware/nnet_utils/nnet_dense_latency.h:42]   --->   Operation 396 'sext' 'sext_ln73_848' <Predicate = true> <Delay = 0.00>
ST_1 : Operation 397 [1/1] (1.42ns)   --->   "%sub_ln73_494 = sub i19 %sext_ln73_848, i19 %sext_ln73_456" [firmware/nnet_utils/nnet_mult.h:73->firmware/nnet_utils/nnet_dense_latency.h:42]   --->   Operation 397 'sub' 'sub_ln73_494' <Predicate = true> <Delay = 1.42> <CoreInst = "Adder">   --->   Core 1 'Adder' <Latency = 0> <II = 1> <Delay = 1.42> <FuncUnit> <Opcode : 'add' 'sub'> <InPorts = 2> <OutPorts = 1>
ST_1 : Operation 398 [1/1] (0.00ns)   --->   "%mult_847 = partselect i12 @_ssdm_op_PartSelect.i12.i19.i32.i32, i19 %sub_ln73_494, i32 7, i32 18" [firmware/nnet_utils/nnet_dense_latency.h:42]   --->   Operation 398 'partselect' 'mult_847' <Predicate = true> <Delay = 0.00>
ST_1 : Operation 399 [1/1] (0.00ns)   --->   "%sext_ln17_387 = sext i12 %mult_847" [firmware/nnet_utils/nnet_dense_latency.h:17]   --->   Operation 399 'sext' 'sext_ln17_387' <Predicate = true> <Delay = 0.00>
ST_1 : Operation 400 [1/1] (0.00ns) (grouped into TernaryAdder)   --->   "%sub_ln73_495 = sub i20 0, i20 %sext_ln73_843" [firmware/nnet_utils/nnet_mult.h:73->firmware/nnet_utils/nnet_dense_latency.h:42]   --->   Operation 400 'sub' 'sub_ln73_495' <Predicate = true> <Delay = 0.00> <CoreInst = "TAddSub">   --->   Core 10 'TAddSub' <Latency = 0> <II = 1> <Delay = 0.49> <IPBlock> <Opcode : 'add' 'sub'> <InPorts = 3> <OutPorts = 1> <Sync> <CReg>
ST_1 : Operation 401 [1/1] (1.01ns) (root node of TernaryAdder)   --->   "%sub_ln73_496 = sub i20 %sub_ln73_495, i20 %sext_ln73_459" [firmware/nnet_utils/nnet_mult.h:73->firmware/nnet_utils/nnet_dense_latency.h:42]   --->   Operation 401 'sub' 'sub_ln73_496' <Predicate = true> <Delay = 1.01> <CoreInst = "TAddSub">   --->   Core 10 'TAddSub' <Latency = 0> <II = 1> <Delay = 0.49> <IPBlock> <Opcode : 'add' 'sub'> <InPorts = 3> <OutPorts = 1> <Sync> <CReg>
ST_1 : Operation 402 [1/1] (0.00ns)   --->   "%mult_848 = partselect i13 @_ssdm_op_PartSelect.i13.i20.i32.i32, i20 %sub_ln73_496, i32 7, i32 19" [firmware/nnet_utils/nnet_dense_latency.h:42]   --->   Operation 402 'partselect' 'mult_848' <Predicate = true> <Delay = 0.00>
ST_1 : Operation 403 [1/1] (0.00ns)   --->   "%sext_ln17_388 = sext i13 %mult_848" [firmware/nnet_utils/nnet_dense_latency.h:17]   --->   Operation 403 'sext' 'sext_ln17_388' <Predicate = true> <Delay = 0.00>
ST_1 : Operation 404 [1/1] (3.57ns)   --->   "%mul_ln73_355 = mul i23 %sext_ln73_457, i23 38" [firmware/nnet_utils/nnet_mult.h:73->firmware/nnet_utils/nnet_dense_latency.h:42]   --->   Operation 404 'mul' 'mul_ln73_355' <Predicate = true> <Delay = 3.57> <CoreInst = "Multiplier">   --->   Core 3 'Multiplier' <Latency = 0> <II = 1> <Delay = 3.57> <FuncUnit> <Opcode : 'mul'> <InPorts = 2> <OutPorts = 1>
ST_1 : Operation 405 [1/1] (0.00ns)   --->   "%mult_849 = partselect i16 @_ssdm_op_PartSelect.i16.i23.i32.i32, i23 %mul_ln73_355, i32 7, i32 22" [firmware/nnet_utils/nnet_dense_latency.h:42]   --->   Operation 405 'partselect' 'mult_849' <Predicate = true> <Delay = 0.00>
ST_1 : Operation 406 [1/1] (0.00ns)   --->   "%a_177 = load i16 %p_ZZN4nnet24compute_output_buffer_2dINS_5arrayI8ap_fixedILi16ELi6EL9ap_q_mode5EL9_257"   --->   Operation 406 'load' 'a_177' <Predicate = true> <Delay = 0.00>
ST_1 : Operation 407 [1/1] (0.00ns)   --->   "%sext_ln73_462 = sext i16 %a_177" [firmware/nnet_utils/nnet_mult.h:73->firmware/nnet_utils/nnet_dense_latency.h:42]   --->   Operation 407 'sext' 'sext_ln73_462' <Predicate = true> <Delay = 0.00>
ST_1 : Operation 408 [1/1] (3.57ns)   --->   "%mul_ln73_356 = mul i21 %sext_ln73_462, i21 13" [firmware/nnet_utils/nnet_mult.h:73->firmware/nnet_utils/nnet_dense_latency.h:42]   --->   Operation 408 'mul' 'mul_ln73_356' <Predicate = true> <Delay = 3.57> <CoreInst = "Multiplier">   --->   Core 3 'Multiplier' <Latency = 0> <II = 1> <Delay = 3.57> <FuncUnit> <Opcode : 'mul'> <InPorts = 2> <OutPorts = 1>
ST_1 : Operation 409 [1/1] (0.00ns)   --->   "%mult_850 = partselect i14 @_ssdm_op_PartSelect.i14.i21.i32.i32, i21 %mul_ln73_356, i32 7, i32 20" [firmware/nnet_utils/nnet_dense_latency.h:42]   --->   Operation 409 'partselect' 'mult_850' <Predicate = true> <Delay = 0.00>
ST_1 : Operation 410 [1/1] (0.00ns)   --->   "%tmp_546 = bitconcatenate i19 @_ssdm_op_BitConcatenate.i19.i16.i3, i16 %a_177, i3 0" [firmware/nnet_utils/nnet_mult.h:73->firmware/nnet_utils/nnet_dense_latency.h:42]   --->   Operation 410 'bitconcatenate' 'tmp_546' <Predicate = true> <Delay = 0.00>
ST_1 : Operation 411 [1/1] (0.00ns)   --->   "%sext_ln73_849 = sext i19 %tmp_546" [firmware/nnet_utils/nnet_mult.h:73->firmware/nnet_utils/nnet_dense_latency.h:42]   --->   Operation 411 'sext' 'sext_ln73_849' <Predicate = true> <Delay = 0.00>
ST_1 : Operation 412 [1/1] (0.00ns)   --->   "%tmp_547 = bitconcatenate i17 @_ssdm_op_BitConcatenate.i17.i16.i1, i16 %a_177, i1 0" [firmware/nnet_utils/nnet_mult.h:73->firmware/nnet_utils/nnet_dense_latency.h:42]   --->   Operation 412 'bitconcatenate' 'tmp_547' <Predicate = true> <Delay = 0.00>
ST_1 : Operation 413 [1/1] (0.00ns)   --->   "%sext_ln73_850 = sext i17 %tmp_547" [firmware/nnet_utils/nnet_mult.h:73->firmware/nnet_utils/nnet_dense_latency.h:42]   --->   Operation 413 'sext' 'sext_ln73_850' <Predicate = true> <Delay = 0.00>
ST_1 : Operation 414 [1/1] (1.43ns)   --->   "%add_ln73_110 = add i21 %sext_ln73_849, i21 %sext_ln73_850" [firmware/nnet_utils/nnet_mult.h:73->firmware/nnet_utils/nnet_dense_latency.h:42]   --->   Operation 414 'add' 'add_ln73_110' <Predicate = true> <Delay = 1.43> <CoreInst = "Adder">   --->   Core 1 'Adder' <Latency = 0> <II = 1> <Delay = 1.43> <FuncUnit> <Opcode : 'add' 'sub'> <InPorts = 2> <OutPorts = 1>
ST_1 : Operation 415 [1/1] (0.00ns)   --->   "%mult_851 = partselect i14 @_ssdm_op_PartSelect.i14.i21.i32.i32, i21 %add_ln73_110, i32 7, i32 20" [firmware/nnet_utils/nnet_dense_latency.h:42]   --->   Operation 415 'partselect' 'mult_851' <Predicate = true> <Delay = 0.00>
ST_1 : Operation 416 [1/1] (0.00ns)   --->   "%sext_ln73_851 = sext i19 %tmp_546" [firmware/nnet_utils/nnet_mult.h:73->firmware/nnet_utils/nnet_dense_latency.h:42]   --->   Operation 416 'sext' 'sext_ln73_851' <Predicate = true> <Delay = 0.00>
ST_1 : Operation 417 [1/1] (0.00ns)   --->   "%sext_ln73_852 = sext i17 %tmp_547" [firmware/nnet_utils/nnet_mult.h:73->firmware/nnet_utils/nnet_dense_latency.h:42]   --->   Operation 417 'sext' 'sext_ln73_852' <Predicate = true> <Delay = 0.00>
ST_1 : Operation 418 [1/1] (1.43ns)   --->   "%sub_ln73_497 = sub i20 %sext_ln73_851, i20 %sext_ln73_852" [firmware/nnet_utils/nnet_mult.h:73->firmware/nnet_utils/nnet_dense_latency.h:42]   --->   Operation 418 'sub' 'sub_ln73_497' <Predicate = true> <Delay = 1.43> <CoreInst = "Adder">   --->   Core 1 'Adder' <Latency = 0> <II = 1> <Delay = 1.43> <FuncUnit> <Opcode : 'add' 'sub'> <InPorts = 2> <OutPorts = 1>
ST_1 : Operation 419 [1/1] (0.00ns)   --->   "%mult_852 = partselect i13 @_ssdm_op_PartSelect.i13.i20.i32.i32, i20 %sub_ln73_497, i32 7, i32 19" [firmware/nnet_utils/nnet_dense_latency.h:42]   --->   Operation 419 'partselect' 'mult_852' <Predicate = true> <Delay = 0.00>
ST_1 : Operation 420 [1/1] (0.00ns)   --->   "%sext_ln17_390 = sext i13 %mult_852" [firmware/nnet_utils/nnet_dense_latency.h:17]   --->   Operation 420 'sext' 'sext_ln17_390' <Predicate = true> <Delay = 0.00>
ST_1 : Operation 421 [1/1] (1.43ns)   --->   "%sub_ln73_498 = sub i20 0, i20 %sext_ln73_851" [firmware/nnet_utils/nnet_mult.h:73->firmware/nnet_utils/nnet_dense_latency.h:42]   --->   Operation 421 'sub' 'sub_ln73_498' <Predicate = true> <Delay = 1.43> <CoreInst = "Adder">   --->   Core 1 'Adder' <Latency = 0> <II = 1> <Delay = 1.43> <FuncUnit> <Opcode : 'add' 'sub'> <InPorts = 2> <OutPorts = 1>
ST_1 : Operation 422 [1/1] (0.00ns)   --->   "%mult_853 = partselect i13 @_ssdm_op_PartSelect.i13.i20.i32.i32, i20 %sub_ln73_498, i32 7, i32 19" [firmware/nnet_utils/nnet_dense_latency.h:42]   --->   Operation 422 'partselect' 'mult_853' <Predicate = true> <Delay = 0.00>
ST_1 : Operation 423 [1/1] (0.00ns)   --->   "%tmp_548 = bitconcatenate i18 @_ssdm_op_BitConcatenate.i18.i16.i2, i16 %a_177, i2 0" [firmware/nnet_utils/nnet_mult.h:73->firmware/nnet_utils/nnet_dense_latency.h:42]   --->   Operation 423 'bitconcatenate' 'tmp_548' <Predicate = true> <Delay = 0.00>
ST_1 : Operation 424 [1/1] (0.00ns)   --->   "%sext_ln73_853 = sext i18 %tmp_548" [firmware/nnet_utils/nnet_mult.h:73->firmware/nnet_utils/nnet_dense_latency.h:42]   --->   Operation 424 'sext' 'sext_ln73_853' <Predicate = true> <Delay = 0.00>
ST_1 : Operation 425 [1/1] (1.42ns)   --->   "%sub_ln73_499 = sub i19 0, i19 %sext_ln73_853" [firmware/nnet_utils/nnet_mult.h:73->firmware/nnet_utils/nnet_dense_latency.h:42]   --->   Operation 425 'sub' 'sub_ln73_499' <Predicate = true> <Delay = 1.42> <CoreInst = "Adder">   --->   Core 1 'Adder' <Latency = 0> <II = 1> <Delay = 1.42> <FuncUnit> <Opcode : 'add' 'sub'> <InPorts = 2> <OutPorts = 1>
ST_1 : Operation 426 [1/1] (0.00ns)   --->   "%mult_854 = partselect i12 @_ssdm_op_PartSelect.i12.i19.i32.i32, i19 %sub_ln73_499, i32 7, i32 18" [firmware/nnet_utils/nnet_dense_latency.h:42]   --->   Operation 426 'partselect' 'mult_854' <Predicate = true> <Delay = 0.00>
ST_1 : Operation 427 [1/1] (0.00ns)   --->   "%sext_ln17_392 = sext i12 %mult_854" [firmware/nnet_utils/nnet_dense_latency.h:17]   --->   Operation 427 'sext' 'sext_ln17_392' <Predicate = true> <Delay = 0.00>
ST_1 : Operation 428 [1/1] (0.00ns)   --->   "%tmp_549 = bitconcatenate i20 @_ssdm_op_BitConcatenate.i20.i16.i4, i16 %a_177, i4 0" [firmware/nnet_utils/nnet_mult.h:73->firmware/nnet_utils/nnet_dense_latency.h:42]   --->   Operation 428 'bitconcatenate' 'tmp_549' <Predicate = true> <Delay = 0.00>
ST_1 : Operation 429 [1/1] (0.00ns)   --->   "%sext_ln73_854 = sext i20 %tmp_549" [firmware/nnet_utils/nnet_mult.h:73->firmware/nnet_utils/nnet_dense_latency.h:42]   --->   Operation 429 'sext' 'sext_ln73_854' <Predicate = true> <Delay = 0.00>
ST_1 : Operation 430 [1/1] (1.43ns)   --->   "%sub_ln73_500 = sub i21 %sext_ln73_854, i21 %sext_ln73_462" [firmware/nnet_utils/nnet_mult.h:73->firmware/nnet_utils/nnet_dense_latency.h:42]   --->   Operation 430 'sub' 'sub_ln73_500' <Predicate = true> <Delay = 1.43> <CoreInst = "Adder">   --->   Core 1 'Adder' <Latency = 0> <II = 1> <Delay = 1.43> <FuncUnit> <Opcode : 'add' 'sub'> <InPorts = 2> <OutPorts = 1>
ST_1 : Operation 431 [1/1] (0.00ns)   --->   "%mult_855 = partselect i14 @_ssdm_op_PartSelect.i14.i21.i32.i32, i21 %sub_ln73_500, i32 7, i32 20" [firmware/nnet_utils/nnet_dense_latency.h:42]   --->   Operation 431 'partselect' 'mult_855' <Predicate = true> <Delay = 0.00>
ST_1 : Operation 432 [1/1] (0.00ns)   --->   "%sext_ln17_393 = sext i14 %mult_855" [firmware/nnet_utils/nnet_dense_latency.h:17]   --->   Operation 432 'sext' 'sext_ln17_393' <Predicate = true> <Delay = 0.00>
ST_1 : Operation 433 [1/1] (1.43ns)   --->   "%sub_ln73_501 = sub i21 %sext_ln73_462, i21 %sext_ln73_854" [firmware/nnet_utils/nnet_mult.h:73->firmware/nnet_utils/nnet_dense_latency.h:42]   --->   Operation 433 'sub' 'sub_ln73_501' <Predicate = true> <Delay = 1.43> <CoreInst = "Adder">   --->   Core 1 'Adder' <Latency = 0> <II = 1> <Delay = 1.43> <FuncUnit> <Opcode : 'add' 'sub'> <InPorts = 2> <OutPorts = 1>
ST_1 : Operation 434 [1/1] (0.00ns)   --->   "%mult_856 = partselect i14 @_ssdm_op_PartSelect.i14.i21.i32.i32, i21 %sub_ln73_501, i32 7, i32 20" [firmware/nnet_utils/nnet_dense_latency.h:42]   --->   Operation 434 'partselect' 'mult_856' <Predicate = true> <Delay = 0.00>
ST_1 : Operation 435 [1/1] (0.00ns)   --->   "%sext_ln17_394 = sext i14 %mult_856" [firmware/nnet_utils/nnet_dense_latency.h:17]   --->   Operation 435 'sext' 'sext_ln17_394' <Predicate = true> <Delay = 0.00>
ST_1 : Operation 436 [1/1] (3.57ns)   --->   "%mul_ln73_357 = mul i21 %sext_ln73_462, i21 11" [firmware/nnet_utils/nnet_mult.h:73->firmware/nnet_utils/nnet_dense_latency.h:42]   --->   Operation 436 'mul' 'mul_ln73_357' <Predicate = true> <Delay = 3.57> <CoreInst = "Multiplier">   --->   Core 3 'Multiplier' <Latency = 0> <II = 1> <Delay = 3.57> <FuncUnit> <Opcode : 'mul'> <InPorts = 2> <OutPorts = 1>
ST_1 : Operation 437 [1/1] (0.00ns)   --->   "%mult_857 = partselect i14 @_ssdm_op_PartSelect.i14.i21.i32.i32, i21 %mul_ln73_357, i32 7, i32 20" [firmware/nnet_utils/nnet_dense_latency.h:42]   --->   Operation 437 'partselect' 'mult_857' <Predicate = true> <Delay = 0.00>
ST_1 : Operation 438 [1/1] (0.00ns)   --->   "%a_178 = load i16 %p_ZZN4nnet24compute_output_buffer_2dINS_5arrayI8ap_fixedILi16ELi6EL9ap_q_mode5EL9_258"   --->   Operation 438 'load' 'a_178' <Predicate = true> <Delay = 0.00>
ST_1 : Operation 439 [1/1] (0.00ns)   --->   "%sext_ln73_465 = sext i16 %a_178" [firmware/nnet_utils/nnet_mult.h:73->firmware/nnet_utils/nnet_dense_latency.h:42]   --->   Operation 439 'sext' 'sext_ln73_465' <Predicate = true> <Delay = 0.00>
ST_1 : Operation 440 [1/1] (0.00ns)   --->   "%sext_ln73_466 = sext i16 %a_178" [firmware/nnet_utils/nnet_mult.h:73->firmware/nnet_utils/nnet_dense_latency.h:42]   --->   Operation 440 'sext' 'sext_ln73_466' <Predicate = true> <Delay = 0.00>
ST_1 : Operation 441 [1/1] (3.57ns)   --->   "%mul_ln73_358 = mul i23 %sext_ln73_466, i23 38" [firmware/nnet_utils/nnet_mult.h:73->firmware/nnet_utils/nnet_dense_latency.h:42]   --->   Operation 441 'mul' 'mul_ln73_358' <Predicate = true> <Delay = 3.57> <CoreInst = "Multiplier">   --->   Core 3 'Multiplier' <Latency = 0> <II = 1> <Delay = 3.57> <FuncUnit> <Opcode : 'mul'> <InPorts = 2> <OutPorts = 1>
ST_1 : Operation 442 [1/1] (0.00ns)   --->   "%mult_858 = partselect i16 @_ssdm_op_PartSelect.i16.i23.i32.i32, i23 %mul_ln73_358, i32 7, i32 22" [firmware/nnet_utils/nnet_dense_latency.h:42]   --->   Operation 442 'partselect' 'mult_858' <Predicate = true> <Delay = 0.00>
ST_1 : Operation 443 [1/1] (3.57ns)   --->   "%mul_ln73_359 = mul i23 %sext_ln73_466, i23 35" [firmware/nnet_utils/nnet_mult.h:73->firmware/nnet_utils/nnet_dense_latency.h:42]   --->   Operation 443 'mul' 'mul_ln73_359' <Predicate = true> <Delay = 3.57> <CoreInst = "Multiplier">   --->   Core 3 'Multiplier' <Latency = 0> <II = 1> <Delay = 3.57> <FuncUnit> <Opcode : 'mul'> <InPorts = 2> <OutPorts = 1>
ST_1 : Operation 444 [1/1] (0.00ns)   --->   "%mult_859 = partselect i16 @_ssdm_op_PartSelect.i16.i23.i32.i32, i23 %mul_ln73_359, i32 7, i32 22" [firmware/nnet_utils/nnet_dense_latency.h:42]   --->   Operation 444 'partselect' 'mult_859' <Predicate = true> <Delay = 0.00>
ST_1 : Operation 445 [1/1] (3.57ns)   --->   "%mul_ln73_360 = mul i22 %sext_ln73_465, i22 4194277" [firmware/nnet_utils/nnet_mult.h:73->firmware/nnet_utils/nnet_dense_latency.h:42]   --->   Operation 445 'mul' 'mul_ln73_360' <Predicate = true> <Delay = 3.57> <CoreInst = "Multiplier">   --->   Core 3 'Multiplier' <Latency = 0> <II = 1> <Delay = 3.57> <FuncUnit> <Opcode : 'mul'> <InPorts = 2> <OutPorts = 1>
ST_1 : Operation 446 [1/1] (0.00ns)   --->   "%mult_860 = partselect i15 @_ssdm_op_PartSelect.i15.i22.i32.i32, i22 %mul_ln73_360, i32 7, i32 21" [firmware/nnet_utils/nnet_dense_latency.h:42]   --->   Operation 446 'partselect' 'mult_860' <Predicate = true> <Delay = 0.00>
ST_1 : Operation 447 [1/1] (0.00ns)   --->   "%tmp_550 = bitconcatenate i20 @_ssdm_op_BitConcatenate.i20.i16.i4, i16 %a_178, i4 0" [firmware/nnet_utils/nnet_mult.h:73->firmware/nnet_utils/nnet_dense_latency.h:42]   --->   Operation 447 'bitconcatenate' 'tmp_550' <Predicate = true> <Delay = 0.00>
ST_1 : Operation 448 [1/1] (0.00ns)   --->   "%sext_ln73_855 = sext i20 %tmp_550" [firmware/nnet_utils/nnet_mult.h:73->firmware/nnet_utils/nnet_dense_latency.h:42]   --->   Operation 448 'sext' 'sext_ln73_855' <Predicate = true> <Delay = 0.00>
ST_1 : Operation 449 [1/1] (0.00ns)   --->   "%tmp_551 = bitconcatenate i18 @_ssdm_op_BitConcatenate.i18.i16.i2, i16 %a_178, i2 0" [firmware/nnet_utils/nnet_mult.h:73->firmware/nnet_utils/nnet_dense_latency.h:42]   --->   Operation 449 'bitconcatenate' 'tmp_551' <Predicate = true> <Delay = 0.00>
ST_1 : Operation 450 [1/1] (0.00ns)   --->   "%sext_ln73_856 = sext i18 %tmp_551" [firmware/nnet_utils/nnet_mult.h:73->firmware/nnet_utils/nnet_dense_latency.h:42]   --->   Operation 450 'sext' 'sext_ln73_856' <Predicate = true> <Delay = 0.00>
ST_1 : Operation 451 [1/1] (1.43ns)   --->   "%sub_ln73_502 = sub i21 %sext_ln73_856, i21 %sext_ln73_855" [firmware/nnet_utils/nnet_mult.h:73->firmware/nnet_utils/nnet_dense_latency.h:42]   --->   Operation 451 'sub' 'sub_ln73_502' <Predicate = true> <Delay = 1.43> <CoreInst = "Adder">   --->   Core 1 'Adder' <Latency = 0> <II = 1> <Delay = 1.43> <FuncUnit> <Opcode : 'add' 'sub'> <InPorts = 2> <OutPorts = 1>
ST_1 : Operation 452 [1/1] (0.00ns)   --->   "%mult_861 = partselect i14 @_ssdm_op_PartSelect.i14.i21.i32.i32, i21 %sub_ln73_502, i32 7, i32 20" [firmware/nnet_utils/nnet_dense_latency.h:42]   --->   Operation 452 'partselect' 'mult_861' <Predicate = true> <Delay = 0.00>
ST_1 : Operation 453 [1/1] (3.57ns)   --->   "%mul_ln73_361 = mul i22 %sext_ln73_465, i22 23" [firmware/nnet_utils/nnet_mult.h:73->firmware/nnet_utils/nnet_dense_latency.h:42]   --->   Operation 453 'mul' 'mul_ln73_361' <Predicate = true> <Delay = 3.57> <CoreInst = "Multiplier">   --->   Core 3 'Multiplier' <Latency = 0> <II = 1> <Delay = 3.57> <FuncUnit> <Opcode : 'mul'> <InPorts = 2> <OutPorts = 1>
ST_1 : Operation 454 [1/1] (0.00ns)   --->   "%mult_862 = partselect i15 @_ssdm_op_PartSelect.i15.i22.i32.i32, i22 %mul_ln73_361, i32 7, i32 21" [firmware/nnet_utils/nnet_dense_latency.h:42]   --->   Operation 454 'partselect' 'mult_862' <Predicate = true> <Delay = 0.00>
ST_1 : Operation 455 [1/1] (0.00ns)   --->   "%tmp_552 = bitconcatenate i17 @_ssdm_op_BitConcatenate.i17.i16.i1, i16 %a_178, i1 0" [firmware/nnet_utils/nnet_mult.h:73->firmware/nnet_utils/nnet_dense_latency.h:42]   --->   Operation 455 'bitconcatenate' 'tmp_552' <Predicate = true> <Delay = 0.00>
ST_1 : Operation 456 [1/1] (0.00ns)   --->   "%sext_ln73_857 = sext i17 %tmp_552" [firmware/nnet_utils/nnet_mult.h:73->firmware/nnet_utils/nnet_dense_latency.h:42]   --->   Operation 456 'sext' 'sext_ln73_857' <Predicate = true> <Delay = 0.00>
ST_1 : Operation 457 [1/1] (1.43ns)   --->   "%sub_ln73_503 = sub i21 %sext_ln73_857, i21 %sext_ln73_855" [firmware/nnet_utils/nnet_mult.h:73->firmware/nnet_utils/nnet_dense_latency.h:42]   --->   Operation 457 'sub' 'sub_ln73_503' <Predicate = true> <Delay = 1.43> <CoreInst = "Adder">   --->   Core 1 'Adder' <Latency = 0> <II = 1> <Delay = 1.43> <FuncUnit> <Opcode : 'add' 'sub'> <InPorts = 2> <OutPorts = 1>
ST_1 : Operation 458 [1/1] (0.00ns)   --->   "%mult_863 = partselect i14 @_ssdm_op_PartSelect.i14.i21.i32.i32, i21 %sub_ln73_503, i32 7, i32 20" [firmware/nnet_utils/nnet_dense_latency.h:42]   --->   Operation 458 'partselect' 'mult_863' <Predicate = true> <Delay = 0.00>
ST_1 : Operation 459 [1/1] (0.00ns)   --->   "%sext_ln73_858 = sext i18 %tmp_551" [firmware/nnet_utils/nnet_mult.h:73->firmware/nnet_utils/nnet_dense_latency.h:42]   --->   Operation 459 'sext' 'sext_ln73_858' <Predicate = true> <Delay = 0.00>
ST_1 : Operation 460 [1/1] (1.42ns)   --->   "%sub_ln73_504 = sub i19 0, i19 %sext_ln73_858" [firmware/nnet_utils/nnet_mult.h:73->firmware/nnet_utils/nnet_dense_latency.h:42]   --->   Operation 460 'sub' 'sub_ln73_504' <Predicate = true> <Delay = 1.42> <CoreInst = "Adder">   --->   Core 1 'Adder' <Latency = 0> <II = 1> <Delay = 1.42> <FuncUnit> <Opcode : 'add' 'sub'> <InPorts = 2> <OutPorts = 1>
ST_1 : Operation 461 [1/1] (0.00ns)   --->   "%mult_864 = partselect i12 @_ssdm_op_PartSelect.i12.i19.i32.i32, i19 %sub_ln73_504, i32 7, i32 18" [firmware/nnet_utils/nnet_dense_latency.h:42]   --->   Operation 461 'partselect' 'mult_864' <Predicate = true> <Delay = 0.00>
ST_1 : Operation 462 [1/1] (0.00ns)   --->   "%sext_ln17_397 = sext i12 %mult_864" [firmware/nnet_utils/nnet_dense_latency.h:17]   --->   Operation 462 'sext' 'sext_ln17_397' <Predicate = true> <Delay = 0.00>
ST_1 : Operation 463 [1/1] (0.00ns)   --->   "%a_179 = load i16 %p_ZZN4nnet24compute_output_buffer_2dINS_5arrayI8ap_fixedILi16ELi6EL9ap_q_mode5EL9_259"   --->   Operation 463 'load' 'a_179' <Predicate = true> <Delay = 0.00>
ST_1 : Operation 464 [1/1] (0.00ns)   --->   "%sext_ln73_467 = sext i16 %a_179" [firmware/nnet_utils/nnet_mult.h:73->firmware/nnet_utils/nnet_dense_latency.h:42]   --->   Operation 464 'sext' 'sext_ln73_467' <Predicate = true> <Delay = 0.00>
ST_1 : Operation 465 [1/1] (0.00ns)   --->   "%sext_ln73_468 = sext i16 %a_179" [firmware/nnet_utils/nnet_mult.h:73->firmware/nnet_utils/nnet_dense_latency.h:42]   --->   Operation 465 'sext' 'sext_ln73_468' <Predicate = true> <Delay = 0.00>
ST_1 : Operation 466 [1/1] (0.00ns)   --->   "%sext_ln73_469 = sext i16 %a_179" [firmware/nnet_utils/nnet_mult.h:73->firmware/nnet_utils/nnet_dense_latency.h:42]   --->   Operation 466 'sext' 'sext_ln73_469' <Predicate = true> <Delay = 0.00>
ST_1 : Operation 467 [1/1] (0.00ns)   --->   "%sext_ln73_470 = sext i16 %a_179" [firmware/nnet_utils/nnet_mult.h:73->firmware/nnet_utils/nnet_dense_latency.h:42]   --->   Operation 467 'sext' 'sext_ln73_470' <Predicate = true> <Delay = 0.00>
ST_1 : Operation 468 [1/1] (3.57ns)   --->   "%mul_ln73_362 = mul i23 %sext_ln73_470, i23 37" [firmware/nnet_utils/nnet_mult.h:73->firmware/nnet_utils/nnet_dense_latency.h:42]   --->   Operation 468 'mul' 'mul_ln73_362' <Predicate = true> <Delay = 3.57> <CoreInst = "Multiplier">   --->   Core 3 'Multiplier' <Latency = 0> <II = 1> <Delay = 3.57> <FuncUnit> <Opcode : 'mul'> <InPorts = 2> <OutPorts = 1>
ST_1 : Operation 469 [1/1] (0.00ns)   --->   "%mult_865 = partselect i16 @_ssdm_op_PartSelect.i16.i23.i32.i32, i23 %mul_ln73_362, i32 7, i32 22" [firmware/nnet_utils/nnet_dense_latency.h:42]   --->   Operation 469 'partselect' 'mult_865' <Predicate = true> <Delay = 0.00>
ST_1 : Operation 470 [1/1] (0.00ns)   --->   "%mult_866 = partselect i10 @_ssdm_op_PartSelect.i10.i16.i32.i32, i16 %a_179, i32 6, i32 15" [firmware/nnet_utils/nnet_dense_latency.h:42]   --->   Operation 470 'partselect' 'mult_866' <Predicate = true> <Delay = 0.00>
ST_1 : Operation 471 [1/1] (0.00ns)   --->   "%sext_ln17_398 = sext i10 %mult_866" [firmware/nnet_utils/nnet_dense_latency.h:17]   --->   Operation 471 'sext' 'sext_ln17_398' <Predicate = true> <Delay = 0.00>
ST_1 : Operation 472 [1/1] (3.57ns)   --->   "%mul_ln73_363 = mul i22 %sext_ln73_469, i22 4194278" [firmware/nnet_utils/nnet_mult.h:73->firmware/nnet_utils/nnet_dense_latency.h:42]   --->   Operation 472 'mul' 'mul_ln73_363' <Predicate = true> <Delay = 3.57> <CoreInst = "Multiplier">   --->   Core 3 'Multiplier' <Latency = 0> <II = 1> <Delay = 3.57> <FuncUnit> <Opcode : 'mul'> <InPorts = 2> <OutPorts = 1>
ST_1 : Operation 473 [1/1] (0.00ns)   --->   "%mult_867 = partselect i15 @_ssdm_op_PartSelect.i15.i22.i32.i32, i22 %mul_ln73_363, i32 7, i32 21" [firmware/nnet_utils/nnet_dense_latency.h:42]   --->   Operation 473 'partselect' 'mult_867' <Predicate = true> <Delay = 0.00>
ST_1 : Operation 474 [1/1] (3.57ns)   --->   "%mul_ln73_364 = mul i21 %sext_ln73_468, i21 13" [firmware/nnet_utils/nnet_mult.h:73->firmware/nnet_utils/nnet_dense_latency.h:42]   --->   Operation 474 'mul' 'mul_ln73_364' <Predicate = true> <Delay = 3.57> <CoreInst = "Multiplier">   --->   Core 3 'Multiplier' <Latency = 0> <II = 1> <Delay = 3.57> <FuncUnit> <Opcode : 'mul'> <InPorts = 2> <OutPorts = 1>
ST_1 : Operation 475 [1/1] (0.00ns)   --->   "%mult_868 = partselect i14 @_ssdm_op_PartSelect.i14.i21.i32.i32, i21 %mul_ln73_364, i32 7, i32 20" [firmware/nnet_utils/nnet_dense_latency.h:42]   --->   Operation 475 'partselect' 'mult_868' <Predicate = true> <Delay = 0.00>
ST_1 : Operation 476 [1/1] (3.57ns)   --->   "%mul_ln73_365 = mul i23 %sext_ln73_470, i23 43" [firmware/nnet_utils/nnet_mult.h:73->firmware/nnet_utils/nnet_dense_latency.h:42]   --->   Operation 476 'mul' 'mul_ln73_365' <Predicate = true> <Delay = 3.57> <CoreInst = "Multiplier">   --->   Core 3 'Multiplier' <Latency = 0> <II = 1> <Delay = 3.57> <FuncUnit> <Opcode : 'mul'> <InPorts = 2> <OutPorts = 1>
ST_1 : Operation 477 [1/1] (0.00ns)   --->   "%mult_869 = partselect i16 @_ssdm_op_PartSelect.i16.i23.i32.i32, i23 %mul_ln73_365, i32 7, i32 22" [firmware/nnet_utils/nnet_dense_latency.h:42]   --->   Operation 477 'partselect' 'mult_869' <Predicate = true> <Delay = 0.00>
ST_1 : Operation 478 [1/1] (0.00ns)   --->   "%tmp_553 = bitconcatenate i21 @_ssdm_op_BitConcatenate.i21.i16.i5, i16 %a_179, i5 0" [firmware/nnet_utils/nnet_mult.h:73->firmware/nnet_utils/nnet_dense_latency.h:42]   --->   Operation 478 'bitconcatenate' 'tmp_553' <Predicate = true> <Delay = 0.00>
ST_1 : Operation 479 [1/1] (0.00ns)   --->   "%sext_ln73_859 = sext i21 %tmp_553" [firmware/nnet_utils/nnet_mult.h:73->firmware/nnet_utils/nnet_dense_latency.h:42]   --->   Operation 479 'sext' 'sext_ln73_859' <Predicate = true> <Delay = 0.00>
ST_1 : Operation 480 [1/1] (0.00ns)   --->   "%tmp_554 = bitconcatenate i19 @_ssdm_op_BitConcatenate.i19.i16.i3, i16 %a_179, i3 0" [firmware/nnet_utils/nnet_mult.h:73->firmware/nnet_utils/nnet_dense_latency.h:42]   --->   Operation 480 'bitconcatenate' 'tmp_554' <Predicate = true> <Delay = 0.00>
ST_1 : Operation 481 [1/1] (0.00ns)   --->   "%sext_ln73_860 = sext i19 %tmp_554" [firmware/nnet_utils/nnet_mult.h:73->firmware/nnet_utils/nnet_dense_latency.h:42]   --->   Operation 481 'sext' 'sext_ln73_860' <Predicate = true> <Delay = 0.00>
ST_1 : Operation 482 [1/1] (1.43ns)   --->   "%sub_ln73_505 = sub i22 %sext_ln73_859, i22 %sext_ln73_860" [firmware/nnet_utils/nnet_mult.h:73->firmware/nnet_utils/nnet_dense_latency.h:42]   --->   Operation 482 'sub' 'sub_ln73_505' <Predicate = true> <Delay = 1.43> <CoreInst = "Adder">   --->   Core 1 'Adder' <Latency = 0> <II = 1> <Delay = 1.43> <FuncUnit> <Opcode : 'add' 'sub'> <InPorts = 2> <OutPorts = 1>
ST_1 : Operation 483 [1/1] (0.00ns)   --->   "%mult_870 = partselect i15 @_ssdm_op_PartSelect.i15.i22.i32.i32, i22 %sub_ln73_505, i32 7, i32 21" [firmware/nnet_utils/nnet_dense_latency.h:42]   --->   Operation 483 'partselect' 'mult_870' <Predicate = true> <Delay = 0.00>
ST_1 : Operation 484 [1/1] (0.00ns)   --->   "%sext_ln42_391 = sext i15 %mult_870" [firmware/nnet_utils/nnet_dense_latency.h:42]   --->   Operation 484 'sext' 'sext_ln42_391' <Predicate = true> <Delay = 0.00>
ST_1 : Operation 485 [1/1] (0.00ns)   --->   "%tmp_555 = bitconcatenate i18 @_ssdm_op_BitConcatenate.i18.i16.i2, i16 %a_179, i2 0" [firmware/nnet_utils/nnet_mult.h:73->firmware/nnet_utils/nnet_dense_latency.h:42]   --->   Operation 485 'bitconcatenate' 'tmp_555' <Predicate = true> <Delay = 0.00>
ST_1 : Operation 486 [1/1] (0.00ns)   --->   "%sext_ln73_861 = sext i18 %tmp_555" [firmware/nnet_utils/nnet_mult.h:73->firmware/nnet_utils/nnet_dense_latency.h:42]   --->   Operation 486 'sext' 'sext_ln73_861' <Predicate = true> <Delay = 0.00>
ST_1 : Operation 487 [1/1] (1.42ns)   --->   "%sub_ln73_506 = sub i19 %sext_ln73_467, i19 %sext_ln73_861" [firmware/nnet_utils/nnet_mult.h:73->firmware/nnet_utils/nnet_dense_latency.h:42]   --->   Operation 487 'sub' 'sub_ln73_506' <Predicate = true> <Delay = 1.42> <CoreInst = "Adder">   --->   Core 1 'Adder' <Latency = 0> <II = 1> <Delay = 1.42> <FuncUnit> <Opcode : 'add' 'sub'> <InPorts = 2> <OutPorts = 1>
ST_1 : Operation 488 [1/1] (0.00ns)   --->   "%mult_871 = partselect i12 @_ssdm_op_PartSelect.i12.i19.i32.i32, i19 %sub_ln73_506, i32 7, i32 18" [firmware/nnet_utils/nnet_dense_latency.h:42]   --->   Operation 488 'partselect' 'mult_871' <Predicate = true> <Delay = 0.00>
ST_1 : Operation 489 [1/1] (0.00ns)   --->   "%sext_ln17_400 = sext i12 %mult_871" [firmware/nnet_utils/nnet_dense_latency.h:17]   --->   Operation 489 'sext' 'sext_ln17_400' <Predicate = true> <Delay = 0.00>
ST_1 : Operation 490 [1/1] (0.00ns)   --->   "%a_180 = load i16 %p_ZZN4nnet24compute_output_buffer_2dINS_5arrayI8ap_fixedILi16ELi6EL9ap_q_mode5EL9_260"   --->   Operation 490 'load' 'a_180' <Predicate = true> <Delay = 0.00>
ST_1 : Operation 491 [1/1] (0.00ns)   --->   "%sext_ln73_471 = sext i16 %a_180" [firmware/nnet_utils/nnet_mult.h:73->firmware/nnet_utils/nnet_dense_latency.h:42]   --->   Operation 491 'sext' 'sext_ln73_471' <Predicate = true> <Delay = 0.00>
ST_1 : Operation 492 [1/1] (0.00ns)   --->   "%sext_ln73_472 = sext i16 %a_180" [firmware/nnet_utils/nnet_mult.h:73->firmware/nnet_utils/nnet_dense_latency.h:42]   --->   Operation 492 'sext' 'sext_ln73_472' <Predicate = true> <Delay = 0.00>
ST_1 : Operation 493 [1/1] (0.00ns)   --->   "%sext_ln73_473 = sext i16 %a_180" [firmware/nnet_utils/nnet_mult.h:73->firmware/nnet_utils/nnet_dense_latency.h:42]   --->   Operation 493 'sext' 'sext_ln73_473' <Predicate = true> <Delay = 0.00>
ST_1 : Operation 494 [1/1] (0.00ns)   --->   "%tmp_556 = bitconcatenate i20 @_ssdm_op_BitConcatenate.i20.i16.i4, i16 %a_180, i4 0" [firmware/nnet_utils/nnet_mult.h:73->firmware/nnet_utils/nnet_dense_latency.h:42]   --->   Operation 494 'bitconcatenate' 'tmp_556' <Predicate = true> <Delay = 0.00>
ST_1 : Operation 495 [1/1] (0.00ns)   --->   "%sext_ln73_862 = sext i20 %tmp_556" [firmware/nnet_utils/nnet_mult.h:73->firmware/nnet_utils/nnet_dense_latency.h:42]   --->   Operation 495 'sext' 'sext_ln73_862' <Predicate = true> <Delay = 0.00>
ST_1 : Operation 496 [1/1] (0.00ns)   --->   "%tmp_557 = bitconcatenate i17 @_ssdm_op_BitConcatenate.i17.i16.i1, i16 %a_180, i1 0" [firmware/nnet_utils/nnet_mult.h:73->firmware/nnet_utils/nnet_dense_latency.h:42]   --->   Operation 496 'bitconcatenate' 'tmp_557' <Predicate = true> <Delay = 0.00>
ST_1 : Operation 497 [1/1] (0.00ns)   --->   "%sext_ln73_863 = sext i17 %tmp_557" [firmware/nnet_utils/nnet_mult.h:73->firmware/nnet_utils/nnet_dense_latency.h:42]   --->   Operation 497 'sext' 'sext_ln73_863' <Predicate = true> <Delay = 0.00>
ST_1 : Operation 498 [1/1] (1.43ns)   --->   "%add_ln73_111 = add i22 %sext_ln73_862, i22 %sext_ln73_863" [firmware/nnet_utils/nnet_mult.h:73->firmware/nnet_utils/nnet_dense_latency.h:42]   --->   Operation 498 'add' 'add_ln73_111' <Predicate = true> <Delay = 1.43> <CoreInst = "Adder">   --->   Core 1 'Adder' <Latency = 0> <II = 1> <Delay = 1.43> <FuncUnit> <Opcode : 'add' 'sub'> <InPorts = 2> <OutPorts = 1>
ST_1 : Operation 499 [1/1] (0.00ns)   --->   "%mult_872 = partselect i15 @_ssdm_op_PartSelect.i15.i22.i32.i32, i22 %add_ln73_111, i32 7, i32 21" [firmware/nnet_utils/nnet_dense_latency.h:42]   --->   Operation 499 'partselect' 'mult_872' <Predicate = true> <Delay = 0.00>
ST_1 : Operation 500 [1/1] (3.57ns)   --->   "%mul_ln73_366 = mul i23 %sext_ln73_473, i23 39" [firmware/nnet_utils/nnet_mult.h:73->firmware/nnet_utils/nnet_dense_latency.h:42]   --->   Operation 500 'mul' 'mul_ln73_366' <Predicate = true> <Delay = 3.57> <CoreInst = "Multiplier">   --->   Core 3 'Multiplier' <Latency = 0> <II = 1> <Delay = 3.57> <FuncUnit> <Opcode : 'mul'> <InPorts = 2> <OutPorts = 1>
ST_1 : Operation 501 [1/1] (0.00ns)   --->   "%mult_873 = partselect i16 @_ssdm_op_PartSelect.i16.i23.i32.i32, i23 %mul_ln73_366, i32 7, i32 22" [firmware/nnet_utils/nnet_dense_latency.h:42]   --->   Operation 501 'partselect' 'mult_873' <Predicate = true> <Delay = 0.00>
ST_1 : Operation 502 [1/1] (0.00ns)   --->   "%tmp_558 = bitconcatenate i19 @_ssdm_op_BitConcatenate.i19.i16.i3, i16 %a_180, i3 0" [firmware/nnet_utils/nnet_mult.h:73->firmware/nnet_utils/nnet_dense_latency.h:42]   --->   Operation 502 'bitconcatenate' 'tmp_558' <Predicate = true> <Delay = 0.00>
ST_1 : Operation 503 [1/1] (0.00ns)   --->   "%sext_ln73_864 = sext i19 %tmp_558" [firmware/nnet_utils/nnet_mult.h:73->firmware/nnet_utils/nnet_dense_latency.h:42]   --->   Operation 503 'sext' 'sext_ln73_864' <Predicate = true> <Delay = 0.00>
ST_1 : Operation 504 [1/1] (1.43ns)   --->   "%sub_ln73_507 = sub i20 0, i20 %sext_ln73_864" [firmware/nnet_utils/nnet_mult.h:73->firmware/nnet_utils/nnet_dense_latency.h:42]   --->   Operation 504 'sub' 'sub_ln73_507' <Predicate = true> <Delay = 1.43> <CoreInst = "Adder">   --->   Core 1 'Adder' <Latency = 0> <II = 1> <Delay = 1.43> <FuncUnit> <Opcode : 'add' 'sub'> <InPorts = 2> <OutPorts = 1>
ST_1 : Operation 505 [1/1] (0.00ns)   --->   "%mult_874 = partselect i13 @_ssdm_op_PartSelect.i13.i20.i32.i32, i20 %sub_ln73_507, i32 7, i32 19" [firmware/nnet_utils/nnet_dense_latency.h:42]   --->   Operation 505 'partselect' 'mult_874' <Predicate = true> <Delay = 0.00>
ST_1 : Operation 506 [1/1] (0.00ns)   --->   "%sext_ln17_401 = sext i13 %mult_874" [firmware/nnet_utils/nnet_dense_latency.h:17]   --->   Operation 506 'sext' 'sext_ln17_401' <Predicate = true> <Delay = 0.00>
ST_1 : Operation 507 [1/1] (0.00ns)   --->   "%sext_ln73_865 = sext i17 %tmp_557" [firmware/nnet_utils/nnet_mult.h:73->firmware/nnet_utils/nnet_dense_latency.h:42]   --->   Operation 507 'sext' 'sext_ln73_865' <Predicate = true> <Delay = 0.00>
ST_1 : Operation 508 [1/1] (1.43ns)   --->   "%sub_ln73_508 = sub i20 %sext_ln73_865, i20 %sext_ln73_864" [firmware/nnet_utils/nnet_mult.h:73->firmware/nnet_utils/nnet_dense_latency.h:42]   --->   Operation 508 'sub' 'sub_ln73_508' <Predicate = true> <Delay = 1.43> <CoreInst = "Adder">   --->   Core 1 'Adder' <Latency = 0> <II = 1> <Delay = 1.43> <FuncUnit> <Opcode : 'add' 'sub'> <InPorts = 2> <OutPorts = 1>
ST_1 : Operation 509 [1/1] (0.00ns)   --->   "%mult_875 = partselect i13 @_ssdm_op_PartSelect.i13.i20.i32.i32, i20 %sub_ln73_508, i32 7, i32 19" [firmware/nnet_utils/nnet_dense_latency.h:42]   --->   Operation 509 'partselect' 'mult_875' <Predicate = true> <Delay = 0.00>
ST_1 : Operation 510 [1/1] (0.00ns)   --->   "%sext_ln17_402 = sext i13 %mult_875" [firmware/nnet_utils/nnet_dense_latency.h:17]   --->   Operation 510 'sext' 'sext_ln17_402' <Predicate = true> <Delay = 0.00>
ST_1 : Operation 511 [1/1] (1.41ns)   --->   "%sub_ln73_10 = sub i17 0, i17 %sext_ln73_471" [firmware/nnet_utils/nnet_mult.h:73->firmware/nnet_utils/nnet_dense_latency.h:42]   --->   Operation 511 'sub' 'sub_ln73_10' <Predicate = true> <Delay = 1.41> <CoreInst = "Adder">   --->   Core 1 'Adder' <Latency = 0> <II = 1> <Delay = 1.41> <FuncUnit> <Opcode : 'add' 'sub'> <InPorts = 2> <OutPorts = 1>
ST_1 : Operation 512 [1/1] (0.00ns)   --->   "%mult_876 = partselect i10 @_ssdm_op_PartSelect.i10.i17.i32.i32, i17 %sub_ln73_10, i32 7, i32 16" [firmware/nnet_utils/nnet_dense_latency.h:42]   --->   Operation 512 'partselect' 'mult_876' <Predicate = true> <Delay = 0.00>
ST_1 : Operation 513 [1/1] (0.00ns)   --->   "%sext_ln17_403 = sext i10 %mult_876" [firmware/nnet_utils/nnet_dense_latency.h:17]   --->   Operation 513 'sext' 'sext_ln17_403' <Predicate = true> <Delay = 0.00>
ST_1 : Operation 514 [1/1] (0.00ns)   --->   "%tmp_559 = bitconcatenate i18 @_ssdm_op_BitConcatenate.i18.i16.i2, i16 %a_180, i2 0" [firmware/nnet_utils/nnet_mult.h:73->firmware/nnet_utils/nnet_dense_latency.h:42]   --->   Operation 514 'bitconcatenate' 'tmp_559' <Predicate = true> <Delay = 0.00>
ST_1 : Operation 515 [1/1] (0.00ns)   --->   "%sext_ln73_866 = sext i18 %tmp_559" [firmware/nnet_utils/nnet_mult.h:73->firmware/nnet_utils/nnet_dense_latency.h:42]   --->   Operation 515 'sext' 'sext_ln73_866' <Predicate = true> <Delay = 0.00>
ST_1 : Operation 516 [1/1] (0.00ns) (grouped into TernaryAdder)   --->   "%sub_ln73_509 = sub i20 0, i20 %sext_ln73_866" [firmware/nnet_utils/nnet_mult.h:73->firmware/nnet_utils/nnet_dense_latency.h:42]   --->   Operation 516 'sub' 'sub_ln73_509' <Predicate = true> <Delay = 0.00> <CoreInst = "TAddSub">   --->   Core 10 'TAddSub' <Latency = 0> <II = 1> <Delay = 0.49> <IPBlock> <Opcode : 'add' 'sub'> <InPorts = 3> <OutPorts = 1> <Sync> <CReg>
ST_1 : Operation 517 [1/1] (1.01ns) (root node of TernaryAdder)   --->   "%sub_ln73_510 = sub i20 %sub_ln73_509, i20 %sext_ln73_472" [firmware/nnet_utils/nnet_mult.h:73->firmware/nnet_utils/nnet_dense_latency.h:42]   --->   Operation 517 'sub' 'sub_ln73_510' <Predicate = true> <Delay = 1.01> <CoreInst = "TAddSub">   --->   Core 10 'TAddSub' <Latency = 0> <II = 1> <Delay = 0.49> <IPBlock> <Opcode : 'add' 'sub'> <InPorts = 3> <OutPorts = 1> <Sync> <CReg>
ST_1 : Operation 518 [1/1] (0.00ns)   --->   "%mult_877 = partselect i13 @_ssdm_op_PartSelect.i13.i20.i32.i32, i20 %sub_ln73_510, i32 7, i32 19" [firmware/nnet_utils/nnet_dense_latency.h:42]   --->   Operation 518 'partselect' 'mult_877' <Predicate = true> <Delay = 0.00>
ST_1 : Operation 519 [1/1] (0.00ns)   --->   "%mult_878 = partselect i14 @_ssdm_op_PartSelect.i14.i16.i32.i32, i16 %a_180, i32 2, i32 15" [firmware/nnet_utils/nnet_dense_latency.h:42]   --->   Operation 519 'partselect' 'mult_878' <Predicate = true> <Delay = 0.00>
ST_1 : Operation 520 [1/1] (0.00ns)   --->   "%a_181 = load i16 %p_ZZN4nnet24compute_output_buffer_2dINS_5arrayI8ap_fixedILi16ELi6EL9ap_q_mode5EL9_261"   --->   Operation 520 'load' 'a_181' <Predicate = true> <Delay = 0.00>
ST_1 : Operation 521 [1/1] (0.00ns)   --->   "%sext_ln73_476 = sext i16 %a_181" [firmware/nnet_utils/nnet_mult.h:73->firmware/nnet_utils/nnet_dense_latency.h:42]   --->   Operation 521 'sext' 'sext_ln73_476' <Predicate = true> <Delay = 0.00>
ST_1 : Operation 522 [1/1] (0.00ns)   --->   "%sext_ln73_477 = sext i16 %a_181" [firmware/nnet_utils/nnet_mult.h:73->firmware/nnet_utils/nnet_dense_latency.h:42]   --->   Operation 522 'sext' 'sext_ln73_477' <Predicate = true> <Delay = 0.00>
ST_1 : Operation 523 [1/1] (0.00ns)   --->   "%sext_ln73_478 = sext i16 %a_181" [firmware/nnet_utils/nnet_mult.h:73->firmware/nnet_utils/nnet_dense_latency.h:42]   --->   Operation 523 'sext' 'sext_ln73_478' <Predicate = true> <Delay = 0.00>
ST_1 : Operation 524 [1/1] (0.00ns)   --->   "%tmp_560 = bitconcatenate i18 @_ssdm_op_BitConcatenate.i18.i16.i2, i16 %a_181, i2 0" [firmware/nnet_utils/nnet_mult.h:73->firmware/nnet_utils/nnet_dense_latency.h:42]   --->   Operation 524 'bitconcatenate' 'tmp_560' <Predicate = true> <Delay = 0.00>
ST_1 : Operation 525 [1/1] (0.00ns)   --->   "%sext_ln73_867 = sext i18 %tmp_560" [firmware/nnet_utils/nnet_mult.h:73->firmware/nnet_utils/nnet_dense_latency.h:42]   --->   Operation 525 'sext' 'sext_ln73_867' <Predicate = true> <Delay = 0.00>
ST_1 : Operation 526 [1/1] (1.42ns)   --->   "%sub_ln73_511 = sub i19 0, i19 %sext_ln73_867" [firmware/nnet_utils/nnet_mult.h:73->firmware/nnet_utils/nnet_dense_latency.h:42]   --->   Operation 526 'sub' 'sub_ln73_511' <Predicate = true> <Delay = 1.42> <CoreInst = "Adder">   --->   Core 1 'Adder' <Latency = 0> <II = 1> <Delay = 1.42> <FuncUnit> <Opcode : 'add' 'sub'> <InPorts = 2> <OutPorts = 1>
ST_1 : Operation 527 [1/1] (0.00ns)   --->   "%mult_879 = partselect i12 @_ssdm_op_PartSelect.i12.i19.i32.i32, i19 %sub_ln73_511, i32 7, i32 18" [firmware/nnet_utils/nnet_dense_latency.h:42]   --->   Operation 527 'partselect' 'mult_879' <Predicate = true> <Delay = 0.00>
ST_1 : Operation 528 [1/1] (0.00ns)   --->   "%sext_ln17_405 = sext i12 %mult_879" [firmware/nnet_utils/nnet_dense_latency.h:17]   --->   Operation 528 'sext' 'sext_ln17_405' <Predicate = true> <Delay = 0.00>
ST_1 : Operation 529 [1/1] (3.57ns)   --->   "%mul_ln73_367 = mul i23 %sext_ln73_477, i23 45" [firmware/nnet_utils/nnet_mult.h:73->firmware/nnet_utils/nnet_dense_latency.h:42]   --->   Operation 529 'mul' 'mul_ln73_367' <Predicate = true> <Delay = 3.57> <CoreInst = "Multiplier">   --->   Core 3 'Multiplier' <Latency = 0> <II = 1> <Delay = 3.57> <FuncUnit> <Opcode : 'mul'> <InPorts = 2> <OutPorts = 1>
ST_1 : Operation 530 [1/1] (0.00ns)   --->   "%mult_880 = partselect i16 @_ssdm_op_PartSelect.i16.i23.i32.i32, i23 %mul_ln73_367, i32 7, i32 22" [firmware/nnet_utils/nnet_dense_latency.h:42]   --->   Operation 530 'partselect' 'mult_880' <Predicate = true> <Delay = 0.00>
ST_1 : Operation 531 [1/1] (0.00ns)   --->   "%tmp_561 = bitconcatenate i20 @_ssdm_op_BitConcatenate.i20.i16.i4, i16 %a_181, i4 0" [firmware/nnet_utils/nnet_mult.h:73->firmware/nnet_utils/nnet_dense_latency.h:42]   --->   Operation 531 'bitconcatenate' 'tmp_561' <Predicate = true> <Delay = 0.00>
ST_1 : Operation 532 [1/1] (0.00ns)   --->   "%sext_ln73_868 = sext i20 %tmp_561" [firmware/nnet_utils/nnet_mult.h:73->firmware/nnet_utils/nnet_dense_latency.h:42]   --->   Operation 532 'sext' 'sext_ln73_868' <Predicate = true> <Delay = 0.00>
ST_1 : Operation 533 [1/1] (1.43ns)   --->   "%sub_ln73_512 = sub i21 %sext_ln73_868, i21 %sext_ln73_476" [firmware/nnet_utils/nnet_mult.h:73->firmware/nnet_utils/nnet_dense_latency.h:42]   --->   Operation 533 'sub' 'sub_ln73_512' <Predicate = true> <Delay = 1.43> <CoreInst = "Adder">   --->   Core 1 'Adder' <Latency = 0> <II = 1> <Delay = 1.43> <FuncUnit> <Opcode : 'add' 'sub'> <InPorts = 2> <OutPorts = 1>
ST_1 : Operation 534 [1/1] (0.00ns)   --->   "%mult_881 = partselect i14 @_ssdm_op_PartSelect.i14.i21.i32.i32, i21 %sub_ln73_512, i32 7, i32 20" [firmware/nnet_utils/nnet_dense_latency.h:42]   --->   Operation 534 'partselect' 'mult_881' <Predicate = true> <Delay = 0.00>
ST_1 : Operation 535 [1/1] (0.00ns)   --->   "%sext_ln73_869 = sext i20 %tmp_561" [firmware/nnet_utils/nnet_mult.h:73->firmware/nnet_utils/nnet_dense_latency.h:42]   --->   Operation 535 'sext' 'sext_ln73_869' <Predicate = true> <Delay = 0.00>
ST_1 : Operation 536 [1/1] (0.00ns) (grouped into TernaryAdder)   --->   "%sub_ln73_513 = sub i22 0, i22 %sext_ln73_869" [firmware/nnet_utils/nnet_mult.h:73->firmware/nnet_utils/nnet_dense_latency.h:42]   --->   Operation 536 'sub' 'sub_ln73_513' <Predicate = true> <Delay = 0.00> <CoreInst = "TAddSub">   --->   Core 10 'TAddSub' <Latency = 0> <II = 1> <Delay = 0.49> <IPBlock> <Opcode : 'add' 'sub'> <InPorts = 3> <OutPorts = 1> <Sync> <CReg>
ST_1 : Operation 537 [1/1] (0.00ns)   --->   "%sext_ln73_870 = sext i18 %tmp_560" [firmware/nnet_utils/nnet_mult.h:73->firmware/nnet_utils/nnet_dense_latency.h:42]   --->   Operation 537 'sext' 'sext_ln73_870' <Predicate = true> <Delay = 0.00>
ST_1 : Operation 538 [1/1] (1.02ns) (root node of TernaryAdder)   --->   "%sub_ln73_514 = sub i22 %sub_ln73_513, i22 %sext_ln73_870" [firmware/nnet_utils/nnet_mult.h:73->firmware/nnet_utils/nnet_dense_latency.h:42]   --->   Operation 538 'sub' 'sub_ln73_514' <Predicate = true> <Delay = 1.02> <CoreInst = "TAddSub">   --->   Core 10 'TAddSub' <Latency = 0> <II = 1> <Delay = 0.49> <IPBlock> <Opcode : 'add' 'sub'> <InPorts = 3> <OutPorts = 1> <Sync> <CReg>
ST_1 : Operation 539 [1/1] (0.00ns)   --->   "%mult_882 = partselect i15 @_ssdm_op_PartSelect.i15.i22.i32.i32, i22 %sub_ln73_514, i32 7, i32 21" [firmware/nnet_utils/nnet_dense_latency.h:42]   --->   Operation 539 'partselect' 'mult_882' <Predicate = true> <Delay = 0.00>
ST_1 : Operation 540 [1/1] (0.00ns)   --->   "%sext_ln42_395 = sext i15 %mult_882" [firmware/nnet_utils/nnet_dense_latency.h:42]   --->   Operation 540 'sext' 'sext_ln42_395' <Predicate = true> <Delay = 0.00>
ST_1 : Operation 541 [1/1] (3.57ns)   --->   "%mul_ln73_368 = mul i23 %sext_ln73_477, i23 8388573" [firmware/nnet_utils/nnet_mult.h:73->firmware/nnet_utils/nnet_dense_latency.h:42]   --->   Operation 541 'mul' 'mul_ln73_368' <Predicate = true> <Delay = 3.57> <CoreInst = "Multiplier">   --->   Core 3 'Multiplier' <Latency = 0> <II = 1> <Delay = 3.57> <FuncUnit> <Opcode : 'mul'> <InPorts = 2> <OutPorts = 1>
ST_1 : Operation 542 [1/1] (0.00ns)   --->   "%mult_883 = partselect i16 @_ssdm_op_PartSelect.i16.i23.i32.i32, i23 %mul_ln73_368, i32 7, i32 22" [firmware/nnet_utils/nnet_dense_latency.h:42]   --->   Operation 542 'partselect' 'mult_883' <Predicate = true> <Delay = 0.00>
ST_1 : Operation 543 [1/1] (1.42ns)   --->   "%sub_ln73_515 = sub i19 %sext_ln73_867, i19 %sext_ln73_478" [firmware/nnet_utils/nnet_mult.h:73->firmware/nnet_utils/nnet_dense_latency.h:42]   --->   Operation 543 'sub' 'sub_ln73_515' <Predicate = true> <Delay = 1.42> <CoreInst = "Adder">   --->   Core 1 'Adder' <Latency = 0> <II = 1> <Delay = 1.42> <FuncUnit> <Opcode : 'add' 'sub'> <InPorts = 2> <OutPorts = 1>
ST_1 : Operation 544 [1/1] (0.00ns)   --->   "%mult_884 = partselect i12 @_ssdm_op_PartSelect.i12.i19.i32.i32, i19 %sub_ln73_515, i32 7, i32 18" [firmware/nnet_utils/nnet_dense_latency.h:42]   --->   Operation 544 'partselect' 'mult_884' <Predicate = true> <Delay = 0.00>
ST_1 : Operation 545 [1/1] (0.00ns)   --->   "%sext_ln17_406 = sext i12 %mult_884" [firmware/nnet_utils/nnet_dense_latency.h:17]   --->   Operation 545 'sext' 'sext_ln17_406' <Predicate = true> <Delay = 0.00>
ST_1 : Operation 546 [1/1] (0.00ns)   --->   "%tmp_562 = bitconcatenate i21 @_ssdm_op_BitConcatenate.i21.i16.i5, i16 %a_181, i5 0" [firmware/nnet_utils/nnet_mult.h:73->firmware/nnet_utils/nnet_dense_latency.h:42]   --->   Operation 546 'bitconcatenate' 'tmp_562' <Predicate = true> <Delay = 0.00>
ST_1 : Operation 547 [1/1] (0.00ns)   --->   "%sext_ln73_871 = sext i21 %tmp_562" [firmware/nnet_utils/nnet_mult.h:73->firmware/nnet_utils/nnet_dense_latency.h:42]   --->   Operation 547 'sext' 'sext_ln73_871' <Predicate = true> <Delay = 0.00>
ST_1 : Operation 548 [1/1] (1.43ns)   --->   "%sub_ln73_516 = sub i22 %sext_ln73_870, i22 %sext_ln73_871" [firmware/nnet_utils/nnet_mult.h:73->firmware/nnet_utils/nnet_dense_latency.h:42]   --->   Operation 548 'sub' 'sub_ln73_516' <Predicate = true> <Delay = 1.43> <CoreInst = "Adder">   --->   Core 1 'Adder' <Latency = 0> <II = 1> <Delay = 1.43> <FuncUnit> <Opcode : 'add' 'sub'> <InPorts = 2> <OutPorts = 1>
ST_1 : Operation 549 [1/1] (0.00ns)   --->   "%mult_885 = partselect i15 @_ssdm_op_PartSelect.i15.i22.i32.i32, i22 %sub_ln73_516, i32 7, i32 21" [firmware/nnet_utils/nnet_dense_latency.h:42]   --->   Operation 549 'partselect' 'mult_885' <Predicate = true> <Delay = 0.00>
ST_1 : Operation 550 [1/1] (0.00ns)   --->   "%sext_ln42_396 = sext i15 %mult_885" [firmware/nnet_utils/nnet_dense_latency.h:42]   --->   Operation 550 'sext' 'sext_ln42_396' <Predicate = true> <Delay = 0.00>
ST_1 : Operation 551 [1/1] (3.57ns)   --->   "%mul_ln73_369 = mul i23 %sext_ln73_477, i23 42" [firmware/nnet_utils/nnet_mult.h:73->firmware/nnet_utils/nnet_dense_latency.h:42]   --->   Operation 551 'mul' 'mul_ln73_369' <Predicate = true> <Delay = 3.57> <CoreInst = "Multiplier">   --->   Core 3 'Multiplier' <Latency = 0> <II = 1> <Delay = 3.57> <FuncUnit> <Opcode : 'mul'> <InPorts = 2> <OutPorts = 1>
ST_1 : Operation 552 [1/1] (0.00ns)   --->   "%mult_886 = partselect i16 @_ssdm_op_PartSelect.i16.i23.i32.i32, i23 %mul_ln73_369, i32 7, i32 22" [firmware/nnet_utils/nnet_dense_latency.h:42]   --->   Operation 552 'partselect' 'mult_886' <Predicate = true> <Delay = 0.00>
ST_1 : Operation 553 [1/1] (0.00ns)   --->   "%a_182 = load i16 %p_ZZN4nnet24compute_output_buffer_2dINS_5arrayI8ap_fixedILi16ELi6EL9ap_q_mode5EL9_262"   --->   Operation 553 'load' 'a_182' <Predicate = true> <Delay = 0.00>
ST_1 : Operation 554 [1/1] (0.00ns)   --->   "%sext_ln73_479 = sext i16 %a_182" [firmware/nnet_utils/nnet_mult.h:73->firmware/nnet_utils/nnet_dense_latency.h:42]   --->   Operation 554 'sext' 'sext_ln73_479' <Predicate = true> <Delay = 0.00>
ST_1 : Operation 555 [1/1] (0.00ns)   --->   "%sext_ln73_480 = sext i16 %a_182" [firmware/nnet_utils/nnet_mult.h:73->firmware/nnet_utils/nnet_dense_latency.h:42]   --->   Operation 555 'sext' 'sext_ln73_480' <Predicate = true> <Delay = 0.00>
ST_1 : Operation 556 [1/1] (0.00ns)   --->   "%sext_ln73_481 = sext i16 %a_182" [firmware/nnet_utils/nnet_mult.h:73->firmware/nnet_utils/nnet_dense_latency.h:42]   --->   Operation 556 'sext' 'sext_ln73_481' <Predicate = true> <Delay = 0.00>
ST_1 : Operation 557 [1/1] (0.00ns)   --->   "%sext_ln73_482 = sext i16 %a_182" [firmware/nnet_utils/nnet_mult.h:73->firmware/nnet_utils/nnet_dense_latency.h:42]   --->   Operation 557 'sext' 'sext_ln73_482' <Predicate = true> <Delay = 0.00>
ST_1 : Operation 558 [1/1] (0.00ns)   --->   "%tmp_563 = bitconcatenate i17 @_ssdm_op_BitConcatenate.i17.i16.i1, i16 %a_182, i1 0" [firmware/nnet_utils/nnet_mult.h:73->firmware/nnet_utils/nnet_dense_latency.h:42]   --->   Operation 558 'bitconcatenate' 'tmp_563' <Predicate = true> <Delay = 0.00>
ST_1 : Operation 559 [1/1] (0.00ns)   --->   "%sext_ln73_872 = sext i17 %tmp_563" [firmware/nnet_utils/nnet_mult.h:73->firmware/nnet_utils/nnet_dense_latency.h:42]   --->   Operation 559 'sext' 'sext_ln73_872' <Predicate = true> <Delay = 0.00>
ST_1 : Operation 560 [1/1] (1.42ns)   --->   "%sub_ln73_517 = sub i18 0, i18 %sext_ln73_872" [firmware/nnet_utils/nnet_mult.h:73->firmware/nnet_utils/nnet_dense_latency.h:42]   --->   Operation 560 'sub' 'sub_ln73_517' <Predicate = true> <Delay = 1.42> <CoreInst = "Adder">   --->   Core 1 'Adder' <Latency = 0> <II = 1> <Delay = 1.42> <FuncUnit> <Opcode : 'add' 'sub'> <InPorts = 2> <OutPorts = 1>
ST_1 : Operation 561 [1/1] (0.00ns)   --->   "%mult_887 = partselect i11 @_ssdm_op_PartSelect.i11.i18.i32.i32, i18 %sub_ln73_517, i32 7, i32 17" [firmware/nnet_utils/nnet_dense_latency.h:42]   --->   Operation 561 'partselect' 'mult_887' <Predicate = true> <Delay = 0.00>
ST_1 : Operation 562 [1/1] (0.00ns)   --->   "%sext_ln17_407 = sext i11 %mult_887" [firmware/nnet_utils/nnet_dense_latency.h:17]   --->   Operation 562 'sext' 'sext_ln17_407' <Predicate = true> <Delay = 0.00>
ST_1 : Operation 563 [1/1] (3.57ns)   --->   "%mul_ln73_370 = mul i21 %sext_ln73_482, i21 2097141" [firmware/nnet_utils/nnet_mult.h:73->firmware/nnet_utils/nnet_dense_latency.h:42]   --->   Operation 563 'mul' 'mul_ln73_370' <Predicate = true> <Delay = 3.57> <CoreInst = "Multiplier">   --->   Core 3 'Multiplier' <Latency = 0> <II = 1> <Delay = 3.57> <FuncUnit> <Opcode : 'mul'> <InPorts = 2> <OutPorts = 1>
ST_1 : Operation 564 [1/1] (0.00ns)   --->   "%mult_888 = partselect i14 @_ssdm_op_PartSelect.i14.i21.i32.i32, i21 %mul_ln73_370, i32 7, i32 20" [firmware/nnet_utils/nnet_dense_latency.h:42]   --->   Operation 564 'partselect' 'mult_888' <Predicate = true> <Delay = 0.00>
ST_1 : Operation 565 [1/1] (0.00ns)   --->   "%tmp_564 = bitconcatenate i18 @_ssdm_op_BitConcatenate.i18.i16.i2, i16 %a_182, i2 0" [firmware/nnet_utils/nnet_mult.h:73->firmware/nnet_utils/nnet_dense_latency.h:42]   --->   Operation 565 'bitconcatenate' 'tmp_564' <Predicate = true> <Delay = 0.00>
ST_1 : Operation 566 [1/1] (0.00ns)   --->   "%sext_ln73_873 = sext i18 %tmp_564" [firmware/nnet_utils/nnet_mult.h:73->firmware/nnet_utils/nnet_dense_latency.h:42]   --->   Operation 566 'sext' 'sext_ln73_873' <Predicate = true> <Delay = 0.00>
ST_1 : Operation 567 [1/1] (1.42ns)   --->   "%sub_ln73_518 = sub i19 %sext_ln73_481, i19 %sext_ln73_873" [firmware/nnet_utils/nnet_mult.h:73->firmware/nnet_utils/nnet_dense_latency.h:42]   --->   Operation 567 'sub' 'sub_ln73_518' <Predicate = true> <Delay = 1.42> <CoreInst = "Adder">   --->   Core 1 'Adder' <Latency = 0> <II = 1> <Delay = 1.42> <FuncUnit> <Opcode : 'add' 'sub'> <InPorts = 2> <OutPorts = 1>
ST_1 : Operation 568 [1/1] (0.00ns)   --->   "%mult_889 = partselect i12 @_ssdm_op_PartSelect.i12.i19.i32.i32, i19 %sub_ln73_518, i32 7, i32 18" [firmware/nnet_utils/nnet_dense_latency.h:42]   --->   Operation 568 'partselect' 'mult_889' <Predicate = true> <Delay = 0.00>
ST_1 : Operation 569 [1/1] (0.00ns)   --->   "%tmp_565 = bitconcatenate i21 @_ssdm_op_BitConcatenate.i21.i16.i5, i16 %a_182, i5 0" [firmware/nnet_utils/nnet_mult.h:73->firmware/nnet_utils/nnet_dense_latency.h:42]   --->   Operation 569 'bitconcatenate' 'tmp_565' <Predicate = true> <Delay = 0.00>
ST_1 : Operation 570 [1/1] (0.00ns)   --->   "%sext_ln73_874 = sext i21 %tmp_565" [firmware/nnet_utils/nnet_mult.h:73->firmware/nnet_utils/nnet_dense_latency.h:42]   --->   Operation 570 'sext' 'sext_ln73_874' <Predicate = true> <Delay = 0.00>
ST_1 : Operation 571 [1/1] (1.43ns)   --->   "%sub_ln73_519 = sub i22 %sext_ln73_480, i22 %sext_ln73_874" [firmware/nnet_utils/nnet_mult.h:73->firmware/nnet_utils/nnet_dense_latency.h:42]   --->   Operation 571 'sub' 'sub_ln73_519' <Predicate = true> <Delay = 1.43> <CoreInst = "Adder">   --->   Core 1 'Adder' <Latency = 0> <II = 1> <Delay = 1.43> <FuncUnit> <Opcode : 'add' 'sub'> <InPorts = 2> <OutPorts = 1>
ST_1 : Operation 572 [1/1] (0.00ns)   --->   "%mult_890 = partselect i15 @_ssdm_op_PartSelect.i15.i22.i32.i32, i22 %sub_ln73_519, i32 7, i32 21" [firmware/nnet_utils/nnet_dense_latency.h:42]   --->   Operation 572 'partselect' 'mult_890' <Predicate = true> <Delay = 0.00>
ST_1 : Operation 573 [1/1] (0.00ns)   --->   "%sext_ln42_397 = sext i15 %mult_890" [firmware/nnet_utils/nnet_dense_latency.h:42]   --->   Operation 573 'sext' 'sext_ln42_397' <Predicate = true> <Delay = 0.00>
ST_1 : Operation 574 [1/1] (1.41ns)   --->   "%sub_ln73_11 = sub i17 0, i17 %sext_ln73_479" [firmware/nnet_utils/nnet_mult.h:73->firmware/nnet_utils/nnet_dense_latency.h:42]   --->   Operation 574 'sub' 'sub_ln73_11' <Predicate = true> <Delay = 1.41> <CoreInst = "Adder">   --->   Core 1 'Adder' <Latency = 0> <II = 1> <Delay = 1.41> <FuncUnit> <Opcode : 'add' 'sub'> <InPorts = 2> <OutPorts = 1>
ST_1 : Operation 575 [1/1] (0.00ns)   --->   "%mult_891 = partselect i10 @_ssdm_op_PartSelect.i10.i17.i32.i32, i17 %sub_ln73_11, i32 7, i32 16" [firmware/nnet_utils/nnet_dense_latency.h:42]   --->   Operation 575 'partselect' 'mult_891' <Predicate = true> <Delay = 0.00>
ST_1 : Operation 576 [1/1] (0.00ns)   --->   "%tmp_566 = bitconcatenate i20 @_ssdm_op_BitConcatenate.i20.i16.i4, i16 %a_182, i4 0" [firmware/nnet_utils/nnet_mult.h:73->firmware/nnet_utils/nnet_dense_latency.h:42]   --->   Operation 576 'bitconcatenate' 'tmp_566' <Predicate = true> <Delay = 0.00>
ST_1 : Operation 577 [1/1] (0.00ns)   --->   "%sext_ln73_875 = sext i20 %tmp_566" [firmware/nnet_utils/nnet_mult.h:73->firmware/nnet_utils/nnet_dense_latency.h:42]   --->   Operation 577 'sext' 'sext_ln73_875' <Predicate = true> <Delay = 0.00>
ST_1 : Operation 578 [1/1] (0.00ns)   --->   "%sext_ln73_876 = sext i18 %tmp_564" [firmware/nnet_utils/nnet_mult.h:73->firmware/nnet_utils/nnet_dense_latency.h:42]   --->   Operation 578 'sext' 'sext_ln73_876' <Predicate = true> <Delay = 0.00>
ST_1 : Operation 579 [1/1] (1.43ns)   --->   "%sub_ln73_520 = sub i21 %sext_ln73_875, i21 %sext_ln73_876" [firmware/nnet_utils/nnet_mult.h:73->firmware/nnet_utils/nnet_dense_latency.h:42]   --->   Operation 579 'sub' 'sub_ln73_520' <Predicate = true> <Delay = 1.43> <CoreInst = "Adder">   --->   Core 1 'Adder' <Latency = 0> <II = 1> <Delay = 1.43> <FuncUnit> <Opcode : 'add' 'sub'> <InPorts = 2> <OutPorts = 1>
ST_1 : Operation 580 [1/1] (0.00ns)   --->   "%mult_892 = partselect i14 @_ssdm_op_PartSelect.i14.i21.i32.i32, i21 %sub_ln73_520, i32 7, i32 20" [firmware/nnet_utils/nnet_dense_latency.h:42]   --->   Operation 580 'partselect' 'mult_892' <Predicate = true> <Delay = 0.00>
ST_1 : Operation 581 [1/1] (0.00ns)   --->   "%tmp_567 = bitconcatenate i19 @_ssdm_op_BitConcatenate.i19.i16.i3, i16 %a_182, i3 0" [firmware/nnet_utils/nnet_mult.h:73->firmware/nnet_utils/nnet_dense_latency.h:42]   --->   Operation 581 'bitconcatenate' 'tmp_567' <Predicate = true> <Delay = 0.00>
ST_1 : Operation 582 [1/1] (0.00ns)   --->   "%sext_ln73_877 = sext i19 %tmp_567" [firmware/nnet_utils/nnet_mult.h:73->firmware/nnet_utils/nnet_dense_latency.h:42]   --->   Operation 582 'sext' 'sext_ln73_877' <Predicate = true> <Delay = 0.00>
ST_1 : Operation 583 [1/1] (0.00ns) (grouped into TernaryAdder)   --->   "%sub_ln73_521 = sub i21 0, i21 %sext_ln73_877" [firmware/nnet_utils/nnet_mult.h:73->firmware/nnet_utils/nnet_dense_latency.h:42]   --->   Operation 583 'sub' 'sub_ln73_521' <Predicate = true> <Delay = 0.00> <CoreInst = "TAddSub">   --->   Core 10 'TAddSub' <Latency = 0> <II = 1> <Delay = 0.49> <IPBlock> <Opcode : 'add' 'sub'> <InPorts = 3> <OutPorts = 1> <Sync> <CReg>
ST_1 : Operation 584 [1/1] (1.02ns) (root node of TernaryAdder)   --->   "%sub_ln73_522 = sub i21 %sub_ln73_521, i21 %sext_ln73_482" [firmware/nnet_utils/nnet_mult.h:73->firmware/nnet_utils/nnet_dense_latency.h:42]   --->   Operation 584 'sub' 'sub_ln73_522' <Predicate = true> <Delay = 1.02> <CoreInst = "TAddSub">   --->   Core 10 'TAddSub' <Latency = 0> <II = 1> <Delay = 0.49> <IPBlock> <Opcode : 'add' 'sub'> <InPorts = 3> <OutPorts = 1> <Sync> <CReg>
ST_1 : Operation 585 [1/1] (0.00ns)   --->   "%mult_893 = partselect i14 @_ssdm_op_PartSelect.i14.i21.i32.i32, i21 %sub_ln73_522, i32 7, i32 20" [firmware/nnet_utils/nnet_dense_latency.h:42]   --->   Operation 585 'partselect' 'mult_893' <Predicate = true> <Delay = 0.00>
ST_1 : Operation 586 [1/1] (0.00ns)   --->   "%mult_894 = partselect i12 @_ssdm_op_PartSelect.i12.i16.i32.i32, i16 %a_182, i32 4, i32 15" [firmware/nnet_utils/nnet_dense_latency.h:42]   --->   Operation 586 'partselect' 'mult_894' <Predicate = true> <Delay = 0.00>
ST_1 : Operation 587 [1/1] (0.00ns)   --->   "%sext_ln17_412 = sext i12 %mult_894" [firmware/nnet_utils/nnet_dense_latency.h:17]   --->   Operation 587 'sext' 'sext_ln17_412' <Predicate = true> <Delay = 0.00>
ST_1 : Operation 588 [1/1] (0.00ns)   --->   "%a_183 = load i16 %p_ZZN4nnet24compute_output_buffer_2dINS_5arrayI8ap_fixedILi16ELi6EL9ap_q_mode5EL9_263"   --->   Operation 588 'load' 'a_183' <Predicate = true> <Delay = 0.00>
ST_1 : Operation 589 [1/1] (0.00ns)   --->   "%sext_ln73_484 = sext i16 %a_183" [firmware/nnet_utils/nnet_mult.h:73->firmware/nnet_utils/nnet_dense_latency.h:42]   --->   Operation 589 'sext' 'sext_ln73_484' <Predicate = true> <Delay = 0.00>
ST_1 : Operation 590 [1/1] (0.00ns)   --->   "%sext_ln73_486 = sext i16 %a_183" [firmware/nnet_utils/nnet_mult.h:73->firmware/nnet_utils/nnet_dense_latency.h:42]   --->   Operation 590 'sext' 'sext_ln73_486' <Predicate = true> <Delay = 0.00>
ST_1 : Operation 591 [1/1] (0.00ns)   --->   "%sext_ln73_487 = sext i16 %a_183" [firmware/nnet_utils/nnet_mult.h:73->firmware/nnet_utils/nnet_dense_latency.h:42]   --->   Operation 591 'sext' 'sext_ln73_487' <Predicate = true> <Delay = 0.00>
ST_1 : Operation 592 [1/1] (0.00ns)   --->   "%tmp_568 = bitconcatenate i18 @_ssdm_op_BitConcatenate.i18.i16.i2, i16 %a_183, i2 0" [firmware/nnet_utils/nnet_mult.h:73->firmware/nnet_utils/nnet_dense_latency.h:42]   --->   Operation 592 'bitconcatenate' 'tmp_568' <Predicate = true> <Delay = 0.00>
ST_1 : Operation 593 [1/1] (0.00ns)   --->   "%sext_ln73_878 = sext i18 %tmp_568" [firmware/nnet_utils/nnet_mult.h:73->firmware/nnet_utils/nnet_dense_latency.h:42]   --->   Operation 593 'sext' 'sext_ln73_878' <Predicate = true> <Delay = 0.00>
ST_1 : Operation 594 [1/1] (1.42ns)   --->   "%sub_ln73_523 = sub i19 0, i19 %sext_ln73_878" [firmware/nnet_utils/nnet_mult.h:73->firmware/nnet_utils/nnet_dense_latency.h:42]   --->   Operation 594 'sub' 'sub_ln73_523' <Predicate = true> <Delay = 1.42> <CoreInst = "Adder">   --->   Core 1 'Adder' <Latency = 0> <II = 1> <Delay = 1.42> <FuncUnit> <Opcode : 'add' 'sub'> <InPorts = 2> <OutPorts = 1>
ST_1 : Operation 595 [1/1] (0.00ns)   --->   "%mult_895 = partselect i12 @_ssdm_op_PartSelect.i12.i19.i32.i32, i19 %sub_ln73_523, i32 7, i32 18" [firmware/nnet_utils/nnet_dense_latency.h:42]   --->   Operation 595 'partselect' 'mult_895' <Predicate = true> <Delay = 0.00>
ST_1 : Operation 596 [1/1] (0.00ns)   --->   "%sext_ln17_413 = sext i12 %mult_895" [firmware/nnet_utils/nnet_dense_latency.h:17]   --->   Operation 596 'sext' 'sext_ln17_413' <Predicate = true> <Delay = 0.00>
ST_1 : Operation 597 [1/1] (3.57ns)   --->   "%mul_ln73_371 = mul i22 %sext_ln73_487, i22 4194281" [firmware/nnet_utils/nnet_mult.h:73->firmware/nnet_utils/nnet_dense_latency.h:42]   --->   Operation 597 'mul' 'mul_ln73_371' <Predicate = true> <Delay = 3.57> <CoreInst = "Multiplier">   --->   Core 3 'Multiplier' <Latency = 0> <II = 1> <Delay = 3.57> <FuncUnit> <Opcode : 'mul'> <InPorts = 2> <OutPorts = 1>
ST_1 : Operation 598 [1/1] (0.00ns)   --->   "%mult_896 = partselect i15 @_ssdm_op_PartSelect.i15.i22.i32.i32, i22 %mul_ln73_371, i32 7, i32 21" [firmware/nnet_utils/nnet_dense_latency.h:42]   --->   Operation 598 'partselect' 'mult_896' <Predicate = true> <Delay = 0.00>
ST_1 : Operation 599 [1/1] (0.00ns)   --->   "%tmp_569 = bitconcatenate i19 @_ssdm_op_BitConcatenate.i19.i16.i3, i16 %a_183, i3 0" [firmware/nnet_utils/nnet_mult.h:73->firmware/nnet_utils/nnet_dense_latency.h:42]   --->   Operation 599 'bitconcatenate' 'tmp_569' <Predicate = true> <Delay = 0.00>
ST_1 : Operation 600 [1/1] (0.00ns)   --->   "%sext_ln73_879 = sext i19 %tmp_569" [firmware/nnet_utils/nnet_mult.h:73->firmware/nnet_utils/nnet_dense_latency.h:42]   --->   Operation 600 'sext' 'sext_ln73_879' <Predicate = true> <Delay = 0.00>
ST_1 : Operation 601 [1/1] (0.00ns) (grouped into TernaryAdder)   --->   "%sub_ln73_524 = sub i21 0, i21 %sext_ln73_879" [firmware/nnet_utils/nnet_mult.h:73->firmware/nnet_utils/nnet_dense_latency.h:42]   --->   Operation 601 'sub' 'sub_ln73_524' <Predicate = true> <Delay = 0.00> <CoreInst = "TAddSub">   --->   Core 10 'TAddSub' <Latency = 0> <II = 1> <Delay = 0.49> <IPBlock> <Opcode : 'add' 'sub'> <InPorts = 3> <OutPorts = 1> <Sync> <CReg>
ST_1 : Operation 602 [1/1] (1.02ns) (root node of TernaryAdder)   --->   "%sub_ln73_525 = sub i21 %sub_ln73_524, i21 %sext_ln73_486" [firmware/nnet_utils/nnet_mult.h:73->firmware/nnet_utils/nnet_dense_latency.h:42]   --->   Operation 602 'sub' 'sub_ln73_525' <Predicate = true> <Delay = 1.02> <CoreInst = "TAddSub">   --->   Core 10 'TAddSub' <Latency = 0> <II = 1> <Delay = 0.49> <IPBlock> <Opcode : 'add' 'sub'> <InPorts = 3> <OutPorts = 1> <Sync> <CReg>
ST_1 : Operation 603 [1/1] (0.00ns)   --->   "%mult_897 = partselect i14 @_ssdm_op_PartSelect.i14.i21.i32.i32, i21 %sub_ln73_525, i32 7, i32 20" [firmware/nnet_utils/nnet_dense_latency.h:42]   --->   Operation 603 'partselect' 'mult_897' <Predicate = true> <Delay = 0.00>
ST_1 : Operation 604 [1/1] (0.00ns)   --->   "%tmp_570 = bitconcatenate i20 @_ssdm_op_BitConcatenate.i20.i16.i4, i16 %a_183, i4 0" [firmware/nnet_utils/nnet_mult.h:73->firmware/nnet_utils/nnet_dense_latency.h:42]   --->   Operation 604 'bitconcatenate' 'tmp_570' <Predicate = true> <Delay = 0.00>
ST_1 : Operation 605 [1/1] (0.00ns)   --->   "%sext_ln73_880 = sext i20 %tmp_570" [firmware/nnet_utils/nnet_mult.h:73->firmware/nnet_utils/nnet_dense_latency.h:42]   --->   Operation 605 'sext' 'sext_ln73_880' <Predicate = true> <Delay = 0.00>
ST_1 : Operation 606 [1/1] (1.43ns)   --->   "%add_ln73_112 = add i22 %sext_ln73_880, i22 %sext_ln73_487" [firmware/nnet_utils/nnet_mult.h:73->firmware/nnet_utils/nnet_dense_latency.h:42]   --->   Operation 606 'add' 'add_ln73_112' <Predicate = true> <Delay = 1.43> <CoreInst = "Adder">   --->   Core 1 'Adder' <Latency = 0> <II = 1> <Delay = 1.43> <FuncUnit> <Opcode : 'add' 'sub'> <InPorts = 2> <OutPorts = 1>
ST_1 : Operation 607 [1/1] (0.00ns)   --->   "%mult_898 = partselect i15 @_ssdm_op_PartSelect.i15.i22.i32.i32, i22 %add_ln73_112, i32 7, i32 21" [firmware/nnet_utils/nnet_dense_latency.h:42]   --->   Operation 607 'partselect' 'mult_898' <Predicate = true> <Delay = 0.00>
ST_1 : Operation 608 [1/1] (0.00ns)   --->   "%tmp_571 = bitconcatenate i21 @_ssdm_op_BitConcatenate.i21.i16.i5, i16 %a_183, i5 0" [firmware/nnet_utils/nnet_mult.h:73->firmware/nnet_utils/nnet_dense_latency.h:42]   --->   Operation 608 'bitconcatenate' 'tmp_571' <Predicate = true> <Delay = 0.00>
ST_1 : Operation 609 [1/1] (0.00ns)   --->   "%sext_ln73_881 = sext i21 %tmp_571" [firmware/nnet_utils/nnet_mult.h:73->firmware/nnet_utils/nnet_dense_latency.h:42]   --->   Operation 609 'sext' 'sext_ln73_881' <Predicate = true> <Delay = 0.00>
ST_1 : Operation 610 [1/1] (0.00ns)   --->   "%tmp_572 = bitconcatenate i17 @_ssdm_op_BitConcatenate.i17.i16.i1, i16 %a_183, i1 0" [firmware/nnet_utils/nnet_mult.h:73->firmware/nnet_utils/nnet_dense_latency.h:42]   --->   Operation 610 'bitconcatenate' 'tmp_572' <Predicate = true> <Delay = 0.00>
ST_1 : Operation 611 [1/1] (0.00ns)   --->   "%sext_ln73_882 = sext i17 %tmp_572" [firmware/nnet_utils/nnet_mult.h:73->firmware/nnet_utils/nnet_dense_latency.h:42]   --->   Operation 611 'sext' 'sext_ln73_882' <Predicate = true> <Delay = 0.00>
ST_1 : Operation 612 [1/1] (1.43ns)   --->   "%add_ln73_113 = add i23 %sext_ln73_881, i23 %sext_ln73_882" [firmware/nnet_utils/nnet_mult.h:73->firmware/nnet_utils/nnet_dense_latency.h:42]   --->   Operation 612 'add' 'add_ln73_113' <Predicate = true> <Delay = 1.43> <CoreInst = "Adder">   --->   Core 1 'Adder' <Latency = 0> <II = 1> <Delay = 1.43> <FuncUnit> <Opcode : 'add' 'sub'> <InPorts = 2> <OutPorts = 1>
ST_1 : Operation 613 [1/1] (0.00ns)   --->   "%mult_899 = partselect i16 @_ssdm_op_PartSelect.i16.i23.i32.i32, i23 %add_ln73_113, i32 7, i32 22" [firmware/nnet_utils/nnet_dense_latency.h:42]   --->   Operation 613 'partselect' 'mult_899' <Predicate = true> <Delay = 0.00>
ST_1 : Operation 614 [1/1] (0.00ns) (grouped into TernaryAdder)   --->   "%sub_ln73_526 = sub i22 0, i22 %sext_ln73_880" [firmware/nnet_utils/nnet_mult.h:73->firmware/nnet_utils/nnet_dense_latency.h:42]   --->   Operation 614 'sub' 'sub_ln73_526' <Predicate = true> <Delay = 0.00> <CoreInst = "TAddSub">   --->   Core 10 'TAddSub' <Latency = 0> <II = 1> <Delay = 0.49> <IPBlock> <Opcode : 'add' 'sub'> <InPorts = 3> <OutPorts = 1> <Sync> <CReg>
ST_1 : Operation 615 [1/1] (0.00ns)   --->   "%sext_ln73_883 = sext i18 %tmp_568" [firmware/nnet_utils/nnet_mult.h:73->firmware/nnet_utils/nnet_dense_latency.h:42]   --->   Operation 615 'sext' 'sext_ln73_883' <Predicate = true> <Delay = 0.00>
ST_1 : Operation 616 [1/1] (1.02ns) (root node of TernaryAdder)   --->   "%sub_ln73_527 = sub i22 %sub_ln73_526, i22 %sext_ln73_883" [firmware/nnet_utils/nnet_mult.h:73->firmware/nnet_utils/nnet_dense_latency.h:42]   --->   Operation 616 'sub' 'sub_ln73_527' <Predicate = true> <Delay = 1.02> <CoreInst = "TAddSub">   --->   Core 10 'TAddSub' <Latency = 0> <II = 1> <Delay = 0.49> <IPBlock> <Opcode : 'add' 'sub'> <InPorts = 3> <OutPorts = 1> <Sync> <CReg>
ST_1 : Operation 617 [1/1] (0.00ns)   --->   "%mult_900 = partselect i15 @_ssdm_op_PartSelect.i15.i22.i32.i32, i22 %sub_ln73_527, i32 7, i32 21" [firmware/nnet_utils/nnet_dense_latency.h:42]   --->   Operation 617 'partselect' 'mult_900' <Predicate = true> <Delay = 0.00>
ST_1 : Operation 618 [1/1] (0.00ns)   --->   "%sext_ln73_884 = sext i19 %tmp_569" [firmware/nnet_utils/nnet_mult.h:73->firmware/nnet_utils/nnet_dense_latency.h:42]   --->   Operation 618 'sext' 'sext_ln73_884' <Predicate = true> <Delay = 0.00>
ST_1 : Operation 619 [1/1] (0.00ns)   --->   "%sext_ln73_885 = sext i17 %tmp_572" [firmware/nnet_utils/nnet_mult.h:73->firmware/nnet_utils/nnet_dense_latency.h:42]   --->   Operation 619 'sext' 'sext_ln73_885' <Predicate = true> <Delay = 0.00>
ST_1 : Operation 620 [1/1] (1.43ns)   --->   "%sub_ln73_528 = sub i20 %sext_ln73_885, i20 %sext_ln73_884" [firmware/nnet_utils/nnet_mult.h:73->firmware/nnet_utils/nnet_dense_latency.h:42]   --->   Operation 620 'sub' 'sub_ln73_528' <Predicate = true> <Delay = 1.43> <CoreInst = "Adder">   --->   Core 1 'Adder' <Latency = 0> <II = 1> <Delay = 1.43> <FuncUnit> <Opcode : 'add' 'sub'> <InPorts = 2> <OutPorts = 1>
ST_1 : Operation 621 [1/1] (0.00ns)   --->   "%mult_901 = partselect i13 @_ssdm_op_PartSelect.i13.i20.i32.i32, i20 %sub_ln73_528, i32 7, i32 19" [firmware/nnet_utils/nnet_dense_latency.h:42]   --->   Operation 621 'partselect' 'mult_901' <Predicate = true> <Delay = 0.00>
ST_1 : Operation 622 [1/1] (0.00ns)   --->   "%sext_ln17_415 = sext i13 %mult_901" [firmware/nnet_utils/nnet_dense_latency.h:17]   --->   Operation 622 'sext' 'sext_ln17_415' <Predicate = true> <Delay = 0.00>
ST_1 : Operation 623 [1/1] (0.00ns)   --->   "%sext_ln73_886 = sext i18 %tmp_568" [firmware/nnet_utils/nnet_mult.h:73->firmware/nnet_utils/nnet_dense_latency.h:42]   --->   Operation 623 'sext' 'sext_ln73_886' <Predicate = true> <Delay = 0.00>
ST_1 : Operation 624 [1/1] (1.42ns)   --->   "%add_ln73_114 = add i20 %sext_ln73_886, i20 %sext_ln73_484" [firmware/nnet_utils/nnet_mult.h:73->firmware/nnet_utils/nnet_dense_latency.h:42]   --->   Operation 624 'add' 'add_ln73_114' <Predicate = true> <Delay = 1.42> <CoreInst = "Adder">   --->   Core 1 'Adder' <Latency = 0> <II = 1> <Delay = 1.42> <FuncUnit> <Opcode : 'add' 'sub'> <InPorts = 2> <OutPorts = 1>
ST_1 : Operation 625 [1/1] (0.00ns)   --->   "%mult_902 = partselect i13 @_ssdm_op_PartSelect.i13.i20.i32.i32, i20 %add_ln73_114, i32 7, i32 19" [firmware/nnet_utils/nnet_dense_latency.h:42]   --->   Operation 625 'partselect' 'mult_902' <Predicate = true> <Delay = 0.00>
ST_1 : Operation 626 [1/1] (0.00ns)   --->   "%a_184 = load i16 %p_ZZN4nnet24compute_output_buffer_2dINS_5arrayI8ap_fixedILi16ELi6EL9ap_q_mode5EL9_264"   --->   Operation 626 'load' 'a_184' <Predicate = true> <Delay = 0.00>
ST_1 : Operation 627 [1/1] (0.00ns)   --->   "%sext_ln73_489 = sext i16 %a_184" [firmware/nnet_utils/nnet_mult.h:73->firmware/nnet_utils/nnet_dense_latency.h:42]   --->   Operation 627 'sext' 'sext_ln73_489' <Predicate = true> <Delay = 0.00>
ST_1 : Operation 628 [1/1] (0.00ns)   --->   "%sext_ln73_490 = sext i16 %a_184" [firmware/nnet_utils/nnet_mult.h:73->firmware/nnet_utils/nnet_dense_latency.h:42]   --->   Operation 628 'sext' 'sext_ln73_490' <Predicate = true> <Delay = 0.00>
ST_1 : Operation 629 [1/1] (0.00ns)   --->   "%sext_ln73_491 = sext i16 %a_184" [firmware/nnet_utils/nnet_mult.h:73->firmware/nnet_utils/nnet_dense_latency.h:42]   --->   Operation 629 'sext' 'sext_ln73_491' <Predicate = true> <Delay = 0.00>
ST_1 : Operation 630 [1/1] (3.57ns)   --->   "%mul_ln73_372 = mul i22 %sext_ln73_491, i22 4194282" [firmware/nnet_utils/nnet_mult.h:73->firmware/nnet_utils/nnet_dense_latency.h:42]   --->   Operation 630 'mul' 'mul_ln73_372' <Predicate = true> <Delay = 3.57> <CoreInst = "Multiplier">   --->   Core 3 'Multiplier' <Latency = 0> <II = 1> <Delay = 3.57> <FuncUnit> <Opcode : 'mul'> <InPorts = 2> <OutPorts = 1>
ST_1 : Operation 631 [1/1] (0.00ns)   --->   "%mult_903 = partselect i15 @_ssdm_op_PartSelect.i15.i22.i32.i32, i22 %mul_ln73_372, i32 7, i32 21" [firmware/nnet_utils/nnet_dense_latency.h:42]   --->   Operation 631 'partselect' 'mult_903' <Predicate = true> <Delay = 0.00>
ST_1 : Operation 632 [1/1] (0.00ns)   --->   "%tmp_573 = bitconcatenate i20 @_ssdm_op_BitConcatenate.i20.i16.i4, i16 %a_184, i4 0" [firmware/nnet_utils/nnet_mult.h:73->firmware/nnet_utils/nnet_dense_latency.h:42]   --->   Operation 632 'bitconcatenate' 'tmp_573' <Predicate = true> <Delay = 0.00>
ST_1 : Operation 633 [1/1] (0.00ns)   --->   "%sext_ln73_887 = sext i20 %tmp_573" [firmware/nnet_utils/nnet_mult.h:73->firmware/nnet_utils/nnet_dense_latency.h:42]   --->   Operation 633 'sext' 'sext_ln73_887' <Predicate = true> <Delay = 0.00>
ST_1 : Operation 634 [1/1] (0.00ns)   --->   "%tmp_574 = bitconcatenate i17 @_ssdm_op_BitConcatenate.i17.i16.i1, i16 %a_184, i1 0" [firmware/nnet_utils/nnet_mult.h:73->firmware/nnet_utils/nnet_dense_latency.h:42]   --->   Operation 634 'bitconcatenate' 'tmp_574' <Predicate = true> <Delay = 0.00>
ST_1 : Operation 635 [1/1] (0.00ns)   --->   "%sext_ln73_888 = sext i17 %tmp_574" [firmware/nnet_utils/nnet_mult.h:73->firmware/nnet_utils/nnet_dense_latency.h:42]   --->   Operation 635 'sext' 'sext_ln73_888' <Predicate = true> <Delay = 0.00>
ST_1 : Operation 636 [1/1] (1.43ns)   --->   "%sub_ln73_529 = sub i21 %sext_ln73_887, i21 %sext_ln73_888" [firmware/nnet_utils/nnet_mult.h:73->firmware/nnet_utils/nnet_dense_latency.h:42]   --->   Operation 636 'sub' 'sub_ln73_529' <Predicate = true> <Delay = 1.43> <CoreInst = "Adder">   --->   Core 1 'Adder' <Latency = 0> <II = 1> <Delay = 1.43> <FuncUnit> <Opcode : 'add' 'sub'> <InPorts = 2> <OutPorts = 1>
ST_1 : Operation 637 [1/1] (0.00ns)   --->   "%mult_904 = partselect i14 @_ssdm_op_PartSelect.i14.i21.i32.i32, i21 %sub_ln73_529, i32 7, i32 20" [firmware/nnet_utils/nnet_dense_latency.h:42]   --->   Operation 637 'partselect' 'mult_904' <Predicate = true> <Delay = 0.00>
ST_1 : Operation 638 [1/1] (3.57ns)   --->   "%mul_ln73_373 = mul i22 %sext_ln73_491, i22 4194277" [firmware/nnet_utils/nnet_mult.h:73->firmware/nnet_utils/nnet_dense_latency.h:42]   --->   Operation 638 'mul' 'mul_ln73_373' <Predicate = true> <Delay = 3.57> <CoreInst = "Multiplier">   --->   Core 3 'Multiplier' <Latency = 0> <II = 1> <Delay = 3.57> <FuncUnit> <Opcode : 'mul'> <InPorts = 2> <OutPorts = 1>
ST_1 : Operation 639 [1/1] (0.00ns)   --->   "%mult_905 = partselect i15 @_ssdm_op_PartSelect.i15.i22.i32.i32, i22 %mul_ln73_373, i32 7, i32 21" [firmware/nnet_utils/nnet_dense_latency.h:42]   --->   Operation 639 'partselect' 'mult_905' <Predicate = true> <Delay = 0.00>
ST_1 : Operation 640 [1/1] (3.57ns)   --->   "%mul_ln73_374 = mul i21 %sext_ln73_490, i21 2097141" [firmware/nnet_utils/nnet_mult.h:73->firmware/nnet_utils/nnet_dense_latency.h:42]   --->   Operation 640 'mul' 'mul_ln73_374' <Predicate = true> <Delay = 3.57> <CoreInst = "Multiplier">   --->   Core 3 'Multiplier' <Latency = 0> <II = 1> <Delay = 3.57> <FuncUnit> <Opcode : 'mul'> <InPorts = 2> <OutPorts = 1>
ST_1 : Operation 641 [1/1] (0.00ns)   --->   "%mult_906 = partselect i14 @_ssdm_op_PartSelect.i14.i21.i32.i32, i21 %mul_ln73_374, i32 7, i32 20" [firmware/nnet_utils/nnet_dense_latency.h:42]   --->   Operation 641 'partselect' 'mult_906' <Predicate = true> <Delay = 0.00>
ST_1 : Operation 642 [1/1] (0.00ns)   --->   "%tmp_575 = bitconcatenate i19 @_ssdm_op_BitConcatenate.i19.i16.i3, i16 %a_184, i3 0" [firmware/nnet_utils/nnet_mult.h:73->firmware/nnet_utils/nnet_dense_latency.h:42]   --->   Operation 642 'bitconcatenate' 'tmp_575' <Predicate = true> <Delay = 0.00>
ST_1 : Operation 643 [1/1] (0.00ns)   --->   "%sext_ln73_889 = sext i19 %tmp_575" [firmware/nnet_utils/nnet_mult.h:73->firmware/nnet_utils/nnet_dense_latency.h:42]   --->   Operation 643 'sext' 'sext_ln73_889' <Predicate = true> <Delay = 0.00>
ST_1 : Operation 644 [1/1] (1.43ns)   --->   "%add_ln73_115 = add i21 %sext_ln73_889, i21 %sext_ln73_490" [firmware/nnet_utils/nnet_mult.h:73->firmware/nnet_utils/nnet_dense_latency.h:42]   --->   Operation 644 'add' 'add_ln73_115' <Predicate = true> <Delay = 1.43> <CoreInst = "Adder">   --->   Core 1 'Adder' <Latency = 0> <II = 1> <Delay = 1.43> <FuncUnit> <Opcode : 'add' 'sub'> <InPorts = 2> <OutPorts = 1>
ST_1 : Operation 645 [1/1] (0.00ns)   --->   "%mult_907 = partselect i14 @_ssdm_op_PartSelect.i14.i21.i32.i32, i21 %add_ln73_115, i32 7, i32 20" [firmware/nnet_utils/nnet_dense_latency.h:42]   --->   Operation 645 'partselect' 'mult_907' <Predicate = true> <Delay = 0.00>
ST_1 : Operation 646 [1/1] (0.00ns)   --->   "%sext_ln17_418 = sext i14 %mult_907" [firmware/nnet_utils/nnet_dense_latency.h:17]   --->   Operation 646 'sext' 'sext_ln17_418' <Predicate = true> <Delay = 0.00>
ST_1 : Operation 647 [1/1] (1.43ns)   --->   "%sub_ln73_530 = sub i21 %sext_ln73_490, i21 %sext_ln73_887" [firmware/nnet_utils/nnet_mult.h:73->firmware/nnet_utils/nnet_dense_latency.h:42]   --->   Operation 647 'sub' 'sub_ln73_530' <Predicate = true> <Delay = 1.43> <CoreInst = "Adder">   --->   Core 1 'Adder' <Latency = 0> <II = 1> <Delay = 1.43> <FuncUnit> <Opcode : 'add' 'sub'> <InPorts = 2> <OutPorts = 1>
ST_1 : Operation 648 [1/1] (0.00ns)   --->   "%mult_908 = partselect i14 @_ssdm_op_PartSelect.i14.i21.i32.i32, i21 %sub_ln73_530, i32 7, i32 20" [firmware/nnet_utils/nnet_dense_latency.h:42]   --->   Operation 648 'partselect' 'mult_908' <Predicate = true> <Delay = 0.00>
ST_1 : Operation 649 [1/1] (0.00ns)   --->   "%tmp_576 = bitconcatenate i18 @_ssdm_op_BitConcatenate.i18.i16.i2, i16 %a_184, i2 0" [firmware/nnet_utils/nnet_mult.h:73->firmware/nnet_utils/nnet_dense_latency.h:42]   --->   Operation 649 'bitconcatenate' 'tmp_576' <Predicate = true> <Delay = 0.00>
ST_1 : Operation 650 [1/1] (0.00ns)   --->   "%sext_ln73_890 = sext i18 %tmp_576" [firmware/nnet_utils/nnet_mult.h:73->firmware/nnet_utils/nnet_dense_latency.h:42]   --->   Operation 650 'sext' 'sext_ln73_890' <Predicate = true> <Delay = 0.00>
ST_1 : Operation 651 [1/1] (1.42ns)   --->   "%sub_ln73_531 = sub i19 %sext_ln73_489, i19 %sext_ln73_890" [firmware/nnet_utils/nnet_mult.h:73->firmware/nnet_utils/nnet_dense_latency.h:42]   --->   Operation 651 'sub' 'sub_ln73_531' <Predicate = true> <Delay = 1.42> <CoreInst = "Adder">   --->   Core 1 'Adder' <Latency = 0> <II = 1> <Delay = 1.42> <FuncUnit> <Opcode : 'add' 'sub'> <InPorts = 2> <OutPorts = 1>
ST_1 : Operation 652 [1/1] (0.00ns)   --->   "%mult_909 = partselect i12 @_ssdm_op_PartSelect.i12.i19.i32.i32, i19 %sub_ln73_531, i32 7, i32 18" [firmware/nnet_utils/nnet_dense_latency.h:42]   --->   Operation 652 'partselect' 'mult_909' <Predicate = true> <Delay = 0.00>
ST_1 : Operation 653 [1/1] (0.00ns)   --->   "%sext_ln17_419 = sext i12 %mult_909" [firmware/nnet_utils/nnet_dense_latency.h:17]   --->   Operation 653 'sext' 'sext_ln17_419' <Predicate = true> <Delay = 0.00>
ST_1 : Operation 654 [1/1] (3.57ns)   --->   "%mul_ln73_375 = mul i22 %sext_ln73_491, i22 21" [firmware/nnet_utils/nnet_mult.h:73->firmware/nnet_utils/nnet_dense_latency.h:42]   --->   Operation 654 'mul' 'mul_ln73_375' <Predicate = true> <Delay = 3.57> <CoreInst = "Multiplier">   --->   Core 3 'Multiplier' <Latency = 0> <II = 1> <Delay = 3.57> <FuncUnit> <Opcode : 'mul'> <InPorts = 2> <OutPorts = 1>
ST_1 : Operation 655 [1/1] (0.00ns)   --->   "%mult_910 = partselect i15 @_ssdm_op_PartSelect.i15.i22.i32.i32, i22 %mul_ln73_375, i32 7, i32 21" [firmware/nnet_utils/nnet_dense_latency.h:42]   --->   Operation 655 'partselect' 'mult_910' <Predicate = true> <Delay = 0.00>
ST_1 : Operation 656 [1/1] (0.00ns)   --->   "%a_185 = load i16 %p_ZZN4nnet24compute_output_buffer_2dINS_5arrayI8ap_fixedILi16ELi6EL9ap_q_mode5EL9_265"   --->   Operation 656 'load' 'a_185' <Predicate = true> <Delay = 0.00>
ST_1 : Operation 657 [1/1] (0.00ns)   --->   "%sext_ln42_408 = sext i16 %a_185" [firmware/nnet_utils/nnet_dense_latency.h:42]   --->   Operation 657 'sext' 'sext_ln42_408' <Predicate = true> <Delay = 0.00>
ST_1 : Operation 658 [1/1] (0.00ns)   --->   "%sext_ln42_409 = sext i16 %a_185" [firmware/nnet_utils/nnet_dense_latency.h:42]   --->   Operation 658 'sext' 'sext_ln42_409' <Predicate = true> <Delay = 0.00>
ST_1 : Operation 659 [1/1] (0.00ns)   --->   "%mult_911 = partselect i13 @_ssdm_op_PartSelect.i13.i16.i32.i32, i16 %a_185, i32 3, i32 15" [firmware/nnet_utils/nnet_dense_latency.h:42]   --->   Operation 659 'partselect' 'mult_911' <Predicate = true> <Delay = 0.00>
ST_1 : Operation 660 [1/1] (0.00ns)   --->   "%sext_ln17_420 = sext i13 %mult_911" [firmware/nnet_utils/nnet_dense_latency.h:17]   --->   Operation 660 'sext' 'sext_ln17_420' <Predicate = true> <Delay = 0.00>
ST_1 : Operation 661 [1/1] (0.00ns)   --->   "%tmp_577 = bitconcatenate i19 @_ssdm_op_BitConcatenate.i19.i16.i3, i16 %a_185, i3 0" [firmware/nnet_utils/nnet_mult.h:73->firmware/nnet_utils/nnet_dense_latency.h:42]   --->   Operation 661 'bitconcatenate' 'tmp_577' <Predicate = true> <Delay = 0.00>
ST_1 : Operation 662 [1/1] (0.00ns)   --->   "%sext_ln73_891 = sext i19 %tmp_577" [firmware/nnet_utils/nnet_mult.h:73->firmware/nnet_utils/nnet_dense_latency.h:42]   --->   Operation 662 'sext' 'sext_ln73_891' <Predicate = true> <Delay = 0.00>
ST_1 : Operation 663 [1/1] (0.00ns) (grouped into TernaryAdder)   --->   "%sub_ln73_532 = sub i21 0, i21 %sext_ln73_891" [firmware/nnet_utils/nnet_mult.h:73->firmware/nnet_utils/nnet_dense_latency.h:42]   --->   Operation 663 'sub' 'sub_ln73_532' <Predicate = true> <Delay = 0.00> <CoreInst = "TAddSub">   --->   Core 10 'TAddSub' <Latency = 0> <II = 1> <Delay = 0.49> <IPBlock> <Opcode : 'add' 'sub'> <InPorts = 3> <OutPorts = 1> <Sync> <CReg>
ST_1 : Operation 664 [1/1] (0.00ns)   --->   "%tmp_578 = bitconcatenate i17 @_ssdm_op_BitConcatenate.i17.i16.i1, i16 %a_185, i1 0" [firmware/nnet_utils/nnet_mult.h:73->firmware/nnet_utils/nnet_dense_latency.h:42]   --->   Operation 664 'bitconcatenate' 'tmp_578' <Predicate = true> <Delay = 0.00>
ST_1 : Operation 665 [1/1] (0.00ns)   --->   "%sext_ln73_892 = sext i17 %tmp_578" [firmware/nnet_utils/nnet_mult.h:73->firmware/nnet_utils/nnet_dense_latency.h:42]   --->   Operation 665 'sext' 'sext_ln73_892' <Predicate = true> <Delay = 0.00>
ST_1 : Operation 666 [1/1] (1.02ns) (root node of TernaryAdder)   --->   "%sub_ln73_533 = sub i21 %sub_ln73_532, i21 %sext_ln73_892" [firmware/nnet_utils/nnet_mult.h:73->firmware/nnet_utils/nnet_dense_latency.h:42]   --->   Operation 666 'sub' 'sub_ln73_533' <Predicate = true> <Delay = 1.02> <CoreInst = "TAddSub">   --->   Core 10 'TAddSub' <Latency = 0> <II = 1> <Delay = 0.49> <IPBlock> <Opcode : 'add' 'sub'> <InPorts = 3> <OutPorts = 1> <Sync> <CReg>
ST_1 : Operation 667 [1/1] (0.00ns)   --->   "%mult_912 = partselect i14 @_ssdm_op_PartSelect.i14.i21.i32.i32, i21 %sub_ln73_533, i32 7, i32 20" [firmware/nnet_utils/nnet_dense_latency.h:42]   --->   Operation 667 'partselect' 'mult_912' <Predicate = true> <Delay = 0.00>
ST_1 : Operation 668 [1/1] (0.00ns)   --->   "%sext_ln17_421 = sext i14 %mult_912" [firmware/nnet_utils/nnet_dense_latency.h:17]   --->   Operation 668 'sext' 'sext_ln17_421' <Predicate = true> <Delay = 0.00>
ST_1 : Operation 669 [1/1] (3.57ns)   --->   "%mul_ln73_376 = mul i22 %sext_ln42_408, i22 25" [firmware/nnet_utils/nnet_mult.h:73->firmware/nnet_utils/nnet_dense_latency.h:42]   --->   Operation 669 'mul' 'mul_ln73_376' <Predicate = true> <Delay = 3.57> <CoreInst = "Multiplier">   --->   Core 3 'Multiplier' <Latency = 0> <II = 1> <Delay = 3.57> <FuncUnit> <Opcode : 'mul'> <InPorts = 2> <OutPorts = 1>
ST_1 : Operation 670 [1/1] (0.00ns)   --->   "%mult_913 = partselect i15 @_ssdm_op_PartSelect.i15.i22.i32.i32, i22 %mul_ln73_376, i32 7, i32 21" [firmware/nnet_utils/nnet_dense_latency.h:42]   --->   Operation 670 'partselect' 'mult_913' <Predicate = true> <Delay = 0.00>
ST_1 : Operation 671 [1/1] (3.57ns)   --->   "%mul_ln73_377 = mul i21 %sext_ln42_409, i21 2097141" [firmware/nnet_utils/nnet_mult.h:73->firmware/nnet_utils/nnet_dense_latency.h:42]   --->   Operation 671 'mul' 'mul_ln73_377' <Predicate = true> <Delay = 3.57> <CoreInst = "Multiplier">   --->   Core 3 'Multiplier' <Latency = 0> <II = 1> <Delay = 3.57> <FuncUnit> <Opcode : 'mul'> <InPorts = 2> <OutPorts = 1>
ST_1 : Operation 672 [1/1] (0.00ns)   --->   "%mult_914 = partselect i14 @_ssdm_op_PartSelect.i14.i21.i32.i32, i21 %mul_ln73_377, i32 7, i32 20" [firmware/nnet_utils/nnet_dense_latency.h:42]   --->   Operation 672 'partselect' 'mult_914' <Predicate = true> <Delay = 0.00>
ST_1 : Operation 673 [1/1] (0.00ns)   --->   "%tmp_579 = bitconcatenate i20 @_ssdm_op_BitConcatenate.i20.i16.i4, i16 %a_185, i4 0" [firmware/nnet_utils/nnet_mult.h:73->firmware/nnet_utils/nnet_dense_latency.h:42]   --->   Operation 673 'bitconcatenate' 'tmp_579' <Predicate = true> <Delay = 0.00>
ST_1 : Operation 674 [1/1] (0.00ns)   --->   "%sext_ln73_893 = sext i20 %tmp_579" [firmware/nnet_utils/nnet_mult.h:73->firmware/nnet_utils/nnet_dense_latency.h:42]   --->   Operation 674 'sext' 'sext_ln73_893' <Predicate = true> <Delay = 0.00>
ST_1 : Operation 675 [1/1] (0.00ns)   --->   "%tmp_580 = bitconcatenate i18 @_ssdm_op_BitConcatenate.i18.i16.i2, i16 %a_185, i2 0" [firmware/nnet_utils/nnet_mult.h:73->firmware/nnet_utils/nnet_dense_latency.h:42]   --->   Operation 675 'bitconcatenate' 'tmp_580' <Predicate = true> <Delay = 0.00>
ST_1 : Operation 676 [1/1] (0.00ns)   --->   "%sext_ln73_894 = sext i18 %tmp_580" [firmware/nnet_utils/nnet_mult.h:73->firmware/nnet_utils/nnet_dense_latency.h:42]   --->   Operation 676 'sext' 'sext_ln73_894' <Predicate = true> <Delay = 0.00>
ST_1 : Operation 677 [1/1] (1.43ns)   --->   "%sub_ln73_534 = sub i21 %sext_ln73_893, i21 %sext_ln73_894" [firmware/nnet_utils/nnet_mult.h:73->firmware/nnet_utils/nnet_dense_latency.h:42]   --->   Operation 677 'sub' 'sub_ln73_534' <Predicate = true> <Delay = 1.43> <CoreInst = "Adder">   --->   Core 1 'Adder' <Latency = 0> <II = 1> <Delay = 1.43> <FuncUnit> <Opcode : 'add' 'sub'> <InPorts = 2> <OutPorts = 1>
ST_1 : Operation 678 [1/1] (0.00ns)   --->   "%mult_915 = partselect i14 @_ssdm_op_PartSelect.i14.i21.i32.i32, i21 %sub_ln73_534, i32 7, i32 20" [firmware/nnet_utils/nnet_dense_latency.h:42]   --->   Operation 678 'partselect' 'mult_915' <Predicate = true> <Delay = 0.00>
ST_1 : Operation 679 [1/1] (0.00ns)   --->   "%sext_ln17_423 = sext i14 %mult_915" [firmware/nnet_utils/nnet_dense_latency.h:17]   --->   Operation 679 'sext' 'sext_ln17_423' <Predicate = true> <Delay = 0.00>
ST_1 : Operation 680 [1/1] (3.57ns)   --->   "%mul_ln73_378 = mul i22 %sext_ln42_408, i22 19" [firmware/nnet_utils/nnet_mult.h:73->firmware/nnet_utils/nnet_dense_latency.h:42]   --->   Operation 680 'mul' 'mul_ln73_378' <Predicate = true> <Delay = 3.57> <CoreInst = "Multiplier">   --->   Core 3 'Multiplier' <Latency = 0> <II = 1> <Delay = 3.57> <FuncUnit> <Opcode : 'mul'> <InPorts = 2> <OutPorts = 1>
ST_1 : Operation 681 [1/1] (0.00ns)   --->   "%mult_916 = partselect i15 @_ssdm_op_PartSelect.i15.i22.i32.i32, i22 %mul_ln73_378, i32 7, i32 21" [firmware/nnet_utils/nnet_dense_latency.h:42]   --->   Operation 681 'partselect' 'mult_916' <Predicate = true> <Delay = 0.00>
ST_1 : Operation 682 [1/1] (0.00ns)   --->   "%sext_ln73_895 = sext i19 %tmp_577" [firmware/nnet_utils/nnet_mult.h:73->firmware/nnet_utils/nnet_dense_latency.h:42]   --->   Operation 682 'sext' 'sext_ln73_895' <Predicate = true> <Delay = 0.00>
ST_1 : Operation 683 [1/1] (0.00ns)   --->   "%sext_ln73_896 = sext i17 %tmp_578" [firmware/nnet_utils/nnet_mult.h:73->firmware/nnet_utils/nnet_dense_latency.h:42]   --->   Operation 683 'sext' 'sext_ln73_896' <Predicate = true> <Delay = 0.00>
ST_1 : Operation 684 [1/1] (1.43ns)   --->   "%sub_ln73_535 = sub i20 %sext_ln73_895, i20 %sext_ln73_896" [firmware/nnet_utils/nnet_mult.h:73->firmware/nnet_utils/nnet_dense_latency.h:42]   --->   Operation 684 'sub' 'sub_ln73_535' <Predicate = true> <Delay = 1.43> <CoreInst = "Adder">   --->   Core 1 'Adder' <Latency = 0> <II = 1> <Delay = 1.43> <FuncUnit> <Opcode : 'add' 'sub'> <InPorts = 2> <OutPorts = 1>
ST_1 : Operation 685 [1/1] (0.00ns)   --->   "%mult_917 = partselect i13 @_ssdm_op_PartSelect.i13.i20.i32.i32, i20 %sub_ln73_535, i32 7, i32 19" [firmware/nnet_utils/nnet_dense_latency.h:42]   --->   Operation 685 'partselect' 'mult_917' <Predicate = true> <Delay = 0.00>
ST_1 : Operation 686 [1/1] (0.00ns)   --->   "%sext_ln17_424 = sext i13 %mult_917" [firmware/nnet_utils/nnet_dense_latency.h:17]   --->   Operation 686 'sext' 'sext_ln17_424' <Predicate = true> <Delay = 0.00>
ST_1 : Operation 687 [1/1] (0.00ns)   --->   "%a_186 = load i16 %p_ZZN4nnet24compute_output_buffer_2dINS_5arrayI8ap_fixedILi16ELi6EL9ap_q_mode5EL9_266"   --->   Operation 687 'load' 'a_186' <Predicate = true> <Delay = 0.00>
ST_1 : Operation 688 [1/1] (0.00ns)   --->   "%sext_ln73_492 = sext i16 %a_186" [firmware/nnet_utils/nnet_mult.h:73->firmware/nnet_utils/nnet_dense_latency.h:42]   --->   Operation 688 'sext' 'sext_ln73_492' <Predicate = true> <Delay = 0.00>
ST_1 : Operation 689 [1/1] (0.00ns)   --->   "%sext_ln73_493 = sext i16 %a_186" [firmware/nnet_utils/nnet_mult.h:73->firmware/nnet_utils/nnet_dense_latency.h:42]   --->   Operation 689 'sext' 'sext_ln73_493' <Predicate = true> <Delay = 0.00>
ST_1 : Operation 690 [1/1] (0.00ns)   --->   "%sext_ln73_494 = sext i16 %a_186" [firmware/nnet_utils/nnet_mult.h:73->firmware/nnet_utils/nnet_dense_latency.h:42]   --->   Operation 690 'sext' 'sext_ln73_494' <Predicate = true> <Delay = 0.00>
ST_1 : Operation 691 [1/1] (3.57ns)   --->   "%mul_ln73_379 = mul i21 %sext_ln73_494, i21 13" [firmware/nnet_utils/nnet_mult.h:73->firmware/nnet_utils/nnet_dense_latency.h:42]   --->   Operation 691 'mul' 'mul_ln73_379' <Predicate = true> <Delay = 3.57> <CoreInst = "Multiplier">   --->   Core 3 'Multiplier' <Latency = 0> <II = 1> <Delay = 3.57> <FuncUnit> <Opcode : 'mul'> <InPorts = 2> <OutPorts = 1>
ST_1 : Operation 692 [1/1] (0.00ns)   --->   "%mult_918 = partselect i14 @_ssdm_op_PartSelect.i14.i21.i32.i32, i21 %mul_ln73_379, i32 7, i32 20" [firmware/nnet_utils/nnet_dense_latency.h:42]   --->   Operation 692 'partselect' 'mult_918' <Predicate = true> <Delay = 0.00>
ST_1 : Operation 693 [1/1] (3.57ns)   --->   "%mul_ln73_380 = mul i23 %sext_ln73_493, i23 50" [firmware/nnet_utils/nnet_mult.h:73->firmware/nnet_utils/nnet_dense_latency.h:42]   --->   Operation 693 'mul' 'mul_ln73_380' <Predicate = true> <Delay = 3.57> <CoreInst = "Multiplier">   --->   Core 3 'Multiplier' <Latency = 0> <II = 1> <Delay = 3.57> <FuncUnit> <Opcode : 'mul'> <InPorts = 2> <OutPorts = 1>
ST_1 : Operation 694 [1/1] (0.00ns)   --->   "%mult_919 = partselect i16 @_ssdm_op_PartSelect.i16.i23.i32.i32, i23 %mul_ln73_380, i32 7, i32 22" [firmware/nnet_utils/nnet_dense_latency.h:42]   --->   Operation 694 'partselect' 'mult_919' <Predicate = true> <Delay = 0.00>
ST_1 : Operation 695 [1/1] (3.57ns)   --->   "%mul_ln73_381 = mul i22 %sext_ln73_492, i22 25" [firmware/nnet_utils/nnet_mult.h:73->firmware/nnet_utils/nnet_dense_latency.h:42]   --->   Operation 695 'mul' 'mul_ln73_381' <Predicate = true> <Delay = 3.57> <CoreInst = "Multiplier">   --->   Core 3 'Multiplier' <Latency = 0> <II = 1> <Delay = 3.57> <FuncUnit> <Opcode : 'mul'> <InPorts = 2> <OutPorts = 1>
ST_1 : Operation 696 [1/1] (0.00ns)   --->   "%mult_920 = partselect i15 @_ssdm_op_PartSelect.i15.i22.i32.i32, i22 %mul_ln73_381, i32 7, i32 21" [firmware/nnet_utils/nnet_dense_latency.h:42]   --->   Operation 696 'partselect' 'mult_920' <Predicate = true> <Delay = 0.00>
ST_1 : Operation 697 [1/1] (3.57ns)   --->   "%mul_ln73_382 = mul i23 %sext_ln73_493, i23 8388571" [firmware/nnet_utils/nnet_mult.h:73->firmware/nnet_utils/nnet_dense_latency.h:42]   --->   Operation 697 'mul' 'mul_ln73_382' <Predicate = true> <Delay = 3.57> <CoreInst = "Multiplier">   --->   Core 3 'Multiplier' <Latency = 0> <II = 1> <Delay = 3.57> <FuncUnit> <Opcode : 'mul'> <InPorts = 2> <OutPorts = 1>
ST_1 : Operation 698 [1/1] (0.00ns)   --->   "%mult_922 = partselect i16 @_ssdm_op_PartSelect.i16.i23.i32.i32, i23 %mul_ln73_382, i32 7, i32 22" [firmware/nnet_utils/nnet_dense_latency.h:42]   --->   Operation 698 'partselect' 'mult_922' <Predicate = true> <Delay = 0.00>
ST_1 : Operation 699 [1/1] (3.57ns)   --->   "%mul_ln73_383 = mul i22 %sext_ln73_492, i22 27" [firmware/nnet_utils/nnet_mult.h:73->firmware/nnet_utils/nnet_dense_latency.h:42]   --->   Operation 699 'mul' 'mul_ln73_383' <Predicate = true> <Delay = 3.57> <CoreInst = "Multiplier">   --->   Core 3 'Multiplier' <Latency = 0> <II = 1> <Delay = 3.57> <FuncUnit> <Opcode : 'mul'> <InPorts = 2> <OutPorts = 1>
ST_1 : Operation 700 [1/1] (0.00ns)   --->   "%mult_923 = partselect i15 @_ssdm_op_PartSelect.i15.i22.i32.i32, i22 %mul_ln73_383, i32 7, i32 21" [firmware/nnet_utils/nnet_dense_latency.h:42]   --->   Operation 700 'partselect' 'mult_923' <Predicate = true> <Delay = 0.00>
ST_1 : Operation 701 [1/1] (3.57ns)   --->   "%mul_ln73_384 = mul i22 %sext_ln73_492, i22 22" [firmware/nnet_utils/nnet_mult.h:73->firmware/nnet_utils/nnet_dense_latency.h:42]   --->   Operation 701 'mul' 'mul_ln73_384' <Predicate = true> <Delay = 3.57> <CoreInst = "Multiplier">   --->   Core 3 'Multiplier' <Latency = 0> <II = 1> <Delay = 3.57> <FuncUnit> <Opcode : 'mul'> <InPorts = 2> <OutPorts = 1>
ST_1 : Operation 702 [1/1] (0.00ns)   --->   "%mult_925 = partselect i15 @_ssdm_op_PartSelect.i15.i22.i32.i32, i22 %mul_ln73_384, i32 7, i32 21" [firmware/nnet_utils/nnet_dense_latency.h:42]   --->   Operation 702 'partselect' 'mult_925' <Predicate = true> <Delay = 0.00>
ST_1 : Operation 703 [1/1] (0.00ns)   --->   "%a_187 = load i16 %p_ZZN4nnet24compute_output_buffer_2dINS_5arrayI8ap_fixedILi16ELi6EL9ap_q_mode5EL9_267"   --->   Operation 703 'load' 'a_187' <Predicate = true> <Delay = 0.00>
ST_1 : Operation 704 [1/1] (0.00ns)   --->   "%sext_ln73_495 = sext i16 %a_187" [firmware/nnet_utils/nnet_mult.h:73->firmware/nnet_utils/nnet_dense_latency.h:42]   --->   Operation 704 'sext' 'sext_ln73_495' <Predicate = true> <Delay = 0.00>
ST_1 : Operation 705 [1/1] (0.00ns)   --->   "%sext_ln73_496 = sext i16 %a_187" [firmware/nnet_utils/nnet_mult.h:73->firmware/nnet_utils/nnet_dense_latency.h:42]   --->   Operation 705 'sext' 'sext_ln73_496' <Predicate = true> <Delay = 0.00>
ST_1 : Operation 706 [1/1] (0.00ns)   --->   "%sext_ln73_497 = sext i16 %a_187" [firmware/nnet_utils/nnet_mult.h:73->firmware/nnet_utils/nnet_dense_latency.h:42]   --->   Operation 706 'sext' 'sext_ln73_497' <Predicate = true> <Delay = 0.00>
ST_1 : Operation 707 [1/1] (0.00ns)   --->   "%sext_ln73_498 = sext i16 %a_187" [firmware/nnet_utils/nnet_mult.h:73->firmware/nnet_utils/nnet_dense_latency.h:42]   --->   Operation 707 'sext' 'sext_ln73_498' <Predicate = true> <Delay = 0.00>
ST_1 : Operation 708 [1/1] (0.00ns)   --->   "%tmp_583 = bitconcatenate i19 @_ssdm_op_BitConcatenate.i19.i16.i3, i16 %a_187, i3 0" [firmware/nnet_utils/nnet_mult.h:73->firmware/nnet_utils/nnet_dense_latency.h:42]   --->   Operation 708 'bitconcatenate' 'tmp_583' <Predicate = true> <Delay = 0.00>
ST_1 : Operation 709 [1/1] (0.00ns)   --->   "%sext_ln73_899 = sext i19 %tmp_583" [firmware/nnet_utils/nnet_mult.h:73->firmware/nnet_utils/nnet_dense_latency.h:42]   --->   Operation 709 'sext' 'sext_ln73_899' <Predicate = true> <Delay = 0.00>
ST_1 : Operation 710 [1/1] (1.43ns)   --->   "%sub_ln73_538 = sub i20 0, i20 %sext_ln73_899" [firmware/nnet_utils/nnet_mult.h:73->firmware/nnet_utils/nnet_dense_latency.h:42]   --->   Operation 710 'sub' 'sub_ln73_538' <Predicate = true> <Delay = 1.43> <CoreInst = "Adder">   --->   Core 1 'Adder' <Latency = 0> <II = 1> <Delay = 1.43> <FuncUnit> <Opcode : 'add' 'sub'> <InPorts = 2> <OutPorts = 1>
ST_1 : Operation 711 [1/1] (0.00ns)   --->   "%mult_926 = partselect i13 @_ssdm_op_PartSelect.i13.i20.i32.i32, i20 %sub_ln73_538, i32 7, i32 19" [firmware/nnet_utils/nnet_dense_latency.h:42]   --->   Operation 711 'partselect' 'mult_926' <Predicate = true> <Delay = 0.00>
ST_1 : Operation 712 [1/1] (0.00ns)   --->   "%sext_ln17_427 = sext i13 %mult_926" [firmware/nnet_utils/nnet_dense_latency.h:17]   --->   Operation 712 'sext' 'sext_ln17_427' <Predicate = true> <Delay = 0.00>
ST_1 : Operation 713 [1/1] (0.00ns)   --->   "%sext_ln73_900 = sext i19 %tmp_583" [firmware/nnet_utils/nnet_mult.h:73->firmware/nnet_utils/nnet_dense_latency.h:42]   --->   Operation 713 'sext' 'sext_ln73_900' <Predicate = true> <Delay = 0.00>
ST_1 : Operation 714 [1/1] (1.43ns)   --->   "%add_ln73_116 = add i21 %sext_ln73_900, i21 %sext_ln73_497" [firmware/nnet_utils/nnet_mult.h:73->firmware/nnet_utils/nnet_dense_latency.h:42]   --->   Operation 714 'add' 'add_ln73_116' <Predicate = true> <Delay = 1.43> <CoreInst = "Adder">   --->   Core 1 'Adder' <Latency = 0> <II = 1> <Delay = 1.43> <FuncUnit> <Opcode : 'add' 'sub'> <InPorts = 2> <OutPorts = 1>
ST_1 : Operation 715 [1/1] (0.00ns)   --->   "%mult_927 = partselect i14 @_ssdm_op_PartSelect.i14.i21.i32.i32, i21 %add_ln73_116, i32 7, i32 20" [firmware/nnet_utils/nnet_dense_latency.h:42]   --->   Operation 715 'partselect' 'mult_927' <Predicate = true> <Delay = 0.00>
ST_1 : Operation 716 [1/1] (0.00ns)   --->   "%sext_ln17_428 = sext i14 %mult_927" [firmware/nnet_utils/nnet_dense_latency.h:17]   --->   Operation 716 'sext' 'sext_ln17_428' <Predicate = true> <Delay = 0.00>
ST_1 : Operation 717 [1/1] (3.57ns)   --->   "%mul_ln73_385 = mul i22 %sext_ln73_496, i22 27" [firmware/nnet_utils/nnet_mult.h:73->firmware/nnet_utils/nnet_dense_latency.h:42]   --->   Operation 717 'mul' 'mul_ln73_385' <Predicate = true> <Delay = 3.57> <CoreInst = "Multiplier">   --->   Core 3 'Multiplier' <Latency = 0> <II = 1> <Delay = 3.57> <FuncUnit> <Opcode : 'mul'> <InPorts = 2> <OutPorts = 1>
ST_1 : Operation 718 [1/1] (0.00ns)   --->   "%mult_928 = partselect i15 @_ssdm_op_PartSelect.i15.i22.i32.i32, i22 %mul_ln73_385, i32 7, i32 21" [firmware/nnet_utils/nnet_dense_latency.h:42]   --->   Operation 718 'partselect' 'mult_928' <Predicate = true> <Delay = 0.00>
ST_1 : Operation 719 [1/1] (1.43ns)   --->   "%sub_ln73_539 = sub i20 %sext_ln73_899, i20 %sext_ln73_498" [firmware/nnet_utils/nnet_mult.h:73->firmware/nnet_utils/nnet_dense_latency.h:42]   --->   Operation 719 'sub' 'sub_ln73_539' <Predicate = true> <Delay = 1.43> <CoreInst = "Adder">   --->   Core 1 'Adder' <Latency = 0> <II = 1> <Delay = 1.43> <FuncUnit> <Opcode : 'add' 'sub'> <InPorts = 2> <OutPorts = 1>
ST_1 : Operation 720 [1/1] (0.00ns)   --->   "%mult_929 = partselect i13 @_ssdm_op_PartSelect.i13.i20.i32.i32, i20 %sub_ln73_539, i32 7, i32 19" [firmware/nnet_utils/nnet_dense_latency.h:42]   --->   Operation 720 'partselect' 'mult_929' <Predicate = true> <Delay = 0.00>
ST_1 : Operation 721 [1/1] (0.00ns)   --->   "%sext_ln17_429 = sext i13 %mult_929" [firmware/nnet_utils/nnet_dense_latency.h:17]   --->   Operation 721 'sext' 'sext_ln17_429' <Predicate = true> <Delay = 0.00>
ST_1 : Operation 722 [1/1] (0.00ns)   --->   "%mult_930 = partselect i13 @_ssdm_op_PartSelect.i13.i16.i32.i32, i16 %a_187, i32 3, i32 15" [firmware/nnet_utils/nnet_dense_latency.h:42]   --->   Operation 722 'partselect' 'mult_930' <Predicate = true> <Delay = 0.00>
ST_1 : Operation 723 [1/1] (0.00ns)   --->   "%sext_ln17_430 = sext i13 %mult_930" [firmware/nnet_utils/nnet_dense_latency.h:17]   --->   Operation 723 'sext' 'sext_ln17_430' <Predicate = true> <Delay = 0.00>
ST_1 : Operation 724 [1/1] (3.57ns)   --->   "%mul_ln73_386 = mul i22 %sext_ln73_496, i22 19" [firmware/nnet_utils/nnet_mult.h:73->firmware/nnet_utils/nnet_dense_latency.h:42]   --->   Operation 724 'mul' 'mul_ln73_386' <Predicate = true> <Delay = 3.57> <CoreInst = "Multiplier">   --->   Core 3 'Multiplier' <Latency = 0> <II = 1> <Delay = 3.57> <FuncUnit> <Opcode : 'mul'> <InPorts = 2> <OutPorts = 1>
ST_1 : Operation 725 [1/1] (0.00ns)   --->   "%mult_931 = partselect i15 @_ssdm_op_PartSelect.i15.i22.i32.i32, i22 %mul_ln73_386, i32 7, i32 21" [firmware/nnet_utils/nnet_dense_latency.h:42]   --->   Operation 725 'partselect' 'mult_931' <Predicate = true> <Delay = 0.00>
ST_1 : Operation 726 [1/1] (3.57ns)   --->   "%mul_ln73_387 = mul i23 %sext_ln73_495, i23 42" [firmware/nnet_utils/nnet_mult.h:73->firmware/nnet_utils/nnet_dense_latency.h:42]   --->   Operation 726 'mul' 'mul_ln73_387' <Predicate = true> <Delay = 3.57> <CoreInst = "Multiplier">   --->   Core 3 'Multiplier' <Latency = 0> <II = 1> <Delay = 3.57> <FuncUnit> <Opcode : 'mul'> <InPorts = 2> <OutPorts = 1>
ST_1 : Operation 727 [1/1] (0.00ns)   --->   "%mult_932 = partselect i16 @_ssdm_op_PartSelect.i16.i23.i32.i32, i23 %mul_ln73_387, i32 7, i32 22" [firmware/nnet_utils/nnet_dense_latency.h:42]   --->   Operation 727 'partselect' 'mult_932' <Predicate = true> <Delay = 0.00>
ST_1 : Operation 728 [1/1] (0.00ns)   --->   "%a_188 = load i16 %p_ZZN4nnet24compute_output_buffer_2dINS_5arrayI8ap_fixedILi16ELi6EL9ap_q_mode5EL9_268"   --->   Operation 728 'load' 'a_188' <Predicate = true> <Delay = 0.00>
ST_1 : Operation 729 [1/1] (0.00ns)   --->   "%sext_ln73_501 = sext i16 %a_188" [firmware/nnet_utils/nnet_mult.h:73->firmware/nnet_utils/nnet_dense_latency.h:42]   --->   Operation 729 'sext' 'sext_ln73_501' <Predicate = true> <Delay = 0.00>
ST_1 : Operation 730 [1/1] (3.57ns)   --->   "%mul_ln73_388 = mul i21 %sext_ln73_501, i21 2097141" [firmware/nnet_utils/nnet_mult.h:73->firmware/nnet_utils/nnet_dense_latency.h:42]   --->   Operation 730 'mul' 'mul_ln73_388' <Predicate = true> <Delay = 3.57> <CoreInst = "Multiplier">   --->   Core 3 'Multiplier' <Latency = 0> <II = 1> <Delay = 3.57> <FuncUnit> <Opcode : 'mul'> <InPorts = 2> <OutPorts = 1>
ST_1 : Operation 731 [1/1] (0.00ns)   --->   "%mult_933 = partselect i14 @_ssdm_op_PartSelect.i14.i21.i32.i32, i21 %mul_ln73_388, i32 7, i32 20" [firmware/nnet_utils/nnet_dense_latency.h:42]   --->   Operation 731 'partselect' 'mult_933' <Predicate = true> <Delay = 0.00>
ST_1 : Operation 732 [1/1] (0.00ns)   --->   "%tmp_584 = bitconcatenate i19 @_ssdm_op_BitConcatenate.i19.i16.i3, i16 %a_188, i3 0" [firmware/nnet_utils/nnet_mult.h:73->firmware/nnet_utils/nnet_dense_latency.h:42]   --->   Operation 732 'bitconcatenate' 'tmp_584' <Predicate = true> <Delay = 0.00>
ST_1 : Operation 733 [1/1] (0.00ns)   --->   "%sext_ln73_901 = sext i19 %tmp_584" [firmware/nnet_utils/nnet_mult.h:73->firmware/nnet_utils/nnet_dense_latency.h:42]   --->   Operation 733 'sext' 'sext_ln73_901' <Predicate = true> <Delay = 0.00>
ST_1 : Operation 734 [1/1] (0.00ns)   --->   "%tmp_585 = bitconcatenate i17 @_ssdm_op_BitConcatenate.i17.i16.i1, i16 %a_188, i1 0" [firmware/nnet_utils/nnet_mult.h:73->firmware/nnet_utils/nnet_dense_latency.h:42]   --->   Operation 734 'bitconcatenate' 'tmp_585' <Predicate = true> <Delay = 0.00>
ST_1 : Operation 735 [1/1] (0.00ns)   --->   "%sext_ln73_902 = sext i17 %tmp_585" [firmware/nnet_utils/nnet_mult.h:73->firmware/nnet_utils/nnet_dense_latency.h:42]   --->   Operation 735 'sext' 'sext_ln73_902' <Predicate = true> <Delay = 0.00>
ST_1 : Operation 736 [1/1] (1.43ns)   --->   "%sub_ln73_540 = sub i20 %sext_ln73_901, i20 %sext_ln73_902" [firmware/nnet_utils/nnet_mult.h:73->firmware/nnet_utils/nnet_dense_latency.h:42]   --->   Operation 736 'sub' 'sub_ln73_540' <Predicate = true> <Delay = 1.43> <CoreInst = "Adder">   --->   Core 1 'Adder' <Latency = 0> <II = 1> <Delay = 1.43> <FuncUnit> <Opcode : 'add' 'sub'> <InPorts = 2> <OutPorts = 1>
ST_1 : Operation 737 [1/1] (0.00ns)   --->   "%mult_934 = partselect i13 @_ssdm_op_PartSelect.i13.i20.i32.i32, i20 %sub_ln73_540, i32 7, i32 19" [firmware/nnet_utils/nnet_dense_latency.h:42]   --->   Operation 737 'partselect' 'mult_934' <Predicate = true> <Delay = 0.00>
ST_1 : Operation 738 [1/1] (0.00ns)   --->   "%sext_ln17_431 = sext i13 %mult_934" [firmware/nnet_utils/nnet_dense_latency.h:17]   --->   Operation 738 'sext' 'sext_ln17_431' <Predicate = true> <Delay = 0.00>
ST_1 : Operation 739 [1/1] (3.57ns)   --->   "%mul_ln73_389 = mul i21 %sext_ln73_501, i21 11" [firmware/nnet_utils/nnet_mult.h:73->firmware/nnet_utils/nnet_dense_latency.h:42]   --->   Operation 739 'mul' 'mul_ln73_389' <Predicate = true> <Delay = 3.57> <CoreInst = "Multiplier">   --->   Core 3 'Multiplier' <Latency = 0> <II = 1> <Delay = 3.57> <FuncUnit> <Opcode : 'mul'> <InPorts = 2> <OutPorts = 1>
ST_1 : Operation 740 [1/1] (0.00ns)   --->   "%mult_935 = partselect i14 @_ssdm_op_PartSelect.i14.i21.i32.i32, i21 %mul_ln73_389, i32 7, i32 20" [firmware/nnet_utils/nnet_dense_latency.h:42]   --->   Operation 740 'partselect' 'mult_935' <Predicate = true> <Delay = 0.00>
ST_1 : Operation 741 [1/1] (0.00ns)   --->   "%tmp_586 = bitconcatenate i21 @_ssdm_op_BitConcatenate.i21.i16.i5, i16 %a_188, i5 0" [firmware/nnet_utils/nnet_mult.h:73->firmware/nnet_utils/nnet_dense_latency.h:42]   --->   Operation 741 'bitconcatenate' 'tmp_586' <Predicate = true> <Delay = 0.00>
ST_1 : Operation 742 [1/1] (0.00ns)   --->   "%sext_ln73_903 = sext i21 %tmp_586" [firmware/nnet_utils/nnet_mult.h:73->firmware/nnet_utils/nnet_dense_latency.h:42]   --->   Operation 742 'sext' 'sext_ln73_903' <Predicate = true> <Delay = 0.00>
ST_1 : Operation 743 [1/1] (0.00ns)   --->   "%tmp_587 = bitconcatenate i18 @_ssdm_op_BitConcatenate.i18.i16.i2, i16 %a_188, i2 0" [firmware/nnet_utils/nnet_mult.h:73->firmware/nnet_utils/nnet_dense_latency.h:42]   --->   Operation 743 'bitconcatenate' 'tmp_587' <Predicate = true> <Delay = 0.00>
ST_1 : Operation 744 [1/1] (0.00ns)   --->   "%sext_ln73_904 = sext i18 %tmp_587" [firmware/nnet_utils/nnet_mult.h:73->firmware/nnet_utils/nnet_dense_latency.h:42]   --->   Operation 744 'sext' 'sext_ln73_904' <Predicate = true> <Delay = 0.00>
ST_1 : Operation 745 [1/1] (1.43ns)   --->   "%sub_ln73_541 = sub i22 %sext_ln73_903, i22 %sext_ln73_904" [firmware/nnet_utils/nnet_mult.h:73->firmware/nnet_utils/nnet_dense_latency.h:42]   --->   Operation 745 'sub' 'sub_ln73_541' <Predicate = true> <Delay = 1.43> <CoreInst = "Adder">   --->   Core 1 'Adder' <Latency = 0> <II = 1> <Delay = 1.43> <FuncUnit> <Opcode : 'add' 'sub'> <InPorts = 2> <OutPorts = 1>
ST_1 : Operation 746 [1/1] (0.00ns)   --->   "%mult_936 = partselect i15 @_ssdm_op_PartSelect.i15.i22.i32.i32, i22 %sub_ln73_541, i32 7, i32 21" [firmware/nnet_utils/nnet_dense_latency.h:42]   --->   Operation 746 'partselect' 'mult_936' <Predicate = true> <Delay = 0.00>
ST_1 : Operation 747 [1/1] (0.00ns)   --->   "%sext_ln42_419 = sext i15 %mult_936" [firmware/nnet_utils/nnet_dense_latency.h:42]   --->   Operation 747 'sext' 'sext_ln42_419' <Predicate = true> <Delay = 0.00>
ST_1 : Operation 748 [1/1] (0.00ns)   --->   "%sext_ln73_905 = sext i17 %tmp_585" [firmware/nnet_utils/nnet_mult.h:73->firmware/nnet_utils/nnet_dense_latency.h:42]   --->   Operation 748 'sext' 'sext_ln73_905' <Predicate = true> <Delay = 0.00>
ST_1 : Operation 749 [1/1] (1.43ns)   --->   "%sub_ln73_542 = sub i22 %sext_ln73_905, i22 %sext_ln73_903" [firmware/nnet_utils/nnet_mult.h:73->firmware/nnet_utils/nnet_dense_latency.h:42]   --->   Operation 749 'sub' 'sub_ln73_542' <Predicate = true> <Delay = 1.43> <CoreInst = "Adder">   --->   Core 1 'Adder' <Latency = 0> <II = 1> <Delay = 1.43> <FuncUnit> <Opcode : 'add' 'sub'> <InPorts = 2> <OutPorts = 1>
ST_1 : Operation 750 [1/1] (0.00ns)   --->   "%mult_937 = partselect i15 @_ssdm_op_PartSelect.i15.i22.i32.i32, i22 %sub_ln73_542, i32 7, i32 21" [firmware/nnet_utils/nnet_dense_latency.h:42]   --->   Operation 750 'partselect' 'mult_937' <Predicate = true> <Delay = 0.00>
ST_1 : Operation 751 [1/1] (0.00ns)   --->   "%tmp_588 = bitconcatenate i20 @_ssdm_op_BitConcatenate.i20.i16.i4, i16 %a_188, i4 0" [firmware/nnet_utils/nnet_mult.h:73->firmware/nnet_utils/nnet_dense_latency.h:42]   --->   Operation 751 'bitconcatenate' 'tmp_588' <Predicate = true> <Delay = 0.00>
ST_1 : Operation 752 [1/1] (0.00ns)   --->   "%sext_ln73_906 = sext i20 %tmp_588" [firmware/nnet_utils/nnet_mult.h:73->firmware/nnet_utils/nnet_dense_latency.h:42]   --->   Operation 752 'sext' 'sext_ln73_906' <Predicate = true> <Delay = 0.00>
ST_1 : Operation 753 [1/1] (0.00ns)   --->   "%sext_ln73_907 = sext i17 %tmp_585" [firmware/nnet_utils/nnet_mult.h:73->firmware/nnet_utils/nnet_dense_latency.h:42]   --->   Operation 753 'sext' 'sext_ln73_907' <Predicate = true> <Delay = 0.00>
ST_1 : Operation 754 [1/1] (1.43ns)   --->   "%sub_ln73_543 = sub i21 %sext_ln73_906, i21 %sext_ln73_907" [firmware/nnet_utils/nnet_mult.h:73->firmware/nnet_utils/nnet_dense_latency.h:42]   --->   Operation 754 'sub' 'sub_ln73_543' <Predicate = true> <Delay = 1.43> <CoreInst = "Adder">   --->   Core 1 'Adder' <Latency = 0> <II = 1> <Delay = 1.43> <FuncUnit> <Opcode : 'add' 'sub'> <InPorts = 2> <OutPorts = 1>
ST_1 : Operation 755 [1/1] (0.00ns)   --->   "%mult_938 = partselect i14 @_ssdm_op_PartSelect.i14.i21.i32.i32, i21 %sub_ln73_543, i32 7, i32 20" [firmware/nnet_utils/nnet_dense_latency.h:42]   --->   Operation 755 'partselect' 'mult_938' <Predicate = true> <Delay = 0.00>
ST_1 : Operation 756 [1/1] (0.00ns)   --->   "%sext_ln17_433 = sext i14 %mult_938" [firmware/nnet_utils/nnet_dense_latency.h:17]   --->   Operation 756 'sext' 'sext_ln17_433' <Predicate = true> <Delay = 0.00>
ST_1 : Operation 757 [1/1] (0.00ns)   --->   "%a_189 = load i16 %p_ZZN4nnet24compute_output_buffer_2dINS_5arrayI8ap_fixedILi16ELi6EL9ap_q_mode5EL9_269"   --->   Operation 757 'load' 'a_189' <Predicate = true> <Delay = 0.00>
ST_1 : Operation 758 [1/1] (0.00ns)   --->   "%sext_ln73_502 = sext i16 %a_189" [firmware/nnet_utils/nnet_mult.h:73->firmware/nnet_utils/nnet_dense_latency.h:42]   --->   Operation 758 'sext' 'sext_ln73_502' <Predicate = true> <Delay = 0.00>
ST_1 : Operation 759 [1/1] (0.00ns)   --->   "%sext_ln73_503 = sext i16 %a_189" [firmware/nnet_utils/nnet_mult.h:73->firmware/nnet_utils/nnet_dense_latency.h:42]   --->   Operation 759 'sext' 'sext_ln73_503' <Predicate = true> <Delay = 0.00>
ST_1 : Operation 760 [1/1] (0.00ns)   --->   "%tmp_589 = bitconcatenate i18 @_ssdm_op_BitConcatenate.i18.i16.i2, i16 %a_189, i2 0" [firmware/nnet_utils/nnet_mult.h:73->firmware/nnet_utils/nnet_dense_latency.h:42]   --->   Operation 760 'bitconcatenate' 'tmp_589' <Predicate = true> <Delay = 0.00>
ST_1 : Operation 761 [1/1] (0.00ns)   --->   "%sext_ln73_908 = sext i18 %tmp_589" [firmware/nnet_utils/nnet_mult.h:73->firmware/nnet_utils/nnet_dense_latency.h:42]   --->   Operation 761 'sext' 'sext_ln73_908' <Predicate = true> <Delay = 0.00>
ST_1 : Operation 762 [1/1] (1.42ns)   --->   "%sub_ln73_544 = sub i19 0, i19 %sext_ln73_908" [firmware/nnet_utils/nnet_mult.h:73->firmware/nnet_utils/nnet_dense_latency.h:42]   --->   Operation 762 'sub' 'sub_ln73_544' <Predicate = true> <Delay = 1.42> <CoreInst = "Adder">   --->   Core 1 'Adder' <Latency = 0> <II = 1> <Delay = 1.42> <FuncUnit> <Opcode : 'add' 'sub'> <InPorts = 2> <OutPorts = 1>
ST_1 : Operation 763 [1/1] (0.00ns)   --->   "%mult_939 = partselect i12 @_ssdm_op_PartSelect.i12.i19.i32.i32, i19 %sub_ln73_544, i32 7, i32 18" [firmware/nnet_utils/nnet_dense_latency.h:42]   --->   Operation 763 'partselect' 'mult_939' <Predicate = true> <Delay = 0.00>
ST_1 : Operation 764 [1/1] (0.00ns)   --->   "%sext_ln17_434 = sext i12 %mult_939" [firmware/nnet_utils/nnet_dense_latency.h:17]   --->   Operation 764 'sext' 'sext_ln17_434' <Predicate = true> <Delay = 0.00>
ST_1 : Operation 765 [1/1] (0.00ns)   --->   "%tmp_590 = bitconcatenate i20 @_ssdm_op_BitConcatenate.i20.i16.i4, i16 %a_189, i4 0" [firmware/nnet_utils/nnet_mult.h:73->firmware/nnet_utils/nnet_dense_latency.h:42]   --->   Operation 765 'bitconcatenate' 'tmp_590' <Predicate = true> <Delay = 0.00>
ST_1 : Operation 766 [1/1] (0.00ns)   --->   "%sext_ln73_909 = sext i20 %tmp_590" [firmware/nnet_utils/nnet_mult.h:73->firmware/nnet_utils/nnet_dense_latency.h:42]   --->   Operation 766 'sext' 'sext_ln73_909' <Predicate = true> <Delay = 0.00>
ST_1 : Operation 767 [1/1] (0.00ns)   --->   "%sext_ln73_910 = sext i18 %tmp_589" [firmware/nnet_utils/nnet_mult.h:73->firmware/nnet_utils/nnet_dense_latency.h:42]   --->   Operation 767 'sext' 'sext_ln73_910' <Predicate = true> <Delay = 0.00>
ST_1 : Operation 768 [1/1] (1.43ns)   --->   "%sub_ln73_545 = sub i21 %sext_ln73_910, i21 %sext_ln73_909" [firmware/nnet_utils/nnet_mult.h:73->firmware/nnet_utils/nnet_dense_latency.h:42]   --->   Operation 768 'sub' 'sub_ln73_545' <Predicate = true> <Delay = 1.43> <CoreInst = "Adder">   --->   Core 1 'Adder' <Latency = 0> <II = 1> <Delay = 1.43> <FuncUnit> <Opcode : 'add' 'sub'> <InPorts = 2> <OutPorts = 1>
ST_1 : Operation 769 [1/1] (0.00ns)   --->   "%mult_940 = partselect i14 @_ssdm_op_PartSelect.i14.i21.i32.i32, i21 %sub_ln73_545, i32 7, i32 20" [firmware/nnet_utils/nnet_dense_latency.h:42]   --->   Operation 769 'partselect' 'mult_940' <Predicate = true> <Delay = 0.00>
ST_1 : Operation 770 [1/1] (0.00ns)   --->   "%sext_ln17_435 = sext i14 %mult_940" [firmware/nnet_utils/nnet_dense_latency.h:17]   --->   Operation 770 'sext' 'sext_ln17_435' <Predicate = true> <Delay = 0.00>
ST_1 : Operation 771 [1/1] (3.57ns)   --->   "%mul_ln73_390 = mul i22 %sext_ln73_503, i22 4194281" [firmware/nnet_utils/nnet_mult.h:73->firmware/nnet_utils/nnet_dense_latency.h:42]   --->   Operation 771 'mul' 'mul_ln73_390' <Predicate = true> <Delay = 3.57> <CoreInst = "Multiplier">   --->   Core 3 'Multiplier' <Latency = 0> <II = 1> <Delay = 3.57> <FuncUnit> <Opcode : 'mul'> <InPorts = 2> <OutPorts = 1>
ST_1 : Operation 772 [1/1] (0.00ns)   --->   "%mult_941 = partselect i15 @_ssdm_op_PartSelect.i15.i22.i32.i32, i22 %mul_ln73_390, i32 7, i32 21" [firmware/nnet_utils/nnet_dense_latency.h:42]   --->   Operation 772 'partselect' 'mult_941' <Predicate = true> <Delay = 0.00>
ST_1 : Operation 773 [1/1] (0.00ns)   --->   "%mult_942 = partselect i10 @_ssdm_op_PartSelect.i10.i16.i32.i32, i16 %a_189, i32 6, i32 15" [firmware/nnet_utils/nnet_dense_latency.h:42]   --->   Operation 773 'partselect' 'mult_942' <Predicate = true> <Delay = 0.00>
ST_1 : Operation 774 [1/1] (0.00ns)   --->   "%sext_ln17_436 = sext i10 %mult_942" [firmware/nnet_utils/nnet_dense_latency.h:17]   --->   Operation 774 'sext' 'sext_ln17_436' <Predicate = true> <Delay = 0.00>
ST_1 : Operation 775 [1/1] (1.43ns)   --->   "%sub_ln73_546 = sub i21 0, i21 %sext_ln73_909" [firmware/nnet_utils/nnet_mult.h:73->firmware/nnet_utils/nnet_dense_latency.h:42]   --->   Operation 775 'sub' 'sub_ln73_546' <Predicate = true> <Delay = 1.43> <CoreInst = "Adder">   --->   Core 1 'Adder' <Latency = 0> <II = 1> <Delay = 1.43> <FuncUnit> <Opcode : 'add' 'sub'> <InPorts = 2> <OutPorts = 1>
ST_1 : Operation 776 [1/1] (0.00ns)   --->   "%mult_943 = partselect i14 @_ssdm_op_PartSelect.i14.i21.i32.i32, i21 %sub_ln73_546, i32 7, i32 20" [firmware/nnet_utils/nnet_dense_latency.h:42]   --->   Operation 776 'partselect' 'mult_943' <Predicate = true> <Delay = 0.00>
ST_1 : Operation 777 [1/1] (0.00ns)   --->   "%tmp_591 = bitconcatenate i19 @_ssdm_op_BitConcatenate.i19.i16.i3, i16 %a_189, i3 0" [firmware/nnet_utils/nnet_mult.h:73->firmware/nnet_utils/nnet_dense_latency.h:42]   --->   Operation 777 'bitconcatenate' 'tmp_591' <Predicate = true> <Delay = 0.00>
ST_1 : Operation 778 [1/1] (0.00ns)   --->   "%sext_ln73_911 = sext i19 %tmp_591" [firmware/nnet_utils/nnet_mult.h:73->firmware/nnet_utils/nnet_dense_latency.h:42]   --->   Operation 778 'sext' 'sext_ln73_911' <Predicate = true> <Delay = 0.00>
ST_1 : Operation 779 [1/1] (0.00ns)   --->   "%tmp_592 = bitconcatenate i17 @_ssdm_op_BitConcatenate.i17.i16.i1, i16 %a_189, i1 0" [firmware/nnet_utils/nnet_mult.h:73->firmware/nnet_utils/nnet_dense_latency.h:42]   --->   Operation 779 'bitconcatenate' 'tmp_592' <Predicate = true> <Delay = 0.00>
ST_1 : Operation 780 [1/1] (0.00ns)   --->   "%sext_ln73_912 = sext i17 %tmp_592" [firmware/nnet_utils/nnet_mult.h:73->firmware/nnet_utils/nnet_dense_latency.h:42]   --->   Operation 780 'sext' 'sext_ln73_912' <Predicate = true> <Delay = 0.00>
ST_1 : Operation 781 [1/1] (1.43ns)   --->   "%sub_ln73_547 = sub i20 %sext_ln73_911, i20 %sext_ln73_912" [firmware/nnet_utils/nnet_mult.h:73->firmware/nnet_utils/nnet_dense_latency.h:42]   --->   Operation 781 'sub' 'sub_ln73_547' <Predicate = true> <Delay = 1.43> <CoreInst = "Adder">   --->   Core 1 'Adder' <Latency = 0> <II = 1> <Delay = 1.43> <FuncUnit> <Opcode : 'add' 'sub'> <InPorts = 2> <OutPorts = 1>
ST_1 : Operation 782 [1/1] (0.00ns)   --->   "%mult_944 = partselect i13 @_ssdm_op_PartSelect.i13.i20.i32.i32, i20 %sub_ln73_547, i32 7, i32 19" [firmware/nnet_utils/nnet_dense_latency.h:42]   --->   Operation 782 'partselect' 'mult_944' <Predicate = true> <Delay = 0.00>
ST_1 : Operation 783 [1/1] (0.00ns)   --->   "%sext_ln17_437 = sext i13 %mult_944" [firmware/nnet_utils/nnet_dense_latency.h:17]   --->   Operation 783 'sext' 'sext_ln17_437' <Predicate = true> <Delay = 0.00>
ST_1 : Operation 784 [1/1] (1.43ns)   --->   "%sub_ln73_548 = sub i20 %sext_ln73_911, i20 %sext_ln73_502" [firmware/nnet_utils/nnet_mult.h:73->firmware/nnet_utils/nnet_dense_latency.h:42]   --->   Operation 784 'sub' 'sub_ln73_548' <Predicate = true> <Delay = 1.43> <CoreInst = "Adder">   --->   Core 1 'Adder' <Latency = 0> <II = 1> <Delay = 1.43> <FuncUnit> <Opcode : 'add' 'sub'> <InPorts = 2> <OutPorts = 1>
ST_1 : Operation 785 [1/1] (0.00ns)   --->   "%mult_945 = partselect i13 @_ssdm_op_PartSelect.i13.i20.i32.i32, i20 %sub_ln73_548, i32 7, i32 19" [firmware/nnet_utils/nnet_dense_latency.h:42]   --->   Operation 785 'partselect' 'mult_945' <Predicate = true> <Delay = 0.00>
ST_1 : Operation 786 [1/1] (0.00ns)   --->   "%sext_ln17_438 = sext i13 %mult_945" [firmware/nnet_utils/nnet_dense_latency.h:17]   --->   Operation 786 'sext' 'sext_ln17_438' <Predicate = true> <Delay = 0.00>
ST_1 : Operation 787 [1/1] (0.00ns)   --->   "%a_190 = load i16 %p_ZZN4nnet24compute_output_buffer_2dINS_5arrayI8ap_fixedILi16ELi6EL9ap_q_mode5EL9_270"   --->   Operation 787 'load' 'a_190' <Predicate = true> <Delay = 0.00>
ST_1 : Operation 788 [1/1] (0.00ns)   --->   "%sext_ln73_506 = sext i16 %a_190" [firmware/nnet_utils/nnet_mult.h:73->firmware/nnet_utils/nnet_dense_latency.h:42]   --->   Operation 788 'sext' 'sext_ln73_506' <Predicate = true> <Delay = 0.00>
ST_1 : Operation 789 [1/1] (3.57ns)   --->   "%mul_ln73_391 = mul i22 %sext_ln73_506, i22 4194283" [firmware/nnet_utils/nnet_mult.h:73->firmware/nnet_utils/nnet_dense_latency.h:42]   --->   Operation 789 'mul' 'mul_ln73_391' <Predicate = true> <Delay = 3.57> <CoreInst = "Multiplier">   --->   Core 3 'Multiplier' <Latency = 0> <II = 1> <Delay = 3.57> <FuncUnit> <Opcode : 'mul'> <InPorts = 2> <OutPorts = 1>
ST_1 : Operation 790 [1/1] (0.00ns)   --->   "%mult_947 = partselect i15 @_ssdm_op_PartSelect.i15.i22.i32.i32, i22 %mul_ln73_391, i32 7, i32 21" [firmware/nnet_utils/nnet_dense_latency.h:42]   --->   Operation 790 'partselect' 'mult_947' <Predicate = true> <Delay = 0.00>
ST_1 : Operation 791 [1/1] (3.57ns)   --->   "%mul_ln73_392 = mul i22 %sext_ln73_506, i22 19" [firmware/nnet_utils/nnet_mult.h:73->firmware/nnet_utils/nnet_dense_latency.h:42]   --->   Operation 791 'mul' 'mul_ln73_392' <Predicate = true> <Delay = 3.57> <CoreInst = "Multiplier">   --->   Core 3 'Multiplier' <Latency = 0> <II = 1> <Delay = 3.57> <FuncUnit> <Opcode : 'mul'> <InPorts = 2> <OutPorts = 1>
ST_1 : Operation 792 [1/1] (0.00ns)   --->   "%mult_948 = partselect i15 @_ssdm_op_PartSelect.i15.i22.i32.i32, i22 %mul_ln73_392, i32 7, i32 21" [firmware/nnet_utils/nnet_dense_latency.h:42]   --->   Operation 792 'partselect' 'mult_948' <Predicate = true> <Delay = 0.00>
ST_1 : Operation 793 [1/1] (0.00ns)   --->   "%tmp_596 = bitconcatenate i21 @_ssdm_op_BitConcatenate.i21.i16.i5, i16 %a_190, i5 0" [firmware/nnet_utils/nnet_mult.h:73->firmware/nnet_utils/nnet_dense_latency.h:42]   --->   Operation 793 'bitconcatenate' 'tmp_596' <Predicate = true> <Delay = 0.00>
ST_1 : Operation 794 [1/1] (0.00ns)   --->   "%sext_ln73_917 = sext i21 %tmp_596" [firmware/nnet_utils/nnet_mult.h:73->firmware/nnet_utils/nnet_dense_latency.h:42]   --->   Operation 794 'sext' 'sext_ln73_917' <Predicate = true> <Delay = 0.00>
ST_1 : Operation 795 [1/1] (0.00ns)   --->   "%tmp_597 = bitconcatenate i18 @_ssdm_op_BitConcatenate.i18.i16.i2, i16 %a_190, i2 0" [firmware/nnet_utils/nnet_mult.h:73->firmware/nnet_utils/nnet_dense_latency.h:42]   --->   Operation 795 'bitconcatenate' 'tmp_597' <Predicate = true> <Delay = 0.00>
ST_1 : Operation 796 [1/1] (0.00ns)   --->   "%sext_ln73_918 = sext i18 %tmp_597" [firmware/nnet_utils/nnet_mult.h:73->firmware/nnet_utils/nnet_dense_latency.h:42]   --->   Operation 796 'sext' 'sext_ln73_918' <Predicate = true> <Delay = 0.00>
ST_1 : Operation 797 [1/1] (1.43ns)   --->   "%sub_ln73_553 = sub i22 %sext_ln73_918, i22 %sext_ln73_917" [firmware/nnet_utils/nnet_mult.h:73->firmware/nnet_utils/nnet_dense_latency.h:42]   --->   Operation 797 'sub' 'sub_ln73_553' <Predicate = true> <Delay = 1.43> <CoreInst = "Adder">   --->   Core 1 'Adder' <Latency = 0> <II = 1> <Delay = 1.43> <FuncUnit> <Opcode : 'add' 'sub'> <InPorts = 2> <OutPorts = 1>
ST_1 : Operation 798 [1/1] (0.00ns)   --->   "%mult_950 = partselect i15 @_ssdm_op_PartSelect.i15.i22.i32.i32, i22 %sub_ln73_553, i32 7, i32 21" [firmware/nnet_utils/nnet_dense_latency.h:42]   --->   Operation 798 'partselect' 'mult_950' <Predicate = true> <Delay = 0.00>
ST_1 : Operation 799 [1/1] (0.00ns)   --->   "%sext_ln42_426 = sext i15 %mult_950" [firmware/nnet_utils/nnet_dense_latency.h:42]   --->   Operation 799 'sext' 'sext_ln42_426' <Predicate = true> <Delay = 0.00>
ST_1 : Operation 800 [1/1] (0.00ns)   --->   "%mult_951 = partselect i10 @_ssdm_op_PartSelect.i10.i16.i32.i32, i16 %a_190, i32 6, i32 15" [firmware/nnet_utils/nnet_dense_latency.h:42]   --->   Operation 800 'partselect' 'mult_951' <Predicate = true> <Delay = 0.00>
ST_1 : Operation 801 [1/1] (0.00ns)   --->   "%sext_ln17_440 = sext i10 %mult_951" [firmware/nnet_utils/nnet_dense_latency.h:17]   --->   Operation 801 'sext' 'sext_ln17_440' <Predicate = true> <Delay = 0.00>
ST_1 : Operation 802 [1/1] (3.57ns)   --->   "%mul_ln73_393 = mul i22 %sext_ln73_506, i22 26" [firmware/nnet_utils/nnet_mult.h:73->firmware/nnet_utils/nnet_dense_latency.h:42]   --->   Operation 802 'mul' 'mul_ln73_393' <Predicate = true> <Delay = 3.57> <CoreInst = "Multiplier">   --->   Core 3 'Multiplier' <Latency = 0> <II = 1> <Delay = 3.57> <FuncUnit> <Opcode : 'mul'> <InPorts = 2> <OutPorts = 1>
ST_1 : Operation 803 [1/1] (0.00ns)   --->   "%mult_952 = partselect i15 @_ssdm_op_PartSelect.i15.i22.i32.i32, i22 %mul_ln73_393, i32 7, i32 21" [firmware/nnet_utils/nnet_dense_latency.h:42]   --->   Operation 803 'partselect' 'mult_952' <Predicate = true> <Delay = 0.00>
ST_1 : Operation 804 [1/1] (0.00ns)   --->   "%a_191 = load i16 %p_ZZN4nnet24compute_output_buffer_2dINS_5arrayI8ap_fixedILi16ELi6EL9ap_q_mode5EL9_271"   --->   Operation 804 'load' 'a_191' <Predicate = true> <Delay = 0.00>
ST_1 : Operation 805 [1/1] (0.00ns)   --->   "%sext_ln73_508 = sext i16 %a_191" [firmware/nnet_utils/nnet_mult.h:73->firmware/nnet_utils/nnet_dense_latency.h:42]   --->   Operation 805 'sext' 'sext_ln73_508' <Predicate = true> <Delay = 0.00>
ST_1 : Operation 806 [1/1] (0.00ns)   --->   "%sext_ln73_510 = sext i16 %a_191" [firmware/nnet_utils/nnet_mult.h:73->firmware/nnet_utils/nnet_dense_latency.h:42]   --->   Operation 806 'sext' 'sext_ln73_510' <Predicate = true> <Delay = 0.00>
ST_1 : Operation 807 [1/1] (0.00ns)   --->   "%tmp_598 = bitconcatenate i20 @_ssdm_op_BitConcatenate.i20.i16.i4, i16 %a_191, i4 0" [firmware/nnet_utils/nnet_mult.h:73->firmware/nnet_utils/nnet_dense_latency.h:42]   --->   Operation 807 'bitconcatenate' 'tmp_598' <Predicate = true> <Delay = 0.00>
ST_1 : Operation 808 [1/1] (0.00ns)   --->   "%sext_ln73_919 = sext i20 %tmp_598" [firmware/nnet_utils/nnet_mult.h:73->firmware/nnet_utils/nnet_dense_latency.h:42]   --->   Operation 808 'sext' 'sext_ln73_919' <Predicate = true> <Delay = 0.00>
ST_1 : Operation 809 [1/1] (0.00ns) (grouped into TernaryAdder)   --->   "%sub_ln73_554 = sub i22 0, i22 %sext_ln73_919" [firmware/nnet_utils/nnet_mult.h:73->firmware/nnet_utils/nnet_dense_latency.h:42]   --->   Operation 809 'sub' 'sub_ln73_554' <Predicate = true> <Delay = 0.00> <CoreInst = "TAddSub">   --->   Core 10 'TAddSub' <Latency = 0> <II = 1> <Delay = 0.49> <IPBlock> <Opcode : 'add' 'sub'> <InPorts = 3> <OutPorts = 1> <Sync> <CReg>
ST_1 : Operation 810 [1/1] (0.00ns)   --->   "%tmp_599 = bitconcatenate i17 @_ssdm_op_BitConcatenate.i17.i16.i1, i16 %a_191, i1 0" [firmware/nnet_utils/nnet_mult.h:73->firmware/nnet_utils/nnet_dense_latency.h:42]   --->   Operation 810 'bitconcatenate' 'tmp_599' <Predicate = true> <Delay = 0.00>
ST_1 : Operation 811 [1/1] (0.00ns)   --->   "%sext_ln73_920 = sext i17 %tmp_599" [firmware/nnet_utils/nnet_mult.h:73->firmware/nnet_utils/nnet_dense_latency.h:42]   --->   Operation 811 'sext' 'sext_ln73_920' <Predicate = true> <Delay = 0.00>
ST_1 : Operation 812 [1/1] (1.02ns) (root node of TernaryAdder)   --->   "%sub_ln73_555 = sub i22 %sub_ln73_554, i22 %sext_ln73_920" [firmware/nnet_utils/nnet_mult.h:73->firmware/nnet_utils/nnet_dense_latency.h:42]   --->   Operation 812 'sub' 'sub_ln73_555' <Predicate = true> <Delay = 1.02> <CoreInst = "TAddSub">   --->   Core 10 'TAddSub' <Latency = 0> <II = 1> <Delay = 0.49> <IPBlock> <Opcode : 'add' 'sub'> <InPorts = 3> <OutPorts = 1> <Sync> <CReg>
ST_1 : Operation 813 [1/1] (0.00ns)   --->   "%mult_953 = partselect i15 @_ssdm_op_PartSelect.i15.i22.i32.i32, i22 %sub_ln73_555, i32 7, i32 21" [firmware/nnet_utils/nnet_dense_latency.h:42]   --->   Operation 813 'partselect' 'mult_953' <Predicate = true> <Delay = 0.00>
ST_1 : Operation 814 [1/1] (0.00ns)   --->   "%sext_ln73_921 = sext i20 %tmp_598" [firmware/nnet_utils/nnet_mult.h:73->firmware/nnet_utils/nnet_dense_latency.h:42]   --->   Operation 814 'sext' 'sext_ln73_921' <Predicate = true> <Delay = 0.00>
ST_1 : Operation 815 [1/1] (0.00ns)   --->   "%tmp_600 = bitconcatenate i18 @_ssdm_op_BitConcatenate.i18.i16.i2, i16 %a_191, i2 0" [firmware/nnet_utils/nnet_mult.h:73->firmware/nnet_utils/nnet_dense_latency.h:42]   --->   Operation 815 'bitconcatenate' 'tmp_600' <Predicate = true> <Delay = 0.00>
ST_1 : Operation 816 [1/1] (0.00ns)   --->   "%sext_ln73_922 = sext i18 %tmp_600" [firmware/nnet_utils/nnet_mult.h:73->firmware/nnet_utils/nnet_dense_latency.h:42]   --->   Operation 816 'sext' 'sext_ln73_922' <Predicate = true> <Delay = 0.00>
ST_1 : Operation 817 [1/1] (1.43ns)   --->   "%sub_ln73_556 = sub i21 %sext_ln73_922, i21 %sext_ln73_921" [firmware/nnet_utils/nnet_mult.h:73->firmware/nnet_utils/nnet_dense_latency.h:42]   --->   Operation 817 'sub' 'sub_ln73_556' <Predicate = true> <Delay = 1.43> <CoreInst = "Adder">   --->   Core 1 'Adder' <Latency = 0> <II = 1> <Delay = 1.43> <FuncUnit> <Opcode : 'add' 'sub'> <InPorts = 2> <OutPorts = 1>
ST_1 : Operation 818 [1/1] (0.00ns)   --->   "%mult_954 = partselect i14 @_ssdm_op_PartSelect.i14.i21.i32.i32, i21 %sub_ln73_556, i32 7, i32 20" [firmware/nnet_utils/nnet_dense_latency.h:42]   --->   Operation 818 'partselect' 'mult_954' <Predicate = true> <Delay = 0.00>
ST_1 : Operation 819 [1/1] (0.00ns)   --->   "%sext_ln17_441 = sext i14 %mult_954" [firmware/nnet_utils/nnet_dense_latency.h:17]   --->   Operation 819 'sext' 'sext_ln17_441' <Predicate = true> <Delay = 0.00>
ST_1 : Operation 820 [1/1] (0.00ns)   --->   "%mult_955 = partselect i12 @_ssdm_op_PartSelect.i12.i16.i32.i32, i16 %a_191, i32 4, i32 15" [firmware/nnet_utils/nnet_dense_latency.h:42]   --->   Operation 820 'partselect' 'mult_955' <Predicate = true> <Delay = 0.00>
ST_1 : Operation 821 [1/1] (0.00ns)   --->   "%sext_ln17_442 = sext i12 %mult_955" [firmware/nnet_utils/nnet_dense_latency.h:17]   --->   Operation 821 'sext' 'sext_ln17_442' <Predicate = true> <Delay = 0.00>
ST_1 : Operation 822 [1/1] (0.00ns)   --->   "%mult_956 = partselect i13 @_ssdm_op_PartSelect.i13.i16.i32.i32, i16 %a_191, i32 3, i32 15" [firmware/nnet_utils/nnet_dense_latency.h:42]   --->   Operation 822 'partselect' 'mult_956' <Predicate = true> <Delay = 0.00>
ST_1 : Operation 823 [1/1] (0.00ns)   --->   "%sext_ln17_443 = sext i13 %mult_956" [firmware/nnet_utils/nnet_dense_latency.h:17]   --->   Operation 823 'sext' 'sext_ln17_443' <Predicate = true> <Delay = 0.00>
ST_1 : Operation 824 [1/1] (0.00ns)   --->   "%sext_ln73_923 = sext i18 %tmp_600" [firmware/nnet_utils/nnet_mult.h:73->firmware/nnet_utils/nnet_dense_latency.h:42]   --->   Operation 824 'sext' 'sext_ln73_923' <Predicate = true> <Delay = 0.00>
ST_1 : Operation 825 [1/1] (0.00ns) (grouped into TernaryAdder)   --->   "%sub_ln73_557 = sub i20 0, i20 %sext_ln73_923" [firmware/nnet_utils/nnet_mult.h:73->firmware/nnet_utils/nnet_dense_latency.h:42]   --->   Operation 825 'sub' 'sub_ln73_557' <Predicate = true> <Delay = 0.00> <CoreInst = "TAddSub">   --->   Core 10 'TAddSub' <Latency = 0> <II = 1> <Delay = 0.49> <IPBlock> <Opcode : 'add' 'sub'> <InPorts = 3> <OutPorts = 1> <Sync> <CReg>
ST_1 : Operation 826 [1/1] (1.01ns) (root node of TernaryAdder)   --->   "%sub_ln73_558 = sub i20 %sub_ln73_557, i20 %sext_ln73_508" [firmware/nnet_utils/nnet_mult.h:73->firmware/nnet_utils/nnet_dense_latency.h:42]   --->   Operation 826 'sub' 'sub_ln73_558' <Predicate = true> <Delay = 1.01> <CoreInst = "TAddSub">   --->   Core 10 'TAddSub' <Latency = 0> <II = 1> <Delay = 0.49> <IPBlock> <Opcode : 'add' 'sub'> <InPorts = 3> <OutPorts = 1> <Sync> <CReg>
ST_1 : Operation 827 [1/1] (0.00ns)   --->   "%mult_957 = partselect i13 @_ssdm_op_PartSelect.i13.i20.i32.i32, i20 %sub_ln73_558, i32 7, i32 19" [firmware/nnet_utils/nnet_dense_latency.h:42]   --->   Operation 827 'partselect' 'mult_957' <Predicate = true> <Delay = 0.00>
ST_1 : Operation 828 [1/1] (0.00ns)   --->   "%sext_ln17_444 = sext i13 %mult_957" [firmware/nnet_utils/nnet_dense_latency.h:17]   --->   Operation 828 'sext' 'sext_ln17_444' <Predicate = true> <Delay = 0.00>
ST_1 : Operation 829 [1/1] (3.57ns)   --->   "%mul_ln73_394 = mul i22 %sext_ln73_510, i22 4194282" [firmware/nnet_utils/nnet_mult.h:73->firmware/nnet_utils/nnet_dense_latency.h:42]   --->   Operation 829 'mul' 'mul_ln73_394' <Predicate = true> <Delay = 3.57> <CoreInst = "Multiplier">   --->   Core 3 'Multiplier' <Latency = 0> <II = 1> <Delay = 3.57> <FuncUnit> <Opcode : 'mul'> <InPorts = 2> <OutPorts = 1>
ST_1 : Operation 830 [1/1] (0.00ns)   --->   "%mult_958 = partselect i15 @_ssdm_op_PartSelect.i15.i22.i32.i32, i22 %mul_ln73_394, i32 7, i32 21" [firmware/nnet_utils/nnet_dense_latency.h:42]   --->   Operation 830 'partselect' 'mult_958' <Predicate = true> <Delay = 0.00>
ST_1 : Operation 831 [1/1] (3.57ns)   --->   "%mul_ln73_395 = mul i22 %sext_ln73_510, i22 4194278" [firmware/nnet_utils/nnet_mult.h:73->firmware/nnet_utils/nnet_dense_latency.h:42]   --->   Operation 831 'mul' 'mul_ln73_395' <Predicate = true> <Delay = 3.57> <CoreInst = "Multiplier">   --->   Core 3 'Multiplier' <Latency = 0> <II = 1> <Delay = 3.57> <FuncUnit> <Opcode : 'mul'> <InPorts = 2> <OutPorts = 1>
ST_1 : Operation 832 [1/1] (0.00ns)   --->   "%mult_959 = partselect i15 @_ssdm_op_PartSelect.i15.i22.i32.i32, i22 %mul_ln73_395, i32 7, i32 21" [firmware/nnet_utils/nnet_dense_latency.h:42]   --->   Operation 832 'partselect' 'mult_959' <Predicate = true> <Delay = 0.00>
ST_1 : Operation 833 [1/1] (0.00ns)   --->   "%tmp_601 = bitconcatenate i19 @_ssdm_op_BitConcatenate.i19.i16.i3, i16 %a_191, i3 0" [firmware/nnet_utils/nnet_mult.h:73->firmware/nnet_utils/nnet_dense_latency.h:42]   --->   Operation 833 'bitconcatenate' 'tmp_601' <Predicate = true> <Delay = 0.00>
ST_1 : Operation 834 [1/1] (0.00ns)   --->   "%sext_ln73_924 = sext i19 %tmp_601" [firmware/nnet_utils/nnet_mult.h:73->firmware/nnet_utils/nnet_dense_latency.h:42]   --->   Operation 834 'sext' 'sext_ln73_924' <Predicate = true> <Delay = 0.00>
ST_1 : Operation 835 [1/1] (1.43ns)   --->   "%sub_ln73_559 = sub i20 %sext_ln73_924, i20 %sext_ln73_508" [firmware/nnet_utils/nnet_mult.h:73->firmware/nnet_utils/nnet_dense_latency.h:42]   --->   Operation 835 'sub' 'sub_ln73_559' <Predicate = true> <Delay = 1.43> <CoreInst = "Adder">   --->   Core 1 'Adder' <Latency = 0> <II = 1> <Delay = 1.43> <FuncUnit> <Opcode : 'add' 'sub'> <InPorts = 2> <OutPorts = 1>
ST_1 : Operation 836 [1/1] (0.00ns)   --->   "%mult_960 = partselect i13 @_ssdm_op_PartSelect.i13.i20.i32.i32, i20 %sub_ln73_559, i32 7, i32 19" [firmware/nnet_utils/nnet_dense_latency.h:42]   --->   Operation 836 'partselect' 'mult_960' <Predicate = true> <Delay = 0.00>
ST_1 : Operation 837 [1/1] (0.00ns)   --->   "%sext_ln17_445 = sext i13 %mult_960" [firmware/nnet_utils/nnet_dense_latency.h:17]   --->   Operation 837 'sext' 'sext_ln17_445' <Predicate = true> <Delay = 0.00>
ST_1 : Operation 838 [1/1] (0.00ns)   --->   "%a_192 = load i16 %p_ZZN4nnet24compute_output_buffer_2dINS_5arrayI8ap_fixedILi16ELi6EL9ap_q_mode5EL9_272"   --->   Operation 838 'load' 'a_192' <Predicate = true> <Delay = 0.00>
ST_1 : Operation 839 [1/1] (0.00ns)   --->   "%sext_ln73_512 = sext i16 %a_192" [firmware/nnet_utils/nnet_mult.h:73->firmware/nnet_utils/nnet_dense_latency.h:42]   --->   Operation 839 'sext' 'sext_ln73_512' <Predicate = true> <Delay = 0.00>
ST_1 : Operation 840 [1/1] (0.00ns)   --->   "%tmp_602 = bitconcatenate i20 @_ssdm_op_BitConcatenate.i20.i16.i4, i16 %a_192, i4 0" [firmware/nnet_utils/nnet_mult.h:73->firmware/nnet_utils/nnet_dense_latency.h:42]   --->   Operation 840 'bitconcatenate' 'tmp_602' <Predicate = true> <Delay = 0.00>
ST_1 : Operation 841 [1/1] (0.00ns)   --->   "%sext_ln73_925 = sext i20 %tmp_602" [firmware/nnet_utils/nnet_mult.h:73->firmware/nnet_utils/nnet_dense_latency.h:42]   --->   Operation 841 'sext' 'sext_ln73_925' <Predicate = true> <Delay = 0.00>
ST_1 : Operation 842 [1/1] (0.00ns)   --->   "%tmp_603 = bitconcatenate i17 @_ssdm_op_BitConcatenate.i17.i16.i1, i16 %a_192, i1 0" [firmware/nnet_utils/nnet_mult.h:73->firmware/nnet_utils/nnet_dense_latency.h:42]   --->   Operation 842 'bitconcatenate' 'tmp_603' <Predicate = true> <Delay = 0.00>
ST_1 : Operation 843 [1/1] (0.00ns)   --->   "%sext_ln73_926 = sext i17 %tmp_603" [firmware/nnet_utils/nnet_mult.h:73->firmware/nnet_utils/nnet_dense_latency.h:42]   --->   Operation 843 'sext' 'sext_ln73_926' <Predicate = true> <Delay = 0.00>
ST_1 : Operation 844 [1/1] (1.43ns)   --->   "%sub_ln73_560 = sub i21 %sext_ln73_926, i21 %sext_ln73_925" [firmware/nnet_utils/nnet_mult.h:73->firmware/nnet_utils/nnet_dense_latency.h:42]   --->   Operation 844 'sub' 'sub_ln73_560' <Predicate = true> <Delay = 1.43> <CoreInst = "Adder">   --->   Core 1 'Adder' <Latency = 0> <II = 1> <Delay = 1.43> <FuncUnit> <Opcode : 'add' 'sub'> <InPorts = 2> <OutPorts = 1>
ST_1 : Operation 845 [1/1] (0.00ns)   --->   "%mult_961 = partselect i14 @_ssdm_op_PartSelect.i14.i21.i32.i32, i21 %sub_ln73_560, i32 7, i32 20" [firmware/nnet_utils/nnet_dense_latency.h:42]   --->   Operation 845 'partselect' 'mult_961' <Predicate = true> <Delay = 0.00>
ST_1 : Operation 846 [1/1] (0.00ns)   --->   "%sext_ln73_927 = sext i17 %tmp_603" [firmware/nnet_utils/nnet_mult.h:73->firmware/nnet_utils/nnet_dense_latency.h:42]   --->   Operation 846 'sext' 'sext_ln73_927' <Predicate = true> <Delay = 0.00>
ST_1 : Operation 847 [1/1] (1.42ns)   --->   "%sub_ln73_561 = sub i18 0, i18 %sext_ln73_927" [firmware/nnet_utils/nnet_mult.h:73->firmware/nnet_utils/nnet_dense_latency.h:42]   --->   Operation 847 'sub' 'sub_ln73_561' <Predicate = true> <Delay = 1.42> <CoreInst = "Adder">   --->   Core 1 'Adder' <Latency = 0> <II = 1> <Delay = 1.42> <FuncUnit> <Opcode : 'add' 'sub'> <InPorts = 2> <OutPorts = 1>
ST_1 : Operation 848 [1/1] (0.00ns)   --->   "%mult_962 = partselect i11 @_ssdm_op_PartSelect.i11.i18.i32.i32, i18 %sub_ln73_561, i32 7, i32 17" [firmware/nnet_utils/nnet_dense_latency.h:42]   --->   Operation 848 'partselect' 'mult_962' <Predicate = true> <Delay = 0.00>
ST_1 : Operation 849 [1/1] (0.00ns)   --->   "%sext_ln17_447 = sext i11 %mult_962" [firmware/nnet_utils/nnet_dense_latency.h:17]   --->   Operation 849 'sext' 'sext_ln17_447' <Predicate = true> <Delay = 0.00>
ST_1 : Operation 850 [1/1] (0.00ns)   --->   "%tmp_604 = bitconcatenate i19 @_ssdm_op_BitConcatenate.i19.i16.i3, i16 %a_192, i3 0" [firmware/nnet_utils/nnet_mult.h:73->firmware/nnet_utils/nnet_dense_latency.h:42]   --->   Operation 850 'bitconcatenate' 'tmp_604' <Predicate = true> <Delay = 0.00>
ST_1 : Operation 851 [1/1] (0.00ns)   --->   "%sext_ln73_928 = sext i19 %tmp_604" [firmware/nnet_utils/nnet_mult.h:73->firmware/nnet_utils/nnet_dense_latency.h:42]   --->   Operation 851 'sext' 'sext_ln73_928' <Predicate = true> <Delay = 0.00>
ST_1 : Operation 852 [1/1] (0.00ns)   --->   "%sext_ln73_929 = sext i17 %tmp_603" [firmware/nnet_utils/nnet_mult.h:73->firmware/nnet_utils/nnet_dense_latency.h:42]   --->   Operation 852 'sext' 'sext_ln73_929' <Predicate = true> <Delay = 0.00>
ST_1 : Operation 853 [1/1] (1.43ns)   --->   "%sub_ln73_562 = sub i20 %sext_ln73_928, i20 %sext_ln73_929" [firmware/nnet_utils/nnet_mult.h:73->firmware/nnet_utils/nnet_dense_latency.h:42]   --->   Operation 853 'sub' 'sub_ln73_562' <Predicate = true> <Delay = 1.43> <CoreInst = "Adder">   --->   Core 1 'Adder' <Latency = 0> <II = 1> <Delay = 1.43> <FuncUnit> <Opcode : 'add' 'sub'> <InPorts = 2> <OutPorts = 1>
ST_1 : Operation 854 [1/1] (0.00ns)   --->   "%mult_963 = partselect i13 @_ssdm_op_PartSelect.i13.i20.i32.i32, i20 %sub_ln73_562, i32 7, i32 19" [firmware/nnet_utils/nnet_dense_latency.h:42]   --->   Operation 854 'partselect' 'mult_963' <Predicate = true> <Delay = 0.00>
ST_1 : Operation 855 [1/1] (0.00ns)   --->   "%sext_ln17_448 = sext i13 %mult_963" [firmware/nnet_utils/nnet_dense_latency.h:17]   --->   Operation 855 'sext' 'sext_ln17_448' <Predicate = true> <Delay = 0.00>
ST_1 : Operation 856 [1/1] (0.00ns)   --->   "%tmp_605 = bitconcatenate i18 @_ssdm_op_BitConcatenate.i18.i16.i2, i16 %a_192, i2 0" [firmware/nnet_utils/nnet_mult.h:73->firmware/nnet_utils/nnet_dense_latency.h:42]   --->   Operation 856 'bitconcatenate' 'tmp_605' <Predicate = true> <Delay = 0.00>
ST_1 : Operation 857 [1/1] (0.00ns)   --->   "%sext_ln73_930 = sext i18 %tmp_605" [firmware/nnet_utils/nnet_mult.h:73->firmware/nnet_utils/nnet_dense_latency.h:42]   --->   Operation 857 'sext' 'sext_ln73_930' <Predicate = true> <Delay = 0.00>
ST_1 : Operation 858 [1/1] (1.42ns)   --->   "%add_ln73_117 = add i20 %sext_ln73_930, i20 %sext_ln73_512" [firmware/nnet_utils/nnet_mult.h:73->firmware/nnet_utils/nnet_dense_latency.h:42]   --->   Operation 858 'add' 'add_ln73_117' <Predicate = true> <Delay = 1.42> <CoreInst = "Adder">   --->   Core 1 'Adder' <Latency = 0> <II = 1> <Delay = 1.42> <FuncUnit> <Opcode : 'add' 'sub'> <InPorts = 2> <OutPorts = 1>
ST_1 : Operation 859 [1/1] (0.00ns)   --->   "%mult_964 = partselect i13 @_ssdm_op_PartSelect.i13.i20.i32.i32, i20 %add_ln73_117, i32 7, i32 19" [firmware/nnet_utils/nnet_dense_latency.h:42]   --->   Operation 859 'partselect' 'mult_964' <Predicate = true> <Delay = 0.00>
ST_1 : Operation 860 [1/1] (0.00ns)   --->   "%sext_ln73_931 = sext i20 %tmp_602" [firmware/nnet_utils/nnet_mult.h:73->firmware/nnet_utils/nnet_dense_latency.h:42]   --->   Operation 860 'sext' 'sext_ln73_931' <Predicate = true> <Delay = 0.00>
ST_1 : Operation 861 [1/1] (0.00ns) (grouped into TernaryAdder)   --->   "%sub_ln73_563 = sub i22 0, i22 %sext_ln73_931" [firmware/nnet_utils/nnet_mult.h:73->firmware/nnet_utils/nnet_dense_latency.h:42]   --->   Operation 861 'sub' 'sub_ln73_563' <Predicate = true> <Delay = 0.00> <CoreInst = "TAddSub">   --->   Core 10 'TAddSub' <Latency = 0> <II = 1> <Delay = 0.49> <IPBlock> <Opcode : 'add' 'sub'> <InPorts = 3> <OutPorts = 1> <Sync> <CReg>
ST_1 : Operation 862 [1/1] (0.00ns)   --->   "%sext_ln73_932 = sext i17 %tmp_603" [firmware/nnet_utils/nnet_mult.h:73->firmware/nnet_utils/nnet_dense_latency.h:42]   --->   Operation 862 'sext' 'sext_ln73_932' <Predicate = true> <Delay = 0.00>
ST_1 : Operation 863 [1/1] (1.02ns) (root node of TernaryAdder)   --->   "%sub_ln73_564 = sub i22 %sub_ln73_563, i22 %sext_ln73_932" [firmware/nnet_utils/nnet_mult.h:73->firmware/nnet_utils/nnet_dense_latency.h:42]   --->   Operation 863 'sub' 'sub_ln73_564' <Predicate = true> <Delay = 1.02> <CoreInst = "TAddSub">   --->   Core 10 'TAddSub' <Latency = 0> <II = 1> <Delay = 0.49> <IPBlock> <Opcode : 'add' 'sub'> <InPorts = 3> <OutPorts = 1> <Sync> <CReg>
ST_1 : Operation 864 [1/1] (0.00ns)   --->   "%mult_965 = partselect i15 @_ssdm_op_PartSelect.i15.i22.i32.i32, i22 %sub_ln73_564, i32 7, i32 21" [firmware/nnet_utils/nnet_dense_latency.h:42]   --->   Operation 864 'partselect' 'mult_965' <Predicate = true> <Delay = 0.00>
ST_1 : Operation 865 [1/1] (0.00ns)   --->   "%sext_ln42_431 = sext i15 %mult_965" [firmware/nnet_utils/nnet_dense_latency.h:42]   --->   Operation 865 'sext' 'sext_ln42_431' <Predicate = true> <Delay = 0.00>
ST_1 : Operation 866 [1/1] (1.43ns)   --->   "%sub_ln73_565 = sub i20 %sext_ln73_512, i20 %sext_ln73_928" [firmware/nnet_utils/nnet_mult.h:73->firmware/nnet_utils/nnet_dense_latency.h:42]   --->   Operation 866 'sub' 'sub_ln73_565' <Predicate = true> <Delay = 1.43> <CoreInst = "Adder">   --->   Core 1 'Adder' <Latency = 0> <II = 1> <Delay = 1.43> <FuncUnit> <Opcode : 'add' 'sub'> <InPorts = 2> <OutPorts = 1>
ST_1 : Operation 867 [1/1] (0.00ns)   --->   "%mult_966 = partselect i13 @_ssdm_op_PartSelect.i13.i20.i32.i32, i20 %sub_ln73_565, i32 7, i32 19" [firmware/nnet_utils/nnet_dense_latency.h:42]   --->   Operation 867 'partselect' 'mult_966' <Predicate = true> <Delay = 0.00>
ST_1 : Operation 868 [1/1] (0.00ns)   --->   "%sext_ln17_450 = sext i13 %mult_966" [firmware/nnet_utils/nnet_dense_latency.h:17]   --->   Operation 868 'sext' 'sext_ln17_450' <Predicate = true> <Delay = 0.00>
ST_1 : Operation 869 [1/1] (0.00ns)   --->   "%sext_ln73_933 = sext i18 %tmp_605" [firmware/nnet_utils/nnet_mult.h:73->firmware/nnet_utils/nnet_dense_latency.h:42]   --->   Operation 869 'sext' 'sext_ln73_933' <Predicate = true> <Delay = 0.00>
ST_1 : Operation 870 [1/1] (1.43ns)   --->   "%sub_ln73_566 = sub i21 %sext_ln73_925, i21 %sext_ln73_933" [firmware/nnet_utils/nnet_mult.h:73->firmware/nnet_utils/nnet_dense_latency.h:42]   --->   Operation 870 'sub' 'sub_ln73_566' <Predicate = true> <Delay = 1.43> <CoreInst = "Adder">   --->   Core 1 'Adder' <Latency = 0> <II = 1> <Delay = 1.43> <FuncUnit> <Opcode : 'add' 'sub'> <InPorts = 2> <OutPorts = 1>
ST_1 : Operation 871 [1/1] (0.00ns)   --->   "%mult_967 = partselect i14 @_ssdm_op_PartSelect.i14.i21.i32.i32, i21 %sub_ln73_566, i32 7, i32 20" [firmware/nnet_utils/nnet_dense_latency.h:42]   --->   Operation 871 'partselect' 'mult_967' <Predicate = true> <Delay = 0.00>
ST_1 : Operation 872 [1/1] (0.00ns)   --->   "%sext_ln17_451 = sext i14 %mult_967" [firmware/nnet_utils/nnet_dense_latency.h:17]   --->   Operation 872 'sext' 'sext_ln17_451' <Predicate = true> <Delay = 0.00>
ST_1 : Operation 873 [1/1] (0.00ns)   --->   "%a_193 = load i16 %p_ZZN4nnet24compute_output_buffer_2dINS_5arrayI8ap_fixedILi16ELi6EL9ap_q_mode5EL9_273"   --->   Operation 873 'load' 'a_193' <Predicate = true> <Delay = 0.00>
ST_1 : Operation 874 [1/1] (0.00ns)   --->   "%sext_ln73_516 = sext i16 %a_193" [firmware/nnet_utils/nnet_mult.h:73->firmware/nnet_utils/nnet_dense_latency.h:42]   --->   Operation 874 'sext' 'sext_ln73_516' <Predicate = true> <Delay = 0.00>
ST_1 : Operation 875 [1/1] (0.00ns)   --->   "%sext_ln73_517 = sext i16 %a_193" [firmware/nnet_utils/nnet_mult.h:73->firmware/nnet_utils/nnet_dense_latency.h:42]   --->   Operation 875 'sext' 'sext_ln73_517' <Predicate = true> <Delay = 0.00>
ST_1 : Operation 876 [1/1] (0.00ns)   --->   "%tmp_606 = bitconcatenate i19 @_ssdm_op_BitConcatenate.i19.i16.i3, i16 %a_193, i3 0" [firmware/nnet_utils/nnet_mult.h:73->firmware/nnet_utils/nnet_dense_latency.h:42]   --->   Operation 876 'bitconcatenate' 'tmp_606' <Predicate = true> <Delay = 0.00>
ST_1 : Operation 877 [1/1] (0.00ns)   --->   "%sext_ln73_934 = sext i19 %tmp_606" [firmware/nnet_utils/nnet_mult.h:73->firmware/nnet_utils/nnet_dense_latency.h:42]   --->   Operation 877 'sext' 'sext_ln73_934' <Predicate = true> <Delay = 0.00>
ST_1 : Operation 878 [1/1] (1.43ns)   --->   "%sub_ln73_567 = sub i20 %sext_ln73_934, i20 %sext_ln73_517" [firmware/nnet_utils/nnet_mult.h:73->firmware/nnet_utils/nnet_dense_latency.h:42]   --->   Operation 878 'sub' 'sub_ln73_567' <Predicate = true> <Delay = 1.43> <CoreInst = "Adder">   --->   Core 1 'Adder' <Latency = 0> <II = 1> <Delay = 1.43> <FuncUnit> <Opcode : 'add' 'sub'> <InPorts = 2> <OutPorts = 1>
ST_1 : Operation 879 [1/1] (0.00ns)   --->   "%mult_968 = partselect i13 @_ssdm_op_PartSelect.i13.i20.i32.i32, i20 %sub_ln73_567, i32 7, i32 19" [firmware/nnet_utils/nnet_dense_latency.h:42]   --->   Operation 879 'partselect' 'mult_968' <Predicate = true> <Delay = 0.00>
ST_1 : Operation 880 [1/1] (0.00ns)   --->   "%sext_ln17_452 = sext i13 %mult_968" [firmware/nnet_utils/nnet_dense_latency.h:17]   --->   Operation 880 'sext' 'sext_ln17_452' <Predicate = true> <Delay = 0.00>
ST_1 : Operation 881 [1/1] (3.57ns)   --->   "%mul_ln73_396 = mul i23 %sext_ln73_516, i23 35" [firmware/nnet_utils/nnet_mult.h:73->firmware/nnet_utils/nnet_dense_latency.h:42]   --->   Operation 881 'mul' 'mul_ln73_396' <Predicate = true> <Delay = 3.57> <CoreInst = "Multiplier">   --->   Core 3 'Multiplier' <Latency = 0> <II = 1> <Delay = 3.57> <FuncUnit> <Opcode : 'mul'> <InPorts = 2> <OutPorts = 1>
ST_1 : Operation 882 [1/1] (0.00ns)   --->   "%mult_969 = partselect i16 @_ssdm_op_PartSelect.i16.i23.i32.i32, i23 %mul_ln73_396, i32 7, i32 22" [firmware/nnet_utils/nnet_dense_latency.h:42]   --->   Operation 882 'partselect' 'mult_969' <Predicate = true> <Delay = 0.00>
ST_1 : Operation 883 [1/1] (1.43ns)   --->   "%sub_ln73_571 = sub i20 %sext_ln73_517, i20 %sext_ln73_934" [firmware/nnet_utils/nnet_mult.h:73->firmware/nnet_utils/nnet_dense_latency.h:42]   --->   Operation 883 'sub' 'sub_ln73_571' <Predicate = true> <Delay = 1.43> <CoreInst = "Adder">   --->   Core 1 'Adder' <Latency = 0> <II = 1> <Delay = 1.43> <FuncUnit> <Opcode : 'add' 'sub'> <InPorts = 2> <OutPorts = 1>
ST_1 : Operation 884 [1/1] (0.00ns)   --->   "%mult_973 = partselect i13 @_ssdm_op_PartSelect.i13.i20.i32.i32, i20 %sub_ln73_571, i32 7, i32 19" [firmware/nnet_utils/nnet_dense_latency.h:42]   --->   Operation 884 'partselect' 'mult_973' <Predicate = true> <Delay = 0.00>
ST_1 : Operation 885 [1/1] (0.00ns)   --->   "%sext_ln17_453 = sext i13 %mult_973" [firmware/nnet_utils/nnet_dense_latency.h:17]   --->   Operation 885 'sext' 'sext_ln17_453' <Predicate = true> <Delay = 0.00>
ST_1 : Operation 886 [1/1] (0.00ns)   --->   "%a_194 = load i16 %p_ZZN4nnet24compute_output_buffer_2dINS_5arrayI8ap_fixedILi16ELi6EL9ap_q_mode5EL9_274"   --->   Operation 886 'load' 'a_194' <Predicate = true> <Delay = 0.00>
ST_1 : Operation 887 [1/1] (0.00ns)   --->   "%sext_ln73_518 = sext i16 %a_194" [firmware/nnet_utils/nnet_mult.h:73->firmware/nnet_utils/nnet_dense_latency.h:42]   --->   Operation 887 'sext' 'sext_ln73_518' <Predicate = true> <Delay = 0.00>
ST_1 : Operation 888 [1/1] (0.00ns)   --->   "%sext_ln73_520 = sext i16 %a_194" [firmware/nnet_utils/nnet_mult.h:73->firmware/nnet_utils/nnet_dense_latency.h:42]   --->   Operation 888 'sext' 'sext_ln73_520' <Predicate = true> <Delay = 0.00>
ST_1 : Operation 889 [1/1] (3.57ns)   --->   "%mul_ln73_397 = mul i22 %sext_ln73_520, i22 25" [firmware/nnet_utils/nnet_mult.h:73->firmware/nnet_utils/nnet_dense_latency.h:42]   --->   Operation 889 'mul' 'mul_ln73_397' <Predicate = true> <Delay = 3.57> <CoreInst = "Multiplier">   --->   Core 3 'Multiplier' <Latency = 0> <II = 1> <Delay = 3.57> <FuncUnit> <Opcode : 'mul'> <InPorts = 2> <OutPorts = 1>
ST_1 : Operation 890 [1/1] (0.00ns)   --->   "%mult_977 = partselect i15 @_ssdm_op_PartSelect.i15.i22.i32.i32, i22 %mul_ln73_397, i32 7, i32 21" [firmware/nnet_utils/nnet_dense_latency.h:42]   --->   Operation 890 'partselect' 'mult_977' <Predicate = true> <Delay = 0.00>
ST_1 : Operation 891 [1/1] (0.00ns)   --->   "%tmp_613 = bitconcatenate i20 @_ssdm_op_BitConcatenate.i20.i16.i4, i16 %a_194, i4 0" [firmware/nnet_utils/nnet_mult.h:73->firmware/nnet_utils/nnet_dense_latency.h:42]   --->   Operation 891 'bitconcatenate' 'tmp_613' <Predicate = true> <Delay = 0.00>
ST_1 : Operation 892 [1/1] (0.00ns)   --->   "%sext_ln73_942 = sext i20 %tmp_613" [firmware/nnet_utils/nnet_mult.h:73->firmware/nnet_utils/nnet_dense_latency.h:42]   --->   Operation 892 'sext' 'sext_ln73_942' <Predicate = true> <Delay = 0.00>
ST_1 : Operation 893 [1/1] (0.00ns)   --->   "%tmp_614 = bitconcatenate i17 @_ssdm_op_BitConcatenate.i17.i16.i1, i16 %a_194, i1 0" [firmware/nnet_utils/nnet_mult.h:73->firmware/nnet_utils/nnet_dense_latency.h:42]   --->   Operation 893 'bitconcatenate' 'tmp_614' <Predicate = true> <Delay = 0.00>
ST_1 : Operation 894 [1/1] (0.00ns)   --->   "%sext_ln73_943 = sext i17 %tmp_614" [firmware/nnet_utils/nnet_mult.h:73->firmware/nnet_utils/nnet_dense_latency.h:42]   --->   Operation 894 'sext' 'sext_ln73_943' <Predicate = true> <Delay = 0.00>
ST_1 : Operation 895 [1/1] (1.43ns)   --->   "%sub_ln73_575 = sub i21 %sext_ln73_943, i21 %sext_ln73_942" [firmware/nnet_utils/nnet_mult.h:73->firmware/nnet_utils/nnet_dense_latency.h:42]   --->   Operation 895 'sub' 'sub_ln73_575' <Predicate = true> <Delay = 1.43> <CoreInst = "Adder">   --->   Core 1 'Adder' <Latency = 0> <II = 1> <Delay = 1.43> <FuncUnit> <Opcode : 'add' 'sub'> <InPorts = 2> <OutPorts = 1>
ST_1 : Operation 896 [1/1] (0.00ns)   --->   "%mult_978 = partselect i14 @_ssdm_op_PartSelect.i14.i21.i32.i32, i21 %sub_ln73_575, i32 7, i32 20" [firmware/nnet_utils/nnet_dense_latency.h:42]   --->   Operation 896 'partselect' 'mult_978' <Predicate = true> <Delay = 0.00>
ST_1 : Operation 897 [1/1] (3.57ns)   --->   "%mul_ln73_398 = mul i22 %sext_ln73_520, i22 4194283" [firmware/nnet_utils/nnet_mult.h:73->firmware/nnet_utils/nnet_dense_latency.h:42]   --->   Operation 897 'mul' 'mul_ln73_398' <Predicate = true> <Delay = 3.57> <CoreInst = "Multiplier">   --->   Core 3 'Multiplier' <Latency = 0> <II = 1> <Delay = 3.57> <FuncUnit> <Opcode : 'mul'> <InPorts = 2> <OutPorts = 1>
ST_1 : Operation 898 [1/1] (0.00ns)   --->   "%mult_979 = partselect i15 @_ssdm_op_PartSelect.i15.i22.i32.i32, i22 %mul_ln73_398, i32 7, i32 21" [firmware/nnet_utils/nnet_dense_latency.h:42]   --->   Operation 898 'partselect' 'mult_979' <Predicate = true> <Delay = 0.00>
ST_1 : Operation 899 [1/1] (3.57ns)   --->   "%mul_ln73_399 = mul i22 %sext_ln73_520, i22 22" [firmware/nnet_utils/nnet_mult.h:73->firmware/nnet_utils/nnet_dense_latency.h:42]   --->   Operation 899 'mul' 'mul_ln73_399' <Predicate = true> <Delay = 3.57> <CoreInst = "Multiplier">   --->   Core 3 'Multiplier' <Latency = 0> <II = 1> <Delay = 3.57> <FuncUnit> <Opcode : 'mul'> <InPorts = 2> <OutPorts = 1>
ST_1 : Operation 900 [1/1] (0.00ns)   --->   "%mult_981 = partselect i15 @_ssdm_op_PartSelect.i15.i22.i32.i32, i22 %mul_ln73_399, i32 7, i32 21" [firmware/nnet_utils/nnet_dense_latency.h:42]   --->   Operation 900 'partselect' 'mult_981' <Predicate = true> <Delay = 0.00>
ST_1 : Operation 901 [1/1] (0.00ns)   --->   "%tmp_616 = bitconcatenate i19 @_ssdm_op_BitConcatenate.i19.i16.i3, i16 %a_194, i3 0" [firmware/nnet_utils/nnet_mult.h:73->firmware/nnet_utils/nnet_dense_latency.h:42]   --->   Operation 901 'bitconcatenate' 'tmp_616' <Predicate = true> <Delay = 0.00>
ST_1 : Operation 902 [1/1] (0.00ns)   --->   "%sext_ln73_947 = sext i19 %tmp_616" [firmware/nnet_utils/nnet_mult.h:73->firmware/nnet_utils/nnet_dense_latency.h:42]   --->   Operation 902 'sext' 'sext_ln73_947' <Predicate = true> <Delay = 0.00>
ST_1 : Operation 903 [1/1] (1.43ns)   --->   "%sub_ln73_578 = sub i20 %sext_ln73_518, i20 %sext_ln73_947" [firmware/nnet_utils/nnet_mult.h:73->firmware/nnet_utils/nnet_dense_latency.h:42]   --->   Operation 903 'sub' 'sub_ln73_578' <Predicate = true> <Delay = 1.43> <CoreInst = "Adder">   --->   Core 1 'Adder' <Latency = 0> <II = 1> <Delay = 1.43> <FuncUnit> <Opcode : 'add' 'sub'> <InPorts = 2> <OutPorts = 1>
ST_1 : Operation 904 [1/1] (0.00ns)   --->   "%mult_983 = partselect i13 @_ssdm_op_PartSelect.i13.i20.i32.i32, i20 %sub_ln73_578, i32 7, i32 19" [firmware/nnet_utils/nnet_dense_latency.h:42]   --->   Operation 904 'partselect' 'mult_983' <Predicate = true> <Delay = 0.00>
ST_1 : Operation 905 [1/1] (0.00ns)   --->   "%sext_ln17_455 = sext i13 %mult_983" [firmware/nnet_utils/nnet_dense_latency.h:17]   --->   Operation 905 'sext' 'sext_ln17_455' <Predicate = true> <Delay = 0.00>
ST_1 : Operation 906 [1/1] (0.00ns)   --->   "%a_195 = load i16 %p_ZZN4nnet24compute_output_buffer_2dINS_5arrayI8ap_fixedILi16ELi6EL9ap_q_mode5EL9_275"   --->   Operation 906 'load' 'a_195' <Predicate = true> <Delay = 0.00>
ST_1 : Operation 907 [1/1] (0.00ns)   --->   "%sext_ln73_522 = sext i16 %a_195" [firmware/nnet_utils/nnet_mult.h:73->firmware/nnet_utils/nnet_dense_latency.h:42]   --->   Operation 907 'sext' 'sext_ln73_522' <Predicate = true> <Delay = 0.00>
ST_1 : Operation 908 [1/1] (0.00ns)   --->   "%sext_ln73_523 = sext i16 %a_195" [firmware/nnet_utils/nnet_mult.h:73->firmware/nnet_utils/nnet_dense_latency.h:42]   --->   Operation 908 'sext' 'sext_ln73_523' <Predicate = true> <Delay = 0.00>
ST_1 : Operation 909 [1/1] (0.00ns)   --->   "%sext_ln73_524 = sext i16 %a_195" [firmware/nnet_utils/nnet_mult.h:73->firmware/nnet_utils/nnet_dense_latency.h:42]   --->   Operation 909 'sext' 'sext_ln73_524' <Predicate = true> <Delay = 0.00>
ST_1 : Operation 910 [1/1] (0.00ns)   --->   "%sext_ln73_525 = sext i16 %a_195" [firmware/nnet_utils/nnet_mult.h:73->firmware/nnet_utils/nnet_dense_latency.h:42]   --->   Operation 910 'sext' 'sext_ln73_525' <Predicate = true> <Delay = 0.00>
ST_1 : Operation 911 [1/1] (0.00ns)   --->   "%tmp_617 = bitconcatenate i19 @_ssdm_op_BitConcatenate.i19.i16.i3, i16 %a_195, i3 0" [firmware/nnet_utils/nnet_mult.h:73->firmware/nnet_utils/nnet_dense_latency.h:42]   --->   Operation 911 'bitconcatenate' 'tmp_617' <Predicate = true> <Delay = 0.00>
ST_1 : Operation 912 [1/1] (0.00ns)   --->   "%sext_ln73_948 = sext i19 %tmp_617" [firmware/nnet_utils/nnet_mult.h:73->firmware/nnet_utils/nnet_dense_latency.h:42]   --->   Operation 912 'sext' 'sext_ln73_948' <Predicate = true> <Delay = 0.00>
ST_1 : Operation 913 [1/1] (1.43ns)   --->   "%sub_ln73_579 = sub i20 %sext_ln73_525, i20 %sext_ln73_948" [firmware/nnet_utils/nnet_mult.h:73->firmware/nnet_utils/nnet_dense_latency.h:42]   --->   Operation 913 'sub' 'sub_ln73_579' <Predicate = true> <Delay = 1.43> <CoreInst = "Adder">   --->   Core 1 'Adder' <Latency = 0> <II = 1> <Delay = 1.43> <FuncUnit> <Opcode : 'add' 'sub'> <InPorts = 2> <OutPorts = 1>
ST_1 : Operation 914 [1/1] (0.00ns)   --->   "%mult_984 = partselect i13 @_ssdm_op_PartSelect.i13.i20.i32.i32, i20 %sub_ln73_579, i32 7, i32 19" [firmware/nnet_utils/nnet_dense_latency.h:42]   --->   Operation 914 'partselect' 'mult_984' <Predicate = true> <Delay = 0.00>
ST_1 : Operation 915 [1/1] (0.00ns)   --->   "%sext_ln17_456 = sext i13 %mult_984" [firmware/nnet_utils/nnet_dense_latency.h:17]   --->   Operation 915 'sext' 'sext_ln17_456' <Predicate = true> <Delay = 0.00>
ST_1 : Operation 916 [1/1] (3.57ns)   --->   "%mul_ln73_400 = mul i21 %sext_ln73_524, i21 2097141" [firmware/nnet_utils/nnet_mult.h:73->firmware/nnet_utils/nnet_dense_latency.h:42]   --->   Operation 916 'mul' 'mul_ln73_400' <Predicate = true> <Delay = 3.57> <CoreInst = "Multiplier">   --->   Core 3 'Multiplier' <Latency = 0> <II = 1> <Delay = 3.57> <FuncUnit> <Opcode : 'mul'> <InPorts = 2> <OutPorts = 1>
ST_1 : Operation 917 [1/1] (0.00ns)   --->   "%mult_985 = partselect i14 @_ssdm_op_PartSelect.i14.i21.i32.i32, i21 %mul_ln73_400, i32 7, i32 20" [firmware/nnet_utils/nnet_dense_latency.h:42]   --->   Operation 917 'partselect' 'mult_985' <Predicate = true> <Delay = 0.00>
ST_1 : Operation 918 [1/1] (0.00ns)   --->   "%tmp_618 = bitconcatenate i18 @_ssdm_op_BitConcatenate.i18.i16.i2, i16 %a_195, i2 0" [firmware/nnet_utils/nnet_mult.h:73->firmware/nnet_utils/nnet_dense_latency.h:42]   --->   Operation 918 'bitconcatenate' 'tmp_618' <Predicate = true> <Delay = 0.00>
ST_1 : Operation 919 [1/1] (0.00ns)   --->   "%sext_ln73_949 = sext i18 %tmp_618" [firmware/nnet_utils/nnet_mult.h:73->firmware/nnet_utils/nnet_dense_latency.h:42]   --->   Operation 919 'sext' 'sext_ln73_949' <Predicate = true> <Delay = 0.00>
ST_1 : Operation 920 [1/1] (1.42ns)   --->   "%sub_ln73_580 = sub i19 %sext_ln73_949, i19 %sext_ln73_523" [firmware/nnet_utils/nnet_mult.h:73->firmware/nnet_utils/nnet_dense_latency.h:42]   --->   Operation 920 'sub' 'sub_ln73_580' <Predicate = true> <Delay = 1.42> <CoreInst = "Adder">   --->   Core 1 'Adder' <Latency = 0> <II = 1> <Delay = 1.42> <FuncUnit> <Opcode : 'add' 'sub'> <InPorts = 2> <OutPorts = 1>
ST_1 : Operation 921 [1/1] (0.00ns)   --->   "%mult_986 = partselect i12 @_ssdm_op_PartSelect.i12.i19.i32.i32, i19 %sub_ln73_580, i32 7, i32 18" [firmware/nnet_utils/nnet_dense_latency.h:42]   --->   Operation 921 'partselect' 'mult_986' <Predicate = true> <Delay = 0.00>
ST_1 : Operation 922 [1/1] (0.00ns)   --->   "%sext_ln17_457 = sext i12 %mult_986" [firmware/nnet_utils/nnet_dense_latency.h:17]   --->   Operation 922 'sext' 'sext_ln17_457' <Predicate = true> <Delay = 0.00>
ST_1 : Operation 923 [1/1] (0.00ns)   --->   "%mult_987 = partselect i11 @_ssdm_op_PartSelect.i11.i16.i32.i32, i16 %a_195, i32 5, i32 15" [firmware/nnet_utils/nnet_dense_latency.h:42]   --->   Operation 923 'partselect' 'mult_987' <Predicate = true> <Delay = 0.00>
ST_1 : Operation 924 [1/1] (0.00ns)   --->   "%sext_ln17_458 = sext i11 %mult_987" [firmware/nnet_utils/nnet_dense_latency.h:17]   --->   Operation 924 'sext' 'sext_ln17_458' <Predicate = true> <Delay = 0.00>
ST_1 : Operation 925 [1/1] (3.57ns)   --->   "%mul_ln73_401 = mul i22 %sext_ln73_522, i22 4194278" [firmware/nnet_utils/nnet_mult.h:73->firmware/nnet_utils/nnet_dense_latency.h:42]   --->   Operation 925 'mul' 'mul_ln73_401' <Predicate = true> <Delay = 3.57> <CoreInst = "Multiplier">   --->   Core 3 'Multiplier' <Latency = 0> <II = 1> <Delay = 3.57> <FuncUnit> <Opcode : 'mul'> <InPorts = 2> <OutPorts = 1>
ST_1 : Operation 926 [1/1] (0.00ns)   --->   "%mult_988 = partselect i15 @_ssdm_op_PartSelect.i15.i22.i32.i32, i22 %mul_ln73_401, i32 7, i32 21" [firmware/nnet_utils/nnet_dense_latency.h:42]   --->   Operation 926 'partselect' 'mult_988' <Predicate = true> <Delay = 0.00>
ST_1 : Operation 927 [1/1] (3.57ns)   --->   "%mul_ln73_402 = mul i21 %sext_ln73_524, i21 13" [firmware/nnet_utils/nnet_mult.h:73->firmware/nnet_utils/nnet_dense_latency.h:42]   --->   Operation 927 'mul' 'mul_ln73_402' <Predicate = true> <Delay = 3.57> <CoreInst = "Multiplier">   --->   Core 3 'Multiplier' <Latency = 0> <II = 1> <Delay = 3.57> <FuncUnit> <Opcode : 'mul'> <InPorts = 2> <OutPorts = 1>
ST_1 : Operation 928 [1/1] (0.00ns)   --->   "%mult_989 = partselect i14 @_ssdm_op_PartSelect.i14.i21.i32.i32, i21 %mul_ln73_402, i32 7, i32 20" [firmware/nnet_utils/nnet_dense_latency.h:42]   --->   Operation 928 'partselect' 'mult_989' <Predicate = true> <Delay = 0.00>
ST_1 : Operation 929 [1/1] (3.57ns)   --->   "%mul_ln73_403 = mul i22 %sext_ln73_522, i22 29" [firmware/nnet_utils/nnet_mult.h:73->firmware/nnet_utils/nnet_dense_latency.h:42]   --->   Operation 929 'mul' 'mul_ln73_403' <Predicate = true> <Delay = 3.57> <CoreInst = "Multiplier">   --->   Core 3 'Multiplier' <Latency = 0> <II = 1> <Delay = 3.57> <FuncUnit> <Opcode : 'mul'> <InPorts = 2> <OutPorts = 1>
ST_1 : Operation 930 [1/1] (0.00ns)   --->   "%mult_990 = partselect i15 @_ssdm_op_PartSelect.i15.i22.i32.i32, i22 %mul_ln73_403, i32 7, i32 21" [firmware/nnet_utils/nnet_dense_latency.h:42]   --->   Operation 930 'partselect' 'mult_990' <Predicate = true> <Delay = 0.00>
ST_1 : Operation 931 [1/1] (0.00ns)   --->   "%a_196 = load i16 %p_ZZN4nnet24compute_output_buffer_2dINS_5arrayI8ap_fixedILi16ELi6EL9ap_q_mode5EL9_276"   --->   Operation 931 'load' 'a_196' <Predicate = true> <Delay = 0.00>
ST_1 : Operation 932 [1/1] (0.00ns)   --->   "%sext_ln73_526 = sext i16 %a_196" [firmware/nnet_utils/nnet_mult.h:73->firmware/nnet_utils/nnet_dense_latency.h:42]   --->   Operation 932 'sext' 'sext_ln73_526' <Predicate = true> <Delay = 0.00>
ST_1 : Operation 933 [1/1] (0.00ns)   --->   "%sext_ln73_527 = sext i16 %a_196" [firmware/nnet_utils/nnet_mult.h:73->firmware/nnet_utils/nnet_dense_latency.h:42]   --->   Operation 933 'sext' 'sext_ln73_527' <Predicate = true> <Delay = 0.00>
ST_1 : Operation 934 [1/1] (0.00ns)   --->   "%sext_ln73_528 = sext i16 %a_196" [firmware/nnet_utils/nnet_mult.h:73->firmware/nnet_utils/nnet_dense_latency.h:42]   --->   Operation 934 'sext' 'sext_ln73_528' <Predicate = true> <Delay = 0.00>
ST_1 : Operation 935 [1/1] (0.00ns)   --->   "%sext_ln73_530 = sext i16 %a_196" [firmware/nnet_utils/nnet_mult.h:73->firmware/nnet_utils/nnet_dense_latency.h:42]   --->   Operation 935 'sext' 'sext_ln73_530' <Predicate = true> <Delay = 0.00>
ST_1 : Operation 936 [1/1] (1.41ns)   --->   "%sub_ln73_12 = sub i17 0, i17 %sext_ln73_530" [firmware/nnet_utils/nnet_mult.h:73->firmware/nnet_utils/nnet_dense_latency.h:42]   --->   Operation 936 'sub' 'sub_ln73_12' <Predicate = true> <Delay = 1.41> <CoreInst = "Adder">   --->   Core 1 'Adder' <Latency = 0> <II = 1> <Delay = 1.41> <FuncUnit> <Opcode : 'add' 'sub'> <InPorts = 2> <OutPorts = 1>
ST_1 : Operation 937 [1/1] (0.00ns)   --->   "%mult_991 = partselect i10 @_ssdm_op_PartSelect.i10.i17.i32.i32, i17 %sub_ln73_12, i32 7, i32 16" [firmware/nnet_utils/nnet_dense_latency.h:42]   --->   Operation 937 'partselect' 'mult_991' <Predicate = true> <Delay = 0.00>
ST_1 : Operation 938 [1/1] (0.00ns)   --->   "%sext_ln17_460 = sext i10 %mult_991" [firmware/nnet_utils/nnet_dense_latency.h:17]   --->   Operation 938 'sext' 'sext_ln17_460' <Predicate = true> <Delay = 0.00>
ST_1 : Operation 939 [1/1] (3.57ns)   --->   "%mul_ln73_404 = mul i21 %sext_ln73_528, i21 2097139" [firmware/nnet_utils/nnet_mult.h:73->firmware/nnet_utils/nnet_dense_latency.h:42]   --->   Operation 939 'mul' 'mul_ln73_404' <Predicate = true> <Delay = 3.57> <CoreInst = "Multiplier">   --->   Core 3 'Multiplier' <Latency = 0> <II = 1> <Delay = 3.57> <FuncUnit> <Opcode : 'mul'> <InPorts = 2> <OutPorts = 1>
ST_1 : Operation 940 [1/1] (0.00ns)   --->   "%mult_993 = partselect i14 @_ssdm_op_PartSelect.i14.i21.i32.i32, i21 %mul_ln73_404, i32 7, i32 20" [firmware/nnet_utils/nnet_dense_latency.h:42]   --->   Operation 940 'partselect' 'mult_993' <Predicate = true> <Delay = 0.00>
ST_1 : Operation 941 [1/1] (3.57ns)   --->   "%mul_ln73_405 = mul i22 %sext_ln73_527, i22 4194275" [firmware/nnet_utils/nnet_mult.h:73->firmware/nnet_utils/nnet_dense_latency.h:42]   --->   Operation 941 'mul' 'mul_ln73_405' <Predicate = true> <Delay = 3.57> <CoreInst = "Multiplier">   --->   Core 3 'Multiplier' <Latency = 0> <II = 1> <Delay = 3.57> <FuncUnit> <Opcode : 'mul'> <InPorts = 2> <OutPorts = 1>
ST_1 : Operation 942 [1/1] (0.00ns)   --->   "%mult_994 = partselect i15 @_ssdm_op_PartSelect.i15.i22.i32.i32, i22 %mul_ln73_405, i32 7, i32 21" [firmware/nnet_utils/nnet_dense_latency.h:42]   --->   Operation 942 'partselect' 'mult_994' <Predicate = true> <Delay = 0.00>
ST_1 : Operation 943 [1/1] (3.57ns)   --->   "%mul_ln73_406 = mul i22 %sext_ln73_527, i22 27" [firmware/nnet_utils/nnet_mult.h:73->firmware/nnet_utils/nnet_dense_latency.h:42]   --->   Operation 943 'mul' 'mul_ln73_406' <Predicate = true> <Delay = 3.57> <CoreInst = "Multiplier">   --->   Core 3 'Multiplier' <Latency = 0> <II = 1> <Delay = 3.57> <FuncUnit> <Opcode : 'mul'> <InPorts = 2> <OutPorts = 1>
ST_1 : Operation 944 [1/1] (0.00ns)   --->   "%mult_996 = partselect i15 @_ssdm_op_PartSelect.i15.i22.i32.i32, i22 %mul_ln73_406, i32 7, i32 21" [firmware/nnet_utils/nnet_dense_latency.h:42]   --->   Operation 944 'partselect' 'mult_996' <Predicate = true> <Delay = 0.00>
ST_1 : Operation 945 [1/1] (3.57ns)   --->   "%mul_ln73_407 = mul i23 %sext_ln73_526, i23 37" [firmware/nnet_utils/nnet_mult.h:73->firmware/nnet_utils/nnet_dense_latency.h:42]   --->   Operation 945 'mul' 'mul_ln73_407' <Predicate = true> <Delay = 3.57> <CoreInst = "Multiplier">   --->   Core 3 'Multiplier' <Latency = 0> <II = 1> <Delay = 3.57> <FuncUnit> <Opcode : 'mul'> <InPorts = 2> <OutPorts = 1>
ST_1 : Operation 946 [1/1] (0.00ns)   --->   "%mult_997 = partselect i16 @_ssdm_op_PartSelect.i16.i23.i32.i32, i23 %mul_ln73_407, i32 7, i32 22" [firmware/nnet_utils/nnet_dense_latency.h:42]   --->   Operation 946 'partselect' 'mult_997' <Predicate = true> <Delay = 0.00>
ST_1 : Operation 947 [1/1] (0.00ns)   --->   "%a_197 = load i16 %p_ZZN4nnet24compute_output_buffer_2dINS_5arrayI8ap_fixedILi16ELi6EL9ap_q_mode5EL9_277"   --->   Operation 947 'load' 'a_197' <Predicate = true> <Delay = 0.00>
ST_1 : Operation 948 [1/1] (0.00ns)   --->   "%sext_ln73_532 = sext i16 %a_197" [firmware/nnet_utils/nnet_mult.h:73->firmware/nnet_utils/nnet_dense_latency.h:42]   --->   Operation 948 'sext' 'sext_ln73_532' <Predicate = true> <Delay = 0.00>
ST_1 : Operation 949 [1/1] (3.57ns)   --->   "%mul_ln73_408 = mul i22 %sext_ln73_532, i22 29" [firmware/nnet_utils/nnet_mult.h:73->firmware/nnet_utils/nnet_dense_latency.h:42]   --->   Operation 949 'mul' 'mul_ln73_408' <Predicate = true> <Delay = 3.57> <CoreInst = "Multiplier">   --->   Core 3 'Multiplier' <Latency = 0> <II = 1> <Delay = 3.57> <FuncUnit> <Opcode : 'mul'> <InPorts = 2> <OutPorts = 1>
ST_1 : Operation 950 [1/1] (0.00ns)   --->   "%mult_998 = partselect i15 @_ssdm_op_PartSelect.i15.i22.i32.i32, i22 %mul_ln73_408, i32 7, i32 21" [firmware/nnet_utils/nnet_dense_latency.h:42]   --->   Operation 950 'partselect' 'mult_998' <Predicate = true> <Delay = 0.00>
ST_1 : Operation 951 [1/1] (0.00ns)   --->   "%tmp_622 = bitconcatenate i20 @_ssdm_op_BitConcatenate.i20.i16.i4, i16 %a_197, i4 0" [firmware/nnet_utils/nnet_mult.h:73->firmware/nnet_utils/nnet_dense_latency.h:42]   --->   Operation 951 'bitconcatenate' 'tmp_622' <Predicate = true> <Delay = 0.00>
ST_1 : Operation 952 [1/1] (0.00ns)   --->   "%sext_ln73_954 = sext i20 %tmp_622" [firmware/nnet_utils/nnet_mult.h:73->firmware/nnet_utils/nnet_dense_latency.h:42]   --->   Operation 952 'sext' 'sext_ln73_954' <Predicate = true> <Delay = 0.00>
ST_1 : Operation 953 [1/1] (0.00ns)   --->   "%tmp_623 = bitconcatenate i17 @_ssdm_op_BitConcatenate.i17.i16.i1, i16 %a_197, i1 0" [firmware/nnet_utils/nnet_mult.h:73->firmware/nnet_utils/nnet_dense_latency.h:42]   --->   Operation 953 'bitconcatenate' 'tmp_623' <Predicate = true> <Delay = 0.00>
ST_1 : Operation 954 [1/1] (0.00ns)   --->   "%sext_ln73_955 = sext i17 %tmp_623" [firmware/nnet_utils/nnet_mult.h:73->firmware/nnet_utils/nnet_dense_latency.h:42]   --->   Operation 954 'sext' 'sext_ln73_955' <Predicate = true> <Delay = 0.00>
ST_1 : Operation 955 [1/1] (1.43ns)   --->   "%add_ln73_120 = add i22 %sext_ln73_954, i22 %sext_ln73_955" [firmware/nnet_utils/nnet_mult.h:73->firmware/nnet_utils/nnet_dense_latency.h:42]   --->   Operation 955 'add' 'add_ln73_120' <Predicate = true> <Delay = 1.43> <CoreInst = "Adder">   --->   Core 1 'Adder' <Latency = 0> <II = 1> <Delay = 1.43> <FuncUnit> <Opcode : 'add' 'sub'> <InPorts = 2> <OutPorts = 1>
ST_1 : Operation 956 [1/1] (0.00ns)   --->   "%mult_999 = partselect i15 @_ssdm_op_PartSelect.i15.i22.i32.i32, i22 %add_ln73_120, i32 7, i32 21" [firmware/nnet_utils/nnet_dense_latency.h:42]   --->   Operation 956 'partselect' 'mult_999' <Predicate = true> <Delay = 0.00>
ST_1 : Operation 957 [1/1] (0.00ns)   --->   "%tmp_624 = bitconcatenate i21 @_ssdm_op_BitConcatenate.i21.i16.i5, i16 %a_197, i5 0" [firmware/nnet_utils/nnet_mult.h:73->firmware/nnet_utils/nnet_dense_latency.h:42]   --->   Operation 957 'bitconcatenate' 'tmp_624' <Predicate = true> <Delay = 0.00>
ST_1 : Operation 958 [1/1] (0.00ns)   --->   "%sext_ln73_956 = sext i21 %tmp_624" [firmware/nnet_utils/nnet_mult.h:73->firmware/nnet_utils/nnet_dense_latency.h:42]   --->   Operation 958 'sext' 'sext_ln73_956' <Predicate = true> <Delay = 0.00>
ST_1 : Operation 959 [1/1] (0.00ns)   --->   "%tmp_625 = bitconcatenate i19 @_ssdm_op_BitConcatenate.i19.i16.i3, i16 %a_197, i3 0" [firmware/nnet_utils/nnet_mult.h:73->firmware/nnet_utils/nnet_dense_latency.h:42]   --->   Operation 959 'bitconcatenate' 'tmp_625' <Predicate = true> <Delay = 0.00>
ST_1 : Operation 960 [1/1] (0.00ns)   --->   "%sext_ln73_957 = sext i19 %tmp_625" [firmware/nnet_utils/nnet_mult.h:73->firmware/nnet_utils/nnet_dense_latency.h:42]   --->   Operation 960 'sext' 'sext_ln73_957' <Predicate = true> <Delay = 0.00>
ST_1 : Operation 961 [1/1] (1.43ns)   --->   "%sub_ln73_584 = sub i22 %sext_ln73_956, i22 %sext_ln73_957" [firmware/nnet_utils/nnet_mult.h:73->firmware/nnet_utils/nnet_dense_latency.h:42]   --->   Operation 961 'sub' 'sub_ln73_584' <Predicate = true> <Delay = 1.43> <CoreInst = "Adder">   --->   Core 1 'Adder' <Latency = 0> <II = 1> <Delay = 1.43> <FuncUnit> <Opcode : 'add' 'sub'> <InPorts = 2> <OutPorts = 1>
ST_1 : Operation 962 [1/1] (0.00ns)   --->   "%mult_1000 = partselect i15 @_ssdm_op_PartSelect.i15.i22.i32.i32, i22 %sub_ln73_584, i32 7, i32 21" [firmware/nnet_utils/nnet_dense_latency.h:42]   --->   Operation 962 'partselect' 'mult_1000' <Predicate = true> <Delay = 0.00>
ST_1 : Operation 963 [1/1] (0.00ns)   --->   "%sext_ln42_449 = sext i15 %mult_1000" [firmware/nnet_utils/nnet_dense_latency.h:42]   --->   Operation 963 'sext' 'sext_ln42_449' <Predicate = true> <Delay = 0.00>
ST_1 : Operation 964 [1/1] (3.57ns)   --->   "%mul_ln73_409 = mul i22 %sext_ln73_532, i22 4194283" [firmware/nnet_utils/nnet_mult.h:73->firmware/nnet_utils/nnet_dense_latency.h:42]   --->   Operation 964 'mul' 'mul_ln73_409' <Predicate = true> <Delay = 3.57> <CoreInst = "Multiplier">   --->   Core 3 'Multiplier' <Latency = 0> <II = 1> <Delay = 3.57> <FuncUnit> <Opcode : 'mul'> <InPorts = 2> <OutPorts = 1>
ST_1 : Operation 965 [1/1] (0.00ns)   --->   "%mult_1001 = partselect i15 @_ssdm_op_PartSelect.i15.i22.i32.i32, i22 %mul_ln73_409, i32 7, i32 21" [firmware/nnet_utils/nnet_dense_latency.h:42]   --->   Operation 965 'partselect' 'mult_1001' <Predicate = true> <Delay = 0.00>
ST_1 : Operation 966 [1/1] (0.00ns)   --->   "%sext_ln73_958 = sext i20 %tmp_622" [firmware/nnet_utils/nnet_mult.h:73->firmware/nnet_utils/nnet_dense_latency.h:42]   --->   Operation 966 'sext' 'sext_ln73_958' <Predicate = true> <Delay = 0.00>
ST_1 : Operation 967 [1/1] (0.00ns)   --->   "%tmp_626 = bitconcatenate i18 @_ssdm_op_BitConcatenate.i18.i16.i2, i16 %a_197, i2 0" [firmware/nnet_utils/nnet_mult.h:73->firmware/nnet_utils/nnet_dense_latency.h:42]   --->   Operation 967 'bitconcatenate' 'tmp_626' <Predicate = true> <Delay = 0.00>
ST_1 : Operation 968 [1/1] (0.00ns)   --->   "%sext_ln73_959 = sext i18 %tmp_626" [firmware/nnet_utils/nnet_mult.h:73->firmware/nnet_utils/nnet_dense_latency.h:42]   --->   Operation 968 'sext' 'sext_ln73_959' <Predicate = true> <Delay = 0.00>
ST_1 : Operation 969 [1/1] (1.43ns)   --->   "%sub_ln73_585 = sub i21 %sext_ln73_959, i21 %sext_ln73_958" [firmware/nnet_utils/nnet_mult.h:73->firmware/nnet_utils/nnet_dense_latency.h:42]   --->   Operation 969 'sub' 'sub_ln73_585' <Predicate = true> <Delay = 1.43> <CoreInst = "Adder">   --->   Core 1 'Adder' <Latency = 0> <II = 1> <Delay = 1.43> <FuncUnit> <Opcode : 'add' 'sub'> <InPorts = 2> <OutPorts = 1>
ST_1 : Operation 970 [1/1] (0.00ns)   --->   "%mult_1002 = partselect i14 @_ssdm_op_PartSelect.i14.i21.i32.i32, i21 %sub_ln73_585, i32 7, i32 20" [firmware/nnet_utils/nnet_dense_latency.h:42]   --->   Operation 970 'partselect' 'mult_1002' <Predicate = true> <Delay = 0.00>
ST_1 : Operation 971 [1/1] (0.00ns)   --->   "%mult_1003 = partselect i13 @_ssdm_op_PartSelect.i13.i16.i32.i32, i16 %a_197, i32 3, i32 15" [firmware/nnet_utils/nnet_dense_latency.h:42]   --->   Operation 971 'partselect' 'mult_1003' <Predicate = true> <Delay = 0.00>
ST_1 : Operation 972 [1/1] (0.00ns)   --->   "%sext_ln17_464 = sext i13 %mult_1003" [firmware/nnet_utils/nnet_dense_latency.h:17]   --->   Operation 972 'sext' 'sext_ln17_464' <Predicate = true> <Delay = 0.00>
ST_1 : Operation 973 [1/1] (0.00ns)   --->   "%sext_ln73_960 = sext i17 %tmp_623" [firmware/nnet_utils/nnet_mult.h:73->firmware/nnet_utils/nnet_dense_latency.h:42]   --->   Operation 973 'sext' 'sext_ln73_960' <Predicate = true> <Delay = 0.00>
ST_1 : Operation 974 [1/1] (1.43ns)   --->   "%sub_ln73_586 = sub i21 %sext_ln73_960, i21 %sext_ln73_958" [firmware/nnet_utils/nnet_mult.h:73->firmware/nnet_utils/nnet_dense_latency.h:42]   --->   Operation 974 'sub' 'sub_ln73_586' <Predicate = true> <Delay = 1.43> <CoreInst = "Adder">   --->   Core 1 'Adder' <Latency = 0> <II = 1> <Delay = 1.43> <FuncUnit> <Opcode : 'add' 'sub'> <InPorts = 2> <OutPorts = 1>
ST_1 : Operation 975 [1/1] (0.00ns)   --->   "%mult_1004 = partselect i14 @_ssdm_op_PartSelect.i14.i21.i32.i32, i21 %sub_ln73_586, i32 7, i32 20" [firmware/nnet_utils/nnet_dense_latency.h:42]   --->   Operation 975 'partselect' 'mult_1004' <Predicate = true> <Delay = 0.00>
ST_1 : Operation 976 [1/1] (1.43ns)   --->   "%sub_ln73_587 = sub i22 %sext_ln73_956, i22 %sext_ln73_532" [firmware/nnet_utils/nnet_mult.h:73->firmware/nnet_utils/nnet_dense_latency.h:42]   --->   Operation 976 'sub' 'sub_ln73_587' <Predicate = true> <Delay = 1.43> <CoreInst = "Adder">   --->   Core 1 'Adder' <Latency = 0> <II = 1> <Delay = 1.43> <FuncUnit> <Opcode : 'add' 'sub'> <InPorts = 2> <OutPorts = 1>
ST_1 : Operation 977 [1/1] (0.00ns)   --->   "%mult_1005 = partselect i15 @_ssdm_op_PartSelect.i15.i22.i32.i32, i22 %sub_ln73_587, i32 7, i32 21" [firmware/nnet_utils/nnet_dense_latency.h:42]   --->   Operation 977 'partselect' 'mult_1005' <Predicate = true> <Delay = 0.00>
ST_1 : Operation 978 [1/1] (0.00ns)   --->   "%a_198 = load i16 %p_ZZN4nnet24compute_output_buffer_2dINS_5arrayI8ap_fixedILi16ELi6EL9ap_q_mode5EL9_278"   --->   Operation 978 'load' 'a_198' <Predicate = true> <Delay = 0.00>
ST_1 : Operation 979 [1/1] (0.00ns)   --->   "%sext_ln73_533 = sext i16 %a_198" [firmware/nnet_utils/nnet_mult.h:73->firmware/nnet_utils/nnet_dense_latency.h:42]   --->   Operation 979 'sext' 'sext_ln73_533' <Predicate = true> <Delay = 0.00>
ST_1 : Operation 980 [1/1] (0.00ns)   --->   "%sext_ln73_534 = sext i16 %a_198" [firmware/nnet_utils/nnet_mult.h:73->firmware/nnet_utils/nnet_dense_latency.h:42]   --->   Operation 980 'sext' 'sext_ln73_534' <Predicate = true> <Delay = 0.00>
ST_1 : Operation 981 [1/1] (0.00ns)   --->   "%sext_ln73_535 = sext i16 %a_198" [firmware/nnet_utils/nnet_mult.h:73->firmware/nnet_utils/nnet_dense_latency.h:42]   --->   Operation 981 'sext' 'sext_ln73_535' <Predicate = true> <Delay = 0.00>
ST_1 : Operation 982 [1/1] (3.57ns)   --->   "%mul_ln73_410 = mul i22 %sext_ln73_535, i22 29" [firmware/nnet_utils/nnet_mult.h:73->firmware/nnet_utils/nnet_dense_latency.h:42]   --->   Operation 982 'mul' 'mul_ln73_410' <Predicate = true> <Delay = 3.57> <CoreInst = "Multiplier">   --->   Core 3 'Multiplier' <Latency = 0> <II = 1> <Delay = 3.57> <FuncUnit> <Opcode : 'mul'> <InPorts = 2> <OutPorts = 1>
ST_1 : Operation 983 [1/1] (0.00ns)   --->   "%mult_1006 = partselect i15 @_ssdm_op_PartSelect.i15.i22.i32.i32, i22 %mul_ln73_410, i32 7, i32 21" [firmware/nnet_utils/nnet_dense_latency.h:42]   --->   Operation 983 'partselect' 'mult_1006' <Predicate = true> <Delay = 0.00>
ST_1 : Operation 984 [1/1] (0.00ns)   --->   "%tmp_627 = bitconcatenate i19 @_ssdm_op_BitConcatenate.i19.i16.i3, i16 %a_198, i3 0" [firmware/nnet_utils/nnet_mult.h:73->firmware/nnet_utils/nnet_dense_latency.h:42]   --->   Operation 984 'bitconcatenate' 'tmp_627' <Predicate = true> <Delay = 0.00>
ST_1 : Operation 985 [1/1] (0.00ns)   --->   "%sext_ln73_961 = sext i19 %tmp_627" [firmware/nnet_utils/nnet_mult.h:73->firmware/nnet_utils/nnet_dense_latency.h:42]   --->   Operation 985 'sext' 'sext_ln73_961' <Predicate = true> <Delay = 0.00>
ST_1 : Operation 986 [1/1] (1.43ns)   --->   "%sub_ln73_588 = sub i20 %sext_ln73_961, i20 %sext_ln73_534" [firmware/nnet_utils/nnet_mult.h:73->firmware/nnet_utils/nnet_dense_latency.h:42]   --->   Operation 986 'sub' 'sub_ln73_588' <Predicate = true> <Delay = 1.43> <CoreInst = "Adder">   --->   Core 1 'Adder' <Latency = 0> <II = 1> <Delay = 1.43> <FuncUnit> <Opcode : 'add' 'sub'> <InPorts = 2> <OutPorts = 1>
ST_1 : Operation 987 [1/1] (0.00ns)   --->   "%mult_1007 = partselect i13 @_ssdm_op_PartSelect.i13.i20.i32.i32, i20 %sub_ln73_588, i32 7, i32 19" [firmware/nnet_utils/nnet_dense_latency.h:42]   --->   Operation 987 'partselect' 'mult_1007' <Predicate = true> <Delay = 0.00>
ST_1 : Operation 988 [1/1] (0.00ns)   --->   "%sext_ln17_466 = sext i13 %mult_1007" [firmware/nnet_utils/nnet_dense_latency.h:17]   --->   Operation 988 'sext' 'sext_ln17_466' <Predicate = true> <Delay = 0.00>
ST_1 : Operation 989 [1/1] (3.57ns)   --->   "%mul_ln73_411 = mul i21 %sext_ln73_533, i21 2097141" [firmware/nnet_utils/nnet_mult.h:73->firmware/nnet_utils/nnet_dense_latency.h:42]   --->   Operation 989 'mul' 'mul_ln73_411' <Predicate = true> <Delay = 3.57> <CoreInst = "Multiplier">   --->   Core 3 'Multiplier' <Latency = 0> <II = 1> <Delay = 3.57> <FuncUnit> <Opcode : 'mul'> <InPorts = 2> <OutPorts = 1>
ST_1 : Operation 990 [1/1] (0.00ns)   --->   "%mult_1008 = partselect i14 @_ssdm_op_PartSelect.i14.i21.i32.i32, i21 %mul_ln73_411, i32 7, i32 20" [firmware/nnet_utils/nnet_dense_latency.h:42]   --->   Operation 990 'partselect' 'mult_1008' <Predicate = true> <Delay = 0.00>
ST_1 : Operation 991 [1/1] (1.43ns)   --->   "%sub_ln73_589 = sub i20 %sext_ln73_534, i20 %sext_ln73_961" [firmware/nnet_utils/nnet_mult.h:73->firmware/nnet_utils/nnet_dense_latency.h:42]   --->   Operation 991 'sub' 'sub_ln73_589' <Predicate = true> <Delay = 1.43> <CoreInst = "Adder">   --->   Core 1 'Adder' <Latency = 0> <II = 1> <Delay = 1.43> <FuncUnit> <Opcode : 'add' 'sub'> <InPorts = 2> <OutPorts = 1>
ST_1 : Operation 992 [1/1] (0.00ns)   --->   "%mult_1009 = partselect i13 @_ssdm_op_PartSelect.i13.i20.i32.i32, i20 %sub_ln73_589, i32 7, i32 19" [firmware/nnet_utils/nnet_dense_latency.h:42]   --->   Operation 992 'partselect' 'mult_1009' <Predicate = true> <Delay = 0.00>
ST_1 : Operation 993 [1/1] (0.00ns)   --->   "%sext_ln17_468 = sext i13 %mult_1009" [firmware/nnet_utils/nnet_dense_latency.h:17]   --->   Operation 993 'sext' 'sext_ln17_468' <Predicate = true> <Delay = 0.00>
ST_1 : Operation 994 [1/1] (0.00ns)   --->   "%mult_1010 = partselect i14 @_ssdm_op_PartSelect.i14.i16.i32.i32, i16 %a_198, i32 2, i32 15" [firmware/nnet_utils/nnet_dense_latency.h:42]   --->   Operation 994 'partselect' 'mult_1010' <Predicate = true> <Delay = 0.00>
ST_1 : Operation 995 [1/1] (0.00ns)   --->   "%sext_ln17_469 = sext i14 %mult_1010" [firmware/nnet_utils/nnet_dense_latency.h:17]   --->   Operation 995 'sext' 'sext_ln17_469' <Predicate = true> <Delay = 0.00>
ST_1 : Operation 996 [1/1] (0.00ns)   --->   "%tmp_628 = bitconcatenate i20 @_ssdm_op_BitConcatenate.i20.i16.i4, i16 %a_198, i4 0" [firmware/nnet_utils/nnet_mult.h:73->firmware/nnet_utils/nnet_dense_latency.h:42]   --->   Operation 996 'bitconcatenate' 'tmp_628' <Predicate = true> <Delay = 0.00>
ST_1 : Operation 997 [1/1] (0.00ns)   --->   "%sext_ln73_962 = sext i20 %tmp_628" [firmware/nnet_utils/nnet_mult.h:73->firmware/nnet_utils/nnet_dense_latency.h:42]   --->   Operation 997 'sext' 'sext_ln73_962' <Predicate = true> <Delay = 0.00>
ST_1 : Operation 998 [1/1] (0.00ns)   --->   "%tmp_629 = bitconcatenate i18 @_ssdm_op_BitConcatenate.i18.i16.i2, i16 %a_198, i2 0" [firmware/nnet_utils/nnet_mult.h:73->firmware/nnet_utils/nnet_dense_latency.h:42]   --->   Operation 998 'bitconcatenate' 'tmp_629' <Predicate = true> <Delay = 0.00>
ST_1 : Operation 999 [1/1] (0.00ns)   --->   "%sext_ln73_963 = sext i18 %tmp_629" [firmware/nnet_utils/nnet_mult.h:73->firmware/nnet_utils/nnet_dense_latency.h:42]   --->   Operation 999 'sext' 'sext_ln73_963' <Predicate = true> <Delay = 0.00>
ST_1 : Operation 1000 [1/1] (1.43ns)   --->   "%sub_ln73_590 = sub i21 %sext_ln73_963, i21 %sext_ln73_962" [firmware/nnet_utils/nnet_mult.h:73->firmware/nnet_utils/nnet_dense_latency.h:42]   --->   Operation 1000 'sub' 'sub_ln73_590' <Predicate = true> <Delay = 1.43> <CoreInst = "Adder">   --->   Core 1 'Adder' <Latency = 0> <II = 1> <Delay = 1.43> <FuncUnit> <Opcode : 'add' 'sub'> <InPorts = 2> <OutPorts = 1>
ST_1 : Operation 1001 [1/1] (0.00ns)   --->   "%mult_1011 = partselect i14 @_ssdm_op_PartSelect.i14.i21.i32.i32, i21 %sub_ln73_590, i32 7, i32 20" [firmware/nnet_utils/nnet_dense_latency.h:42]   --->   Operation 1001 'partselect' 'mult_1011' <Predicate = true> <Delay = 0.00>
ST_1 : Operation 1002 [1/1] (0.00ns)   --->   "%a_199 = load i16 %p_ZZN4nnet24compute_output_buffer_2dINS_5arrayI8ap_fixedILi16ELi6EL9ap_q_mode5EL9_279"   --->   Operation 1002 'load' 'a_199' <Predicate = true> <Delay = 0.00>
ST_1 : Operation 1003 [1/1] (0.00ns)   --->   "%sext_ln73_536 = sext i16 %a_199" [firmware/nnet_utils/nnet_mult.h:73->firmware/nnet_utils/nnet_dense_latency.h:42]   --->   Operation 1003 'sext' 'sext_ln73_536' <Predicate = true> <Delay = 0.00>
ST_1 : Operation 1004 [1/1] (0.00ns)   --->   "%sext_ln73_537 = sext i16 %a_199" [firmware/nnet_utils/nnet_mult.h:73->firmware/nnet_utils/nnet_dense_latency.h:42]   --->   Operation 1004 'sext' 'sext_ln73_537' <Predicate = true> <Delay = 0.00>
ST_1 : Operation 1005 [1/1] (0.00ns)   --->   "%sext_ln73_538 = sext i16 %a_199" [firmware/nnet_utils/nnet_mult.h:73->firmware/nnet_utils/nnet_dense_latency.h:42]   --->   Operation 1005 'sext' 'sext_ln73_538' <Predicate = true> <Delay = 0.00>
ST_1 : Operation 1006 [1/1] (0.00ns)   --->   "%tmp_630 = bitconcatenate i19 @_ssdm_op_BitConcatenate.i19.i16.i3, i16 %a_199, i3 0" [firmware/nnet_utils/nnet_mult.h:73->firmware/nnet_utils/nnet_dense_latency.h:42]   --->   Operation 1006 'bitconcatenate' 'tmp_630' <Predicate = true> <Delay = 0.00>
ST_1 : Operation 1007 [1/1] (0.00ns)   --->   "%sext_ln73_964 = sext i19 %tmp_630" [firmware/nnet_utils/nnet_mult.h:73->firmware/nnet_utils/nnet_dense_latency.h:42]   --->   Operation 1007 'sext' 'sext_ln73_964' <Predicate = true> <Delay = 0.00>
ST_1 : Operation 1008 [1/1] (1.43ns)   --->   "%sub_ln73_591 = sub i20 0, i20 %sext_ln73_964" [firmware/nnet_utils/nnet_mult.h:73->firmware/nnet_utils/nnet_dense_latency.h:42]   --->   Operation 1008 'sub' 'sub_ln73_591' <Predicate = true> <Delay = 1.43> <CoreInst = "Adder">   --->   Core 1 'Adder' <Latency = 0> <II = 1> <Delay = 1.43> <FuncUnit> <Opcode : 'add' 'sub'> <InPorts = 2> <OutPorts = 1>
ST_1 : Operation 1009 [1/1] (0.00ns)   --->   "%mult_1012 = partselect i13 @_ssdm_op_PartSelect.i13.i20.i32.i32, i20 %sub_ln73_591, i32 7, i32 19" [firmware/nnet_utils/nnet_dense_latency.h:42]   --->   Operation 1009 'partselect' 'mult_1012' <Predicate = true> <Delay = 0.00>
ST_1 : Operation 1010 [1/1] (0.00ns)   --->   "%sext_ln17_471 = sext i13 %mult_1012" [firmware/nnet_utils/nnet_dense_latency.h:17]   --->   Operation 1010 'sext' 'sext_ln17_471' <Predicate = true> <Delay = 0.00>
ST_1 : Operation 1011 [1/1] (0.00ns)   --->   "%tmp_631 = bitconcatenate i21 @_ssdm_op_BitConcatenate.i21.i16.i5, i16 %a_199, i5 0" [firmware/nnet_utils/nnet_mult.h:73->firmware/nnet_utils/nnet_dense_latency.h:42]   --->   Operation 1011 'bitconcatenate' 'tmp_631' <Predicate = true> <Delay = 0.00>
ST_1 : Operation 1012 [1/1] (0.00ns)   --->   "%sext_ln73_965 = sext i21 %tmp_631" [firmware/nnet_utils/nnet_mult.h:73->firmware/nnet_utils/nnet_dense_latency.h:42]   --->   Operation 1012 'sext' 'sext_ln73_965' <Predicate = true> <Delay = 0.00>
ST_1 : Operation 1013 [1/1] (0.00ns)   --->   "%tmp_632 = bitconcatenate i17 @_ssdm_op_BitConcatenate.i17.i16.i1, i16 %a_199, i1 0" [firmware/nnet_utils/nnet_mult.h:73->firmware/nnet_utils/nnet_dense_latency.h:42]   --->   Operation 1013 'bitconcatenate' 'tmp_632' <Predicate = true> <Delay = 0.00>
ST_1 : Operation 1014 [1/1] (0.00ns)   --->   "%sext_ln73_966 = sext i17 %tmp_632" [firmware/nnet_utils/nnet_mult.h:73->firmware/nnet_utils/nnet_dense_latency.h:42]   --->   Operation 1014 'sext' 'sext_ln73_966' <Predicate = true> <Delay = 0.00>
ST_1 : Operation 1015 [1/1] (1.43ns)   --->   "%add_ln73_121 = add i23 %sext_ln73_965, i23 %sext_ln73_966" [firmware/nnet_utils/nnet_mult.h:73->firmware/nnet_utils/nnet_dense_latency.h:42]   --->   Operation 1015 'add' 'add_ln73_121' <Predicate = true> <Delay = 1.43> <CoreInst = "Adder">   --->   Core 1 'Adder' <Latency = 0> <II = 1> <Delay = 1.43> <FuncUnit> <Opcode : 'add' 'sub'> <InPorts = 2> <OutPorts = 1>
ST_1 : Operation 1016 [1/1] (0.00ns)   --->   "%mult_1013 = partselect i16 @_ssdm_op_PartSelect.i16.i23.i32.i32, i23 %add_ln73_121, i32 7, i32 22" [firmware/nnet_utils/nnet_dense_latency.h:42]   --->   Operation 1016 'partselect' 'mult_1013' <Predicate = true> <Delay = 0.00>
ST_1 : Operation 1017 [1/1] (0.00ns)   --->   "%sext_ln73_967 = sext i21 %tmp_631" [firmware/nnet_utils/nnet_mult.h:73->firmware/nnet_utils/nnet_dense_latency.h:42]   --->   Operation 1017 'sext' 'sext_ln73_967' <Predicate = true> <Delay = 0.00>
ST_1 : Operation 1018 [1/1] (0.00ns)   --->   "%sext_ln73_968 = sext i17 %tmp_632" [firmware/nnet_utils/nnet_mult.h:73->firmware/nnet_utils/nnet_dense_latency.h:42]   --->   Operation 1018 'sext' 'sext_ln73_968' <Predicate = true> <Delay = 0.00>
ST_1 : Operation 1019 [1/1] (1.43ns)   --->   "%sub_ln73_592 = sub i22 %sext_ln73_967, i22 %sext_ln73_968" [firmware/nnet_utils/nnet_mult.h:73->firmware/nnet_utils/nnet_dense_latency.h:42]   --->   Operation 1019 'sub' 'sub_ln73_592' <Predicate = true> <Delay = 1.43> <CoreInst = "Adder">   --->   Core 1 'Adder' <Latency = 0> <II = 1> <Delay = 1.43> <FuncUnit> <Opcode : 'add' 'sub'> <InPorts = 2> <OutPorts = 1>
ST_1 : Operation 1020 [1/1] (0.00ns)   --->   "%mult_1014 = partselect i15 @_ssdm_op_PartSelect.i15.i22.i32.i32, i22 %sub_ln73_592, i32 7, i32 21" [firmware/nnet_utils/nnet_dense_latency.h:42]   --->   Operation 1020 'partselect' 'mult_1014' <Predicate = true> <Delay = 0.00>
ST_1 : Operation 1021 [1/1] (0.00ns)   --->   "%sext_ln42_453 = sext i15 %mult_1014" [firmware/nnet_utils/nnet_dense_latency.h:42]   --->   Operation 1021 'sext' 'sext_ln42_453' <Predicate = true> <Delay = 0.00>
ST_1 : Operation 1022 [1/1] (3.57ns)   --->   "%mul_ln73_412 = mul i23 %sext_ln73_538, i23 44" [firmware/nnet_utils/nnet_mult.h:73->firmware/nnet_utils/nnet_dense_latency.h:42]   --->   Operation 1022 'mul' 'mul_ln73_412' <Predicate = true> <Delay = 3.57> <CoreInst = "Multiplier">   --->   Core 3 'Multiplier' <Latency = 0> <II = 1> <Delay = 3.57> <FuncUnit> <Opcode : 'mul'> <InPorts = 2> <OutPorts = 1>
ST_1 : Operation 1023 [1/1] (0.00ns)   --->   "%mult_1015 = partselect i16 @_ssdm_op_PartSelect.i16.i23.i32.i32, i23 %mul_ln73_412, i32 7, i32 22" [firmware/nnet_utils/nnet_dense_latency.h:42]   --->   Operation 1023 'partselect' 'mult_1015' <Predicate = true> <Delay = 0.00>
ST_1 : Operation 1024 [1/1] (3.57ns)   --->   "%mul_ln73_413 = mul i21 %sext_ln73_536, i21 13" [firmware/nnet_utils/nnet_mult.h:73->firmware/nnet_utils/nnet_dense_latency.h:42]   --->   Operation 1024 'mul' 'mul_ln73_413' <Predicate = true> <Delay = 3.57> <CoreInst = "Multiplier">   --->   Core 3 'Multiplier' <Latency = 0> <II = 1> <Delay = 3.57> <FuncUnit> <Opcode : 'mul'> <InPorts = 2> <OutPorts = 1>
ST_1 : Operation 1025 [1/1] (0.00ns)   --->   "%mult_1016 = partselect i14 @_ssdm_op_PartSelect.i14.i21.i32.i32, i21 %mul_ln73_413, i32 7, i32 20" [firmware/nnet_utils/nnet_dense_latency.h:42]   --->   Operation 1025 'partselect' 'mult_1016' <Predicate = true> <Delay = 0.00>
ST_1 : Operation 1026 [1/1] (0.00ns)   --->   "%mult_1017 = partselect i13 @_ssdm_op_PartSelect.i13.i16.i32.i32, i16 %a_199, i32 3, i32 15" [firmware/nnet_utils/nnet_dense_latency.h:42]   --->   Operation 1026 'partselect' 'mult_1017' <Predicate = true> <Delay = 0.00>
ST_1 : Operation 1027 [1/1] (0.00ns)   --->   "%sext_ln17_473 = sext i13 %mult_1017" [firmware/nnet_utils/nnet_dense_latency.h:17]   --->   Operation 1027 'sext' 'sext_ln17_473' <Predicate = true> <Delay = 0.00>
ST_1 : Operation 1028 [1/1] (3.57ns)   --->   "%mul_ln73_414 = mul i22 %sext_ln73_537, i22 4194281" [firmware/nnet_utils/nnet_mult.h:73->firmware/nnet_utils/nnet_dense_latency.h:42]   --->   Operation 1028 'mul' 'mul_ln73_414' <Predicate = true> <Delay = 3.57> <CoreInst = "Multiplier">   --->   Core 3 'Multiplier' <Latency = 0> <II = 1> <Delay = 3.57> <FuncUnit> <Opcode : 'mul'> <InPorts = 2> <OutPorts = 1>
ST_1 : Operation 1029 [1/1] (0.00ns)   --->   "%mult_1018 = partselect i15 @_ssdm_op_PartSelect.i15.i22.i32.i32, i22 %mul_ln73_414, i32 7, i32 21" [firmware/nnet_utils/nnet_dense_latency.h:42]   --->   Operation 1029 'partselect' 'mult_1018' <Predicate = true> <Delay = 0.00>
ST_1 : Operation 1030 [1/1] (3.57ns)   --->   "%mul_ln73_415 = mul i22 %sext_ln73_537, i22 23" [firmware/nnet_utils/nnet_mult.h:73->firmware/nnet_utils/nnet_dense_latency.h:42]   --->   Operation 1030 'mul' 'mul_ln73_415' <Predicate = true> <Delay = 3.57> <CoreInst = "Multiplier">   --->   Core 3 'Multiplier' <Latency = 0> <II = 1> <Delay = 3.57> <FuncUnit> <Opcode : 'mul'> <InPorts = 2> <OutPorts = 1>
ST_1 : Operation 1031 [1/1] (0.00ns)   --->   "%mult_1019 = partselect i15 @_ssdm_op_PartSelect.i15.i22.i32.i32, i22 %mul_ln73_415, i32 7, i32 21" [firmware/nnet_utils/nnet_dense_latency.h:42]   --->   Operation 1031 'partselect' 'mult_1019' <Predicate = true> <Delay = 0.00>
ST_1 : Operation 1032 [1/1] (0.00ns)   --->   "%a_200 = load i16 %p_ZZN4nnet24compute_output_buffer_2dINS_5arrayI8ap_fixedILi16ELi6EL9ap_q_mode5EL9_280"   --->   Operation 1032 'load' 'a_200' <Predicate = true> <Delay = 0.00>
ST_1 : Operation 1033 [1/1] (0.00ns)   --->   "%sext_ln73_540 = sext i16 %a_200" [firmware/nnet_utils/nnet_mult.h:73->firmware/nnet_utils/nnet_dense_latency.h:42]   --->   Operation 1033 'sext' 'sext_ln73_540' <Predicate = true> <Delay = 0.00>
ST_1 : Operation 1034 [1/1] (0.00ns)   --->   "%sext_ln73_542 = sext i16 %a_200" [firmware/nnet_utils/nnet_mult.h:73->firmware/nnet_utils/nnet_dense_latency.h:42]   --->   Operation 1034 'sext' 'sext_ln73_542' <Predicate = true> <Delay = 0.00>
ST_1 : Operation 1035 [1/1] (0.00ns)   --->   "%sext_ln73_543 = sext i16 %a_200" [firmware/nnet_utils/nnet_mult.h:73->firmware/nnet_utils/nnet_dense_latency.h:42]   --->   Operation 1035 'sext' 'sext_ln73_543' <Predicate = true> <Delay = 0.00>
ST_1 : Operation 1036 [1/1] (3.57ns)   --->   "%mul_ln73_416 = mul i23 %sext_ln73_543, i23 8388567" [firmware/nnet_utils/nnet_mult.h:73->firmware/nnet_utils/nnet_dense_latency.h:42]   --->   Operation 1036 'mul' 'mul_ln73_416' <Predicate = true> <Delay = 3.57> <CoreInst = "Multiplier">   --->   Core 3 'Multiplier' <Latency = 0> <II = 1> <Delay = 3.57> <FuncUnit> <Opcode : 'mul'> <InPorts = 2> <OutPorts = 1>
ST_1 : Operation 1037 [1/1] (0.00ns)   --->   "%mult_1020 = partselect i16 @_ssdm_op_PartSelect.i16.i23.i32.i32, i23 %mul_ln73_416, i32 7, i32 22" [firmware/nnet_utils/nnet_dense_latency.h:42]   --->   Operation 1037 'partselect' 'mult_1020' <Predicate = true> <Delay = 0.00>
ST_1 : Operation 1038 [1/1] (0.00ns)   --->   "%tmp_633 = bitconcatenate i20 @_ssdm_op_BitConcatenate.i20.i16.i4, i16 %a_200, i4 0" [firmware/nnet_utils/nnet_mult.h:73->firmware/nnet_utils/nnet_dense_latency.h:42]   --->   Operation 1038 'bitconcatenate' 'tmp_633' <Predicate = true> <Delay = 0.00>
ST_1 : Operation 1039 [1/1] (0.00ns)   --->   "%sext_ln73_969 = sext i20 %tmp_633" [firmware/nnet_utils/nnet_mult.h:73->firmware/nnet_utils/nnet_dense_latency.h:42]   --->   Operation 1039 'sext' 'sext_ln73_969' <Predicate = true> <Delay = 0.00>
ST_1 : Operation 1040 [1/1] (0.00ns)   --->   "%tmp_634 = bitconcatenate i18 @_ssdm_op_BitConcatenate.i18.i16.i2, i16 %a_200, i2 0" [firmware/nnet_utils/nnet_mult.h:73->firmware/nnet_utils/nnet_dense_latency.h:42]   --->   Operation 1040 'bitconcatenate' 'tmp_634' <Predicate = true> <Delay = 0.00>
ST_1 : Operation 1041 [1/1] (0.00ns)   --->   "%sext_ln73_970 = sext i18 %tmp_634" [firmware/nnet_utils/nnet_mult.h:73->firmware/nnet_utils/nnet_dense_latency.h:42]   --->   Operation 1041 'sext' 'sext_ln73_970' <Predicate = true> <Delay = 0.00>
ST_1 : Operation 1042 [1/1] (1.43ns)   --->   "%sub_ln73_593 = sub i21 %sext_ln73_969, i21 %sext_ln73_970" [firmware/nnet_utils/nnet_mult.h:73->firmware/nnet_utils/nnet_dense_latency.h:42]   --->   Operation 1042 'sub' 'sub_ln73_593' <Predicate = true> <Delay = 1.43> <CoreInst = "Adder">   --->   Core 1 'Adder' <Latency = 0> <II = 1> <Delay = 1.43> <FuncUnit> <Opcode : 'add' 'sub'> <InPorts = 2> <OutPorts = 1>
ST_1 : Operation 1043 [1/1] (0.00ns)   --->   "%mult_1021 = partselect i14 @_ssdm_op_PartSelect.i14.i21.i32.i32, i21 %sub_ln73_593, i32 7, i32 20" [firmware/nnet_utils/nnet_dense_latency.h:42]   --->   Operation 1043 'partselect' 'mult_1021' <Predicate = true> <Delay = 0.00>
ST_1 : Operation 1044 [1/1] (0.00ns)   --->   "%sext_ln17_474 = sext i14 %mult_1021" [firmware/nnet_utils/nnet_dense_latency.h:17]   --->   Operation 1044 'sext' 'sext_ln17_474' <Predicate = true> <Delay = 0.00>
ST_1 : Operation 1045 [1/1] (0.00ns)   --->   "%tmp_635 = bitconcatenate i17 @_ssdm_op_BitConcatenate.i17.i16.i1, i16 %a_200, i1 0" [firmware/nnet_utils/nnet_mult.h:73->firmware/nnet_utils/nnet_dense_latency.h:42]   --->   Operation 1045 'bitconcatenate' 'tmp_635' <Predicate = true> <Delay = 0.00>
ST_1 : Operation 1046 [1/1] (0.00ns)   --->   "%sext_ln73_971 = sext i17 %tmp_635" [firmware/nnet_utils/nnet_mult.h:73->firmware/nnet_utils/nnet_dense_latency.h:42]   --->   Operation 1046 'sext' 'sext_ln73_971' <Predicate = true> <Delay = 0.00>
ST_1 : Operation 1047 [1/1] (1.42ns)   --->   "%sub_ln73_594 = sub i18 0, i18 %sext_ln73_971" [firmware/nnet_utils/nnet_mult.h:73->firmware/nnet_utils/nnet_dense_latency.h:42]   --->   Operation 1047 'sub' 'sub_ln73_594' <Predicate = true> <Delay = 1.42> <CoreInst = "Adder">   --->   Core 1 'Adder' <Latency = 0> <II = 1> <Delay = 1.42> <FuncUnit> <Opcode : 'add' 'sub'> <InPorts = 2> <OutPorts = 1>
ST_1 : Operation 1048 [1/1] (0.00ns)   --->   "%mult_1022 = partselect i11 @_ssdm_op_PartSelect.i11.i18.i32.i32, i18 %sub_ln73_594, i32 7, i32 17" [firmware/nnet_utils/nnet_dense_latency.h:42]   --->   Operation 1048 'partselect' 'mult_1022' <Predicate = true> <Delay = 0.00>
ST_1 : Operation 1049 [1/1] (0.00ns)   --->   "%sext_ln17_475 = sext i11 %mult_1022" [firmware/nnet_utils/nnet_dense_latency.h:17]   --->   Operation 1049 'sext' 'sext_ln17_475' <Predicate = true> <Delay = 0.00>
ST_1 : Operation 1050 [1/1] (1.41ns)   --->   "%sub_ln73_13 = sub i17 0, i17 %sext_ln73_540" [firmware/nnet_utils/nnet_mult.h:73->firmware/nnet_utils/nnet_dense_latency.h:42]   --->   Operation 1050 'sub' 'sub_ln73_13' <Predicate = true> <Delay = 1.41> <CoreInst = "Adder">   --->   Core 1 'Adder' <Latency = 0> <II = 1> <Delay = 1.41> <FuncUnit> <Opcode : 'add' 'sub'> <InPorts = 2> <OutPorts = 1>
ST_1 : Operation 1051 [1/1] (0.00ns)   --->   "%mult_1023 = partselect i10 @_ssdm_op_PartSelect.i10.i17.i32.i32, i17 %sub_ln73_13, i32 7, i32 16" [firmware/nnet_utils/nnet_dense_latency.h:42]   --->   Operation 1051 'partselect' 'mult_1023' <Predicate = true> <Delay = 0.00>
ST_1 : Operation 1052 [1/1] (0.00ns)   --->   "%sext_ln17_476 = sext i10 %mult_1023" [firmware/nnet_utils/nnet_dense_latency.h:17]   --->   Operation 1052 'sext' 'sext_ln17_476' <Predicate = true> <Delay = 0.00>
ST_1 : Operation 1053 [1/1] (3.57ns)   --->   "%mul_ln73_417 = mul i23 %sext_ln73_543, i23 8388569" [firmware/nnet_utils/nnet_mult.h:73->firmware/nnet_utils/nnet_dense_latency.h:42]   --->   Operation 1053 'mul' 'mul_ln73_417' <Predicate = true> <Delay = 3.57> <CoreInst = "Multiplier">   --->   Core 3 'Multiplier' <Latency = 0> <II = 1> <Delay = 3.57> <FuncUnit> <Opcode : 'mul'> <InPorts = 2> <OutPorts = 1>
ST_1 : Operation 1054 [1/1] (0.00ns)   --->   "%mult_1024 = partselect i16 @_ssdm_op_PartSelect.i16.i23.i32.i32, i23 %mul_ln73_417, i32 7, i32 22" [firmware/nnet_utils/nnet_dense_latency.h:42]   --->   Operation 1054 'partselect' 'mult_1024' <Predicate = true> <Delay = 0.00>
ST_1 : Operation 1055 [1/1] (3.57ns)   --->   "%mul_ln73_418 = mul i21 %sext_ln73_542, i21 2097139" [firmware/nnet_utils/nnet_mult.h:73->firmware/nnet_utils/nnet_dense_latency.h:42]   --->   Operation 1055 'mul' 'mul_ln73_418' <Predicate = true> <Delay = 3.57> <CoreInst = "Multiplier">   --->   Core 3 'Multiplier' <Latency = 0> <II = 1> <Delay = 3.57> <FuncUnit> <Opcode : 'mul'> <InPorts = 2> <OutPorts = 1>
ST_1 : Operation 1056 [1/1] (0.00ns)   --->   "%mult_1025 = partselect i14 @_ssdm_op_PartSelect.i14.i21.i32.i32, i21 %mul_ln73_418, i32 7, i32 20" [firmware/nnet_utils/nnet_dense_latency.h:42]   --->   Operation 1056 'partselect' 'mult_1025' <Predicate = true> <Delay = 0.00>
ST_1 : Operation 1057 [1/1] (0.00ns)   --->   "%a_201 = load i16 %p_ZZN4nnet24compute_output_buffer_2dINS_5arrayI8ap_fixedILi16ELi6EL9ap_q_mode5EL9_281"   --->   Operation 1057 'load' 'a_201' <Predicate = true> <Delay = 0.00>
ST_1 : Operation 1058 [1/1] (0.00ns)   --->   "%sext_ln73_545 = sext i16 %a_201" [firmware/nnet_utils/nnet_mult.h:73->firmware/nnet_utils/nnet_dense_latency.h:42]   --->   Operation 1058 'sext' 'sext_ln73_545' <Predicate = true> <Delay = 0.00>
ST_1 : Operation 1059 [1/1] (0.00ns)   --->   "%sext_ln73_546 = sext i16 %a_201" [firmware/nnet_utils/nnet_mult.h:73->firmware/nnet_utils/nnet_dense_latency.h:42]   --->   Operation 1059 'sext' 'sext_ln73_546' <Predicate = true> <Delay = 0.00>
ST_1 : Operation 1060 [1/1] (0.00ns)   --->   "%sext_ln73_547 = sext i16 %a_201" [firmware/nnet_utils/nnet_mult.h:73->firmware/nnet_utils/nnet_dense_latency.h:42]   --->   Operation 1060 'sext' 'sext_ln73_547' <Predicate = true> <Delay = 0.00>
ST_1 : Operation 1061 [1/1] (1.41ns)   --->   "%sub_ln73_14 = sub i17 0, i17 %sext_ln73_547" [firmware/nnet_utils/nnet_mult.h:73->firmware/nnet_utils/nnet_dense_latency.h:42]   --->   Operation 1061 'sub' 'sub_ln73_14' <Predicate = true> <Delay = 1.41> <CoreInst = "Adder">   --->   Core 1 'Adder' <Latency = 0> <II = 1> <Delay = 1.41> <FuncUnit> <Opcode : 'add' 'sub'> <InPorts = 2> <OutPorts = 1>
ST_1 : Operation 1062 [1/1] (0.00ns)   --->   "%mult_1026 = partselect i10 @_ssdm_op_PartSelect.i10.i17.i32.i32, i17 %sub_ln73_14, i32 7, i32 16" [firmware/nnet_utils/nnet_dense_latency.h:42]   --->   Operation 1062 'partselect' 'mult_1026' <Predicate = true> <Delay = 0.00>
ST_1 : Operation 1063 [1/1] (0.00ns)   --->   "%sext_ln17_478 = sext i10 %mult_1026" [firmware/nnet_utils/nnet_dense_latency.h:17]   --->   Operation 1063 'sext' 'sext_ln17_478' <Predicate = true> <Delay = 0.00>
ST_1 : Operation 1064 [1/1] (0.00ns)   --->   "%mult_1027 = partselect i9 @_ssdm_op_PartSelect.i9.i16.i32.i32, i16 %a_201, i32 7, i32 15" [firmware/nnet_utils/nnet_dense_latency.h:42]   --->   Operation 1064 'partselect' 'mult_1027' <Predicate = true> <Delay = 0.00>
ST_1 : Operation 1065 [1/1] (0.00ns)   --->   "%sext_ln17_479 = sext i9 %mult_1027" [firmware/nnet_utils/nnet_dense_latency.h:17]   --->   Operation 1065 'sext' 'sext_ln17_479' <Predicate = true> <Delay = 0.00>
ST_1 : Operation 1066 [1/1] (3.57ns)   --->   "%mul_ln73_419 = mul i23 %sext_ln73_546, i23 8388556" [firmware/nnet_utils/nnet_mult.h:73->firmware/nnet_utils/nnet_dense_latency.h:42]   --->   Operation 1066 'mul' 'mul_ln73_419' <Predicate = true> <Delay = 3.57> <CoreInst = "Multiplier">   --->   Core 3 'Multiplier' <Latency = 0> <II = 1> <Delay = 3.57> <FuncUnit> <Opcode : 'mul'> <InPorts = 2> <OutPorts = 1>
ST_1 : Operation 1067 [1/1] (0.00ns)   --->   "%mult_1028 = partselect i16 @_ssdm_op_PartSelect.i16.i23.i32.i32, i23 %mul_ln73_419, i32 7, i32 22" [firmware/nnet_utils/nnet_dense_latency.h:42]   --->   Operation 1067 'partselect' 'mult_1028' <Predicate = true> <Delay = 0.00>
ST_1 : Operation 1068 [1/1] (0.00ns)   --->   "%tmp_636 = bitconcatenate i19 @_ssdm_op_BitConcatenate.i19.i16.i3, i16 %a_201, i3 0" [firmware/nnet_utils/nnet_mult.h:73->firmware/nnet_utils/nnet_dense_latency.h:42]   --->   Operation 1068 'bitconcatenate' 'tmp_636' <Predicate = true> <Delay = 0.00>
ST_1 : Operation 1069 [1/1] (0.00ns)   --->   "%sext_ln73_972 = sext i19 %tmp_636" [firmware/nnet_utils/nnet_mult.h:73->firmware/nnet_utils/nnet_dense_latency.h:42]   --->   Operation 1069 'sext' 'sext_ln73_972' <Predicate = true> <Delay = 0.00>
ST_1 : Operation 1070 [1/1] (1.43ns)   --->   "%sub_ln73_595 = sub i20 0, i20 %sext_ln73_972" [firmware/nnet_utils/nnet_mult.h:73->firmware/nnet_utils/nnet_dense_latency.h:42]   --->   Operation 1070 'sub' 'sub_ln73_595' <Predicate = true> <Delay = 1.43> <CoreInst = "Adder">   --->   Core 1 'Adder' <Latency = 0> <II = 1> <Delay = 1.43> <FuncUnit> <Opcode : 'add' 'sub'> <InPorts = 2> <OutPorts = 1>
ST_1 : Operation 1071 [1/1] (0.00ns)   --->   "%mult_1029 = partselect i13 @_ssdm_op_PartSelect.i13.i20.i32.i32, i20 %sub_ln73_595, i32 7, i32 19" [firmware/nnet_utils/nnet_dense_latency.h:42]   --->   Operation 1071 'partselect' 'mult_1029' <Predicate = true> <Delay = 0.00>
ST_1 : Operation 1072 [1/1] (0.00ns)   --->   "%tmp_637 = bitconcatenate i20 @_ssdm_op_BitConcatenate.i20.i16.i4, i16 %a_201, i4 0" [firmware/nnet_utils/nnet_mult.h:73->firmware/nnet_utils/nnet_dense_latency.h:42]   --->   Operation 1072 'bitconcatenate' 'tmp_637' <Predicate = true> <Delay = 0.00>
ST_1 : Operation 1073 [1/1] (0.00ns)   --->   "%sext_ln73_973 = sext i20 %tmp_637" [firmware/nnet_utils/nnet_mult.h:73->firmware/nnet_utils/nnet_dense_latency.h:42]   --->   Operation 1073 'sext' 'sext_ln73_973' <Predicate = true> <Delay = 0.00>
ST_1 : Operation 1074 [1/1] (0.00ns)   --->   "%tmp_638 = bitconcatenate i17 @_ssdm_op_BitConcatenate.i17.i16.i1, i16 %a_201, i1 0" [firmware/nnet_utils/nnet_mult.h:73->firmware/nnet_utils/nnet_dense_latency.h:42]   --->   Operation 1074 'bitconcatenate' 'tmp_638' <Predicate = true> <Delay = 0.00>
ST_1 : Operation 1075 [1/1] (0.00ns)   --->   "%sext_ln73_974 = sext i17 %tmp_638" [firmware/nnet_utils/nnet_mult.h:73->firmware/nnet_utils/nnet_dense_latency.h:42]   --->   Operation 1075 'sext' 'sext_ln73_974' <Predicate = true> <Delay = 0.00>
ST_1 : Operation 1076 [1/1] (1.43ns)   --->   "%sub_ln73_596 = sub i21 %sext_ln73_974, i21 %sext_ln73_973" [firmware/nnet_utils/nnet_mult.h:73->firmware/nnet_utils/nnet_dense_latency.h:42]   --->   Operation 1076 'sub' 'sub_ln73_596' <Predicate = true> <Delay = 1.43> <CoreInst = "Adder">   --->   Core 1 'Adder' <Latency = 0> <II = 1> <Delay = 1.43> <FuncUnit> <Opcode : 'add' 'sub'> <InPorts = 2> <OutPorts = 1>
ST_1 : Operation 1077 [1/1] (0.00ns)   --->   "%mult_1030 = partselect i14 @_ssdm_op_PartSelect.i14.i21.i32.i32, i21 %sub_ln73_596, i32 7, i32 20" [firmware/nnet_utils/nnet_dense_latency.h:42]   --->   Operation 1077 'partselect' 'mult_1030' <Predicate = true> <Delay = 0.00>
ST_1 : Operation 1078 [1/1] (0.00ns)   --->   "%sext_ln17_482 = sext i14 %mult_1030" [firmware/nnet_utils/nnet_dense_latency.h:17]   --->   Operation 1078 'sext' 'sext_ln17_482' <Predicate = true> <Delay = 0.00>
ST_1 : Operation 1079 [1/1] (1.43ns)   --->   "%sub_ln73_597 = sub i20 %sext_ln73_545, i20 %sext_ln73_972" [firmware/nnet_utils/nnet_mult.h:73->firmware/nnet_utils/nnet_dense_latency.h:42]   --->   Operation 1079 'sub' 'sub_ln73_597' <Predicate = true> <Delay = 1.43> <CoreInst = "Adder">   --->   Core 1 'Adder' <Latency = 0> <II = 1> <Delay = 1.43> <FuncUnit> <Opcode : 'add' 'sub'> <InPorts = 2> <OutPorts = 1>
ST_1 : Operation 1080 [1/1] (0.00ns)   --->   "%mult_1031 = partselect i13 @_ssdm_op_PartSelect.i13.i20.i32.i32, i20 %sub_ln73_597, i32 7, i32 19" [firmware/nnet_utils/nnet_dense_latency.h:42]   --->   Operation 1080 'partselect' 'mult_1031' <Predicate = true> <Delay = 0.00>
ST_1 : Operation 1081 [1/1] (1.43ns)   --->   "%sub_ln73_598 = sub i21 %sext_ln73_973, i21 %sext_ln73_974" [firmware/nnet_utils/nnet_mult.h:73->firmware/nnet_utils/nnet_dense_latency.h:42]   --->   Operation 1081 'sub' 'sub_ln73_598' <Predicate = true> <Delay = 1.43> <CoreInst = "Adder">   --->   Core 1 'Adder' <Latency = 0> <II = 1> <Delay = 1.43> <FuncUnit> <Opcode : 'add' 'sub'> <InPorts = 2> <OutPorts = 1>
ST_1 : Operation 1082 [1/1] (0.00ns)   --->   "%mult_1032 = partselect i14 @_ssdm_op_PartSelect.i14.i21.i32.i32, i21 %sub_ln73_598, i32 7, i32 20" [firmware/nnet_utils/nnet_dense_latency.h:42]   --->   Operation 1082 'partselect' 'mult_1032' <Predicate = true> <Delay = 0.00>
ST_1 : Operation 1083 [1/1] (0.00ns)   --->   "%a_202 = load i16 %p_ZZN4nnet24compute_output_buffer_2dINS_5arrayI8ap_fixedILi16ELi6EL9ap_q_mode5EL9_282"   --->   Operation 1083 'load' 'a_202' <Predicate = true> <Delay = 0.00>
ST_1 : Operation 1084 [1/1] (0.00ns)   --->   "%sext_ln42_456 = sext i16 %a_202" [firmware/nnet_utils/nnet_dense_latency.h:42]   --->   Operation 1084 'sext' 'sext_ln42_456' <Predicate = true> <Delay = 0.00>
ST_1 : Operation 1085 [1/1] (0.00ns)   --->   "%sext_ln73_548 = sext i16 %a_202" [firmware/nnet_utils/nnet_mult.h:73->firmware/nnet_utils/nnet_dense_latency.h:42]   --->   Operation 1085 'sext' 'sext_ln73_548' <Predicate = true> <Delay = 0.00>
ST_1 : Operation 1086 [1/1] (0.00ns)   --->   "%tmp_639 = bitconcatenate i17 @_ssdm_op_BitConcatenate.i17.i16.i1, i16 %a_202, i1 0" [firmware/nnet_utils/nnet_mult.h:73->firmware/nnet_utils/nnet_dense_latency.h:42]   --->   Operation 1086 'bitconcatenate' 'tmp_639' <Predicate = true> <Delay = 0.00>
ST_1 : Operation 1087 [1/1] (0.00ns)   --->   "%sext_ln73_975 = sext i17 %tmp_639" [firmware/nnet_utils/nnet_mult.h:73->firmware/nnet_utils/nnet_dense_latency.h:42]   --->   Operation 1087 'sext' 'sext_ln73_975' <Predicate = true> <Delay = 0.00>
ST_1 : Operation 1088 [1/1] (1.42ns)   --->   "%sub_ln73_599 = sub i18 0, i18 %sext_ln73_975" [firmware/nnet_utils/nnet_mult.h:73->firmware/nnet_utils/nnet_dense_latency.h:42]   --->   Operation 1088 'sub' 'sub_ln73_599' <Predicate = true> <Delay = 1.42> <CoreInst = "Adder">   --->   Core 1 'Adder' <Latency = 0> <II = 1> <Delay = 1.42> <FuncUnit> <Opcode : 'add' 'sub'> <InPorts = 2> <OutPorts = 1>
ST_1 : Operation 1089 [1/1] (0.00ns)   --->   "%mult_1033 = partselect i11 @_ssdm_op_PartSelect.i11.i18.i32.i32, i18 %sub_ln73_599, i32 7, i32 17" [firmware/nnet_utils/nnet_dense_latency.h:42]   --->   Operation 1089 'partselect' 'mult_1033' <Predicate = true> <Delay = 0.00>
ST_1 : Operation 1090 [1/1] (0.00ns)   --->   "%tmp_640 = bitconcatenate i22 @_ssdm_op_BitConcatenate.i22.i16.i6, i16 %a_202, i6 0" [firmware/nnet_utils/nnet_dense_latency.h:42]   --->   Operation 1090 'bitconcatenate' 'tmp_640' <Predicate = true> <Delay = 0.00>
ST_1 : Operation 1091 [1/1] (0.00ns)   --->   "%sext_ln42_511 = sext i22 %tmp_640" [firmware/nnet_utils/nnet_dense_latency.h:42]   --->   Operation 1091 'sext' 'sext_ln42_511' <Predicate = true> <Delay = 0.00>
ST_1 : Operation 1092 [1/1] (0.00ns)   --->   "%tmp_641 = bitconcatenate i20 @_ssdm_op_BitConcatenate.i20.i16.i4, i16 %a_202, i4 0" [firmware/nnet_utils/nnet_dense_latency.h:42]   --->   Operation 1092 'bitconcatenate' 'tmp_641' <Predicate = true> <Delay = 0.00>
ST_1 : Operation 1093 [1/1] (0.00ns)   --->   "%sext_ln42_512 = sext i20 %tmp_641" [firmware/nnet_utils/nnet_dense_latency.h:42]   --->   Operation 1093 'sext' 'sext_ln42_512' <Predicate = true> <Delay = 0.00>
ST_1 : Operation 1094 [1/1] (1.44ns)   --->   "%add_ln42_10 = add i23 %sext_ln42_511, i23 %sext_ln42_512" [firmware/nnet_utils/nnet_dense_latency.h:42]   --->   Operation 1094 'add' 'add_ln42_10' <Predicate = true> <Delay = 1.44> <CoreInst = "Adder">   --->   Core 1 'Adder' <Latency = 0> <II = 1> <Delay = 1.44> <FuncUnit> <Opcode : 'add' 'sub'> <InPorts = 2> <OutPorts = 1>
ST_1 : Operation 1095 [1/1] (0.00ns)   --->   "%mult_1034 = partselect i16 @_ssdm_op_PartSelect.i16.i23.i32.i32, i23 %add_ln42_10, i32 7, i32 22" [firmware/nnet_utils/nnet_dense_latency.h:42]   --->   Operation 1095 'partselect' 'mult_1034' <Predicate = true> <Delay = 0.00>
ST_1 : Operation 1096 [1/1] (0.00ns)   --->   "%tmp_642 = bitconcatenate i21 @_ssdm_op_BitConcatenate.i21.i16.i5, i16 %a_202, i5 0" [firmware/nnet_utils/nnet_mult.h:73->firmware/nnet_utils/nnet_dense_latency.h:42]   --->   Operation 1096 'bitconcatenate' 'tmp_642' <Predicate = true> <Delay = 0.00>
ST_1 : Operation 1097 [1/1] (0.00ns)   --->   "%sext_ln73_976 = sext i21 %tmp_642" [firmware/nnet_utils/nnet_mult.h:73->firmware/nnet_utils/nnet_dense_latency.h:42]   --->   Operation 1097 'sext' 'sext_ln73_976' <Predicate = true> <Delay = 0.00>
ST_1 : Operation 1098 [1/1] (0.00ns)   --->   "%sext_ln73_977 = sext i17 %tmp_639" [firmware/nnet_utils/nnet_mult.h:73->firmware/nnet_utils/nnet_dense_latency.h:42]   --->   Operation 1098 'sext' 'sext_ln73_977' <Predicate = true> <Delay = 0.00>
ST_1 : Operation 1099 [1/1] (1.43ns)   --->   "%sub_ln73_600 = sub i22 %sext_ln73_976, i22 %sext_ln73_977" [firmware/nnet_utils/nnet_mult.h:73->firmware/nnet_utils/nnet_dense_latency.h:42]   --->   Operation 1099 'sub' 'sub_ln73_600' <Predicate = true> <Delay = 1.43> <CoreInst = "Adder">   --->   Core 1 'Adder' <Latency = 0> <II = 1> <Delay = 1.43> <FuncUnit> <Opcode : 'add' 'sub'> <InPorts = 2> <OutPorts = 1>
ST_1 : Operation 1100 [1/1] (0.00ns)   --->   "%mult_1035 = partselect i15 @_ssdm_op_PartSelect.i15.i22.i32.i32, i22 %sub_ln73_600, i32 7, i32 21" [firmware/nnet_utils/nnet_dense_latency.h:42]   --->   Operation 1100 'partselect' 'mult_1035' <Predicate = true> <Delay = 0.00>
ST_1 : Operation 1101 [1/1] (3.57ns)   --->   "%mul_ln73_420 = mul i23 %sext_ln42_456, i23 43" [firmware/nnet_utils/nnet_mult.h:73->firmware/nnet_utils/nnet_dense_latency.h:42]   --->   Operation 1101 'mul' 'mul_ln73_420' <Predicate = true> <Delay = 3.57> <CoreInst = "Multiplier">   --->   Core 3 'Multiplier' <Latency = 0> <II = 1> <Delay = 3.57> <FuncUnit> <Opcode : 'mul'> <InPorts = 2> <OutPorts = 1>
ST_1 : Operation 1102 [1/1] (0.00ns)   --->   "%mult_1036 = partselect i16 @_ssdm_op_PartSelect.i16.i23.i32.i32, i23 %mul_ln73_420, i32 7, i32 22" [firmware/nnet_utils/nnet_dense_latency.h:42]   --->   Operation 1102 'partselect' 'mult_1036' <Predicate = true> <Delay = 0.00>
ST_1 : Operation 1103 [1/1] (0.00ns)   --->   "%mult_1037 = partselect i9 @_ssdm_op_PartSelect.i9.i16.i32.i32, i16 %a_202, i32 7, i32 15" [firmware/nnet_utils/nnet_dense_latency.h:42]   --->   Operation 1103 'partselect' 'mult_1037' <Predicate = true> <Delay = 0.00>
ST_1 : Operation 1104 [1/1] (0.00ns)   --->   "%sext_ln17_486 = sext i9 %mult_1037" [firmware/nnet_utils/nnet_dense_latency.h:17]   --->   Operation 1104 'sext' 'sext_ln17_486' <Predicate = true> <Delay = 0.00>
ST_1 : Operation 1105 [1/1] (0.00ns)   --->   "%sext_ln73_978 = sext i20 %tmp_641" [firmware/nnet_utils/nnet_mult.h:73->firmware/nnet_utils/nnet_dense_latency.h:42]   --->   Operation 1105 'sext' 'sext_ln73_978' <Predicate = true> <Delay = 0.00>
ST_1 : Operation 1106 [1/1] (0.00ns)   --->   "%tmp_643 = bitconcatenate i18 @_ssdm_op_BitConcatenate.i18.i16.i2, i16 %a_202, i2 0" [firmware/nnet_utils/nnet_mult.h:73->firmware/nnet_utils/nnet_dense_latency.h:42]   --->   Operation 1106 'bitconcatenate' 'tmp_643' <Predicate = true> <Delay = 0.00>
ST_1 : Operation 1107 [1/1] (0.00ns)   --->   "%sext_ln73_979 = sext i18 %tmp_643" [firmware/nnet_utils/nnet_mult.h:73->firmware/nnet_utils/nnet_dense_latency.h:42]   --->   Operation 1107 'sext' 'sext_ln73_979' <Predicate = true> <Delay = 0.00>
ST_1 : Operation 1108 [1/1] (1.43ns)   --->   "%add_ln73_122 = add i22 %sext_ln73_978, i22 %sext_ln73_979" [firmware/nnet_utils/nnet_mult.h:73->firmware/nnet_utils/nnet_dense_latency.h:42]   --->   Operation 1108 'add' 'add_ln73_122' <Predicate = true> <Delay = 1.43> <CoreInst = "Adder">   --->   Core 1 'Adder' <Latency = 0> <II = 1> <Delay = 1.43> <FuncUnit> <Opcode : 'add' 'sub'> <InPorts = 2> <OutPorts = 1>
ST_1 : Operation 1109 [1/1] (0.00ns)   --->   "%mult_1038 = partselect i15 @_ssdm_op_PartSelect.i15.i22.i32.i32, i22 %add_ln73_122, i32 7, i32 21" [firmware/nnet_utils/nnet_dense_latency.h:42]   --->   Operation 1109 'partselect' 'mult_1038' <Predicate = true> <Delay = 0.00>
ST_1 : Operation 1110 [1/1] (3.57ns)   --->   "%mul_ln73_421 = mul i22 %sext_ln73_548, i22 4194275" [firmware/nnet_utils/nnet_mult.h:73->firmware/nnet_utils/nnet_dense_latency.h:42]   --->   Operation 1110 'mul' 'mul_ln73_421' <Predicate = true> <Delay = 3.57> <CoreInst = "Multiplier">   --->   Core 3 'Multiplier' <Latency = 0> <II = 1> <Delay = 3.57> <FuncUnit> <Opcode : 'mul'> <InPorts = 2> <OutPorts = 1>
ST_1 : Operation 1111 [1/1] (0.00ns)   --->   "%mult_1039 = partselect i15 @_ssdm_op_PartSelect.i15.i22.i32.i32, i22 %mul_ln73_421, i32 7, i32 21" [firmware/nnet_utils/nnet_dense_latency.h:42]   --->   Operation 1111 'partselect' 'mult_1039' <Predicate = true> <Delay = 0.00>
ST_1 : Operation 1112 [1/1] (3.57ns)   --->   "%mul_ln73_422 = mul i22 %sext_ln73_548, i22 21" [firmware/nnet_utils/nnet_mult.h:73->firmware/nnet_utils/nnet_dense_latency.h:42]   --->   Operation 1112 'mul' 'mul_ln73_422' <Predicate = true> <Delay = 3.57> <CoreInst = "Multiplier">   --->   Core 3 'Multiplier' <Latency = 0> <II = 1> <Delay = 3.57> <FuncUnit> <Opcode : 'mul'> <InPorts = 2> <OutPorts = 1>
ST_1 : Operation 1113 [1/1] (0.00ns)   --->   "%mult_1040 = partselect i15 @_ssdm_op_PartSelect.i15.i22.i32.i32, i22 %mul_ln73_422, i32 7, i32 21" [firmware/nnet_utils/nnet_dense_latency.h:42]   --->   Operation 1113 'partselect' 'mult_1040' <Predicate = true> <Delay = 0.00>
ST_1 : Operation 1114 [1/1] (0.00ns)   --->   "%a_203 = load i16 %p_ZZN4nnet24compute_output_buffer_2dINS_5arrayI8ap_fixedILi16ELi6EL9ap_q_mode5EL9_283"   --->   Operation 1114 'load' 'a_203' <Predicate = true> <Delay = 0.00>
ST_1 : Operation 1115 [1/1] (0.00ns)   --->   "%sext_ln73_550 = sext i16 %a_203" [firmware/nnet_utils/nnet_mult.h:73->firmware/nnet_utils/nnet_dense_latency.h:42]   --->   Operation 1115 'sext' 'sext_ln73_550' <Predicate = true> <Delay = 0.00>
ST_1 : Operation 1116 [1/1] (0.00ns)   --->   "%sext_ln73_551 = sext i16 %a_203" [firmware/nnet_utils/nnet_mult.h:73->firmware/nnet_utils/nnet_dense_latency.h:42]   --->   Operation 1116 'sext' 'sext_ln73_551' <Predicate = true> <Delay = 0.00>
ST_1 : Operation 1117 [1/1] (0.00ns)   --->   "%mult_1042 = partselect i15 @_ssdm_op_PartSelect.i15.i16.i32.i32, i16 %a_203, i32 1, i32 15" [firmware/nnet_utils/nnet_dense_latency.h:42]   --->   Operation 1117 'partselect' 'mult_1042' <Predicate = true> <Delay = 0.00>
ST_1 : Operation 1118 [1/1] (0.00ns)   --->   "%tmp_645 = bitconcatenate i20 @_ssdm_op_BitConcatenate.i20.i16.i4, i16 %a_203, i4 0" [firmware/nnet_utils/nnet_mult.h:73->firmware/nnet_utils/nnet_dense_latency.h:42]   --->   Operation 1118 'bitconcatenate' 'tmp_645' <Predicate = true> <Delay = 0.00>
ST_1 : Operation 1119 [1/1] (0.00ns)   --->   "%sext_ln73_981 = sext i20 %tmp_645" [firmware/nnet_utils/nnet_mult.h:73->firmware/nnet_utils/nnet_dense_latency.h:42]   --->   Operation 1119 'sext' 'sext_ln73_981' <Predicate = true> <Delay = 0.00>
ST_1 : Operation 1120 [1/1] (0.00ns)   --->   "%tmp_646 = bitconcatenate i17 @_ssdm_op_BitConcatenate.i17.i16.i1, i16 %a_203, i1 0" [firmware/nnet_utils/nnet_mult.h:73->firmware/nnet_utils/nnet_dense_latency.h:42]   --->   Operation 1120 'bitconcatenate' 'tmp_646' <Predicate = true> <Delay = 0.00>
ST_1 : Operation 1121 [1/1] (0.00ns)   --->   "%sext_ln73_982 = sext i17 %tmp_646" [firmware/nnet_utils/nnet_mult.h:73->firmware/nnet_utils/nnet_dense_latency.h:42]   --->   Operation 1121 'sext' 'sext_ln73_982' <Predicate = true> <Delay = 0.00>
ST_1 : Operation 1122 [1/1] (1.43ns)   --->   "%add_ln73_123 = add i22 %sext_ln73_981, i22 %sext_ln73_982" [firmware/nnet_utils/nnet_mult.h:73->firmware/nnet_utils/nnet_dense_latency.h:42]   --->   Operation 1122 'add' 'add_ln73_123' <Predicate = true> <Delay = 1.43> <CoreInst = "Adder">   --->   Core 1 'Adder' <Latency = 0> <II = 1> <Delay = 1.43> <FuncUnit> <Opcode : 'add' 'sub'> <InPorts = 2> <OutPorts = 1>
ST_1 : Operation 1123 [1/1] (0.00ns)   --->   "%mult_1043 = partselect i15 @_ssdm_op_PartSelect.i15.i22.i32.i32, i22 %add_ln73_123, i32 7, i32 21" [firmware/nnet_utils/nnet_dense_latency.h:42]   --->   Operation 1123 'partselect' 'mult_1043' <Predicate = true> <Delay = 0.00>
ST_1 : Operation 1124 [1/1] (3.57ns)   --->   "%mul_ln73_423 = mul i23 %sext_ln73_551, i23 49" [firmware/nnet_utils/nnet_mult.h:73->firmware/nnet_utils/nnet_dense_latency.h:42]   --->   Operation 1124 'mul' 'mul_ln73_423' <Predicate = true> <Delay = 3.57> <CoreInst = "Multiplier">   --->   Core 3 'Multiplier' <Latency = 0> <II = 1> <Delay = 3.57> <FuncUnit> <Opcode : 'mul'> <InPorts = 2> <OutPorts = 1>
ST_1 : Operation 1125 [1/1] (0.00ns)   --->   "%mult_1044 = partselect i16 @_ssdm_op_PartSelect.i16.i23.i32.i32, i23 %mul_ln73_423, i32 7, i32 22" [firmware/nnet_utils/nnet_dense_latency.h:42]   --->   Operation 1125 'partselect' 'mult_1044' <Predicate = true> <Delay = 0.00>
ST_1 : Operation 1126 [1/1] (0.00ns)   --->   "%sext_ln73_983 = sext i20 %tmp_645" [firmware/nnet_utils/nnet_mult.h:73->firmware/nnet_utils/nnet_dense_latency.h:42]   --->   Operation 1126 'sext' 'sext_ln73_983' <Predicate = true> <Delay = 0.00>
ST_1 : Operation 1127 [1/1] (1.43ns)   --->   "%sub_ln73_602 = sub i21 %sext_ln73_550, i21 %sext_ln73_983" [firmware/nnet_utils/nnet_mult.h:73->firmware/nnet_utils/nnet_dense_latency.h:42]   --->   Operation 1127 'sub' 'sub_ln73_602' <Predicate = true> <Delay = 1.43> <CoreInst = "Adder">   --->   Core 1 'Adder' <Latency = 0> <II = 1> <Delay = 1.43> <FuncUnit> <Opcode : 'add' 'sub'> <InPorts = 2> <OutPorts = 1>
ST_1 : Operation 1128 [1/1] (0.00ns)   --->   "%mult_1045 = partselect i14 @_ssdm_op_PartSelect.i14.i21.i32.i32, i21 %sub_ln73_602, i32 7, i32 20" [firmware/nnet_utils/nnet_dense_latency.h:42]   --->   Operation 1128 'partselect' 'mult_1045' <Predicate = true> <Delay = 0.00>
ST_1 : Operation 1129 [1/1] (3.57ns)   --->   "%mul_ln73_424 = mul i23 %sext_ln73_551, i23 41" [firmware/nnet_utils/nnet_mult.h:73->firmware/nnet_utils/nnet_dense_latency.h:42]   --->   Operation 1129 'mul' 'mul_ln73_424' <Predicate = true> <Delay = 3.57> <CoreInst = "Multiplier">   --->   Core 3 'Multiplier' <Latency = 0> <II = 1> <Delay = 3.57> <FuncUnit> <Opcode : 'mul'> <InPorts = 2> <OutPorts = 1>
ST_1 : Operation 1130 [1/1] (0.00ns)   --->   "%mult_1047 = partselect i16 @_ssdm_op_PartSelect.i16.i23.i32.i32, i23 %mul_ln73_424, i32 7, i32 22" [firmware/nnet_utils/nnet_dense_latency.h:42]   --->   Operation 1130 'partselect' 'mult_1047' <Predicate = true> <Delay = 0.00>
ST_1 : Operation 1131 [1/1] (0.00ns)   --->   "%a_204 = load i16 %p_ZZN4nnet24compute_output_buffer_2dINS_5arrayI8ap_fixedILi16ELi6EL9ap_q_mode5EL9_284"   --->   Operation 1131 'load' 'a_204' <Predicate = true> <Delay = 0.00>
ST_1 : Operation 1132 [1/1] (0.00ns)   --->   "%sext_ln73_554 = sext i16 %a_204" [firmware/nnet_utils/nnet_mult.h:73->firmware/nnet_utils/nnet_dense_latency.h:42]   --->   Operation 1132 'sext' 'sext_ln73_554' <Predicate = true> <Delay = 0.00>
ST_1 : Operation 1133 [1/1] (0.00ns)   --->   "%sext_ln73_555 = sext i16 %a_204" [firmware/nnet_utils/nnet_mult.h:73->firmware/nnet_utils/nnet_dense_latency.h:42]   --->   Operation 1133 'sext' 'sext_ln73_555' <Predicate = true> <Delay = 0.00>
ST_1 : Operation 1134 [1/1] (0.00ns)   --->   "%sext_ln73_556 = sext i16 %a_204" [firmware/nnet_utils/nnet_mult.h:73->firmware/nnet_utils/nnet_dense_latency.h:42]   --->   Operation 1134 'sext' 'sext_ln73_556' <Predicate = true> <Delay = 0.00>
ST_1 : Operation 1135 [1/1] (0.00ns)   --->   "%sext_ln73_557 = sext i16 %a_204" [firmware/nnet_utils/nnet_mult.h:73->firmware/nnet_utils/nnet_dense_latency.h:42]   --->   Operation 1135 'sext' 'sext_ln73_557' <Predicate = true> <Delay = 0.00>
ST_1 : Operation 1136 [1/1] (3.57ns)   --->   "%mul_ln73_425 = mul i22 %sext_ln73_557, i22 4194275" [firmware/nnet_utils/nnet_mult.h:73->firmware/nnet_utils/nnet_dense_latency.h:42]   --->   Operation 1136 'mul' 'mul_ln73_425' <Predicate = true> <Delay = 3.57> <CoreInst = "Multiplier">   --->   Core 3 'Multiplier' <Latency = 0> <II = 1> <Delay = 3.57> <FuncUnit> <Opcode : 'mul'> <InPorts = 2> <OutPorts = 1>
ST_1 : Operation 1137 [1/1] (0.00ns)   --->   "%mult_1048 = partselect i15 @_ssdm_op_PartSelect.i15.i22.i32.i32, i22 %mul_ln73_425, i32 7, i32 21" [firmware/nnet_utils/nnet_dense_latency.h:42]   --->   Operation 1137 'partselect' 'mult_1048' <Predicate = true> <Delay = 0.00>
ST_1 : Operation 1138 [1/1] (3.57ns)   --->   "%mul_ln73_426 = mul i23 %sext_ln73_556, i23 41" [firmware/nnet_utils/nnet_mult.h:73->firmware/nnet_utils/nnet_dense_latency.h:42]   --->   Operation 1138 'mul' 'mul_ln73_426' <Predicate = true> <Delay = 3.57> <CoreInst = "Multiplier">   --->   Core 3 'Multiplier' <Latency = 0> <II = 1> <Delay = 3.57> <FuncUnit> <Opcode : 'mul'> <InPorts = 2> <OutPorts = 1>
ST_1 : Operation 1139 [1/1] (0.00ns)   --->   "%mult_1049 = partselect i16 @_ssdm_op_PartSelect.i16.i23.i32.i32, i23 %mul_ln73_426, i32 7, i32 22" [firmware/nnet_utils/nnet_dense_latency.h:42]   --->   Operation 1139 'partselect' 'mult_1049' <Predicate = true> <Delay = 0.00>
ST_1 : Operation 1140 [1/1] (3.57ns)   --->   "%mul_ln73_427 = mul i22 %sext_ln73_557, i22 27" [firmware/nnet_utils/nnet_mult.h:73->firmware/nnet_utils/nnet_dense_latency.h:42]   --->   Operation 1140 'mul' 'mul_ln73_427' <Predicate = true> <Delay = 3.57> <CoreInst = "Multiplier">   --->   Core 3 'Multiplier' <Latency = 0> <II = 1> <Delay = 3.57> <FuncUnit> <Opcode : 'mul'> <InPorts = 2> <OutPorts = 1>
ST_1 : Operation 1141 [1/1] (0.00ns)   --->   "%mult_1050 = partselect i15 @_ssdm_op_PartSelect.i15.i22.i32.i32, i22 %mul_ln73_427, i32 7, i32 21" [firmware/nnet_utils/nnet_dense_latency.h:42]   --->   Operation 1141 'partselect' 'mult_1050' <Predicate = true> <Delay = 0.00>
ST_1 : Operation 1142 [1/1] (0.00ns)   --->   "%tmp_648 = bitconcatenate i21 @_ssdm_op_BitConcatenate.i21.i16.i5, i16 %a_204, i5 0" [firmware/nnet_utils/nnet_mult.h:73->firmware/nnet_utils/nnet_dense_latency.h:42]   --->   Operation 1142 'bitconcatenate' 'tmp_648' <Predicate = true> <Delay = 0.00>
ST_1 : Operation 1143 [1/1] (0.00ns)   --->   "%sext_ln73_985 = sext i21 %tmp_648" [firmware/nnet_utils/nnet_mult.h:73->firmware/nnet_utils/nnet_dense_latency.h:42]   --->   Operation 1143 'sext' 'sext_ln73_985' <Predicate = true> <Delay = 0.00>
ST_1 : Operation 1144 [1/1] (0.00ns)   --->   "%tmp_649 = bitconcatenate i18 @_ssdm_op_BitConcatenate.i18.i16.i2, i16 %a_204, i2 0" [firmware/nnet_utils/nnet_mult.h:73->firmware/nnet_utils/nnet_dense_latency.h:42]   --->   Operation 1144 'bitconcatenate' 'tmp_649' <Predicate = true> <Delay = 0.00>
ST_1 : Operation 1145 [1/1] (0.00ns)   --->   "%sext_ln73_986 = sext i18 %tmp_649" [firmware/nnet_utils/nnet_mult.h:73->firmware/nnet_utils/nnet_dense_latency.h:42]   --->   Operation 1145 'sext' 'sext_ln73_986' <Predicate = true> <Delay = 0.00>
ST_1 : Operation 1146 [1/1] (1.43ns)   --->   "%add_ln73_124 = add i23 %sext_ln73_985, i23 %sext_ln73_986" [firmware/nnet_utils/nnet_mult.h:73->firmware/nnet_utils/nnet_dense_latency.h:42]   --->   Operation 1146 'add' 'add_ln73_124' <Predicate = true> <Delay = 1.43> <CoreInst = "Adder">   --->   Core 1 'Adder' <Latency = 0> <II = 1> <Delay = 1.43> <FuncUnit> <Opcode : 'add' 'sub'> <InPorts = 2> <OutPorts = 1>
ST_1 : Operation 1147 [1/1] (0.00ns)   --->   "%mult_1051 = partselect i16 @_ssdm_op_PartSelect.i16.i23.i32.i32, i23 %add_ln73_124, i32 7, i32 22" [firmware/nnet_utils/nnet_dense_latency.h:42]   --->   Operation 1147 'partselect' 'mult_1051' <Predicate = true> <Delay = 0.00>
ST_1 : Operation 1148 [1/1] (3.57ns)   --->   "%mul_ln73_428 = mul i21 %sext_ln73_555, i21 2097141" [firmware/nnet_utils/nnet_mult.h:73->firmware/nnet_utils/nnet_dense_latency.h:42]   --->   Operation 1148 'mul' 'mul_ln73_428' <Predicate = true> <Delay = 3.57> <CoreInst = "Multiplier">   --->   Core 3 'Multiplier' <Latency = 0> <II = 1> <Delay = 3.57> <FuncUnit> <Opcode : 'mul'> <InPorts = 2> <OutPorts = 1>
ST_1 : Operation 1149 [1/1] (0.00ns)   --->   "%mult_1052 = partselect i14 @_ssdm_op_PartSelect.i14.i21.i32.i32, i21 %mul_ln73_428, i32 7, i32 20" [firmware/nnet_utils/nnet_dense_latency.h:42]   --->   Operation 1149 'partselect' 'mult_1052' <Predicate = true> <Delay = 0.00>
ST_1 : Operation 1150 [1/1] (0.00ns)   --->   "%tmp_650 = bitconcatenate i19 @_ssdm_op_BitConcatenate.i19.i16.i3, i16 %a_204, i3 0" [firmware/nnet_utils/nnet_mult.h:73->firmware/nnet_utils/nnet_dense_latency.h:42]   --->   Operation 1150 'bitconcatenate' 'tmp_650' <Predicate = true> <Delay = 0.00>
ST_1 : Operation 1151 [1/1] (0.00ns)   --->   "%sext_ln73_987 = sext i19 %tmp_650" [firmware/nnet_utils/nnet_mult.h:73->firmware/nnet_utils/nnet_dense_latency.h:42]   --->   Operation 1151 'sext' 'sext_ln73_987' <Predicate = true> <Delay = 0.00>
ST_1 : Operation 1152 [1/1] (1.43ns)   --->   "%sub_ln73_604 = sub i20 %sext_ln73_554, i20 %sext_ln73_987" [firmware/nnet_utils/nnet_mult.h:73->firmware/nnet_utils/nnet_dense_latency.h:42]   --->   Operation 1152 'sub' 'sub_ln73_604' <Predicate = true> <Delay = 1.43> <CoreInst = "Adder">   --->   Core 1 'Adder' <Latency = 0> <II = 1> <Delay = 1.43> <FuncUnit> <Opcode : 'add' 'sub'> <InPorts = 2> <OutPorts = 1>
ST_1 : Operation 1153 [1/1] (0.00ns)   --->   "%mult_1053 = partselect i13 @_ssdm_op_PartSelect.i13.i20.i32.i32, i20 %sub_ln73_604, i32 7, i32 19" [firmware/nnet_utils/nnet_dense_latency.h:42]   --->   Operation 1153 'partselect' 'mult_1053' <Predicate = true> <Delay = 0.00>
ST_1 : Operation 1154 [1/1] (0.00ns)   --->   "%sext_ln17_490 = sext i13 %mult_1053" [firmware/nnet_utils/nnet_dense_latency.h:17]   --->   Operation 1154 'sext' 'sext_ln17_490' <Predicate = true> <Delay = 0.00>
ST_1 : Operation 1155 [1/1] (0.00ns)   --->   "%sext_ln73_988 = sext i21 %tmp_648" [firmware/nnet_utils/nnet_mult.h:73->firmware/nnet_utils/nnet_dense_latency.h:42]   --->   Operation 1155 'sext' 'sext_ln73_988' <Predicate = true> <Delay = 0.00>
ST_1 : Operation 1156 [1/1] (1.43ns)   --->   "%sub_ln73_605 = sub i22 %sext_ln73_557, i22 %sext_ln73_988" [firmware/nnet_utils/nnet_mult.h:73->firmware/nnet_utils/nnet_dense_latency.h:42]   --->   Operation 1156 'sub' 'sub_ln73_605' <Predicate = true> <Delay = 1.43> <CoreInst = "Adder">   --->   Core 1 'Adder' <Latency = 0> <II = 1> <Delay = 1.43> <FuncUnit> <Opcode : 'add' 'sub'> <InPorts = 2> <OutPorts = 1>
ST_1 : Operation 1157 [1/1] (0.00ns)   --->   "%mult_1054 = partselect i15 @_ssdm_op_PartSelect.i15.i22.i32.i32, i22 %sub_ln73_605, i32 7, i32 21" [firmware/nnet_utils/nnet_dense_latency.h:42]   --->   Operation 1157 'partselect' 'mult_1054' <Predicate = true> <Delay = 0.00>
ST_1 : Operation 1158 [1/1] (0.00ns)   --->   "%tmp_651 = bitconcatenate i20 @_ssdm_op_BitConcatenate.i20.i16.i4, i16 %a_204, i4 0" [firmware/nnet_utils/nnet_mult.h:73->firmware/nnet_utils/nnet_dense_latency.h:42]   --->   Operation 1158 'bitconcatenate' 'tmp_651' <Predicate = true> <Delay = 0.00>
ST_1 : Operation 1159 [1/1] (0.00ns)   --->   "%sext_ln73_989 = sext i20 %tmp_651" [firmware/nnet_utils/nnet_mult.h:73->firmware/nnet_utils/nnet_dense_latency.h:42]   --->   Operation 1159 'sext' 'sext_ln73_989' <Predicate = true> <Delay = 0.00>
ST_1 : Operation 1160 [1/1] (0.00ns)   --->   "%tmp_652 = bitconcatenate i17 @_ssdm_op_BitConcatenate.i17.i16.i1, i16 %a_204, i1 0" [firmware/nnet_utils/nnet_mult.h:73->firmware/nnet_utils/nnet_dense_latency.h:42]   --->   Operation 1160 'bitconcatenate' 'tmp_652' <Predicate = true> <Delay = 0.00>
ST_1 : Operation 1161 [1/1] (0.00ns)   --->   "%sext_ln73_990 = sext i17 %tmp_652" [firmware/nnet_utils/nnet_mult.h:73->firmware/nnet_utils/nnet_dense_latency.h:42]   --->   Operation 1161 'sext' 'sext_ln73_990' <Predicate = true> <Delay = 0.00>
ST_1 : Operation 1162 [1/1] (1.43ns)   --->   "%add_ln73_125 = add i22 %sext_ln73_989, i22 %sext_ln73_990" [firmware/nnet_utils/nnet_mult.h:73->firmware/nnet_utils/nnet_dense_latency.h:42]   --->   Operation 1162 'add' 'add_ln73_125' <Predicate = true> <Delay = 1.43> <CoreInst = "Adder">   --->   Core 1 'Adder' <Latency = 0> <II = 1> <Delay = 1.43> <FuncUnit> <Opcode : 'add' 'sub'> <InPorts = 2> <OutPorts = 1>
ST_1 : Operation 1163 [1/1] (0.00ns)   --->   "%mult_1055 = partselect i15 @_ssdm_op_PartSelect.i15.i22.i32.i32, i22 %add_ln73_125, i32 7, i32 21" [firmware/nnet_utils/nnet_dense_latency.h:42]   --->   Operation 1163 'partselect' 'mult_1055' <Predicate = true> <Delay = 0.00>
ST_1 : Operation 1164 [1/1] (0.00ns)   --->   "%a_205 = load i16 %p_ZZN4nnet24compute_output_buffer_2dINS_5arrayI8ap_fixedILi16ELi6EL9ap_q_mode5EL9_285"   --->   Operation 1164 'load' 'a_205' <Predicate = true> <Delay = 0.00>
ST_1 : Operation 1165 [1/1] (0.00ns)   --->   "%sext_ln73_560 = sext i16 %a_205" [firmware/nnet_utils/nnet_mult.h:73->firmware/nnet_utils/nnet_dense_latency.h:42]   --->   Operation 1165 'sext' 'sext_ln73_560' <Predicate = true> <Delay = 0.00>
ST_1 : Operation 1166 [1/1] (0.00ns)   --->   "%tmp_653 = bitconcatenate i19 @_ssdm_op_BitConcatenate.i19.i16.i3, i16 %a_205, i3 0" [firmware/nnet_utils/nnet_mult.h:73->firmware/nnet_utils/nnet_dense_latency.h:42]   --->   Operation 1166 'bitconcatenate' 'tmp_653' <Predicate = true> <Delay = 0.00>
ST_1 : Operation 1167 [1/1] (0.00ns)   --->   "%sext_ln73_991 = sext i19 %tmp_653" [firmware/nnet_utils/nnet_mult.h:73->firmware/nnet_utils/nnet_dense_latency.h:42]   --->   Operation 1167 'sext' 'sext_ln73_991' <Predicate = true> <Delay = 0.00>
ST_1 : Operation 1168 [1/1] (0.00ns)   --->   "%tmp_654 = bitconcatenate i17 @_ssdm_op_BitConcatenate.i17.i16.i1, i16 %a_205, i1 0" [firmware/nnet_utils/nnet_mult.h:73->firmware/nnet_utils/nnet_dense_latency.h:42]   --->   Operation 1168 'bitconcatenate' 'tmp_654' <Predicate = true> <Delay = 0.00>
ST_1 : Operation 1169 [1/1] (0.00ns)   --->   "%sext_ln73_992 = sext i17 %tmp_654" [firmware/nnet_utils/nnet_mult.h:73->firmware/nnet_utils/nnet_dense_latency.h:42]   --->   Operation 1169 'sext' 'sext_ln73_992' <Predicate = true> <Delay = 0.00>
ST_1 : Operation 1170 [1/1] (1.43ns)   --->   "%sub_ln73_606 = sub i20 %sext_ln73_992, i20 %sext_ln73_991" [firmware/nnet_utils/nnet_mult.h:73->firmware/nnet_utils/nnet_dense_latency.h:42]   --->   Operation 1170 'sub' 'sub_ln73_606' <Predicate = true> <Delay = 1.43> <CoreInst = "Adder">   --->   Core 1 'Adder' <Latency = 0> <II = 1> <Delay = 1.43> <FuncUnit> <Opcode : 'add' 'sub'> <InPorts = 2> <OutPorts = 1>
ST_1 : Operation 1171 [1/1] (0.00ns)   --->   "%mult_1056 = partselect i13 @_ssdm_op_PartSelect.i13.i20.i32.i32, i20 %sub_ln73_606, i32 7, i32 19" [firmware/nnet_utils/nnet_dense_latency.h:42]   --->   Operation 1171 'partselect' 'mult_1056' <Predicate = true> <Delay = 0.00>
ST_1 : Operation 1172 [1/1] (0.00ns)   --->   "%sext_ln17_491 = sext i13 %mult_1056" [firmware/nnet_utils/nnet_dense_latency.h:17]   --->   Operation 1172 'sext' 'sext_ln17_491' <Predicate = true> <Delay = 0.00>
ST_1 : Operation 1173 [1/1] (3.57ns)   --->   "%mul_ln73_429 = mul i23 %sext_ln73_560, i23 45" [firmware/nnet_utils/nnet_mult.h:73->firmware/nnet_utils/nnet_dense_latency.h:42]   --->   Operation 1173 'mul' 'mul_ln73_429' <Predicate = true> <Delay = 3.57> <CoreInst = "Multiplier">   --->   Core 3 'Multiplier' <Latency = 0> <II = 1> <Delay = 3.57> <FuncUnit> <Opcode : 'mul'> <InPorts = 2> <OutPorts = 1>
ST_1 : Operation 1174 [1/1] (0.00ns)   --->   "%mult_1057 = partselect i16 @_ssdm_op_PartSelect.i16.i23.i32.i32, i23 %mul_ln73_429, i32 7, i32 22" [firmware/nnet_utils/nnet_dense_latency.h:42]   --->   Operation 1174 'partselect' 'mult_1057' <Predicate = true> <Delay = 0.00>
ST_1 : Operation 1175 [1/1] (0.00ns)   --->   "%tmp_655 = bitconcatenate i21 @_ssdm_op_BitConcatenate.i21.i16.i5, i16 %a_205, i5 0" [firmware/nnet_utils/nnet_mult.h:73->firmware/nnet_utils/nnet_dense_latency.h:42]   --->   Operation 1175 'bitconcatenate' 'tmp_655' <Predicate = true> <Delay = 0.00>
ST_1 : Operation 1176 [1/1] (0.00ns)   --->   "%sext_ln73_993 = sext i21 %tmp_655" [firmware/nnet_utils/nnet_mult.h:73->firmware/nnet_utils/nnet_dense_latency.h:42]   --->   Operation 1176 'sext' 'sext_ln73_993' <Predicate = true> <Delay = 0.00>
ST_1 : Operation 1177 [1/1] (0.00ns)   --->   "%tmp_656 = bitconcatenate i18 @_ssdm_op_BitConcatenate.i18.i16.i2, i16 %a_205, i2 0" [firmware/nnet_utils/nnet_mult.h:73->firmware/nnet_utils/nnet_dense_latency.h:42]   --->   Operation 1177 'bitconcatenate' 'tmp_656' <Predicate = true> <Delay = 0.00>
ST_1 : Operation 1178 [1/1] (0.00ns)   --->   "%sext_ln73_994 = sext i18 %tmp_656" [firmware/nnet_utils/nnet_mult.h:73->firmware/nnet_utils/nnet_dense_latency.h:42]   --->   Operation 1178 'sext' 'sext_ln73_994' <Predicate = true> <Delay = 0.00>
ST_1 : Operation 1179 [1/1] (1.43ns)   --->   "%sub_ln73_607 = sub i22 %sext_ln73_993, i22 %sext_ln73_994" [firmware/nnet_utils/nnet_mult.h:73->firmware/nnet_utils/nnet_dense_latency.h:42]   --->   Operation 1179 'sub' 'sub_ln73_607' <Predicate = true> <Delay = 1.43> <CoreInst = "Adder">   --->   Core 1 'Adder' <Latency = 0> <II = 1> <Delay = 1.43> <FuncUnit> <Opcode : 'add' 'sub'> <InPorts = 2> <OutPorts = 1>
ST_1 : Operation 1180 [1/1] (0.00ns)   --->   "%mult_1058 = partselect i15 @_ssdm_op_PartSelect.i15.i22.i32.i32, i22 %sub_ln73_607, i32 7, i32 21" [firmware/nnet_utils/nnet_dense_latency.h:42]   --->   Operation 1180 'partselect' 'mult_1058' <Predicate = true> <Delay = 0.00>
ST_1 : Operation 1181 [1/1] (0.00ns)   --->   "%tmp_657 = bitconcatenate i20 @_ssdm_op_BitConcatenate.i20.i16.i4, i16 %a_205, i4 0" [firmware/nnet_utils/nnet_mult.h:73->firmware/nnet_utils/nnet_dense_latency.h:42]   --->   Operation 1181 'bitconcatenate' 'tmp_657' <Predicate = true> <Delay = 0.00>
ST_1 : Operation 1182 [1/1] (0.00ns)   --->   "%sext_ln73_995 = sext i20 %tmp_657" [firmware/nnet_utils/nnet_mult.h:73->firmware/nnet_utils/nnet_dense_latency.h:42]   --->   Operation 1182 'sext' 'sext_ln73_995' <Predicate = true> <Delay = 0.00>
ST_1 : Operation 1183 [1/1] (0.00ns)   --->   "%sext_ln73_996 = sext i17 %tmp_654" [firmware/nnet_utils/nnet_mult.h:73->firmware/nnet_utils/nnet_dense_latency.h:42]   --->   Operation 1183 'sext' 'sext_ln73_996' <Predicate = true> <Delay = 0.00>
ST_1 : Operation 1184 [1/1] (1.43ns)   --->   "%sub_ln73_608 = sub i21 %sext_ln73_996, i21 %sext_ln73_995" [firmware/nnet_utils/nnet_mult.h:73->firmware/nnet_utils/nnet_dense_latency.h:42]   --->   Operation 1184 'sub' 'sub_ln73_608' <Predicate = true> <Delay = 1.43> <CoreInst = "Adder">   --->   Core 1 'Adder' <Latency = 0> <II = 1> <Delay = 1.43> <FuncUnit> <Opcode : 'add' 'sub'> <InPorts = 2> <OutPorts = 1>
ST_1 : Operation 1185 [1/1] (0.00ns)   --->   "%mult_1059 = partselect i14 @_ssdm_op_PartSelect.i14.i21.i32.i32, i21 %sub_ln73_608, i32 7, i32 20" [firmware/nnet_utils/nnet_dense_latency.h:42]   --->   Operation 1185 'partselect' 'mult_1059' <Predicate = true> <Delay = 0.00>
ST_1 : Operation 1186 [1/1] (0.00ns)   --->   "%sext_ln73_997 = sext i20 %tmp_657" [firmware/nnet_utils/nnet_mult.h:73->firmware/nnet_utils/nnet_dense_latency.h:42]   --->   Operation 1186 'sext' 'sext_ln73_997' <Predicate = true> <Delay = 0.00>
ST_1 : Operation 1187 [1/1] (0.00ns)   --->   "%sext_ln73_998 = sext i17 %tmp_654" [firmware/nnet_utils/nnet_mult.h:73->firmware/nnet_utils/nnet_dense_latency.h:42]   --->   Operation 1187 'sext' 'sext_ln73_998' <Predicate = true> <Delay = 0.00>
ST_1 : Operation 1188 [1/1] (1.43ns)   --->   "%add_ln73_126 = add i22 %sext_ln73_997, i22 %sext_ln73_998" [firmware/nnet_utils/nnet_mult.h:73->firmware/nnet_utils/nnet_dense_latency.h:42]   --->   Operation 1188 'add' 'add_ln73_126' <Predicate = true> <Delay = 1.43> <CoreInst = "Adder">   --->   Core 1 'Adder' <Latency = 0> <II = 1> <Delay = 1.43> <FuncUnit> <Opcode : 'add' 'sub'> <InPorts = 2> <OutPorts = 1>
ST_1 : Operation 1189 [1/1] (0.00ns)   --->   "%mult_1060 = partselect i15 @_ssdm_op_PartSelect.i15.i22.i32.i32, i22 %add_ln73_126, i32 7, i32 21" [firmware/nnet_utils/nnet_dense_latency.h:42]   --->   Operation 1189 'partselect' 'mult_1060' <Predicate = true> <Delay = 0.00>
ST_1 : Operation 1190 [1/1] (0.00ns)   --->   "%sext_ln73_999 = sext i21 %tmp_655" [firmware/nnet_utils/nnet_mult.h:73->firmware/nnet_utils/nnet_dense_latency.h:42]   --->   Operation 1190 'sext' 'sext_ln73_999' <Predicate = true> <Delay = 0.00>
ST_1 : Operation 1191 [1/1] (1.43ns)   --->   "%add_ln73_127 = add i23 %sext_ln73_999, i23 %sext_ln73_560" [firmware/nnet_utils/nnet_mult.h:73->firmware/nnet_utils/nnet_dense_latency.h:42]   --->   Operation 1191 'add' 'add_ln73_127' <Predicate = true> <Delay = 1.43> <CoreInst = "Adder">   --->   Core 1 'Adder' <Latency = 0> <II = 1> <Delay = 1.43> <FuncUnit> <Opcode : 'add' 'sub'> <InPorts = 2> <OutPorts = 1>
ST_1 : Operation 1192 [1/1] (0.00ns)   --->   "%mult_1061 = partselect i16 @_ssdm_op_PartSelect.i16.i23.i32.i32, i23 %add_ln73_127, i32 7, i32 22" [firmware/nnet_utils/nnet_dense_latency.h:42]   --->   Operation 1192 'partselect' 'mult_1061' <Predicate = true> <Delay = 0.00>
ST_1 : Operation 1193 [1/1] (0.00ns)   --->   "%mult_1062 = partselect i10 @_ssdm_op_PartSelect.i10.i16.i32.i32, i16 %a_205, i32 6, i32 15" [firmware/nnet_utils/nnet_dense_latency.h:42]   --->   Operation 1193 'partselect' 'mult_1062' <Predicate = true> <Delay = 0.00>
ST_1 : Operation 1194 [1/1] (0.00ns)   --->   "%sext_ln17_493 = sext i10 %mult_1062" [firmware/nnet_utils/nnet_dense_latency.h:17]   --->   Operation 1194 'sext' 'sext_ln17_493' <Predicate = true> <Delay = 0.00>
ST_1 : Operation 1195 [1/1] (0.00ns)   --->   "%a_206 = load i16 %p_ZZN4nnet24compute_output_buffer_2dINS_5arrayI8ap_fixedILi16ELi6EL9ap_q_mode5EL9_286"   --->   Operation 1195 'load' 'a_206' <Predicate = true> <Delay = 0.00>
ST_1 : Operation 1196 [1/1] (0.00ns)   --->   "%sext_ln73_562 = sext i16 %a_206" [firmware/nnet_utils/nnet_mult.h:73->firmware/nnet_utils/nnet_dense_latency.h:42]   --->   Operation 1196 'sext' 'sext_ln73_562' <Predicate = true> <Delay = 0.00>
ST_1 : Operation 1197 [1/1] (0.00ns)   --->   "%sext_ln73_563 = sext i16 %a_206" [firmware/nnet_utils/nnet_mult.h:73->firmware/nnet_utils/nnet_dense_latency.h:42]   --->   Operation 1197 'sext' 'sext_ln73_563' <Predicate = true> <Delay = 0.00>
ST_1 : Operation 1198 [1/1] (0.00ns)   --->   "%tmp_658 = bitconcatenate i20 @_ssdm_op_BitConcatenate.i20.i16.i4, i16 %a_206, i4 0" [firmware/nnet_utils/nnet_mult.h:73->firmware/nnet_utils/nnet_dense_latency.h:42]   --->   Operation 1198 'bitconcatenate' 'tmp_658' <Predicate = true> <Delay = 0.00>
ST_1 : Operation 1199 [1/1] (0.00ns)   --->   "%sext_ln73_1000 = sext i20 %tmp_658" [firmware/nnet_utils/nnet_mult.h:73->firmware/nnet_utils/nnet_dense_latency.h:42]   --->   Operation 1199 'sext' 'sext_ln73_1000' <Predicate = true> <Delay = 0.00>
ST_1 : Operation 1200 [1/1] (0.00ns) (grouped into TernaryAdder)   --->   "%sub_ln73_609 = sub i22 0, i22 %sext_ln73_1000" [firmware/nnet_utils/nnet_mult.h:73->firmware/nnet_utils/nnet_dense_latency.h:42]   --->   Operation 1200 'sub' 'sub_ln73_609' <Predicate = true> <Delay = 0.00> <CoreInst = "TAddSub">   --->   Core 10 'TAddSub' <Latency = 0> <II = 1> <Delay = 0.49> <IPBlock> <Opcode : 'add' 'sub'> <InPorts = 3> <OutPorts = 1> <Sync> <CReg>
ST_1 : Operation 1201 [1/1] (1.02ns) (root node of TernaryAdder)   --->   "%sub_ln73_610 = sub i22 %sub_ln73_609, i22 %sext_ln73_563" [firmware/nnet_utils/nnet_mult.h:73->firmware/nnet_utils/nnet_dense_latency.h:42]   --->   Operation 1201 'sub' 'sub_ln73_610' <Predicate = true> <Delay = 1.02> <CoreInst = "TAddSub">   --->   Core 10 'TAddSub' <Latency = 0> <II = 1> <Delay = 0.49> <IPBlock> <Opcode : 'add' 'sub'> <InPorts = 3> <OutPorts = 1> <Sync> <CReg>
ST_1 : Operation 1202 [1/1] (0.00ns)   --->   "%mult_1063 = partselect i15 @_ssdm_op_PartSelect.i15.i22.i32.i32, i22 %sub_ln73_610, i32 7, i32 21" [firmware/nnet_utils/nnet_dense_latency.h:42]   --->   Operation 1202 'partselect' 'mult_1063' <Predicate = true> <Delay = 0.00>
ST_1 : Operation 1203 [1/1] (0.00ns)   --->   "%sext_ln42_471 = sext i15 %mult_1063" [firmware/nnet_utils/nnet_dense_latency.h:42]   --->   Operation 1203 'sext' 'sext_ln42_471' <Predicate = true> <Delay = 0.00>
ST_1 : Operation 1204 [1/1] (3.57ns)   --->   "%mul_ln73_430 = mul i22 %sext_ln73_563, i22 23" [firmware/nnet_utils/nnet_mult.h:73->firmware/nnet_utils/nnet_dense_latency.h:42]   --->   Operation 1204 'mul' 'mul_ln73_430' <Predicate = true> <Delay = 3.57> <CoreInst = "Multiplier">   --->   Core 3 'Multiplier' <Latency = 0> <II = 1> <Delay = 3.57> <FuncUnit> <Opcode : 'mul'> <InPorts = 2> <OutPorts = 1>
ST_1 : Operation 1205 [1/1] (0.00ns)   --->   "%mult_1064 = partselect i15 @_ssdm_op_PartSelect.i15.i22.i32.i32, i22 %mul_ln73_430, i32 7, i32 21" [firmware/nnet_utils/nnet_dense_latency.h:42]   --->   Operation 1205 'partselect' 'mult_1064' <Predicate = true> <Delay = 0.00>
ST_1 : Operation 1206 [1/1] (0.00ns)   --->   "%mult_1065 = partselect i14 @_ssdm_op_PartSelect.i14.i16.i32.i32, i16 %a_206, i32 2, i32 15" [firmware/nnet_utils/nnet_dense_latency.h:42]   --->   Operation 1206 'partselect' 'mult_1065' <Predicate = true> <Delay = 0.00>
ST_1 : Operation 1207 [1/1] (3.57ns)   --->   "%mul_ln73_431 = mul i22 %sext_ln73_563, i22 21" [firmware/nnet_utils/nnet_mult.h:73->firmware/nnet_utils/nnet_dense_latency.h:42]   --->   Operation 1207 'mul' 'mul_ln73_431' <Predicate = true> <Delay = 3.57> <CoreInst = "Multiplier">   --->   Core 3 'Multiplier' <Latency = 0> <II = 1> <Delay = 3.57> <FuncUnit> <Opcode : 'mul'> <InPorts = 2> <OutPorts = 1>
ST_1 : Operation 1208 [1/1] (0.00ns)   --->   "%mult_1066 = partselect i15 @_ssdm_op_PartSelect.i15.i22.i32.i32, i22 %mul_ln73_431, i32 7, i32 21" [firmware/nnet_utils/nnet_dense_latency.h:42]   --->   Operation 1208 'partselect' 'mult_1066' <Predicate = true> <Delay = 0.00>
ST_1 : Operation 1209 [1/1] (0.00ns)   --->   "%tmp_659 = bitconcatenate i18 @_ssdm_op_BitConcatenate.i18.i16.i2, i16 %a_206, i2 0" [firmware/nnet_utils/nnet_mult.h:73->firmware/nnet_utils/nnet_dense_latency.h:42]   --->   Operation 1209 'bitconcatenate' 'tmp_659' <Predicate = true> <Delay = 0.00>
ST_1 : Operation 1210 [1/1] (0.00ns)   --->   "%sext_ln73_1001 = sext i18 %tmp_659" [firmware/nnet_utils/nnet_mult.h:73->firmware/nnet_utils/nnet_dense_latency.h:42]   --->   Operation 1210 'sext' 'sext_ln73_1001' <Predicate = true> <Delay = 0.00>
ST_1 : Operation 1211 [1/1] (1.42ns)   --->   "%sub_ln73_611 = sub i19 %sext_ln73_1001, i19 %sext_ln73_562" [firmware/nnet_utils/nnet_mult.h:73->firmware/nnet_utils/nnet_dense_latency.h:42]   --->   Operation 1211 'sub' 'sub_ln73_611' <Predicate = true> <Delay = 1.42> <CoreInst = "Adder">   --->   Core 1 'Adder' <Latency = 0> <II = 1> <Delay = 1.42> <FuncUnit> <Opcode : 'add' 'sub'> <InPorts = 2> <OutPorts = 1>
ST_1 : Operation 1212 [1/1] (0.00ns)   --->   "%mult_1067 = partselect i12 @_ssdm_op_PartSelect.i12.i19.i32.i32, i19 %sub_ln73_611, i32 7, i32 18" [firmware/nnet_utils/nnet_dense_latency.h:42]   --->   Operation 1212 'partselect' 'mult_1067' <Predicate = true> <Delay = 0.00>
ST_1 : Operation 1213 [1/1] (0.00ns)   --->   "%sext_ln17_495 = sext i12 %mult_1067" [firmware/nnet_utils/nnet_dense_latency.h:17]   --->   Operation 1213 'sext' 'sext_ln17_495' <Predicate = true> <Delay = 0.00>
ST_1 : Operation 1214 [1/1] (3.57ns)   --->   "%mul_ln73_432 = mul i22 %sext_ln73_563, i22 4194278" [firmware/nnet_utils/nnet_mult.h:73->firmware/nnet_utils/nnet_dense_latency.h:42]   --->   Operation 1214 'mul' 'mul_ln73_432' <Predicate = true> <Delay = 3.57> <CoreInst = "Multiplier">   --->   Core 3 'Multiplier' <Latency = 0> <II = 1> <Delay = 3.57> <FuncUnit> <Opcode : 'mul'> <InPorts = 2> <OutPorts = 1>
ST_1 : Operation 1215 [1/1] (0.00ns)   --->   "%mult_1068 = partselect i15 @_ssdm_op_PartSelect.i15.i22.i32.i32, i22 %mul_ln73_432, i32 7, i32 21" [firmware/nnet_utils/nnet_dense_latency.h:42]   --->   Operation 1215 'partselect' 'mult_1068' <Predicate = true> <Delay = 0.00>
ST_1 : Operation 1216 [1/1] (0.00ns)   --->   "%tmp_660 = bitconcatenate i21 @_ssdm_op_BitConcatenate.i21.i16.i5, i16 %a_206, i5 0" [firmware/nnet_utils/nnet_mult.h:73->firmware/nnet_utils/nnet_dense_latency.h:42]   --->   Operation 1216 'bitconcatenate' 'tmp_660' <Predicate = true> <Delay = 0.00>
ST_1 : Operation 1217 [1/1] (0.00ns)   --->   "%sext_ln73_1002 = sext i21 %tmp_660" [firmware/nnet_utils/nnet_mult.h:73->firmware/nnet_utils/nnet_dense_latency.h:42]   --->   Operation 1217 'sext' 'sext_ln73_1002' <Predicate = true> <Delay = 0.00>
ST_1 : Operation 1218 [1/1] (0.00ns)   --->   "%tmp_661 = bitconcatenate i19 @_ssdm_op_BitConcatenate.i19.i16.i3, i16 %a_206, i3 0" [firmware/nnet_utils/nnet_mult.h:73->firmware/nnet_utils/nnet_dense_latency.h:42]   --->   Operation 1218 'bitconcatenate' 'tmp_661' <Predicate = true> <Delay = 0.00>
ST_1 : Operation 1219 [1/1] (0.00ns)   --->   "%sext_ln73_1003 = sext i19 %tmp_661" [firmware/nnet_utils/nnet_mult.h:73->firmware/nnet_utils/nnet_dense_latency.h:42]   --->   Operation 1219 'sext' 'sext_ln73_1003' <Predicate = true> <Delay = 0.00>
ST_1 : Operation 1220 [1/1] (1.43ns)   --->   "%sub_ln73_612 = sub i22 %sext_ln73_1002, i22 %sext_ln73_1003" [firmware/nnet_utils/nnet_mult.h:73->firmware/nnet_utils/nnet_dense_latency.h:42]   --->   Operation 1220 'sub' 'sub_ln73_612' <Predicate = true> <Delay = 1.43> <CoreInst = "Adder">   --->   Core 1 'Adder' <Latency = 0> <II = 1> <Delay = 1.43> <FuncUnit> <Opcode : 'add' 'sub'> <InPorts = 2> <OutPorts = 1>
ST_1 : Operation 1221 [1/1] (0.00ns)   --->   "%mult_1069 = partselect i15 @_ssdm_op_PartSelect.i15.i22.i32.i32, i22 %sub_ln73_612, i32 7, i32 21" [firmware/nnet_utils/nnet_dense_latency.h:42]   --->   Operation 1221 'partselect' 'mult_1069' <Predicate = true> <Delay = 0.00>
ST_1 : Operation 1222 [1/1] (0.00ns)   --->   "%a_207 = load i16 %p_ZZN4nnet24compute_output_buffer_2dINS_5arrayI8ap_fixedILi16ELi6EL9ap_q_mode5EL9_287"   --->   Operation 1222 'load' 'a_207' <Predicate = true> <Delay = 0.00>
ST_1 : Operation 1223 [1/1] (0.00ns)   --->   "%sext_ln73_564 = sext i16 %a_207" [firmware/nnet_utils/nnet_mult.h:73->firmware/nnet_utils/nnet_dense_latency.h:42]   --->   Operation 1223 'sext' 'sext_ln73_564' <Predicate = true> <Delay = 0.00>
ST_1 : Operation 1224 [1/1] (0.00ns)   --->   "%sext_ln73_565 = sext i16 %a_207" [firmware/nnet_utils/nnet_mult.h:73->firmware/nnet_utils/nnet_dense_latency.h:42]   --->   Operation 1224 'sext' 'sext_ln73_565' <Predicate = true> <Delay = 0.00>
ST_1 : Operation 1225 [1/1] (0.00ns)   --->   "%sext_ln73_566 = sext i16 %a_207" [firmware/nnet_utils/nnet_mult.h:73->firmware/nnet_utils/nnet_dense_latency.h:42]   --->   Operation 1225 'sext' 'sext_ln73_566' <Predicate = true> <Delay = 0.00>
ST_1 : Operation 1226 [1/1] (0.00ns)   --->   "%tmp_662 = bitconcatenate i20 @_ssdm_op_BitConcatenate.i20.i16.i4, i16 %a_207, i4 0" [firmware/nnet_utils/nnet_mult.h:73->firmware/nnet_utils/nnet_dense_latency.h:42]   --->   Operation 1226 'bitconcatenate' 'tmp_662' <Predicate = true> <Delay = 0.00>
ST_1 : Operation 1227 [1/1] (0.00ns)   --->   "%sext_ln73_1004 = sext i20 %tmp_662" [firmware/nnet_utils/nnet_mult.h:73->firmware/nnet_utils/nnet_dense_latency.h:42]   --->   Operation 1227 'sext' 'sext_ln73_1004' <Predicate = true> <Delay = 0.00>
ST_1 : Operation 1228 [1/1] (0.00ns)   --->   "%tmp_663 = bitconcatenate i18 @_ssdm_op_BitConcatenate.i18.i16.i2, i16 %a_207, i2 0" [firmware/nnet_utils/nnet_mult.h:73->firmware/nnet_utils/nnet_dense_latency.h:42]   --->   Operation 1228 'bitconcatenate' 'tmp_663' <Predicate = true> <Delay = 0.00>
ST_1 : Operation 1229 [1/1] (0.00ns)   --->   "%sext_ln73_1005 = sext i18 %tmp_663" [firmware/nnet_utils/nnet_mult.h:73->firmware/nnet_utils/nnet_dense_latency.h:42]   --->   Operation 1229 'sext' 'sext_ln73_1005' <Predicate = true> <Delay = 0.00>
ST_1 : Operation 1230 [1/1] (1.43ns)   --->   "%sub_ln73_613 = sub i21 %sext_ln73_1005, i21 %sext_ln73_1004" [firmware/nnet_utils/nnet_mult.h:73->firmware/nnet_utils/nnet_dense_latency.h:42]   --->   Operation 1230 'sub' 'sub_ln73_613' <Predicate = true> <Delay = 1.43> <CoreInst = "Adder">   --->   Core 1 'Adder' <Latency = 0> <II = 1> <Delay = 1.43> <FuncUnit> <Opcode : 'add' 'sub'> <InPorts = 2> <OutPorts = 1>
ST_1 : Operation 1231 [1/1] (0.00ns)   --->   "%mult_1070 = partselect i14 @_ssdm_op_PartSelect.i14.i21.i32.i32, i21 %sub_ln73_613, i32 7, i32 20" [firmware/nnet_utils/nnet_dense_latency.h:42]   --->   Operation 1231 'partselect' 'mult_1070' <Predicate = true> <Delay = 0.00>
ST_1 : Operation 1232 [1/1] (0.00ns)   --->   "%sext_ln73_1006 = sext i20 %tmp_662" [firmware/nnet_utils/nnet_mult.h:73->firmware/nnet_utils/nnet_dense_latency.h:42]   --->   Operation 1232 'sext' 'sext_ln73_1006' <Predicate = true> <Delay = 0.00>
ST_1 : Operation 1233 [1/1] (0.00ns) (grouped into TernaryAdder)   --->   "%sub_ln73_614 = sub i22 0, i22 %sext_ln73_1006" [firmware/nnet_utils/nnet_mult.h:73->firmware/nnet_utils/nnet_dense_latency.h:42]   --->   Operation 1233 'sub' 'sub_ln73_614' <Predicate = true> <Delay = 0.00> <CoreInst = "TAddSub">   --->   Core 10 'TAddSub' <Latency = 0> <II = 1> <Delay = 0.49> <IPBlock> <Opcode : 'add' 'sub'> <InPorts = 3> <OutPorts = 1> <Sync> <CReg>
ST_1 : Operation 1234 [1/1] (0.00ns)   --->   "%sext_ln73_1007 = sext i18 %tmp_663" [firmware/nnet_utils/nnet_mult.h:73->firmware/nnet_utils/nnet_dense_latency.h:42]   --->   Operation 1234 'sext' 'sext_ln73_1007' <Predicate = true> <Delay = 0.00>
ST_1 : Operation 1235 [1/1] (1.02ns) (root node of TernaryAdder)   --->   "%sub_ln73_615 = sub i22 %sub_ln73_614, i22 %sext_ln73_1007" [firmware/nnet_utils/nnet_mult.h:73->firmware/nnet_utils/nnet_dense_latency.h:42]   --->   Operation 1235 'sub' 'sub_ln73_615' <Predicate = true> <Delay = 1.02> <CoreInst = "TAddSub">   --->   Core 10 'TAddSub' <Latency = 0> <II = 1> <Delay = 0.49> <IPBlock> <Opcode : 'add' 'sub'> <InPorts = 3> <OutPorts = 1> <Sync> <CReg>
ST_1 : Operation 1236 [1/1] (0.00ns)   --->   "%mult_1071 = partselect i15 @_ssdm_op_PartSelect.i15.i22.i32.i32, i22 %sub_ln73_615, i32 7, i32 21" [firmware/nnet_utils/nnet_dense_latency.h:42]   --->   Operation 1236 'partselect' 'mult_1071' <Predicate = true> <Delay = 0.00>
ST_1 : Operation 1237 [1/1] (3.57ns)   --->   "%mul_ln73_433 = mul i23 %sext_ln73_565, i23 8388565" [firmware/nnet_utils/nnet_mult.h:73->firmware/nnet_utils/nnet_dense_latency.h:42]   --->   Operation 1237 'mul' 'mul_ln73_433' <Predicate = true> <Delay = 3.57> <CoreInst = "Multiplier">   --->   Core 3 'Multiplier' <Latency = 0> <II = 1> <Delay = 3.57> <FuncUnit> <Opcode : 'mul'> <InPorts = 2> <OutPorts = 1>
ST_1 : Operation 1238 [1/1] (0.00ns)   --->   "%mult_1072 = partselect i16 @_ssdm_op_PartSelect.i16.i23.i32.i32, i23 %mul_ln73_433, i32 7, i32 22" [firmware/nnet_utils/nnet_dense_latency.h:42]   --->   Operation 1238 'partselect' 'mult_1072' <Predicate = true> <Delay = 0.00>
ST_1 : Operation 1239 [1/1] (0.00ns)   --->   "%mult_1073 = partselect i12 @_ssdm_op_PartSelect.i12.i16.i32.i32, i16 %a_207, i32 4, i32 15" [firmware/nnet_utils/nnet_dense_latency.h:42]   --->   Operation 1239 'partselect' 'mult_1073' <Predicate = true> <Delay = 0.00>
ST_1 : Operation 1240 [1/1] (0.00ns)   --->   "%sext_ln17_496 = sext i12 %mult_1073" [firmware/nnet_utils/nnet_dense_latency.h:17]   --->   Operation 1240 'sext' 'sext_ln17_496' <Predicate = true> <Delay = 0.00>
ST_1 : Operation 1241 [1/1] (0.00ns)   --->   "%sext_ln73_1008 = sext i18 %tmp_663" [firmware/nnet_utils/nnet_mult.h:73->firmware/nnet_utils/nnet_dense_latency.h:42]   --->   Operation 1241 'sext' 'sext_ln73_1008' <Predicate = true> <Delay = 0.00>
ST_1 : Operation 1242 [1/1] (0.00ns) (grouped into TernaryAdder)   --->   "%sub_ln73_616 = sub i20 0, i20 %sext_ln73_1008" [firmware/nnet_utils/nnet_mult.h:73->firmware/nnet_utils/nnet_dense_latency.h:42]   --->   Operation 1242 'sub' 'sub_ln73_616' <Predicate = true> <Delay = 0.00> <CoreInst = "TAddSub">   --->   Core 10 'TAddSub' <Latency = 0> <II = 1> <Delay = 0.49> <IPBlock> <Opcode : 'add' 'sub'> <InPorts = 3> <OutPorts = 1> <Sync> <CReg>
ST_1 : Operation 1243 [1/1] (1.01ns) (root node of TernaryAdder)   --->   "%sub_ln73_617 = sub i20 %sub_ln73_616, i20 %sext_ln73_564" [firmware/nnet_utils/nnet_mult.h:73->firmware/nnet_utils/nnet_dense_latency.h:42]   --->   Operation 1243 'sub' 'sub_ln73_617' <Predicate = true> <Delay = 1.01> <CoreInst = "TAddSub">   --->   Core 10 'TAddSub' <Latency = 0> <II = 1> <Delay = 0.49> <IPBlock> <Opcode : 'add' 'sub'> <InPorts = 3> <OutPorts = 1> <Sync> <CReg>
ST_1 : Operation 1244 [1/1] (0.00ns)   --->   "%mult_1074 = partselect i13 @_ssdm_op_PartSelect.i13.i20.i32.i32, i20 %sub_ln73_617, i32 7, i32 19" [firmware/nnet_utils/nnet_dense_latency.h:42]   --->   Operation 1244 'partselect' 'mult_1074' <Predicate = true> <Delay = 0.00>
ST_1 : Operation 1245 [1/1] (0.00ns)   --->   "%sext_ln17_497 = sext i13 %mult_1074" [firmware/nnet_utils/nnet_dense_latency.h:17]   --->   Operation 1245 'sext' 'sext_ln17_497' <Predicate = true> <Delay = 0.00>
ST_1 : Operation 1246 [1/1] (0.00ns)   --->   "%tmp_664 = bitconcatenate i21 @_ssdm_op_BitConcatenate.i21.i16.i5, i16 %a_207, i5 0" [firmware/nnet_utils/nnet_mult.h:73->firmware/nnet_utils/nnet_dense_latency.h:42]   --->   Operation 1246 'bitconcatenate' 'tmp_664' <Predicate = true> <Delay = 0.00>
ST_1 : Operation 1247 [1/1] (0.00ns)   --->   "%sext_ln73_1009 = sext i21 %tmp_664" [firmware/nnet_utils/nnet_mult.h:73->firmware/nnet_utils/nnet_dense_latency.h:42]   --->   Operation 1247 'sext' 'sext_ln73_1009' <Predicate = true> <Delay = 0.00>
ST_1 : Operation 1248 [1/1] (0.00ns) (grouped into TernaryAdder)   --->   "%sub_ln73_618 = sub i23 0, i23 %sext_ln73_1009" [firmware/nnet_utils/nnet_mult.h:73->firmware/nnet_utils/nnet_dense_latency.h:42]   --->   Operation 1248 'sub' 'sub_ln73_618' <Predicate = true> <Delay = 0.00> <CoreInst = "TAddSub">   --->   Core 10 'TAddSub' <Latency = 0> <II = 1> <Delay = 0.49> <IPBlock> <Opcode : 'add' 'sub'> <InPorts = 3> <OutPorts = 1> <Sync> <CReg>
ST_1 : Operation 1249 [1/1] (1.03ns) (root node of TernaryAdder)   --->   "%sub_ln73_619 = sub i23 %sub_ln73_618, i23 %sext_ln73_565" [firmware/nnet_utils/nnet_mult.h:73->firmware/nnet_utils/nnet_dense_latency.h:42]   --->   Operation 1249 'sub' 'sub_ln73_619' <Predicate = true> <Delay = 1.03> <CoreInst = "TAddSub">   --->   Core 10 'TAddSub' <Latency = 0> <II = 1> <Delay = 0.49> <IPBlock> <Opcode : 'add' 'sub'> <InPorts = 3> <OutPorts = 1> <Sync> <CReg>
ST_1 : Operation 1250 [1/1] (0.00ns)   --->   "%mult_1075 = partselect i16 @_ssdm_op_PartSelect.i16.i23.i32.i32, i23 %sub_ln73_619, i32 7, i32 22" [firmware/nnet_utils/nnet_dense_latency.h:42]   --->   Operation 1250 'partselect' 'mult_1075' <Predicate = true> <Delay = 0.00>
ST_1 : Operation 1251 [1/1] (3.57ns)   --->   "%mul_ln73_434 = mul i22 %sext_ln73_566, i22 4194285" [firmware/nnet_utils/nnet_mult.h:73->firmware/nnet_utils/nnet_dense_latency.h:42]   --->   Operation 1251 'mul' 'mul_ln73_434' <Predicate = true> <Delay = 3.57> <CoreInst = "Multiplier">   --->   Core 3 'Multiplier' <Latency = 0> <II = 1> <Delay = 3.57> <FuncUnit> <Opcode : 'mul'> <InPorts = 2> <OutPorts = 1>
ST_1 : Operation 1252 [1/1] (0.00ns)   --->   "%mult_1076 = partselect i15 @_ssdm_op_PartSelect.i15.i22.i32.i32, i22 %mul_ln73_434, i32 7, i32 21" [firmware/nnet_utils/nnet_dense_latency.h:42]   --->   Operation 1252 'partselect' 'mult_1076' <Predicate = true> <Delay = 0.00>
ST_1 : Operation 1253 [1/1] (0.00ns)   --->   "%a_208 = load i16 %p_ZZN4nnet24compute_output_buffer_2dINS_5arrayI8ap_fixedILi16ELi6EL9ap_q_mode5EL9_288"   --->   Operation 1253 'load' 'a_208' <Predicate = true> <Delay = 0.00>
ST_1 : Operation 1254 [1/1] (0.00ns)   --->   "%sext_ln73_568 = sext i16 %a_208" [firmware/nnet_utils/nnet_mult.h:73->firmware/nnet_utils/nnet_dense_latency.h:42]   --->   Operation 1254 'sext' 'sext_ln73_568' <Predicate = true> <Delay = 0.00>
ST_1 : Operation 1255 [1/1] (0.00ns)   --->   "%sext_ln73_569 = sext i16 %a_208" [firmware/nnet_utils/nnet_mult.h:73->firmware/nnet_utils/nnet_dense_latency.h:42]   --->   Operation 1255 'sext' 'sext_ln73_569' <Predicate = true> <Delay = 0.00>
ST_1 : Operation 1256 [1/1] (0.00ns)   --->   "%sext_ln73_571 = sext i16 %a_208" [firmware/nnet_utils/nnet_mult.h:73->firmware/nnet_utils/nnet_dense_latency.h:42]   --->   Operation 1256 'sext' 'sext_ln73_571' <Predicate = true> <Delay = 0.00>
ST_1 : Operation 1257 [1/1] (0.00ns)   --->   "%sext_ln73_572 = sext i16 %a_208" [firmware/nnet_utils/nnet_mult.h:73->firmware/nnet_utils/nnet_dense_latency.h:42]   --->   Operation 1257 'sext' 'sext_ln73_572' <Predicate = true> <Delay = 0.00>
ST_1 : Operation 1258 [1/1] (0.00ns)   --->   "%tmp_665 = bitconcatenate i18 @_ssdm_op_BitConcatenate.i18.i16.i2, i16 %a_208, i2 0" [firmware/nnet_utils/nnet_mult.h:73->firmware/nnet_utils/nnet_dense_latency.h:42]   --->   Operation 1258 'bitconcatenate' 'tmp_665' <Predicate = true> <Delay = 0.00>
ST_1 : Operation 1259 [1/1] (0.00ns)   --->   "%sext_ln73_1010 = sext i18 %tmp_665" [firmware/nnet_utils/nnet_mult.h:73->firmware/nnet_utils/nnet_dense_latency.h:42]   --->   Operation 1259 'sext' 'sext_ln73_1010' <Predicate = true> <Delay = 0.00>
ST_1 : Operation 1260 [1/1] (1.42ns)   --->   "%add_ln73_128 = add i20 %sext_ln73_1010, i20 %sext_ln73_572" [firmware/nnet_utils/nnet_mult.h:73->firmware/nnet_utils/nnet_dense_latency.h:42]   --->   Operation 1260 'add' 'add_ln73_128' <Predicate = true> <Delay = 1.42> <CoreInst = "Adder">   --->   Core 1 'Adder' <Latency = 0> <II = 1> <Delay = 1.42> <FuncUnit> <Opcode : 'add' 'sub'> <InPorts = 2> <OutPorts = 1>
ST_1 : Operation 1261 [1/1] (0.00ns)   --->   "%mult_1077 = partselect i13 @_ssdm_op_PartSelect.i13.i20.i32.i32, i20 %add_ln73_128, i32 7, i32 19" [firmware/nnet_utils/nnet_dense_latency.h:42]   --->   Operation 1261 'partselect' 'mult_1077' <Predicate = true> <Delay = 0.00>
ST_1 : Operation 1262 [1/1] (0.00ns)   --->   "%sext_ln17_498 = sext i13 %mult_1077" [firmware/nnet_utils/nnet_dense_latency.h:17]   --->   Operation 1262 'sext' 'sext_ln17_498' <Predicate = true> <Delay = 0.00>
ST_1 : Operation 1263 [1/1] (3.57ns)   --->   "%mul_ln73_435 = mul i23 %sext_ln73_571, i23 46" [firmware/nnet_utils/nnet_mult.h:73->firmware/nnet_utils/nnet_dense_latency.h:42]   --->   Operation 1263 'mul' 'mul_ln73_435' <Predicate = true> <Delay = 3.57> <CoreInst = "Multiplier">   --->   Core 3 'Multiplier' <Latency = 0> <II = 1> <Delay = 3.57> <FuncUnit> <Opcode : 'mul'> <InPorts = 2> <OutPorts = 1>
ST_1 : Operation 1264 [1/1] (0.00ns)   --->   "%mult_1078 = partselect i16 @_ssdm_op_PartSelect.i16.i23.i32.i32, i23 %mul_ln73_435, i32 7, i32 22" [firmware/nnet_utils/nnet_dense_latency.h:42]   --->   Operation 1264 'partselect' 'mult_1078' <Predicate = true> <Delay = 0.00>
ST_1 : Operation 1265 [1/1] (0.00ns)   --->   "%sext_ln73_1011 = sext i18 %tmp_665" [firmware/nnet_utils/nnet_mult.h:73->firmware/nnet_utils/nnet_dense_latency.h:42]   --->   Operation 1265 'sext' 'sext_ln73_1011' <Predicate = true> <Delay = 0.00>
ST_1 : Operation 1266 [1/1] (1.42ns)   --->   "%sub_ln73_620 = sub i19 0, i19 %sext_ln73_1011" [firmware/nnet_utils/nnet_mult.h:73->firmware/nnet_utils/nnet_dense_latency.h:42]   --->   Operation 1266 'sub' 'sub_ln73_620' <Predicate = true> <Delay = 1.42> <CoreInst = "Adder">   --->   Core 1 'Adder' <Latency = 0> <II = 1> <Delay = 1.42> <FuncUnit> <Opcode : 'add' 'sub'> <InPorts = 2> <OutPorts = 1>
ST_1 : Operation 1267 [1/1] (0.00ns)   --->   "%mult_1079 = partselect i12 @_ssdm_op_PartSelect.i12.i19.i32.i32, i19 %sub_ln73_620, i32 7, i32 18" [firmware/nnet_utils/nnet_dense_latency.h:42]   --->   Operation 1267 'partselect' 'mult_1079' <Predicate = true> <Delay = 0.00>
ST_1 : Operation 1268 [1/1] (0.00ns)   --->   "%sext_ln17_499 = sext i12 %mult_1079" [firmware/nnet_utils/nnet_dense_latency.h:17]   --->   Operation 1268 'sext' 'sext_ln17_499' <Predicate = true> <Delay = 0.00>
ST_1 : Operation 1269 [1/1] (0.00ns)   --->   "%tmp_666 = bitconcatenate i21 @_ssdm_op_BitConcatenate.i21.i16.i5, i16 %a_208, i5 0" [firmware/nnet_utils/nnet_mult.h:73->firmware/nnet_utils/nnet_dense_latency.h:42]   --->   Operation 1269 'bitconcatenate' 'tmp_666' <Predicate = true> <Delay = 0.00>
ST_1 : Operation 1270 [1/1] (0.00ns)   --->   "%sext_ln73_1012 = sext i21 %tmp_666" [firmware/nnet_utils/nnet_mult.h:73->firmware/nnet_utils/nnet_dense_latency.h:42]   --->   Operation 1270 'sext' 'sext_ln73_1012' <Predicate = true> <Delay = 0.00>
ST_1 : Operation 1271 [1/1] (0.00ns)   --->   "%tmp_667 = bitconcatenate i19 @_ssdm_op_BitConcatenate.i19.i16.i3, i16 %a_208, i3 0" [firmware/nnet_utils/nnet_mult.h:73->firmware/nnet_utils/nnet_dense_latency.h:42]   --->   Operation 1271 'bitconcatenate' 'tmp_667' <Predicate = true> <Delay = 0.00>
ST_1 : Operation 1272 [1/1] (0.00ns)   --->   "%sext_ln73_1013 = sext i19 %tmp_667" [firmware/nnet_utils/nnet_mult.h:73->firmware/nnet_utils/nnet_dense_latency.h:42]   --->   Operation 1272 'sext' 'sext_ln73_1013' <Predicate = true> <Delay = 0.00>
ST_1 : Operation 1273 [1/1] (1.43ns)   --->   "%sub_ln73_621 = sub i22 %sext_ln73_1013, i22 %sext_ln73_1012" [firmware/nnet_utils/nnet_mult.h:73->firmware/nnet_utils/nnet_dense_latency.h:42]   --->   Operation 1273 'sub' 'sub_ln73_621' <Predicate = true> <Delay = 1.43> <CoreInst = "Adder">   --->   Core 1 'Adder' <Latency = 0> <II = 1> <Delay = 1.43> <FuncUnit> <Opcode : 'add' 'sub'> <InPorts = 2> <OutPorts = 1>
ST_1 : Operation 1274 [1/1] (0.00ns)   --->   "%mult_1080 = partselect i15 @_ssdm_op_PartSelect.i15.i22.i32.i32, i22 %sub_ln73_621, i32 7, i32 21" [firmware/nnet_utils/nnet_dense_latency.h:42]   --->   Operation 1274 'partselect' 'mult_1080' <Predicate = true> <Delay = 0.00>
ST_1 : Operation 1275 [1/1] (0.00ns)   --->   "%sext_ln73_1014 = sext i19 %tmp_667" [firmware/nnet_utils/nnet_mult.h:73->firmware/nnet_utils/nnet_dense_latency.h:42]   --->   Operation 1275 'sext' 'sext_ln73_1014' <Predicate = true> <Delay = 0.00>
ST_1 : Operation 1276 [1/1] (1.43ns)   --->   "%add_ln73_129 = add i21 %sext_ln73_1014, i21 %sext_ln73_568" [firmware/nnet_utils/nnet_mult.h:73->firmware/nnet_utils/nnet_dense_latency.h:42]   --->   Operation 1276 'add' 'add_ln73_129' <Predicate = true> <Delay = 1.43> <CoreInst = "Adder">   --->   Core 1 'Adder' <Latency = 0> <II = 1> <Delay = 1.43> <FuncUnit> <Opcode : 'add' 'sub'> <InPorts = 2> <OutPorts = 1>
ST_1 : Operation 1277 [1/1] (0.00ns)   --->   "%mult_1081 = partselect i14 @_ssdm_op_PartSelect.i14.i21.i32.i32, i21 %add_ln73_129, i32 7, i32 20" [firmware/nnet_utils/nnet_dense_latency.h:42]   --->   Operation 1277 'partselect' 'mult_1081' <Predicate = true> <Delay = 0.00>
ST_1 : Operation 1278 [1/1] (0.00ns)   --->   "%mult_1082 = partselect i11 @_ssdm_op_PartSelect.i11.i16.i32.i32, i16 %a_208, i32 5, i32 15" [firmware/nnet_utils/nnet_dense_latency.h:42]   --->   Operation 1278 'partselect' 'mult_1082' <Predicate = true> <Delay = 0.00>
ST_1 : Operation 1279 [1/1] (3.57ns)   --->   "%mul_ln73_436 = mul i22 %sext_ln73_569, i22 4194283" [firmware/nnet_utils/nnet_mult.h:73->firmware/nnet_utils/nnet_dense_latency.h:42]   --->   Operation 1279 'mul' 'mul_ln73_436' <Predicate = true> <Delay = 3.57> <CoreInst = "Multiplier">   --->   Core 3 'Multiplier' <Latency = 0> <II = 1> <Delay = 3.57> <FuncUnit> <Opcode : 'mul'> <InPorts = 2> <OutPorts = 1>
ST_1 : Operation 1280 [1/1] (0.00ns)   --->   "%mult_1083 = partselect i15 @_ssdm_op_PartSelect.i15.i22.i32.i32, i22 %mul_ln73_436, i32 7, i32 21" [firmware/nnet_utils/nnet_dense_latency.h:42]   --->   Operation 1280 'partselect' 'mult_1083' <Predicate = true> <Delay = 0.00>
ST_1 : Operation 1281 [1/1] (0.00ns)   --->   "%tmp_668 = bitconcatenate i20 @_ssdm_op_BitConcatenate.i20.i16.i4, i16 %a_208, i4 0" [firmware/nnet_utils/nnet_mult.h:73->firmware/nnet_utils/nnet_dense_latency.h:42]   --->   Operation 1281 'bitconcatenate' 'tmp_668' <Predicate = true> <Delay = 0.00>
ST_1 : Operation 1282 [1/1] (0.00ns)   --->   "%sext_ln73_1015 = sext i20 %tmp_668" [firmware/nnet_utils/nnet_mult.h:73->firmware/nnet_utils/nnet_dense_latency.h:42]   --->   Operation 1282 'sext' 'sext_ln73_1015' <Predicate = true> <Delay = 0.00>
ST_1 : Operation 1283 [1/1] (0.00ns)   --->   "%tmp_669 = bitconcatenate i17 @_ssdm_op_BitConcatenate.i17.i16.i1, i16 %a_208, i1 0" [firmware/nnet_utils/nnet_mult.h:73->firmware/nnet_utils/nnet_dense_latency.h:42]   --->   Operation 1283 'bitconcatenate' 'tmp_669' <Predicate = true> <Delay = 0.00>
ST_1 : Operation 1284 [1/1] (0.00ns)   --->   "%sext_ln73_1016 = sext i17 %tmp_669" [firmware/nnet_utils/nnet_mult.h:73->firmware/nnet_utils/nnet_dense_latency.h:42]   --->   Operation 1284 'sext' 'sext_ln73_1016' <Predicate = true> <Delay = 0.00>
ST_1 : Operation 1285 [1/1] (1.43ns)   --->   "%sub_ln73_622 = sub i21 %sext_ln73_1015, i21 %sext_ln73_1016" [firmware/nnet_utils/nnet_mult.h:73->firmware/nnet_utils/nnet_dense_latency.h:42]   --->   Operation 1285 'sub' 'sub_ln73_622' <Predicate = true> <Delay = 1.43> <CoreInst = "Adder">   --->   Core 1 'Adder' <Latency = 0> <II = 1> <Delay = 1.43> <FuncUnit> <Opcode : 'add' 'sub'> <InPorts = 2> <OutPorts = 1>
ST_1 : Operation 1286 [1/1] (0.00ns)   --->   "%mult_1084 = partselect i14 @_ssdm_op_PartSelect.i14.i21.i32.i32, i21 %sub_ln73_622, i32 7, i32 20" [firmware/nnet_utils/nnet_dense_latency.h:42]   --->   Operation 1286 'partselect' 'mult_1084' <Predicate = true> <Delay = 0.00>
ST_1 : Operation 1287 [1/1] (0.00ns)   --->   "%sext_ln17_502 = sext i14 %mult_1084" [firmware/nnet_utils/nnet_dense_latency.h:17]   --->   Operation 1287 'sext' 'sext_ln17_502' <Predicate = true> <Delay = 0.00>
ST_1 : Operation 1288 [1/1] (0.00ns)   --->   "%a_209 = load i16 %p_ZZN4nnet24compute_output_buffer_2dINS_5arrayI8ap_fixedILi16ELi6EL9ap_q_mode5EL9_289"   --->   Operation 1288 'load' 'a_209' <Predicate = true> <Delay = 0.00>
ST_1 : Operation 1289 [1/1] (0.00ns)   --->   "%mult_1085 = partselect i9 @_ssdm_op_PartSelect.i9.i16.i32.i32, i16 %a_209, i32 7, i32 15" [firmware/nnet_utils/nnet_dense_latency.h:42]   --->   Operation 1289 'partselect' 'mult_1085' <Predicate = true> <Delay = 0.00>
ST_1 : Operation 1290 [1/1] (0.00ns)   --->   "%sext_ln17_503 = sext i9 %mult_1085" [firmware/nnet_utils/nnet_dense_latency.h:17]   --->   Operation 1290 'sext' 'sext_ln17_503' <Predicate = true> <Delay = 0.00>
ST_1 : Operation 1291 [1/1] (0.00ns)   --->   "%sext_ln73_573 = sext i16 %a_209" [firmware/nnet_utils/nnet_mult.h:73->firmware/nnet_utils/nnet_dense_latency.h:42]   --->   Operation 1291 'sext' 'sext_ln73_573' <Predicate = true> <Delay = 0.00>
ST_1 : Operation 1292 [1/1] (0.00ns)   --->   "%sext_ln73_575 = sext i16 %a_209" [firmware/nnet_utils/nnet_mult.h:73->firmware/nnet_utils/nnet_dense_latency.h:42]   --->   Operation 1292 'sext' 'sext_ln73_575' <Predicate = true> <Delay = 0.00>
ST_1 : Operation 1293 [1/1] (3.57ns)   --->   "%mul_ln73_437 = mul i22 %sext_ln73_575, i22 27" [firmware/nnet_utils/nnet_mult.h:73->firmware/nnet_utils/nnet_dense_latency.h:42]   --->   Operation 1293 'mul' 'mul_ln73_437' <Predicate = true> <Delay = 3.57> <CoreInst = "Multiplier">   --->   Core 3 'Multiplier' <Latency = 0> <II = 1> <Delay = 3.57> <FuncUnit> <Opcode : 'mul'> <InPorts = 2> <OutPorts = 1>
ST_1 : Operation 1294 [1/1] (0.00ns)   --->   "%mult_1086 = partselect i15 @_ssdm_op_PartSelect.i15.i22.i32.i32, i22 %mul_ln73_437, i32 7, i32 21" [firmware/nnet_utils/nnet_dense_latency.h:42]   --->   Operation 1294 'partselect' 'mult_1086' <Predicate = true> <Delay = 0.00>
ST_1 : Operation 1295 [1/1] (0.00ns)   --->   "%tmp_672 = bitconcatenate i19 @_ssdm_op_BitConcatenate.i19.i16.i3, i16 %a_209, i3 0" [firmware/nnet_utils/nnet_mult.h:73->firmware/nnet_utils/nnet_dense_latency.h:42]   --->   Operation 1295 'bitconcatenate' 'tmp_672' <Predicate = true> <Delay = 0.00>
ST_1 : Operation 1296 [1/1] (0.00ns)   --->   "%sext_ln73_1019 = sext i19 %tmp_672" [firmware/nnet_utils/nnet_mult.h:73->firmware/nnet_utils/nnet_dense_latency.h:42]   --->   Operation 1296 'sext' 'sext_ln73_1019' <Predicate = true> <Delay = 0.00>
ST_1 : Operation 1297 [1/1] (1.43ns)   --->   "%sub_ln73_625 = sub i20 0, i20 %sext_ln73_1019" [firmware/nnet_utils/nnet_mult.h:73->firmware/nnet_utils/nnet_dense_latency.h:42]   --->   Operation 1297 'sub' 'sub_ln73_625' <Predicate = true> <Delay = 1.43> <CoreInst = "Adder">   --->   Core 1 'Adder' <Latency = 0> <II = 1> <Delay = 1.43> <FuncUnit> <Opcode : 'add' 'sub'> <InPorts = 2> <OutPorts = 1>
ST_1 : Operation 1298 [1/1] (0.00ns)   --->   "%mult_1088 = partselect i13 @_ssdm_op_PartSelect.i13.i20.i32.i32, i20 %sub_ln73_625, i32 7, i32 19" [firmware/nnet_utils/nnet_dense_latency.h:42]   --->   Operation 1298 'partselect' 'mult_1088' <Predicate = true> <Delay = 0.00>
ST_1 : Operation 1299 [1/1] (3.57ns)   --->   "%mul_ln73_438 = mul i22 %sext_ln73_575, i22 22" [firmware/nnet_utils/nnet_mult.h:73->firmware/nnet_utils/nnet_dense_latency.h:42]   --->   Operation 1299 'mul' 'mul_ln73_438' <Predicate = true> <Delay = 3.57> <CoreInst = "Multiplier">   --->   Core 3 'Multiplier' <Latency = 0> <II = 1> <Delay = 3.57> <FuncUnit> <Opcode : 'mul'> <InPorts = 2> <OutPorts = 1>
ST_1 : Operation 1300 [1/1] (0.00ns)   --->   "%mult_1089 = partselect i15 @_ssdm_op_PartSelect.i15.i22.i32.i32, i22 %mul_ln73_438, i32 7, i32 21" [firmware/nnet_utils/nnet_dense_latency.h:42]   --->   Operation 1300 'partselect' 'mult_1089' <Predicate = true> <Delay = 0.00>
ST_1 : Operation 1301 [1/1] (3.57ns)   --->   "%mul_ln73_439 = mul i21 %sext_ln73_573, i21 11" [firmware/nnet_utils/nnet_mult.h:73->firmware/nnet_utils/nnet_dense_latency.h:42]   --->   Operation 1301 'mul' 'mul_ln73_439' <Predicate = true> <Delay = 3.57> <CoreInst = "Multiplier">   --->   Core 3 'Multiplier' <Latency = 0> <II = 1> <Delay = 3.57> <FuncUnit> <Opcode : 'mul'> <InPorts = 2> <OutPorts = 1>
ST_1 : Operation 1302 [1/1] (0.00ns)   --->   "%mult_1090 = partselect i14 @_ssdm_op_PartSelect.i14.i21.i32.i32, i21 %mul_ln73_439, i32 7, i32 20" [firmware/nnet_utils/nnet_dense_latency.h:42]   --->   Operation 1302 'partselect' 'mult_1090' <Predicate = true> <Delay = 0.00>
ST_1 : Operation 1303 [1/1] (3.57ns)   --->   "%mul_ln73_440 = mul i21 %sext_ln73_573, i21 2097139" [firmware/nnet_utils/nnet_mult.h:73->firmware/nnet_utils/nnet_dense_latency.h:42]   --->   Operation 1303 'mul' 'mul_ln73_440' <Predicate = true> <Delay = 3.57> <CoreInst = "Multiplier">   --->   Core 3 'Multiplier' <Latency = 0> <II = 1> <Delay = 3.57> <FuncUnit> <Opcode : 'mul'> <InPorts = 2> <OutPorts = 1>
ST_1 : Operation 1304 [1/1] (0.00ns)   --->   "%mult_1091 = partselect i14 @_ssdm_op_PartSelect.i14.i21.i32.i32, i21 %mul_ln73_440, i32 7, i32 20" [firmware/nnet_utils/nnet_dense_latency.h:42]   --->   Operation 1304 'partselect' 'mult_1091' <Predicate = true> <Delay = 0.00>
ST_1 : Operation 1305 [1/1] (0.00ns)   --->   "%a_210 = load i16 %p_ZZN4nnet24compute_output_buffer_2dINS_5arrayI8ap_fixedILi16ELi6EL9ap_q_mode5EL9_290"   --->   Operation 1305 'load' 'a_210' <Predicate = true> <Delay = 0.00>
ST_1 : Operation 1306 [1/1] (0.00ns)   --->   "%mult_1093 = partselect i9 @_ssdm_op_PartSelect.i9.i16.i32.i32, i16 %a_210, i32 7, i32 15" [firmware/nnet_utils/nnet_dense_latency.h:42]   --->   Operation 1306 'partselect' 'mult_1093' <Predicate = true> <Delay = 0.00>
ST_1 : Operation 1307 [1/1] (0.00ns)   --->   "%sext_ln17_507 = sext i9 %mult_1093" [firmware/nnet_utils/nnet_dense_latency.h:17]   --->   Operation 1307 'sext' 'sext_ln17_507' <Predicate = true> <Delay = 0.00>
ST_1 : Operation 1308 [1/1] (0.00ns)   --->   "%sext_ln73_577 = sext i16 %a_210" [firmware/nnet_utils/nnet_mult.h:73->firmware/nnet_utils/nnet_dense_latency.h:42]   --->   Operation 1308 'sext' 'sext_ln73_577' <Predicate = true> <Delay = 0.00>
ST_1 : Operation 1309 [1/1] (0.00ns)   --->   "%sext_ln73_578 = sext i16 %a_210" [firmware/nnet_utils/nnet_mult.h:73->firmware/nnet_utils/nnet_dense_latency.h:42]   --->   Operation 1309 'sext' 'sext_ln73_578' <Predicate = true> <Delay = 0.00>
ST_1 : Operation 1310 [1/1] (0.00ns)   --->   "%tmp_674 = bitconcatenate i20 @_ssdm_op_BitConcatenate.i20.i16.i4, i16 %a_210, i4 0" [firmware/nnet_utils/nnet_mult.h:73->firmware/nnet_utils/nnet_dense_latency.h:42]   --->   Operation 1310 'bitconcatenate' 'tmp_674' <Predicate = true> <Delay = 0.00>
ST_1 : Operation 1311 [1/1] (0.00ns)   --->   "%sext_ln73_1021 = sext i20 %tmp_674" [firmware/nnet_utils/nnet_mult.h:73->firmware/nnet_utils/nnet_dense_latency.h:42]   --->   Operation 1311 'sext' 'sext_ln73_1021' <Predicate = true> <Delay = 0.00>
ST_1 : Operation 1312 [1/1] (0.00ns)   --->   "%tmp_675 = bitconcatenate i17 @_ssdm_op_BitConcatenate.i17.i16.i1, i16 %a_210, i1 0" [firmware/nnet_utils/nnet_mult.h:73->firmware/nnet_utils/nnet_dense_latency.h:42]   --->   Operation 1312 'bitconcatenate' 'tmp_675' <Predicate = true> <Delay = 0.00>
ST_1 : Operation 1313 [1/1] (0.00ns)   --->   "%sext_ln73_1022 = sext i17 %tmp_675" [firmware/nnet_utils/nnet_mult.h:73->firmware/nnet_utils/nnet_dense_latency.h:42]   --->   Operation 1313 'sext' 'sext_ln73_1022' <Predicate = true> <Delay = 0.00>
ST_1 : Operation 1314 [1/1] (1.43ns)   --->   "%sub_ln73_626 = sub i21 %sext_ln73_1021, i21 %sext_ln73_1022" [firmware/nnet_utils/nnet_mult.h:73->firmware/nnet_utils/nnet_dense_latency.h:42]   --->   Operation 1314 'sub' 'sub_ln73_626' <Predicate = true> <Delay = 1.43> <CoreInst = "Adder">   --->   Core 1 'Adder' <Latency = 0> <II = 1> <Delay = 1.43> <FuncUnit> <Opcode : 'add' 'sub'> <InPorts = 2> <OutPorts = 1>
ST_1 : Operation 1315 [1/1] (0.00ns)   --->   "%mult_1094 = partselect i14 @_ssdm_op_PartSelect.i14.i21.i32.i32, i21 %sub_ln73_626, i32 7, i32 20" [firmware/nnet_utils/nnet_dense_latency.h:42]   --->   Operation 1315 'partselect' 'mult_1094' <Predicate = true> <Delay = 0.00>
ST_1 : Operation 1316 [1/1] (0.00ns)   --->   "%sext_ln17_508 = sext i14 %mult_1094" [firmware/nnet_utils/nnet_dense_latency.h:17]   --->   Operation 1316 'sext' 'sext_ln17_508' <Predicate = true> <Delay = 0.00>
ST_1 : Operation 1317 [1/1] (1.41ns)   --->   "%sub_ln73_15 = sub i17 0, i17 %sext_ln73_578" [firmware/nnet_utils/nnet_mult.h:73->firmware/nnet_utils/nnet_dense_latency.h:42]   --->   Operation 1317 'sub' 'sub_ln73_15' <Predicate = true> <Delay = 1.41> <CoreInst = "Adder">   --->   Core 1 'Adder' <Latency = 0> <II = 1> <Delay = 1.41> <FuncUnit> <Opcode : 'add' 'sub'> <InPorts = 2> <OutPorts = 1>
ST_1 : Operation 1318 [1/1] (0.00ns)   --->   "%mult_1095 = partselect i10 @_ssdm_op_PartSelect.i10.i17.i32.i32, i17 %sub_ln73_15, i32 7, i32 16" [firmware/nnet_utils/nnet_dense_latency.h:42]   --->   Operation 1318 'partselect' 'mult_1095' <Predicate = true> <Delay = 0.00>
ST_1 : Operation 1319 [1/1] (0.00ns)   --->   "%sext_ln17_509 = sext i10 %mult_1095" [firmware/nnet_utils/nnet_dense_latency.h:17]   --->   Operation 1319 'sext' 'sext_ln17_509' <Predicate = true> <Delay = 0.00>
ST_1 : Operation 1320 [1/1] (3.57ns)   --->   "%mul_ln73_441 = mul i22 %sext_ln73_577, i22 22" [firmware/nnet_utils/nnet_mult.h:73->firmware/nnet_utils/nnet_dense_latency.h:42]   --->   Operation 1320 'mul' 'mul_ln73_441' <Predicate = true> <Delay = 3.57> <CoreInst = "Multiplier">   --->   Core 3 'Multiplier' <Latency = 0> <II = 1> <Delay = 3.57> <FuncUnit> <Opcode : 'mul'> <InPorts = 2> <OutPorts = 1>
ST_1 : Operation 1321 [1/1] (0.00ns)   --->   "%mult_1096 = partselect i15 @_ssdm_op_PartSelect.i15.i22.i32.i32, i22 %mul_ln73_441, i32 7, i32 21" [firmware/nnet_utils/nnet_dense_latency.h:42]   --->   Operation 1321 'partselect' 'mult_1096' <Predicate = true> <Delay = 0.00>
ST_1 : Operation 1322 [1/1] (0.00ns)   --->   "%tmp_676 = bitconcatenate i19 @_ssdm_op_BitConcatenate.i19.i16.i3, i16 %a_210, i3 0" [firmware/nnet_utils/nnet_mult.h:73->firmware/nnet_utils/nnet_dense_latency.h:42]   --->   Operation 1322 'bitconcatenate' 'tmp_676' <Predicate = true> <Delay = 0.00>
ST_1 : Operation 1323 [1/1] (0.00ns)   --->   "%sext_ln73_1023 = sext i19 %tmp_676" [firmware/nnet_utils/nnet_mult.h:73->firmware/nnet_utils/nnet_dense_latency.h:42]   --->   Operation 1323 'sext' 'sext_ln73_1023' <Predicate = true> <Delay = 0.00>
ST_1 : Operation 1324 [1/1] (0.00ns)   --->   "%sext_ln73_1024 = sext i17 %tmp_675" [firmware/nnet_utils/nnet_mult.h:73->firmware/nnet_utils/nnet_dense_latency.h:42]   --->   Operation 1324 'sext' 'sext_ln73_1024' <Predicate = true> <Delay = 0.00>
ST_1 : Operation 1325 [1/1] (1.43ns)   --->   "%sub_ln73_627 = sub i20 %sext_ln73_1024, i20 %sext_ln73_1023" [firmware/nnet_utils/nnet_mult.h:73->firmware/nnet_utils/nnet_dense_latency.h:42]   --->   Operation 1325 'sub' 'sub_ln73_627' <Predicate = true> <Delay = 1.43> <CoreInst = "Adder">   --->   Core 1 'Adder' <Latency = 0> <II = 1> <Delay = 1.43> <FuncUnit> <Opcode : 'add' 'sub'> <InPorts = 2> <OutPorts = 1>
ST_1 : Operation 1326 [1/1] (0.00ns)   --->   "%mult_1097 = partselect i13 @_ssdm_op_PartSelect.i13.i20.i32.i32, i20 %sub_ln73_627, i32 7, i32 19" [firmware/nnet_utils/nnet_dense_latency.h:42]   --->   Operation 1326 'partselect' 'mult_1097' <Predicate = true> <Delay = 0.00>
ST_1 : Operation 1327 [1/1] (0.00ns)   --->   "%sext_ln17_510 = sext i13 %mult_1097" [firmware/nnet_utils/nnet_dense_latency.h:17]   --->   Operation 1327 'sext' 'sext_ln17_510' <Predicate = true> <Delay = 0.00>
ST_1 : Operation 1328 [1/1] (0.00ns)   --->   "%mult_1098 = partselect i12 @_ssdm_op_PartSelect.i12.i16.i32.i32, i16 %a_210, i32 4, i32 15" [firmware/nnet_utils/nnet_dense_latency.h:42]   --->   Operation 1328 'partselect' 'mult_1098' <Predicate = true> <Delay = 0.00>
ST_1 : Operation 1329 [1/1] (0.00ns)   --->   "%sext_ln17_511 = sext i12 %mult_1098" [firmware/nnet_utils/nnet_dense_latency.h:17]   --->   Operation 1329 'sext' 'sext_ln17_511' <Predicate = true> <Delay = 0.00>
ST_1 : Operation 1330 [1/1] (0.00ns)   --->   "%a_211 = load i16 %p_ZZN4nnet24compute_output_buffer_2dINS_5arrayI8ap_fixedILi16ELi6EL9ap_q_mode5EL9_291"   --->   Operation 1330 'load' 'a_211' <Predicate = true> <Delay = 0.00>
ST_1 : Operation 1331 [1/1] (0.00ns)   --->   "%sext_ln42_486 = sext i16 %a_211" [firmware/nnet_utils/nnet_dense_latency.h:42]   --->   Operation 1331 'sext' 'sext_ln42_486' <Predicate = true> <Delay = 0.00>
ST_1 : Operation 1332 [1/1] (0.00ns)   --->   "%sext_ln73_581 = sext i16 %a_211" [firmware/nnet_utils/nnet_mult.h:73->firmware/nnet_utils/nnet_dense_latency.h:42]   --->   Operation 1332 'sext' 'sext_ln73_581' <Predicate = true> <Delay = 0.00>
ST_1 : Operation 1333 [1/1] (0.00ns)   --->   "%sext_ln73_582 = sext i16 %a_211" [firmware/nnet_utils/nnet_mult.h:73->firmware/nnet_utils/nnet_dense_latency.h:42]   --->   Operation 1333 'sext' 'sext_ln73_582' <Predicate = true> <Delay = 0.00>
ST_1 : Operation 1334 [1/1] (0.00ns)   --->   "%tmp_677 = bitconcatenate i21 @_ssdm_op_BitConcatenate.i21.i16.i5, i16 %a_211, i5 0" [firmware/nnet_utils/nnet_mult.h:73->firmware/nnet_utils/nnet_dense_latency.h:42]   --->   Operation 1334 'bitconcatenate' 'tmp_677' <Predicate = true> <Delay = 0.00>
ST_1 : Operation 1335 [1/1] (0.00ns)   --->   "%sext_ln73_1025 = sext i21 %tmp_677" [firmware/nnet_utils/nnet_mult.h:73->firmware/nnet_utils/nnet_dense_latency.h:42]   --->   Operation 1335 'sext' 'sext_ln73_1025' <Predicate = true> <Delay = 0.00>
ST_1 : Operation 1336 [1/1] (0.00ns)   --->   "%tmp_678 = bitconcatenate i19 @_ssdm_op_BitConcatenate.i19.i16.i3, i16 %a_211, i3 0" [firmware/nnet_utils/nnet_mult.h:73->firmware/nnet_utils/nnet_dense_latency.h:42]   --->   Operation 1336 'bitconcatenate' 'tmp_678' <Predicate = true> <Delay = 0.00>
ST_1 : Operation 1337 [1/1] (0.00ns)   --->   "%sext_ln73_1026 = sext i19 %tmp_678" [firmware/nnet_utils/nnet_mult.h:73->firmware/nnet_utils/nnet_dense_latency.h:42]   --->   Operation 1337 'sext' 'sext_ln73_1026' <Predicate = true> <Delay = 0.00>
ST_1 : Operation 1338 [1/1] (1.43ns)   --->   "%add_ln73_131 = add i23 %sext_ln73_1025, i23 %sext_ln73_1026" [firmware/nnet_utils/nnet_mult.h:73->firmware/nnet_utils/nnet_dense_latency.h:42]   --->   Operation 1338 'add' 'add_ln73_131' <Predicate = true> <Delay = 1.43> <CoreInst = "Adder">   --->   Core 1 'Adder' <Latency = 0> <II = 1> <Delay = 1.43> <FuncUnit> <Opcode : 'add' 'sub'> <InPorts = 2> <OutPorts = 1>
ST_1 : Operation 1339 [1/1] (0.00ns)   --->   "%mult_1099 = partselect i16 @_ssdm_op_PartSelect.i16.i23.i32.i32, i23 %add_ln73_131, i32 7, i32 22" [firmware/nnet_utils/nnet_dense_latency.h:42]   --->   Operation 1339 'partselect' 'mult_1099' <Predicate = true> <Delay = 0.00>
ST_1 : Operation 1340 [1/1] (0.00ns)   --->   "%tmp_679 = bitconcatenate i17 @_ssdm_op_BitConcatenate.i17.i16.i1, i16 %a_211, i1 0" [firmware/nnet_utils/nnet_mult.h:73->firmware/nnet_utils/nnet_dense_latency.h:42]   --->   Operation 1340 'bitconcatenate' 'tmp_679' <Predicate = true> <Delay = 0.00>
ST_1 : Operation 1341 [1/1] (0.00ns)   --->   "%sext_ln73_1027 = sext i17 %tmp_679" [firmware/nnet_utils/nnet_mult.h:73->firmware/nnet_utils/nnet_dense_latency.h:42]   --->   Operation 1341 'sext' 'sext_ln73_1027' <Predicate = true> <Delay = 0.00>
ST_1 : Operation 1342 [1/1] (1.43ns)   --->   "%add_ln73_132 = add i23 %sext_ln73_1025, i23 %sext_ln73_1027" [firmware/nnet_utils/nnet_mult.h:73->firmware/nnet_utils/nnet_dense_latency.h:42]   --->   Operation 1342 'add' 'add_ln73_132' <Predicate = true> <Delay = 1.43> <CoreInst = "Adder">   --->   Core 1 'Adder' <Latency = 0> <II = 1> <Delay = 1.43> <FuncUnit> <Opcode : 'add' 'sub'> <InPorts = 2> <OutPorts = 1>
ST_1 : Operation 1343 [1/1] (0.00ns)   --->   "%mult_1100 = partselect i16 @_ssdm_op_PartSelect.i16.i23.i32.i32, i23 %add_ln73_132, i32 7, i32 22" [firmware/nnet_utils/nnet_dense_latency.h:42]   --->   Operation 1343 'partselect' 'mult_1100' <Predicate = true> <Delay = 0.00>
ST_1 : Operation 1344 [1/1] (3.57ns)   --->   "%mul_ln73_442 = mul i23 %sext_ln42_486, i23 41" [firmware/nnet_utils/nnet_mult.h:73->firmware/nnet_utils/nnet_dense_latency.h:42]   --->   Operation 1344 'mul' 'mul_ln73_442' <Predicate = true> <Delay = 3.57> <CoreInst = "Multiplier">   --->   Core 3 'Multiplier' <Latency = 0> <II = 1> <Delay = 3.57> <FuncUnit> <Opcode : 'mul'> <InPorts = 2> <OutPorts = 1>
ST_1 : Operation 1345 [1/1] (0.00ns)   --->   "%mult_1101 = partselect i16 @_ssdm_op_PartSelect.i16.i23.i32.i32, i23 %mul_ln73_442, i32 7, i32 22" [firmware/nnet_utils/nnet_dense_latency.h:42]   --->   Operation 1345 'partselect' 'mult_1101' <Predicate = true> <Delay = 0.00>
ST_1 : Operation 1346 [1/1] (0.00ns)   --->   "%sext_ln73_1028 = sext i19 %tmp_678" [firmware/nnet_utils/nnet_mult.h:73->firmware/nnet_utils/nnet_dense_latency.h:42]   --->   Operation 1346 'sext' 'sext_ln73_1028' <Predicate = true> <Delay = 0.00>
ST_1 : Operation 1347 [1/1] (1.43ns)   --->   "%add_ln73_133 = add i21 %sext_ln73_1028, i21 %sext_ln73_582" [firmware/nnet_utils/nnet_mult.h:73->firmware/nnet_utils/nnet_dense_latency.h:42]   --->   Operation 1347 'add' 'add_ln73_133' <Predicate = true> <Delay = 1.43> <CoreInst = "Adder">   --->   Core 1 'Adder' <Latency = 0> <II = 1> <Delay = 1.43> <FuncUnit> <Opcode : 'add' 'sub'> <InPorts = 2> <OutPorts = 1>
ST_1 : Operation 1348 [1/1] (0.00ns)   --->   "%mult_1102 = partselect i14 @_ssdm_op_PartSelect.i14.i21.i32.i32, i21 %add_ln73_133, i32 7, i32 20" [firmware/nnet_utils/nnet_dense_latency.h:42]   --->   Operation 1348 'partselect' 'mult_1102' <Predicate = true> <Delay = 0.00>
ST_1 : Operation 1349 [1/1] (0.00ns)   --->   "%sext_ln17_512 = sext i14 %mult_1102" [firmware/nnet_utils/nnet_dense_latency.h:17]   --->   Operation 1349 'sext' 'sext_ln17_512' <Predicate = true> <Delay = 0.00>
ST_1 : Operation 1350 [1/1] (0.00ns) (grouped into TernaryAdder)   --->   "%sub_ln73_628 = sub i21 0, i21 %sext_ln73_1028" [firmware/nnet_utils/nnet_mult.h:73->firmware/nnet_utils/nnet_dense_latency.h:42]   --->   Operation 1350 'sub' 'sub_ln73_628' <Predicate = true> <Delay = 0.00> <CoreInst = "TAddSub">   --->   Core 10 'TAddSub' <Latency = 0> <II = 1> <Delay = 0.49> <IPBlock> <Opcode : 'add' 'sub'> <InPorts = 3> <OutPorts = 1> <Sync> <CReg>
ST_1 : Operation 1351 [1/1] (0.00ns)   --->   "%sext_ln73_1029 = sext i17 %tmp_679" [firmware/nnet_utils/nnet_mult.h:73->firmware/nnet_utils/nnet_dense_latency.h:42]   --->   Operation 1351 'sext' 'sext_ln73_1029' <Predicate = true> <Delay = 0.00>
ST_1 : Operation 1352 [1/1] (1.02ns) (root node of TernaryAdder)   --->   "%sub_ln73_629 = sub i21 %sub_ln73_628, i21 %sext_ln73_1029" [firmware/nnet_utils/nnet_mult.h:73->firmware/nnet_utils/nnet_dense_latency.h:42]   --->   Operation 1352 'sub' 'sub_ln73_629' <Predicate = true> <Delay = 1.02> <CoreInst = "TAddSub">   --->   Core 10 'TAddSub' <Latency = 0> <II = 1> <Delay = 0.49> <IPBlock> <Opcode : 'add' 'sub'> <InPorts = 3> <OutPorts = 1> <Sync> <CReg>
ST_1 : Operation 1353 [1/1] (0.00ns)   --->   "%mult_1103 = partselect i14 @_ssdm_op_PartSelect.i14.i21.i32.i32, i21 %sub_ln73_629, i32 7, i32 20" [firmware/nnet_utils/nnet_dense_latency.h:42]   --->   Operation 1353 'partselect' 'mult_1103' <Predicate = true> <Delay = 0.00>
ST_1 : Operation 1354 [1/1] (3.57ns)   --->   "%mul_ln73_443 = mul i22 %sext_ln73_581, i22 25" [firmware/nnet_utils/nnet_mult.h:73->firmware/nnet_utils/nnet_dense_latency.h:42]   --->   Operation 1354 'mul' 'mul_ln73_443' <Predicate = true> <Delay = 3.57> <CoreInst = "Multiplier">   --->   Core 3 'Multiplier' <Latency = 0> <II = 1> <Delay = 3.57> <FuncUnit> <Opcode : 'mul'> <InPorts = 2> <OutPorts = 1>
ST_1 : Operation 1355 [1/1] (0.00ns)   --->   "%mult_1104 = partselect i15 @_ssdm_op_PartSelect.i15.i22.i32.i32, i22 %mul_ln73_443, i32 7, i32 21" [firmware/nnet_utils/nnet_dense_latency.h:42]   --->   Operation 1355 'partselect' 'mult_1104' <Predicate = true> <Delay = 0.00>
ST_1 : Operation 1356 [1/1] (0.00ns)   --->   "%sext_ln73_1030 = sext i19 %tmp_678" [firmware/nnet_utils/nnet_mult.h:73->firmware/nnet_utils/nnet_dense_latency.h:42]   --->   Operation 1356 'sext' 'sext_ln73_1030' <Predicate = true> <Delay = 0.00>
ST_1 : Operation 1357 [1/1] (1.43ns)   --->   "%sub_ln73_630 = sub i20 0, i20 %sext_ln73_1030" [firmware/nnet_utils/nnet_mult.h:73->firmware/nnet_utils/nnet_dense_latency.h:42]   --->   Operation 1357 'sub' 'sub_ln73_630' <Predicate = true> <Delay = 1.43> <CoreInst = "Adder">   --->   Core 1 'Adder' <Latency = 0> <II = 1> <Delay = 1.43> <FuncUnit> <Opcode : 'add' 'sub'> <InPorts = 2> <OutPorts = 1>
ST_1 : Operation 1358 [1/1] (0.00ns)   --->   "%mult_1105 = partselect i13 @_ssdm_op_PartSelect.i13.i20.i32.i32, i20 %sub_ln73_630, i32 7, i32 19" [firmware/nnet_utils/nnet_dense_latency.h:42]   --->   Operation 1358 'partselect' 'mult_1105' <Predicate = true> <Delay = 0.00>
ST_1 : Operation 1359 [1/1] (0.00ns)   --->   "%sext_ln17_513 = sext i13 %mult_1105" [firmware/nnet_utils/nnet_dense_latency.h:17]   --->   Operation 1359 'sext' 'sext_ln17_513' <Predicate = true> <Delay = 0.00>
ST_1 : Operation 1360 [1/1] (3.57ns)   --->   "%mul_ln42_91 = mul i23 %sext_ln42_486, i23 77" [firmware/nnet_utils/nnet_dense_latency.h:42]   --->   Operation 1360 'mul' 'mul_ln42_91' <Predicate = true> <Delay = 3.57> <CoreInst = "Multiplier">   --->   Core 3 'Multiplier' <Latency = 0> <II = 1> <Delay = 3.57> <FuncUnit> <Opcode : 'mul'> <InPorts = 2> <OutPorts = 1>
ST_1 : Operation 1361 [1/1] (0.00ns)   --->   "%mult_1106 = partselect i16 @_ssdm_op_PartSelect.i16.i23.i32.i32, i23 %mul_ln42_91, i32 7, i32 22" [firmware/nnet_utils/nnet_dense_latency.h:42]   --->   Operation 1361 'partselect' 'mult_1106' <Predicate = true> <Delay = 0.00>
ST_1 : Operation 1362 [1/1] (0.00ns)   --->   "%a_212 = load i16 %p_ZZN4nnet24compute_output_buffer_2dINS_5arrayI8ap_fixedILi16ELi6EL9ap_q_mode5EL9_292"   --->   Operation 1362 'load' 'a_212' <Predicate = true> <Delay = 0.00>
ST_1 : Operation 1363 [1/1] (0.00ns)   --->   "%sext_ln73_583 = sext i16 %a_212" [firmware/nnet_utils/nnet_mult.h:73->firmware/nnet_utils/nnet_dense_latency.h:42]   --->   Operation 1363 'sext' 'sext_ln73_583' <Predicate = true> <Delay = 0.00>
ST_1 : Operation 1364 [1/1] (0.00ns)   --->   "%sext_ln73_585 = sext i16 %a_212" [firmware/nnet_utils/nnet_mult.h:73->firmware/nnet_utils/nnet_dense_latency.h:42]   --->   Operation 1364 'sext' 'sext_ln73_585' <Predicate = true> <Delay = 0.00>
ST_1 : Operation 1365 [1/1] (0.00ns)   --->   "%sext_ln73_586 = sext i16 %a_212" [firmware/nnet_utils/nnet_mult.h:73->firmware/nnet_utils/nnet_dense_latency.h:42]   --->   Operation 1365 'sext' 'sext_ln73_586' <Predicate = true> <Delay = 0.00>
ST_1 : Operation 1366 [1/1] (0.00ns)   --->   "%tmp_682 = bitconcatenate i18 @_ssdm_op_BitConcatenate.i18.i16.i2, i16 %a_212, i2 0" [firmware/nnet_utils/nnet_mult.h:73->firmware/nnet_utils/nnet_dense_latency.h:42]   --->   Operation 1366 'bitconcatenate' 'tmp_682' <Predicate = true> <Delay = 0.00>
ST_1 : Operation 1367 [1/1] (3.57ns)   --->   "%mul_ln73_444 = mul i22 %sext_ln73_585, i22 21" [firmware/nnet_utils/nnet_mult.h:73->firmware/nnet_utils/nnet_dense_latency.h:42]   --->   Operation 1367 'mul' 'mul_ln73_444' <Predicate = true> <Delay = 3.57> <CoreInst = "Multiplier">   --->   Core 3 'Multiplier' <Latency = 0> <II = 1> <Delay = 3.57> <FuncUnit> <Opcode : 'mul'> <InPorts = 2> <OutPorts = 1>
ST_1 : Operation 1368 [1/1] (0.00ns)   --->   "%mult_1110 = partselect i15 @_ssdm_op_PartSelect.i15.i22.i32.i32, i22 %mul_ln73_444, i32 7, i32 21" [firmware/nnet_utils/nnet_dense_latency.h:42]   --->   Operation 1368 'partselect' 'mult_1110' <Predicate = true> <Delay = 0.00>
ST_1 : Operation 1369 [1/1] (0.00ns)   --->   "%sext_ln73_1037 = sext i18 %tmp_682" [firmware/nnet_utils/nnet_mult.h:73->firmware/nnet_utils/nnet_dense_latency.h:42]   --->   Operation 1369 'sext' 'sext_ln73_1037' <Predicate = true> <Delay = 0.00>
ST_1 : Operation 1370 [1/1] (0.00ns) (grouped into TernaryAdder)   --->   "%sub_ln73_635 = sub i20 0, i20 %sext_ln73_1037" [firmware/nnet_utils/nnet_mult.h:73->firmware/nnet_utils/nnet_dense_latency.h:42]   --->   Operation 1370 'sub' 'sub_ln73_635' <Predicate = true> <Delay = 0.00> <CoreInst = "TAddSub">   --->   Core 10 'TAddSub' <Latency = 0> <II = 1> <Delay = 0.49> <IPBlock> <Opcode : 'add' 'sub'> <InPorts = 3> <OutPorts = 1> <Sync> <CReg>
ST_1 : Operation 1371 [1/1] (1.01ns) (root node of TernaryAdder)   --->   "%sub_ln73_636 = sub i20 %sub_ln73_635, i20 %sext_ln73_583" [firmware/nnet_utils/nnet_mult.h:73->firmware/nnet_utils/nnet_dense_latency.h:42]   --->   Operation 1371 'sub' 'sub_ln73_636' <Predicate = true> <Delay = 1.01> <CoreInst = "TAddSub">   --->   Core 10 'TAddSub' <Latency = 0> <II = 1> <Delay = 0.49> <IPBlock> <Opcode : 'add' 'sub'> <InPorts = 3> <OutPorts = 1> <Sync> <CReg>
ST_1 : Operation 1372 [1/1] (0.00ns)   --->   "%mult_1111 = partselect i13 @_ssdm_op_PartSelect.i13.i20.i32.i32, i20 %sub_ln73_636, i32 7, i32 19" [firmware/nnet_utils/nnet_dense_latency.h:42]   --->   Operation 1372 'partselect' 'mult_1111' <Predicate = true> <Delay = 0.00>
ST_1 : Operation 1373 [1/1] (0.00ns)   --->   "%sext_ln17_514 = sext i13 %mult_1111" [firmware/nnet_utils/nnet_dense_latency.h:17]   --->   Operation 1373 'sext' 'sext_ln17_514' <Predicate = true> <Delay = 0.00>
ST_1 : Operation 1374 [1/1] (3.57ns)   --->   "%mul_ln73_445 = mul i23 %sext_ln73_586, i23 8388570" [firmware/nnet_utils/nnet_mult.h:73->firmware/nnet_utils/nnet_dense_latency.h:42]   --->   Operation 1374 'mul' 'mul_ln73_445' <Predicate = true> <Delay = 3.57> <CoreInst = "Multiplier">   --->   Core 3 'Multiplier' <Latency = 0> <II = 1> <Delay = 3.57> <FuncUnit> <Opcode : 'mul'> <InPorts = 2> <OutPorts = 1>
ST_1 : Operation 1375 [1/1] (0.00ns)   --->   "%mult_1112 = partselect i16 @_ssdm_op_PartSelect.i16.i23.i32.i32, i23 %mul_ln73_445, i32 7, i32 22" [firmware/nnet_utils/nnet_dense_latency.h:42]   --->   Operation 1375 'partselect' 'mult_1112' <Predicate = true> <Delay = 0.00>
ST_1 : Operation 1376 [1/1] (0.00ns)   --->   "%a_213 = load i16 %p_ZZN4nnet24compute_output_buffer_2dINS_5arrayI8ap_fixedILi16ELi6EL9ap_q_mode5EL9_293"   --->   Operation 1376 'load' 'a_213' <Predicate = true> <Delay = 0.00>
ST_1 : Operation 1377 [1/1] (0.00ns)   --->   "%sext_ln73_587 = sext i16 %a_213" [firmware/nnet_utils/nnet_mult.h:73->firmware/nnet_utils/nnet_dense_latency.h:42]   --->   Operation 1377 'sext' 'sext_ln73_587' <Predicate = true> <Delay = 0.00>
ST_1 : Operation 1378 [1/1] (0.00ns)   --->   "%sext_ln73_589 = sext i16 %a_213" [firmware/nnet_utils/nnet_mult.h:73->firmware/nnet_utils/nnet_dense_latency.h:42]   --->   Operation 1378 'sext' 'sext_ln73_589' <Predicate = true> <Delay = 0.00>
ST_1 : Operation 1379 [1/1] (0.00ns)   --->   "%sext_ln73_590 = sext i16 %a_213" [firmware/nnet_utils/nnet_mult.h:73->firmware/nnet_utils/nnet_dense_latency.h:42]   --->   Operation 1379 'sext' 'sext_ln73_590' <Predicate = true> <Delay = 0.00>
ST_1 : Operation 1380 [1/1] (0.00ns)   --->   "%sext_ln73_591 = sext i16 %a_213" [firmware/nnet_utils/nnet_mult.h:73->firmware/nnet_utils/nnet_dense_latency.h:42]   --->   Operation 1380 'sext' 'sext_ln73_591' <Predicate = true> <Delay = 0.00>
ST_1 : Operation 1381 [1/1] (1.41ns)   --->   "%sub_ln73_16 = sub i17 0, i17 %sext_ln73_591" [firmware/nnet_utils/nnet_mult.h:73->firmware/nnet_utils/nnet_dense_latency.h:42]   --->   Operation 1381 'sub' 'sub_ln73_16' <Predicate = true> <Delay = 1.41> <CoreInst = "Adder">   --->   Core 1 'Adder' <Latency = 0> <II = 1> <Delay = 1.41> <FuncUnit> <Opcode : 'add' 'sub'> <InPorts = 2> <OutPorts = 1>
ST_1 : Operation 1382 [1/1] (0.00ns)   --->   "%mult_1114 = partselect i10 @_ssdm_op_PartSelect.i10.i17.i32.i32, i17 %sub_ln73_16, i32 7, i32 16" [firmware/nnet_utils/nnet_dense_latency.h:42]   --->   Operation 1382 'partselect' 'mult_1114' <Predicate = true> <Delay = 0.00>
ST_1 : Operation 1383 [1/1] (0.00ns)   --->   "%sext_ln17_515 = sext i10 %mult_1114" [firmware/nnet_utils/nnet_dense_latency.h:17]   --->   Operation 1383 'sext' 'sext_ln17_515' <Predicate = true> <Delay = 0.00>
ST_1 : Operation 1384 [1/1] (3.57ns)   --->   "%mul_ln73_446 = mul i22 %sext_ln73_590, i22 23" [firmware/nnet_utils/nnet_mult.h:73->firmware/nnet_utils/nnet_dense_latency.h:42]   --->   Operation 1384 'mul' 'mul_ln73_446' <Predicate = true> <Delay = 3.57> <CoreInst = "Multiplier">   --->   Core 3 'Multiplier' <Latency = 0> <II = 1> <Delay = 3.57> <FuncUnit> <Opcode : 'mul'> <InPorts = 2> <OutPorts = 1>
ST_1 : Operation 1385 [1/1] (0.00ns)   --->   "%mult_1115 = partselect i15 @_ssdm_op_PartSelect.i15.i22.i32.i32, i22 %mul_ln73_446, i32 7, i32 21" [firmware/nnet_utils/nnet_dense_latency.h:42]   --->   Operation 1385 'partselect' 'mult_1115' <Predicate = true> <Delay = 0.00>
ST_1 : Operation 1386 [1/1] (3.57ns)   --->   "%mul_ln73_447 = mul i22 %sext_ln73_590, i22 4194281" [firmware/nnet_utils/nnet_mult.h:73->firmware/nnet_utils/nnet_dense_latency.h:42]   --->   Operation 1386 'mul' 'mul_ln73_447' <Predicate = true> <Delay = 3.57> <CoreInst = "Multiplier">   --->   Core 3 'Multiplier' <Latency = 0> <II = 1> <Delay = 3.57> <FuncUnit> <Opcode : 'mul'> <InPorts = 2> <OutPorts = 1>
ST_1 : Operation 1387 [1/1] (0.00ns)   --->   "%mult_1116 = partselect i15 @_ssdm_op_PartSelect.i15.i22.i32.i32, i22 %mul_ln73_447, i32 7, i32 21" [firmware/nnet_utils/nnet_dense_latency.h:42]   --->   Operation 1387 'partselect' 'mult_1116' <Predicate = true> <Delay = 0.00>
ST_1 : Operation 1388 [1/1] (3.57ns)   --->   "%mul_ln73_448 = mul i23 %sext_ln73_589, i23 8388569" [firmware/nnet_utils/nnet_mult.h:73->firmware/nnet_utils/nnet_dense_latency.h:42]   --->   Operation 1388 'mul' 'mul_ln73_448' <Predicate = true> <Delay = 3.57> <CoreInst = "Multiplier">   --->   Core 3 'Multiplier' <Latency = 0> <II = 1> <Delay = 3.57> <FuncUnit> <Opcode : 'mul'> <InPorts = 2> <OutPorts = 1>
ST_1 : Operation 1389 [1/1] (0.00ns)   --->   "%mult_1117 = partselect i16 @_ssdm_op_PartSelect.i16.i23.i32.i32, i23 %mul_ln73_448, i32 7, i32 22" [firmware/nnet_utils/nnet_dense_latency.h:42]   --->   Operation 1389 'partselect' 'mult_1117' <Predicate = true> <Delay = 0.00>
ST_1 : Operation 1390 [1/1] (0.00ns)   --->   "%tmp_684 = bitconcatenate i19 @_ssdm_op_BitConcatenate.i19.i16.i3, i16 %a_213, i3 0" [firmware/nnet_utils/nnet_mult.h:73->firmware/nnet_utils/nnet_dense_latency.h:42]   --->   Operation 1390 'bitconcatenate' 'tmp_684' <Predicate = true> <Delay = 0.00>
ST_1 : Operation 1391 [1/1] (0.00ns)   --->   "%sext_ln73_1039 = sext i19 %tmp_684" [firmware/nnet_utils/nnet_mult.h:73->firmware/nnet_utils/nnet_dense_latency.h:42]   --->   Operation 1391 'sext' 'sext_ln73_1039' <Predicate = true> <Delay = 0.00>
ST_1 : Operation 1392 [1/1] (0.00ns) (grouped into TernaryAdder)   --->   "%sub_ln73_637 = sub i21 0, i21 %sext_ln73_1039" [firmware/nnet_utils/nnet_mult.h:73->firmware/nnet_utils/nnet_dense_latency.h:42]   --->   Operation 1392 'sub' 'sub_ln73_637' <Predicate = true> <Delay = 0.00> <CoreInst = "TAddSub">   --->   Core 10 'TAddSub' <Latency = 0> <II = 1> <Delay = 0.49> <IPBlock> <Opcode : 'add' 'sub'> <InPorts = 3> <OutPorts = 1> <Sync> <CReg>
ST_1 : Operation 1393 [1/1] (0.00ns)   --->   "%tmp_685 = bitconcatenate i17 @_ssdm_op_BitConcatenate.i17.i16.i1, i16 %a_213, i1 0" [firmware/nnet_utils/nnet_mult.h:73->firmware/nnet_utils/nnet_dense_latency.h:42]   --->   Operation 1393 'bitconcatenate' 'tmp_685' <Predicate = true> <Delay = 0.00>
ST_1 : Operation 1394 [1/1] (0.00ns)   --->   "%sext_ln73_1040 = sext i17 %tmp_685" [firmware/nnet_utils/nnet_mult.h:73->firmware/nnet_utils/nnet_dense_latency.h:42]   --->   Operation 1394 'sext' 'sext_ln73_1040' <Predicate = true> <Delay = 0.00>
ST_1 : Operation 1395 [1/1] (1.02ns) (root node of TernaryAdder)   --->   "%sub_ln73_638 = sub i21 %sub_ln73_637, i21 %sext_ln73_1040" [firmware/nnet_utils/nnet_mult.h:73->firmware/nnet_utils/nnet_dense_latency.h:42]   --->   Operation 1395 'sub' 'sub_ln73_638' <Predicate = true> <Delay = 1.02> <CoreInst = "TAddSub">   --->   Core 10 'TAddSub' <Latency = 0> <II = 1> <Delay = 0.49> <IPBlock> <Opcode : 'add' 'sub'> <InPorts = 3> <OutPorts = 1> <Sync> <CReg>
ST_1 : Operation 1396 [1/1] (0.00ns)   --->   "%mult_1118 = partselect i14 @_ssdm_op_PartSelect.i14.i21.i32.i32, i21 %sub_ln73_638, i32 7, i32 20" [firmware/nnet_utils/nnet_dense_latency.h:42]   --->   Operation 1396 'partselect' 'mult_1118' <Predicate = true> <Delay = 0.00>
ST_1 : Operation 1397 [1/1] (0.00ns)   --->   "%sext_ln17_516 = sext i14 %mult_1118" [firmware/nnet_utils/nnet_dense_latency.h:17]   --->   Operation 1397 'sext' 'sext_ln17_516' <Predicate = true> <Delay = 0.00>
ST_1 : Operation 1398 [1/1] (0.00ns)   --->   "%tmp_686 = bitconcatenate i21 @_ssdm_op_BitConcatenate.i21.i16.i5, i16 %a_213, i5 0" [firmware/nnet_utils/nnet_mult.h:73->firmware/nnet_utils/nnet_dense_latency.h:42]   --->   Operation 1398 'bitconcatenate' 'tmp_686' <Predicate = true> <Delay = 0.00>
ST_1 : Operation 1399 [1/1] (0.00ns)   --->   "%sext_ln73_1041 = sext i21 %tmp_686" [firmware/nnet_utils/nnet_mult.h:73->firmware/nnet_utils/nnet_dense_latency.h:42]   --->   Operation 1399 'sext' 'sext_ln73_1041' <Predicate = true> <Delay = 0.00>
ST_1 : Operation 1400 [1/1] (1.43ns)   --->   "%sub_ln73_639 = sub i22 %sext_ln73_590, i22 %sext_ln73_1041" [firmware/nnet_utils/nnet_mult.h:73->firmware/nnet_utils/nnet_dense_latency.h:42]   --->   Operation 1400 'sub' 'sub_ln73_639' <Predicate = true> <Delay = 1.43> <CoreInst = "Adder">   --->   Core 1 'Adder' <Latency = 0> <II = 1> <Delay = 1.43> <FuncUnit> <Opcode : 'add' 'sub'> <InPorts = 2> <OutPorts = 1>
ST_1 : Operation 1401 [1/1] (0.00ns)   --->   "%mult_1119 = partselect i15 @_ssdm_op_PartSelect.i15.i22.i32.i32, i22 %sub_ln73_639, i32 7, i32 21" [firmware/nnet_utils/nnet_dense_latency.h:42]   --->   Operation 1401 'partselect' 'mult_1119' <Predicate = true> <Delay = 0.00>
ST_1 : Operation 1402 [1/1] (0.00ns)   --->   "%sext_ln73_1042 = sext i19 %tmp_684" [firmware/nnet_utils/nnet_mult.h:73->firmware/nnet_utils/nnet_dense_latency.h:42]   --->   Operation 1402 'sext' 'sext_ln73_1042' <Predicate = true> <Delay = 0.00>
ST_1 : Operation 1403 [1/1] (1.43ns)   --->   "%sub_ln73_640 = sub i20 %sext_ln73_587, i20 %sext_ln73_1042" [firmware/nnet_utils/nnet_mult.h:73->firmware/nnet_utils/nnet_dense_latency.h:42]   --->   Operation 1403 'sub' 'sub_ln73_640' <Predicate = true> <Delay = 1.43> <CoreInst = "Adder">   --->   Core 1 'Adder' <Latency = 0> <II = 1> <Delay = 1.43> <FuncUnit> <Opcode : 'add' 'sub'> <InPorts = 2> <OutPorts = 1>
ST_1 : Operation 1404 [1/1] (0.00ns)   --->   "%mult_1120 = partselect i13 @_ssdm_op_PartSelect.i13.i20.i32.i32, i20 %sub_ln73_640, i32 7, i32 19" [firmware/nnet_utils/nnet_dense_latency.h:42]   --->   Operation 1404 'partselect' 'mult_1120' <Predicate = true> <Delay = 0.00>
ST_1 : Operation 1405 [1/1] (3.57ns)   --->   "%mul_ln73_449 = mul i23 %sext_ln73_589, i23 42" [firmware/nnet_utils/nnet_mult.h:73->firmware/nnet_utils/nnet_dense_latency.h:42]   --->   Operation 1405 'mul' 'mul_ln73_449' <Predicate = true> <Delay = 3.57> <CoreInst = "Multiplier">   --->   Core 3 'Multiplier' <Latency = 0> <II = 1> <Delay = 3.57> <FuncUnit> <Opcode : 'mul'> <InPorts = 2> <OutPorts = 1>
ST_1 : Operation 1406 [1/1] (0.00ns)   --->   "%mult_1121 = partselect i16 @_ssdm_op_PartSelect.i16.i23.i32.i32, i23 %mul_ln73_449, i32 7, i32 22" [firmware/nnet_utils/nnet_dense_latency.h:42]   --->   Operation 1406 'partselect' 'mult_1121' <Predicate = true> <Delay = 0.00>
ST_1 : Operation 1407 [1/1] (0.00ns)   --->   "%a_214 = load i16 %p_ZZN4nnet24compute_output_buffer_2dINS_5arrayI8ap_fixedILi16ELi6EL9ap_q_mode5EL9_294"   --->   Operation 1407 'load' 'a_214' <Predicate = true> <Delay = 0.00>
ST_1 : Operation 1408 [1/1] (0.00ns)   --->   "%sext_ln42_496 = sext i16 %a_214" [firmware/nnet_utils/nnet_dense_latency.h:42]   --->   Operation 1408 'sext' 'sext_ln42_496' <Predicate = true> <Delay = 0.00>
ST_1 : Operation 1409 [1/1] (0.00ns)   --->   "%sext_ln73_592 = sext i16 %a_214" [firmware/nnet_utils/nnet_mult.h:73->firmware/nnet_utils/nnet_dense_latency.h:42]   --->   Operation 1409 'sext' 'sext_ln73_592' <Predicate = true> <Delay = 0.00>
ST_1 : Operation 1410 [1/1] (0.00ns)   --->   "%sext_ln73_593 = sext i16 %a_214" [firmware/nnet_utils/nnet_mult.h:73->firmware/nnet_utils/nnet_dense_latency.h:42]   --->   Operation 1410 'sext' 'sext_ln73_593' <Predicate = true> <Delay = 0.00>
ST_1 : Operation 1411 [1/1] (1.41ns)   --->   "%sub_ln73_17 = sub i17 0, i17 %sext_ln73_593" [firmware/nnet_utils/nnet_mult.h:73->firmware/nnet_utils/nnet_dense_latency.h:42]   --->   Operation 1411 'sub' 'sub_ln73_17' <Predicate = true> <Delay = 1.41> <CoreInst = "Adder">   --->   Core 1 'Adder' <Latency = 0> <II = 1> <Delay = 1.41> <FuncUnit> <Opcode : 'add' 'sub'> <InPorts = 2> <OutPorts = 1>
ST_1 : Operation 1412 [1/1] (0.00ns)   --->   "%mult_1122 = partselect i10 @_ssdm_op_PartSelect.i10.i17.i32.i32, i17 %sub_ln73_17, i32 7, i32 16" [firmware/nnet_utils/nnet_dense_latency.h:42]   --->   Operation 1412 'partselect' 'mult_1122' <Predicate = true> <Delay = 0.00>
ST_1 : Operation 1413 [1/1] (0.00ns)   --->   "%sext_ln17_518 = sext i10 %mult_1122" [firmware/nnet_utils/nnet_dense_latency.h:17]   --->   Operation 1413 'sext' 'sext_ln17_518' <Predicate = true> <Delay = 0.00>
ST_1 : Operation 1414 [1/1] (3.57ns)   --->   "%mul_ln73_450 = mul i22 %sext_ln73_592, i22 26" [firmware/nnet_utils/nnet_mult.h:73->firmware/nnet_utils/nnet_dense_latency.h:42]   --->   Operation 1414 'mul' 'mul_ln73_450' <Predicate = true> <Delay = 3.57> <CoreInst = "Multiplier">   --->   Core 3 'Multiplier' <Latency = 0> <II = 1> <Delay = 3.57> <FuncUnit> <Opcode : 'mul'> <InPorts = 2> <OutPorts = 1>
ST_1 : Operation 1415 [1/1] (0.00ns)   --->   "%mult_1123 = partselect i15 @_ssdm_op_PartSelect.i15.i22.i32.i32, i22 %mul_ln73_450, i32 7, i32 21" [firmware/nnet_utils/nnet_dense_latency.h:42]   --->   Operation 1415 'partselect' 'mult_1123' <Predicate = true> <Delay = 0.00>
ST_1 : Operation 1416 [1/1] (0.00ns)   --->   "%mult_1124 = partselect i14 @_ssdm_op_PartSelect.i14.i16.i32.i32, i16 %a_214, i32 2, i32 15" [firmware/nnet_utils/nnet_dense_latency.h:42]   --->   Operation 1416 'partselect' 'mult_1124' <Predicate = true> <Delay = 0.00>
ST_1 : Operation 1417 [1/1] (0.00ns)   --->   "%sext_ln17_519 = sext i14 %mult_1124" [firmware/nnet_utils/nnet_dense_latency.h:17]   --->   Operation 1417 'sext' 'sext_ln17_519' <Predicate = true> <Delay = 0.00>
ST_1 : Operation 1418 [1/1] (3.57ns)   --->   "%mul_ln73_451 = mul i22 %sext_ln73_592, i22 4194275" [firmware/nnet_utils/nnet_mult.h:73->firmware/nnet_utils/nnet_dense_latency.h:42]   --->   Operation 1418 'mul' 'mul_ln73_451' <Predicate = true> <Delay = 3.57> <CoreInst = "Multiplier">   --->   Core 3 'Multiplier' <Latency = 0> <II = 1> <Delay = 3.57> <FuncUnit> <Opcode : 'mul'> <InPorts = 2> <OutPorts = 1>
ST_1 : Operation 1419 [1/1] (0.00ns)   --->   "%mult_1125 = partselect i15 @_ssdm_op_PartSelect.i15.i22.i32.i32, i22 %mul_ln73_451, i32 7, i32 21" [firmware/nnet_utils/nnet_dense_latency.h:42]   --->   Operation 1419 'partselect' 'mult_1125' <Predicate = true> <Delay = 0.00>
ST_1 : Operation 1420 [1/1] (3.57ns)   --->   "%mul_ln73_452 = mul i22 %sext_ln73_592, i22 4194285" [firmware/nnet_utils/nnet_mult.h:73->firmware/nnet_utils/nnet_dense_latency.h:42]   --->   Operation 1420 'mul' 'mul_ln73_452' <Predicate = true> <Delay = 3.57> <CoreInst = "Multiplier">   --->   Core 3 'Multiplier' <Latency = 0> <II = 1> <Delay = 3.57> <FuncUnit> <Opcode : 'mul'> <InPorts = 2> <OutPorts = 1>
ST_1 : Operation 1421 [1/1] (0.00ns)   --->   "%mult_1126 = partselect i15 @_ssdm_op_PartSelect.i15.i22.i32.i32, i22 %mul_ln73_452, i32 7, i32 21" [firmware/nnet_utils/nnet_dense_latency.h:42]   --->   Operation 1421 'partselect' 'mult_1126' <Predicate = true> <Delay = 0.00>
ST_1 : Operation 1422 [1/1] (3.57ns)   --->   "%mul_ln73_453 = mul i22 %sext_ln73_592, i22 25" [firmware/nnet_utils/nnet_mult.h:73->firmware/nnet_utils/nnet_dense_latency.h:42]   --->   Operation 1422 'mul' 'mul_ln73_453' <Predicate = true> <Delay = 3.57> <CoreInst = "Multiplier">   --->   Core 3 'Multiplier' <Latency = 0> <II = 1> <Delay = 3.57> <FuncUnit> <Opcode : 'mul'> <InPorts = 2> <OutPorts = 1>
ST_1 : Operation 1423 [1/1] (0.00ns)   --->   "%mult_1127 = partselect i15 @_ssdm_op_PartSelect.i15.i22.i32.i32, i22 %mul_ln73_453, i32 7, i32 21" [firmware/nnet_utils/nnet_dense_latency.h:42]   --->   Operation 1423 'partselect' 'mult_1127' <Predicate = true> <Delay = 0.00>
ST_1 : Operation 1424 [1/1] (3.57ns)   --->   "%mul_ln42_92 = mul i23 %sext_ln42_496, i23 102" [firmware/nnet_utils/nnet_dense_latency.h:42]   --->   Operation 1424 'mul' 'mul_ln42_92' <Predicate = true> <Delay = 3.57> <CoreInst = "Multiplier">   --->   Core 3 'Multiplier' <Latency = 0> <II = 1> <Delay = 3.57> <FuncUnit> <Opcode : 'mul'> <InPorts = 2> <OutPorts = 1>
ST_1 : Operation 1425 [1/1] (0.00ns)   --->   "%mult_1128 = partselect i16 @_ssdm_op_PartSelect.i16.i23.i32.i32, i23 %mul_ln42_92, i32 7, i32 22" [firmware/nnet_utils/nnet_dense_latency.h:42]   --->   Operation 1425 'partselect' 'mult_1128' <Predicate = true> <Delay = 0.00>
ST_1 : Operation 1426 [1/1] (0.00ns)   --->   "%a_215 = load i16 %p_ZZN4nnet24compute_output_buffer_2dINS_5arrayI8ap_fixedILi16ELi6EL9ap_q_mode5EL9_295"   --->   Operation 1426 'load' 'a_215' <Predicate = true> <Delay = 0.00>
ST_1 : Operation 1427 [1/1] (0.00ns)   --->   "%sext_ln73_594 = sext i16 %a_215" [firmware/nnet_utils/nnet_mult.h:73->firmware/nnet_utils/nnet_dense_latency.h:42]   --->   Operation 1427 'sext' 'sext_ln73_594' <Predicate = true> <Delay = 0.00>
ST_1 : Operation 1428 [1/1] (0.00ns)   --->   "%sext_ln73_595 = sext i16 %a_215" [firmware/nnet_utils/nnet_mult.h:73->firmware/nnet_utils/nnet_dense_latency.h:42]   --->   Operation 1428 'sext' 'sext_ln73_595' <Predicate = true> <Delay = 0.00>
ST_1 : Operation 1429 [1/1] (0.00ns)   --->   "%sext_ln73_596 = sext i16 %a_215" [firmware/nnet_utils/nnet_mult.h:73->firmware/nnet_utils/nnet_dense_latency.h:42]   --->   Operation 1429 'sext' 'sext_ln73_596' <Predicate = true> <Delay = 0.00>
ST_1 : Operation 1430 [1/1] (0.00ns)   --->   "%sext_ln73_597 = sext i16 %a_215" [firmware/nnet_utils/nnet_mult.h:73->firmware/nnet_utils/nnet_dense_latency.h:42]   --->   Operation 1430 'sext' 'sext_ln73_597' <Predicate = true> <Delay = 0.00>
ST_1 : Operation 1431 [1/1] (0.00ns)   --->   "%tmp_687 = bitconcatenate i20 @_ssdm_op_BitConcatenate.i20.i16.i4, i16 %a_215, i4 0" [firmware/nnet_utils/nnet_mult.h:73->firmware/nnet_utils/nnet_dense_latency.h:42]   --->   Operation 1431 'bitconcatenate' 'tmp_687' <Predicate = true> <Delay = 0.00>
ST_1 : Operation 1432 [1/1] (0.00ns)   --->   "%sext_ln73_1043 = sext i20 %tmp_687" [firmware/nnet_utils/nnet_mult.h:73->firmware/nnet_utils/nnet_dense_latency.h:42]   --->   Operation 1432 'sext' 'sext_ln73_1043' <Predicate = true> <Delay = 0.00>
ST_1 : Operation 1433 [1/1] (0.00ns)   --->   "%tmp_688 = bitconcatenate i17 @_ssdm_op_BitConcatenate.i17.i16.i1, i16 %a_215, i1 0" [firmware/nnet_utils/nnet_mult.h:73->firmware/nnet_utils/nnet_dense_latency.h:42]   --->   Operation 1433 'bitconcatenate' 'tmp_688' <Predicate = true> <Delay = 0.00>
ST_1 : Operation 1434 [1/1] (0.00ns)   --->   "%sext_ln73_1044 = sext i17 %tmp_688" [firmware/nnet_utils/nnet_mult.h:73->firmware/nnet_utils/nnet_dense_latency.h:42]   --->   Operation 1434 'sext' 'sext_ln73_1044' <Predicate = true> <Delay = 0.00>
ST_1 : Operation 1435 [1/1] (1.43ns)   --->   "%add_ln73_135 = add i22 %sext_ln73_1043, i22 %sext_ln73_1044" [firmware/nnet_utils/nnet_mult.h:73->firmware/nnet_utils/nnet_dense_latency.h:42]   --->   Operation 1435 'add' 'add_ln73_135' <Predicate = true> <Delay = 1.43> <CoreInst = "Adder">   --->   Core 1 'Adder' <Latency = 0> <II = 1> <Delay = 1.43> <FuncUnit> <Opcode : 'add' 'sub'> <InPorts = 2> <OutPorts = 1>
ST_1 : Operation 1436 [1/1] (0.00ns)   --->   "%mult_1129 = partselect i15 @_ssdm_op_PartSelect.i15.i22.i32.i32, i22 %add_ln73_135, i32 7, i32 21" [firmware/nnet_utils/nnet_dense_latency.h:42]   --->   Operation 1436 'partselect' 'mult_1129' <Predicate = true> <Delay = 0.00>
ST_1 : Operation 1437 [1/1] (0.00ns)   --->   "%sext_ln42_501 = sext i15 %mult_1129" [firmware/nnet_utils/nnet_dense_latency.h:42]   --->   Operation 1437 'sext' 'sext_ln42_501' <Predicate = true> <Delay = 0.00>
ST_1 : Operation 1438 [1/1] (3.57ns)   --->   "%mul_ln73_454 = mul i22 %sext_ln73_597, i22 19" [firmware/nnet_utils/nnet_mult.h:73->firmware/nnet_utils/nnet_dense_latency.h:42]   --->   Operation 1438 'mul' 'mul_ln73_454' <Predicate = true> <Delay = 3.57> <CoreInst = "Multiplier">   --->   Core 3 'Multiplier' <Latency = 0> <II = 1> <Delay = 3.57> <FuncUnit> <Opcode : 'mul'> <InPorts = 2> <OutPorts = 1>
ST_1 : Operation 1439 [1/1] (0.00ns)   --->   "%mult_1130 = partselect i15 @_ssdm_op_PartSelect.i15.i22.i32.i32, i22 %mul_ln73_454, i32 7, i32 21" [firmware/nnet_utils/nnet_dense_latency.h:42]   --->   Operation 1439 'partselect' 'mult_1130' <Predicate = true> <Delay = 0.00>
ST_1 : Operation 1440 [1/1] (1.41ns)   --->   "%sub_ln73_18 = sub i17 0, i17 %sext_ln73_596" [firmware/nnet_utils/nnet_mult.h:73->firmware/nnet_utils/nnet_dense_latency.h:42]   --->   Operation 1440 'sub' 'sub_ln73_18' <Predicate = true> <Delay = 1.41> <CoreInst = "Adder">   --->   Core 1 'Adder' <Latency = 0> <II = 1> <Delay = 1.41> <FuncUnit> <Opcode : 'add' 'sub'> <InPorts = 2> <OutPorts = 1>
ST_1 : Operation 1441 [1/1] (0.00ns)   --->   "%mult_1131 = partselect i10 @_ssdm_op_PartSelect.i10.i17.i32.i32, i17 %sub_ln73_18, i32 7, i32 16" [firmware/nnet_utils/nnet_dense_latency.h:42]   --->   Operation 1441 'partselect' 'mult_1131' <Predicate = true> <Delay = 0.00>
ST_1 : Operation 1442 [1/1] (0.00ns)   --->   "%sext_ln17_520 = sext i10 %mult_1131" [firmware/nnet_utils/nnet_dense_latency.h:17]   --->   Operation 1442 'sext' 'sext_ln17_520' <Predicate = true> <Delay = 0.00>
ST_1 : Operation 1443 [1/1] (0.00ns)   --->   "%tmp_689 = bitconcatenate i18 @_ssdm_op_BitConcatenate.i18.i16.i2, i16 %a_215, i2 0" [firmware/nnet_utils/nnet_mult.h:73->firmware/nnet_utils/nnet_dense_latency.h:42]   --->   Operation 1443 'bitconcatenate' 'tmp_689' <Predicate = true> <Delay = 0.00>
ST_1 : Operation 1444 [1/1] (0.00ns)   --->   "%sext_ln73_1045 = sext i18 %tmp_689" [firmware/nnet_utils/nnet_mult.h:73->firmware/nnet_utils/nnet_dense_latency.h:42]   --->   Operation 1444 'sext' 'sext_ln73_1045' <Predicate = true> <Delay = 0.00>
ST_1 : Operation 1445 [1/1] (1.43ns)   --->   "%add_ln73_136 = add i22 %sext_ln73_1043, i22 %sext_ln73_1045" [firmware/nnet_utils/nnet_mult.h:73->firmware/nnet_utils/nnet_dense_latency.h:42]   --->   Operation 1445 'add' 'add_ln73_136' <Predicate = true> <Delay = 1.43> <CoreInst = "Adder">   --->   Core 1 'Adder' <Latency = 0> <II = 1> <Delay = 1.43> <FuncUnit> <Opcode : 'add' 'sub'> <InPorts = 2> <OutPorts = 1>
ST_1 : Operation 1446 [1/1] (0.00ns)   --->   "%mult_1132 = partselect i15 @_ssdm_op_PartSelect.i15.i22.i32.i32, i22 %add_ln73_136, i32 7, i32 21" [firmware/nnet_utils/nnet_dense_latency.h:42]   --->   Operation 1446 'partselect' 'mult_1132' <Predicate = true> <Delay = 0.00>
ST_1 : Operation 1447 [1/1] (3.57ns)   --->   "%mul_ln73_455 = mul i22 %sext_ln73_597, i22 25" [firmware/nnet_utils/nnet_mult.h:73->firmware/nnet_utils/nnet_dense_latency.h:42]   --->   Operation 1447 'mul' 'mul_ln73_455' <Predicate = true> <Delay = 3.57> <CoreInst = "Multiplier">   --->   Core 3 'Multiplier' <Latency = 0> <II = 1> <Delay = 3.57> <FuncUnit> <Opcode : 'mul'> <InPorts = 2> <OutPorts = 1>
ST_1 : Operation 1448 [1/1] (0.00ns)   --->   "%mult_1133 = partselect i15 @_ssdm_op_PartSelect.i15.i22.i32.i32, i22 %mul_ln73_455, i32 7, i32 21" [firmware/nnet_utils/nnet_dense_latency.h:42]   --->   Operation 1448 'partselect' 'mult_1133' <Predicate = true> <Delay = 0.00>
ST_1 : Operation 1449 [1/1] (0.00ns)   --->   "%sext_ln73_1046 = sext i18 %tmp_689" [firmware/nnet_utils/nnet_mult.h:73->firmware/nnet_utils/nnet_dense_latency.h:42]   --->   Operation 1449 'sext' 'sext_ln73_1046' <Predicate = true> <Delay = 0.00>
ST_1 : Operation 1450 [1/1] (1.42ns)   --->   "%sub_ln73_641 = sub i19 %sext_ln73_595, i19 %sext_ln73_1046" [firmware/nnet_utils/nnet_mult.h:73->firmware/nnet_utils/nnet_dense_latency.h:42]   --->   Operation 1450 'sub' 'sub_ln73_641' <Predicate = true> <Delay = 1.42> <CoreInst = "Adder">   --->   Core 1 'Adder' <Latency = 0> <II = 1> <Delay = 1.42> <FuncUnit> <Opcode : 'add' 'sub'> <InPorts = 2> <OutPorts = 1>
ST_1 : Operation 1451 [1/1] (0.00ns)   --->   "%mult_1134 = partselect i12 @_ssdm_op_PartSelect.i12.i19.i32.i32, i19 %sub_ln73_641, i32 7, i32 18" [firmware/nnet_utils/nnet_dense_latency.h:42]   --->   Operation 1451 'partselect' 'mult_1134' <Predicate = true> <Delay = 0.00>
ST_1 : Operation 1452 [1/1] (3.57ns)   --->   "%mul_ln73_456 = mul i23 %sext_ln73_594, i23 44" [firmware/nnet_utils/nnet_mult.h:73->firmware/nnet_utils/nnet_dense_latency.h:42]   --->   Operation 1452 'mul' 'mul_ln73_456' <Predicate = true> <Delay = 3.57> <CoreInst = "Multiplier">   --->   Core 3 'Multiplier' <Latency = 0> <II = 1> <Delay = 3.57> <FuncUnit> <Opcode : 'mul'> <InPorts = 2> <OutPorts = 1>
ST_1 : Operation 1453 [1/1] (0.00ns)   --->   "%mult_1135 = partselect i16 @_ssdm_op_PartSelect.i16.i23.i32.i32, i23 %mul_ln73_456, i32 7, i32 22" [firmware/nnet_utils/nnet_dense_latency.h:42]   --->   Operation 1453 'partselect' 'mult_1135' <Predicate = true> <Delay = 0.00>
ST_1 : Operation 1454 [1/1] (0.00ns)   --->   "%a_216 = load i16 %p_ZZN4nnet24compute_output_buffer_2dINS_5arrayI8ap_fixedILi16ELi6EL9ap_q_mode5EL9_296"   --->   Operation 1454 'load' 'a_216' <Predicate = true> <Delay = 0.00>
ST_1 : Operation 1455 [1/1] (0.00ns)   --->   "%sext_ln73_600 = sext i16 %a_216" [firmware/nnet_utils/nnet_mult.h:73->firmware/nnet_utils/nnet_dense_latency.h:42]   --->   Operation 1455 'sext' 'sext_ln73_600' <Predicate = true> <Delay = 0.00>
ST_1 : Operation 1456 [1/1] (0.00ns)   --->   "%tmp_690 = bitconcatenate i19 @_ssdm_op_BitConcatenate.i19.i16.i3, i16 %a_216, i3 0" [firmware/nnet_utils/nnet_mult.h:73->firmware/nnet_utils/nnet_dense_latency.h:42]   --->   Operation 1456 'bitconcatenate' 'tmp_690' <Predicate = true> <Delay = 0.00>
ST_1 : Operation 1457 [1/1] (0.00ns)   --->   "%sext_ln73_1047 = sext i19 %tmp_690" [firmware/nnet_utils/nnet_mult.h:73->firmware/nnet_utils/nnet_dense_latency.h:42]   --->   Operation 1457 'sext' 'sext_ln73_1047' <Predicate = true> <Delay = 0.00>
ST_1 : Operation 1458 [1/1] (0.00ns) (grouped into TernaryAdder)   --->   "%sub_ln73_642 = sub i21 0, i21 %sext_ln73_1047" [firmware/nnet_utils/nnet_mult.h:73->firmware/nnet_utils/nnet_dense_latency.h:42]   --->   Operation 1458 'sub' 'sub_ln73_642' <Predicate = true> <Delay = 0.00> <CoreInst = "TAddSub">   --->   Core 10 'TAddSub' <Latency = 0> <II = 1> <Delay = 0.49> <IPBlock> <Opcode : 'add' 'sub'> <InPorts = 3> <OutPorts = 1> <Sync> <CReg>
ST_1 : Operation 1459 [1/1] (0.00ns)   --->   "%tmp_691 = bitconcatenate i17 @_ssdm_op_BitConcatenate.i17.i16.i1, i16 %a_216, i1 0" [firmware/nnet_utils/nnet_mult.h:73->firmware/nnet_utils/nnet_dense_latency.h:42]   --->   Operation 1459 'bitconcatenate' 'tmp_691' <Predicate = true> <Delay = 0.00>
ST_1 : Operation 1460 [1/1] (0.00ns)   --->   "%sext_ln73_1048 = sext i17 %tmp_691" [firmware/nnet_utils/nnet_mult.h:73->firmware/nnet_utils/nnet_dense_latency.h:42]   --->   Operation 1460 'sext' 'sext_ln73_1048' <Predicate = true> <Delay = 0.00>
ST_1 : Operation 1461 [1/1] (1.02ns) (root node of TernaryAdder)   --->   "%sub_ln73_643 = sub i21 %sub_ln73_642, i21 %sext_ln73_1048" [firmware/nnet_utils/nnet_mult.h:73->firmware/nnet_utils/nnet_dense_latency.h:42]   --->   Operation 1461 'sub' 'sub_ln73_643' <Predicate = true> <Delay = 1.02> <CoreInst = "TAddSub">   --->   Core 10 'TAddSub' <Latency = 0> <II = 1> <Delay = 0.49> <IPBlock> <Opcode : 'add' 'sub'> <InPorts = 3> <OutPorts = 1> <Sync> <CReg>
ST_1 : Operation 1462 [1/1] (0.00ns)   --->   "%mult_1136 = partselect i14 @_ssdm_op_PartSelect.i14.i21.i32.i32, i21 %sub_ln73_643, i32 7, i32 20" [firmware/nnet_utils/nnet_dense_latency.h:42]   --->   Operation 1462 'partselect' 'mult_1136' <Predicate = true> <Delay = 0.00>
ST_1 : Operation 1463 [1/1] (0.00ns)   --->   "%sext_ln17_522 = sext i14 %mult_1136" [firmware/nnet_utils/nnet_dense_latency.h:17]   --->   Operation 1463 'sext' 'sext_ln17_522' <Predicate = true> <Delay = 0.00>
ST_1 : Operation 1464 [1/1] (0.00ns)   --->   "%tmp_692 = bitconcatenate i20 @_ssdm_op_BitConcatenate.i20.i16.i4, i16 %a_216, i4 0" [firmware/nnet_utils/nnet_mult.h:73->firmware/nnet_utils/nnet_dense_latency.h:42]   --->   Operation 1464 'bitconcatenate' 'tmp_692' <Predicate = true> <Delay = 0.00>
ST_1 : Operation 1465 [1/1] (0.00ns)   --->   "%sext_ln73_1049 = sext i20 %tmp_692" [firmware/nnet_utils/nnet_mult.h:73->firmware/nnet_utils/nnet_dense_latency.h:42]   --->   Operation 1465 'sext' 'sext_ln73_1049' <Predicate = true> <Delay = 0.00>
ST_1 : Operation 1466 [1/1] (1.43ns)   --->   "%sub_ln73_644 = sub i21 %sext_ln73_1049, i21 %sext_ln73_600" [firmware/nnet_utils/nnet_mult.h:73->firmware/nnet_utils/nnet_dense_latency.h:42]   --->   Operation 1466 'sub' 'sub_ln73_644' <Predicate = true> <Delay = 1.43> <CoreInst = "Adder">   --->   Core 1 'Adder' <Latency = 0> <II = 1> <Delay = 1.43> <FuncUnit> <Opcode : 'add' 'sub'> <InPorts = 2> <OutPorts = 1>
ST_1 : Operation 1467 [1/1] (0.00ns)   --->   "%mult_1137 = partselect i14 @_ssdm_op_PartSelect.i14.i21.i32.i32, i21 %sub_ln73_644, i32 7, i32 20" [firmware/nnet_utils/nnet_dense_latency.h:42]   --->   Operation 1467 'partselect' 'mult_1137' <Predicate = true> <Delay = 0.00>
ST_1 : Operation 1468 [1/1] (0.00ns)   --->   "%sext_ln17_523 = sext i14 %mult_1137" [firmware/nnet_utils/nnet_dense_latency.h:17]   --->   Operation 1468 'sext' 'sext_ln17_523' <Predicate = true> <Delay = 0.00>
ST_1 : Operation 1469 [1/1] (0.00ns)   --->   "%tmp_693 = bitconcatenate i21 @_ssdm_op_BitConcatenate.i21.i16.i5, i16 %a_216, i5 0" [firmware/nnet_utils/nnet_mult.h:73->firmware/nnet_utils/nnet_dense_latency.h:42]   --->   Operation 1469 'bitconcatenate' 'tmp_693' <Predicate = true> <Delay = 0.00>
ST_1 : Operation 1470 [1/1] (0.00ns)   --->   "%sext_ln73_1050 = sext i21 %tmp_693" [firmware/nnet_utils/nnet_mult.h:73->firmware/nnet_utils/nnet_dense_latency.h:42]   --->   Operation 1470 'sext' 'sext_ln73_1050' <Predicate = true> <Delay = 0.00>
ST_1 : Operation 1471 [1/1] (0.00ns)   --->   "%tmp_694 = bitconcatenate i18 @_ssdm_op_BitConcatenate.i18.i16.i2, i16 %a_216, i2 0" [firmware/nnet_utils/nnet_mult.h:73->firmware/nnet_utils/nnet_dense_latency.h:42]   --->   Operation 1471 'bitconcatenate' 'tmp_694' <Predicate = true> <Delay = 0.00>
ST_1 : Operation 1472 [1/1] (0.00ns)   --->   "%sext_ln73_1051 = sext i18 %tmp_694" [firmware/nnet_utils/nnet_mult.h:73->firmware/nnet_utils/nnet_dense_latency.h:42]   --->   Operation 1472 'sext' 'sext_ln73_1051' <Predicate = true> <Delay = 0.00>
ST_1 : Operation 1473 [1/1] (1.43ns)   --->   "%add_ln73_137 = add i23 %sext_ln73_1050, i23 %sext_ln73_1051" [firmware/nnet_utils/nnet_mult.h:73->firmware/nnet_utils/nnet_dense_latency.h:42]   --->   Operation 1473 'add' 'add_ln73_137' <Predicate = true> <Delay = 1.43> <CoreInst = "Adder">   --->   Core 1 'Adder' <Latency = 0> <II = 1> <Delay = 1.43> <FuncUnit> <Opcode : 'add' 'sub'> <InPorts = 2> <OutPorts = 1>
ST_1 : Operation 1474 [1/1] (0.00ns)   --->   "%mult_1138 = partselect i16 @_ssdm_op_PartSelect.i16.i23.i32.i32, i23 %add_ln73_137, i32 7, i32 22" [firmware/nnet_utils/nnet_dense_latency.h:42]   --->   Operation 1474 'partselect' 'mult_1138' <Predicate = true> <Delay = 0.00>
ST_1 : Operation 1475 [1/1] (0.00ns)   --->   "%sext_ln73_1052 = sext i20 %tmp_692" [firmware/nnet_utils/nnet_mult.h:73->firmware/nnet_utils/nnet_dense_latency.h:42]   --->   Operation 1475 'sext' 'sext_ln73_1052' <Predicate = true> <Delay = 0.00>
ST_1 : Operation 1476 [1/1] (0.00ns)   --->   "%sext_ln73_1053 = sext i17 %tmp_691" [firmware/nnet_utils/nnet_mult.h:73->firmware/nnet_utils/nnet_dense_latency.h:42]   --->   Operation 1476 'sext' 'sext_ln73_1053' <Predicate = true> <Delay = 0.00>
ST_1 : Operation 1477 [1/1] (1.43ns)   --->   "%add_ln73_138 = add i22 %sext_ln73_1052, i22 %sext_ln73_1053" [firmware/nnet_utils/nnet_mult.h:73->firmware/nnet_utils/nnet_dense_latency.h:42]   --->   Operation 1477 'add' 'add_ln73_138' <Predicate = true> <Delay = 1.43> <CoreInst = "Adder">   --->   Core 1 'Adder' <Latency = 0> <II = 1> <Delay = 1.43> <FuncUnit> <Opcode : 'add' 'sub'> <InPorts = 2> <OutPorts = 1>
ST_1 : Operation 1478 [1/1] (0.00ns)   --->   "%mult_1139 = partselect i15 @_ssdm_op_PartSelect.i15.i22.i32.i32, i22 %add_ln73_138, i32 7, i32 21" [firmware/nnet_utils/nnet_dense_latency.h:42]   --->   Operation 1478 'partselect' 'mult_1139' <Predicate = true> <Delay = 0.00>
ST_1 : Operation 1479 [1/1] (1.43ns)   --->   "%add_ln73_139 = add i21 %sext_ln73_1047, i21 %sext_ln73_600" [firmware/nnet_utils/nnet_mult.h:73->firmware/nnet_utils/nnet_dense_latency.h:42]   --->   Operation 1479 'add' 'add_ln73_139' <Predicate = true> <Delay = 1.43> <CoreInst = "Adder">   --->   Core 1 'Adder' <Latency = 0> <II = 1> <Delay = 1.43> <FuncUnit> <Opcode : 'add' 'sub'> <InPorts = 2> <OutPorts = 1>
ST_1 : Operation 1480 [1/1] (0.00ns)   --->   "%mult_1140 = partselect i14 @_ssdm_op_PartSelect.i14.i21.i32.i32, i21 %add_ln73_139, i32 7, i32 20" [firmware/nnet_utils/nnet_dense_latency.h:42]   --->   Operation 1480 'partselect' 'mult_1140' <Predicate = true> <Delay = 0.00>
ST_1 : Operation 1481 [1/1] (0.00ns)   --->   "%sext_ln17_524 = sext i14 %mult_1140" [firmware/nnet_utils/nnet_dense_latency.h:17]   --->   Operation 1481 'sext' 'sext_ln17_524' <Predicate = true> <Delay = 0.00>
ST_1 : Operation 1482 [1/1] (0.00ns)   --->   "%sext_ln73_1054 = sext i19 %tmp_690" [firmware/nnet_utils/nnet_mult.h:73->firmware/nnet_utils/nnet_dense_latency.h:42]   --->   Operation 1482 'sext' 'sext_ln73_1054' <Predicate = true> <Delay = 0.00>
ST_1 : Operation 1483 [1/1] (0.00ns)   --->   "%sext_ln73_1055 = sext i17 %tmp_691" [firmware/nnet_utils/nnet_mult.h:73->firmware/nnet_utils/nnet_dense_latency.h:42]   --->   Operation 1483 'sext' 'sext_ln73_1055' <Predicate = true> <Delay = 0.00>
ST_1 : Operation 1484 [1/1] (1.43ns)   --->   "%sub_ln73_645 = sub i20 %sext_ln73_1054, i20 %sext_ln73_1055" [firmware/nnet_utils/nnet_mult.h:73->firmware/nnet_utils/nnet_dense_latency.h:42]   --->   Operation 1484 'sub' 'sub_ln73_645' <Predicate = true> <Delay = 1.43> <CoreInst = "Adder">   --->   Core 1 'Adder' <Latency = 0> <II = 1> <Delay = 1.43> <FuncUnit> <Opcode : 'add' 'sub'> <InPorts = 2> <OutPorts = 1>
ST_1 : Operation 1485 [1/1] (0.00ns)   --->   "%mult_1141 = partselect i13 @_ssdm_op_PartSelect.i13.i20.i32.i32, i20 %sub_ln73_645, i32 7, i32 19" [firmware/nnet_utils/nnet_dense_latency.h:42]   --->   Operation 1485 'partselect' 'mult_1141' <Predicate = true> <Delay = 0.00>
ST_1 : Operation 1486 [1/1] (0.00ns)   --->   "%sext_ln17_525 = sext i13 %mult_1141" [firmware/nnet_utils/nnet_dense_latency.h:17]   --->   Operation 1486 'sext' 'sext_ln17_525' <Predicate = true> <Delay = 0.00>
ST_1 : Operation 1487 [1/1] (0.00ns)   --->   "%sext_ln73_1056 = sext i21 %tmp_693" [firmware/nnet_utils/nnet_mult.h:73->firmware/nnet_utils/nnet_dense_latency.h:42]   --->   Operation 1487 'sext' 'sext_ln73_1056' <Predicate = true> <Delay = 0.00>
ST_1 : Operation 1488 [1/1] (0.00ns)   --->   "%sext_ln73_1057 = sext i19 %tmp_690" [firmware/nnet_utils/nnet_mult.h:73->firmware/nnet_utils/nnet_dense_latency.h:42]   --->   Operation 1488 'sext' 'sext_ln73_1057' <Predicate = true> <Delay = 0.00>
ST_1 : Operation 1489 [1/1] (1.43ns)   --->   "%sub_ln73_646 = sub i22 %sext_ln73_1056, i22 %sext_ln73_1057" [firmware/nnet_utils/nnet_mult.h:73->firmware/nnet_utils/nnet_dense_latency.h:42]   --->   Operation 1489 'sub' 'sub_ln73_646' <Predicate = true> <Delay = 1.43> <CoreInst = "Adder">   --->   Core 1 'Adder' <Latency = 0> <II = 1> <Delay = 1.43> <FuncUnit> <Opcode : 'add' 'sub'> <InPorts = 2> <OutPorts = 1>
ST_1 : Operation 1490 [1/1] (0.00ns)   --->   "%mult_1142 = partselect i15 @_ssdm_op_PartSelect.i15.i22.i32.i32, i22 %sub_ln73_646, i32 7, i32 21" [firmware/nnet_utils/nnet_dense_latency.h:42]   --->   Operation 1490 'partselect' 'mult_1142' <Predicate = true> <Delay = 0.00>
ST_1 : Operation 1491 [1/1] (0.00ns)   --->   "%tmp_695 = bitconcatenate i22 @_ssdm_op_BitConcatenate.i22.i16.i6, i16 %a_216, i6 0" [firmware/nnet_utils/nnet_dense_latency.h:42]   --->   Operation 1491 'bitconcatenate' 'tmp_695' <Predicate = true> <Delay = 0.00>
ST_1 : Operation 1492 [1/1] (0.00ns)   --->   "%sext_ln42_513 = sext i22 %tmp_695" [firmware/nnet_utils/nnet_dense_latency.h:42]   --->   Operation 1492 'sext' 'sext_ln42_513' <Predicate = true> <Delay = 0.00>
ST_1 : Operation 1493 [1/1] (0.00ns)   --->   "%sext_ln42_514 = sext i17 %tmp_691" [firmware/nnet_utils/nnet_dense_latency.h:42]   --->   Operation 1493 'sext' 'sext_ln42_514' <Predicate = true> <Delay = 0.00>
ST_1 : Operation 1494 [1/1] (1.44ns)   --->   "%add_ln42_11 = add i23 %sext_ln42_513, i23 %sext_ln42_514" [firmware/nnet_utils/nnet_dense_latency.h:42]   --->   Operation 1494 'add' 'add_ln42_11' <Predicate = true> <Delay = 1.44> <CoreInst = "Adder">   --->   Core 1 'Adder' <Latency = 0> <II = 1> <Delay = 1.44> <FuncUnit> <Opcode : 'add' 'sub'> <InPorts = 2> <OutPorts = 1>
ST_1 : Operation 1495 [1/1] (0.00ns)   --->   "%mult_1143 = partselect i16 @_ssdm_op_PartSelect.i16.i23.i32.i32, i23 %add_ln42_11, i32 7, i32 22" [firmware/nnet_utils/nnet_dense_latency.h:42]   --->   Operation 1495 'partselect' 'mult_1143' <Predicate = true> <Delay = 0.00>
ST_1 : Operation 1496 [1/1] (1.40ns)   --->   "%add_ln58_1018 = add i16 %sext_ln42_471, i16 %sext_ln42_501" [firmware/nnet_utils/nnet_dense_latency.h:58]   --->   Operation 1496 'add' 'add_ln58_1018' <Predicate = true> <Delay = 1.40> <CoreInst = "Adder">   --->   Core 1 'Adder' <Latency = 0> <II = 1> <Delay = 1.40> <FuncUnit> <Opcode : 'add' 'sub'> <InPorts = 2> <OutPorts = 1>
ST_1 : Operation 1497 [1/1] (1.38ns)   --->   "%add_ln58_1028 = add i15 %sext_ln17_522, i15 %sext_ln17_356" [firmware/nnet_utils/nnet_dense_latency.h:58]   --->   Operation 1497 'add' 'add_ln58_1028' <Predicate = true> <Delay = 1.38> <CoreInst = "Adder">   --->   Core 1 'Adder' <Latency = 0> <II = 1> <Delay = 1.38> <FuncUnit> <Opcode : 'add' 'sub'> <InPorts = 2> <OutPorts = 1>
ST_1 : Operation 1498 [1/1] (1.36ns)   --->   "%add_ln58_1031 = add i14 %sext_ln17_386, i14 %sext_ln17_420" [firmware/nnet_utils/nnet_dense_latency.h:58]   --->   Operation 1498 'add' 'add_ln58_1031' <Predicate = true> <Delay = 1.36> <CoreInst = "Adder">   --->   Core 1 'Adder' <Latency = 0> <II = 1> <Delay = 1.36> <FuncUnit> <Opcode : 'add' 'sub'> <InPorts = 2> <OutPorts = 1>
ST_1 : Operation 1499 [1/1] (1.36ns)   --->   "%add_ln58_1033 = add i14 %sext_ln17_427, i14 %sext_ln17_452" [firmware/nnet_utils/nnet_dense_latency.h:58]   --->   Operation 1499 'add' 'add_ln58_1033' <Predicate = true> <Delay = 1.36> <CoreInst = "Adder">   --->   Core 1 'Adder' <Latency = 0> <II = 1> <Delay = 1.36> <FuncUnit> <Opcode : 'add' 'sub'> <InPorts = 2> <OutPorts = 1>
ST_1 : Operation 1500 [1/1] (1.36ns)   --->   "%add_ln58_1034 = add i14 %sext_ln17_456, i14 %sext_ln17_471" [firmware/nnet_utils/nnet_dense_latency.h:58]   --->   Operation 1500 'add' 'add_ln58_1034' <Predicate = true> <Delay = 1.36> <CoreInst = "Adder">   --->   Core 1 'Adder' <Latency = 0> <II = 1> <Delay = 1.36> <FuncUnit> <Opcode : 'add' 'sub'> <InPorts = 2> <OutPorts = 1>
ST_1 : Operation 1501 [1/1] (1.36ns)   --->   "%add_ln58_1038 = add i14 %sext_ln17_491, i14 %sext_ln17_498" [firmware/nnet_utils/nnet_dense_latency.h:58]   --->   Operation 1501 'add' 'add_ln58_1038' <Predicate = true> <Delay = 1.36> <CoreInst = "Adder">   --->   Core 1 'Adder' <Latency = 0> <II = 1> <Delay = 1.36> <FuncUnit> <Opcode : 'add' 'sub'> <InPorts = 2> <OutPorts = 1>
ST_1 : Operation 1502 [1/1] (1.35ns)   --->   "%add_ln58_1040 = add i13 %sext_ln17_405, i13 %sext_ln17_413" [firmware/nnet_utils/nnet_dense_latency.h:58]   --->   Operation 1502 'add' 'add_ln58_1040' <Predicate = true> <Delay = 1.35> <CoreInst = "Adder">   --->   Core 1 'Adder' <Latency = 0> <II = 1> <Delay = 1.35> <FuncUnit> <Opcode : 'add' 'sub'> <InPorts = 2> <OutPorts = 1>
ST_1 : Operation 1503 [1/1] (1.35ns)   --->   "%add_ln58_1041 = add i13 %sext_ln17_434, i13 %sext_ln17_407" [firmware/nnet_utils/nnet_dense_latency.h:58]   --->   Operation 1503 'add' 'add_ln58_1041' <Predicate = true> <Delay = 1.35> <CoreInst = "Adder">   --->   Core 1 'Adder' <Latency = 0> <II = 1> <Delay = 1.35> <FuncUnit> <Opcode : 'add' 'sub'> <InPorts = 2> <OutPorts = 1>
ST_1 : Operation 1504 [1/1] (1.31ns)   --->   "%add_ln58_1044 = add i11 %sext_ln17_460, i11 %sext_ln17_478" [firmware/nnet_utils/nnet_dense_latency.h:58]   --->   Operation 1504 'add' 'add_ln58_1044' <Predicate = true> <Delay = 1.31> <CoreInst = "Adder">   --->   Core 1 'Adder' <Latency = 0> <II = 1> <Delay = 1.31> <FuncUnit> <Opcode : 'add' 'sub'> <InPorts = 2> <OutPorts = 1>
ST_1 : Operation 1505 [1/1] (1.31ns)   --->   "%add_ln58_1046 = add i11 %sext_ln17_515, i11 %sext_ln17_518" [firmware/nnet_utils/nnet_dense_latency.h:58]   --->   Operation 1505 'add' 'add_ln58_1046' <Predicate = true> <Delay = 1.31> <CoreInst = "Adder">   --->   Core 1 'Adder' <Latency = 0> <II = 1> <Delay = 1.31> <FuncUnit> <Opcode : 'add' 'sub'> <InPorts = 2> <OutPorts = 1>
ST_1 : Operation 1506 [1/1] (1.30ns)   --->   "%add_ln58_1047 = add i10 %sext_ln17_503, i10 %sext_ln17_507" [firmware/nnet_utils/nnet_dense_latency.h:58]   --->   Operation 1506 'add' 'add_ln58_1047' <Predicate = true> <Delay = 1.30> <CoreInst = "Adder">   --->   Core 1 'Adder' <Latency = 0> <II = 1> <Delay = 1.30> <FuncUnit> <Opcode : 'add' 'sub'> <InPorts = 2> <OutPorts = 1>
ST_1 : Operation 1507 [1/1] (0.00ns) (grouped into TernaryAdder)   --->   "%add_ln58_1065 = add i16 %sext_ln42_359, i16 %sext_ln42_368" [firmware/nnet_utils/nnet_dense_latency.h:58]   --->   Operation 1507 'add' 'add_ln58_1065' <Predicate = true> <Delay = 0.00> <CoreInst = "TAddSub">   --->   Core 10 'TAddSub' <Latency = 0> <II = 1> <Delay = 0.49> <IPBlock> <Opcode : 'add' 'sub'> <InPorts = 3> <OutPorts = 1> <Sync> <CReg>
ST_1 : Operation 1508 [1/1] (0.99ns) (root node of TernaryAdder)   --->   "%add_ln58_1066 = add i16 %add_ln58_1065, i16 %sext_ln42_356" [firmware/nnet_utils/nnet_dense_latency.h:58]   --->   Operation 1508 'add' 'add_ln58_1066' <Predicate = true> <Delay = 0.99> <CoreInst = "TAddSub">   --->   Core 10 'TAddSub' <Latency = 0> <II = 1> <Delay = 0.49> <IPBlock> <Opcode : 'add' 'sub'> <InPorts = 3> <OutPorts = 1> <Sync> <CReg>
ST_1 : Operation 1509 [1/1] (1.38ns)   --->   "%add_ln58_1081 = add i15 %sext_ln17_350, i15 %sext_ln17_361" [firmware/nnet_utils/nnet_dense_latency.h:58]   --->   Operation 1509 'add' 'add_ln58_1081' <Predicate = true> <Delay = 1.38> <CoreInst = "Adder">   --->   Core 1 'Adder' <Latency = 0> <II = 1> <Delay = 1.38> <FuncUnit> <Opcode : 'add' 'sub'> <InPorts = 2> <OutPorts = 1>
ST_1 : Operation 1510 [1/1] (1.38ns)   --->   "%add_ln58_1086 = add i15 %sext_ln17_421, i15 %sext_ln17_428" [firmware/nnet_utils/nnet_dense_latency.h:58]   --->   Operation 1510 'add' 'add_ln58_1086' <Predicate = true> <Delay = 1.38> <CoreInst = "Adder">   --->   Core 1 'Adder' <Latency = 0> <II = 1> <Delay = 1.38> <FuncUnit> <Opcode : 'add' 'sub'> <InPorts = 2> <OutPorts = 1>
ST_1 : Operation 1511 [1/1] (1.38ns)   --->   "%add_ln58_1087 = add i15 %sext_ln17_435, i15 %sext_ln17_441" [firmware/nnet_utils/nnet_dense_latency.h:58]   --->   Operation 1511 'add' 'add_ln58_1087' <Predicate = true> <Delay = 1.38> <CoreInst = "Adder">   --->   Core 1 'Adder' <Latency = 0> <II = 1> <Delay = 1.38> <FuncUnit> <Opcode : 'add' 'sub'> <InPorts = 2> <OutPorts = 1>
ST_1 : Operation 1512 [1/1] (1.38ns)   --->   "%add_ln58_1091 = add i15 %sext_ln17_474, i15 %sext_ln17_508" [firmware/nnet_utils/nnet_dense_latency.h:58]   --->   Operation 1512 'add' 'add_ln58_1091' <Predicate = true> <Delay = 1.38> <CoreInst = "Adder">   --->   Core 1 'Adder' <Latency = 0> <II = 1> <Delay = 1.38> <FuncUnit> <Opcode : 'add' 'sub'> <InPorts = 2> <OutPorts = 1>
ST_1 : Operation 1513 [1/1] (1.38ns)   --->   "%add_ln58_1093 = add i15 %sext_ln17_523, i15 %sext_ln17_353" [firmware/nnet_utils/nnet_dense_latency.h:58]   --->   Operation 1513 'add' 'add_ln58_1093' <Predicate = true> <Delay = 1.38> <CoreInst = "Adder">   --->   Core 1 'Adder' <Latency = 0> <II = 1> <Delay = 1.38> <FuncUnit> <Opcode : 'add' 'sub'> <InPorts = 2> <OutPorts = 1>
ST_1 : Operation 1514 [1/1] (1.36ns)   --->   "%add_ln58_1094 = add i14 %sext_ln17_369, i14 %sext_ln17_431" [firmware/nnet_utils/nnet_dense_latency.h:58]   --->   Operation 1514 'add' 'add_ln58_1094' <Predicate = true> <Delay = 1.36> <CoreInst = "Adder">   --->   Core 1 'Adder' <Latency = 0> <II = 1> <Delay = 1.36> <FuncUnit> <Opcode : 'add' 'sub'> <InPorts = 2> <OutPorts = 1>
ST_1 : Operation 1515 [1/1] (1.36ns)   --->   "%add_ln58_1097 = add i14 %sext_ln17_466, i14 %sext_ln17_357" [firmware/nnet_utils/nnet_dense_latency.h:58]   --->   Operation 1515 'add' 'add_ln58_1097' <Predicate = true> <Delay = 1.36> <CoreInst = "Adder">   --->   Core 1 'Adder' <Latency = 0> <II = 1> <Delay = 1.36> <FuncUnit> <Opcode : 'add' 'sub'> <InPorts = 2> <OutPorts = 1>
ST_1 : Operation 1516 [1/1] (1.33ns)   --->   "%add_ln58_1099 = add i12 %sext_ln17_382, i12 %sext_ln17_447" [firmware/nnet_utils/nnet_dense_latency.h:58]   --->   Operation 1516 'add' 'add_ln58_1099' <Predicate = true> <Delay = 1.33> <CoreInst = "Adder">   --->   Core 1 'Adder' <Latency = 0> <II = 1> <Delay = 1.33> <FuncUnit> <Opcode : 'add' 'sub'> <InPorts = 2> <OutPorts = 1>
ST_1 : Operation 1517 [1/1] (1.31ns)   --->   "%add_ln58_1100 = add i11 %sext_ln17_398, i11 %sext_ln17_479" [firmware/nnet_utils/nnet_dense_latency.h:58]   --->   Operation 1517 'add' 'add_ln58_1100' <Predicate = true> <Delay = 1.31> <CoreInst = "Adder">   --->   Core 1 'Adder' <Latency = 0> <II = 1> <Delay = 1.31> <FuncUnit> <Opcode : 'add' 'sub'> <InPorts = 2> <OutPorts = 1>
ST_1 : Operation 1518 [1/1] (1.41ns)   --->   "%add_ln58_1111 = add i16 %mult_1138, i16 %sext_ln42_349" [firmware/nnet_utils/nnet_dense_latency.h:58]   --->   Operation 1518 'add' 'add_ln58_1111' <Predicate = true> <Delay = 1.41> <CoreInst = "Adder">   --->   Core 1 'Adder' <Latency = 0> <II = 1> <Delay = 1.41> <FuncUnit> <Opcode : 'add' 'sub'> <InPorts = 2> <OutPorts = 1>
ST_1 : Operation 1519 [1/1] (1.40ns)   --->   "%add_ln58_1123 = add i16 %sext_ln42_449, i16 %sext_ln42_453" [firmware/nnet_utils/nnet_dense_latency.h:58]   --->   Operation 1519 'add' 'add_ln58_1123' <Predicate = true> <Delay = 1.40> <CoreInst = "Adder">   --->   Core 1 'Adder' <Latency = 0> <II = 1> <Delay = 1.40> <FuncUnit> <Opcode : 'add' 'sub'> <InPorts = 2> <OutPorts = 1>
ST_1 : Operation 1520 [1/1] (1.38ns)   --->   "%add_ln58_1133 = add i15 %sext_ln17_375, i15 %sext_ln17_379" [firmware/nnet_utils/nnet_dense_latency.h:58]   --->   Operation 1520 'add' 'add_ln58_1133' <Predicate = true> <Delay = 1.38> <CoreInst = "Adder">   --->   Core 1 'Adder' <Latency = 0> <II = 1> <Delay = 1.38> <FuncUnit> <Opcode : 'add' 'sub'> <InPorts = 2> <OutPorts = 1>
ST_1 : Operation 1521 [1/1] (1.38ns)   --->   "%add_ln58_1143 = add i15 %sext_ln17_519, i15 %sext_ln17_355" [firmware/nnet_utils/nnet_dense_latency.h:58]   --->   Operation 1521 'add' 'add_ln58_1143' <Predicate = true> <Delay = 1.38> <CoreInst = "Adder">   --->   Core 1 'Adder' <Latency = 0> <II = 1> <Delay = 1.38> <FuncUnit> <Opcode : 'add' 'sub'> <InPorts = 2> <OutPorts = 1>
ST_1 : Operation 1522 [1/1] (1.36ns)   --->   "%add_ln58_1145 = add i14 %sext_ln17_358, i14 %sext_ln17_390" [firmware/nnet_utils/nnet_dense_latency.h:58]   --->   Operation 1522 'add' 'add_ln58_1145' <Predicate = true> <Delay = 1.36> <CoreInst = "Adder">   --->   Core 1 'Adder' <Latency = 0> <II = 1> <Delay = 1.36> <FuncUnit> <Opcode : 'add' 'sub'> <InPorts = 2> <OutPorts = 1>
ST_1 : Operation 1523 [1/1] (1.36ns)   --->   "%add_ln58_1146 = add i14 %sext_ln17_401, i14 %sext_ln17_448" [firmware/nnet_utils/nnet_dense_latency.h:58]   --->   Operation 1523 'add' 'add_ln58_1146' <Predicate = true> <Delay = 1.36> <CoreInst = "Adder">   --->   Core 1 'Adder' <Latency = 0> <II = 1> <Delay = 1.36> <FuncUnit> <Opcode : 'add' 'sub'> <InPorts = 2> <OutPorts = 1>
ST_1 : Operation 1524 [1/1] (1.35ns)   --->   "%add_ln58_1149 = add i13 %sext_ln17_442, i13 %sext_ln17_457" [firmware/nnet_utils/nnet_dense_latency.h:58]   --->   Operation 1524 'add' 'add_ln58_1149' <Predicate = true> <Delay = 1.35> <CoreInst = "Adder">   --->   Core 1 'Adder' <Latency = 0> <II = 1> <Delay = 1.35> <FuncUnit> <Opcode : 'add' 'sub'> <InPorts = 2> <OutPorts = 1>
ST_1 : Operation 1525 [1/1] (1.35ns)   --->   "%add_ln58_1151 = add i13 %sext_ln17_499, i13 %sext_ln17_381" [firmware/nnet_utils/nnet_dense_latency.h:58]   --->   Operation 1525 'add' 'add_ln58_1151' <Predicate = true> <Delay = 1.35> <CoreInst = "Adder">   --->   Core 1 'Adder' <Latency = 0> <II = 1> <Delay = 1.35> <FuncUnit> <Opcode : 'add' 'sub'> <InPorts = 2> <OutPorts = 1>
ST_1 : Operation 1526 [1/1] (1.33ns)   --->   "%add_ln58_1152 = add i12 %sext_ln17_475, i12 %sext_ln17_520" [firmware/nnet_utils/nnet_dense_latency.h:58]   --->   Operation 1526 'add' 'add_ln58_1152' <Predicate = true> <Delay = 1.33> <CoreInst = "Adder">   --->   Core 1 'Adder' <Latency = 0> <II = 1> <Delay = 1.33> <FuncUnit> <Opcode : 'add' 'sub'> <InPorts = 2> <OutPorts = 1>
ST_1 : Operation 1527 [1/1] (0.00ns) (grouped into TernaryAdder)   --->   "%add_ln58_1170 = add i16 %sext_ln42_395, i16 %sext_ln42_397" [firmware/nnet_utils/nnet_dense_latency.h:58]   --->   Operation 1527 'add' 'add_ln58_1170' <Predicate = true> <Delay = 0.00> <CoreInst = "TAddSub">   --->   Core 10 'TAddSub' <Latency = 0> <II = 1> <Delay = 0.49> <IPBlock> <Opcode : 'add' 'sub'> <InPorts = 3> <OutPorts = 1> <Sync> <CReg>
ST_1 : Operation 1528 [1/1] (0.99ns) (root node of TernaryAdder)   --->   "%add_ln58_1171 = add i16 %add_ln58_1170, i16 %sext_ln42_381" [firmware/nnet_utils/nnet_dense_latency.h:58]   --->   Operation 1528 'add' 'add_ln58_1171' <Predicate = true> <Delay = 0.99> <CoreInst = "TAddSub">   --->   Core 10 'TAddSub' <Latency = 0> <II = 1> <Delay = 0.49> <IPBlock> <Opcode : 'add' 'sub'> <InPorts = 3> <OutPorts = 1> <Sync> <CReg>
ST_1 : Operation 1529 [1/1] (1.38ns)   --->   "%add_ln58_1192 = add i15 %sext_ln17_512, i15 %sext_ln17_347" [firmware/nnet_utils/nnet_dense_latency.h:58]   --->   Operation 1529 'add' 'add_ln58_1192' <Predicate = true> <Delay = 1.38> <CoreInst = "Adder">   --->   Core 1 'Adder' <Latency = 0> <II = 1> <Delay = 1.38> <FuncUnit> <Opcode : 'add' 'sub'> <InPorts = 2> <OutPorts = 1>
ST_1 : Operation 1530 [1/1] (1.36ns)   --->   "%add_ln58_1196 = add i14 %sext_ln17_402, i14 %sext_ln17_429" [firmware/nnet_utils/nnet_dense_latency.h:58]   --->   Operation 1530 'add' 'add_ln58_1196' <Predicate = true> <Delay = 1.36> <CoreInst = "Adder">   --->   Core 1 'Adder' <Latency = 0> <II = 1> <Delay = 1.36> <FuncUnit> <Opcode : 'add' 'sub'> <InPorts = 2> <OutPorts = 1>
ST_1 : Operation 1531 [1/1] (1.36ns)   --->   "%add_ln58_1198 = add i14 %sext_ln17_431, i14 %sext_ln17_443" [firmware/nnet_utils/nnet_dense_latency.h:58]   --->   Operation 1531 'add' 'add_ln58_1198' <Predicate = true> <Delay = 1.36> <CoreInst = "Adder">   --->   Core 1 'Adder' <Latency = 0> <II = 1> <Delay = 1.36> <FuncUnit> <Opcode : 'add' 'sub'> <InPorts = 2> <OutPorts = 1>
ST_1 : Operation 1532 [1/1] (1.35ns)   --->   "%add_ln58_1202 = add i13 %sext_ln17_434, i13 %sext_ln17_496" [firmware/nnet_utils/nnet_dense_latency.h:58]   --->   Operation 1532 'add' 'add_ln58_1202' <Predicate = true> <Delay = 1.35> <CoreInst = "Adder">   --->   Core 1 'Adder' <Latency = 0> <II = 1> <Delay = 1.35> <FuncUnit> <Opcode : 'add' 'sub'> <InPorts = 2> <OutPorts = 1>
ST_1 : Operation 1533 [1/1] (1.33ns)   --->   "%add_ln58_1204 = add i12 %sext_ln17_458, i12 %sext_ln17_475" [firmware/nnet_utils/nnet_dense_latency.h:58]   --->   Operation 1533 'add' 'add_ln58_1204' <Predicate = true> <Delay = 1.33> <CoreInst = "Adder">   --->   Core 1 'Adder' <Latency = 0> <II = 1> <Delay = 1.33> <FuncUnit> <Opcode : 'add' 'sub'> <InPorts = 2> <OutPorts = 1>
ST_1 : Operation 1534 [1/1] (1.31ns)   --->   "%add_ln58_1205 = add i11 %sext_ln17_372, i11 %sext_ln17_509" [firmware/nnet_utils/nnet_dense_latency.h:58]   --->   Operation 1534 'add' 'add_ln58_1205' <Predicate = true> <Delay = 1.31> <CoreInst = "Adder">   --->   Core 1 'Adder' <Latency = 0> <II = 1> <Delay = 1.31> <FuncUnit> <Opcode : 'add' 'sub'> <InPorts = 2> <OutPorts = 1>
ST_1 : Operation 1535 [1/1] (0.00ns) (grouped into TernaryAdder)   --->   "%add_ln58_1223 = add i16 %sext_ln42_426, i16 %sext_ln42_431" [firmware/nnet_utils/nnet_dense_latency.h:58]   --->   Operation 1535 'add' 'add_ln58_1223' <Predicate = true> <Delay = 0.00> <CoreInst = "TAddSub">   --->   Core 10 'TAddSub' <Latency = 0> <II = 1> <Delay = 0.49> <IPBlock> <Opcode : 'add' 'sub'> <InPorts = 3> <OutPorts = 1> <Sync> <CReg>
ST_1 : Operation 1536 [1/1] (0.99ns) (root node of TernaryAdder)   --->   "%add_ln58_1224 = add i16 %add_ln58_1223, i16 %sext_ln42_419" [firmware/nnet_utils/nnet_dense_latency.h:58]   --->   Operation 1536 'add' 'add_ln58_1224' <Predicate = true> <Delay = 0.99> <CoreInst = "TAddSub">   --->   Core 10 'TAddSub' <Latency = 0> <II = 1> <Delay = 0.49> <IPBlock> <Opcode : 'add' 'sub'> <InPorts = 3> <OutPorts = 1> <Sync> <CReg>
ST_1 : Operation 1537 [1/1] (1.38ns)   --->   "%add_ln58_1231 = add i15 %sext_ln17_418, i15 %sext_ln17_423" [firmware/nnet_utils/nnet_dense_latency.h:58]   --->   Operation 1537 'add' 'add_ln58_1231' <Predicate = true> <Delay = 1.38> <CoreInst = "Adder">   --->   Core 1 'Adder' <Latency = 0> <II = 1> <Delay = 1.38> <FuncUnit> <Opcode : 'add' 'sub'> <InPorts = 2> <OutPorts = 1>
ST_1 : Operation 1538 [1/1] (1.38ns)   --->   "%add_ln58_1241 = add i15 %sext_ln17_516, i15 %sext_ln17_524" [firmware/nnet_utils/nnet_dense_latency.h:58]   --->   Operation 1538 'add' 'add_ln58_1241' <Predicate = true> <Delay = 1.38> <CoreInst = "Adder">   --->   Core 1 'Adder' <Latency = 0> <II = 1> <Delay = 1.38> <FuncUnit> <Opcode : 'add' 'sub'> <InPorts = 2> <OutPorts = 1>
ST_1 : Operation 1539 [1/1] (1.36ns)   --->   "%add_ln58_1243 = add i14 %sext_ln17_370, i14 %sext_ln17_430" [firmware/nnet_utils/nnet_dense_latency.h:58]   --->   Operation 1539 'add' 'add_ln58_1243' <Predicate = true> <Delay = 1.36> <CoreInst = "Adder">   --->   Core 1 'Adder' <Latency = 0> <II = 1> <Delay = 1.36> <FuncUnit> <Opcode : 'add' 'sub'> <InPorts = 2> <OutPorts = 1>
ST_1 : Operation 1540 [1/1] (1.36ns)   --->   "%add_ln58_1244 = add i14 %sext_ln17_444, i14 %sext_ln17_468" [firmware/nnet_utils/nnet_dense_latency.h:58]   --->   Operation 1540 'add' 'add_ln58_1244' <Predicate = true> <Delay = 1.36> <CoreInst = "Adder">   --->   Core 1 'Adder' <Latency = 0> <II = 1> <Delay = 1.36> <FuncUnit> <Opcode : 'add' 'sub'> <InPorts = 2> <OutPorts = 1>
ST_1 : Operation 1541 [1/1] (1.36ns)   --->   "%add_ln58_1248 = add i14 %sext_ln17_497, i14 %sext_ln17_514" [firmware/nnet_utils/nnet_dense_latency.h:58]   --->   Operation 1541 'add' 'add_ln58_1248' <Predicate = true> <Delay = 1.36> <CoreInst = "Adder">   --->   Core 1 'Adder' <Latency = 0> <II = 1> <Delay = 1.36> <FuncUnit> <Opcode : 'add' 'sub'> <InPorts = 2> <OutPorts = 1>
ST_1 : Operation 1542 [1/1] (1.35ns)   --->   "%add_ln58_1250 = add i13 %sext_ln17_392, i13 %sext_ln17_495" [firmware/nnet_utils/nnet_dense_latency.h:58]   --->   Operation 1542 'add' 'add_ln58_1250' <Predicate = true> <Delay = 1.35> <CoreInst = "Adder">   --->   Core 1 'Adder' <Latency = 0> <II = 1> <Delay = 1.35> <FuncUnit> <Opcode : 'add' 'sub'> <InPorts = 2> <OutPorts = 1>
ST_1 : Operation 1543 [1/1] (1.31ns)   --->   "%add_ln58_1253 = add i11 %sext_ln17_436, i11 %sext_ln17_460" [firmware/nnet_utils/nnet_dense_latency.h:58]   --->   Operation 1543 'add' 'add_ln58_1253' <Predicate = true> <Delay = 1.31> <CoreInst = "Adder">   --->   Core 1 'Adder' <Latency = 0> <II = 1> <Delay = 1.31> <FuncUnit> <Opcode : 'add' 'sub'> <InPorts = 2> <OutPorts = 1>
ST_1 : Operation 1544 [1/1] (1.31ns)   --->   "%add_ln58_1255 = add i11 %sext_ln17_476, i11 %sext_ln17_509" [firmware/nnet_utils/nnet_dense_latency.h:58]   --->   Operation 1544 'add' 'add_ln58_1255' <Predicate = true> <Delay = 1.31> <CoreInst = "Adder">   --->   Core 1 'Adder' <Latency = 0> <II = 1> <Delay = 1.31> <FuncUnit> <Opcode : 'add' 'sub'> <InPorts = 2> <OutPorts = 1>
ST_1 : Operation 1545 [1/1] (1.30ns)   --->   "%add_ln58_1256 = add i10 %sext_ln17_354, i10 %sext_ln17_486" [firmware/nnet_utils/nnet_dense_latency.h:58]   --->   Operation 1545 'add' 'add_ln58_1256' <Predicate = true> <Delay = 1.30> <CoreInst = "Adder">   --->   Core 1 'Adder' <Latency = 0> <II = 1> <Delay = 1.30> <FuncUnit> <Opcode : 'add' 'sub'> <InPorts = 2> <OutPorts = 1>
ST_1 : Operation 1546 [1/1] (1.38ns)   --->   "%add_ln58_1281 = add i15 %sext_ln17_360, i15 %sext_ln17_366" [firmware/nnet_utils/nnet_dense_latency.h:58]   --->   Operation 1546 'add' 'add_ln58_1281' <Predicate = true> <Delay = 1.38> <CoreInst = "Adder">   --->   Core 1 'Adder' <Latency = 0> <II = 1> <Delay = 1.38> <FuncUnit> <Opcode : 'add' 'sub'> <InPorts = 2> <OutPorts = 1>
ST_1 : Operation 1547 [1/1] (1.38ns)   --->   "%add_ln58_1282 = add i15 %sext_ln17_377, i15 %sext_ln17_393" [firmware/nnet_utils/nnet_dense_latency.h:58]   --->   Operation 1547 'add' 'add_ln58_1282' <Predicate = true> <Delay = 1.38> <CoreInst = "Adder">   --->   Core 1 'Adder' <Latency = 0> <II = 1> <Delay = 1.38> <FuncUnit> <Opcode : 'add' 'sub'> <InPorts = 2> <OutPorts = 1>
ST_1 : Operation 1548 [1/1] (1.38ns)   --->   "%add_ln58_1292 = add i15 %sext_ln17_469, i15 %sext_ln17_482" [firmware/nnet_utils/nnet_dense_latency.h:58]   --->   Operation 1548 'add' 'add_ln58_1292' <Predicate = true> <Delay = 1.38> <CoreInst = "Adder">   --->   Core 1 'Adder' <Latency = 0> <II = 1> <Delay = 1.38> <FuncUnit> <Opcode : 'add' 'sub'> <InPorts = 2> <OutPorts = 1>
ST_1 : Operation 1549 [1/1] (1.36ns)   --->   "%add_ln58_1299 = add i14 %sext_ln17_450, i14 %sext_ln17_453" [firmware/nnet_utils/nnet_dense_latency.h:58]   --->   Operation 1549 'add' 'add_ln58_1299' <Predicate = true> <Delay = 1.36> <CoreInst = "Adder">   --->   Core 1 'Adder' <Latency = 0> <II = 1> <Delay = 1.36> <FuncUnit> <Opcode : 'add' 'sub'> <InPorts = 2> <OutPorts = 1>
ST_1 : Operation 1550 [1/1] (1.36ns)   --->   "%add_ln58_1301 = add i14 %sext_ln17_464, i14 %sext_ln17_473" [firmware/nnet_utils/nnet_dense_latency.h:58]   --->   Operation 1550 'add' 'add_ln58_1301' <Predicate = true> <Delay = 1.36> <CoreInst = "Adder">   --->   Core 1 'Adder' <Latency = 0> <II = 1> <Delay = 1.36> <FuncUnit> <Opcode : 'add' 'sub'> <InPorts = 2> <OutPorts = 1>
ST_1 : Operation 1551 [1/1] (1.36ns)   --->   "%add_ln58_1302 = add i14 %sext_ln17_490, i14 %sext_ln17_525" [firmware/nnet_utils/nnet_dense_latency.h:58]   --->   Operation 1551 'add' 'add_ln58_1302' <Predicate = true> <Delay = 1.36> <CoreInst = "Adder">   --->   Core 1 'Adder' <Latency = 0> <II = 1> <Delay = 1.36> <FuncUnit> <Opcode : 'add' 'sub'> <InPorts = 2> <OutPorts = 1>
ST_1 : Operation 1552 [1/1] (1.35ns)   --->   "%add_ln58_1305 = add i13 %sext_ln17_387, i13 %sext_ln17_406" [firmware/nnet_utils/nnet_dense_latency.h:58]   --->   Operation 1552 'add' 'add_ln58_1305' <Predicate = true> <Delay = 1.35> <CoreInst = "Adder">   --->   Core 1 'Adder' <Latency = 0> <II = 1> <Delay = 1.35> <FuncUnit> <Opcode : 'add' 'sub'> <InPorts = 2> <OutPorts = 1>
ST_1 : Operation 1553 [1/1] (1.31ns)   --->   "%add_ln58_1308 = add i11 %sext_ln17_384, i11 %sext_ln17_403" [firmware/nnet_utils/nnet_dense_latency.h:58]   --->   Operation 1553 'add' 'add_ln58_1308' <Predicate = true> <Delay = 1.31> <CoreInst = "Adder">   --->   Core 1 'Adder' <Latency = 0> <II = 1> <Delay = 1.31> <FuncUnit> <Opcode : 'add' 'sub'> <InPorts = 2> <OutPorts = 1>
ST_1 : Operation 1554 [1/1] (1.40ns)   --->   "%add_ln58_1322 = add i16 %sext_ln42_391, i16 %sext_ln42_396" [firmware/nnet_utils/nnet_dense_latency.h:58]   --->   Operation 1554 'add' 'add_ln58_1322' <Predicate = true> <Delay = 1.40> <CoreInst = "Adder">   --->   Core 1 'Adder' <Latency = 0> <II = 1> <Delay = 1.40> <FuncUnit> <Opcode : 'add' 'sub'> <InPorts = 2> <OutPorts = 1>
ST_1 : Operation 1555 [1/1] (1.38ns)   --->   "%add_ln58_1341 = add i15 %sext_ln17_377, i15 %sext_ln17_394" [firmware/nnet_utils/nnet_dense_latency.h:58]   --->   Operation 1555 'add' 'add_ln58_1341' <Predicate = true> <Delay = 1.38> <CoreInst = "Adder">   --->   Core 1 'Adder' <Latency = 0> <II = 1> <Delay = 1.38> <FuncUnit> <Opcode : 'add' 'sub'> <InPorts = 2> <OutPorts = 1>
ST_1 : Operation 1556 [1/1] (1.36ns)   --->   "%add_ln58_1347 = add i14 %sext_ln17_349, i14 %sext_ln17_388" [firmware/nnet_utils/nnet_dense_latency.h:58]   --->   Operation 1556 'add' 'add_ln58_1347' <Predicate = true> <Delay = 1.36> <CoreInst = "Adder">   --->   Core 1 'Adder' <Latency = 0> <II = 1> <Delay = 1.36> <FuncUnit> <Opcode : 'add' 'sub'> <InPorts = 2> <OutPorts = 1>
ST_1 : Operation 1557 [1/1] (1.36ns)   --->   "%add_ln58_1351 = add i14 %sext_ln17_415, i14 %sext_ln17_437" [firmware/nnet_utils/nnet_dense_latency.h:58]   --->   Operation 1557 'add' 'add_ln58_1351' <Predicate = true> <Delay = 1.36> <CoreInst = "Adder">   --->   Core 1 'Adder' <Latency = 0> <II = 1> <Delay = 1.36> <FuncUnit> <Opcode : 'add' 'sub'> <InPorts = 2> <OutPorts = 1>
ST_1 : Operation 1558 [1/1] (1.36ns)   --->   "%add_ln58_1354 = add i14 %sext_ln17_510, i14 %sext_ln17_513" [firmware/nnet_utils/nnet_dense_latency.h:58]   --->   Operation 1558 'add' 'add_ln58_1354' <Predicate = true> <Delay = 1.36> <CoreInst = "Adder">   --->   Core 1 'Adder' <Latency = 0> <II = 1> <Delay = 1.36> <FuncUnit> <Opcode : 'add' 'sub'> <InPorts = 2> <OutPorts = 1>
ST_1 : Operation 1559 [1/1] (1.35ns)   --->   "%add_ln58_1357 = add i13 %sext_ln17_385, i13 %sext_ln17_397" [firmware/nnet_utils/nnet_dense_latency.h:58]   --->   Operation 1559 'add' 'add_ln58_1357' <Predicate = true> <Delay = 1.35> <CoreInst = "Adder">   --->   Core 1 'Adder' <Latency = 0> <II = 1> <Delay = 1.35> <FuncUnit> <Opcode : 'add' 'sub'> <InPorts = 2> <OutPorts = 1>
ST_1 : Operation 1560 [1/1] (0.00ns) (grouped into TernaryAdder)   --->   "%add_ln58_1359 = add i13 %sext_ln17_419, i13 %sext_ln17_380" [firmware/nnet_utils/nnet_dense_latency.h:58]   --->   Operation 1560 'add' 'add_ln58_1359' <Predicate = true> <Delay = 0.00> <CoreInst = "TAddSub">   --->   Core 10 'TAddSub' <Latency = 0> <II = 1> <Delay = 0.49> <IPBlock> <Opcode : 'add' 'sub'> <InPorts = 3> <OutPorts = 1> <Sync> <CReg>
ST_1 : Operation 1561 [1/1] (1.31ns)   --->   "%add_ln58_1360 = add i11 %sext_ln17_440, i11 %sext_ln17_493" [firmware/nnet_utils/nnet_dense_latency.h:58]   --->   Operation 1561 'add' 'add_ln58_1360' <Predicate = true> <Delay = 1.31> <CoreInst = "Adder">   --->   Core 1 'Adder' <Latency = 0> <II = 1> <Delay = 1.31> <FuncUnit> <Opcode : 'add' 'sub'> <InPorts = 2> <OutPorts = 1>
ST_1 : Operation 1562 [1/1] (0.00ns)   --->   "%sext_ln58_368 = sext i11 %add_ln58_1360" [firmware/nnet_utils/nnet_dense_latency.h:58]   --->   Operation 1562 'sext' 'sext_ln58_368' <Predicate = true> <Delay = 0.00>
ST_1 : Operation 1563 [1/1] (1.07ns) (root node of TernaryAdder)   --->   "%add_ln58_1361 = add i13 %sext_ln58_368, i13 %add_ln58_1359" [firmware/nnet_utils/nnet_dense_latency.h:58]   --->   Operation 1563 'add' 'add_ln58_1361' <Predicate = true> <Delay = 1.07> <CoreInst = "TAddSub">   --->   Core 10 'TAddSub' <Latency = 0> <II = 1> <Delay = 0.49> <IPBlock> <Opcode : 'add' 'sub'> <InPorts = 3> <OutPorts = 1> <Sync> <CReg>
ST_1 : Operation 1564 [1/1] (1.38ns)   --->   "%add_ln58_1397 = add i15 %sext_ln17_433, i15 %sext_ln17_451" [firmware/nnet_utils/nnet_dense_latency.h:58]   --->   Operation 1564 'add' 'add_ln58_1397' <Predicate = true> <Delay = 1.38> <CoreInst = "Adder">   --->   Core 1 'Adder' <Latency = 0> <II = 1> <Delay = 1.38> <FuncUnit> <Opcode : 'add' 'sub'> <InPorts = 2> <OutPorts = 1>
ST_1 : Operation 1565 [1/1] (1.38ns)   --->   "%add_ln58_1400 = add i15 %sext_ln17_502, i15 %sext_ln17_374" [firmware/nnet_utils/nnet_dense_latency.h:58]   --->   Operation 1565 'add' 'add_ln58_1400' <Predicate = true> <Delay = 1.38> <CoreInst = "Adder">   --->   Core 1 'Adder' <Latency = 0> <II = 1> <Delay = 1.38> <FuncUnit> <Opcode : 'add' 'sub'> <InPorts = 2> <OutPorts = 1>
ST_1 : Operation 1566 [1/1] (1.36ns)   --->   "%add_ln58_1404 = add i14 %sext_ln17_424, i14 %sext_ln17_438" [firmware/nnet_utils/nnet_dense_latency.h:58]   --->   Operation 1566 'add' 'add_ln58_1404' <Predicate = true> <Delay = 1.36> <CoreInst = "Adder">   --->   Core 1 'Adder' <Latency = 0> <II = 1> <Delay = 1.36> <FuncUnit> <Opcode : 'add' 'sub'> <InPorts = 2> <OutPorts = 1>
ST_1 : Operation 1567 [1/1] (1.36ns)   --->   "%add_ln58_1406 = add i14 %sext_ln17_445, i14 %sext_ln17_455" [firmware/nnet_utils/nnet_dense_latency.h:58]   --->   Operation 1567 'add' 'add_ln58_1406' <Predicate = true> <Delay = 1.36> <CoreInst = "Adder">   --->   Core 1 'Adder' <Latency = 0> <II = 1> <Delay = 1.36> <FuncUnit> <Opcode : 'add' 'sub'> <InPorts = 2> <OutPorts = 1>
ST_1 : Operation 1568 [1/1] (1.36ns)   --->   "%add_ln58_1407 = add i14 %sext_ln17_468, i14 %sext_ln17_497" [firmware/nnet_utils/nnet_dense_latency.h:58]   --->   Operation 1568 'add' 'add_ln58_1407' <Predicate = true> <Delay = 1.36> <CoreInst = "Adder">   --->   Core 1 'Adder' <Latency = 0> <II = 1> <Delay = 1.36> <FuncUnit> <Opcode : 'add' 'sub'> <InPorts = 2> <OutPorts = 1>
ST_1 : Operation 1569 [1/1] (1.35ns)   --->   "%add_ln58_1410 = add i13 %sext_ln17_371, i13 %sext_ln17_400" [firmware/nnet_utils/nnet_dense_latency.h:58]   --->   Operation 1569 'add' 'add_ln58_1410' <Predicate = true> <Delay = 1.35> <CoreInst = "Adder">   --->   Core 1 'Adder' <Latency = 0> <II = 1> <Delay = 1.35> <FuncUnit> <Opcode : 'add' 'sub'> <InPorts = 2> <OutPorts = 1>
ST_1 : Operation 1570 [1/1] (1.35ns)   --->   "%add_ln58_1412 = add i13 %sext_ln17_412, i13 %sext_ln17_511" [firmware/nnet_utils/nnet_dense_latency.h:58]   --->   Operation 1570 'add' 'add_ln58_1412' <Predicate = true> <Delay = 1.35> <CoreInst = "Adder">   --->   Core 1 'Adder' <Latency = 0> <II = 1> <Delay = 1.35> <FuncUnit> <Opcode : 'add' 'sub'> <InPorts = 2> <OutPorts = 1>
ST_1 : Operation 1571 [1/1] (1.33ns)   --->   "%add_ln58_1413 = add i12 %sext_ln17_367, i12 %sext_ln17_378" [firmware/nnet_utils/nnet_dense_latency.h:58]   --->   Operation 1571 'add' 'add_ln58_1413' <Predicate = true> <Delay = 1.33> <CoreInst = "Adder">   --->   Core 1 'Adder' <Latency = 0> <II = 1> <Delay = 1.33> <FuncUnit> <Opcode : 'add' 'sub'> <InPorts = 2> <OutPorts = 1>

State 2 <SV = 1> <Delay = 3.45>
ST_2 : Operation 1572 [1/1] (0.00ns)   --->   "%sext_ln17 = sext i14 %mult" [firmware/nnet_utils/nnet_dense_latency.h:17]   --->   Operation 1572 'sext' 'sext_ln17' <Predicate = true> <Delay = 0.00>
ST_2 : Operation 1573 [1/1] (0.00ns)   --->   "%sext_ln42_346 = sext i15 %mult_744" [firmware/nnet_utils/nnet_dense_latency.h:42]   --->   Operation 1573 'sext' 'sext_ln42_346' <Predicate = true> <Delay = 0.00>
ST_2 : Operation 1574 [1/1] (0.00ns)   --->   "%sext_ln42_347 = sext i15 %mult_746" [firmware/nnet_utils/nnet_dense_latency.h:42]   --->   Operation 1574 'sext' 'sext_ln42_347' <Predicate = true> <Delay = 0.00>
ST_2 : Operation 1575 [1/1] (0.00ns)   --->   "%sext_ln17_348 = sext i12 %mult_747" [firmware/nnet_utils/nnet_dense_latency.h:17]   --->   Operation 1575 'sext' 'sext_ln17_348' <Predicate = true> <Delay = 0.00>
ST_2 : Operation 1576 [1/1] (0.00ns)   --->   "%sext_ln42_348 = sext i15 %mult_750" [firmware/nnet_utils/nnet_dense_latency.h:42]   --->   Operation 1576 'sext' 'sext_ln42_348' <Predicate = true> <Delay = 0.00>
ST_2 : Operation 1577 [1/1] (0.00ns)   --->   "%sext_ln42_350 = sext i15 %mult_755" [firmware/nnet_utils/nnet_dense_latency.h:42]   --->   Operation 1577 'sext' 'sext_ln42_350' <Predicate = true> <Delay = 0.00>
ST_2 : Operation 1578 [1/1] (0.00ns)   --->   "%sext_ln42_351 = sext i15 %mult_756" [firmware/nnet_utils/nnet_dense_latency.h:42]   --->   Operation 1578 'sext' 'sext_ln42_351' <Predicate = true> <Delay = 0.00>
ST_2 : Operation 1579 [1/1] (0.00ns)   --->   "%sext_ln17_351 = sext i12 %mult_757" [firmware/nnet_utils/nnet_dense_latency.h:17]   --->   Operation 1579 'sext' 'sext_ln17_351' <Predicate = true> <Delay = 0.00>
ST_2 : Operation 1580 [1/1] (0.00ns)   --->   "%sext_ln17_352 = sext i14 %mult_758" [firmware/nnet_utils/nnet_dense_latency.h:17]   --->   Operation 1580 'sext' 'sext_ln17_352' <Predicate = true> <Delay = 0.00>
ST_2 : Operation 1581 [1/1] (0.00ns)   --->   "%sext_ln42_353 = sext i14 %mult_763" [firmware/nnet_utils/nnet_dense_latency.h:42]   --->   Operation 1581 'sext' 'sext_ln42_353' <Predicate = true> <Delay = 0.00>
ST_2 : Operation 1582 [1/1] (0.00ns)   --->   "%sext_ln42_355 = sext i15 %mult_766" [firmware/nnet_utils/nnet_dense_latency.h:42]   --->   Operation 1582 'sext' 'sext_ln42_355' <Predicate = true> <Delay = 0.00>
ST_2 : Operation 1583 [1/1] (0.00ns)   --->   "%tmp_500 = bitconcatenate i21 @_ssdm_op_BitConcatenate.i21.i16.i5, i16 %a_166, i5 0" [firmware/nnet_utils/nnet_mult.h:73->firmware/nnet_utils/nnet_dense_latency.h:42]   --->   Operation 1583 'bitconcatenate' 'tmp_500' <Predicate = true> <Delay = 0.00>
ST_2 : Operation 1584 [1/1] (0.00ns)   --->   "%sext_ln73_793 = sext i21 %tmp_500" [firmware/nnet_utils/nnet_mult.h:73->firmware/nnet_utils/nnet_dense_latency.h:42]   --->   Operation 1584 'sext' 'sext_ln73_793' <Predicate = true> <Delay = 0.00>
ST_2 : Operation 1585 [1/1] (0.00ns) (grouped into TernaryAdder)   --->   "%sub_ln73_452 = sub i23 0, i23 %sext_ln73_793" [firmware/nnet_utils/nnet_mult.h:73->firmware/nnet_utils/nnet_dense_latency.h:42]   --->   Operation 1585 'sub' 'sub_ln73_452' <Predicate = true> <Delay = 0.00> <CoreInst = "TAddSub">   --->   Core 10 'TAddSub' <Latency = 0> <II = 1> <Delay = 0.49> <IPBlock> <Opcode : 'add' 'sub'> <InPorts = 3> <OutPorts = 1> <Sync> <CReg>
ST_2 : Operation 1586 [1/1] (0.00ns)   --->   "%tmp_501 = bitconcatenate i18 @_ssdm_op_BitConcatenate.i18.i16.i2, i16 %a_166, i2 0" [firmware/nnet_utils/nnet_mult.h:73->firmware/nnet_utils/nnet_dense_latency.h:42]   --->   Operation 1586 'bitconcatenate' 'tmp_501' <Predicate = true> <Delay = 0.00>
ST_2 : Operation 1587 [1/1] (0.00ns)   --->   "%sext_ln73_794 = sext i18 %tmp_501" [firmware/nnet_utils/nnet_mult.h:73->firmware/nnet_utils/nnet_dense_latency.h:42]   --->   Operation 1587 'sext' 'sext_ln73_794' <Predicate = true> <Delay = 0.00>
ST_2 : Operation 1588 [1/1] (1.03ns) (root node of TernaryAdder)   --->   "%sub_ln73_453 = sub i23 %sub_ln73_452, i23 %sext_ln73_794" [firmware/nnet_utils/nnet_mult.h:73->firmware/nnet_utils/nnet_dense_latency.h:42]   --->   Operation 1588 'sub' 'sub_ln73_453' <Predicate = true> <Delay = 1.03> <CoreInst = "TAddSub">   --->   Core 10 'TAddSub' <Latency = 0> <II = 1> <Delay = 0.49> <IPBlock> <Opcode : 'add' 'sub'> <InPorts = 3> <OutPorts = 1> <Sync> <CReg>
ST_2 : Operation 1589 [1/1] (0.00ns)   --->   "%mult_768 = partselect i16 @_ssdm_op_PartSelect.i16.i23.i32.i32, i23 %sub_ln73_453, i32 7, i32 22" [firmware/nnet_utils/nnet_dense_latency.h:42]   --->   Operation 1589 'partselect' 'mult_768' <Predicate = true> <Delay = 0.00>
ST_2 : Operation 1590 [1/1] (1.43ns)   --->   "%add_ln73 = add i23 %sext_ln73_793, i23 %sext_ln73_794" [firmware/nnet_utils/nnet_mult.h:73->firmware/nnet_utils/nnet_dense_latency.h:42]   --->   Operation 1590 'add' 'add_ln73' <Predicate = true> <Delay = 1.43> <CoreInst = "Adder">   --->   Core 1 'Adder' <Latency = 0> <II = 1> <Delay = 1.43> <FuncUnit> <Opcode : 'add' 'sub'> <InPorts = 2> <OutPorts = 1>
ST_2 : Operation 1591 [1/1] (0.00ns)   --->   "%mult_769 = partselect i16 @_ssdm_op_PartSelect.i16.i23.i32.i32, i23 %add_ln73, i32 7, i32 22" [firmware/nnet_utils/nnet_dense_latency.h:42]   --->   Operation 1591 'partselect' 'mult_769' <Predicate = true> <Delay = 0.00>
ST_2 : Operation 1592 [1/1] (0.00ns)   --->   "%sext_ln42_357 = sext i15 %mult_771" [firmware/nnet_utils/nnet_dense_latency.h:42]   --->   Operation 1592 'sext' 'sext_ln42_357' <Predicate = true> <Delay = 0.00>
ST_2 : Operation 1593 [1/1] (0.00ns)   --->   "%tmp_502 = bitconcatenate i22 @_ssdm_op_BitConcatenate.i22.i16.i6, i16 %a_166, i6 0" [firmware/nnet_utils/nnet_dense_latency.h:42]   --->   Operation 1593 'bitconcatenate' 'tmp_502' <Predicate = true> <Delay = 0.00>
ST_2 : Operation 1594 [1/1] (0.00ns)   --->   "%sext_ln42_505 = sext i22 %tmp_502" [firmware/nnet_utils/nnet_dense_latency.h:42]   --->   Operation 1594 'sext' 'sext_ln42_505' <Predicate = true> <Delay = 0.00>
ST_2 : Operation 1595 [1/1] (0.00ns)   --->   "%tmp_503 = bitconcatenate i17 @_ssdm_op_BitConcatenate.i17.i16.i1, i16 %a_166, i1 0" [firmware/nnet_utils/nnet_dense_latency.h:42]   --->   Operation 1595 'bitconcatenate' 'tmp_503' <Predicate = true> <Delay = 0.00>
ST_2 : Operation 1596 [1/1] (0.00ns)   --->   "%sext_ln42_508 = sext i17 %tmp_503" [firmware/nnet_utils/nnet_dense_latency.h:42]   --->   Operation 1596 'sext' 'sext_ln42_508' <Predicate = true> <Delay = 0.00>
ST_2 : Operation 1597 [1/1] (1.44ns)   --->   "%add_ln42_8 = add i23 %sext_ln42_505, i23 %sext_ln42_508" [firmware/nnet_utils/nnet_dense_latency.h:42]   --->   Operation 1597 'add' 'add_ln42_8' <Predicate = true> <Delay = 1.44> <CoreInst = "Adder">   --->   Core 1 'Adder' <Latency = 0> <II = 1> <Delay = 1.44> <FuncUnit> <Opcode : 'add' 'sub'> <InPorts = 2> <OutPorts = 1>
ST_2 : Operation 1598 [1/1] (0.00ns)   --->   "%mult_773 = partselect i16 @_ssdm_op_PartSelect.i16.i23.i32.i32, i23 %add_ln42_8, i32 7, i32 22" [firmware/nnet_utils/nnet_dense_latency.h:42]   --->   Operation 1598 'partselect' 'mult_773' <Predicate = true> <Delay = 0.00>
ST_2 : Operation 1599 [1/1] (0.00ns)   --->   "%sext_ln42_360 = sext i15 %mult_777" [firmware/nnet_utils/nnet_dense_latency.h:42]   --->   Operation 1599 'sext' 'sext_ln42_360' <Predicate = true> <Delay = 0.00>
ST_2 : Operation 1600 [1/1] (0.00ns)   --->   "%sext_ln42_361 = sext i15 %mult_778" [firmware/nnet_utils/nnet_dense_latency.h:42]   --->   Operation 1600 'sext' 'sext_ln42_361' <Predicate = true> <Delay = 0.00>
ST_2 : Operation 1601 [1/1] (0.00ns)   --->   "%tmp_505 = bitconcatenate i21 @_ssdm_op_BitConcatenate.i21.i16.i5, i16 %a_167, i5 0" [firmware/nnet_utils/nnet_mult.h:73->firmware/nnet_utils/nnet_dense_latency.h:42]   --->   Operation 1601 'bitconcatenate' 'tmp_505' <Predicate = true> <Delay = 0.00>
ST_2 : Operation 1602 [1/1] (0.00ns)   --->   "%sext_ln73_796 = sext i21 %tmp_505" [firmware/nnet_utils/nnet_mult.h:73->firmware/nnet_utils/nnet_dense_latency.h:42]   --->   Operation 1602 'sext' 'sext_ln73_796' <Predicate = true> <Delay = 0.00>
ST_2 : Operation 1603 [1/1] (1.43ns)   --->   "%sub_ln73_454 = sub i22 0, i22 %sext_ln73_796" [firmware/nnet_utils/nnet_mult.h:73->firmware/nnet_utils/nnet_dense_latency.h:42]   --->   Operation 1603 'sub' 'sub_ln73_454' <Predicate = true> <Delay = 1.43> <CoreInst = "Adder">   --->   Core 1 'Adder' <Latency = 0> <II = 1> <Delay = 1.43> <FuncUnit> <Opcode : 'add' 'sub'> <InPorts = 2> <OutPorts = 1>
ST_2 : Operation 1604 [1/1] (0.00ns)   --->   "%mult_779 = partselect i15 @_ssdm_op_PartSelect.i15.i22.i32.i32, i22 %sub_ln73_454, i32 7, i32 21" [firmware/nnet_utils/nnet_dense_latency.h:42]   --->   Operation 1604 'partselect' 'mult_779' <Predicate = true> <Delay = 0.00>
ST_2 : Operation 1605 [1/1] (0.00ns)   --->   "%sext_ln42_362 = sext i15 %mult_779" [firmware/nnet_utils/nnet_dense_latency.h:42]   --->   Operation 1605 'sext' 'sext_ln42_362' <Predicate = true> <Delay = 0.00>
ST_2 : Operation 1606 [1/1] (0.00ns)   --->   "%tmp_506 = bitconcatenate i22 @_ssdm_op_BitConcatenate.i22.i16.i6, i16 %a_167, i6 0" [firmware/nnet_utils/nnet_dense_latency.h:42]   --->   Operation 1606 'bitconcatenate' 'tmp_506' <Predicate = true> <Delay = 0.00>
ST_2 : Operation 1607 [1/1] (0.00ns)   --->   "%sext_ln42_509 = sext i22 %tmp_506" [firmware/nnet_utils/nnet_dense_latency.h:42]   --->   Operation 1607 'sext' 'sext_ln42_509' <Predicate = true> <Delay = 0.00>
ST_2 : Operation 1608 [1/1] (0.00ns)   --->   "%tmp_507 = bitconcatenate i19 @_ssdm_op_BitConcatenate.i19.i16.i3, i16 %a_167, i3 0" [firmware/nnet_utils/nnet_dense_latency.h:42]   --->   Operation 1608 'bitconcatenate' 'tmp_507' <Predicate = true> <Delay = 0.00>
ST_2 : Operation 1609 [1/1] (0.00ns)   --->   "%sext_ln42_510 = sext i19 %tmp_507" [firmware/nnet_utils/nnet_dense_latency.h:42]   --->   Operation 1609 'sext' 'sext_ln42_510' <Predicate = true> <Delay = 0.00>
ST_2 : Operation 1610 [1/1] (1.44ns)   --->   "%add_ln42_9 = add i23 %sext_ln42_509, i23 %sext_ln42_510" [firmware/nnet_utils/nnet_dense_latency.h:42]   --->   Operation 1610 'add' 'add_ln42_9' <Predicate = true> <Delay = 1.44> <CoreInst = "Adder">   --->   Core 1 'Adder' <Latency = 0> <II = 1> <Delay = 1.44> <FuncUnit> <Opcode : 'add' 'sub'> <InPorts = 2> <OutPorts = 1>
ST_2 : Operation 1611 [1/1] (0.00ns)   --->   "%mult_781 = partselect i16 @_ssdm_op_PartSelect.i16.i23.i32.i32, i23 %add_ln42_9, i32 7, i32 22" [firmware/nnet_utils/nnet_dense_latency.h:42]   --->   Operation 1611 'partselect' 'mult_781' <Predicate = true> <Delay = 0.00>
ST_2 : Operation 1612 [1/1] (0.00ns)   --->   "%sext_ln17_359 = sext i14 %mult_785" [firmware/nnet_utils/nnet_dense_latency.h:17]   --->   Operation 1612 'sext' 'sext_ln17_359' <Predicate = true> <Delay = 0.00>
ST_2 : Operation 1613 [1/1] (0.00ns)   --->   "%sext_ln42_363 = sext i15 %mult_786" [firmware/nnet_utils/nnet_dense_latency.h:42]   --->   Operation 1613 'sext' 'sext_ln42_363' <Predicate = true> <Delay = 0.00>
ST_2 : Operation 1614 [1/1] (0.00ns)   --->   "%sext_ln42_364 = sext i15 %mult_788" [firmware/nnet_utils/nnet_dense_latency.h:42]   --->   Operation 1614 'sext' 'sext_ln42_364' <Predicate = true> <Delay = 0.00>
ST_2 : Operation 1615 [1/1] (0.00ns)   --->   "%sext_ln73_428 = sext i16 %a_169" [firmware/nnet_utils/nnet_mult.h:73->firmware/nnet_utils/nnet_dense_latency.h:42]   --->   Operation 1615 'sext' 'sext_ln73_428' <Predicate = true> <Delay = 0.00>
ST_2 : Operation 1616 [1/1] (0.00ns)   --->   "%sext_ln42_365 = sext i15 %mult_790" [firmware/nnet_utils/nnet_dense_latency.h:42]   --->   Operation 1616 'sext' 'sext_ln42_365' <Predicate = true> <Delay = 0.00>
ST_2 : Operation 1617 [1/1] (0.00ns)   --->   "%sext_ln42_366 = sext i14 %mult_792" [firmware/nnet_utils/nnet_dense_latency.h:42]   --->   Operation 1617 'sext' 'sext_ln42_366' <Predicate = true> <Delay = 0.00>
ST_2 : Operation 1618 [1/1] (0.00ns)   --->   "%sext_ln17_362 = sext i14 %mult_793" [firmware/nnet_utils/nnet_dense_latency.h:17]   --->   Operation 1618 'sext' 'sext_ln17_362' <Predicate = true> <Delay = 0.00>
ST_2 : Operation 1619 [1/1] (0.00ns)   --->   "%sext_ln17_363 = sext i12 %mult_794" [firmware/nnet_utils/nnet_dense_latency.h:17]   --->   Operation 1619 'sext' 'sext_ln17_363' <Predicate = true> <Delay = 0.00>
ST_2 : Operation 1620 [1/1] (0.00ns)   --->   "%sext_ln17_364 = sext i13 %mult_795" [firmware/nnet_utils/nnet_dense_latency.h:17]   --->   Operation 1620 'sext' 'sext_ln17_364' <Predicate = true> <Delay = 0.00>
ST_2 : Operation 1621 [1/1] (0.00ns)   --->   "%tmp_515 = bitconcatenate i21 @_ssdm_op_BitConcatenate.i21.i16.i5, i16 %a_169, i5 0" [firmware/nnet_utils/nnet_mult.h:73->firmware/nnet_utils/nnet_dense_latency.h:42]   --->   Operation 1621 'bitconcatenate' 'tmp_515' <Predicate = true> <Delay = 0.00>
ST_2 : Operation 1622 [1/1] (0.00ns)   --->   "%sext_ln73_809 = sext i21 %tmp_515" [firmware/nnet_utils/nnet_mult.h:73->firmware/nnet_utils/nnet_dense_latency.h:42]   --->   Operation 1622 'sext' 'sext_ln73_809' <Predicate = true> <Delay = 0.00>
ST_2 : Operation 1623 [1/1] (1.43ns)   --->   "%add_ln73_103 = add i23 %sext_ln73_809, i23 %sext_ln73_428" [firmware/nnet_utils/nnet_mult.h:73->firmware/nnet_utils/nnet_dense_latency.h:42]   --->   Operation 1623 'add' 'add_ln73_103' <Predicate = true> <Delay = 1.43> <CoreInst = "Adder">   --->   Core 1 'Adder' <Latency = 0> <II = 1> <Delay = 1.43> <FuncUnit> <Opcode : 'add' 'sub'> <InPorts = 2> <OutPorts = 1>
ST_2 : Operation 1624 [1/1] (0.00ns)   --->   "%mult_796 = partselect i16 @_ssdm_op_PartSelect.i16.i23.i32.i32, i23 %add_ln73_103, i32 7, i32 22" [firmware/nnet_utils/nnet_dense_latency.h:42]   --->   Operation 1624 'partselect' 'mult_796' <Predicate = true> <Delay = 0.00>
ST_2 : Operation 1625 [1/1] (0.00ns)   --->   "%sext_ln17_365 = sext i14 %mult_797" [firmware/nnet_utils/nnet_dense_latency.h:17]   --->   Operation 1625 'sext' 'sext_ln17_365' <Predicate = true> <Delay = 0.00>
ST_2 : Operation 1626 [1/1] (0.00ns)   --->   "%sext_ln42_367 = sext i15 %mult_798" [firmware/nnet_utils/nnet_dense_latency.h:42]   --->   Operation 1626 'sext' 'sext_ln42_367' <Predicate = true> <Delay = 0.00>
ST_2 : Operation 1627 [1/1] (0.00ns)   --->   "%sext_ln42_369 = sext i14 %mult_802" [firmware/nnet_utils/nnet_dense_latency.h:42]   --->   Operation 1627 'sext' 'sext_ln42_369' <Predicate = true> <Delay = 0.00>
ST_2 : Operation 1628 [1/1] (0.00ns)   --->   "%sext_ln42_370 = sext i15 %mult_804" [firmware/nnet_utils/nnet_dense_latency.h:42]   --->   Operation 1628 'sext' 'sext_ln42_370' <Predicate = true> <Delay = 0.00>
ST_2 : Operation 1629 [1/1] (0.00ns)   --->   "%sext_ln17_368 = sext i13 %mult_806" [firmware/nnet_utils/nnet_dense_latency.h:17]   --->   Operation 1629 'sext' 'sext_ln17_368' <Predicate = true> <Delay = 0.00>
ST_2 : Operation 1630 [1/1] (0.00ns)   --->   "%sext_ln42_371 = sext i14 %mult_808" [firmware/nnet_utils/nnet_dense_latency.h:42]   --->   Operation 1630 'sext' 'sext_ln42_371' <Predicate = true> <Delay = 0.00>
ST_2 : Operation 1631 [1/1] (0.00ns)   --->   "%sext_ln42_372 = sext i15 %mult_809" [firmware/nnet_utils/nnet_dense_latency.h:42]   --->   Operation 1631 'sext' 'sext_ln42_372' <Predicate = true> <Delay = 0.00>
ST_2 : Operation 1632 [1/1] (0.00ns)   --->   "%sext_ln42_373 = sext i15 %mult_812" [firmware/nnet_utils/nnet_dense_latency.h:42]   --->   Operation 1632 'sext' 'sext_ln42_373' <Predicate = true> <Delay = 0.00>
ST_2 : Operation 1633 [1/1] (0.00ns)   --->   "%sext_ln42_374 = sext i15 %mult_814" [firmware/nnet_utils/nnet_dense_latency.h:42]   --->   Operation 1633 'sext' 'sext_ln42_374' <Predicate = true> <Delay = 0.00>
ST_2 : Operation 1634 [1/1] (0.00ns)   --->   "%sext_ln42_375 = sext i15 %mult_815" [firmware/nnet_utils/nnet_dense_latency.h:42]   --->   Operation 1634 'sext' 'sext_ln42_375' <Predicate = true> <Delay = 0.00>
ST_2 : Operation 1635 [1/1] (0.00ns)   --->   "%sext_ln42_376 = sext i15 %mult_816" [firmware/nnet_utils/nnet_dense_latency.h:42]   --->   Operation 1635 'sext' 'sext_ln42_376' <Predicate = true> <Delay = 0.00>
ST_2 : Operation 1636 [1/1] (0.00ns)   --->   "%sext_ln17_373 = sext i13 %mult_818" [firmware/nnet_utils/nnet_dense_latency.h:17]   --->   Operation 1636 'sext' 'sext_ln17_373' <Predicate = true> <Delay = 0.00>
ST_2 : Operation 1637 [1/1] (0.00ns)   --->   "%sext_ln42_377 = sext i15 %mult_821" [firmware/nnet_utils/nnet_dense_latency.h:42]   --->   Operation 1637 'sext' 'sext_ln42_377' <Predicate = true> <Delay = 0.00>
ST_2 : Operation 1638 [1/1] (0.00ns)   --->   "%tmp_529 = bitconcatenate i21 @_ssdm_op_BitConcatenate.i21.i16.i5, i16 %a_173, i5 0" [firmware/nnet_utils/nnet_mult.h:73->firmware/nnet_utils/nnet_dense_latency.h:42]   --->   Operation 1638 'bitconcatenate' 'tmp_529' <Predicate = true> <Delay = 0.00>
ST_2 : Operation 1639 [1/1] (0.00ns)   --->   "%sext_ln73_829 = sext i21 %tmp_529" [firmware/nnet_utils/nnet_mult.h:73->firmware/nnet_utils/nnet_dense_latency.h:42]   --->   Operation 1639 'sext' 'sext_ln73_829' <Predicate = true> <Delay = 0.00>
ST_2 : Operation 1640 [1/1] (0.00ns)   --->   "%tmp_530 = bitconcatenate i18 @_ssdm_op_BitConcatenate.i18.i16.i2, i16 %a_173, i2 0" [firmware/nnet_utils/nnet_mult.h:73->firmware/nnet_utils/nnet_dense_latency.h:42]   --->   Operation 1640 'bitconcatenate' 'tmp_530' <Predicate = true> <Delay = 0.00>
ST_2 : Operation 1641 [1/1] (0.00ns)   --->   "%sext_ln73_830 = sext i18 %tmp_530" [firmware/nnet_utils/nnet_mult.h:73->firmware/nnet_utils/nnet_dense_latency.h:42]   --->   Operation 1641 'sext' 'sext_ln73_830' <Predicate = true> <Delay = 0.00>
ST_2 : Operation 1642 [1/1] (1.43ns)   --->   "%add_ln73_106 = add i23 %sext_ln73_829, i23 %sext_ln73_830" [firmware/nnet_utils/nnet_mult.h:73->firmware/nnet_utils/nnet_dense_latency.h:42]   --->   Operation 1642 'add' 'add_ln73_106' <Predicate = true> <Delay = 1.43> <CoreInst = "Adder">   --->   Core 1 'Adder' <Latency = 0> <II = 1> <Delay = 1.43> <FuncUnit> <Opcode : 'add' 'sub'> <InPorts = 2> <OutPorts = 1>
ST_2 : Operation 1643 [1/1] (0.00ns)   --->   "%mult_822 = partselect i16 @_ssdm_op_PartSelect.i16.i23.i32.i32, i23 %add_ln73_106, i32 7, i32 22" [firmware/nnet_utils/nnet_dense_latency.h:42]   --->   Operation 1643 'partselect' 'mult_822' <Predicate = true> <Delay = 0.00>
ST_2 : Operation 1644 [1/1] (0.00ns)   --->   "%sext_ln42_378 = sext i14 %mult_824" [firmware/nnet_utils/nnet_dense_latency.h:42]   --->   Operation 1644 'sext' 'sext_ln42_378' <Predicate = true> <Delay = 0.00>
ST_2 : Operation 1645 [1/1] (0.00ns)   --->   "%sext_ln17_376 = sext i14 %mult_825" [firmware/nnet_utils/nnet_dense_latency.h:17]   --->   Operation 1645 'sext' 'sext_ln17_376' <Predicate = true> <Delay = 0.00>
ST_2 : Operation 1646 [1/1] (0.00ns)   --->   "%sext_ln42_379 = sext i15 %mult_828" [firmware/nnet_utils/nnet_dense_latency.h:42]   --->   Operation 1646 'sext' 'sext_ln42_379' <Predicate = true> <Delay = 0.00>
ST_2 : Operation 1647 [1/1] (0.00ns)   --->   "%sext_ln42_380 = sext i15 %mult_829" [firmware/nnet_utils/nnet_dense_latency.h:42]   --->   Operation 1647 'sext' 'sext_ln42_380' <Predicate = true> <Delay = 0.00>
ST_2 : Operation 1648 [1/1] (0.00ns)   --->   "%sext_ln42_382 = sext i15 %mult_832" [firmware/nnet_utils/nnet_dense_latency.h:42]   --->   Operation 1648 'sext' 'sext_ln42_382' <Predicate = true> <Delay = 0.00>
ST_2 : Operation 1649 [1/1] (0.00ns)   --->   "%sext_ln42_383 = sext i15 %mult_835" [firmware/nnet_utils/nnet_dense_latency.h:42]   --->   Operation 1649 'sext' 'sext_ln42_383' <Predicate = true> <Delay = 0.00>
ST_2 : Operation 1650 [1/1] (0.00ns)   --->   "%sext_ln17_383 = sext i14 %mult_838" [firmware/nnet_utils/nnet_dense_latency.h:17]   --->   Operation 1650 'sext' 'sext_ln17_383' <Predicate = true> <Delay = 0.00>
ST_2 : Operation 1651 [1/1] (0.00ns)   --->   "%sext_ln42_384 = sext i15 %mult_843" [firmware/nnet_utils/nnet_dense_latency.h:42]   --->   Operation 1651 'sext' 'sext_ln42_384' <Predicate = true> <Delay = 0.00>
ST_2 : Operation 1652 [1/1] (0.00ns)   --->   "%tmp_542 = bitconcatenate i22 @_ssdm_op_BitConcatenate.i22.i16.i6, i16 %a_176, i6 0" [firmware/nnet_utils/nnet_mult.h:73->firmware/nnet_utils/nnet_dense_latency.h:42]   --->   Operation 1652 'bitconcatenate' 'tmp_542' <Predicate = true> <Delay = 0.00>
ST_2 : Operation 1653 [1/1] (0.00ns)   --->   "%sext_ln73_844 = sext i22 %tmp_542" [firmware/nnet_utils/nnet_mult.h:73->firmware/nnet_utils/nnet_dense_latency.h:42]   --->   Operation 1653 'sext' 'sext_ln73_844' <Predicate = true> <Delay = 0.00>
ST_2 : Operation 1654 [1/1] (0.00ns)   --->   "%tmp_543 = bitconcatenate i20 @_ssdm_op_BitConcatenate.i20.i16.i4, i16 %a_176, i4 0" [firmware/nnet_utils/nnet_mult.h:73->firmware/nnet_utils/nnet_dense_latency.h:42]   --->   Operation 1654 'bitconcatenate' 'tmp_543' <Predicate = true> <Delay = 0.00>
ST_2 : Operation 1655 [1/1] (0.00ns)   --->   "%sext_ln73_845 = sext i20 %tmp_543" [firmware/nnet_utils/nnet_mult.h:73->firmware/nnet_utils/nnet_dense_latency.h:42]   --->   Operation 1655 'sext' 'sext_ln73_845' <Predicate = true> <Delay = 0.00>
ST_2 : Operation 1656 [1/1] (1.44ns)   --->   "%sub_ln73_492 = sub i23 %sext_ln73_845, i23 %sext_ln73_844" [firmware/nnet_utils/nnet_mult.h:73->firmware/nnet_utils/nnet_dense_latency.h:42]   --->   Operation 1656 'sub' 'sub_ln73_492' <Predicate = true> <Delay = 1.44> <CoreInst = "Adder">   --->   Core 1 'Adder' <Latency = 0> <II = 1> <Delay = 1.44> <FuncUnit> <Opcode : 'add' 'sub'> <InPorts = 2> <OutPorts = 1>
ST_2 : Operation 1657 [1/1] (0.00ns)   --->   "%mult_844 = partselect i16 @_ssdm_op_PartSelect.i16.i23.i32.i32, i23 %sub_ln73_492, i32 7, i32 22" [firmware/nnet_utils/nnet_dense_latency.h:42]   --->   Operation 1657 'partselect' 'mult_844' <Predicate = true> <Delay = 0.00>
ST_2 : Operation 1658 [1/1] (0.00ns)   --->   "%sext_ln42_385 = sext i15 %mult_846" [firmware/nnet_utils/nnet_dense_latency.h:42]   --->   Operation 1658 'sext' 'sext_ln42_385' <Predicate = true> <Delay = 0.00>
ST_2 : Operation 1659 [1/1] (0.00ns)   --->   "%sext_ln17_389 = sext i14 %mult_850" [firmware/nnet_utils/nnet_dense_latency.h:17]   --->   Operation 1659 'sext' 'sext_ln17_389' <Predicate = true> <Delay = 0.00>
ST_2 : Operation 1660 [1/1] (0.00ns)   --->   "%sext_ln42_386 = sext i14 %mult_851" [firmware/nnet_utils/nnet_dense_latency.h:42]   --->   Operation 1660 'sext' 'sext_ln42_386' <Predicate = true> <Delay = 0.00>
ST_2 : Operation 1661 [1/1] (0.00ns)   --->   "%sext_ln17_391 = sext i13 %mult_853" [firmware/nnet_utils/nnet_dense_latency.h:17]   --->   Operation 1661 'sext' 'sext_ln17_391' <Predicate = true> <Delay = 0.00>
ST_2 : Operation 1662 [1/1] (0.00ns)   --->   "%sext_ln17_395 = sext i14 %mult_857" [firmware/nnet_utils/nnet_dense_latency.h:17]   --->   Operation 1662 'sext' 'sext_ln17_395' <Predicate = true> <Delay = 0.00>
ST_2 : Operation 1663 [1/1] (0.00ns)   --->   "%sext_ln42_387 = sext i15 %mult_860" [firmware/nnet_utils/nnet_dense_latency.h:42]   --->   Operation 1663 'sext' 'sext_ln42_387' <Predicate = true> <Delay = 0.00>
ST_2 : Operation 1664 [1/1] (0.00ns)   --->   "%sext_ln17_396 = sext i14 %mult_861" [firmware/nnet_utils/nnet_dense_latency.h:17]   --->   Operation 1664 'sext' 'sext_ln17_396' <Predicate = true> <Delay = 0.00>
ST_2 : Operation 1665 [1/1] (0.00ns)   --->   "%sext_ln42_388 = sext i15 %mult_862" [firmware/nnet_utils/nnet_dense_latency.h:42]   --->   Operation 1665 'sext' 'sext_ln42_388' <Predicate = true> <Delay = 0.00>
ST_2 : Operation 1666 [1/1] (0.00ns)   --->   "%sext_ln42_390 = sext i15 %mult_867" [firmware/nnet_utils/nnet_dense_latency.h:42]   --->   Operation 1666 'sext' 'sext_ln42_390' <Predicate = true> <Delay = 0.00>
ST_2 : Operation 1667 [1/1] (0.00ns)   --->   "%sext_ln17_399 = sext i14 %mult_868" [firmware/nnet_utils/nnet_dense_latency.h:17]   --->   Operation 1667 'sext' 'sext_ln17_399' <Predicate = true> <Delay = 0.00>
ST_2 : Operation 1668 [1/1] (0.00ns)   --->   "%sext_ln42_392 = sext i15 %mult_872" [firmware/nnet_utils/nnet_dense_latency.h:42]   --->   Operation 1668 'sext' 'sext_ln42_392' <Predicate = true> <Delay = 0.00>
ST_2 : Operation 1669 [1/1] (0.00ns)   --->   "%sext_ln17_404 = sext i13 %mult_877" [firmware/nnet_utils/nnet_dense_latency.h:17]   --->   Operation 1669 'sext' 'sext_ln17_404' <Predicate = true> <Delay = 0.00>
ST_2 : Operation 1670 [1/1] (0.00ns)   --->   "%sext_ln17_408 = sext i14 %mult_888" [firmware/nnet_utils/nnet_dense_latency.h:17]   --->   Operation 1670 'sext' 'sext_ln17_408' <Predicate = true> <Delay = 0.00>
ST_2 : Operation 1671 [1/1] (0.00ns)   --->   "%sext_ln17_409 = sext i12 %mult_889" [firmware/nnet_utils/nnet_dense_latency.h:17]   --->   Operation 1671 'sext' 'sext_ln17_409' <Predicate = true> <Delay = 0.00>
ST_2 : Operation 1672 [1/1] (0.00ns)   --->   "%sext_ln17_410 = sext i10 %mult_891" [firmware/nnet_utils/nnet_dense_latency.h:17]   --->   Operation 1672 'sext' 'sext_ln17_410' <Predicate = true> <Delay = 0.00>
ST_2 : Operation 1673 [1/1] (0.00ns)   --->   "%sext_ln17_411 = sext i14 %mult_892" [firmware/nnet_utils/nnet_dense_latency.h:17]   --->   Operation 1673 'sext' 'sext_ln17_411' <Predicate = true> <Delay = 0.00>
ST_2 : Operation 1674 [1/1] (0.00ns)   --->   "%sext_ln42_399 = sext i15 %mult_896" [firmware/nnet_utils/nnet_dense_latency.h:42]   --->   Operation 1674 'sext' 'sext_ln42_399' <Predicate = true> <Delay = 0.00>
ST_2 : Operation 1675 [1/1] (0.00ns)   --->   "%sext_ln17_414 = sext i14 %mult_897" [firmware/nnet_utils/nnet_dense_latency.h:17]   --->   Operation 1675 'sext' 'sext_ln17_414' <Predicate = true> <Delay = 0.00>
ST_2 : Operation 1676 [1/1] (0.00ns)   --->   "%sext_ln42_400 = sext i15 %mult_898" [firmware/nnet_utils/nnet_dense_latency.h:42]   --->   Operation 1676 'sext' 'sext_ln42_400' <Predicate = true> <Delay = 0.00>
ST_2 : Operation 1677 [1/1] (0.00ns)   --->   "%sext_ln42_401 = sext i15 %mult_900" [firmware/nnet_utils/nnet_dense_latency.h:42]   --->   Operation 1677 'sext' 'sext_ln42_401' <Predicate = true> <Delay = 0.00>
ST_2 : Operation 1678 [1/1] (0.00ns)   --->   "%sext_ln17_416 = sext i13 %mult_902" [firmware/nnet_utils/nnet_dense_latency.h:17]   --->   Operation 1678 'sext' 'sext_ln17_416' <Predicate = true> <Delay = 0.00>
ST_2 : Operation 1679 [1/1] (0.00ns)   --->   "%sext_ln42_402 = sext i15 %mult_903" [firmware/nnet_utils/nnet_dense_latency.h:42]   --->   Operation 1679 'sext' 'sext_ln42_402' <Predicate = true> <Delay = 0.00>
ST_2 : Operation 1680 [1/1] (0.00ns)   --->   "%sext_ln17_417 = sext i14 %mult_904" [firmware/nnet_utils/nnet_dense_latency.h:17]   --->   Operation 1680 'sext' 'sext_ln17_417' <Predicate = true> <Delay = 0.00>
ST_2 : Operation 1681 [1/1] (0.00ns)   --->   "%sext_ln42_403 = sext i15 %mult_905" [firmware/nnet_utils/nnet_dense_latency.h:42]   --->   Operation 1681 'sext' 'sext_ln42_403' <Predicate = true> <Delay = 0.00>
ST_2 : Operation 1682 [1/1] (0.00ns)   --->   "%sext_ln42_405 = sext i14 %mult_908" [firmware/nnet_utils/nnet_dense_latency.h:42]   --->   Operation 1682 'sext' 'sext_ln42_405' <Predicate = true> <Delay = 0.00>
ST_2 : Operation 1683 [1/1] (0.00ns)   --->   "%sext_ln42_406 = sext i15 %mult_910" [firmware/nnet_utils/nnet_dense_latency.h:42]   --->   Operation 1683 'sext' 'sext_ln42_406' <Predicate = true> <Delay = 0.00>
ST_2 : Operation 1684 [1/1] (0.00ns)   --->   "%sext_ln42_410 = sext i15 %mult_913" [firmware/nnet_utils/nnet_dense_latency.h:42]   --->   Operation 1684 'sext' 'sext_ln42_410' <Predicate = true> <Delay = 0.00>
ST_2 : Operation 1685 [1/1] (0.00ns)   --->   "%sext_ln17_422 = sext i14 %mult_914" [firmware/nnet_utils/nnet_dense_latency.h:17]   --->   Operation 1685 'sext' 'sext_ln17_422' <Predicate = true> <Delay = 0.00>
ST_2 : Operation 1686 [1/1] (0.00ns)   --->   "%sext_ln42_411 = sext i15 %mult_916" [firmware/nnet_utils/nnet_dense_latency.h:42]   --->   Operation 1686 'sext' 'sext_ln42_411' <Predicate = true> <Delay = 0.00>
ST_2 : Operation 1687 [1/1] (0.00ns)   --->   "%sext_ln17_425 = sext i14 %mult_918" [firmware/nnet_utils/nnet_dense_latency.h:17]   --->   Operation 1687 'sext' 'sext_ln17_425' <Predicate = true> <Delay = 0.00>
ST_2 : Operation 1688 [1/1] (0.00ns)   --->   "%sext_ln42_412 = sext i15 %mult_920" [firmware/nnet_utils/nnet_dense_latency.h:42]   --->   Operation 1688 'sext' 'sext_ln42_412' <Predicate = true> <Delay = 0.00>
ST_2 : Operation 1689 [1/1] (0.00ns)   --->   "%tmp_581 = bitconcatenate i20 @_ssdm_op_BitConcatenate.i20.i16.i4, i16 %a_186, i4 0" [firmware/nnet_utils/nnet_mult.h:73->firmware/nnet_utils/nnet_dense_latency.h:42]   --->   Operation 1689 'bitconcatenate' 'tmp_581' <Predicate = true> <Delay = 0.00>
ST_2 : Operation 1690 [1/1] (0.00ns)   --->   "%sext_ln73_897 = sext i20 %tmp_581" [firmware/nnet_utils/nnet_mult.h:73->firmware/nnet_utils/nnet_dense_latency.h:42]   --->   Operation 1690 'sext' 'sext_ln73_897' <Predicate = true> <Delay = 0.00>
ST_2 : Operation 1691 [1/1] (1.43ns)   --->   "%sub_ln73_536 = sub i21 0, i21 %sext_ln73_897" [firmware/nnet_utils/nnet_mult.h:73->firmware/nnet_utils/nnet_dense_latency.h:42]   --->   Operation 1691 'sub' 'sub_ln73_536' <Predicate = true> <Delay = 1.43> <CoreInst = "Adder">   --->   Core 1 'Adder' <Latency = 0> <II = 1> <Delay = 1.43> <FuncUnit> <Opcode : 'add' 'sub'> <InPorts = 2> <OutPorts = 1>
ST_2 : Operation 1692 [1/1] (0.00ns)   --->   "%mult_921 = partselect i14 @_ssdm_op_PartSelect.i14.i21.i32.i32, i21 %sub_ln73_536, i32 7, i32 20" [firmware/nnet_utils/nnet_dense_latency.h:42]   --->   Operation 1692 'partselect' 'mult_921' <Predicate = true> <Delay = 0.00>
ST_2 : Operation 1693 [1/1] (0.00ns)   --->   "%sext_ln17_426 = sext i14 %mult_921" [firmware/nnet_utils/nnet_dense_latency.h:17]   --->   Operation 1693 'sext' 'sext_ln17_426' <Predicate = true> <Delay = 0.00>
ST_2 : Operation 1694 [1/1] (0.00ns)   --->   "%sext_ln42_413 = sext i15 %mult_923" [firmware/nnet_utils/nnet_dense_latency.h:42]   --->   Operation 1694 'sext' 'sext_ln42_413' <Predicate = true> <Delay = 0.00>
ST_2 : Operation 1695 [1/1] (0.00ns)   --->   "%tmp_582 = bitconcatenate i21 @_ssdm_op_BitConcatenate.i21.i16.i5, i16 %a_186, i5 0" [firmware/nnet_utils/nnet_mult.h:73->firmware/nnet_utils/nnet_dense_latency.h:42]   --->   Operation 1695 'bitconcatenate' 'tmp_582' <Predicate = true> <Delay = 0.00>
ST_2 : Operation 1696 [1/1] (0.00ns)   --->   "%sext_ln73_898 = sext i21 %tmp_582" [firmware/nnet_utils/nnet_mult.h:73->firmware/nnet_utils/nnet_dense_latency.h:42]   --->   Operation 1696 'sext' 'sext_ln73_898' <Predicate = true> <Delay = 0.00>
ST_2 : Operation 1697 [1/1] (1.43ns)   --->   "%sub_ln73_537 = sub i22 0, i22 %sext_ln73_898" [firmware/nnet_utils/nnet_mult.h:73->firmware/nnet_utils/nnet_dense_latency.h:42]   --->   Operation 1697 'sub' 'sub_ln73_537' <Predicate = true> <Delay = 1.43> <CoreInst = "Adder">   --->   Core 1 'Adder' <Latency = 0> <II = 1> <Delay = 1.43> <FuncUnit> <Opcode : 'add' 'sub'> <InPorts = 2> <OutPorts = 1>
ST_2 : Operation 1698 [1/1] (0.00ns)   --->   "%mult_924 = partselect i15 @_ssdm_op_PartSelect.i15.i22.i32.i32, i22 %sub_ln73_537, i32 7, i32 21" [firmware/nnet_utils/nnet_dense_latency.h:42]   --->   Operation 1698 'partselect' 'mult_924' <Predicate = true> <Delay = 0.00>
ST_2 : Operation 1699 [1/1] (0.00ns)   --->   "%sext_ln42_414 = sext i15 %mult_924" [firmware/nnet_utils/nnet_dense_latency.h:42]   --->   Operation 1699 'sext' 'sext_ln42_414' <Predicate = true> <Delay = 0.00>
ST_2 : Operation 1700 [1/1] (0.00ns)   --->   "%sext_ln42_415 = sext i15 %mult_925" [firmware/nnet_utils/nnet_dense_latency.h:42]   --->   Operation 1700 'sext' 'sext_ln42_415' <Predicate = true> <Delay = 0.00>
ST_2 : Operation 1701 [1/1] (0.00ns)   --->   "%sext_ln42_416 = sext i15 %mult_928" [firmware/nnet_utils/nnet_dense_latency.h:42]   --->   Operation 1701 'sext' 'sext_ln42_416' <Predicate = true> <Delay = 0.00>
ST_2 : Operation 1702 [1/1] (0.00ns)   --->   "%sext_ln42_417 = sext i15 %mult_931" [firmware/nnet_utils/nnet_dense_latency.h:42]   --->   Operation 1702 'sext' 'sext_ln42_417' <Predicate = true> <Delay = 0.00>
ST_2 : Operation 1703 [1/1] (0.00ns)   --->   "%sext_ln42_418 = sext i14 %mult_933" [firmware/nnet_utils/nnet_dense_latency.h:42]   --->   Operation 1703 'sext' 'sext_ln42_418' <Predicate = true> <Delay = 0.00>
ST_2 : Operation 1704 [1/1] (0.00ns)   --->   "%sext_ln17_432 = sext i14 %mult_935" [firmware/nnet_utils/nnet_dense_latency.h:17]   --->   Operation 1704 'sext' 'sext_ln17_432' <Predicate = true> <Delay = 0.00>
ST_2 : Operation 1705 [1/1] (0.00ns)   --->   "%sext_ln42_420 = sext i15 %mult_937" [firmware/nnet_utils/nnet_dense_latency.h:42]   --->   Operation 1705 'sext' 'sext_ln42_420' <Predicate = true> <Delay = 0.00>
ST_2 : Operation 1706 [1/1] (0.00ns)   --->   "%sext_ln42_421 = sext i15 %mult_941" [firmware/nnet_utils/nnet_dense_latency.h:42]   --->   Operation 1706 'sext' 'sext_ln42_421' <Predicate = true> <Delay = 0.00>
ST_2 : Operation 1707 [1/1] (0.00ns)   --->   "%tmp_593 = bitconcatenate i19 @_ssdm_op_BitConcatenate.i19.i16.i3, i16 %a_190, i3 0" [firmware/nnet_utils/nnet_mult.h:73->firmware/nnet_utils/nnet_dense_latency.h:42]   --->   Operation 1707 'bitconcatenate' 'tmp_593' <Predicate = true> <Delay = 0.00>
ST_2 : Operation 1708 [1/1] (0.00ns)   --->   "%sext_ln73_913 = sext i19 %tmp_593" [firmware/nnet_utils/nnet_mult.h:73->firmware/nnet_utils/nnet_dense_latency.h:42]   --->   Operation 1708 'sext' 'sext_ln73_913' <Predicate = true> <Delay = 0.00>
ST_2 : Operation 1709 [1/1] (0.00ns) (grouped into TernaryAdder)   --->   "%sub_ln73_549 = sub i21 0, i21 %sext_ln73_913" [firmware/nnet_utils/nnet_mult.h:73->firmware/nnet_utils/nnet_dense_latency.h:42]   --->   Operation 1709 'sub' 'sub_ln73_549' <Predicate = true> <Delay = 0.00> <CoreInst = "TAddSub">   --->   Core 10 'TAddSub' <Latency = 0> <II = 1> <Delay = 0.49> <IPBlock> <Opcode : 'add' 'sub'> <InPorts = 3> <OutPorts = 1> <Sync> <CReg>
ST_2 : Operation 1710 [1/1] (0.00ns)   --->   "%tmp_594 = bitconcatenate i17 @_ssdm_op_BitConcatenate.i17.i16.i1, i16 %a_190, i1 0" [firmware/nnet_utils/nnet_mult.h:73->firmware/nnet_utils/nnet_dense_latency.h:42]   --->   Operation 1710 'bitconcatenate' 'tmp_594' <Predicate = true> <Delay = 0.00>
ST_2 : Operation 1711 [1/1] (0.00ns)   --->   "%sext_ln73_914 = sext i17 %tmp_594" [firmware/nnet_utils/nnet_mult.h:73->firmware/nnet_utils/nnet_dense_latency.h:42]   --->   Operation 1711 'sext' 'sext_ln73_914' <Predicate = true> <Delay = 0.00>
ST_2 : Operation 1712 [1/1] (1.02ns) (root node of TernaryAdder)   --->   "%sub_ln73_550 = sub i21 %sub_ln73_549, i21 %sext_ln73_914" [firmware/nnet_utils/nnet_mult.h:73->firmware/nnet_utils/nnet_dense_latency.h:42]   --->   Operation 1712 'sub' 'sub_ln73_550' <Predicate = true> <Delay = 1.02> <CoreInst = "TAddSub">   --->   Core 10 'TAddSub' <Latency = 0> <II = 1> <Delay = 0.49> <IPBlock> <Opcode : 'add' 'sub'> <InPorts = 3> <OutPorts = 1> <Sync> <CReg>
ST_2 : Operation 1713 [1/1] (0.00ns)   --->   "%mult_946 = partselect i14 @_ssdm_op_PartSelect.i14.i21.i32.i32, i21 %sub_ln73_550, i32 7, i32 20" [firmware/nnet_utils/nnet_dense_latency.h:42]   --->   Operation 1713 'partselect' 'mult_946' <Predicate = true> <Delay = 0.00>
ST_2 : Operation 1714 [1/1] (0.00ns)   --->   "%sext_ln17_439 = sext i14 %mult_946" [firmware/nnet_utils/nnet_dense_latency.h:17]   --->   Operation 1714 'sext' 'sext_ln17_439' <Predicate = true> <Delay = 0.00>
ST_2 : Operation 1715 [1/1] (0.00ns)   --->   "%sext_ln42_423 = sext i15 %mult_947" [firmware/nnet_utils/nnet_dense_latency.h:42]   --->   Operation 1715 'sext' 'sext_ln42_423' <Predicate = true> <Delay = 0.00>
ST_2 : Operation 1716 [1/1] (0.00ns)   --->   "%sext_ln42_424 = sext i15 %mult_948" [firmware/nnet_utils/nnet_dense_latency.h:42]   --->   Operation 1716 'sext' 'sext_ln42_424' <Predicate = true> <Delay = 0.00>
ST_2 : Operation 1717 [1/1] (0.00ns)   --->   "%tmp_595 = bitconcatenate i20 @_ssdm_op_BitConcatenate.i20.i16.i4, i16 %a_190, i4 0" [firmware/nnet_utils/nnet_mult.h:73->firmware/nnet_utils/nnet_dense_latency.h:42]   --->   Operation 1717 'bitconcatenate' 'tmp_595' <Predicate = true> <Delay = 0.00>
ST_2 : Operation 1718 [1/1] (0.00ns)   --->   "%sext_ln73_915 = sext i20 %tmp_595" [firmware/nnet_utils/nnet_mult.h:73->firmware/nnet_utils/nnet_dense_latency.h:42]   --->   Operation 1718 'sext' 'sext_ln73_915' <Predicate = true> <Delay = 0.00>
ST_2 : Operation 1719 [1/1] (0.00ns) (grouped into TernaryAdder)   --->   "%sub_ln73_551 = sub i22 0, i22 %sext_ln73_915" [firmware/nnet_utils/nnet_mult.h:73->firmware/nnet_utils/nnet_dense_latency.h:42]   --->   Operation 1719 'sub' 'sub_ln73_551' <Predicate = true> <Delay = 0.00> <CoreInst = "TAddSub">   --->   Core 10 'TAddSub' <Latency = 0> <II = 1> <Delay = 0.49> <IPBlock> <Opcode : 'add' 'sub'> <InPorts = 3> <OutPorts = 1> <Sync> <CReg>
ST_2 : Operation 1720 [1/1] (0.00ns)   --->   "%sext_ln73_916 = sext i17 %tmp_594" [firmware/nnet_utils/nnet_mult.h:73->firmware/nnet_utils/nnet_dense_latency.h:42]   --->   Operation 1720 'sext' 'sext_ln73_916' <Predicate = true> <Delay = 0.00>
ST_2 : Operation 1721 [1/1] (1.02ns) (root node of TernaryAdder)   --->   "%sub_ln73_552 = sub i22 %sub_ln73_551, i22 %sext_ln73_916" [firmware/nnet_utils/nnet_mult.h:73->firmware/nnet_utils/nnet_dense_latency.h:42]   --->   Operation 1721 'sub' 'sub_ln73_552' <Predicate = true> <Delay = 1.02> <CoreInst = "TAddSub">   --->   Core 10 'TAddSub' <Latency = 0> <II = 1> <Delay = 0.49> <IPBlock> <Opcode : 'add' 'sub'> <InPorts = 3> <OutPorts = 1> <Sync> <CReg>
ST_2 : Operation 1722 [1/1] (0.00ns)   --->   "%mult_949 = partselect i15 @_ssdm_op_PartSelect.i15.i22.i32.i32, i22 %sub_ln73_552, i32 7, i32 21" [firmware/nnet_utils/nnet_dense_latency.h:42]   --->   Operation 1722 'partselect' 'mult_949' <Predicate = true> <Delay = 0.00>
ST_2 : Operation 1723 [1/1] (0.00ns)   --->   "%sext_ln42_425 = sext i15 %mult_949" [firmware/nnet_utils/nnet_dense_latency.h:42]   --->   Operation 1723 'sext' 'sext_ln42_425' <Predicate = true> <Delay = 0.00>
ST_2 : Operation 1724 [1/1] (0.00ns)   --->   "%sext_ln42_427 = sext i15 %mult_952" [firmware/nnet_utils/nnet_dense_latency.h:42]   --->   Operation 1724 'sext' 'sext_ln42_427' <Predicate = true> <Delay = 0.00>
ST_2 : Operation 1725 [1/1] (0.00ns)   --->   "%sext_ln42_428 = sext i15 %mult_953" [firmware/nnet_utils/nnet_dense_latency.h:42]   --->   Operation 1725 'sext' 'sext_ln42_428' <Predicate = true> <Delay = 0.00>
ST_2 : Operation 1726 [1/1] (0.00ns)   --->   "%sext_ln42_429 = sext i15 %mult_958" [firmware/nnet_utils/nnet_dense_latency.h:42]   --->   Operation 1726 'sext' 'sext_ln42_429' <Predicate = true> <Delay = 0.00>
ST_2 : Operation 1727 [1/1] (0.00ns)   --->   "%sext_ln42_430 = sext i15 %mult_959" [firmware/nnet_utils/nnet_dense_latency.h:42]   --->   Operation 1727 'sext' 'sext_ln42_430' <Predicate = true> <Delay = 0.00>
ST_2 : Operation 1728 [1/1] (0.00ns)   --->   "%sext_ln17_446 = sext i14 %mult_961" [firmware/nnet_utils/nnet_dense_latency.h:17]   --->   Operation 1728 'sext' 'sext_ln17_446' <Predicate = true> <Delay = 0.00>
ST_2 : Operation 1729 [1/1] (0.00ns)   --->   "%sext_ln17_449 = sext i13 %mult_964" [firmware/nnet_utils/nnet_dense_latency.h:17]   --->   Operation 1729 'sext' 'sext_ln17_449' <Predicate = true> <Delay = 0.00>
ST_2 : Operation 1730 [1/1] (0.00ns)   --->   "%sext_ln73_515 = sext i16 %a_193" [firmware/nnet_utils/nnet_mult.h:73->firmware/nnet_utils/nnet_dense_latency.h:42]   --->   Operation 1730 'sext' 'sext_ln73_515' <Predicate = true> <Delay = 0.00>
ST_2 : Operation 1731 [1/1] (0.00ns)   --->   "%tmp_607 = bitconcatenate i20 @_ssdm_op_BitConcatenate.i20.i16.i4, i16 %a_193, i4 0" [firmware/nnet_utils/nnet_mult.h:73->firmware/nnet_utils/nnet_dense_latency.h:42]   --->   Operation 1731 'bitconcatenate' 'tmp_607' <Predicate = true> <Delay = 0.00>
ST_2 : Operation 1732 [1/1] (0.00ns)   --->   "%sext_ln73_935 = sext i20 %tmp_607" [firmware/nnet_utils/nnet_mult.h:73->firmware/nnet_utils/nnet_dense_latency.h:42]   --->   Operation 1732 'sext' 'sext_ln73_935' <Predicate = true> <Delay = 0.00>
ST_2 : Operation 1733 [1/1] (0.00ns)   --->   "%tmp_608 = bitconcatenate i17 @_ssdm_op_BitConcatenate.i17.i16.i1, i16 %a_193, i1 0" [firmware/nnet_utils/nnet_mult.h:73->firmware/nnet_utils/nnet_dense_latency.h:42]   --->   Operation 1733 'bitconcatenate' 'tmp_608' <Predicate = true> <Delay = 0.00>
ST_2 : Operation 1734 [1/1] (0.00ns)   --->   "%sext_ln73_936 = sext i17 %tmp_608" [firmware/nnet_utils/nnet_mult.h:73->firmware/nnet_utils/nnet_dense_latency.h:42]   --->   Operation 1734 'sext' 'sext_ln73_936' <Predicate = true> <Delay = 0.00>
ST_2 : Operation 1735 [1/1] (1.43ns)   --->   "%add_ln73_118 = add i22 %sext_ln73_935, i22 %sext_ln73_936" [firmware/nnet_utils/nnet_mult.h:73->firmware/nnet_utils/nnet_dense_latency.h:42]   --->   Operation 1735 'add' 'add_ln73_118' <Predicate = true> <Delay = 1.43> <CoreInst = "Adder">   --->   Core 1 'Adder' <Latency = 0> <II = 1> <Delay = 1.43> <FuncUnit> <Opcode : 'add' 'sub'> <InPorts = 2> <OutPorts = 1>
ST_2 : Operation 1736 [1/1] (0.00ns)   --->   "%mult_970 = partselect i15 @_ssdm_op_PartSelect.i15.i22.i32.i32, i22 %add_ln73_118, i32 7, i32 21" [firmware/nnet_utils/nnet_dense_latency.h:42]   --->   Operation 1736 'partselect' 'mult_970' <Predicate = true> <Delay = 0.00>
ST_2 : Operation 1737 [1/1] (0.00ns)   --->   "%sext_ln42_432 = sext i15 %mult_970" [firmware/nnet_utils/nnet_dense_latency.h:42]   --->   Operation 1737 'sext' 'sext_ln42_432' <Predicate = true> <Delay = 0.00>
ST_2 : Operation 1738 [1/1] (0.00ns) (grouped into TernaryAdder)   --->   "%sub_ln73_568 = sub i22 0, i22 %sext_ln73_935" [firmware/nnet_utils/nnet_mult.h:73->firmware/nnet_utils/nnet_dense_latency.h:42]   --->   Operation 1738 'sub' 'sub_ln73_568' <Predicate = true> <Delay = 0.00> <CoreInst = "TAddSub">   --->   Core 10 'TAddSub' <Latency = 0> <II = 1> <Delay = 0.49> <IPBlock> <Opcode : 'add' 'sub'> <InPorts = 3> <OutPorts = 1> <Sync> <CReg>
ST_2 : Operation 1739 [1/1] (0.00ns)   --->   "%tmp_609 = bitconcatenate i18 @_ssdm_op_BitConcatenate.i18.i16.i2, i16 %a_193, i2 0" [firmware/nnet_utils/nnet_mult.h:73->firmware/nnet_utils/nnet_dense_latency.h:42]   --->   Operation 1739 'bitconcatenate' 'tmp_609' <Predicate = true> <Delay = 0.00>
ST_2 : Operation 1740 [1/1] (0.00ns)   --->   "%sext_ln73_937 = sext i18 %tmp_609" [firmware/nnet_utils/nnet_mult.h:73->firmware/nnet_utils/nnet_dense_latency.h:42]   --->   Operation 1740 'sext' 'sext_ln73_937' <Predicate = true> <Delay = 0.00>
ST_2 : Operation 1741 [1/1] (1.02ns) (root node of TernaryAdder)   --->   "%sub_ln73_569 = sub i22 %sub_ln73_568, i22 %sext_ln73_937" [firmware/nnet_utils/nnet_mult.h:73->firmware/nnet_utils/nnet_dense_latency.h:42]   --->   Operation 1741 'sub' 'sub_ln73_569' <Predicate = true> <Delay = 1.02> <CoreInst = "TAddSub">   --->   Core 10 'TAddSub' <Latency = 0> <II = 1> <Delay = 0.49> <IPBlock> <Opcode : 'add' 'sub'> <InPorts = 3> <OutPorts = 1> <Sync> <CReg>
ST_2 : Operation 1742 [1/1] (0.00ns)   --->   "%mult_971 = partselect i15 @_ssdm_op_PartSelect.i15.i22.i32.i32, i22 %sub_ln73_569, i32 7, i32 21" [firmware/nnet_utils/nnet_dense_latency.h:42]   --->   Operation 1742 'partselect' 'mult_971' <Predicate = true> <Delay = 0.00>
ST_2 : Operation 1743 [1/1] (0.00ns)   --->   "%sext_ln42_433 = sext i15 %mult_971" [firmware/nnet_utils/nnet_dense_latency.h:42]   --->   Operation 1743 'sext' 'sext_ln42_433' <Predicate = true> <Delay = 0.00>
ST_2 : Operation 1744 [1/1] (0.00ns)   --->   "%tmp_610 = bitconcatenate i21 @_ssdm_op_BitConcatenate.i21.i16.i5, i16 %a_193, i5 0" [firmware/nnet_utils/nnet_mult.h:73->firmware/nnet_utils/nnet_dense_latency.h:42]   --->   Operation 1744 'bitconcatenate' 'tmp_610' <Predicate = true> <Delay = 0.00>
ST_2 : Operation 1745 [1/1] (0.00ns)   --->   "%sext_ln73_938 = sext i21 %tmp_610" [firmware/nnet_utils/nnet_mult.h:73->firmware/nnet_utils/nnet_dense_latency.h:42]   --->   Operation 1745 'sext' 'sext_ln73_938' <Predicate = true> <Delay = 0.00>
ST_2 : Operation 1746 [1/1] (1.43ns)   --->   "%sub_ln73_570 = sub i22 %sext_ln73_938, i22 %sext_ln73_937" [firmware/nnet_utils/nnet_mult.h:73->firmware/nnet_utils/nnet_dense_latency.h:42]   --->   Operation 1746 'sub' 'sub_ln73_570' <Predicate = true> <Delay = 1.43> <CoreInst = "Adder">   --->   Core 1 'Adder' <Latency = 0> <II = 1> <Delay = 1.43> <FuncUnit> <Opcode : 'add' 'sub'> <InPorts = 2> <OutPorts = 1>
ST_2 : Operation 1747 [1/1] (0.00ns)   --->   "%mult_972 = partselect i15 @_ssdm_op_PartSelect.i15.i22.i32.i32, i22 %sub_ln73_570, i32 7, i32 21" [firmware/nnet_utils/nnet_dense_latency.h:42]   --->   Operation 1747 'partselect' 'mult_972' <Predicate = true> <Delay = 0.00>
ST_2 : Operation 1748 [1/1] (0.00ns)   --->   "%sext_ln42_434 = sext i15 %mult_972" [firmware/nnet_utils/nnet_dense_latency.h:42]   --->   Operation 1748 'sext' 'sext_ln42_434' <Predicate = true> <Delay = 0.00>
ST_2 : Operation 1749 [1/1] (1.43ns)   --->   "%add_ln73_119 = add i22 %sext_ln73_935, i22 %sext_ln73_515" [firmware/nnet_utils/nnet_mult.h:73->firmware/nnet_utils/nnet_dense_latency.h:42]   --->   Operation 1749 'add' 'add_ln73_119' <Predicate = true> <Delay = 1.43> <CoreInst = "Adder">   --->   Core 1 'Adder' <Latency = 0> <II = 1> <Delay = 1.43> <FuncUnit> <Opcode : 'add' 'sub'> <InPorts = 2> <OutPorts = 1>
ST_2 : Operation 1750 [1/1] (0.00ns)   --->   "%mult_974 = partselect i15 @_ssdm_op_PartSelect.i15.i22.i32.i32, i22 %add_ln73_119, i32 7, i32 21" [firmware/nnet_utils/nnet_dense_latency.h:42]   --->   Operation 1750 'partselect' 'mult_974' <Predicate = true> <Delay = 0.00>
ST_2 : Operation 1751 [1/1] (0.00ns)   --->   "%sext_ln42_435 = sext i15 %mult_974" [firmware/nnet_utils/nnet_dense_latency.h:42]   --->   Operation 1751 'sext' 'sext_ln42_435' <Predicate = true> <Delay = 0.00>
ST_2 : Operation 1752 [1/1] (0.00ns)   --->   "%tmp_611 = bitconcatenate i22 @_ssdm_op_BitConcatenate.i22.i16.i6, i16 %a_193, i6 0" [firmware/nnet_utils/nnet_mult.h:73->firmware/nnet_utils/nnet_dense_latency.h:42]   --->   Operation 1752 'bitconcatenate' 'tmp_611' <Predicate = true> <Delay = 0.00>
ST_2 : Operation 1753 [1/1] (0.00ns)   --->   "%sext_ln73_939 = sext i22 %tmp_611" [firmware/nnet_utils/nnet_mult.h:73->firmware/nnet_utils/nnet_dense_latency.h:42]   --->   Operation 1753 'sext' 'sext_ln73_939' <Predicate = true> <Delay = 0.00>
ST_2 : Operation 1754 [1/1] (0.00ns)   --->   "%sext_ln73_940 = sext i20 %tmp_607" [firmware/nnet_utils/nnet_mult.h:73->firmware/nnet_utils/nnet_dense_latency.h:42]   --->   Operation 1754 'sext' 'sext_ln73_940' <Predicate = true> <Delay = 0.00>
ST_2 : Operation 1755 [1/1] (1.44ns)   --->   "%sub_ln73_572 = sub i23 %sext_ln73_939, i23 %sext_ln73_940" [firmware/nnet_utils/nnet_mult.h:73->firmware/nnet_utils/nnet_dense_latency.h:42]   --->   Operation 1755 'sub' 'sub_ln73_572' <Predicate = true> <Delay = 1.44> <CoreInst = "Adder">   --->   Core 1 'Adder' <Latency = 0> <II = 1> <Delay = 1.44> <FuncUnit> <Opcode : 'add' 'sub'> <InPorts = 2> <OutPorts = 1>
ST_2 : Operation 1756 [1/1] (0.00ns)   --->   "%mult_975 = partselect i16 @_ssdm_op_PartSelect.i16.i23.i32.i32, i23 %sub_ln73_572, i32 7, i32 22" [firmware/nnet_utils/nnet_dense_latency.h:42]   --->   Operation 1756 'partselect' 'mult_975' <Predicate = true> <Delay = 0.00>
ST_2 : Operation 1757 [1/1] (0.00ns)   --->   "%sext_ln73_521 = sext i16 %a_194" [firmware/nnet_utils/nnet_mult.h:73->firmware/nnet_utils/nnet_dense_latency.h:42]   --->   Operation 1757 'sext' 'sext_ln73_521' <Predicate = true> <Delay = 0.00>
ST_2 : Operation 1758 [1/1] (0.00ns)   --->   "%tmp_612 = bitconcatenate i21 @_ssdm_op_BitConcatenate.i21.i16.i5, i16 %a_194, i5 0" [firmware/nnet_utils/nnet_mult.h:73->firmware/nnet_utils/nnet_dense_latency.h:42]   --->   Operation 1758 'bitconcatenate' 'tmp_612' <Predicate = true> <Delay = 0.00>
ST_2 : Operation 1759 [1/1] (0.00ns)   --->   "%sext_ln73_941 = sext i21 %tmp_612" [firmware/nnet_utils/nnet_mult.h:73->firmware/nnet_utils/nnet_dense_latency.h:42]   --->   Operation 1759 'sext' 'sext_ln73_941' <Predicate = true> <Delay = 0.00>
ST_2 : Operation 1760 [1/1] (0.00ns) (grouped into TernaryAdder)   --->   "%sub_ln73_573 = sub i23 0, i23 %sext_ln73_941" [firmware/nnet_utils/nnet_mult.h:73->firmware/nnet_utils/nnet_dense_latency.h:42]   --->   Operation 1760 'sub' 'sub_ln73_573' <Predicate = true> <Delay = 0.00> <CoreInst = "TAddSub">   --->   Core 10 'TAddSub' <Latency = 0> <II = 1> <Delay = 0.49> <IPBlock> <Opcode : 'add' 'sub'> <InPorts = 3> <OutPorts = 1> <Sync> <CReg>
ST_2 : Operation 1761 [1/1] (1.03ns) (root node of TernaryAdder)   --->   "%sub_ln73_574 = sub i23 %sub_ln73_573, i23 %sext_ln73_521" [firmware/nnet_utils/nnet_mult.h:73->firmware/nnet_utils/nnet_dense_latency.h:42]   --->   Operation 1761 'sub' 'sub_ln73_574' <Predicate = true> <Delay = 1.03> <CoreInst = "TAddSub">   --->   Core 10 'TAddSub' <Latency = 0> <II = 1> <Delay = 0.49> <IPBlock> <Opcode : 'add' 'sub'> <InPorts = 3> <OutPorts = 1> <Sync> <CReg>
ST_2 : Operation 1762 [1/1] (0.00ns)   --->   "%mult_976 = partselect i16 @_ssdm_op_PartSelect.i16.i23.i32.i32, i23 %sub_ln73_574, i32 7, i32 22" [firmware/nnet_utils/nnet_dense_latency.h:42]   --->   Operation 1762 'partselect' 'mult_976' <Predicate = true> <Delay = 0.00>
ST_2 : Operation 1763 [1/1] (0.00ns)   --->   "%sext_ln42_436 = sext i15 %mult_977" [firmware/nnet_utils/nnet_dense_latency.h:42]   --->   Operation 1763 'sext' 'sext_ln42_436' <Predicate = true> <Delay = 0.00>
ST_2 : Operation 1764 [1/1] (0.00ns)   --->   "%sext_ln17_454 = sext i14 %mult_978" [firmware/nnet_utils/nnet_dense_latency.h:17]   --->   Operation 1764 'sext' 'sext_ln17_454' <Predicate = true> <Delay = 0.00>
ST_2 : Operation 1765 [1/1] (0.00ns)   --->   "%sext_ln42_437 = sext i15 %mult_979" [firmware/nnet_utils/nnet_dense_latency.h:42]   --->   Operation 1765 'sext' 'sext_ln42_437' <Predicate = true> <Delay = 0.00>
ST_2 : Operation 1766 [1/1] (0.00ns)   --->   "%tmp_615 = bitconcatenate i18 @_ssdm_op_BitConcatenate.i18.i16.i2, i16 %a_194, i2 0" [firmware/nnet_utils/nnet_mult.h:73->firmware/nnet_utils/nnet_dense_latency.h:42]   --->   Operation 1766 'bitconcatenate' 'tmp_615' <Predicate = true> <Delay = 0.00>
ST_2 : Operation 1767 [1/1] (0.00ns)   --->   "%sext_ln73_944 = sext i18 %tmp_615" [firmware/nnet_utils/nnet_mult.h:73->firmware/nnet_utils/nnet_dense_latency.h:42]   --->   Operation 1767 'sext' 'sext_ln73_944' <Predicate = true> <Delay = 0.00>
ST_2 : Operation 1768 [1/1] (1.43ns)   --->   "%sub_ln73_576 = sub i21 %sext_ln73_942, i21 %sext_ln73_944" [firmware/nnet_utils/nnet_mult.h:73->firmware/nnet_utils/nnet_dense_latency.h:42]   --->   Operation 1768 'sub' 'sub_ln73_576' <Predicate = true> <Delay = 1.43> <CoreInst = "Adder">   --->   Core 1 'Adder' <Latency = 0> <II = 1> <Delay = 1.43> <FuncUnit> <Opcode : 'add' 'sub'> <InPorts = 2> <OutPorts = 1>
ST_2 : Operation 1769 [1/1] (0.00ns)   --->   "%mult_980 = partselect i14 @_ssdm_op_PartSelect.i14.i21.i32.i32, i21 %sub_ln73_576, i32 7, i32 20" [firmware/nnet_utils/nnet_dense_latency.h:42]   --->   Operation 1769 'partselect' 'mult_980' <Predicate = true> <Delay = 0.00>
ST_2 : Operation 1770 [1/1] (0.00ns)   --->   "%sext_ln42_439 = sext i15 %mult_981" [firmware/nnet_utils/nnet_dense_latency.h:42]   --->   Operation 1770 'sext' 'sext_ln42_439' <Predicate = true> <Delay = 0.00>
ST_2 : Operation 1771 [1/1] (0.00ns)   --->   "%sext_ln73_945 = sext i21 %tmp_612" [firmware/nnet_utils/nnet_mult.h:73->firmware/nnet_utils/nnet_dense_latency.h:42]   --->   Operation 1771 'sext' 'sext_ln73_945' <Predicate = true> <Delay = 0.00>
ST_2 : Operation 1772 [1/1] (0.00ns)   --->   "%sext_ln73_946 = sext i18 %tmp_615" [firmware/nnet_utils/nnet_mult.h:73->firmware/nnet_utils/nnet_dense_latency.h:42]   --->   Operation 1772 'sext' 'sext_ln73_946' <Predicate = true> <Delay = 0.00>
ST_2 : Operation 1773 [1/1] (1.43ns)   --->   "%sub_ln73_577 = sub i22 %sext_ln73_946, i22 %sext_ln73_945" [firmware/nnet_utils/nnet_mult.h:73->firmware/nnet_utils/nnet_dense_latency.h:42]   --->   Operation 1773 'sub' 'sub_ln73_577' <Predicate = true> <Delay = 1.43> <CoreInst = "Adder">   --->   Core 1 'Adder' <Latency = 0> <II = 1> <Delay = 1.43> <FuncUnit> <Opcode : 'add' 'sub'> <InPorts = 2> <OutPorts = 1>
ST_2 : Operation 1774 [1/1] (0.00ns)   --->   "%mult_982 = partselect i15 @_ssdm_op_PartSelect.i15.i22.i32.i32, i22 %sub_ln73_577, i32 7, i32 21" [firmware/nnet_utils/nnet_dense_latency.h:42]   --->   Operation 1774 'partselect' 'mult_982' <Predicate = true> <Delay = 0.00>
ST_2 : Operation 1775 [1/1] (0.00ns)   --->   "%sext_ln42_440 = sext i15 %mult_982" [firmware/nnet_utils/nnet_dense_latency.h:42]   --->   Operation 1775 'sext' 'sext_ln42_440' <Predicate = true> <Delay = 0.00>
ST_2 : Operation 1776 [1/1] (0.00ns)   --->   "%sext_ln42_441 = sext i14 %mult_985" [firmware/nnet_utils/nnet_dense_latency.h:42]   --->   Operation 1776 'sext' 'sext_ln42_441' <Predicate = true> <Delay = 0.00>
ST_2 : Operation 1777 [1/1] (0.00ns)   --->   "%sext_ln42_442 = sext i15 %mult_988" [firmware/nnet_utils/nnet_dense_latency.h:42]   --->   Operation 1777 'sext' 'sext_ln42_442' <Predicate = true> <Delay = 0.00>
ST_2 : Operation 1778 [1/1] (0.00ns)   --->   "%sext_ln17_459 = sext i14 %mult_989" [firmware/nnet_utils/nnet_dense_latency.h:17]   --->   Operation 1778 'sext' 'sext_ln17_459' <Predicate = true> <Delay = 0.00>
ST_2 : Operation 1779 [1/1] (0.00ns)   --->   "%sext_ln42_443 = sext i15 %mult_990" [firmware/nnet_utils/nnet_dense_latency.h:42]   --->   Operation 1779 'sext' 'sext_ln42_443' <Predicate = true> <Delay = 0.00>
ST_2 : Operation 1780 [1/1] (0.00ns)   --->   "%tmp_619 = bitconcatenate i19 @_ssdm_op_BitConcatenate.i19.i16.i3, i16 %a_196, i3 0" [firmware/nnet_utils/nnet_mult.h:73->firmware/nnet_utils/nnet_dense_latency.h:42]   --->   Operation 1780 'bitconcatenate' 'tmp_619' <Predicate = true> <Delay = 0.00>
ST_2 : Operation 1781 [1/1] (0.00ns)   --->   "%sext_ln73_950 = sext i19 %tmp_619" [firmware/nnet_utils/nnet_mult.h:73->firmware/nnet_utils/nnet_dense_latency.h:42]   --->   Operation 1781 'sext' 'sext_ln73_950' <Predicate = true> <Delay = 0.00>
ST_2 : Operation 1782 [1/1] (0.00ns)   --->   "%tmp_620 = bitconcatenate i17 @_ssdm_op_BitConcatenate.i17.i16.i1, i16 %a_196, i1 0" [firmware/nnet_utils/nnet_mult.h:73->firmware/nnet_utils/nnet_dense_latency.h:42]   --->   Operation 1782 'bitconcatenate' 'tmp_620' <Predicate = true> <Delay = 0.00>
ST_2 : Operation 1783 [1/1] (0.00ns)   --->   "%sext_ln73_951 = sext i17 %tmp_620" [firmware/nnet_utils/nnet_mult.h:73->firmware/nnet_utils/nnet_dense_latency.h:42]   --->   Operation 1783 'sext' 'sext_ln73_951' <Predicate = true> <Delay = 0.00>
ST_2 : Operation 1784 [1/1] (1.43ns)   --->   "%sub_ln73_581 = sub i20 %sext_ln73_950, i20 %sext_ln73_951" [firmware/nnet_utils/nnet_mult.h:73->firmware/nnet_utils/nnet_dense_latency.h:42]   --->   Operation 1784 'sub' 'sub_ln73_581' <Predicate = true> <Delay = 1.43> <CoreInst = "Adder">   --->   Core 1 'Adder' <Latency = 0> <II = 1> <Delay = 1.43> <FuncUnit> <Opcode : 'add' 'sub'> <InPorts = 2> <OutPorts = 1>
ST_2 : Operation 1785 [1/1] (0.00ns)   --->   "%mult_992 = partselect i13 @_ssdm_op_PartSelect.i13.i20.i32.i32, i20 %sub_ln73_581, i32 7, i32 19" [firmware/nnet_utils/nnet_dense_latency.h:42]   --->   Operation 1785 'partselect' 'mult_992' <Predicate = true> <Delay = 0.00>
ST_2 : Operation 1786 [1/1] (0.00ns)   --->   "%sext_ln17_461 = sext i13 %mult_992" [firmware/nnet_utils/nnet_dense_latency.h:17]   --->   Operation 1786 'sext' 'sext_ln17_461' <Predicate = true> <Delay = 0.00>
ST_2 : Operation 1787 [1/1] (0.00ns)   --->   "%sext_ln17_462 = sext i14 %mult_993" [firmware/nnet_utils/nnet_dense_latency.h:17]   --->   Operation 1787 'sext' 'sext_ln17_462' <Predicate = true> <Delay = 0.00>
ST_2 : Operation 1788 [1/1] (0.00ns)   --->   "%sext_ln42_444 = sext i15 %mult_994" [firmware/nnet_utils/nnet_dense_latency.h:42]   --->   Operation 1788 'sext' 'sext_ln42_444' <Predicate = true> <Delay = 0.00>
ST_2 : Operation 1789 [1/1] (0.00ns)   --->   "%tmp_621 = bitconcatenate i20 @_ssdm_op_BitConcatenate.i20.i16.i4, i16 %a_196, i4 0" [firmware/nnet_utils/nnet_mult.h:73->firmware/nnet_utils/nnet_dense_latency.h:42]   --->   Operation 1789 'bitconcatenate' 'tmp_621' <Predicate = true> <Delay = 0.00>
ST_2 : Operation 1790 [1/1] (0.00ns)   --->   "%sext_ln73_952 = sext i20 %tmp_621" [firmware/nnet_utils/nnet_mult.h:73->firmware/nnet_utils/nnet_dense_latency.h:42]   --->   Operation 1790 'sext' 'sext_ln73_952' <Predicate = true> <Delay = 0.00>
ST_2 : Operation 1791 [1/1] (0.00ns) (grouped into TernaryAdder)   --->   "%sub_ln73_582 = sub i22 0, i22 %sext_ln73_952" [firmware/nnet_utils/nnet_mult.h:73->firmware/nnet_utils/nnet_dense_latency.h:42]   --->   Operation 1791 'sub' 'sub_ln73_582' <Predicate = true> <Delay = 0.00> <CoreInst = "TAddSub">   --->   Core 10 'TAddSub' <Latency = 0> <II = 1> <Delay = 0.49> <IPBlock> <Opcode : 'add' 'sub'> <InPorts = 3> <OutPorts = 1> <Sync> <CReg>
ST_2 : Operation 1792 [1/1] (0.00ns)   --->   "%sext_ln73_953 = sext i17 %tmp_620" [firmware/nnet_utils/nnet_mult.h:73->firmware/nnet_utils/nnet_dense_latency.h:42]   --->   Operation 1792 'sext' 'sext_ln73_953' <Predicate = true> <Delay = 0.00>
ST_2 : Operation 1793 [1/1] (1.02ns) (root node of TernaryAdder)   --->   "%sub_ln73_583 = sub i22 %sub_ln73_582, i22 %sext_ln73_953" [firmware/nnet_utils/nnet_mult.h:73->firmware/nnet_utils/nnet_dense_latency.h:42]   --->   Operation 1793 'sub' 'sub_ln73_583' <Predicate = true> <Delay = 1.02> <CoreInst = "TAddSub">   --->   Core 10 'TAddSub' <Latency = 0> <II = 1> <Delay = 0.49> <IPBlock> <Opcode : 'add' 'sub'> <InPorts = 3> <OutPorts = 1> <Sync> <CReg>
ST_2 : Operation 1794 [1/1] (0.00ns)   --->   "%mult_995 = partselect i15 @_ssdm_op_PartSelect.i15.i22.i32.i32, i22 %sub_ln73_583, i32 7, i32 21" [firmware/nnet_utils/nnet_dense_latency.h:42]   --->   Operation 1794 'partselect' 'mult_995' <Predicate = true> <Delay = 0.00>
ST_2 : Operation 1795 [1/1] (0.00ns)   --->   "%sext_ln42_445 = sext i15 %mult_995" [firmware/nnet_utils/nnet_dense_latency.h:42]   --->   Operation 1795 'sext' 'sext_ln42_445' <Predicate = true> <Delay = 0.00>
ST_2 : Operation 1796 [1/1] (0.00ns)   --->   "%sext_ln42_446 = sext i15 %mult_996" [firmware/nnet_utils/nnet_dense_latency.h:42]   --->   Operation 1796 'sext' 'sext_ln42_446' <Predicate = true> <Delay = 0.00>
ST_2 : Operation 1797 [1/1] (0.00ns)   --->   "%sext_ln42_447 = sext i15 %mult_998" [firmware/nnet_utils/nnet_dense_latency.h:42]   --->   Operation 1797 'sext' 'sext_ln42_447' <Predicate = true> <Delay = 0.00>
ST_2 : Operation 1798 [1/1] (0.00ns)   --->   "%sext_ln42_448 = sext i15 %mult_999" [firmware/nnet_utils/nnet_dense_latency.h:42]   --->   Operation 1798 'sext' 'sext_ln42_448' <Predicate = true> <Delay = 0.00>
ST_2 : Operation 1799 [1/1] (0.00ns)   --->   "%sext_ln42_450 = sext i15 %mult_1001" [firmware/nnet_utils/nnet_dense_latency.h:42]   --->   Operation 1799 'sext' 'sext_ln42_450' <Predicate = true> <Delay = 0.00>
ST_2 : Operation 1800 [1/1] (0.00ns)   --->   "%sext_ln17_463 = sext i14 %mult_1002" [firmware/nnet_utils/nnet_dense_latency.h:17]   --->   Operation 1800 'sext' 'sext_ln17_463' <Predicate = true> <Delay = 0.00>
ST_2 : Operation 1801 [1/1] (0.00ns)   --->   "%sext_ln17_465 = sext i14 %mult_1004" [firmware/nnet_utils/nnet_dense_latency.h:17]   --->   Operation 1801 'sext' 'sext_ln17_465' <Predicate = true> <Delay = 0.00>
ST_2 : Operation 1802 [1/1] (0.00ns)   --->   "%sext_ln42_451 = sext i15 %mult_1005" [firmware/nnet_utils/nnet_dense_latency.h:42]   --->   Operation 1802 'sext' 'sext_ln42_451' <Predicate = true> <Delay = 0.00>
ST_2 : Operation 1803 [1/1] (0.00ns)   --->   "%sext_ln42_452 = sext i15 %mult_1006" [firmware/nnet_utils/nnet_dense_latency.h:42]   --->   Operation 1803 'sext' 'sext_ln42_452' <Predicate = true> <Delay = 0.00>
ST_2 : Operation 1804 [1/1] (0.00ns)   --->   "%sext_ln17_467 = sext i14 %mult_1008" [firmware/nnet_utils/nnet_dense_latency.h:17]   --->   Operation 1804 'sext' 'sext_ln17_467' <Predicate = true> <Delay = 0.00>
ST_2 : Operation 1805 [1/1] (0.00ns)   --->   "%sext_ln17_470 = sext i14 %mult_1011" [firmware/nnet_utils/nnet_dense_latency.h:17]   --->   Operation 1805 'sext' 'sext_ln17_470' <Predicate = true> <Delay = 0.00>
ST_2 : Operation 1806 [1/1] (0.00ns)   --->   "%sext_ln17_472 = sext i14 %mult_1016" [firmware/nnet_utils/nnet_dense_latency.h:17]   --->   Operation 1806 'sext' 'sext_ln17_472' <Predicate = true> <Delay = 0.00>
ST_2 : Operation 1807 [1/1] (0.00ns)   --->   "%sext_ln42_454 = sext i15 %mult_1018" [firmware/nnet_utils/nnet_dense_latency.h:42]   --->   Operation 1807 'sext' 'sext_ln42_454' <Predicate = true> <Delay = 0.00>
ST_2 : Operation 1808 [1/1] (0.00ns)   --->   "%sext_ln42_455 = sext i15 %mult_1019" [firmware/nnet_utils/nnet_dense_latency.h:42]   --->   Operation 1808 'sext' 'sext_ln42_455' <Predicate = true> <Delay = 0.00>
ST_2 : Operation 1809 [1/1] (0.00ns)   --->   "%sext_ln17_477 = sext i14 %mult_1025" [firmware/nnet_utils/nnet_dense_latency.h:17]   --->   Operation 1809 'sext' 'sext_ln17_477' <Predicate = true> <Delay = 0.00>
ST_2 : Operation 1810 [1/1] (0.00ns)   --->   "%sext_ln17_480 = sext i13 %mult_1029" [firmware/nnet_utils/nnet_dense_latency.h:17]   --->   Operation 1810 'sext' 'sext_ln17_480' <Predicate = true> <Delay = 0.00>
ST_2 : Operation 1811 [1/1] (0.00ns)   --->   "%sext_ln17_481 = sext i13 %mult_1029" [firmware/nnet_utils/nnet_dense_latency.h:17]   --->   Operation 1811 'sext' 'sext_ln17_481' <Predicate = true> <Delay = 0.00>
ST_2 : Operation 1812 [1/1] (0.00ns)   --->   "%sext_ln17_483 = sext i13 %mult_1031" [firmware/nnet_utils/nnet_dense_latency.h:17]   --->   Operation 1812 'sext' 'sext_ln17_483' <Predicate = true> <Delay = 0.00>
ST_2 : Operation 1813 [1/1] (0.00ns)   --->   "%sext_ln17_484 = sext i14 %mult_1032" [firmware/nnet_utils/nnet_dense_latency.h:17]   --->   Operation 1813 'sext' 'sext_ln17_484' <Predicate = true> <Delay = 0.00>
ST_2 : Operation 1814 [1/1] (0.00ns)   --->   "%sext_ln17_485 = sext i11 %mult_1033" [firmware/nnet_utils/nnet_dense_latency.h:17]   --->   Operation 1814 'sext' 'sext_ln17_485' <Predicate = true> <Delay = 0.00>
ST_2 : Operation 1815 [1/1] (0.00ns)   --->   "%sext_ln42_457 = sext i15 %mult_1035" [firmware/nnet_utils/nnet_dense_latency.h:42]   --->   Operation 1815 'sext' 'sext_ln42_457' <Predicate = true> <Delay = 0.00>
ST_2 : Operation 1816 [1/1] (0.00ns)   --->   "%sext_ln42_458 = sext i15 %mult_1038" [firmware/nnet_utils/nnet_dense_latency.h:42]   --->   Operation 1816 'sext' 'sext_ln42_458' <Predicate = true> <Delay = 0.00>
ST_2 : Operation 1817 [1/1] (0.00ns)   --->   "%sext_ln42_459 = sext i15 %mult_1039" [firmware/nnet_utils/nnet_dense_latency.h:42]   --->   Operation 1817 'sext' 'sext_ln42_459' <Predicate = true> <Delay = 0.00>
ST_2 : Operation 1818 [1/1] (0.00ns)   --->   "%sext_ln42_460 = sext i15 %mult_1040" [firmware/nnet_utils/nnet_dense_latency.h:42]   --->   Operation 1818 'sext' 'sext_ln42_460' <Predicate = true> <Delay = 0.00>
ST_2 : Operation 1819 [1/1] (0.00ns)   --->   "%tmp_644 = bitconcatenate i19 @_ssdm_op_BitConcatenate.i19.i16.i3, i16 %a_203, i3 0" [firmware/nnet_utils/nnet_mult.h:73->firmware/nnet_utils/nnet_dense_latency.h:42]   --->   Operation 1819 'bitconcatenate' 'tmp_644' <Predicate = true> <Delay = 0.00>
ST_2 : Operation 1820 [1/1] (0.00ns)   --->   "%sext_ln73_980 = sext i19 %tmp_644" [firmware/nnet_utils/nnet_mult.h:73->firmware/nnet_utils/nnet_dense_latency.h:42]   --->   Operation 1820 'sext' 'sext_ln73_980' <Predicate = true> <Delay = 0.00>
ST_2 : Operation 1821 [1/1] (1.43ns)   --->   "%sub_ln73_601 = sub i20 0, i20 %sext_ln73_980" [firmware/nnet_utils/nnet_mult.h:73->firmware/nnet_utils/nnet_dense_latency.h:42]   --->   Operation 1821 'sub' 'sub_ln73_601' <Predicate = true> <Delay = 1.43> <CoreInst = "Adder">   --->   Core 1 'Adder' <Latency = 0> <II = 1> <Delay = 1.43> <FuncUnit> <Opcode : 'add' 'sub'> <InPorts = 2> <OutPorts = 1>
ST_2 : Operation 1822 [1/1] (0.00ns)   --->   "%mult_1041 = partselect i13 @_ssdm_op_PartSelect.i13.i20.i32.i32, i20 %sub_ln73_601, i32 7, i32 19" [firmware/nnet_utils/nnet_dense_latency.h:42]   --->   Operation 1822 'partselect' 'mult_1041' <Predicate = true> <Delay = 0.00>
ST_2 : Operation 1823 [1/1] (0.00ns)   --->   "%sext_ln17_487 = sext i13 %mult_1041" [firmware/nnet_utils/nnet_dense_latency.h:17]   --->   Operation 1823 'sext' 'sext_ln17_487' <Predicate = true> <Delay = 0.00>
ST_2 : Operation 1824 [1/1] (0.00ns)   --->   "%sext_ln42_461 = sext i15 %mult_1042" [firmware/nnet_utils/nnet_dense_latency.h:42]   --->   Operation 1824 'sext' 'sext_ln42_461' <Predicate = true> <Delay = 0.00>
ST_2 : Operation 1825 [1/1] (0.00ns)   --->   "%sext_ln42_462 = sext i15 %mult_1043" [firmware/nnet_utils/nnet_dense_latency.h:42]   --->   Operation 1825 'sext' 'sext_ln42_462' <Predicate = true> <Delay = 0.00>
ST_2 : Operation 1826 [1/1] (0.00ns)   --->   "%sext_ln42_463 = sext i14 %mult_1045" [firmware/nnet_utils/nnet_dense_latency.h:42]   --->   Operation 1826 'sext' 'sext_ln42_463' <Predicate = true> <Delay = 0.00>
ST_2 : Operation 1827 [1/1] (0.00ns)   --->   "%sext_ln17_488 = sext i14 %mult_1045" [firmware/nnet_utils/nnet_dense_latency.h:17]   --->   Operation 1827 'sext' 'sext_ln17_488' <Predicate = true> <Delay = 0.00>
ST_2 : Operation 1828 [1/1] (0.00ns)   --->   "%tmp_647 = bitconcatenate i21 @_ssdm_op_BitConcatenate.i21.i16.i5, i16 %a_203, i5 0" [firmware/nnet_utils/nnet_mult.h:73->firmware/nnet_utils/nnet_dense_latency.h:42]   --->   Operation 1828 'bitconcatenate' 'tmp_647' <Predicate = true> <Delay = 0.00>
ST_2 : Operation 1829 [1/1] (0.00ns)   --->   "%sext_ln73_984 = sext i21 %tmp_647" [firmware/nnet_utils/nnet_mult.h:73->firmware/nnet_utils/nnet_dense_latency.h:42]   --->   Operation 1829 'sext' 'sext_ln73_984' <Predicate = true> <Delay = 0.00>
ST_2 : Operation 1830 [1/1] (1.43ns)   --->   "%sub_ln73_603 = sub i22 0, i22 %sext_ln73_984" [firmware/nnet_utils/nnet_mult.h:73->firmware/nnet_utils/nnet_dense_latency.h:42]   --->   Operation 1830 'sub' 'sub_ln73_603' <Predicate = true> <Delay = 1.43> <CoreInst = "Adder">   --->   Core 1 'Adder' <Latency = 0> <II = 1> <Delay = 1.43> <FuncUnit> <Opcode : 'add' 'sub'> <InPorts = 2> <OutPorts = 1>
ST_2 : Operation 1831 [1/1] (0.00ns)   --->   "%mult_1046 = partselect i15 @_ssdm_op_PartSelect.i15.i22.i32.i32, i22 %sub_ln73_603, i32 7, i32 21" [firmware/nnet_utils/nnet_dense_latency.h:42]   --->   Operation 1831 'partselect' 'mult_1046' <Predicate = true> <Delay = 0.00>
ST_2 : Operation 1832 [1/1] (0.00ns)   --->   "%sext_ln42_464 = sext i15 %mult_1046" [firmware/nnet_utils/nnet_dense_latency.h:42]   --->   Operation 1832 'sext' 'sext_ln42_464' <Predicate = true> <Delay = 0.00>
ST_2 : Operation 1833 [1/1] (0.00ns)   --->   "%sext_ln42_466 = sext i15 %mult_1050" [firmware/nnet_utils/nnet_dense_latency.h:42]   --->   Operation 1833 'sext' 'sext_ln42_466' <Predicate = true> <Delay = 0.00>
ST_2 : Operation 1834 [1/1] (0.00ns)   --->   "%sext_ln17_489 = sext i14 %mult_1052" [firmware/nnet_utils/nnet_dense_latency.h:17]   --->   Operation 1834 'sext' 'sext_ln17_489' <Predicate = true> <Delay = 0.00>
ST_2 : Operation 1835 [1/1] (0.00ns)   --->   "%sext_ln42_467 = sext i15 %mult_1054" [firmware/nnet_utils/nnet_dense_latency.h:42]   --->   Operation 1835 'sext' 'sext_ln42_467' <Predicate = true> <Delay = 0.00>
ST_2 : Operation 1836 [1/1] (0.00ns)   --->   "%sext_ln42_468 = sext i15 %mult_1055" [firmware/nnet_utils/nnet_dense_latency.h:42]   --->   Operation 1836 'sext' 'sext_ln42_468' <Predicate = true> <Delay = 0.00>
ST_2 : Operation 1837 [1/1] (0.00ns)   --->   "%sext_ln42_469 = sext i15 %mult_1058" [firmware/nnet_utils/nnet_dense_latency.h:42]   --->   Operation 1837 'sext' 'sext_ln42_469' <Predicate = true> <Delay = 0.00>
ST_2 : Operation 1838 [1/1] (0.00ns)   --->   "%sext_ln17_492 = sext i14 %mult_1059" [firmware/nnet_utils/nnet_dense_latency.h:17]   --->   Operation 1838 'sext' 'sext_ln17_492' <Predicate = true> <Delay = 0.00>
ST_2 : Operation 1839 [1/1] (0.00ns)   --->   "%sext_ln42_470 = sext i15 %mult_1060" [firmware/nnet_utils/nnet_dense_latency.h:42]   --->   Operation 1839 'sext' 'sext_ln42_470' <Predicate = true> <Delay = 0.00>
ST_2 : Operation 1840 [1/1] (0.00ns)   --->   "%sext_ln42_472 = sext i15 %mult_1064" [firmware/nnet_utils/nnet_dense_latency.h:42]   --->   Operation 1840 'sext' 'sext_ln42_472' <Predicate = true> <Delay = 0.00>
ST_2 : Operation 1841 [1/1] (0.00ns)   --->   "%sext_ln17_494 = sext i14 %mult_1065" [firmware/nnet_utils/nnet_dense_latency.h:17]   --->   Operation 1841 'sext' 'sext_ln17_494' <Predicate = true> <Delay = 0.00>
ST_2 : Operation 1842 [1/1] (0.00ns)   --->   "%sext_ln42_473 = sext i15 %mult_1066" [firmware/nnet_utils/nnet_dense_latency.h:42]   --->   Operation 1842 'sext' 'sext_ln42_473' <Predicate = true> <Delay = 0.00>
ST_2 : Operation 1843 [1/1] (0.00ns)   --->   "%sext_ln42_474 = sext i15 %mult_1068" [firmware/nnet_utils/nnet_dense_latency.h:42]   --->   Operation 1843 'sext' 'sext_ln42_474' <Predicate = true> <Delay = 0.00>
ST_2 : Operation 1844 [1/1] (0.00ns)   --->   "%sext_ln42_475 = sext i15 %mult_1069" [firmware/nnet_utils/nnet_dense_latency.h:42]   --->   Operation 1844 'sext' 'sext_ln42_475' <Predicate = true> <Delay = 0.00>
ST_2 : Operation 1845 [1/1] (0.00ns)   --->   "%sext_ln42_476 = sext i14 %mult_1070" [firmware/nnet_utils/nnet_dense_latency.h:42]   --->   Operation 1845 'sext' 'sext_ln42_476' <Predicate = true> <Delay = 0.00>
ST_2 : Operation 1846 [1/1] (0.00ns)   --->   "%sext_ln42_477 = sext i15 %mult_1071" [firmware/nnet_utils/nnet_dense_latency.h:42]   --->   Operation 1846 'sext' 'sext_ln42_477' <Predicate = true> <Delay = 0.00>
ST_2 : Operation 1847 [1/1] (0.00ns)   --->   "%sext_ln42_478 = sext i15 %mult_1076" [firmware/nnet_utils/nnet_dense_latency.h:42]   --->   Operation 1847 'sext' 'sext_ln42_478' <Predicate = true> <Delay = 0.00>
ST_2 : Operation 1848 [1/1] (0.00ns)   --->   "%sext_ln42_479 = sext i15 %mult_1080" [firmware/nnet_utils/nnet_dense_latency.h:42]   --->   Operation 1848 'sext' 'sext_ln42_479' <Predicate = true> <Delay = 0.00>
ST_2 : Operation 1849 [1/1] (0.00ns)   --->   "%sext_ln17_500 = sext i14 %mult_1081" [firmware/nnet_utils/nnet_dense_latency.h:17]   --->   Operation 1849 'sext' 'sext_ln17_500' <Predicate = true> <Delay = 0.00>
ST_2 : Operation 1850 [1/1] (0.00ns)   --->   "%sext_ln17_501 = sext i11 %mult_1082" [firmware/nnet_utils/nnet_dense_latency.h:17]   --->   Operation 1850 'sext' 'sext_ln17_501' <Predicate = true> <Delay = 0.00>
ST_2 : Operation 1851 [1/1] (0.00ns)   --->   "%sext_ln42_480 = sext i15 %mult_1083" [firmware/nnet_utils/nnet_dense_latency.h:42]   --->   Operation 1851 'sext' 'sext_ln42_480' <Predicate = true> <Delay = 0.00>
ST_2 : Operation 1852 [1/1] (0.00ns)   --->   "%sext_ln42_481 = sext i15 %mult_1086" [firmware/nnet_utils/nnet_dense_latency.h:42]   --->   Operation 1852 'sext' 'sext_ln42_481' <Predicate = true> <Delay = 0.00>
ST_2 : Operation 1853 [1/1] (0.00ns)   --->   "%tmp_670 = bitconcatenate i20 @_ssdm_op_BitConcatenate.i20.i16.i4, i16 %a_209, i4 0" [firmware/nnet_utils/nnet_mult.h:73->firmware/nnet_utils/nnet_dense_latency.h:42]   --->   Operation 1853 'bitconcatenate' 'tmp_670' <Predicate = true> <Delay = 0.00>
ST_2 : Operation 1854 [1/1] (0.00ns)   --->   "%sext_ln73_1017 = sext i20 %tmp_670" [firmware/nnet_utils/nnet_mult.h:73->firmware/nnet_utils/nnet_dense_latency.h:42]   --->   Operation 1854 'sext' 'sext_ln73_1017' <Predicate = true> <Delay = 0.00>
ST_2 : Operation 1855 [1/1] (0.00ns) (grouped into TernaryAdder)   --->   "%sub_ln73_623 = sub i22 0, i22 %sext_ln73_1017" [firmware/nnet_utils/nnet_mult.h:73->firmware/nnet_utils/nnet_dense_latency.h:42]   --->   Operation 1855 'sub' 'sub_ln73_623' <Predicate = true> <Delay = 0.00> <CoreInst = "TAddSub">   --->   Core 10 'TAddSub' <Latency = 0> <II = 1> <Delay = 0.49> <IPBlock> <Opcode : 'add' 'sub'> <InPorts = 3> <OutPorts = 1> <Sync> <CReg>
ST_2 : Operation 1856 [1/1] (0.00ns)   --->   "%tmp_671 = bitconcatenate i17 @_ssdm_op_BitConcatenate.i17.i16.i1, i16 %a_209, i1 0" [firmware/nnet_utils/nnet_mult.h:73->firmware/nnet_utils/nnet_dense_latency.h:42]   --->   Operation 1856 'bitconcatenate' 'tmp_671' <Predicate = true> <Delay = 0.00>
ST_2 : Operation 1857 [1/1] (0.00ns)   --->   "%sext_ln73_1018 = sext i17 %tmp_671" [firmware/nnet_utils/nnet_mult.h:73->firmware/nnet_utils/nnet_dense_latency.h:42]   --->   Operation 1857 'sext' 'sext_ln73_1018' <Predicate = true> <Delay = 0.00>
ST_2 : Operation 1858 [1/1] (1.02ns) (root node of TernaryAdder)   --->   "%sub_ln73_624 = sub i22 %sub_ln73_623, i22 %sext_ln73_1018" [firmware/nnet_utils/nnet_mult.h:73->firmware/nnet_utils/nnet_dense_latency.h:42]   --->   Operation 1858 'sub' 'sub_ln73_624' <Predicate = true> <Delay = 1.02> <CoreInst = "TAddSub">   --->   Core 10 'TAddSub' <Latency = 0> <II = 1> <Delay = 0.49> <IPBlock> <Opcode : 'add' 'sub'> <InPorts = 3> <OutPorts = 1> <Sync> <CReg>
ST_2 : Operation 1859 [1/1] (0.00ns)   --->   "%mult_1087 = partselect i15 @_ssdm_op_PartSelect.i15.i22.i32.i32, i22 %sub_ln73_624, i32 7, i32 21" [firmware/nnet_utils/nnet_dense_latency.h:42]   --->   Operation 1859 'partselect' 'mult_1087' <Predicate = true> <Delay = 0.00>
ST_2 : Operation 1860 [1/1] (0.00ns)   --->   "%sext_ln42_482 = sext i15 %mult_1087" [firmware/nnet_utils/nnet_dense_latency.h:42]   --->   Operation 1860 'sext' 'sext_ln42_482' <Predicate = true> <Delay = 0.00>
ST_2 : Operation 1861 [1/1] (0.00ns)   --->   "%sext_ln17_504 = sext i13 %mult_1088" [firmware/nnet_utils/nnet_dense_latency.h:17]   --->   Operation 1861 'sext' 'sext_ln17_504' <Predicate = true> <Delay = 0.00>
ST_2 : Operation 1862 [1/1] (0.00ns)   --->   "%sext_ln42_483 = sext i15 %mult_1089" [firmware/nnet_utils/nnet_dense_latency.h:42]   --->   Operation 1862 'sext' 'sext_ln42_483' <Predicate = true> <Delay = 0.00>
ST_2 : Operation 1863 [1/1] (0.00ns)   --->   "%sext_ln17_505 = sext i14 %mult_1090" [firmware/nnet_utils/nnet_dense_latency.h:17]   --->   Operation 1863 'sext' 'sext_ln17_505' <Predicate = true> <Delay = 0.00>
ST_2 : Operation 1864 [1/1] (0.00ns)   --->   "%sext_ln17_506 = sext i14 %mult_1091" [firmware/nnet_utils/nnet_dense_latency.h:17]   --->   Operation 1864 'sext' 'sext_ln17_506' <Predicate = true> <Delay = 0.00>
ST_2 : Operation 1865 [1/1] (0.00ns)   --->   "%tmp_673 = bitconcatenate i18 @_ssdm_op_BitConcatenate.i18.i16.i2, i16 %a_209, i2 0" [firmware/nnet_utils/nnet_mult.h:73->firmware/nnet_utils/nnet_dense_latency.h:42]   --->   Operation 1865 'bitconcatenate' 'tmp_673' <Predicate = true> <Delay = 0.00>
ST_2 : Operation 1866 [1/1] (0.00ns)   --->   "%sext_ln73_1020 = sext i18 %tmp_673" [firmware/nnet_utils/nnet_mult.h:73->firmware/nnet_utils/nnet_dense_latency.h:42]   --->   Operation 1866 'sext' 'sext_ln73_1020' <Predicate = true> <Delay = 0.00>
ST_2 : Operation 1867 [1/1] (1.43ns)   --->   "%add_ln73_130 = add i22 %sext_ln73_1017, i22 %sext_ln73_1020" [firmware/nnet_utils/nnet_mult.h:73->firmware/nnet_utils/nnet_dense_latency.h:42]   --->   Operation 1867 'add' 'add_ln73_130' <Predicate = true> <Delay = 1.43> <CoreInst = "Adder">   --->   Core 1 'Adder' <Latency = 0> <II = 1> <Delay = 1.43> <FuncUnit> <Opcode : 'add' 'sub'> <InPorts = 2> <OutPorts = 1>
ST_2 : Operation 1868 [1/1] (0.00ns)   --->   "%mult_1092 = partselect i15 @_ssdm_op_PartSelect.i15.i22.i32.i32, i22 %add_ln73_130, i32 7, i32 21" [firmware/nnet_utils/nnet_dense_latency.h:42]   --->   Operation 1868 'partselect' 'mult_1092' <Predicate = true> <Delay = 0.00>
ST_2 : Operation 1869 [1/1] (0.00ns)   --->   "%sext_ln42_484 = sext i15 %mult_1092" [firmware/nnet_utils/nnet_dense_latency.h:42]   --->   Operation 1869 'sext' 'sext_ln42_484' <Predicate = true> <Delay = 0.00>
ST_2 : Operation 1870 [1/1] (0.00ns)   --->   "%sext_ln42_485 = sext i15 %mult_1096" [firmware/nnet_utils/nnet_dense_latency.h:42]   --->   Operation 1870 'sext' 'sext_ln42_485' <Predicate = true> <Delay = 0.00>
ST_2 : Operation 1871 [1/1] (0.00ns)   --->   "%sext_ln42_487 = sext i14 %mult_1103" [firmware/nnet_utils/nnet_dense_latency.h:42]   --->   Operation 1871 'sext' 'sext_ln42_487' <Predicate = true> <Delay = 0.00>
ST_2 : Operation 1872 [1/1] (0.00ns)   --->   "%sext_ln42_488 = sext i15 %mult_1104" [firmware/nnet_utils/nnet_dense_latency.h:42]   --->   Operation 1872 'sext' 'sext_ln42_488' <Predicate = true> <Delay = 0.00>
ST_2 : Operation 1873 [1/1] (0.00ns)   --->   "%tmp_680 = bitconcatenate i21 @_ssdm_op_BitConcatenate.i21.i16.i5, i16 %a_212, i5 0" [firmware/nnet_utils/nnet_mult.h:73->firmware/nnet_utils/nnet_dense_latency.h:42]   --->   Operation 1873 'bitconcatenate' 'tmp_680' <Predicate = true> <Delay = 0.00>
ST_2 : Operation 1874 [1/1] (0.00ns)   --->   "%sext_ln73_1031 = sext i21 %tmp_680" [firmware/nnet_utils/nnet_mult.h:73->firmware/nnet_utils/nnet_dense_latency.h:42]   --->   Operation 1874 'sext' 'sext_ln73_1031' <Predicate = true> <Delay = 0.00>
ST_2 : Operation 1875 [1/1] (0.00ns) (grouped into TernaryAdder)   --->   "%sub_ln73_631 = sub i23 0, i23 %sext_ln73_1031" [firmware/nnet_utils/nnet_mult.h:73->firmware/nnet_utils/nnet_dense_latency.h:42]   --->   Operation 1875 'sub' 'sub_ln73_631' <Predicate = true> <Delay = 0.00> <CoreInst = "TAddSub">   --->   Core 10 'TAddSub' <Latency = 0> <II = 1> <Delay = 0.49> <IPBlock> <Opcode : 'add' 'sub'> <InPorts = 3> <OutPorts = 1> <Sync> <CReg>
ST_2 : Operation 1876 [1/1] (0.00ns)   --->   "%tmp_681 = bitconcatenate i19 @_ssdm_op_BitConcatenate.i19.i16.i3, i16 %a_212, i3 0" [firmware/nnet_utils/nnet_mult.h:73->firmware/nnet_utils/nnet_dense_latency.h:42]   --->   Operation 1876 'bitconcatenate' 'tmp_681' <Predicate = true> <Delay = 0.00>
ST_2 : Operation 1877 [1/1] (0.00ns)   --->   "%sext_ln73_1032 = sext i19 %tmp_681" [firmware/nnet_utils/nnet_mult.h:73->firmware/nnet_utils/nnet_dense_latency.h:42]   --->   Operation 1877 'sext' 'sext_ln73_1032' <Predicate = true> <Delay = 0.00>
ST_2 : Operation 1878 [1/1] (1.03ns) (root node of TernaryAdder)   --->   "%sub_ln73_632 = sub i23 %sub_ln73_631, i23 %sext_ln73_1032" [firmware/nnet_utils/nnet_mult.h:73->firmware/nnet_utils/nnet_dense_latency.h:42]   --->   Operation 1878 'sub' 'sub_ln73_632' <Predicate = true> <Delay = 1.03> <CoreInst = "TAddSub">   --->   Core 10 'TAddSub' <Latency = 0> <II = 1> <Delay = 0.49> <IPBlock> <Opcode : 'add' 'sub'> <InPorts = 3> <OutPorts = 1> <Sync> <CReg>
ST_2 : Operation 1879 [1/1] (0.00ns)   --->   "%mult_1107 = partselect i16 @_ssdm_op_PartSelect.i16.i23.i32.i32, i23 %sub_ln73_632, i32 7, i32 22" [firmware/nnet_utils/nnet_dense_latency.h:42]   --->   Operation 1879 'partselect' 'mult_1107' <Predicate = true> <Delay = 0.00>
ST_2 : Operation 1880 [1/1] (0.00ns)   --->   "%sext_ln73_1033 = sext i21 %tmp_680" [firmware/nnet_utils/nnet_mult.h:73->firmware/nnet_utils/nnet_dense_latency.h:42]   --->   Operation 1880 'sext' 'sext_ln73_1033' <Predicate = true> <Delay = 0.00>
ST_2 : Operation 1881 [1/1] (0.00ns)   --->   "%sext_ln73_1034 = sext i18 %tmp_682" [firmware/nnet_utils/nnet_mult.h:73->firmware/nnet_utils/nnet_dense_latency.h:42]   --->   Operation 1881 'sext' 'sext_ln73_1034' <Predicate = true> <Delay = 0.00>
ST_2 : Operation 1882 [1/1] (1.43ns)   --->   "%sub_ln73_633 = sub i22 %sext_ln73_1033, i22 %sext_ln73_1034" [firmware/nnet_utils/nnet_mult.h:73->firmware/nnet_utils/nnet_dense_latency.h:42]   --->   Operation 1882 'sub' 'sub_ln73_633' <Predicate = true> <Delay = 1.43> <CoreInst = "Adder">   --->   Core 1 'Adder' <Latency = 0> <II = 1> <Delay = 1.43> <FuncUnit> <Opcode : 'add' 'sub'> <InPorts = 2> <OutPorts = 1>
ST_2 : Operation 1883 [1/1] (0.00ns)   --->   "%mult_1108 = partselect i15 @_ssdm_op_PartSelect.i15.i22.i32.i32, i22 %sub_ln73_633, i32 7, i32 21" [firmware/nnet_utils/nnet_dense_latency.h:42]   --->   Operation 1883 'partselect' 'mult_1108' <Predicate = true> <Delay = 0.00>
ST_2 : Operation 1884 [1/1] (0.00ns)   --->   "%sext_ln42_489 = sext i15 %mult_1108" [firmware/nnet_utils/nnet_dense_latency.h:42]   --->   Operation 1884 'sext' 'sext_ln42_489' <Predicate = true> <Delay = 0.00>
ST_2 : Operation 1885 [1/1] (0.00ns)   --->   "%tmp_683 = bitconcatenate i20 @_ssdm_op_BitConcatenate.i20.i16.i4, i16 %a_212, i4 0" [firmware/nnet_utils/nnet_mult.h:73->firmware/nnet_utils/nnet_dense_latency.h:42]   --->   Operation 1885 'bitconcatenate' 'tmp_683' <Predicate = true> <Delay = 0.00>
ST_2 : Operation 1886 [1/1] (0.00ns)   --->   "%sext_ln73_1035 = sext i20 %tmp_683" [firmware/nnet_utils/nnet_mult.h:73->firmware/nnet_utils/nnet_dense_latency.h:42]   --->   Operation 1886 'sext' 'sext_ln73_1035' <Predicate = true> <Delay = 0.00>
ST_2 : Operation 1887 [1/1] (0.00ns)   --->   "%sext_ln73_1036 = sext i18 %tmp_682" [firmware/nnet_utils/nnet_mult.h:73->firmware/nnet_utils/nnet_dense_latency.h:42]   --->   Operation 1887 'sext' 'sext_ln73_1036' <Predicate = true> <Delay = 0.00>
ST_2 : Operation 1888 [1/1] (1.43ns)   --->   "%sub_ln73_634 = sub i21 %sext_ln73_1036, i21 %sext_ln73_1035" [firmware/nnet_utils/nnet_mult.h:73->firmware/nnet_utils/nnet_dense_latency.h:42]   --->   Operation 1888 'sub' 'sub_ln73_634' <Predicate = true> <Delay = 1.43> <CoreInst = "Adder">   --->   Core 1 'Adder' <Latency = 0> <II = 1> <Delay = 1.43> <FuncUnit> <Opcode : 'add' 'sub'> <InPorts = 2> <OutPorts = 1>
ST_2 : Operation 1889 [1/1] (0.00ns)   --->   "%mult_1109 = partselect i14 @_ssdm_op_PartSelect.i14.i21.i32.i32, i21 %sub_ln73_634, i32 7, i32 20" [firmware/nnet_utils/nnet_dense_latency.h:42]   --->   Operation 1889 'partselect' 'mult_1109' <Predicate = true> <Delay = 0.00>
ST_2 : Operation 1890 [1/1] (0.00ns)   --->   "%sext_ln42_490 = sext i14 %mult_1109" [firmware/nnet_utils/nnet_dense_latency.h:42]   --->   Operation 1890 'sext' 'sext_ln42_490' <Predicate = true> <Delay = 0.00>
ST_2 : Operation 1891 [1/1] (0.00ns)   --->   "%sext_ln42_491 = sext i15 %mult_1110" [firmware/nnet_utils/nnet_dense_latency.h:42]   --->   Operation 1891 'sext' 'sext_ln42_491' <Predicate = true> <Delay = 0.00>
ST_2 : Operation 1892 [1/1] (0.00ns)   --->   "%sext_ln73_1038 = sext i20 %tmp_683" [firmware/nnet_utils/nnet_mult.h:73->firmware/nnet_utils/nnet_dense_latency.h:42]   --->   Operation 1892 'sext' 'sext_ln73_1038' <Predicate = true> <Delay = 0.00>
ST_2 : Operation 1893 [1/1] (1.43ns)   --->   "%add_ln73_134 = add i22 %sext_ln73_1038, i22 %sext_ln73_1034" [firmware/nnet_utils/nnet_mult.h:73->firmware/nnet_utils/nnet_dense_latency.h:42]   --->   Operation 1893 'add' 'add_ln73_134' <Predicate = true> <Delay = 1.43> <CoreInst = "Adder">   --->   Core 1 'Adder' <Latency = 0> <II = 1> <Delay = 1.43> <FuncUnit> <Opcode : 'add' 'sub'> <InPorts = 2> <OutPorts = 1>
ST_2 : Operation 1894 [1/1] (0.00ns)   --->   "%mult_1113 = partselect i15 @_ssdm_op_PartSelect.i15.i22.i32.i32, i22 %add_ln73_134, i32 7, i32 21" [firmware/nnet_utils/nnet_dense_latency.h:42]   --->   Operation 1894 'partselect' 'mult_1113' <Predicate = true> <Delay = 0.00>
ST_2 : Operation 1895 [1/1] (0.00ns)   --->   "%sext_ln42_492 = sext i15 %mult_1113" [firmware/nnet_utils/nnet_dense_latency.h:42]   --->   Operation 1895 'sext' 'sext_ln42_492' <Predicate = true> <Delay = 0.00>
ST_2 : Operation 1896 [1/1] (0.00ns)   --->   "%sext_ln42_493 = sext i15 %mult_1115" [firmware/nnet_utils/nnet_dense_latency.h:42]   --->   Operation 1896 'sext' 'sext_ln42_493' <Predicate = true> <Delay = 0.00>
ST_2 : Operation 1897 [1/1] (0.00ns)   --->   "%sext_ln42_494 = sext i15 %mult_1116" [firmware/nnet_utils/nnet_dense_latency.h:42]   --->   Operation 1897 'sext' 'sext_ln42_494' <Predicate = true> <Delay = 0.00>
ST_2 : Operation 1898 [1/1] (0.00ns)   --->   "%sext_ln42_495 = sext i15 %mult_1119" [firmware/nnet_utils/nnet_dense_latency.h:42]   --->   Operation 1898 'sext' 'sext_ln42_495' <Predicate = true> <Delay = 0.00>
ST_2 : Operation 1899 [1/1] (0.00ns)   --->   "%sext_ln17_517 = sext i13 %mult_1120" [firmware/nnet_utils/nnet_dense_latency.h:17]   --->   Operation 1899 'sext' 'sext_ln17_517' <Predicate = true> <Delay = 0.00>
ST_2 : Operation 1900 [1/1] (0.00ns)   --->   "%sext_ln42_497 = sext i15 %mult_1123" [firmware/nnet_utils/nnet_dense_latency.h:42]   --->   Operation 1900 'sext' 'sext_ln42_497' <Predicate = true> <Delay = 0.00>
ST_2 : Operation 1901 [1/1] (0.00ns)   --->   "%sext_ln42_498 = sext i15 %mult_1125" [firmware/nnet_utils/nnet_dense_latency.h:42]   --->   Operation 1901 'sext' 'sext_ln42_498' <Predicate = true> <Delay = 0.00>
ST_2 : Operation 1902 [1/1] (0.00ns)   --->   "%sext_ln42_500 = sext i15 %mult_1127" [firmware/nnet_utils/nnet_dense_latency.h:42]   --->   Operation 1902 'sext' 'sext_ln42_500' <Predicate = true> <Delay = 0.00>
ST_2 : Operation 1903 [1/1] (0.00ns)   --->   "%sext_ln42_502 = sext i15 %mult_1130" [firmware/nnet_utils/nnet_dense_latency.h:42]   --->   Operation 1903 'sext' 'sext_ln42_502' <Predicate = true> <Delay = 0.00>
ST_2 : Operation 1904 [1/1] (0.00ns)   --->   "%sext_ln42_503 = sext i15 %mult_1132" [firmware/nnet_utils/nnet_dense_latency.h:42]   --->   Operation 1904 'sext' 'sext_ln42_503' <Predicate = true> <Delay = 0.00>
ST_2 : Operation 1905 [1/1] (0.00ns)   --->   "%sext_ln42_504 = sext i15 %mult_1133" [firmware/nnet_utils/nnet_dense_latency.h:42]   --->   Operation 1905 'sext' 'sext_ln42_504' <Predicate = true> <Delay = 0.00>
ST_2 : Operation 1906 [1/1] (0.00ns)   --->   "%sext_ln17_521 = sext i12 %mult_1134" [firmware/nnet_utils/nnet_dense_latency.h:17]   --->   Operation 1906 'sext' 'sext_ln17_521' <Predicate = true> <Delay = 0.00>
ST_2 : Operation 1907 [1/1] (0.00ns)   --->   "%sext_ln42_507 = sext i15 %mult_1142" [firmware/nnet_utils/nnet_dense_latency.h:42]   --->   Operation 1907 'sext' 'sext_ln42_507' <Predicate = true> <Delay = 0.00>
ST_2 : Operation 1908 [1/1] (0.00ns) (grouped into TernaryAdder)   --->   "%add_ln58 = add i16 %mult_858, i16 %mult_865" [firmware/nnet_utils/nnet_dense_latency.h:58]   --->   Operation 1908 'add' 'add_ln58' <Predicate = true> <Delay = 0.00> <CoreInst = "TAddSub">   --->   Core 10 'TAddSub' <Latency = 0> <II = 1> <Delay = 0.49> <IPBlock> <Opcode : 'add' 'sub'> <InPorts = 3> <OutPorts = 1> <Sync> <CReg>
ST_2 : Operation 1909 [1/1] (0.99ns) (root node of TernaryAdder)   --->   "%add_ln58_1001 = add i16 %add_ln58, i16 %mult_774" [firmware/nnet_utils/nnet_dense_latency.h:58]   --->   Operation 1909 'add' 'add_ln58_1001' <Predicate = true> <Delay = 0.99> <CoreInst = "TAddSub">   --->   Core 10 'TAddSub' <Latency = 0> <II = 1> <Delay = 0.49> <IPBlock> <Opcode : 'add' 'sub'> <InPorts = 3> <OutPorts = 1> <Sync> <CReg>
ST_2 : Operation 1910 [1/1] (0.00ns) (grouped into TernaryAdder)   --->   "%add_ln58_1002 = add i16 %mult_1020, i16 %mult_1099" [firmware/nnet_utils/nnet_dense_latency.h:58]   --->   Operation 1910 'add' 'add_ln58_1002' <Predicate = true> <Delay = 0.00> <CoreInst = "TAddSub">   --->   Core 10 'TAddSub' <Latency = 0> <II = 1> <Delay = 0.49> <IPBlock> <Opcode : 'add' 'sub'> <InPorts = 3> <OutPorts = 1> <Sync> <CReg>
ST_2 : Operation 1911 [1/1] (0.99ns) (root node of TernaryAdder)   --->   "%add_ln58_1003 = add i16 %add_ln58_1002, i16 %mult_976" [firmware/nnet_utils/nnet_dense_latency.h:58]   --->   Operation 1911 'add' 'add_ln58_1003' <Predicate = true> <Delay = 0.99> <CoreInst = "TAddSub">   --->   Core 10 'TAddSub' <Latency = 0> <II = 1> <Delay = 0.49> <IPBlock> <Opcode : 'add' 'sub'> <InPorts = 3> <OutPorts = 1> <Sync> <CReg>
ST_2 : Operation 1912 [1/1] (1.40ns)   --->   "%add_ln58_1005 = add i16 %sext_ln42_348, i16 %sext_ln42_355" [firmware/nnet_utils/nnet_dense_latency.h:58]   --->   Operation 1912 'add' 'add_ln58_1005' <Predicate = true> <Delay = 1.40> <CoreInst = "Adder">   --->   Core 1 'Adder' <Latency = 0> <II = 1> <Delay = 1.40> <FuncUnit> <Opcode : 'add' 'sub'> <InPorts = 2> <OutPorts = 1>
ST_2 : Operation 1913 [1/1] (0.00ns) (grouped into TernaryAdder)   --->   "%add_ln58_1006 = add i16 %add_ln58_1005, i16 %mult_1107" [firmware/nnet_utils/nnet_dense_latency.h:58]   --->   Operation 1913 'add' 'add_ln58_1006' <Predicate = true> <Delay = 0.00> <CoreInst = "TAddSub">   --->   Core 10 'TAddSub' <Latency = 0> <II = 1> <Delay = 0.49> <IPBlock> <Opcode : 'add' 'sub'> <InPorts = 3> <OutPorts = 1> <Sync> <CReg>
ST_2 : Operation 1914 [1/1] (0.00ns) (grouped into TernaryAdder)   --->   "%add_ln58_1007 = add i16 %sext_ln42_365, i16 %sext_ln42_367" [firmware/nnet_utils/nnet_dense_latency.h:58]   --->   Operation 1914 'add' 'add_ln58_1007' <Predicate = true> <Delay = 0.00> <CoreInst = "TAddSub">   --->   Core 10 'TAddSub' <Latency = 0> <II = 1> <Delay = 0.49> <IPBlock> <Opcode : 'add' 'sub'> <InPorts = 3> <OutPorts = 1> <Sync> <CReg>
ST_2 : Operation 1915 [1/1] (1.40ns)   --->   "%add_ln58_1008 = add i16 %sext_ln42_374, i16 %sext_ln42_377" [firmware/nnet_utils/nnet_dense_latency.h:58]   --->   Operation 1915 'add' 'add_ln58_1008' <Predicate = true> <Delay = 1.40> <CoreInst = "Adder">   --->   Core 1 'Adder' <Latency = 0> <II = 1> <Delay = 1.40> <FuncUnit> <Opcode : 'add' 'sub'> <InPorts = 2> <OutPorts = 1>
ST_2 : Operation 1916 [1/1] (0.99ns) (root node of TernaryAdder)   --->   "%add_ln58_1009 = add i16 %add_ln58_1008, i16 %add_ln58_1007" [firmware/nnet_utils/nnet_dense_latency.h:58]   --->   Operation 1916 'add' 'add_ln58_1009' <Predicate = true> <Delay = 0.99> <CoreInst = "TAddSub">   --->   Core 10 'TAddSub' <Latency = 0> <II = 1> <Delay = 0.49> <IPBlock> <Opcode : 'add' 'sub'> <InPorts = 3> <OutPorts = 1> <Sync> <CReg>
ST_2 : Operation 1917 [1/1] (0.99ns) (root node of TernaryAdder)   --->   "%add_ln58_1010 = add i16 %add_ln58_1009, i16 %add_ln58_1006" [firmware/nnet_utils/nnet_dense_latency.h:58]   --->   Operation 1917 'add' 'add_ln58_1010' <Predicate = true> <Delay = 0.99> <CoreInst = "TAddSub">   --->   Core 10 'TAddSub' <Latency = 0> <II = 1> <Delay = 0.49> <IPBlock> <Opcode : 'add' 'sub'> <InPorts = 3> <OutPorts = 1> <Sync> <CReg>
ST_2 : Operation 1918 [1/1] (0.00ns) (grouped into TernaryAdder)   --->   "%add_ln58_1012 = add i16 %sext_ln42_383, i16 %sext_ln42_392" [firmware/nnet_utils/nnet_dense_latency.h:58]   --->   Operation 1918 'add' 'add_ln58_1012' <Predicate = true> <Delay = 0.00> <CoreInst = "TAddSub">   --->   Core 10 'TAddSub' <Latency = 0> <II = 1> <Delay = 0.49> <IPBlock> <Opcode : 'add' 'sub'> <InPorts = 3> <OutPorts = 1> <Sync> <CReg>
ST_2 : Operation 1919 [1/1] (0.99ns) (root node of TernaryAdder)   --->   "%add_ln58_1013 = add i16 %add_ln58_1012, i16 %sext_ln42_379" [firmware/nnet_utils/nnet_dense_latency.h:58]   --->   Operation 1919 'add' 'add_ln58_1013' <Predicate = true> <Delay = 0.99> <CoreInst = "TAddSub">   --->   Core 10 'TAddSub' <Latency = 0> <II = 1> <Delay = 0.49> <IPBlock> <Opcode : 'add' 'sub'> <InPorts = 3> <OutPorts = 1> <Sync> <CReg>
ST_2 : Operation 1920 [1/1] (0.00ns) (grouped into TernaryAdder)   --->   "%add_ln58_1014 = add i16 %sext_ln42_402, i16 %sext_ln42_428" [firmware/nnet_utils/nnet_dense_latency.h:58]   --->   Operation 1920 'add' 'add_ln58_1014' <Predicate = true> <Delay = 0.00> <CoreInst = "TAddSub">   --->   Core 10 'TAddSub' <Latency = 0> <II = 1> <Delay = 0.49> <IPBlock> <Opcode : 'add' 'sub'> <InPorts = 3> <OutPorts = 1> <Sync> <CReg>
ST_2 : Operation 1921 [1/1] (1.40ns)   --->   "%add_ln58_1015 = add i16 %sext_ln42_447, i16 %sext_ln42_452" [firmware/nnet_utils/nnet_dense_latency.h:58]   --->   Operation 1921 'add' 'add_ln58_1015' <Predicate = true> <Delay = 1.40> <CoreInst = "Adder">   --->   Core 1 'Adder' <Latency = 0> <II = 1> <Delay = 1.40> <FuncUnit> <Opcode : 'add' 'sub'> <InPorts = 2> <OutPorts = 1>
ST_2 : Operation 1922 [1/1] (0.99ns) (root node of TernaryAdder)   --->   "%add_ln58_1016 = add i16 %add_ln58_1015, i16 %add_ln58_1014" [firmware/nnet_utils/nnet_dense_latency.h:58]   --->   Operation 1922 'add' 'add_ln58_1016' <Predicate = true> <Delay = 0.99> <CoreInst = "TAddSub">   --->   Core 10 'TAddSub' <Latency = 0> <II = 1> <Delay = 0.49> <IPBlock> <Opcode : 'add' 'sub'> <InPorts = 3> <OutPorts = 1> <Sync> <CReg>
ST_2 : Operation 1923 [1/1] (1.38ns)   --->   "%add_ln58_1020 = add i15 %sext_ln17, i15 %sext_ln17_352" [firmware/nnet_utils/nnet_dense_latency.h:58]   --->   Operation 1923 'add' 'add_ln58_1020' <Predicate = true> <Delay = 1.38> <CoreInst = "Adder">   --->   Core 1 'Adder' <Latency = 0> <II = 1> <Delay = 1.38> <FuncUnit> <Opcode : 'add' 'sub'> <InPorts = 2> <OutPorts = 1>
ST_2 : Operation 1924 [1/1] (0.00ns)   --->   "%sext_ln58 = sext i15 %add_ln58_1020" [firmware/nnet_utils/nnet_dense_latency.h:58]   --->   Operation 1924 'sext' 'sext_ln58' <Predicate = true> <Delay = 0.00>
ST_2 : Operation 1925 [1/1] (1.38ns)   --->   "%add_ln58_1021 = add i15 %sext_ln17_389, i15 %sext_ln17_425" [firmware/nnet_utils/nnet_dense_latency.h:58]   --->   Operation 1925 'add' 'add_ln58_1021' <Predicate = true> <Delay = 1.38> <CoreInst = "Adder">   --->   Core 1 'Adder' <Latency = 0> <II = 1> <Delay = 1.38> <FuncUnit> <Opcode : 'add' 'sub'> <InPorts = 2> <OutPorts = 1>
ST_2 : Operation 1926 [1/1] (0.00ns)   --->   "%sext_ln58_261 = sext i15 %add_ln58_1021" [firmware/nnet_utils/nnet_dense_latency.h:58]   --->   Operation 1926 'sext' 'sext_ln58_261' <Predicate = true> <Delay = 0.00>
ST_2 : Operation 1927 [1/1] (1.40ns)   --->   "%add_ln58_1022 = add i16 %sext_ln58_261, i16 %sext_ln58" [firmware/nnet_utils/nnet_dense_latency.h:58]   --->   Operation 1927 'add' 'add_ln58_1022' <Predicate = true> <Delay = 1.40> <CoreInst = "Adder">   --->   Core 1 'Adder' <Latency = 0> <II = 1> <Delay = 1.40> <FuncUnit> <Opcode : 'add' 'sub'> <InPorts = 2> <OutPorts = 1>
ST_2 : Operation 1928 [1/1] (1.38ns)   --->   "%add_ln58_1026 = add i15 %sext_ln17_439, i15 %sext_ln17_446" [firmware/nnet_utils/nnet_dense_latency.h:58]   --->   Operation 1928 'add' 'add_ln58_1026' <Predicate = true> <Delay = 1.38> <CoreInst = "Adder">   --->   Core 1 'Adder' <Latency = 0> <II = 1> <Delay = 1.38> <FuncUnit> <Opcode : 'add' 'sub'> <InPorts = 2> <OutPorts = 1>
ST_2 : Operation 1929 [1/1] (0.00ns)   --->   "%sext_ln58_262 = sext i15 %add_ln58_1026" [firmware/nnet_utils/nnet_dense_latency.h:58]   --->   Operation 1929 'sext' 'sext_ln58_262' <Predicate = true> <Delay = 0.00>
ST_2 : Operation 1930 [1/1] (0.00ns) (grouped into TernaryAdder)   --->   "%add_ln58_1027 = add i16 %sext_ln58_262, i16 %sext_ln42_418" [firmware/nnet_utils/nnet_dense_latency.h:58]   --->   Operation 1930 'add' 'add_ln58_1027' <Predicate = true> <Delay = 0.00> <CoreInst = "TAddSub">   --->   Core 10 'TAddSub' <Latency = 0> <II = 1> <Delay = 0.49> <IPBlock> <Opcode : 'add' 'sub'> <InPorts = 3> <OutPorts = 1> <Sync> <CReg>
ST_2 : Operation 1931 [1/1] (0.00ns)   --->   "%sext_ln58_263 = sext i15 %add_ln58_1028" [firmware/nnet_utils/nnet_dense_latency.h:58]   --->   Operation 1931 'sext' 'sext_ln58_263' <Predicate = true> <Delay = 0.00>
ST_2 : Operation 1932 [1/1] (1.40ns)   --->   "%add_ln58_1029 = add i16 %sext_ln58_263, i16 %sext_ln42_476" [firmware/nnet_utils/nnet_dense_latency.h:58]   --->   Operation 1932 'add' 'add_ln58_1029' <Predicate = true> <Delay = 1.40> <CoreInst = "Adder">   --->   Core 1 'Adder' <Latency = 0> <II = 1> <Delay = 1.40> <FuncUnit> <Opcode : 'add' 'sub'> <InPorts = 2> <OutPorts = 1>
ST_2 : Operation 1933 [1/1] (0.99ns) (root node of TernaryAdder)   --->   "%add_ln58_1030 = add i16 %add_ln58_1029, i16 %add_ln58_1027" [firmware/nnet_utils/nnet_dense_latency.h:58]   --->   Operation 1933 'add' 'add_ln58_1030' <Predicate = true> <Delay = 0.99> <CoreInst = "TAddSub">   --->   Core 10 'TAddSub' <Latency = 0> <II = 1> <Delay = 0.49> <IPBlock> <Opcode : 'add' 'sub'> <InPorts = 3> <OutPorts = 1> <Sync> <CReg>
ST_2 : Operation 1934 [1/1] (0.00ns)   --->   "%sext_ln58_264 = sext i14 %add_ln58_1031" [firmware/nnet_utils/nnet_dense_latency.h:58]   --->   Operation 1934 'sext' 'sext_ln58_264' <Predicate = true> <Delay = 0.00>
ST_2 : Operation 1935 [1/1] (1.38ns)   --->   "%add_ln58_1032 = add i15 %sext_ln58_264, i15 %sext_ln17_368" [firmware/nnet_utils/nnet_dense_latency.h:58]   --->   Operation 1935 'add' 'add_ln58_1032' <Predicate = true> <Delay = 1.38> <CoreInst = "Adder">   --->   Core 1 'Adder' <Latency = 0> <II = 1> <Delay = 1.38> <FuncUnit> <Opcode : 'add' 'sub'> <InPorts = 2> <OutPorts = 1>
ST_2 : Operation 1936 [1/1] (0.00ns)   --->   "%sext_ln58_265 = sext i15 %add_ln58_1032" [firmware/nnet_utils/nnet_dense_latency.h:58]   --->   Operation 1936 'sext' 'sext_ln58_265' <Predicate = true> <Delay = 0.00>
ST_2 : Operation 1937 [1/1] (0.00ns)   --->   "%sext_ln58_266 = sext i14 %add_ln58_1033" [firmware/nnet_utils/nnet_dense_latency.h:58]   --->   Operation 1937 'sext' 'sext_ln58_266' <Predicate = true> <Delay = 0.00>
ST_2 : Operation 1938 [1/1] (0.00ns)   --->   "%sext_ln58_267 = sext i14 %add_ln58_1034" [firmware/nnet_utils/nnet_dense_latency.h:58]   --->   Operation 1938 'sext' 'sext_ln58_267' <Predicate = true> <Delay = 0.00>
ST_2 : Operation 1939 [1/1] (1.38ns)   --->   "%add_ln58_1035 = add i15 %sext_ln58_267, i15 %sext_ln58_266" [firmware/nnet_utils/nnet_dense_latency.h:58]   --->   Operation 1939 'add' 'add_ln58_1035' <Predicate = true> <Delay = 1.38> <CoreInst = "Adder">   --->   Core 1 'Adder' <Latency = 0> <II = 1> <Delay = 1.38> <FuncUnit> <Opcode : 'add' 'sub'> <InPorts = 2> <OutPorts = 1>
ST_2 : Operation 1940 [1/1] (0.00ns)   --->   "%sext_ln58_268 = sext i15 %add_ln58_1035" [firmware/nnet_utils/nnet_dense_latency.h:58]   --->   Operation 1940 'sext' 'sext_ln58_268' <Predicate = true> <Delay = 0.00>
ST_2 : Operation 1941 [1/1] (1.40ns)   --->   "%add_ln58_1036 = add i16 %sext_ln58_268, i16 %sext_ln58_265" [firmware/nnet_utils/nnet_dense_latency.h:58]   --->   Operation 1941 'add' 'add_ln58_1036' <Predicate = true> <Delay = 1.40> <CoreInst = "Adder">   --->   Core 1 'Adder' <Latency = 0> <II = 1> <Delay = 1.40> <FuncUnit> <Opcode : 'add' 'sub'> <InPorts = 2> <OutPorts = 1>
ST_2 : Operation 1942 [1/1] (0.00ns)   --->   "%sext_ln58_269 = sext i14 %add_ln58_1038" [firmware/nnet_utils/nnet_dense_latency.h:58]   --->   Operation 1942 'sext' 'sext_ln58_269' <Predicate = true> <Delay = 0.00>
ST_2 : Operation 1943 [1/1] (1.38ns)   --->   "%add_ln58_1039 = add i15 %sext_ln58_269, i15 %sext_ln17_487" [firmware/nnet_utils/nnet_dense_latency.h:58]   --->   Operation 1943 'add' 'add_ln58_1039' <Predicate = true> <Delay = 1.38> <CoreInst = "Adder">   --->   Core 1 'Adder' <Latency = 0> <II = 1> <Delay = 1.38> <FuncUnit> <Opcode : 'add' 'sub'> <InPorts = 2> <OutPorts = 1>
ST_2 : Operation 1944 [1/1] (0.00ns)   --->   "%sext_ln58_271 = sext i13 %add_ln58_1040" [firmware/nnet_utils/nnet_dense_latency.h:58]   --->   Operation 1944 'sext' 'sext_ln58_271' <Predicate = true> <Delay = 0.00>
ST_2 : Operation 1945 [1/1] (0.00ns)   --->   "%sext_ln58_272 = sext i13 %add_ln58_1041" [firmware/nnet_utils/nnet_dense_latency.h:58]   --->   Operation 1945 'sext' 'sext_ln58_272' <Predicate = true> <Delay = 0.00>
ST_2 : Operation 1946 [1/1] (1.36ns)   --->   "%add_ln58_1042 = add i14 %sext_ln58_272, i14 %sext_ln58_271" [firmware/nnet_utils/nnet_dense_latency.h:58]   --->   Operation 1946 'add' 'add_ln58_1042' <Predicate = true> <Delay = 1.36> <CoreInst = "Adder">   --->   Core 1 'Adder' <Latency = 0> <II = 1> <Delay = 1.36> <FuncUnit> <Opcode : 'add' 'sub'> <InPorts = 2> <OutPorts = 1>
ST_2 : Operation 1947 [1/1] (0.00ns)   --->   "%sext_ln58_274 = sext i11 %add_ln58_1044" [firmware/nnet_utils/nnet_dense_latency.h:58]   --->   Operation 1947 'sext' 'sext_ln58_274' <Predicate = true> <Delay = 0.00>
ST_2 : Operation 1948 [1/1] (1.33ns)   --->   "%add_ln58_1045 = add i12 %sext_ln58_274, i12 %sext_ln17_485" [firmware/nnet_utils/nnet_dense_latency.h:58]   --->   Operation 1948 'add' 'add_ln58_1045' <Predicate = true> <Delay = 1.33> <CoreInst = "Adder">   --->   Core 1 'Adder' <Latency = 0> <II = 1> <Delay = 1.33> <FuncUnit> <Opcode : 'add' 'sub'> <InPorts = 2> <OutPorts = 1>
ST_2 : Operation 1949 [1/1] (0.00ns)   --->   "%sext_ln58_275 = sext i12 %add_ln58_1045" [firmware/nnet_utils/nnet_dense_latency.h:58]   --->   Operation 1949 'sext' 'sext_ln58_275' <Predicate = true> <Delay = 0.00>
ST_2 : Operation 1950 [1/1] (0.00ns)   --->   "%sext_ln58_276 = sext i11 %add_ln58_1046" [firmware/nnet_utils/nnet_dense_latency.h:58]   --->   Operation 1950 'sext' 'sext_ln58_276' <Predicate = true> <Delay = 0.00>
ST_2 : Operation 1951 [1/1] (0.00ns)   --->   "%sext_ln58_277 = sext i10 %add_ln58_1047" [firmware/nnet_utils/nnet_dense_latency.h:58]   --->   Operation 1951 'sext' 'sext_ln58_277' <Predicate = true> <Delay = 0.00>
ST_2 : Operation 1952 [1/1] (1.33ns)   --->   "%add_ln58_1048 = add i12 %sext_ln58_277, i12 %sext_ln58_276" [firmware/nnet_utils/nnet_dense_latency.h:58]   --->   Operation 1952 'add' 'add_ln58_1048' <Predicate = true> <Delay = 1.33> <CoreInst = "Adder">   --->   Core 1 'Adder' <Latency = 0> <II = 1> <Delay = 1.33> <FuncUnit> <Opcode : 'add' 'sub'> <InPorts = 2> <OutPorts = 1>
ST_2 : Operation 1953 [1/1] (0.00ns)   --->   "%sext_ln58_278 = sext i12 %add_ln58_1048" [firmware/nnet_utils/nnet_dense_latency.h:58]   --->   Operation 1953 'sext' 'sext_ln58_278' <Predicate = true> <Delay = 0.00>
ST_2 : Operation 1954 [1/1] (1.35ns)   --->   "%add_ln58_1049 = add i13 %sext_ln58_278, i13 %sext_ln58_275" [firmware/nnet_utils/nnet_dense_latency.h:58]   --->   Operation 1954 'add' 'add_ln58_1049' <Predicate = true> <Delay = 1.35> <CoreInst = "Adder">   --->   Core 1 'Adder' <Latency = 0> <II = 1> <Delay = 1.35> <FuncUnit> <Opcode : 'add' 'sub'> <InPorts = 2> <OutPorts = 1>
ST_2 : Operation 1955 [1/1] (0.00ns) (grouped into TernaryAdder)   --->   "%add_ln58_1053 = add i16 %mult_859, i16 %mult_873" [firmware/nnet_utils/nnet_dense_latency.h:58]   --->   Operation 1955 'add' 'add_ln58_1053' <Predicate = true> <Delay = 0.00> <CoreInst = "TAddSub">   --->   Core 10 'TAddSub' <Latency = 0> <II = 1> <Delay = 0.49> <IPBlock> <Opcode : 'add' 'sub'> <InPorts = 3> <OutPorts = 1> <Sync> <CReg>
ST_2 : Operation 1956 [1/1] (0.99ns) (root node of TernaryAdder)   --->   "%add_ln58_1054 = add i16 %add_ln58_1053, i16 %mult_822" [firmware/nnet_utils/nnet_dense_latency.h:58]   --->   Operation 1956 'add' 'add_ln58_1054' <Predicate = true> <Delay = 0.99> <CoreInst = "TAddSub">   --->   Core 10 'TAddSub' <Latency = 0> <II = 1> <Delay = 0.49> <IPBlock> <Opcode : 'add' 'sub'> <InPorts = 3> <OutPorts = 1> <Sync> <CReg>
ST_2 : Operation 1957 [1/1] (0.00ns) (grouped into TernaryAdder)   --->   "%add_ln58_1055 = add i16 %mult_919, i16 %mult_969" [firmware/nnet_utils/nnet_dense_latency.h:58]   --->   Operation 1957 'add' 'add_ln58_1055' <Predicate = true> <Delay = 0.00> <CoreInst = "TAddSub">   --->   Core 10 'TAddSub' <Latency = 0> <II = 1> <Delay = 0.49> <IPBlock> <Opcode : 'add' 'sub'> <InPorts = 3> <OutPorts = 1> <Sync> <CReg>
ST_2 : Operation 1958 [1/1] (0.99ns) (root node of TernaryAdder)   --->   "%add_ln58_1056 = add i16 %add_ln58_1055, i16 %mult_880" [firmware/nnet_utils/nnet_dense_latency.h:58]   --->   Operation 1958 'add' 'add_ln58_1056' <Predicate = true> <Delay = 0.99> <CoreInst = "TAddSub">   --->   Core 10 'TAddSub' <Latency = 0> <II = 1> <Delay = 0.49> <IPBlock> <Opcode : 'add' 'sub'> <InPorts = 3> <OutPorts = 1> <Sync> <CReg>
ST_2 : Operation 1959 [1/1] (1.41ns)   --->   "%add_ln58_1058 = add i16 %mult_1034, i16 %mult_1049" [firmware/nnet_utils/nnet_dense_latency.h:58]   --->   Operation 1959 'add' 'add_ln58_1058' <Predicate = true> <Delay = 1.41> <CoreInst = "Adder">   --->   Core 1 'Adder' <Latency = 0> <II = 1> <Delay = 1.41> <FuncUnit> <Opcode : 'add' 'sub'> <InPorts = 2> <OutPorts = 1>
ST_2 : Operation 1960 [1/1] (0.00ns) (grouped into TernaryAdder)   --->   "%add_ln58_1059 = add i16 %add_ln58_1058, i16 %mult_1013" [firmware/nnet_utils/nnet_dense_latency.h:58]   --->   Operation 1960 'add' 'add_ln58_1059' <Predicate = true> <Delay = 0.00> <CoreInst = "TAddSub">   --->   Core 10 'TAddSub' <Latency = 0> <II = 1> <Delay = 0.49> <IPBlock> <Opcode : 'add' 'sub'> <InPorts = 3> <OutPorts = 1> <Sync> <CReg>
ST_2 : Operation 1961 [1/1] (0.00ns) (grouped into TernaryAdder)   --->   "%add_ln58_1060 = add i16 %mult_1057, i16 %mult_1078" [firmware/nnet_utils/nnet_dense_latency.h:58]   --->   Operation 1961 'add' 'add_ln58_1060' <Predicate = true> <Delay = 0.00> <CoreInst = "TAddSub">   --->   Core 10 'TAddSub' <Latency = 0> <II = 1> <Delay = 0.49> <IPBlock> <Opcode : 'add' 'sub'> <InPorts = 3> <OutPorts = 1> <Sync> <CReg>
ST_2 : Operation 1962 [1/1] (1.41ns)   --->   "%add_ln58_1061 = add i16 %mult_1100, i16 %mult_743" [firmware/nnet_utils/nnet_dense_latency.h:58]   --->   Operation 1962 'add' 'add_ln58_1061' <Predicate = true> <Delay = 1.41> <CoreInst = "Adder">   --->   Core 1 'Adder' <Latency = 0> <II = 1> <Delay = 1.41> <FuncUnit> <Opcode : 'add' 'sub'> <InPorts = 2> <OutPorts = 1>
ST_2 : Operation 1963 [1/1] (0.99ns) (root node of TernaryAdder)   --->   "%add_ln58_1062 = add i16 %add_ln58_1061, i16 %add_ln58_1060" [firmware/nnet_utils/nnet_dense_latency.h:58]   --->   Operation 1963 'add' 'add_ln58_1062' <Predicate = true> <Delay = 0.99> <CoreInst = "TAddSub">   --->   Core 10 'TAddSub' <Latency = 0> <II = 1> <Delay = 0.49> <IPBlock> <Opcode : 'add' 'sub'> <InPorts = 3> <OutPorts = 1> <Sync> <CReg>
ST_2 : Operation 1964 [1/1] (0.99ns) (root node of TernaryAdder)   --->   "%add_ln58_1063 = add i16 %add_ln58_1062, i16 %add_ln58_1059" [firmware/nnet_utils/nnet_dense_latency.h:58]   --->   Operation 1964 'add' 'add_ln58_1063' <Predicate = true> <Delay = 0.99> <CoreInst = "TAddSub">   --->   Core 10 'TAddSub' <Latency = 0> <II = 1> <Delay = 0.49> <IPBlock> <Opcode : 'add' 'sub'> <InPorts = 3> <OutPorts = 1> <Sync> <CReg>
ST_2 : Operation 1965 [1/1] (0.00ns) (grouped into TernaryAdder)   --->   "%add_ln58_1067 = add i16 %sext_ln42_375, i16 %sext_ln42_380" [firmware/nnet_utils/nnet_dense_latency.h:58]   --->   Operation 1965 'add' 'add_ln58_1067' <Predicate = true> <Delay = 0.00> <CoreInst = "TAddSub">   --->   Core 10 'TAddSub' <Latency = 0> <II = 1> <Delay = 0.49> <IPBlock> <Opcode : 'add' 'sub'> <InPorts = 3> <OutPorts = 1> <Sync> <CReg>
ST_2 : Operation 1966 [1/1] (1.40ns)   --->   "%add_ln58_1068 = add i16 %sext_ln42_384, i16 %sext_ln42_399" [firmware/nnet_utils/nnet_dense_latency.h:58]   --->   Operation 1966 'add' 'add_ln58_1068' <Predicate = true> <Delay = 1.40> <CoreInst = "Adder">   --->   Core 1 'Adder' <Latency = 0> <II = 1> <Delay = 1.40> <FuncUnit> <Opcode : 'add' 'sub'> <InPorts = 2> <OutPorts = 1>
ST_2 : Operation 1967 [1/1] (0.99ns) (root node of TernaryAdder)   --->   "%add_ln58_1069 = add i16 %add_ln58_1068, i16 %add_ln58_1067" [firmware/nnet_utils/nnet_dense_latency.h:58]   --->   Operation 1967 'add' 'add_ln58_1069' <Predicate = true> <Delay = 0.99> <CoreInst = "TAddSub">   --->   Core 10 'TAddSub' <Latency = 0> <II = 1> <Delay = 0.49> <IPBlock> <Opcode : 'add' 'sub'> <InPorts = 3> <OutPorts = 1> <Sync> <CReg>
ST_2 : Operation 1968 [1/1] (1.40ns)   --->   "%add_ln58_1071 = add i16 %sext_ln42_436, i16 %sext_ln42_448" [firmware/nnet_utils/nnet_dense_latency.h:58]   --->   Operation 1968 'add' 'add_ln58_1071' <Predicate = true> <Delay = 1.40> <CoreInst = "Adder">   --->   Core 1 'Adder' <Latency = 0> <II = 1> <Delay = 1.40> <FuncUnit> <Opcode : 'add' 'sub'> <InPorts = 2> <OutPorts = 1>
ST_2 : Operation 1969 [1/1] (0.00ns) (grouped into TernaryAdder)   --->   "%add_ln58_1072 = add i16 %add_ln58_1071, i16 %sext_ln42_423" [firmware/nnet_utils/nnet_dense_latency.h:58]   --->   Operation 1969 'add' 'add_ln58_1072' <Predicate = true> <Delay = 0.00> <CoreInst = "TAddSub">   --->   Core 10 'TAddSub' <Latency = 0> <II = 1> <Delay = 0.49> <IPBlock> <Opcode : 'add' 'sub'> <InPorts = 3> <OutPorts = 1> <Sync> <CReg>
ST_2 : Operation 1970 [1/1] (0.00ns) (grouped into TernaryAdder)   --->   "%add_ln58_1073 = add i16 %sext_ln42_461, i16 %sext_ln42_472" [firmware/nnet_utils/nnet_dense_latency.h:58]   --->   Operation 1970 'add' 'add_ln58_1073' <Predicate = true> <Delay = 0.00> <CoreInst = "TAddSub">   --->   Core 10 'TAddSub' <Latency = 0> <II = 1> <Delay = 0.49> <IPBlock> <Opcode : 'add' 'sub'> <InPorts = 3> <OutPorts = 1> <Sync> <CReg>
ST_2 : Operation 1971 [1/1] (1.40ns)   --->   "%add_ln58_1074 = add i16 %sext_ln42_477, i16 %sext_ln42_481" [firmware/nnet_utils/nnet_dense_latency.h:58]   --->   Operation 1971 'add' 'add_ln58_1074' <Predicate = true> <Delay = 1.40> <CoreInst = "Adder">   --->   Core 1 'Adder' <Latency = 0> <II = 1> <Delay = 1.40> <FuncUnit> <Opcode : 'add' 'sub'> <InPorts = 2> <OutPorts = 1>
ST_2 : Operation 1972 [1/1] (0.99ns) (root node of TernaryAdder)   --->   "%add_ln58_1075 = add i16 %add_ln58_1074, i16 %add_ln58_1073" [firmware/nnet_utils/nnet_dense_latency.h:58]   --->   Operation 1972 'add' 'add_ln58_1075' <Predicate = true> <Delay = 0.99> <CoreInst = "TAddSub">   --->   Core 10 'TAddSub' <Latency = 0> <II = 1> <Delay = 0.49> <IPBlock> <Opcode : 'add' 'sub'> <InPorts = 3> <OutPorts = 1> <Sync> <CReg>
ST_2 : Operation 1973 [1/1] (0.99ns) (root node of TernaryAdder)   --->   "%add_ln58_1076 = add i16 %add_ln58_1075, i16 %add_ln58_1072" [firmware/nnet_utils/nnet_dense_latency.h:58]   --->   Operation 1973 'add' 'add_ln58_1076' <Predicate = true> <Delay = 0.99> <CoreInst = "TAddSub">   --->   Core 10 'TAddSub' <Latency = 0> <II = 1> <Delay = 0.49> <IPBlock> <Opcode : 'add' 'sub'> <InPorts = 3> <OutPorts = 1> <Sync> <CReg>
ST_2 : Operation 1974 [1/1] (1.40ns)   --->   "%add_ln58_1079 = add i16 %sext_ln42_493, i16 %sext_ln42_497" [firmware/nnet_utils/nnet_dense_latency.h:58]   --->   Operation 1974 'add' 'add_ln58_1079' <Predicate = true> <Delay = 1.40> <CoreInst = "Adder">   --->   Core 1 'Adder' <Latency = 0> <II = 1> <Delay = 1.40> <FuncUnit> <Opcode : 'add' 'sub'> <InPorts = 2> <OutPorts = 1>
ST_2 : Operation 1975 [1/1] (0.00ns) (grouped into TernaryAdder)   --->   "%add_ln58_1080 = add i16 %add_ln58_1079, i16 %sext_ln42_489" [firmware/nnet_utils/nnet_dense_latency.h:58]   --->   Operation 1975 'add' 'add_ln58_1080' <Predicate = true> <Delay = 0.00> <CoreInst = "TAddSub">   --->   Core 10 'TAddSub' <Latency = 0> <II = 1> <Delay = 0.49> <IPBlock> <Opcode : 'add' 'sub'> <InPorts = 3> <OutPorts = 1> <Sync> <CReg>
ST_2 : Operation 1976 [1/1] (0.00ns)   --->   "%sext_ln58_280 = sext i15 %add_ln58_1081" [firmware/nnet_utils/nnet_dense_latency.h:58]   --->   Operation 1976 'sext' 'sext_ln58_280' <Predicate = true> <Delay = 0.00>
ST_2 : Operation 1977 [1/1] (1.40ns)   --->   "%add_ln58_1082 = add i16 %sext_ln58_280, i16 %sext_ln42_502" [firmware/nnet_utils/nnet_dense_latency.h:58]   --->   Operation 1977 'add' 'add_ln58_1082' <Predicate = true> <Delay = 1.40> <CoreInst = "Adder">   --->   Core 1 'Adder' <Latency = 0> <II = 1> <Delay = 1.40> <FuncUnit> <Opcode : 'add' 'sub'> <InPorts = 2> <OutPorts = 1>
ST_2 : Operation 1978 [1/1] (0.99ns) (root node of TernaryAdder)   --->   "%add_ln58_1083 = add i16 %add_ln58_1082, i16 %add_ln58_1080" [firmware/nnet_utils/nnet_dense_latency.h:58]   --->   Operation 1978 'add' 'add_ln58_1083' <Predicate = true> <Delay = 0.99> <CoreInst = "TAddSub">   --->   Core 10 'TAddSub' <Latency = 0> <II = 1> <Delay = 0.49> <IPBlock> <Opcode : 'add' 'sub'> <InPorts = 3> <OutPorts = 1> <Sync> <CReg>
ST_2 : Operation 1979 [1/1] (1.38ns)   --->   "%add_ln58_1084 = add i15 %sext_ln17_408, i15 %sext_ln17_417" [firmware/nnet_utils/nnet_dense_latency.h:58]   --->   Operation 1979 'add' 'add_ln58_1084' <Predicate = true> <Delay = 1.38> <CoreInst = "Adder">   --->   Core 1 'Adder' <Latency = 0> <II = 1> <Delay = 1.38> <FuncUnit> <Opcode : 'add' 'sub'> <InPorts = 2> <OutPorts = 1>
ST_2 : Operation 1980 [1/1] (0.00ns)   --->   "%sext_ln58_281 = sext i15 %add_ln58_1084" [firmware/nnet_utils/nnet_dense_latency.h:58]   --->   Operation 1980 'sext' 'sext_ln58_281' <Predicate = true> <Delay = 0.00>
ST_2 : Operation 1981 [1/1] (0.00ns) (grouped into TernaryAdder)   --->   "%add_ln58_1085 = add i16 %sext_ln58_281, i16 %sext_ln42_386" [firmware/nnet_utils/nnet_dense_latency.h:58]   --->   Operation 1981 'add' 'add_ln58_1085' <Predicate = true> <Delay = 0.00> <CoreInst = "TAddSub">   --->   Core 10 'TAddSub' <Latency = 0> <II = 1> <Delay = 0.49> <IPBlock> <Opcode : 'add' 'sub'> <InPorts = 3> <OutPorts = 1> <Sync> <CReg>
ST_2 : Operation 1982 [1/1] (0.00ns)   --->   "%sext_ln58_282 = sext i15 %add_ln58_1086" [firmware/nnet_utils/nnet_dense_latency.h:58]   --->   Operation 1982 'sext' 'sext_ln58_282' <Predicate = true> <Delay = 0.00>
ST_2 : Operation 1983 [1/1] (0.00ns)   --->   "%sext_ln58_283 = sext i15 %add_ln58_1087" [firmware/nnet_utils/nnet_dense_latency.h:58]   --->   Operation 1983 'sext' 'sext_ln58_283' <Predicate = true> <Delay = 0.00>
ST_2 : Operation 1984 [1/1] (1.40ns)   --->   "%add_ln58_1088 = add i16 %sext_ln58_283, i16 %sext_ln58_282" [firmware/nnet_utils/nnet_dense_latency.h:58]   --->   Operation 1984 'add' 'add_ln58_1088' <Predicate = true> <Delay = 1.40> <CoreInst = "Adder">   --->   Core 1 'Adder' <Latency = 0> <II = 1> <Delay = 1.40> <FuncUnit> <Opcode : 'add' 'sub'> <InPorts = 2> <OutPorts = 1>
ST_2 : Operation 1985 [1/1] (0.99ns) (root node of TernaryAdder)   --->   "%add_ln58_1089 = add i16 %add_ln58_1088, i16 %add_ln58_1085" [firmware/nnet_utils/nnet_dense_latency.h:58]   --->   Operation 1985 'add' 'add_ln58_1089' <Predicate = true> <Delay = 0.99> <CoreInst = "TAddSub">   --->   Core 10 'TAddSub' <Latency = 0> <II = 1> <Delay = 0.49> <IPBlock> <Opcode : 'add' 'sub'> <InPorts = 3> <OutPorts = 1> <Sync> <CReg>
ST_2 : Operation 1986 [1/1] (0.00ns)   --->   "%sext_ln58_284 = sext i15 %add_ln58_1091" [firmware/nnet_utils/nnet_dense_latency.h:58]   --->   Operation 1986 'sext' 'sext_ln58_284' <Predicate = true> <Delay = 0.00>
ST_2 : Operation 1987 [1/1] (1.40ns)   --->   "%add_ln58_1092 = add i16 %sext_ln58_284, i16 %sext_ln42_441" [firmware/nnet_utils/nnet_dense_latency.h:58]   --->   Operation 1987 'add' 'add_ln58_1092' <Predicate = true> <Delay = 1.40> <CoreInst = "Adder">   --->   Core 1 'Adder' <Latency = 0> <II = 1> <Delay = 1.40> <FuncUnit> <Opcode : 'add' 'sub'> <InPorts = 2> <OutPorts = 1>
ST_2 : Operation 1988 [1/1] (0.00ns)   --->   "%sext_ln58_285 = sext i15 %add_ln58_1093" [firmware/nnet_utils/nnet_dense_latency.h:58]   --->   Operation 1988 'sext' 'sext_ln58_285' <Predicate = true> <Delay = 0.00>
ST_2 : Operation 1989 [1/1] (0.00ns)   --->   "%sext_ln58_286 = sext i14 %add_ln58_1094" [firmware/nnet_utils/nnet_dense_latency.h:58]   --->   Operation 1989 'sext' 'sext_ln58_286' <Predicate = true> <Delay = 0.00>
ST_2 : Operation 1990 [1/1] (1.40ns)   --->   "%add_ln58_1095 = add i16 %sext_ln58_286, i16 %sext_ln58_285" [firmware/nnet_utils/nnet_dense_latency.h:58]   --->   Operation 1990 'add' 'add_ln58_1095' <Predicate = true> <Delay = 1.40> <CoreInst = "Adder">   --->   Core 1 'Adder' <Latency = 0> <II = 1> <Delay = 1.40> <FuncUnit> <Opcode : 'add' 'sub'> <InPorts = 2> <OutPorts = 1>
ST_2 : Operation 1991 [1/1] (0.00ns) (grouped into TernaryAdder)   --->   "%add_ln58_1096 = add i16 %add_ln58_1095, i16 %add_ln58_1092" [firmware/nnet_utils/nnet_dense_latency.h:58]   --->   Operation 1991 'add' 'add_ln58_1096' <Predicate = true> <Delay = 0.00> <CoreInst = "TAddSub">   --->   Core 10 'TAddSub' <Latency = 0> <II = 1> <Delay = 0.49> <IPBlock> <Opcode : 'add' 'sub'> <InPorts = 3> <OutPorts = 1> <Sync> <CReg>
ST_2 : Operation 1992 [1/1] (0.00ns)   --->   "%sext_ln58_287 = sext i14 %add_ln58_1097" [firmware/nnet_utils/nnet_dense_latency.h:58]   --->   Operation 1992 'sext' 'sext_ln58_287' <Predicate = true> <Delay = 0.00>
ST_2 : Operation 1993 [1/1] (0.00ns) (grouped into TernaryAdder)   --->   "%add_ln58_1098 = add i15 %sext_ln58_287, i15 %sext_ln17_461" [firmware/nnet_utils/nnet_dense_latency.h:58]   --->   Operation 1993 'add' 'add_ln58_1098' <Predicate = true> <Delay = 0.00> <CoreInst = "TAddSub">   --->   Core 10 'TAddSub' <Latency = 0> <II = 1> <Delay = 0.49> <IPBlock> <Opcode : 'add' 'sub'> <InPorts = 3> <OutPorts = 1> <Sync> <CReg>
ST_2 : Operation 1994 [1/1] (0.00ns)   --->   "%sext_ln58_288 = sext i12 %add_ln58_1099" [firmware/nnet_utils/nnet_dense_latency.h:58]   --->   Operation 1994 'sext' 'sext_ln58_288' <Predicate = true> <Delay = 0.00>
ST_2 : Operation 1995 [1/1] (0.00ns)   --->   "%sext_ln58_289 = sext i11 %add_ln58_1100" [firmware/nnet_utils/nnet_dense_latency.h:58]   --->   Operation 1995 'sext' 'sext_ln58_289' <Predicate = true> <Delay = 0.00>
ST_2 : Operation 1996 [1/1] (1.35ns)   --->   "%add_ln58_1101 = add i13 %sext_ln58_289, i13 %sext_ln58_288" [firmware/nnet_utils/nnet_dense_latency.h:58]   --->   Operation 1996 'add' 'add_ln58_1101' <Predicate = true> <Delay = 1.35> <CoreInst = "Adder">   --->   Core 1 'Adder' <Latency = 0> <II = 1> <Delay = 1.35> <FuncUnit> <Opcode : 'add' 'sub'> <InPorts = 2> <OutPorts = 1>
ST_2 : Operation 1997 [1/1] (0.00ns)   --->   "%sext_ln58_290 = sext i13 %add_ln58_1101" [firmware/nnet_utils/nnet_dense_latency.h:58]   --->   Operation 1997 'sext' 'sext_ln58_290' <Predicate = true> <Delay = 0.00>
ST_2 : Operation 1998 [1/1] (1.02ns) (root node of TernaryAdder)   --->   "%add_ln58_1102 = add i15 %sext_ln58_290, i15 %add_ln58_1098" [firmware/nnet_utils/nnet_dense_latency.h:58]   --->   Operation 1998 'add' 'add_ln58_1102' <Predicate = true> <Delay = 1.02> <CoreInst = "TAddSub">   --->   Core 10 'TAddSub' <Latency = 0> <II = 1> <Delay = 0.49> <IPBlock> <Opcode : 'add' 'sub'> <InPorts = 3> <OutPorts = 1> <Sync> <CReg>
ST_2 : Operation 1999 [1/1] (0.00ns)   --->   "%sext_ln58_291 = sext i15 %add_ln58_1102" [firmware/nnet_utils/nnet_dense_latency.h:58]   --->   Operation 1999 'sext' 'sext_ln58_291' <Predicate = true> <Delay = 0.00>
ST_2 : Operation 2000 [1/1] (0.99ns) (root node of TernaryAdder)   --->   "%add_ln58_1103 = add i16 %sext_ln58_291, i16 %add_ln58_1096" [firmware/nnet_utils/nnet_dense_latency.h:58]   --->   Operation 2000 'add' 'add_ln58_1103' <Predicate = true> <Delay = 0.99> <CoreInst = "TAddSub">   --->   Core 10 'TAddSub' <Latency = 0> <II = 1> <Delay = 0.49> <IPBlock> <Opcode : 'add' 'sub'> <InPorts = 3> <OutPorts = 1> <Sync> <CReg>
ST_2 : Operation 2001 [1/1] (0.00ns) (grouped into TernaryAdder)   --->   "%add_ln58_1106 = add i16 %mult_768, i16 %mult_800" [firmware/nnet_utils/nnet_dense_latency.h:58]   --->   Operation 2001 'add' 'add_ln58_1106' <Predicate = true> <Delay = 0.00> <CoreInst = "TAddSub">   --->   Core 10 'TAddSub' <Latency = 0> <II = 1> <Delay = 0.49> <IPBlock> <Opcode : 'add' 'sub'> <InPorts = 3> <OutPorts = 1> <Sync> <CReg>
ST_2 : Operation 2002 [1/1] (0.99ns) (root node of TernaryAdder)   --->   "%add_ln58_1107 = add i16 %add_ln58_1106, i16 %mult_760" [firmware/nnet_utils/nnet_dense_latency.h:58]   --->   Operation 2002 'add' 'add_ln58_1107' <Predicate = true> <Delay = 0.99> <CoreInst = "TAddSub">   --->   Core 10 'TAddSub' <Latency = 0> <II = 1> <Delay = 0.49> <IPBlock> <Opcode : 'add' 'sub'> <InPorts = 3> <OutPorts = 1> <Sync> <CReg>
ST_2 : Operation 2003 [1/1] (0.00ns) (grouped into TernaryAdder)   --->   "%add_ln58_1108 = add i16 %mult_1028, i16 %mult_1072" [firmware/nnet_utils/nnet_dense_latency.h:58]   --->   Operation 2003 'add' 'add_ln58_1108' <Predicate = true> <Delay = 0.00> <CoreInst = "TAddSub">   --->   Core 10 'TAddSub' <Latency = 0> <II = 1> <Delay = 0.49> <IPBlock> <Opcode : 'add' 'sub'> <InPorts = 3> <OutPorts = 1> <Sync> <CReg>
ST_2 : Operation 2004 [1/1] (0.99ns) (root node of TernaryAdder)   --->   "%add_ln58_1109 = add i16 %add_ln58_1108, i16 %mult_844" [firmware/nnet_utils/nnet_dense_latency.h:58]   --->   Operation 2004 'add' 'add_ln58_1109' <Predicate = true> <Delay = 0.99> <CoreInst = "TAddSub">   --->   Core 10 'TAddSub' <Latency = 0> <II = 1> <Delay = 0.49> <IPBlock> <Opcode : 'add' 'sub'> <InPorts = 3> <OutPorts = 1> <Sync> <CReg>
ST_2 : Operation 2005 [1/1] (0.00ns) (grouped into TernaryAdder)   --->   "%add_ln58_1112 = add i16 %add_ln58_1111, i16 %mult_1101" [firmware/nnet_utils/nnet_dense_latency.h:58]   --->   Operation 2005 'add' 'add_ln58_1112' <Predicate = true> <Delay = 0.00> <CoreInst = "TAddSub">   --->   Core 10 'TAddSub' <Latency = 0> <II = 1> <Delay = 0.49> <IPBlock> <Opcode : 'add' 'sub'> <InPorts = 3> <OutPorts = 1> <Sync> <CReg>
ST_2 : Operation 2006 [1/1] (0.00ns) (grouped into TernaryAdder)   --->   "%add_ln58_1113 = add i16 %sext_ln42_346, i16 %sext_ln42_376" [firmware/nnet_utils/nnet_dense_latency.h:58]   --->   Operation 2006 'add' 'add_ln58_1113' <Predicate = true> <Delay = 0.00> <CoreInst = "TAddSub">   --->   Core 10 'TAddSub' <Latency = 0> <II = 1> <Delay = 0.49> <IPBlock> <Opcode : 'add' 'sub'> <InPorts = 3> <OutPorts = 1> <Sync> <CReg>
ST_2 : Operation 2007 [1/1] (1.40ns)   --->   "%add_ln58_1114 = add i16 %sext_ln42_387, i16 %sext_ln42_390" [firmware/nnet_utils/nnet_dense_latency.h:58]   --->   Operation 2007 'add' 'add_ln58_1114' <Predicate = true> <Delay = 1.40> <CoreInst = "Adder">   --->   Core 1 'Adder' <Latency = 0> <II = 1> <Delay = 1.40> <FuncUnit> <Opcode : 'add' 'sub'> <InPorts = 2> <OutPorts = 1>
ST_2 : Operation 2008 [1/1] (0.99ns) (root node of TernaryAdder)   --->   "%add_ln58_1115 = add i16 %add_ln58_1114, i16 %add_ln58_1113" [firmware/nnet_utils/nnet_dense_latency.h:58]   --->   Operation 2008 'add' 'add_ln58_1115' <Predicate = true> <Delay = 0.99> <CoreInst = "TAddSub">   --->   Core 10 'TAddSub' <Latency = 0> <II = 1> <Delay = 0.49> <IPBlock> <Opcode : 'add' 'sub'> <InPorts = 3> <OutPorts = 1> <Sync> <CReg>
ST_2 : Operation 2009 [1/1] (0.99ns) (root node of TernaryAdder)   --->   "%add_ln58_1116 = add i16 %add_ln58_1115, i16 %add_ln58_1112" [firmware/nnet_utils/nnet_dense_latency.h:58]   --->   Operation 2009 'add' 'add_ln58_1116' <Predicate = true> <Delay = 0.99> <CoreInst = "TAddSub">   --->   Core 10 'TAddSub' <Latency = 0> <II = 1> <Delay = 0.49> <IPBlock> <Opcode : 'add' 'sub'> <InPorts = 3> <OutPorts = 1> <Sync> <CReg>
ST_2 : Operation 2010 [1/1] (0.00ns) (grouped into TernaryAdder)   --->   "%add_ln58_1118 = add i16 %sext_ln42_410, i16 %sext_ln42_412" [firmware/nnet_utils/nnet_dense_latency.h:58]   --->   Operation 2010 'add' 'add_ln58_1118' <Predicate = true> <Delay = 0.00> <CoreInst = "TAddSub">   --->   Core 10 'TAddSub' <Latency = 0> <II = 1> <Delay = 0.49> <IPBlock> <Opcode : 'add' 'sub'> <InPorts = 3> <OutPorts = 1> <Sync> <CReg>
ST_2 : Operation 2011 [1/1] (0.99ns) (root node of TernaryAdder)   --->   "%add_ln58_1119 = add i16 %add_ln58_1118, i16 %sext_ln42_403" [firmware/nnet_utils/nnet_dense_latency.h:58]   --->   Operation 2011 'add' 'add_ln58_1119' <Predicate = true> <Delay = 0.99> <CoreInst = "TAddSub">   --->   Core 10 'TAddSub' <Latency = 0> <II = 1> <Delay = 0.49> <IPBlock> <Opcode : 'add' 'sub'> <InPorts = 3> <OutPorts = 1> <Sync> <CReg>
ST_2 : Operation 2012 [1/1] (0.00ns) (grouped into TernaryAdder)   --->   "%add_ln58_1120 = add i16 %sext_ln42_421, i16 %sext_ln42_424" [firmware/nnet_utils/nnet_dense_latency.h:58]   --->   Operation 2012 'add' 'add_ln58_1120' <Predicate = true> <Delay = 0.00> <CoreInst = "TAddSub">   --->   Core 10 'TAddSub' <Latency = 0> <II = 1> <Delay = 0.49> <IPBlock> <Opcode : 'add' 'sub'> <InPorts = 3> <OutPorts = 1> <Sync> <CReg>
ST_2 : Operation 2013 [1/1] (0.99ns) (root node of TernaryAdder)   --->   "%add_ln58_1121 = add i16 %add_ln58_1120, i16 %sext_ln42_416" [firmware/nnet_utils/nnet_dense_latency.h:58]   --->   Operation 2013 'add' 'add_ln58_1121' <Predicate = true> <Delay = 0.99> <CoreInst = "TAddSub">   --->   Core 10 'TAddSub' <Latency = 0> <II = 1> <Delay = 0.49> <IPBlock> <Opcode : 'add' 'sub'> <InPorts = 3> <OutPorts = 1> <Sync> <CReg>
ST_2 : Operation 2014 [1/1] (0.00ns) (grouped into TernaryAdder)   --->   "%add_ln58_1124 = add i16 %add_ln58_1123, i16 %sext_ln42_432" [firmware/nnet_utils/nnet_dense_latency.h:58]   --->   Operation 2014 'add' 'add_ln58_1124' <Predicate = true> <Delay = 0.00> <CoreInst = "TAddSub">   --->   Core 10 'TAddSub' <Latency = 0> <II = 1> <Delay = 0.49> <IPBlock> <Opcode : 'add' 'sub'> <InPorts = 3> <OutPorts = 1> <Sync> <CReg>
ST_2 : Operation 2015 [1/1] (0.00ns) (grouped into TernaryAdder)   --->   "%add_ln58_1125 = add i16 %sext_ln42_457, i16 %sext_ln42_462" [firmware/nnet_utils/nnet_dense_latency.h:58]   --->   Operation 2015 'add' 'add_ln58_1125' <Predicate = true> <Delay = 0.00> <CoreInst = "TAddSub">   --->   Core 10 'TAddSub' <Latency = 0> <II = 1> <Delay = 0.49> <IPBlock> <Opcode : 'add' 'sub'> <InPorts = 3> <OutPorts = 1> <Sync> <CReg>
ST_2 : Operation 2016 [1/1] (1.40ns)   --->   "%add_ln58_1126 = add i16 %sext_ln42_466, i16 %sext_ln42_469" [firmware/nnet_utils/nnet_dense_latency.h:58]   --->   Operation 2016 'add' 'add_ln58_1126' <Predicate = true> <Delay = 1.40> <CoreInst = "Adder">   --->   Core 1 'Adder' <Latency = 0> <II = 1> <Delay = 1.40> <FuncUnit> <Opcode : 'add' 'sub'> <InPorts = 2> <OutPorts = 1>
ST_2 : Operation 2017 [1/1] (0.99ns) (root node of TernaryAdder)   --->   "%add_ln58_1127 = add i16 %add_ln58_1126, i16 %add_ln58_1125" [firmware/nnet_utils/nnet_dense_latency.h:58]   --->   Operation 2017 'add' 'add_ln58_1127' <Predicate = true> <Delay = 0.99> <CoreInst = "TAddSub">   --->   Core 10 'TAddSub' <Latency = 0> <II = 1> <Delay = 0.49> <IPBlock> <Opcode : 'add' 'sub'> <InPorts = 3> <OutPorts = 1> <Sync> <CReg>
ST_2 : Operation 2018 [1/1] (0.99ns) (root node of TernaryAdder)   --->   "%add_ln58_1128 = add i16 %add_ln58_1127, i16 %add_ln58_1124" [firmware/nnet_utils/nnet_dense_latency.h:58]   --->   Operation 2018 'add' 'add_ln58_1128' <Predicate = true> <Delay = 0.99> <CoreInst = "TAddSub">   --->   Core 10 'TAddSub' <Latency = 0> <II = 1> <Delay = 0.49> <IPBlock> <Opcode : 'add' 'sub'> <InPorts = 3> <OutPorts = 1> <Sync> <CReg>
ST_2 : Operation 2019 [1/1] (1.40ns)   --->   "%add_ln58_1131 = add i16 %sext_ln42_494, i16 %sext_ln42_366" [firmware/nnet_utils/nnet_dense_latency.h:58]   --->   Operation 2019 'add' 'add_ln58_1131' <Predicate = true> <Delay = 1.40> <CoreInst = "Adder">   --->   Core 1 'Adder' <Latency = 0> <II = 1> <Delay = 1.40> <FuncUnit> <Opcode : 'add' 'sub'> <InPorts = 2> <OutPorts = 1>
ST_2 : Operation 2020 [1/1] (0.00ns) (grouped into TernaryAdder)   --->   "%add_ln58_1132 = add i16 %add_ln58_1131, i16 %sext_ln42_482" [firmware/nnet_utils/nnet_dense_latency.h:58]   --->   Operation 2020 'add' 'add_ln58_1132' <Predicate = true> <Delay = 0.00> <CoreInst = "TAddSub">   --->   Core 10 'TAddSub' <Latency = 0> <II = 1> <Delay = 0.49> <IPBlock> <Opcode : 'add' 'sub'> <InPorts = 3> <OutPorts = 1> <Sync> <CReg>
ST_2 : Operation 2021 [1/1] (0.00ns)   --->   "%sext_ln58_292 = sext i15 %add_ln58_1133" [firmware/nnet_utils/nnet_dense_latency.h:58]   --->   Operation 2021 'sext' 'sext_ln58_292' <Predicate = true> <Delay = 0.00>
ST_2 : Operation 2022 [1/1] (1.40ns)   --->   "%add_ln58_1134 = add i16 %sext_ln58_292, i16 %sext_ln42_371" [firmware/nnet_utils/nnet_dense_latency.h:58]   --->   Operation 2022 'add' 'add_ln58_1134' <Predicate = true> <Delay = 1.40> <CoreInst = "Adder">   --->   Core 1 'Adder' <Latency = 0> <II = 1> <Delay = 1.40> <FuncUnit> <Opcode : 'add' 'sub'> <InPorts = 2> <OutPorts = 1>
ST_2 : Operation 2023 [1/1] (0.99ns) (root node of TernaryAdder)   --->   "%add_ln58_1135 = add i16 %add_ln58_1134, i16 %add_ln58_1132" [firmware/nnet_utils/nnet_dense_latency.h:58]   --->   Operation 2023 'add' 'add_ln58_1135' <Predicate = true> <Delay = 0.99> <CoreInst = "TAddSub">   --->   Core 10 'TAddSub' <Latency = 0> <II = 1> <Delay = 0.49> <IPBlock> <Opcode : 'add' 'sub'> <InPorts = 3> <OutPorts = 1> <Sync> <CReg>
ST_2 : Operation 2024 [1/1] (1.38ns)   --->   "%add_ln58_1136 = add i15 %sext_ln17_414, i15 %sext_ln17_432" [firmware/nnet_utils/nnet_dense_latency.h:58]   --->   Operation 2024 'add' 'add_ln58_1136' <Predicate = true> <Delay = 1.38> <CoreInst = "Adder">   --->   Core 1 'Adder' <Latency = 0> <II = 1> <Delay = 1.38> <FuncUnit> <Opcode : 'add' 'sub'> <InPorts = 2> <OutPorts = 1>
ST_2 : Operation 2025 [1/1] (1.38ns)   --->   "%add_ln58_1138 = add i15 %sext_ln17_454, i15 %sext_ln17_462" [firmware/nnet_utils/nnet_dense_latency.h:58]   --->   Operation 2025 'add' 'add_ln58_1138' <Predicate = true> <Delay = 1.38> <CoreInst = "Adder">   --->   Core 1 'Adder' <Latency = 0> <II = 1> <Delay = 1.38> <FuncUnit> <Opcode : 'add' 'sub'> <InPorts = 2> <OutPorts = 1>
ST_2 : Operation 2026 [1/1] (0.00ns)   --->   "%sext_ln58_294 = sext i15 %add_ln58_1138" [firmware/nnet_utils/nnet_dense_latency.h:58]   --->   Operation 2026 'sext' 'sext_ln58_294' <Predicate = true> <Delay = 0.00>
ST_2 : Operation 2027 [1/1] (1.38ns)   --->   "%add_ln58_1139 = add i15 %sext_ln17_467, i15 %sext_ln17_494" [firmware/nnet_utils/nnet_dense_latency.h:58]   --->   Operation 2027 'add' 'add_ln58_1139' <Predicate = true> <Delay = 1.38> <CoreInst = "Adder">   --->   Core 1 'Adder' <Latency = 0> <II = 1> <Delay = 1.38> <FuncUnit> <Opcode : 'add' 'sub'> <InPorts = 2> <OutPorts = 1>
ST_2 : Operation 2028 [1/1] (0.00ns)   --->   "%sext_ln58_295 = sext i15 %add_ln58_1139" [firmware/nnet_utils/nnet_dense_latency.h:58]   --->   Operation 2028 'sext' 'sext_ln58_295' <Predicate = true> <Delay = 0.00>
ST_2 : Operation 2029 [1/1] (1.40ns)   --->   "%add_ln58_1140 = add i16 %sext_ln58_295, i16 %sext_ln58_294" [firmware/nnet_utils/nnet_dense_latency.h:58]   --->   Operation 2029 'add' 'add_ln58_1140' <Predicate = true> <Delay = 1.40> <CoreInst = "Adder">   --->   Core 1 'Adder' <Latency = 0> <II = 1> <Delay = 1.40> <FuncUnit> <Opcode : 'add' 'sub'> <InPorts = 2> <OutPorts = 1>
ST_2 : Operation 2030 [1/1] (0.00ns)   --->   "%sext_ln58_296 = sext i15 %add_ln58_1143" [firmware/nnet_utils/nnet_dense_latency.h:58]   --->   Operation 2030 'sext' 'sext_ln58_296' <Predicate = true> <Delay = 0.00>
ST_2 : Operation 2031 [1/1] (1.40ns)   --->   "%add_ln58_1144 = add i16 %sext_ln58_296, i16 %sext_ln42_490" [firmware/nnet_utils/nnet_dense_latency.h:58]   --->   Operation 2031 'add' 'add_ln58_1144' <Predicate = true> <Delay = 1.40> <CoreInst = "Adder">   --->   Core 1 'Adder' <Latency = 0> <II = 1> <Delay = 1.40> <FuncUnit> <Opcode : 'add' 'sub'> <InPorts = 2> <OutPorts = 1>
ST_2 : Operation 2032 [1/1] (0.00ns)   --->   "%sext_ln58_297 = sext i14 %add_ln58_1145" [firmware/nnet_utils/nnet_dense_latency.h:58]   --->   Operation 2032 'sext' 'sext_ln58_297' <Predicate = true> <Delay = 0.00>
ST_2 : Operation 2033 [1/1] (0.00ns)   --->   "%sext_ln58_298 = sext i14 %add_ln58_1146" [firmware/nnet_utils/nnet_dense_latency.h:58]   --->   Operation 2033 'sext' 'sext_ln58_298' <Predicate = true> <Delay = 0.00>
ST_2 : Operation 2034 [1/1] (1.38ns)   --->   "%add_ln58_1147 = add i15 %sext_ln58_298, i15 %sext_ln58_297" [firmware/nnet_utils/nnet_dense_latency.h:58]   --->   Operation 2034 'add' 'add_ln58_1147' <Predicate = true> <Delay = 1.38> <CoreInst = "Adder">   --->   Core 1 'Adder' <Latency = 0> <II = 1> <Delay = 1.38> <FuncUnit> <Opcode : 'add' 'sub'> <InPorts = 2> <OutPorts = 1>
ST_2 : Operation 2035 [1/1] (0.00ns)   --->   "%sext_ln58_300 = sext i13 %add_ln58_1149" [firmware/nnet_utils/nnet_dense_latency.h:58]   --->   Operation 2035 'sext' 'sext_ln58_300' <Predicate = true> <Delay = 0.00>
ST_2 : Operation 2036 [1/1] (1.36ns)   --->   "%add_ln58_1150 = add i14 %sext_ln58_300, i14 %sext_ln17_409" [firmware/nnet_utils/nnet_dense_latency.h:58]   --->   Operation 2036 'add' 'add_ln58_1150' <Predicate = true> <Delay = 1.36> <CoreInst = "Adder">   --->   Core 1 'Adder' <Latency = 0> <II = 1> <Delay = 1.36> <FuncUnit> <Opcode : 'add' 'sub'> <InPorts = 2> <OutPorts = 1>
ST_2 : Operation 2037 [1/1] (0.00ns)   --->   "%sext_ln58_301 = sext i14 %add_ln58_1150" [firmware/nnet_utils/nnet_dense_latency.h:58]   --->   Operation 2037 'sext' 'sext_ln58_301' <Predicate = true> <Delay = 0.00>
ST_2 : Operation 2038 [1/1] (0.00ns)   --->   "%sext_ln58_302 = sext i13 %add_ln58_1151" [firmware/nnet_utils/nnet_dense_latency.h:58]   --->   Operation 2038 'sext' 'sext_ln58_302' <Predicate = true> <Delay = 0.00>
ST_2 : Operation 2039 [1/1] (0.00ns)   --->   "%sext_ln58_303 = sext i12 %add_ln58_1152" [firmware/nnet_utils/nnet_dense_latency.h:58]   --->   Operation 2039 'sext' 'sext_ln58_303' <Predicate = true> <Delay = 0.00>
ST_2 : Operation 2040 [1/1] (1.36ns)   --->   "%add_ln58_1153 = add i14 %sext_ln58_303, i14 %sext_ln58_302" [firmware/nnet_utils/nnet_dense_latency.h:58]   --->   Operation 2040 'add' 'add_ln58_1153' <Predicate = true> <Delay = 1.36> <CoreInst = "Adder">   --->   Core 1 'Adder' <Latency = 0> <II = 1> <Delay = 1.36> <FuncUnit> <Opcode : 'add' 'sub'> <InPorts = 2> <OutPorts = 1>
ST_2 : Operation 2041 [1/1] (0.00ns)   --->   "%sext_ln58_304 = sext i14 %add_ln58_1153" [firmware/nnet_utils/nnet_dense_latency.h:58]   --->   Operation 2041 'sext' 'sext_ln58_304' <Predicate = true> <Delay = 0.00>
ST_2 : Operation 2042 [1/1] (1.38ns)   --->   "%add_ln58_1154 = add i15 %sext_ln58_304, i15 %sext_ln58_301" [firmware/nnet_utils/nnet_dense_latency.h:58]   --->   Operation 2042 'add' 'add_ln58_1154' <Predicate = true> <Delay = 1.38> <CoreInst = "Adder">   --->   Core 1 'Adder' <Latency = 0> <II = 1> <Delay = 1.38> <FuncUnit> <Opcode : 'add' 'sub'> <InPorts = 2> <OutPorts = 1>
ST_2 : Operation 2043 [1/1] (0.00ns) (grouped into TernaryAdder)   --->   "%add_ln58_1158 = add i16 %mult_761, i16 %mult_769" [firmware/nnet_utils/nnet_dense_latency.h:58]   --->   Operation 2043 'add' 'add_ln58_1158' <Predicate = true> <Delay = 0.00> <CoreInst = "TAddSub">   --->   Core 10 'TAddSub' <Latency = 0> <II = 1> <Delay = 0.49> <IPBlock> <Opcode : 'add' 'sub'> <InPorts = 3> <OutPorts = 1> <Sync> <CReg>
ST_2 : Operation 2044 [1/1] (0.99ns) (root node of TernaryAdder)   --->   "%add_ln58_1159 = add i16 %add_ln58_1158, i16 %mult_753" [firmware/nnet_utils/nnet_dense_latency.h:58]   --->   Operation 2044 'add' 'add_ln58_1159' <Predicate = true> <Delay = 0.99> <CoreInst = "TAddSub">   --->   Core 10 'TAddSub' <Latency = 0> <II = 1> <Delay = 0.49> <IPBlock> <Opcode : 'add' 'sub'> <InPorts = 3> <OutPorts = 1> <Sync> <CReg>
ST_2 : Operation 2045 [1/1] (0.00ns) (grouped into TernaryAdder)   --->   "%add_ln58_1160 = add i16 %mult_837, i16 %mult_845" [firmware/nnet_utils/nnet_dense_latency.h:58]   --->   Operation 2045 'add' 'add_ln58_1160' <Predicate = true> <Delay = 0.00> <CoreInst = "TAddSub">   --->   Core 10 'TAddSub' <Latency = 0> <II = 1> <Delay = 0.49> <IPBlock> <Opcode : 'add' 'sub'> <InPorts = 3> <OutPorts = 1> <Sync> <CReg>
ST_2 : Operation 2046 [1/1] (0.99ns) (root node of TernaryAdder)   --->   "%add_ln58_1161 = add i16 %add_ln58_1160, i16 %mult_801" [firmware/nnet_utils/nnet_dense_latency.h:58]   --->   Operation 2046 'add' 'add_ln58_1161' <Predicate = true> <Delay = 0.99> <CoreInst = "TAddSub">   --->   Core 10 'TAddSub' <Latency = 0> <II = 1> <Delay = 0.49> <IPBlock> <Opcode : 'add' 'sub'> <InPorts = 3> <OutPorts = 1> <Sync> <CReg>
ST_2 : Operation 2047 [1/1] (1.41ns)   --->   "%add_ln58_1163 = add i16 %mult_1036, i16 %mult_1044" [firmware/nnet_utils/nnet_dense_latency.h:58]   --->   Operation 2047 'add' 'add_ln58_1163' <Predicate = true> <Delay = 1.41> <CoreInst = "Adder">   --->   Core 1 'Adder' <Latency = 0> <II = 1> <Delay = 1.41> <FuncUnit> <Opcode : 'add' 'sub'> <InPorts = 2> <OutPorts = 1>
ST_2 : Operation 2048 [1/1] (0.00ns) (grouped into TernaryAdder)   --->   "%add_ln58_1164 = add i16 %add_ln58_1163, i16 %mult_1015" [firmware/nnet_utils/nnet_dense_latency.h:58]   --->   Operation 2048 'add' 'add_ln58_1164' <Predicate = true> <Delay = 0.00> <CoreInst = "TAddSub">   --->   Core 10 'TAddSub' <Latency = 0> <II = 1> <Delay = 0.49> <IPBlock> <Opcode : 'add' 'sub'> <InPorts = 3> <OutPorts = 1> <Sync> <CReg>
ST_2 : Operation 2049 [1/1] (0.00ns) (grouped into TernaryAdder)   --->   "%add_ln58_1165 = add i16 %mult_1051, i16 %mult_1117" [firmware/nnet_utils/nnet_dense_latency.h:58]   --->   Operation 2049 'add' 'add_ln58_1165' <Predicate = true> <Delay = 0.00> <CoreInst = "TAddSub">   --->   Core 10 'TAddSub' <Latency = 0> <II = 1> <Delay = 0.49> <IPBlock> <Opcode : 'add' 'sub'> <InPorts = 3> <OutPorts = 1> <Sync> <CReg>
ST_2 : Operation 2050 [1/1] (1.40ns)   --->   "%add_ln58_1166 = add i16 %sext_ln42_360, i16 %sext_ln42_372" [firmware/nnet_utils/nnet_dense_latency.h:58]   --->   Operation 2050 'add' 'add_ln58_1166' <Predicate = true> <Delay = 1.40> <CoreInst = "Adder">   --->   Core 1 'Adder' <Latency = 0> <II = 1> <Delay = 1.40> <FuncUnit> <Opcode : 'add' 'sub'> <InPorts = 2> <OutPorts = 1>
ST_2 : Operation 2051 [1/1] (0.99ns) (root node of TernaryAdder)   --->   "%add_ln58_1167 = add i16 %add_ln58_1166, i16 %add_ln58_1165" [firmware/nnet_utils/nnet_dense_latency.h:58]   --->   Operation 2051 'add' 'add_ln58_1167' <Predicate = true> <Delay = 0.99> <CoreInst = "TAddSub">   --->   Core 10 'TAddSub' <Latency = 0> <II = 1> <Delay = 0.49> <IPBlock> <Opcode : 'add' 'sub'> <InPorts = 3> <OutPorts = 1> <Sync> <CReg>
ST_2 : Operation 2052 [1/1] (0.99ns) (root node of TernaryAdder)   --->   "%add_ln58_1168 = add i16 %add_ln58_1167, i16 %add_ln58_1164" [firmware/nnet_utils/nnet_dense_latency.h:58]   --->   Operation 2052 'add' 'add_ln58_1168' <Predicate = true> <Delay = 0.99> <CoreInst = "TAddSub">   --->   Core 10 'TAddSub' <Latency = 0> <II = 1> <Delay = 0.49> <IPBlock> <Opcode : 'add' 'sub'> <InPorts = 3> <OutPorts = 1> <Sync> <CReg>
ST_2 : Operation 2053 [1/1] (0.00ns) (grouped into TernaryAdder)   --->   "%add_ln58_1172 = add i16 %sext_ln42_400, i16 %sext_ln42_425" [firmware/nnet_utils/nnet_dense_latency.h:58]   --->   Operation 2053 'add' 'add_ln58_1172' <Predicate = true> <Delay = 0.00> <CoreInst = "TAddSub">   --->   Core 10 'TAddSub' <Latency = 0> <II = 1> <Delay = 0.49> <IPBlock> <Opcode : 'add' 'sub'> <InPorts = 3> <OutPorts = 1> <Sync> <CReg>
ST_2 : Operation 2054 [1/1] (1.40ns)   --->   "%add_ln58_1173 = add i16 %sext_ln42_433, i16 %sext_ln42_437" [firmware/nnet_utils/nnet_dense_latency.h:58]   --->   Operation 2054 'add' 'add_ln58_1173' <Predicate = true> <Delay = 1.40> <CoreInst = "Adder">   --->   Core 1 'Adder' <Latency = 0> <II = 1> <Delay = 1.40> <FuncUnit> <Opcode : 'add' 'sub'> <InPorts = 2> <OutPorts = 1>
ST_2 : Operation 2055 [1/1] (0.99ns) (root node of TernaryAdder)   --->   "%add_ln58_1174 = add i16 %add_ln58_1173, i16 %add_ln58_1172" [firmware/nnet_utils/nnet_dense_latency.h:58]   --->   Operation 2055 'add' 'add_ln58_1174' <Predicate = true> <Delay = 0.99> <CoreInst = "TAddSub">   --->   Core 10 'TAddSub' <Latency = 0> <II = 1> <Delay = 0.49> <IPBlock> <Opcode : 'add' 'sub'> <InPorts = 3> <OutPorts = 1> <Sync> <CReg>
ST_2 : Operation 2056 [1/1] (1.40ns)   --->   "%add_ln58_1176 = add i16 %sext_ln42_450, i16 %sext_ln42_473" [firmware/nnet_utils/nnet_dense_latency.h:58]   --->   Operation 2056 'add' 'add_ln58_1176' <Predicate = true> <Delay = 1.40> <CoreInst = "Adder">   --->   Core 1 'Adder' <Latency = 0> <II = 1> <Delay = 1.40> <FuncUnit> <Opcode : 'add' 'sub'> <InPorts = 2> <OutPorts = 1>
ST_2 : Operation 2057 [1/1] (0.00ns) (grouped into TernaryAdder)   --->   "%add_ln58_1177 = add i16 %add_ln58_1176, i16 %sext_ln42_444" [firmware/nnet_utils/nnet_dense_latency.h:58]   --->   Operation 2057 'add' 'add_ln58_1177' <Predicate = true> <Delay = 0.00> <CoreInst = "TAddSub">   --->   Core 10 'TAddSub' <Latency = 0> <II = 1> <Delay = 0.49> <IPBlock> <Opcode : 'add' 'sub'> <InPorts = 3> <OutPorts = 1> <Sync> <CReg>
ST_2 : Operation 2058 [1/1] (0.00ns) (grouped into TernaryAdder)   --->   "%add_ln58_1178 = add i16 %sext_ln42_479, i16 %sext_ln42_491" [firmware/nnet_utils/nnet_dense_latency.h:58]   --->   Operation 2058 'add' 'add_ln58_1178' <Predicate = true> <Delay = 0.00> <CoreInst = "TAddSub">   --->   Core 10 'TAddSub' <Latency = 0> <II = 1> <Delay = 0.49> <IPBlock> <Opcode : 'add' 'sub'> <InPorts = 3> <OutPorts = 1> <Sync> <CReg>
ST_2 : Operation 2059 [1/1] (1.40ns)   --->   "%add_ln58_1179 = add i16 %sext_ln42_498, i16 %sext_ln42_503" [firmware/nnet_utils/nnet_dense_latency.h:58]   --->   Operation 2059 'add' 'add_ln58_1179' <Predicate = true> <Delay = 1.40> <CoreInst = "Adder">   --->   Core 1 'Adder' <Latency = 0> <II = 1> <Delay = 1.40> <FuncUnit> <Opcode : 'add' 'sub'> <InPorts = 2> <OutPorts = 1>
ST_2 : Operation 2060 [1/1] (0.99ns) (root node of TernaryAdder)   --->   "%add_ln58_1180 = add i16 %add_ln58_1179, i16 %add_ln58_1178" [firmware/nnet_utils/nnet_dense_latency.h:58]   --->   Operation 2060 'add' 'add_ln58_1180' <Predicate = true> <Delay = 0.99> <CoreInst = "TAddSub">   --->   Core 10 'TAddSub' <Latency = 0> <II = 1> <Delay = 0.49> <IPBlock> <Opcode : 'add' 'sub'> <InPorts = 3> <OutPorts = 1> <Sync> <CReg>
ST_2 : Operation 2061 [1/1] (0.99ns) (root node of TernaryAdder)   --->   "%add_ln58_1181 = add i16 %add_ln58_1180, i16 %add_ln58_1177" [firmware/nnet_utils/nnet_dense_latency.h:58]   --->   Operation 2061 'add' 'add_ln58_1181' <Predicate = true> <Delay = 0.99> <CoreInst = "TAddSub">   --->   Core 10 'TAddSub' <Latency = 0> <II = 1> <Delay = 0.49> <IPBlock> <Opcode : 'add' 'sub'> <InPorts = 3> <OutPorts = 1> <Sync> <CReg>
ST_2 : Operation 2062 [1/1] (1.38ns)   --->   "%add_ln58_1184 = add i15 %sext_ln17_359, i15 %sext_ln17_362" [firmware/nnet_utils/nnet_dense_latency.h:58]   --->   Operation 2062 'add' 'add_ln58_1184' <Predicate = true> <Delay = 1.38> <CoreInst = "Adder">   --->   Core 1 'Adder' <Latency = 0> <II = 1> <Delay = 1.38> <FuncUnit> <Opcode : 'add' 'sub'> <InPorts = 2> <OutPorts = 1>
ST_2 : Operation 2063 [1/1] (1.38ns)   --->   "%add_ln58_1186 = add i15 %sext_ln17_396, i15 %sext_ln17_399" [firmware/nnet_utils/nnet_dense_latency.h:58]   --->   Operation 2063 'add' 'add_ln58_1186' <Predicate = true> <Delay = 1.38> <CoreInst = "Adder">   --->   Core 1 'Adder' <Latency = 0> <II = 1> <Delay = 1.38> <FuncUnit> <Opcode : 'add' 'sub'> <InPorts = 2> <OutPorts = 1>
ST_2 : Operation 2064 [1/1] (0.00ns)   --->   "%sext_ln58_307 = sext i15 %add_ln58_1186" [firmware/nnet_utils/nnet_dense_latency.h:58]   --->   Operation 2064 'sext' 'sext_ln58_307' <Predicate = true> <Delay = 0.00>
ST_2 : Operation 2065 [1/1] (1.40ns)   --->   "%add_ln58_1187 = add i16 %sext_ln58_307, i16 %sext_ln42_378" [firmware/nnet_utils/nnet_dense_latency.h:58]   --->   Operation 2065 'add' 'add_ln58_1187' <Predicate = true> <Delay = 1.40> <CoreInst = "Adder">   --->   Core 1 'Adder' <Latency = 0> <II = 1> <Delay = 1.40> <FuncUnit> <Opcode : 'add' 'sub'> <InPorts = 2> <OutPorts = 1>
ST_2 : Operation 2066 [1/1] (1.38ns)   --->   "%add_ln58_1189 = add i15 %sext_ln17_422, i15 %sext_ln17_426" [firmware/nnet_utils/nnet_dense_latency.h:58]   --->   Operation 2066 'add' 'add_ln58_1189' <Predicate = true> <Delay = 1.38> <CoreInst = "Adder">   --->   Core 1 'Adder' <Latency = 0> <II = 1> <Delay = 1.38> <FuncUnit> <Opcode : 'add' 'sub'> <InPorts = 2> <OutPorts = 1>
ST_2 : Operation 2067 [1/1] (1.38ns)   --->   "%add_ln58_1191 = add i15 %sext_ln17_467, i15 %sext_ln17_492" [firmware/nnet_utils/nnet_dense_latency.h:58]   --->   Operation 2067 'add' 'add_ln58_1191' <Predicate = true> <Delay = 1.38> <CoreInst = "Adder">   --->   Core 1 'Adder' <Latency = 0> <II = 1> <Delay = 1.38> <FuncUnit> <Opcode : 'add' 'sub'> <InPorts = 2> <OutPorts = 1>
ST_2 : Operation 2068 [1/1] (0.00ns)   --->   "%sext_ln58_309 = sext i15 %add_ln58_1191" [firmware/nnet_utils/nnet_dense_latency.h:58]   --->   Operation 2068 'sext' 'sext_ln58_309' <Predicate = true> <Delay = 0.00>
ST_2 : Operation 2069 [1/1] (0.00ns)   --->   "%sext_ln58_310 = sext i15 %add_ln58_1192" [firmware/nnet_utils/nnet_dense_latency.h:58]   --->   Operation 2069 'sext' 'sext_ln58_310' <Predicate = true> <Delay = 0.00>
ST_2 : Operation 2070 [1/1] (1.40ns)   --->   "%add_ln58_1193 = add i16 %sext_ln58_310, i16 %sext_ln58_309" [firmware/nnet_utils/nnet_dense_latency.h:58]   --->   Operation 2070 'add' 'add_ln58_1193' <Predicate = true> <Delay = 1.40> <CoreInst = "Adder">   --->   Core 1 'Adder' <Latency = 0> <II = 1> <Delay = 1.40> <FuncUnit> <Opcode : 'add' 'sub'> <InPorts = 2> <OutPorts = 1>
ST_2 : Operation 2071 [1/1] (0.00ns)   --->   "%sext_ln58_311 = sext i14 %add_ln58_1196" [firmware/nnet_utils/nnet_dense_latency.h:58]   --->   Operation 2071 'sext' 'sext_ln58_311' <Predicate = true> <Delay = 0.00>
ST_2 : Operation 2072 [1/1] (1.38ns)   --->   "%add_ln58_1197 = add i15 %sext_ln58_311, i15 %sext_ln17_391" [firmware/nnet_utils/nnet_dense_latency.h:58]   --->   Operation 2072 'add' 'add_ln58_1197' <Predicate = true> <Delay = 1.38> <CoreInst = "Adder">   --->   Core 1 'Adder' <Latency = 0> <II = 1> <Delay = 1.38> <FuncUnit> <Opcode : 'add' 'sub'> <InPorts = 2> <OutPorts = 1>
ST_2 : Operation 2073 [1/1] (0.00ns)   --->   "%sext_ln58_313 = sext i14 %add_ln58_1198" [firmware/nnet_utils/nnet_dense_latency.h:58]   --->   Operation 2073 'sext' 'sext_ln58_313' <Predicate = true> <Delay = 0.00>
ST_2 : Operation 2074 [1/1] (1.36ns)   --->   "%add_ln58_1199 = add i14 %sext_ln17_449, i14 %sext_ln17_481" [firmware/nnet_utils/nnet_dense_latency.h:58]   --->   Operation 2074 'add' 'add_ln58_1199' <Predicate = true> <Delay = 1.36> <CoreInst = "Adder">   --->   Core 1 'Adder' <Latency = 0> <II = 1> <Delay = 1.36> <FuncUnit> <Opcode : 'add' 'sub'> <InPorts = 2> <OutPorts = 1>
ST_2 : Operation 2075 [1/1] (0.00ns)   --->   "%sext_ln58_314 = sext i14 %add_ln58_1199" [firmware/nnet_utils/nnet_dense_latency.h:58]   --->   Operation 2075 'sext' 'sext_ln58_314' <Predicate = true> <Delay = 0.00>
ST_2 : Operation 2076 [1/1] (1.38ns)   --->   "%add_ln58_1200 = add i15 %sext_ln58_314, i15 %sext_ln58_313" [firmware/nnet_utils/nnet_dense_latency.h:58]   --->   Operation 2076 'add' 'add_ln58_1200' <Predicate = true> <Delay = 1.38> <CoreInst = "Adder">   --->   Core 1 'Adder' <Latency = 0> <II = 1> <Delay = 1.38> <FuncUnit> <Opcode : 'add' 'sub'> <InPorts = 2> <OutPorts = 1>
ST_2 : Operation 2077 [1/1] (0.00ns)   --->   "%sext_ln58_316 = sext i13 %add_ln58_1202" [firmware/nnet_utils/nnet_dense_latency.h:58]   --->   Operation 2077 'sext' 'sext_ln58_316' <Predicate = true> <Delay = 0.00>
ST_2 : Operation 2078 [1/1] (1.36ns)   --->   "%add_ln58_1203 = add i14 %sext_ln58_316, i14 %sext_ln17_504" [firmware/nnet_utils/nnet_dense_latency.h:58]   --->   Operation 2078 'add' 'add_ln58_1203' <Predicate = true> <Delay = 1.36> <CoreInst = "Adder">   --->   Core 1 'Adder' <Latency = 0> <II = 1> <Delay = 1.36> <FuncUnit> <Opcode : 'add' 'sub'> <InPorts = 2> <OutPorts = 1>
ST_2 : Operation 2079 [1/1] (0.00ns)   --->   "%sext_ln58_317 = sext i14 %add_ln58_1203" [firmware/nnet_utils/nnet_dense_latency.h:58]   --->   Operation 2079 'sext' 'sext_ln58_317' <Predicate = true> <Delay = 0.00>
ST_2 : Operation 2080 [1/1] (0.00ns)   --->   "%sext_ln58_318 = sext i12 %add_ln58_1204" [firmware/nnet_utils/nnet_dense_latency.h:58]   --->   Operation 2080 'sext' 'sext_ln58_318' <Predicate = true> <Delay = 0.00>
ST_2 : Operation 2081 [1/1] (0.00ns)   --->   "%sext_ln58_319 = sext i11 %add_ln58_1205" [firmware/nnet_utils/nnet_dense_latency.h:58]   --->   Operation 2081 'sext' 'sext_ln58_319' <Predicate = true> <Delay = 0.00>
ST_2 : Operation 2082 [1/1] (1.35ns)   --->   "%add_ln58_1206 = add i13 %sext_ln58_319, i13 %sext_ln58_318" [firmware/nnet_utils/nnet_dense_latency.h:58]   --->   Operation 2082 'add' 'add_ln58_1206' <Predicate = true> <Delay = 1.35> <CoreInst = "Adder">   --->   Core 1 'Adder' <Latency = 0> <II = 1> <Delay = 1.35> <FuncUnit> <Opcode : 'add' 'sub'> <InPorts = 2> <OutPorts = 1>
ST_2 : Operation 2083 [1/1] (0.00ns)   --->   "%sext_ln58_320 = sext i13 %add_ln58_1206" [firmware/nnet_utils/nnet_dense_latency.h:58]   --->   Operation 2083 'sext' 'sext_ln58_320' <Predicate = true> <Delay = 0.00>
ST_2 : Operation 2084 [1/1] (1.38ns)   --->   "%add_ln58_1207 = add i15 %sext_ln58_320, i15 %sext_ln58_317" [firmware/nnet_utils/nnet_dense_latency.h:58]   --->   Operation 2084 'add' 'add_ln58_1207' <Predicate = true> <Delay = 1.38> <CoreInst = "Adder">   --->   Core 1 'Adder' <Latency = 0> <II = 1> <Delay = 1.38> <FuncUnit> <Opcode : 'add' 'sub'> <InPorts = 2> <OutPorts = 1>
ST_2 : Operation 2085 [1/1] (0.00ns) (grouped into TernaryAdder)   --->   "%add_ln58_1211 = add i16 %mult_762, i16 %mult_869" [firmware/nnet_utils/nnet_dense_latency.h:58]   --->   Operation 2085 'add' 'add_ln58_1211' <Predicate = true> <Delay = 0.00> <CoreInst = "TAddSub">   --->   Core 10 'TAddSub' <Latency = 0> <II = 1> <Delay = 0.49> <IPBlock> <Opcode : 'add' 'sub'> <InPorts = 3> <OutPorts = 1> <Sync> <CReg>
ST_2 : Operation 2086 [1/1] (0.99ns) (root node of TernaryAdder)   --->   "%add_ln58_1212 = add i16 %add_ln58_1211, i16 %mult_754" [firmware/nnet_utils/nnet_dense_latency.h:58]   --->   Operation 2086 'add' 'add_ln58_1212' <Predicate = true> <Delay = 0.99> <CoreInst = "TAddSub">   --->   Core 10 'TAddSub' <Latency = 0> <II = 1> <Delay = 0.49> <IPBlock> <Opcode : 'add' 'sub'> <InPorts = 3> <OutPorts = 1> <Sync> <CReg>
ST_2 : Operation 2087 [1/1] (0.00ns) (grouped into TernaryAdder)   --->   "%add_ln58_1213 = add i16 %mult_883, i16 %mult_899" [firmware/nnet_utils/nnet_dense_latency.h:58]   --->   Operation 2087 'add' 'add_ln58_1213' <Predicate = true> <Delay = 0.00> <CoreInst = "TAddSub">   --->   Core 10 'TAddSub' <Latency = 0> <II = 1> <Delay = 0.49> <IPBlock> <Opcode : 'add' 'sub'> <InPorts = 3> <OutPorts = 1> <Sync> <CReg>
ST_2 : Operation 2088 [1/1] (0.99ns) (root node of TernaryAdder)   --->   "%add_ln58_1214 = add i16 %add_ln58_1213, i16 %mult_873" [firmware/nnet_utils/nnet_dense_latency.h:58]   --->   Operation 2088 'add' 'add_ln58_1214' <Predicate = true> <Delay = 0.99> <CoreInst = "TAddSub">   --->   Core 10 'TAddSub' <Latency = 0> <II = 1> <Delay = 0.49> <IPBlock> <Opcode : 'add' 'sub'> <InPorts = 3> <OutPorts = 1> <Sync> <CReg>
ST_2 : Operation 2089 [1/1] (1.40ns)   --->   "%add_ln58_1216 = add i16 %sext_ln42_347, i16 %sext_ln42_361" [firmware/nnet_utils/nnet_dense_latency.h:58]   --->   Operation 2089 'add' 'add_ln58_1216' <Predicate = true> <Delay = 1.40> <CoreInst = "Adder">   --->   Core 1 'Adder' <Latency = 0> <II = 1> <Delay = 1.40> <FuncUnit> <Opcode : 'add' 'sub'> <InPorts = 2> <OutPorts = 1>
ST_2 : Operation 2090 [1/1] (0.00ns) (grouped into TernaryAdder)   --->   "%add_ln58_1217 = add i16 %add_ln58_1216, i16 %mult_922" [firmware/nnet_utils/nnet_dense_latency.h:58]   --->   Operation 2090 'add' 'add_ln58_1217' <Predicate = true> <Delay = 0.00> <CoreInst = "TAddSub">   --->   Core 10 'TAddSub' <Latency = 0> <II = 1> <Delay = 0.49> <IPBlock> <Opcode : 'add' 'sub'> <InPorts = 3> <OutPorts = 1> <Sync> <CReg>
ST_2 : Operation 2091 [1/1] (0.00ns) (grouped into TernaryAdder)   --->   "%add_ln58_1218 = add i16 %sext_ln42_363, i16 %sext_ln42_382" [firmware/nnet_utils/nnet_dense_latency.h:58]   --->   Operation 2091 'add' 'add_ln58_1218' <Predicate = true> <Delay = 0.00> <CoreInst = "TAddSub">   --->   Core 10 'TAddSub' <Latency = 0> <II = 1> <Delay = 0.49> <IPBlock> <Opcode : 'add' 'sub'> <InPorts = 3> <OutPorts = 1> <Sync> <CReg>
ST_2 : Operation 2092 [1/1] (1.40ns)   --->   "%add_ln58_1219 = add i16 %sext_ln42_385, i16 %sext_ln42_388" [firmware/nnet_utils/nnet_dense_latency.h:58]   --->   Operation 2092 'add' 'add_ln58_1219' <Predicate = true> <Delay = 1.40> <CoreInst = "Adder">   --->   Core 1 'Adder' <Latency = 0> <II = 1> <Delay = 1.40> <FuncUnit> <Opcode : 'add' 'sub'> <InPorts = 2> <OutPorts = 1>
ST_2 : Operation 2093 [1/1] (0.99ns) (root node of TernaryAdder)   --->   "%add_ln58_1220 = add i16 %add_ln58_1219, i16 %add_ln58_1218" [firmware/nnet_utils/nnet_dense_latency.h:58]   --->   Operation 2093 'add' 'add_ln58_1220' <Predicate = true> <Delay = 0.99> <CoreInst = "TAddSub">   --->   Core 10 'TAddSub' <Latency = 0> <II = 1> <Delay = 0.49> <IPBlock> <Opcode : 'add' 'sub'> <InPorts = 3> <OutPorts = 1> <Sync> <CReg>
ST_2 : Operation 2094 [1/1] (0.99ns) (root node of TernaryAdder)   --->   "%add_ln58_1221 = add i16 %add_ln58_1220, i16 %add_ln58_1217" [firmware/nnet_utils/nnet_dense_latency.h:58]   --->   Operation 2094 'add' 'add_ln58_1221' <Predicate = true> <Delay = 0.99> <CoreInst = "TAddSub">   --->   Core 10 'TAddSub' <Latency = 0> <II = 1> <Delay = 0.49> <IPBlock> <Opcode : 'add' 'sub'> <InPorts = 3> <OutPorts = 1> <Sync> <CReg>
ST_2 : Operation 2095 [1/1] (0.00ns) (grouped into TernaryAdder)   --->   "%add_ln58_1225 = add i16 %sext_ln42_470, i16 %sext_ln42_483" [firmware/nnet_utils/nnet_dense_latency.h:58]   --->   Operation 2095 'add' 'add_ln58_1225' <Predicate = true> <Delay = 0.00> <CoreInst = "TAddSub">   --->   Core 10 'TAddSub' <Latency = 0> <II = 1> <Delay = 0.49> <IPBlock> <Opcode : 'add' 'sub'> <InPorts = 3> <OutPorts = 1> <Sync> <CReg>
ST_2 : Operation 2096 [1/1] (0.99ns) (root node of TernaryAdder)   --->   "%add_ln58_1226 = add i16 %add_ln58_1225, i16 %sext_ln42_434" [firmware/nnet_utils/nnet_dense_latency.h:58]   --->   Operation 2096 'add' 'add_ln58_1226' <Predicate = true> <Delay = 0.99> <CoreInst = "TAddSub">   --->   Core 10 'TAddSub' <Latency = 0> <II = 1> <Delay = 0.49> <IPBlock> <Opcode : 'add' 'sub'> <InPorts = 3> <OutPorts = 1> <Sync> <CReg>
ST_2 : Operation 2097 [1/1] (1.40ns)   --->   "%add_ln58_1228 = add i16 %sext_ln42_504, i16 %sext_ln42_369" [firmware/nnet_utils/nnet_dense_latency.h:58]   --->   Operation 2097 'add' 'add_ln58_1228' <Predicate = true> <Delay = 1.40> <CoreInst = "Adder">   --->   Core 1 'Adder' <Latency = 0> <II = 1> <Delay = 1.40> <FuncUnit> <Opcode : 'add' 'sub'> <InPorts = 2> <OutPorts = 1>
ST_2 : Operation 2098 [1/1] (1.38ns)   --->   "%add_ln58_1230 = add i15 %sext_ln17_376, i15 %sext_ln17_383" [firmware/nnet_utils/nnet_dense_latency.h:58]   --->   Operation 2098 'add' 'add_ln58_1230' <Predicate = true> <Delay = 1.38> <CoreInst = "Adder">   --->   Core 1 'Adder' <Latency = 0> <II = 1> <Delay = 1.38> <FuncUnit> <Opcode : 'add' 'sub'> <InPorts = 2> <OutPorts = 1>
ST_2 : Operation 2099 [1/1] (0.00ns)   --->   "%sext_ln58_322 = sext i15 %add_ln58_1230" [firmware/nnet_utils/nnet_dense_latency.h:58]   --->   Operation 2099 'sext' 'sext_ln58_322' <Predicate = true> <Delay = 0.00>
ST_2 : Operation 2100 [1/1] (0.00ns)   --->   "%sext_ln58_323 = sext i15 %add_ln58_1231" [firmware/nnet_utils/nnet_dense_latency.h:58]   --->   Operation 2100 'sext' 'sext_ln58_323' <Predicate = true> <Delay = 0.00>
ST_2 : Operation 2101 [1/1] (1.40ns)   --->   "%add_ln58_1232 = add i16 %sext_ln58_323, i16 %sext_ln58_322" [firmware/nnet_utils/nnet_dense_latency.h:58]   --->   Operation 2101 'add' 'add_ln58_1232' <Predicate = true> <Delay = 1.40> <CoreInst = "Adder">   --->   Core 1 'Adder' <Latency = 0> <II = 1> <Delay = 1.40> <FuncUnit> <Opcode : 'add' 'sub'> <InPorts = 2> <OutPorts = 1>
ST_2 : Operation 2102 [1/1] (1.38ns)   --->   "%add_ln58_1236 = add i15 %sext_ln17_463, i15 %sext_ln17_472" [firmware/nnet_utils/nnet_dense_latency.h:58]   --->   Operation 2102 'add' 'add_ln58_1236' <Predicate = true> <Delay = 1.38> <CoreInst = "Adder">   --->   Core 1 'Adder' <Latency = 0> <II = 1> <Delay = 1.38> <FuncUnit> <Opcode : 'add' 'sub'> <InPorts = 2> <OutPorts = 1>
ST_2 : Operation 2103 [1/1] (1.38ns)   --->   "%add_ln58_1238 = add i15 %sext_ln17_489, i15 %sext_ln17_500" [firmware/nnet_utils/nnet_dense_latency.h:58]   --->   Operation 2103 'add' 'add_ln58_1238' <Predicate = true> <Delay = 1.38> <CoreInst = "Adder">   --->   Core 1 'Adder' <Latency = 0> <II = 1> <Delay = 1.38> <FuncUnit> <Opcode : 'add' 'sub'> <InPorts = 2> <OutPorts = 1>
ST_2 : Operation 2104 [1/1] (0.00ns)   --->   "%sext_ln58_325 = sext i15 %add_ln58_1238" [firmware/nnet_utils/nnet_dense_latency.h:58]   --->   Operation 2104 'sext' 'sext_ln58_325' <Predicate = true> <Delay = 0.00>
ST_2 : Operation 2105 [1/1] (1.40ns)   --->   "%add_ln58_1239 = add i16 %sext_ln58_325, i16 %sext_ln42_463" [firmware/nnet_utils/nnet_dense_latency.h:58]   --->   Operation 2105 'add' 'add_ln58_1239' <Predicate = true> <Delay = 1.40> <CoreInst = "Adder">   --->   Core 1 'Adder' <Latency = 0> <II = 1> <Delay = 1.40> <FuncUnit> <Opcode : 'add' 'sub'> <InPorts = 2> <OutPorts = 1>
ST_2 : Operation 2106 [1/1] (0.00ns)   --->   "%sext_ln58_326 = sext i15 %add_ln58_1241" [firmware/nnet_utils/nnet_dense_latency.h:58]   --->   Operation 2106 'sext' 'sext_ln58_326' <Predicate = true> <Delay = 0.00>
ST_2 : Operation 2107 [1/1] (0.00ns) (grouped into TernaryAdder)   --->   "%add_ln58_1242 = add i16 %sext_ln58_326, i16 %sext_ln42_487" [firmware/nnet_utils/nnet_dense_latency.h:58]   --->   Operation 2107 'add' 'add_ln58_1242' <Predicate = true> <Delay = 0.00> <CoreInst = "TAddSub">   --->   Core 10 'TAddSub' <Latency = 0> <II = 1> <Delay = 0.49> <IPBlock> <Opcode : 'add' 'sub'> <InPorts = 3> <OutPorts = 1> <Sync> <CReg>
ST_2 : Operation 2108 [1/1] (0.00ns)   --->   "%sext_ln58_327 = sext i14 %add_ln58_1243" [firmware/nnet_utils/nnet_dense_latency.h:58]   --->   Operation 2108 'sext' 'sext_ln58_327' <Predicate = true> <Delay = 0.00>
ST_2 : Operation 2109 [1/1] (0.00ns)   --->   "%sext_ln58_328 = sext i14 %add_ln58_1244" [firmware/nnet_utils/nnet_dense_latency.h:58]   --->   Operation 2109 'sext' 'sext_ln58_328' <Predicate = true> <Delay = 0.00>
ST_2 : Operation 2110 [1/1] (1.38ns)   --->   "%add_ln58_1245 = add i15 %sext_ln58_328, i15 %sext_ln58_327" [firmware/nnet_utils/nnet_dense_latency.h:58]   --->   Operation 2110 'add' 'add_ln58_1245' <Predicate = true> <Delay = 1.38> <CoreInst = "Adder">   --->   Core 1 'Adder' <Latency = 0> <II = 1> <Delay = 1.38> <FuncUnit> <Opcode : 'add' 'sub'> <InPorts = 2> <OutPorts = 1>
ST_2 : Operation 2111 [1/1] (0.00ns)   --->   "%sext_ln58_329 = sext i15 %add_ln58_1245" [firmware/nnet_utils/nnet_dense_latency.h:58]   --->   Operation 2111 'sext' 'sext_ln58_329' <Predicate = true> <Delay = 0.00>
ST_2 : Operation 2112 [1/1] (0.99ns) (root node of TernaryAdder)   --->   "%add_ln58_1246 = add i16 %sext_ln58_329, i16 %add_ln58_1242" [firmware/nnet_utils/nnet_dense_latency.h:58]   --->   Operation 2112 'add' 'add_ln58_1246' <Predicate = true> <Delay = 0.99> <CoreInst = "TAddSub">   --->   Core 10 'TAddSub' <Latency = 0> <II = 1> <Delay = 0.49> <IPBlock> <Opcode : 'add' 'sub'> <InPorts = 3> <OutPorts = 1> <Sync> <CReg>
ST_2 : Operation 2113 [1/1] (0.00ns)   --->   "%sext_ln58_330 = sext i14 %add_ln58_1248" [firmware/nnet_utils/nnet_dense_latency.h:58]   --->   Operation 2113 'sext' 'sext_ln58_330' <Predicate = true> <Delay = 0.00>
ST_2 : Operation 2114 [1/1] (1.38ns)   --->   "%add_ln58_1249 = add i15 %sext_ln58_330, i15 %sext_ln17_480" [firmware/nnet_utils/nnet_dense_latency.h:58]   --->   Operation 2114 'add' 'add_ln58_1249' <Predicate = true> <Delay = 1.38> <CoreInst = "Adder">   --->   Core 1 'Adder' <Latency = 0> <II = 1> <Delay = 1.38> <FuncUnit> <Opcode : 'add' 'sub'> <InPorts = 2> <OutPorts = 1>
ST_2 : Operation 2115 [1/1] (0.00ns)   --->   "%sext_ln58_332 = sext i13 %add_ln58_1250" [firmware/nnet_utils/nnet_dense_latency.h:58]   --->   Operation 2115 'sext' 'sext_ln58_332' <Predicate = true> <Delay = 0.00>
ST_2 : Operation 2116 [1/1] (1.36ns)   --->   "%add_ln58_1251 = add i14 %sext_ln58_332, i14 %sext_ln17_363" [firmware/nnet_utils/nnet_dense_latency.h:58]   --->   Operation 2116 'add' 'add_ln58_1251' <Predicate = true> <Delay = 1.36> <CoreInst = "Adder">   --->   Core 1 'Adder' <Latency = 0> <II = 1> <Delay = 1.36> <FuncUnit> <Opcode : 'add' 'sub'> <InPorts = 2> <OutPorts = 1>
ST_2 : Operation 2117 [1/1] (0.00ns)   --->   "%sext_ln58_334 = sext i11 %add_ln58_1253" [firmware/nnet_utils/nnet_dense_latency.h:58]   --->   Operation 2117 'sext' 'sext_ln58_334' <Predicate = true> <Delay = 0.00>
ST_2 : Operation 2118 [1/1] (1.33ns)   --->   "%add_ln58_1254 = add i12 %sext_ln58_334, i12 %sext_ln17_410" [firmware/nnet_utils/nnet_dense_latency.h:58]   --->   Operation 2118 'add' 'add_ln58_1254' <Predicate = true> <Delay = 1.33> <CoreInst = "Adder">   --->   Core 1 'Adder' <Latency = 0> <II = 1> <Delay = 1.33> <FuncUnit> <Opcode : 'add' 'sub'> <InPorts = 2> <OutPorts = 1>
ST_2 : Operation 2119 [1/1] (0.00ns)   --->   "%sext_ln58_335 = sext i12 %add_ln58_1254" [firmware/nnet_utils/nnet_dense_latency.h:58]   --->   Operation 2119 'sext' 'sext_ln58_335' <Predicate = true> <Delay = 0.00>
ST_2 : Operation 2120 [1/1] (0.00ns)   --->   "%sext_ln58_336 = sext i11 %add_ln58_1255" [firmware/nnet_utils/nnet_dense_latency.h:58]   --->   Operation 2120 'sext' 'sext_ln58_336' <Predicate = true> <Delay = 0.00>
ST_2 : Operation 2121 [1/1] (0.00ns)   --->   "%sext_ln58_337 = sext i10 %add_ln58_1256" [firmware/nnet_utils/nnet_dense_latency.h:58]   --->   Operation 2121 'sext' 'sext_ln58_337' <Predicate = true> <Delay = 0.00>
ST_2 : Operation 2122 [1/1] (1.33ns)   --->   "%add_ln58_1257 = add i12 %sext_ln58_337, i12 %sext_ln58_336" [firmware/nnet_utils/nnet_dense_latency.h:58]   --->   Operation 2122 'add' 'add_ln58_1257' <Predicate = true> <Delay = 1.33> <CoreInst = "Adder">   --->   Core 1 'Adder' <Latency = 0> <II = 1> <Delay = 1.33> <FuncUnit> <Opcode : 'add' 'sub'> <InPorts = 2> <OutPorts = 1>
ST_2 : Operation 2123 [1/1] (0.00ns)   --->   "%sext_ln58_338 = sext i12 %add_ln58_1257" [firmware/nnet_utils/nnet_dense_latency.h:58]   --->   Operation 2123 'sext' 'sext_ln58_338' <Predicate = true> <Delay = 0.00>
ST_2 : Operation 2124 [1/1] (1.35ns)   --->   "%add_ln58_1258 = add i13 %sext_ln58_338, i13 %sext_ln58_335" [firmware/nnet_utils/nnet_dense_latency.h:58]   --->   Operation 2124 'add' 'add_ln58_1258' <Predicate = true> <Delay = 1.35> <CoreInst = "Adder">   --->   Core 1 'Adder' <Latency = 0> <II = 1> <Delay = 1.35> <FuncUnit> <Opcode : 'add' 'sub'> <InPorts = 2> <OutPorts = 1>
ST_2 : Operation 2125 [1/1] (0.00ns) (grouped into TernaryAdder)   --->   "%add_ln58_1262 = add i16 %mult_833, i16 %mult_1061" [firmware/nnet_utils/nnet_dense_latency.h:58]   --->   Operation 2125 'add' 'add_ln58_1262' <Predicate = true> <Delay = 0.00> <CoreInst = "TAddSub">   --->   Core 10 'TAddSub' <Latency = 0> <II = 1> <Delay = 0.49> <IPBlock> <Opcode : 'add' 'sub'> <InPorts = 3> <OutPorts = 1> <Sync> <CReg>
ST_2 : Operation 2126 [1/1] (0.99ns) (root node of TernaryAdder)   --->   "%add_ln58_1263 = add i16 %add_ln58_1262, i16 %mult_811" [firmware/nnet_utils/nnet_dense_latency.h:58]   --->   Operation 2126 'add' 'add_ln58_1263' <Predicate = true> <Delay = 0.99> <CoreInst = "TAddSub">   --->   Core 10 'TAddSub' <Latency = 0> <II = 1> <Delay = 0.49> <IPBlock> <Opcode : 'add' 'sub'> <InPorts = 3> <OutPorts = 1> <Sync> <CReg>
ST_2 : Operation 2127 [1/1] (0.00ns) (grouped into TernaryAdder)   --->   "%add_ln58_1264 = add i16 %sext_ln42_350, i16 %sext_ln42_357" [firmware/nnet_utils/nnet_dense_latency.h:58]   --->   Operation 2127 'add' 'add_ln58_1264' <Predicate = true> <Delay = 0.00> <CoreInst = "TAddSub">   --->   Core 10 'TAddSub' <Latency = 0> <II = 1> <Delay = 0.49> <IPBlock> <Opcode : 'add' 'sub'> <InPorts = 3> <OutPorts = 1> <Sync> <CReg>
ST_2 : Operation 2128 [1/1] (0.99ns) (root node of TernaryAdder)   --->   "%add_ln58_1265 = add i16 %add_ln58_1264, i16 %mult_1075" [firmware/nnet_utils/nnet_dense_latency.h:58]   --->   Operation 2128 'add' 'add_ln58_1265' <Predicate = true> <Delay = 0.99> <CoreInst = "TAddSub">   --->   Core 10 'TAddSub' <Latency = 0> <II = 1> <Delay = 0.49> <IPBlock> <Opcode : 'add' 'sub'> <InPorts = 3> <OutPorts = 1> <Sync> <CReg>
ST_2 : Operation 2129 [1/1] (1.40ns)   --->   "%add_ln58_1267 = add i16 %sext_ln42_401, i16 %sext_ln42_410" [firmware/nnet_utils/nnet_dense_latency.h:58]   --->   Operation 2129 'add' 'add_ln58_1267' <Predicate = true> <Delay = 1.40> <CoreInst = "Adder">   --->   Core 1 'Adder' <Latency = 0> <II = 1> <Delay = 1.40> <FuncUnit> <Opcode : 'add' 'sub'> <InPorts = 2> <OutPorts = 1>
ST_2 : Operation 2130 [1/1] (0.00ns) (grouped into TernaryAdder)   --->   "%add_ln58_1268 = add i16 %add_ln58_1267, i16 %sext_ln42_362" [firmware/nnet_utils/nnet_dense_latency.h:58]   --->   Operation 2130 'add' 'add_ln58_1268' <Predicate = true> <Delay = 0.00> <CoreInst = "TAddSub">   --->   Core 10 'TAddSub' <Latency = 0> <II = 1> <Delay = 0.49> <IPBlock> <Opcode : 'add' 'sub'> <InPorts = 3> <OutPorts = 1> <Sync> <CReg>
ST_2 : Operation 2131 [1/1] (0.00ns) (grouped into TernaryAdder)   --->   "%add_ln58_1269 = add i16 %sext_ln42_413, i16 %sext_ln42_423" [firmware/nnet_utils/nnet_dense_latency.h:58]   --->   Operation 2131 'add' 'add_ln58_1269' <Predicate = true> <Delay = 0.00> <CoreInst = "TAddSub">   --->   Core 10 'TAddSub' <Latency = 0> <II = 1> <Delay = 0.49> <IPBlock> <Opcode : 'add' 'sub'> <InPorts = 3> <OutPorts = 1> <Sync> <CReg>
ST_2 : Operation 2132 [1/1] (1.40ns)   --->   "%add_ln58_1270 = add i16 %sext_ln42_429, i16 %sext_ln42_439" [firmware/nnet_utils/nnet_dense_latency.h:58]   --->   Operation 2132 'add' 'add_ln58_1270' <Predicate = true> <Delay = 1.40> <CoreInst = "Adder">   --->   Core 1 'Adder' <Latency = 0> <II = 1> <Delay = 1.40> <FuncUnit> <Opcode : 'add' 'sub'> <InPorts = 2> <OutPorts = 1>
ST_2 : Operation 2133 [1/1] (0.99ns) (root node of TernaryAdder)   --->   "%add_ln58_1271 = add i16 %add_ln58_1270, i16 %add_ln58_1269" [firmware/nnet_utils/nnet_dense_latency.h:58]   --->   Operation 2133 'add' 'add_ln58_1271' <Predicate = true> <Delay = 0.99> <CoreInst = "TAddSub">   --->   Core 10 'TAddSub' <Latency = 0> <II = 1> <Delay = 0.49> <IPBlock> <Opcode : 'add' 'sub'> <InPorts = 3> <OutPorts = 1> <Sync> <CReg>
ST_2 : Operation 2134 [1/1] (0.99ns) (root node of TernaryAdder)   --->   "%add_ln58_1272 = add i16 %add_ln58_1271, i16 %add_ln58_1268" [firmware/nnet_utils/nnet_dense_latency.h:58]   --->   Operation 2134 'add' 'add_ln58_1272' <Predicate = true> <Delay = 0.99> <CoreInst = "TAddSub">   --->   Core 10 'TAddSub' <Latency = 0> <II = 1> <Delay = 0.49> <IPBlock> <Opcode : 'add' 'sub'> <InPorts = 3> <OutPorts = 1> <Sync> <CReg>
ST_2 : Operation 2135 [1/1] (0.00ns) (grouped into TernaryAdder)   --->   "%add_ln58_1274 = add i16 %sext_ln42_445, i16 %sext_ln42_458" [firmware/nnet_utils/nnet_dense_latency.h:58]   --->   Operation 2135 'add' 'add_ln58_1274' <Predicate = true> <Delay = 0.00> <CoreInst = "TAddSub">   --->   Core 10 'TAddSub' <Latency = 0> <II = 1> <Delay = 0.49> <IPBlock> <Opcode : 'add' 'sub'> <InPorts = 3> <OutPorts = 1> <Sync> <CReg>
ST_2 : Operation 2136 [1/1] (0.99ns) (root node of TernaryAdder)   --->   "%add_ln58_1275 = add i16 %add_ln58_1274, i16 %sext_ln42_442" [firmware/nnet_utils/nnet_dense_latency.h:58]   --->   Operation 2136 'add' 'add_ln58_1275' <Predicate = true> <Delay = 0.99> <CoreInst = "TAddSub">   --->   Core 10 'TAddSub' <Latency = 0> <II = 1> <Delay = 0.49> <IPBlock> <Opcode : 'add' 'sub'> <InPorts = 3> <OutPorts = 1> <Sync> <CReg>
ST_2 : Operation 2137 [1/1] (0.00ns) (grouped into TernaryAdder)   --->   "%add_ln58_1276 = add i16 %sext_ln42_488, i16 %sext_ln42_491" [firmware/nnet_utils/nnet_dense_latency.h:58]   --->   Operation 2137 'add' 'add_ln58_1276' <Predicate = true> <Delay = 0.00> <CoreInst = "TAddSub">   --->   Core 10 'TAddSub' <Latency = 0> <II = 1> <Delay = 0.49> <IPBlock> <Opcode : 'add' 'sub'> <InPorts = 3> <OutPorts = 1> <Sync> <CReg>
ST_2 : Operation 2138 [1/1] (0.99ns) (root node of TernaryAdder)   --->   "%add_ln58_1277 = add i16 %add_ln58_1276, i16 %sext_ln42_485" [firmware/nnet_utils/nnet_dense_latency.h:58]   --->   Operation 2138 'add' 'add_ln58_1277' <Predicate = true> <Delay = 0.99> <CoreInst = "TAddSub">   --->   Core 10 'TAddSub' <Latency = 0> <II = 1> <Delay = 0.49> <IPBlock> <Opcode : 'add' 'sub'> <InPorts = 3> <OutPorts = 1> <Sync> <CReg>
ST_2 : Operation 2139 [1/1] (0.00ns) (grouped into TernaryAdder)   --->   "%add_ln58_1278 = add i16 %add_ln58_1277, i16 %add_ln58_1275" [firmware/nnet_utils/nnet_dense_latency.h:58]   --->   Operation 2139 'add' 'add_ln58_1278' <Predicate = true> <Delay = 0.00> <CoreInst = "TAddSub">   --->   Core 10 'TAddSub' <Latency = 0> <II = 1> <Delay = 0.49> <IPBlock> <Opcode : 'add' 'sub'> <InPorts = 3> <OutPorts = 1> <Sync> <CReg>
ST_2 : Operation 2140 [1/1] (1.40ns)   --->   "%add_ln58_1279 = add i16 %sext_ln42_500, i16 %sext_ln42_353" [firmware/nnet_utils/nnet_dense_latency.h:58]   --->   Operation 2140 'add' 'add_ln58_1279' <Predicate = true> <Delay = 1.40> <CoreInst = "Adder">   --->   Core 1 'Adder' <Latency = 0> <II = 1> <Delay = 1.40> <FuncUnit> <Opcode : 'add' 'sub'> <InPorts = 2> <OutPorts = 1>
ST_2 : Operation 2141 [1/1] (0.00ns) (grouped into TernaryAdder)   --->   "%add_ln58_1280 = add i16 %add_ln58_1279, i16 %sext_ln42_495" [firmware/nnet_utils/nnet_dense_latency.h:58]   --->   Operation 2141 'add' 'add_ln58_1280' <Predicate = true> <Delay = 0.00> <CoreInst = "TAddSub">   --->   Core 10 'TAddSub' <Latency = 0> <II = 1> <Delay = 0.49> <IPBlock> <Opcode : 'add' 'sub'> <InPorts = 3> <OutPorts = 1> <Sync> <CReg>
ST_2 : Operation 2142 [1/1] (0.00ns)   --->   "%sext_ln58_340 = sext i15 %add_ln58_1281" [firmware/nnet_utils/nnet_dense_latency.h:58]   --->   Operation 2142 'sext' 'sext_ln58_340' <Predicate = true> <Delay = 0.00>
ST_2 : Operation 2143 [1/1] (0.00ns)   --->   "%sext_ln58_341 = sext i15 %add_ln58_1282" [firmware/nnet_utils/nnet_dense_latency.h:58]   --->   Operation 2143 'sext' 'sext_ln58_341' <Predicate = true> <Delay = 0.00>
ST_2 : Operation 2144 [1/1] (1.40ns)   --->   "%add_ln58_1283 = add i16 %sext_ln58_341, i16 %sext_ln58_340" [firmware/nnet_utils/nnet_dense_latency.h:58]   --->   Operation 2144 'add' 'add_ln58_1283' <Predicate = true> <Delay = 1.40> <CoreInst = "Adder">   --->   Core 1 'Adder' <Latency = 0> <II = 1> <Delay = 1.40> <FuncUnit> <Opcode : 'add' 'sub'> <InPorts = 2> <OutPorts = 1>
ST_2 : Operation 2145 [1/1] (0.99ns) (root node of TernaryAdder)   --->   "%add_ln58_1284 = add i16 %add_ln58_1283, i16 %add_ln58_1280" [firmware/nnet_utils/nnet_dense_latency.h:58]   --->   Operation 2145 'add' 'add_ln58_1284' <Predicate = true> <Delay = 0.99> <CoreInst = "TAddSub">   --->   Core 10 'TAddSub' <Latency = 0> <II = 1> <Delay = 0.49> <IPBlock> <Opcode : 'add' 'sub'> <InPorts = 3> <OutPorts = 1> <Sync> <CReg>
ST_2 : Operation 2146 [1/1] (0.99ns) (root node of TernaryAdder)   --->   "%add_ln58_1285 = add i16 %add_ln58_1284, i16 %add_ln58_1278" [firmware/nnet_utils/nnet_dense_latency.h:58]   --->   Operation 2146 'add' 'add_ln58_1285' <Predicate = true> <Delay = 0.99> <CoreInst = "TAddSub">   --->   Core 10 'TAddSub' <Latency = 0> <II = 1> <Delay = 0.49> <IPBlock> <Opcode : 'add' 'sub'> <InPorts = 3> <OutPorts = 1> <Sync> <CReg>
ST_2 : Operation 2147 [1/1] (1.38ns)   --->   "%add_ln58_1287 = add i15 %sext_ln17_399, i15 %sext_ln17_411" [firmware/nnet_utils/nnet_dense_latency.h:58]   --->   Operation 2147 'add' 'add_ln58_1287' <Predicate = true> <Delay = 1.38> <CoreInst = "Adder">   --->   Core 1 'Adder' <Latency = 0> <II = 1> <Delay = 1.38> <FuncUnit> <Opcode : 'add' 'sub'> <InPorts = 2> <OutPorts = 1>
ST_2 : Operation 2148 [1/1] (1.38ns)   --->   "%add_ln58_1289 = add i15 %sext_ln17_428, i15 %sext_ln17_432" [firmware/nnet_utils/nnet_dense_latency.h:58]   --->   Operation 2148 'add' 'add_ln58_1289' <Predicate = true> <Delay = 1.38> <CoreInst = "Adder">   --->   Core 1 'Adder' <Latency = 0> <II = 1> <Delay = 1.38> <FuncUnit> <Opcode : 'add' 'sub'> <InPorts = 2> <OutPorts = 1>
ST_2 : Operation 2149 [1/1] (0.00ns)   --->   "%sext_ln58_343 = sext i15 %add_ln58_1289" [firmware/nnet_utils/nnet_dense_latency.h:58]   --->   Operation 2149 'sext' 'sext_ln58_343' <Predicate = true> <Delay = 0.00>
ST_2 : Operation 2150 [1/1] (1.40ns)   --->   "%add_ln58_1290 = add i16 %sext_ln58_343, i16 %sext_ln42_405" [firmware/nnet_utils/nnet_dense_latency.h:58]   --->   Operation 2150 'add' 'add_ln58_1290' <Predicate = true> <Delay = 1.40> <CoreInst = "Adder">   --->   Core 1 'Adder' <Latency = 0> <II = 1> <Delay = 1.40> <FuncUnit> <Opcode : 'add' 'sub'> <InPorts = 2> <OutPorts = 1>
ST_2 : Operation 2151 [1/1] (1.38ns)   --->   "%add_ln58_1294 = add i15 %sext_ln17_488, i15 %sext_ln17_494" [firmware/nnet_utils/nnet_dense_latency.h:58]   --->   Operation 2151 'add' 'add_ln58_1294' <Predicate = true> <Delay = 1.38> <CoreInst = "Adder">   --->   Core 1 'Adder' <Latency = 0> <II = 1> <Delay = 1.38> <FuncUnit> <Opcode : 'add' 'sub'> <InPorts = 2> <OutPorts = 1>
ST_2 : Operation 2152 [1/1] (0.00ns)   --->   "%sext_ln58_345 = sext i15 %add_ln58_1294" [firmware/nnet_utils/nnet_dense_latency.h:58]   --->   Operation 2152 'sext' 'sext_ln58_345' <Predicate = true> <Delay = 0.00>
ST_2 : Operation 2153 [1/1] (1.38ns)   --->   "%add_ln58_1295 = add i15 %sext_ln17_505, i15 %sext_ln17_364" [firmware/nnet_utils/nnet_dense_latency.h:58]   --->   Operation 2153 'add' 'add_ln58_1295' <Predicate = true> <Delay = 1.38> <CoreInst = "Adder">   --->   Core 1 'Adder' <Latency = 0> <II = 1> <Delay = 1.38> <FuncUnit> <Opcode : 'add' 'sub'> <InPorts = 2> <OutPorts = 1>
ST_2 : Operation 2154 [1/1] (0.00ns)   --->   "%sext_ln58_346 = sext i15 %add_ln58_1295" [firmware/nnet_utils/nnet_dense_latency.h:58]   --->   Operation 2154 'sext' 'sext_ln58_346' <Predicate = true> <Delay = 0.00>
ST_2 : Operation 2155 [1/1] (1.40ns)   --->   "%add_ln58_1296 = add i16 %sext_ln58_346, i16 %sext_ln58_345" [firmware/nnet_utils/nnet_dense_latency.h:58]   --->   Operation 2155 'add' 'add_ln58_1296' <Predicate = true> <Delay = 1.40> <CoreInst = "Adder">   --->   Core 1 'Adder' <Latency = 0> <II = 1> <Delay = 1.40> <FuncUnit> <Opcode : 'add' 'sub'> <InPorts = 2> <OutPorts = 1>
ST_2 : Operation 2156 [1/1] (0.00ns)   --->   "%sext_ln58_347 = sext i14 %add_ln58_1299" [firmware/nnet_utils/nnet_dense_latency.h:58]   --->   Operation 2156 'sext' 'sext_ln58_347' <Predicate = true> <Delay = 0.00>
ST_2 : Operation 2157 [1/1] (1.38ns)   --->   "%add_ln58_1300 = add i15 %sext_ln58_347, i15 %sext_ln17_373" [firmware/nnet_utils/nnet_dense_latency.h:58]   --->   Operation 2157 'add' 'add_ln58_1300' <Predicate = true> <Delay = 1.38> <CoreInst = "Adder">   --->   Core 1 'Adder' <Latency = 0> <II = 1> <Delay = 1.38> <FuncUnit> <Opcode : 'add' 'sub'> <InPorts = 2> <OutPorts = 1>
ST_2 : Operation 2158 [1/1] (0.00ns)   --->   "%sext_ln58_349 = sext i14 %add_ln58_1301" [firmware/nnet_utils/nnet_dense_latency.h:58]   --->   Operation 2158 'sext' 'sext_ln58_349' <Predicate = true> <Delay = 0.00>
ST_2 : Operation 2159 [1/1] (0.00ns)   --->   "%sext_ln58_350 = sext i14 %add_ln58_1302" [firmware/nnet_utils/nnet_dense_latency.h:58]   --->   Operation 2159 'sext' 'sext_ln58_350' <Predicate = true> <Delay = 0.00>
ST_2 : Operation 2160 [1/1] (1.38ns)   --->   "%add_ln58_1303 = add i15 %sext_ln58_350, i15 %sext_ln58_349" [firmware/nnet_utils/nnet_dense_latency.h:58]   --->   Operation 2160 'add' 'add_ln58_1303' <Predicate = true> <Delay = 1.38> <CoreInst = "Adder">   --->   Core 1 'Adder' <Latency = 0> <II = 1> <Delay = 1.38> <FuncUnit> <Opcode : 'add' 'sub'> <InPorts = 2> <OutPorts = 1>
ST_2 : Operation 2161 [1/1] (0.00ns)   --->   "%sext_ln58_352 = sext i13 %add_ln58_1305" [firmware/nnet_utils/nnet_dense_latency.h:58]   --->   Operation 2161 'sext' 'sext_ln58_352' <Predicate = true> <Delay = 0.00>
ST_2 : Operation 2162 [1/1] (1.36ns)   --->   "%add_ln58_1306 = add i14 %sext_ln58_352, i14 %sext_ln17_348" [firmware/nnet_utils/nnet_dense_latency.h:58]   --->   Operation 2162 'add' 'add_ln58_1306' <Predicate = true> <Delay = 1.36> <CoreInst = "Adder">   --->   Core 1 'Adder' <Latency = 0> <II = 1> <Delay = 1.36> <FuncUnit> <Opcode : 'add' 'sub'> <InPorts = 2> <OutPorts = 1>
ST_2 : Operation 2163 [1/1] (0.00ns)   --->   "%sext_ln58_353 = sext i14 %add_ln58_1306" [firmware/nnet_utils/nnet_dense_latency.h:58]   --->   Operation 2163 'sext' 'sext_ln58_353' <Predicate = true> <Delay = 0.00>
ST_2 : Operation 2164 [1/1] (0.00ns) (grouped into TernaryAdder)   --->   "%add_ln58_1307 = add i13 %sext_ln17_521, i13 %sext_ln17_501" [firmware/nnet_utils/nnet_dense_latency.h:58]   --->   Operation 2164 'add' 'add_ln58_1307' <Predicate = true> <Delay = 0.00> <CoreInst = "TAddSub">   --->   Core 10 'TAddSub' <Latency = 0> <II = 1> <Delay = 0.49> <IPBlock> <Opcode : 'add' 'sub'> <InPorts = 3> <OutPorts = 1> <Sync> <CReg>
ST_2 : Operation 2165 [1/1] (0.00ns)   --->   "%sext_ln58_354 = sext i11 %add_ln58_1308" [firmware/nnet_utils/nnet_dense_latency.h:58]   --->   Operation 2165 'sext' 'sext_ln58_354' <Predicate = true> <Delay = 0.00>
ST_2 : Operation 2166 [1/1] (1.07ns) (root node of TernaryAdder)   --->   "%add_ln58_1309 = add i13 %sext_ln58_354, i13 %add_ln58_1307" [firmware/nnet_utils/nnet_dense_latency.h:58]   --->   Operation 2166 'add' 'add_ln58_1309' <Predicate = true> <Delay = 1.07> <CoreInst = "TAddSub">   --->   Core 10 'TAddSub' <Latency = 0> <II = 1> <Delay = 0.49> <IPBlock> <Opcode : 'add' 'sub'> <InPorts = 3> <OutPorts = 1> <Sync> <CReg>
ST_2 : Operation 2167 [1/1] (0.00ns)   --->   "%sext_ln58_355 = sext i13 %add_ln58_1309" [firmware/nnet_utils/nnet_dense_latency.h:58]   --->   Operation 2167 'sext' 'sext_ln58_355' <Predicate = true> <Delay = 0.00>
ST_2 : Operation 2168 [1/1] (1.38ns)   --->   "%add_ln58_1310 = add i15 %sext_ln58_355, i15 %sext_ln58_353" [firmware/nnet_utils/nnet_dense_latency.h:58]   --->   Operation 2168 'add' 'add_ln58_1310' <Predicate = true> <Delay = 1.38> <CoreInst = "Adder">   --->   Core 1 'Adder' <Latency = 0> <II = 1> <Delay = 1.38> <FuncUnit> <Opcode : 'add' 'sub'> <InPorts = 2> <OutPorts = 1>
ST_2 : Operation 2169 [1/1] (0.00ns) (grouped into TernaryAdder)   --->   "%add_ln58_1314 = add i16 %mult_772, i16 %mult_780" [firmware/nnet_utils/nnet_dense_latency.h:58]   --->   Operation 2169 'add' 'add_ln58_1314' <Predicate = true> <Delay = 0.00> <CoreInst = "TAddSub">   --->   Core 10 'TAddSub' <Latency = 0> <II = 1> <Delay = 0.49> <IPBlock> <Opcode : 'add' 'sub'> <InPorts = 3> <OutPorts = 1> <Sync> <CReg>
ST_2 : Operation 2170 [1/1] (0.99ns) (root node of TernaryAdder)   --->   "%add_ln58_1315 = add i16 %add_ln58_1314, i16 %mult_764" [firmware/nnet_utils/nnet_dense_latency.h:58]   --->   Operation 2170 'add' 'add_ln58_1315' <Predicate = true> <Delay = 0.99> <CoreInst = "TAddSub">   --->   Core 10 'TAddSub' <Latency = 0> <II = 1> <Delay = 0.49> <IPBlock> <Opcode : 'add' 'sub'> <InPorts = 3> <OutPorts = 1> <Sync> <CReg>
ST_2 : Operation 2171 [1/1] (0.00ns) (grouped into TernaryAdder)   --->   "%add_ln58_1316 = add i16 %mult_819, i16 %mult_1024" [firmware/nnet_utils/nnet_dense_latency.h:58]   --->   Operation 2171 'add' 'add_ln58_1316' <Predicate = true> <Delay = 0.00> <CoreInst = "TAddSub">   --->   Core 10 'TAddSub' <Latency = 0> <II = 1> <Delay = 0.49> <IPBlock> <Opcode : 'add' 'sub'> <InPorts = 3> <OutPorts = 1> <Sync> <CReg>
ST_2 : Operation 2172 [1/1] (0.99ns) (root node of TernaryAdder)   --->   "%add_ln58_1317 = add i16 %add_ln58_1316, i16 %mult_796" [firmware/nnet_utils/nnet_dense_latency.h:58]   --->   Operation 2172 'add' 'add_ln58_1317' <Predicate = true> <Delay = 0.99> <CoreInst = "TAddSub">   --->   Core 10 'TAddSub' <Latency = 0> <II = 1> <Delay = 0.49> <IPBlock> <Opcode : 'add' 'sub'> <InPorts = 3> <OutPorts = 1> <Sync> <CReg>
ST_2 : Operation 2173 [1/1] (0.00ns) (grouped into TernaryAdder)   --->   "%add_ln58_1318 = add i16 %add_ln58_1317, i16 %add_ln58_1315" [firmware/nnet_utils/nnet_dense_latency.h:58]   --->   Operation 2173 'add' 'add_ln58_1318' <Predicate = true> <Delay = 0.00> <CoreInst = "TAddSub">   --->   Core 10 'TAddSub' <Latency = 0> <II = 1> <Delay = 0.49> <IPBlock> <Opcode : 'add' 'sub'> <InPorts = 3> <OutPorts = 1> <Sync> <CReg>
ST_2 : Operation 2174 [1/1] (1.40ns)   --->   "%add_ln58_1319 = add i16 %sext_ln42_351, i16 %sext_ln42_364" [firmware/nnet_utils/nnet_dense_latency.h:58]   --->   Operation 2174 'add' 'add_ln58_1319' <Predicate = true> <Delay = 1.40> <CoreInst = "Adder">   --->   Core 1 'Adder' <Latency = 0> <II = 1> <Delay = 1.40> <FuncUnit> <Opcode : 'add' 'sub'> <InPorts = 2> <OutPorts = 1>
ST_2 : Operation 2175 [1/1] (0.00ns) (grouped into TernaryAdder)   --->   "%add_ln58_1320 = add i16 %add_ln58_1319, i16 %mult_1112" [firmware/nnet_utils/nnet_dense_latency.h:58]   --->   Operation 2175 'add' 'add_ln58_1320' <Predicate = true> <Delay = 0.00> <CoreInst = "TAddSub">   --->   Core 10 'TAddSub' <Latency = 0> <II = 1> <Delay = 0.49> <IPBlock> <Opcode : 'add' 'sub'> <InPorts = 3> <OutPorts = 1> <Sync> <CReg>
ST_2 : Operation 2176 [1/1] (0.00ns) (grouped into TernaryAdder)   --->   "%add_ln58_1321 = add i16 %sext_ln42_370, i16 %sext_ln42_373" [firmware/nnet_utils/nnet_dense_latency.h:58]   --->   Operation 2176 'add' 'add_ln58_1321' <Predicate = true> <Delay = 0.00> <CoreInst = "TAddSub">   --->   Core 10 'TAddSub' <Latency = 0> <II = 1> <Delay = 0.49> <IPBlock> <Opcode : 'add' 'sub'> <InPorts = 3> <OutPorts = 1> <Sync> <CReg>
ST_2 : Operation 2177 [1/1] (0.99ns) (root node of TernaryAdder)   --->   "%add_ln58_1323 = add i16 %add_ln58_1322, i16 %add_ln58_1321" [firmware/nnet_utils/nnet_dense_latency.h:58]   --->   Operation 2177 'add' 'add_ln58_1323' <Predicate = true> <Delay = 0.99> <CoreInst = "TAddSub">   --->   Core 10 'TAddSub' <Latency = 0> <II = 1> <Delay = 0.49> <IPBlock> <Opcode : 'add' 'sub'> <InPorts = 3> <OutPorts = 1> <Sync> <CReg>
ST_2 : Operation 2178 [1/1] (0.99ns) (root node of TernaryAdder)   --->   "%add_ln58_1324 = add i16 %add_ln58_1323, i16 %add_ln58_1320" [firmware/nnet_utils/nnet_dense_latency.h:58]   --->   Operation 2178 'add' 'add_ln58_1324' <Predicate = true> <Delay = 0.99> <CoreInst = "TAddSub">   --->   Core 10 'TAddSub' <Latency = 0> <II = 1> <Delay = 0.49> <IPBlock> <Opcode : 'add' 'sub'> <InPorts = 3> <OutPorts = 1> <Sync> <CReg>
ST_2 : Operation 2179 [1/1] (0.99ns) (root node of TernaryAdder)   --->   "%add_ln58_1325 = add i16 %add_ln58_1324, i16 %add_ln58_1318" [firmware/nnet_utils/nnet_dense_latency.h:58]   --->   Operation 2179 'add' 'add_ln58_1325' <Predicate = true> <Delay = 0.99> <CoreInst = "TAddSub">   --->   Core 10 'TAddSub' <Latency = 0> <II = 1> <Delay = 0.49> <IPBlock> <Opcode : 'add' 'sub'> <InPorts = 3> <OutPorts = 1> <Sync> <CReg>
ST_2 : Operation 2180 [1/1] (0.00ns) (grouped into TernaryAdder)   --->   "%add_ln58_1326 = add i16 %sext_ln42_414, i16 %sext_ln42_417" [firmware/nnet_utils/nnet_dense_latency.h:58]   --->   Operation 2180 'add' 'add_ln58_1326' <Predicate = true> <Delay = 0.00> <CoreInst = "TAddSub">   --->   Core 10 'TAddSub' <Latency = 0> <II = 1> <Delay = 0.49> <IPBlock> <Opcode : 'add' 'sub'> <InPorts = 3> <OutPorts = 1> <Sync> <CReg>
ST_2 : Operation 2181 [1/1] (0.99ns) (root node of TernaryAdder)   --->   "%add_ln58_1327 = add i16 %add_ln58_1326, i16 %sext_ln42_411" [firmware/nnet_utils/nnet_dense_latency.h:58]   --->   Operation 2181 'add' 'add_ln58_1327' <Predicate = true> <Delay = 0.99> <CoreInst = "TAddSub">   --->   Core 10 'TAddSub' <Latency = 0> <II = 1> <Delay = 0.49> <IPBlock> <Opcode : 'add' 'sub'> <InPorts = 3> <OutPorts = 1> <Sync> <CReg>
ST_2 : Operation 2182 [1/1] (0.00ns) (grouped into TernaryAdder)   --->   "%add_ln58_1328 = add i16 %sext_ln42_430, i16 %sext_ln42_435" [firmware/nnet_utils/nnet_dense_latency.h:58]   --->   Operation 2182 'add' 'add_ln58_1328' <Predicate = true> <Delay = 0.00> <CoreInst = "TAddSub">   --->   Core 10 'TAddSub' <Latency = 0> <II = 1> <Delay = 0.49> <IPBlock> <Opcode : 'add' 'sub'> <InPorts = 3> <OutPorts = 1> <Sync> <CReg>
ST_2 : Operation 2183 [1/1] (0.99ns) (root node of TernaryAdder)   --->   "%add_ln58_1329 = add i16 %add_ln58_1328, i16 %sext_ln42_420" [firmware/nnet_utils/nnet_dense_latency.h:58]   --->   Operation 2183 'add' 'add_ln58_1329' <Predicate = true> <Delay = 0.99> <CoreInst = "TAddSub">   --->   Core 10 'TAddSub' <Latency = 0> <II = 1> <Delay = 0.49> <IPBlock> <Opcode : 'add' 'sub'> <InPorts = 3> <OutPorts = 1> <Sync> <CReg>
ST_2 : Operation 2184 [1/1] (1.40ns)   --->   "%add_ln58_1331 = add i16 %sext_ln42_446, i16 %sext_ln42_454" [firmware/nnet_utils/nnet_dense_latency.h:58]   --->   Operation 2184 'add' 'add_ln58_1331' <Predicate = true> <Delay = 1.40> <CoreInst = "Adder">   --->   Core 1 'Adder' <Latency = 0> <II = 1> <Delay = 1.40> <FuncUnit> <Opcode : 'add' 'sub'> <InPorts = 2> <OutPorts = 1>
ST_2 : Operation 2185 [1/1] (0.00ns) (grouped into TernaryAdder)   --->   "%add_ln58_1332 = add i16 %add_ln58_1331, i16 %sext_ln42_440" [firmware/nnet_utils/nnet_dense_latency.h:58]   --->   Operation 2185 'add' 'add_ln58_1332' <Predicate = true> <Delay = 0.00> <CoreInst = "TAddSub">   --->   Core 10 'TAddSub' <Latency = 0> <II = 1> <Delay = 0.49> <IPBlock> <Opcode : 'add' 'sub'> <InPorts = 3> <OutPorts = 1> <Sync> <CReg>
ST_2 : Operation 2186 [1/1] (0.00ns) (grouped into TernaryAdder)   --->   "%add_ln58_1333 = add i16 %sext_ln42_459, i16 %sext_ln42_464" [firmware/nnet_utils/nnet_dense_latency.h:58]   --->   Operation 2186 'add' 'add_ln58_1333' <Predicate = true> <Delay = 0.00> <CoreInst = "TAddSub">   --->   Core 10 'TAddSub' <Latency = 0> <II = 1> <Delay = 0.49> <IPBlock> <Opcode : 'add' 'sub'> <InPorts = 3> <OutPorts = 1> <Sync> <CReg>
ST_2 : Operation 2187 [1/1] (1.40ns)   --->   "%add_ln58_1334 = add i16 %sext_ln42_467, i16 %sext_ln42_474" [firmware/nnet_utils/nnet_dense_latency.h:58]   --->   Operation 2187 'add' 'add_ln58_1334' <Predicate = true> <Delay = 1.40> <CoreInst = "Adder">   --->   Core 1 'Adder' <Latency = 0> <II = 1> <Delay = 1.40> <FuncUnit> <Opcode : 'add' 'sub'> <InPorts = 2> <OutPorts = 1>
ST_2 : Operation 2188 [1/1] (0.99ns) (root node of TernaryAdder)   --->   "%add_ln58_1335 = add i16 %add_ln58_1334, i16 %add_ln58_1333" [firmware/nnet_utils/nnet_dense_latency.h:58]   --->   Operation 2188 'add' 'add_ln58_1335' <Predicate = true> <Delay = 0.99> <CoreInst = "TAddSub">   --->   Core 10 'TAddSub' <Latency = 0> <II = 1> <Delay = 0.49> <IPBlock> <Opcode : 'add' 'sub'> <InPorts = 3> <OutPorts = 1> <Sync> <CReg>
ST_2 : Operation 2189 [1/1] (0.99ns) (root node of TernaryAdder)   --->   "%add_ln58_1336 = add i16 %add_ln58_1335, i16 %add_ln58_1332" [firmware/nnet_utils/nnet_dense_latency.h:58]   --->   Operation 2189 'add' 'add_ln58_1336' <Predicate = true> <Delay = 0.99> <CoreInst = "TAddSub">   --->   Core 10 'TAddSub' <Latency = 0> <II = 1> <Delay = 0.49> <IPBlock> <Opcode : 'add' 'sub'> <InPorts = 3> <OutPorts = 1> <Sync> <CReg>
ST_2 : Operation 2190 [1/1] (1.40ns)   --->   "%add_ln58_1339 = add i16 %sext_ln42_480, i16 %sext_ln42_503" [firmware/nnet_utils/nnet_dense_latency.h:58]   --->   Operation 2190 'add' 'add_ln58_1339' <Predicate = true> <Delay = 1.40> <CoreInst = "Adder">   --->   Core 1 'Adder' <Latency = 0> <II = 1> <Delay = 1.40> <FuncUnit> <Opcode : 'add' 'sub'> <InPorts = 2> <OutPorts = 1>
ST_2 : Operation 2191 [1/1] (0.00ns) (grouped into TernaryAdder)   --->   "%add_ln58_1340 = add i16 %add_ln58_1339, i16 %sext_ln42_478" [firmware/nnet_utils/nnet_dense_latency.h:58]   --->   Operation 2191 'add' 'add_ln58_1340' <Predicate = true> <Delay = 0.00> <CoreInst = "TAddSub">   --->   Core 10 'TAddSub' <Latency = 0> <II = 1> <Delay = 0.49> <IPBlock> <Opcode : 'add' 'sub'> <InPorts = 3> <OutPorts = 1> <Sync> <CReg>
ST_2 : Operation 2192 [1/1] (0.00ns)   --->   "%sext_ln58_357 = sext i15 %add_ln58_1341" [firmware/nnet_utils/nnet_dense_latency.h:58]   --->   Operation 2192 'sext' 'sext_ln58_357' <Predicate = true> <Delay = 0.00>
ST_2 : Operation 2193 [1/1] (1.40ns)   --->   "%add_ln58_1342 = add i16 %sext_ln58_357, i16 %sext_ln42_507" [firmware/nnet_utils/nnet_dense_latency.h:58]   --->   Operation 2193 'add' 'add_ln58_1342' <Predicate = true> <Delay = 1.40> <CoreInst = "Adder">   --->   Core 1 'Adder' <Latency = 0> <II = 1> <Delay = 1.40> <FuncUnit> <Opcode : 'add' 'sub'> <InPorts = 2> <OutPorts = 1>
ST_2 : Operation 2194 [1/1] (0.99ns) (root node of TernaryAdder)   --->   "%add_ln58_1343 = add i16 %add_ln58_1342, i16 %add_ln58_1340" [firmware/nnet_utils/nnet_dense_latency.h:58]   --->   Operation 2194 'add' 'add_ln58_1343' <Predicate = true> <Delay = 0.99> <CoreInst = "TAddSub">   --->   Core 10 'TAddSub' <Latency = 0> <II = 1> <Delay = 0.49> <IPBlock> <Opcode : 'add' 'sub'> <InPorts = 3> <OutPorts = 1> <Sync> <CReg>
ST_2 : Operation 2195 [1/1] (1.38ns)   --->   "%add_ln58_1344 = add i15 %sext_ln17_459, i15 %sext_ln17_465" [firmware/nnet_utils/nnet_dense_latency.h:58]   --->   Operation 2195 'add' 'add_ln58_1344' <Predicate = true> <Delay = 1.38> <CoreInst = "Adder">   --->   Core 1 'Adder' <Latency = 0> <II = 1> <Delay = 1.38> <FuncUnit> <Opcode : 'add' 'sub'> <InPorts = 2> <OutPorts = 1>
ST_2 : Operation 2196 [1/1] (1.38ns)   --->   "%add_ln58_1346 = add i15 %sext_ln17_470, i15 %sext_ln17_506" [firmware/nnet_utils/nnet_dense_latency.h:58]   --->   Operation 2196 'add' 'add_ln58_1346' <Predicate = true> <Delay = 1.38> <CoreInst = "Adder">   --->   Core 1 'Adder' <Latency = 0> <II = 1> <Delay = 1.38> <FuncUnit> <Opcode : 'add' 'sub'> <InPorts = 2> <OutPorts = 1>
ST_2 : Operation 2197 [1/1] (0.00ns)   --->   "%sext_ln58_359 = sext i15 %add_ln58_1346" [firmware/nnet_utils/nnet_dense_latency.h:58]   --->   Operation 2197 'sext' 'sext_ln58_359' <Predicate = true> <Delay = 0.00>
ST_2 : Operation 2198 [1/1] (0.00ns)   --->   "%sext_ln58_360 = sext i14 %add_ln58_1347" [firmware/nnet_utils/nnet_dense_latency.h:58]   --->   Operation 2198 'sext' 'sext_ln58_360' <Predicate = true> <Delay = 0.00>
ST_2 : Operation 2199 [1/1] (1.40ns)   --->   "%add_ln58_1348 = add i16 %sext_ln58_360, i16 %sext_ln58_359" [firmware/nnet_utils/nnet_dense_latency.h:58]   --->   Operation 2199 'add' 'add_ln58_1348' <Predicate = true> <Delay = 1.40> <CoreInst = "Adder">   --->   Core 1 'Adder' <Latency = 0> <II = 1> <Delay = 1.40> <FuncUnit> <Opcode : 'add' 'sub'> <InPorts = 2> <OutPorts = 1>
ST_2 : Operation 2200 [1/1] (0.00ns)   --->   "%sext_ln58_361 = sext i14 %add_ln58_1351" [firmware/nnet_utils/nnet_dense_latency.h:58]   --->   Operation 2200 'sext' 'sext_ln58_361' <Predicate = true> <Delay = 0.00>
ST_2 : Operation 2201 [1/1] (1.38ns)   --->   "%add_ln58_1352 = add i15 %sext_ln58_361, i15 %sext_ln17_404" [firmware/nnet_utils/nnet_dense_latency.h:58]   --->   Operation 2201 'add' 'add_ln58_1352' <Predicate = true> <Delay = 1.38> <CoreInst = "Adder">   --->   Core 1 'Adder' <Latency = 0> <II = 1> <Delay = 1.38> <FuncUnit> <Opcode : 'add' 'sub'> <InPorts = 2> <OutPorts = 1>
ST_2 : Operation 2202 [1/1] (1.36ns)   --->   "%add_ln58_1353 = add i14 %sext_ln17_449, i14 %sext_ln17_483" [firmware/nnet_utils/nnet_dense_latency.h:58]   --->   Operation 2202 'add' 'add_ln58_1353' <Predicate = true> <Delay = 1.36> <CoreInst = "Adder">   --->   Core 1 'Adder' <Latency = 0> <II = 1> <Delay = 1.36> <FuncUnit> <Opcode : 'add' 'sub'> <InPorts = 2> <OutPorts = 1>
ST_2 : Operation 2203 [1/1] (0.00ns)   --->   "%sext_ln58_363 = sext i14 %add_ln58_1353" [firmware/nnet_utils/nnet_dense_latency.h:58]   --->   Operation 2203 'sext' 'sext_ln58_363' <Predicate = true> <Delay = 0.00>
ST_2 : Operation 2204 [1/1] (0.00ns)   --->   "%sext_ln58_364 = sext i14 %add_ln58_1354" [firmware/nnet_utils/nnet_dense_latency.h:58]   --->   Operation 2204 'sext' 'sext_ln58_364' <Predicate = true> <Delay = 0.00>
ST_2 : Operation 2205 [1/1] (1.38ns)   --->   "%add_ln58_1355 = add i15 %sext_ln58_364, i15 %sext_ln58_363" [firmware/nnet_utils/nnet_dense_latency.h:58]   --->   Operation 2205 'add' 'add_ln58_1355' <Predicate = true> <Delay = 1.38> <CoreInst = "Adder">   --->   Core 1 'Adder' <Latency = 0> <II = 1> <Delay = 1.38> <FuncUnit> <Opcode : 'add' 'sub'> <InPorts = 2> <OutPorts = 1>
ST_2 : Operation 2206 [1/1] (0.00ns)   --->   "%sext_ln58_366 = sext i13 %add_ln58_1357" [firmware/nnet_utils/nnet_dense_latency.h:58]   --->   Operation 2206 'sext' 'sext_ln58_366' <Predicate = true> <Delay = 0.00>
ST_2 : Operation 2207 [1/1] (1.36ns)   --->   "%add_ln58_1358 = add i14 %sext_ln58_366, i14 %sext_ln17_517" [firmware/nnet_utils/nnet_dense_latency.h:58]   --->   Operation 2207 'add' 'add_ln58_1358' <Predicate = true> <Delay = 1.36> <CoreInst = "Adder">   --->   Core 1 'Adder' <Latency = 0> <II = 1> <Delay = 1.36> <FuncUnit> <Opcode : 'add' 'sub'> <InPorts = 2> <OutPorts = 1>
ST_2 : Operation 2208 [1/1] (0.00ns)   --->   "%sext_ln58_367 = sext i14 %add_ln58_1358" [firmware/nnet_utils/nnet_dense_latency.h:58]   --->   Operation 2208 'sext' 'sext_ln58_367' <Predicate = true> <Delay = 0.00>
ST_2 : Operation 2209 [1/1] (0.00ns)   --->   "%sext_ln58_369 = sext i13 %add_ln58_1361" [firmware/nnet_utils/nnet_dense_latency.h:58]   --->   Operation 2209 'sext' 'sext_ln58_369' <Predicate = true> <Delay = 0.00>
ST_2 : Operation 2210 [1/1] (1.38ns)   --->   "%add_ln58_1362 = add i15 %sext_ln58_369, i15 %sext_ln58_367" [firmware/nnet_utils/nnet_dense_latency.h:58]   --->   Operation 2210 'add' 'add_ln58_1362' <Predicate = true> <Delay = 1.38> <CoreInst = "Adder">   --->   Core 1 'Adder' <Latency = 0> <II = 1> <Delay = 1.38> <FuncUnit> <Opcode : 'add' 'sub'> <InPorts = 2> <OutPorts = 1>
ST_2 : Operation 2211 [1/1] (0.00ns) (grouped into TernaryAdder)   --->   "%add_ln58_1366 = add i16 %mult_773, i16 %mult_781" [firmware/nnet_utils/nnet_dense_latency.h:58]   --->   Operation 2211 'add' 'add_ln58_1366' <Predicate = true> <Delay = 0.00> <CoreInst = "TAddSub">   --->   Core 10 'TAddSub' <Latency = 0> <II = 1> <Delay = 0.49> <IPBlock> <Opcode : 'add' 'sub'> <InPorts = 3> <OutPorts = 1> <Sync> <CReg>
ST_2 : Operation 2212 [1/1] (0.99ns) (root node of TernaryAdder)   --->   "%add_ln58_1367 = add i16 %add_ln58_1366, i16 %mult_765" [firmware/nnet_utils/nnet_dense_latency.h:58]   --->   Operation 2212 'add' 'add_ln58_1367' <Predicate = true> <Delay = 0.99> <CoreInst = "TAddSub">   --->   Core 10 'TAddSub' <Latency = 0> <II = 1> <Delay = 0.49> <IPBlock> <Opcode : 'add' 'sub'> <InPorts = 3> <OutPorts = 1> <Sync> <CReg>
ST_2 : Operation 2213 [1/1] (0.00ns) (grouped into TernaryAdder)   --->   "%add_ln58_1368 = add i16 %mult_841, i16 %mult_849" [firmware/nnet_utils/nnet_dense_latency.h:58]   --->   Operation 2213 'add' 'add_ln58_1368' <Predicate = true> <Delay = 0.00> <CoreInst = "TAddSub">   --->   Core 10 'TAddSub' <Latency = 0> <II = 1> <Delay = 0.49> <IPBlock> <Opcode : 'add' 'sub'> <InPorts = 3> <OutPorts = 1> <Sync> <CReg>
ST_2 : Operation 2214 [1/1] (0.99ns) (root node of TernaryAdder)   --->   "%add_ln58_1369 = add i16 %add_ln58_1368, i16 %mult_789" [firmware/nnet_utils/nnet_dense_latency.h:58]   --->   Operation 2214 'add' 'add_ln58_1369' <Predicate = true> <Delay = 0.99> <CoreInst = "TAddSub">   --->   Core 10 'TAddSub' <Latency = 0> <II = 1> <Delay = 0.49> <IPBlock> <Opcode : 'add' 'sub'> <InPorts = 3> <OutPorts = 1> <Sync> <CReg>
ST_2 : Operation 2215 [1/1] (1.41ns)   --->   "%add_ln58_1371 = add i16 %mult_886, i16 %mult_932" [firmware/nnet_utils/nnet_dense_latency.h:58]   --->   Operation 2215 'add' 'add_ln58_1371' <Predicate = true> <Delay = 1.41> <CoreInst = "Adder">   --->   Core 1 'Adder' <Latency = 0> <II = 1> <Delay = 1.41> <FuncUnit> <Opcode : 'add' 'sub'> <InPorts = 2> <OutPorts = 1>
ST_2 : Operation 2216 [1/1] (0.00ns) (grouped into TernaryAdder)   --->   "%add_ln58_1372 = add i16 %add_ln58_1371, i16 %mult_859" [firmware/nnet_utils/nnet_dense_latency.h:58]   --->   Operation 2216 'add' 'add_ln58_1372' <Predicate = true> <Delay = 0.00> <CoreInst = "TAddSub">   --->   Core 10 'TAddSub' <Latency = 0> <II = 1> <Delay = 0.49> <IPBlock> <Opcode : 'add' 'sub'> <InPorts = 3> <OutPorts = 1> <Sync> <CReg>
ST_2 : Operation 2217 [1/1] (0.00ns) (grouped into TernaryAdder)   --->   "%add_ln58_1373 = add i16 %mult_975, i16 %mult_997" [firmware/nnet_utils/nnet_dense_latency.h:58]   --->   Operation 2217 'add' 'add_ln58_1373' <Predicate = true> <Delay = 0.00> <CoreInst = "TAddSub">   --->   Core 10 'TAddSub' <Latency = 0> <II = 1> <Delay = 0.49> <IPBlock> <Opcode : 'add' 'sub'> <InPorts = 3> <OutPorts = 1> <Sync> <CReg>
ST_2 : Operation 2218 [1/1] (1.41ns)   --->   "%add_ln58_1374 = add i16 %mult_1047, i16 %mult_1106" [firmware/nnet_utils/nnet_dense_latency.h:58]   --->   Operation 2218 'add' 'add_ln58_1374' <Predicate = true> <Delay = 1.41> <CoreInst = "Adder">   --->   Core 1 'Adder' <Latency = 0> <II = 1> <Delay = 1.41> <FuncUnit> <Opcode : 'add' 'sub'> <InPorts = 2> <OutPorts = 1>
ST_2 : Operation 2219 [1/1] (0.99ns) (root node of TernaryAdder)   --->   "%add_ln58_1375 = add i16 %add_ln58_1374, i16 %add_ln58_1373" [firmware/nnet_utils/nnet_dense_latency.h:58]   --->   Operation 2219 'add' 'add_ln58_1375' <Predicate = true> <Delay = 0.99> <CoreInst = "TAddSub">   --->   Core 10 'TAddSub' <Latency = 0> <II = 1> <Delay = 0.49> <IPBlock> <Opcode : 'add' 'sub'> <InPorts = 3> <OutPorts = 1> <Sync> <CReg>
ST_2 : Operation 2220 [1/1] (0.99ns) (root node of TernaryAdder)   --->   "%add_ln58_1376 = add i16 %add_ln58_1375, i16 %add_ln58_1372" [firmware/nnet_utils/nnet_dense_latency.h:58]   --->   Operation 2220 'add' 'add_ln58_1376' <Predicate = true> <Delay = 0.99> <CoreInst = "TAddSub">   --->   Core 10 'TAddSub' <Latency = 0> <II = 1> <Delay = 0.49> <IPBlock> <Opcode : 'add' 'sub'> <InPorts = 3> <OutPorts = 1> <Sync> <CReg>
ST_2 : Operation 2221 [1/1] (0.00ns) (grouped into TernaryAdder)   --->   "%add_ln58_1378 = add i16 %mult_1128, i16 %mult_1135" [firmware/nnet_utils/nnet_dense_latency.h:58]   --->   Operation 2221 'add' 'add_ln58_1378' <Predicate = true> <Delay = 0.00> <CoreInst = "TAddSub">   --->   Core 10 'TAddSub' <Latency = 0> <II = 1> <Delay = 0.49> <IPBlock> <Opcode : 'add' 'sub'> <InPorts = 3> <OutPorts = 1> <Sync> <CReg>
ST_2 : Operation 2222 [1/1] (0.99ns) (root node of TernaryAdder)   --->   "%add_ln58_1379 = add i16 %add_ln58_1378, i16 %mult_1121" [firmware/nnet_utils/nnet_dense_latency.h:58]   --->   Operation 2222 'add' 'add_ln58_1379' <Predicate = true> <Delay = 0.99> <CoreInst = "TAddSub">   --->   Core 10 'TAddSub' <Latency = 0> <II = 1> <Delay = 0.49> <IPBlock> <Opcode : 'add' 'sub'> <InPorts = 3> <OutPorts = 1> <Sync> <CReg>
ST_2 : Operation 2223 [1/1] (0.00ns) (grouped into TernaryAdder)   --->   "%add_ln58_1380 = add i16 %mult_1143, i16 %mult_749" [firmware/nnet_utils/nnet_dense_latency.h:58]   --->   Operation 2223 'add' 'add_ln58_1380' <Predicate = true> <Delay = 0.00> <CoreInst = "TAddSub">   --->   Core 10 'TAddSub' <Latency = 0> <II = 1> <Delay = 0.49> <IPBlock> <Opcode : 'add' 'sub'> <InPorts = 3> <OutPorts = 1> <Sync> <CReg>
ST_2 : Operation 2224 [1/1] (1.40ns)   --->   "%add_ln58_1381 = add i16 %sext_ln42_380, i16 %sext_ln42_406" [firmware/nnet_utils/nnet_dense_latency.h:58]   --->   Operation 2224 'add' 'add_ln58_1381' <Predicate = true> <Delay = 1.40> <CoreInst = "Adder">   --->   Core 1 'Adder' <Latency = 0> <II = 1> <Delay = 1.40> <FuncUnit> <Opcode : 'add' 'sub'> <InPorts = 2> <OutPorts = 1>
ST_2 : Operation 2225 [1/1] (0.99ns) (root node of TernaryAdder)   --->   "%add_ln58_1382 = add i16 %add_ln58_1381, i16 %add_ln58_1380" [firmware/nnet_utils/nnet_dense_latency.h:58]   --->   Operation 2225 'add' 'add_ln58_1382' <Predicate = true> <Delay = 0.99> <CoreInst = "TAddSub">   --->   Core 10 'TAddSub' <Latency = 0> <II = 1> <Delay = 0.49> <IPBlock> <Opcode : 'add' 'sub'> <InPorts = 3> <OutPorts = 1> <Sync> <CReg>
ST_2 : Operation 2226 [1/1] (1.40ns)   --->   "%add_ln58_1384 = add i16 %sext_ln42_427, i16 %sext_ln42_443" [firmware/nnet_utils/nnet_dense_latency.h:58]   --->   Operation 2226 'add' 'add_ln58_1384' <Predicate = true> <Delay = 1.40> <CoreInst = "Adder">   --->   Core 1 'Adder' <Latency = 0> <II = 1> <Delay = 1.40> <FuncUnit> <Opcode : 'add' 'sub'> <InPorts = 2> <OutPorts = 1>
ST_2 : Operation 2227 [1/1] (0.00ns) (grouped into TernaryAdder)   --->   "%add_ln58_1385 = add i16 %add_ln58_1384, i16 %sext_ln42_415" [firmware/nnet_utils/nnet_dense_latency.h:58]   --->   Operation 2227 'add' 'add_ln58_1385' <Predicate = true> <Delay = 0.00> <CoreInst = "TAddSub">   --->   Core 10 'TAddSub' <Latency = 0> <II = 1> <Delay = 0.49> <IPBlock> <Opcode : 'add' 'sub'> <InPorts = 3> <OutPorts = 1> <Sync> <CReg>
ST_2 : Operation 2228 [1/1] (0.00ns) (grouped into TernaryAdder)   --->   "%add_ln58_1386 = add i16 %sext_ln42_451, i16 %sext_ln42_455" [firmware/nnet_utils/nnet_dense_latency.h:58]   --->   Operation 2228 'add' 'add_ln58_1386' <Predicate = true> <Delay = 0.00> <CoreInst = "TAddSub">   --->   Core 10 'TAddSub' <Latency = 0> <II = 1> <Delay = 0.49> <IPBlock> <Opcode : 'add' 'sub'> <InPorts = 3> <OutPorts = 1> <Sync> <CReg>
ST_2 : Operation 2229 [1/1] (1.40ns)   --->   "%add_ln58_1387 = add i16 %sext_ln42_460, i16 %sext_ln42_468" [firmware/nnet_utils/nnet_dense_latency.h:58]   --->   Operation 2229 'add' 'add_ln58_1387' <Predicate = true> <Delay = 1.40> <CoreInst = "Adder">   --->   Core 1 'Adder' <Latency = 0> <II = 1> <Delay = 1.40> <FuncUnit> <Opcode : 'add' 'sub'> <InPorts = 2> <OutPorts = 1>
ST_2 : Operation 2230 [1/1] (0.99ns) (root node of TernaryAdder)   --->   "%add_ln58_1388 = add i16 %add_ln58_1387, i16 %add_ln58_1386" [firmware/nnet_utils/nnet_dense_latency.h:58]   --->   Operation 2230 'add' 'add_ln58_1388' <Predicate = true> <Delay = 0.99> <CoreInst = "TAddSub">   --->   Core 10 'TAddSub' <Latency = 0> <II = 1> <Delay = 0.49> <IPBlock> <Opcode : 'add' 'sub'> <InPorts = 3> <OutPorts = 1> <Sync> <CReg>
ST_2 : Operation 2231 [1/1] (0.99ns) (root node of TernaryAdder)   --->   "%add_ln58_1389 = add i16 %add_ln58_1388, i16 %add_ln58_1385" [firmware/nnet_utils/nnet_dense_latency.h:58]   --->   Operation 2231 'add' 'add_ln58_1389' <Predicate = true> <Delay = 0.99> <CoreInst = "TAddSub">   --->   Core 10 'TAddSub' <Latency = 0> <II = 1> <Delay = 0.49> <IPBlock> <Opcode : 'add' 'sub'> <InPorts = 3> <OutPorts = 1> <Sync> <CReg>
ST_2 : Operation 2232 [1/1] (1.40ns)   --->   "%add_ln58_1392 = add i16 %sext_ln42_475, i16 %sext_ln42_484" [firmware/nnet_utils/nnet_dense_latency.h:58]   --->   Operation 2232 'add' 'add_ln58_1392' <Predicate = true> <Delay = 1.40> <CoreInst = "Adder">   --->   Core 1 'Adder' <Latency = 0> <II = 1> <Delay = 1.40> <FuncUnit> <Opcode : 'add' 'sub'> <InPorts = 2> <OutPorts = 1>
ST_2 : Operation 2233 [1/1] (1.38ns)   --->   "%add_ln58_1394 = add i15 %sext_ln17_365, i15 %sext_ln17_395" [firmware/nnet_utils/nnet_dense_latency.h:58]   --->   Operation 2233 'add' 'add_ln58_1394' <Predicate = true> <Delay = 1.38> <CoreInst = "Adder">   --->   Core 1 'Adder' <Latency = 0> <II = 1> <Delay = 1.38> <FuncUnit> <Opcode : 'add' 'sub'> <InPorts = 2> <OutPorts = 1>
ST_2 : Operation 2234 [1/1] (0.00ns)   --->   "%sext_ln58_371 = sext i15 %add_ln58_1394" [firmware/nnet_utils/nnet_dense_latency.h:58]   --->   Operation 2234 'sext' 'sext_ln58_371' <Predicate = true> <Delay = 0.00>
ST_2 : Operation 2235 [1/1] (1.40ns)   --->   "%add_ln58_1395 = add i16 %sext_ln58_371, i16 %sext_ln42_492" [firmware/nnet_utils/nnet_dense_latency.h:58]   --->   Operation 2235 'add' 'add_ln58_1395' <Predicate = true> <Delay = 1.40> <CoreInst = "Adder">   --->   Core 1 'Adder' <Latency = 0> <II = 1> <Delay = 1.40> <FuncUnit> <Opcode : 'add' 'sub'> <InPorts = 2> <OutPorts = 1>
ST_2 : Operation 2236 [1/1] (1.38ns)   --->   "%add_ln58_1399 = add i15 %sext_ln17_477, i15 %sext_ln17_484" [firmware/nnet_utils/nnet_dense_latency.h:58]   --->   Operation 2236 'add' 'add_ln58_1399' <Predicate = true> <Delay = 1.38> <CoreInst = "Adder">   --->   Core 1 'Adder' <Latency = 0> <II = 1> <Delay = 1.38> <FuncUnit> <Opcode : 'add' 'sub'> <InPorts = 2> <OutPorts = 1>
ST_2 : Operation 2237 [1/1] (0.00ns)   --->   "%sext_ln58_373 = sext i15 %add_ln58_1399" [firmware/nnet_utils/nnet_dense_latency.h:58]   --->   Operation 2237 'sext' 'sext_ln58_373' <Predicate = true> <Delay = 0.00>
ST_2 : Operation 2238 [1/1] (0.00ns)   --->   "%sext_ln58_374 = sext i15 %add_ln58_1400" [firmware/nnet_utils/nnet_dense_latency.h:58]   --->   Operation 2238 'sext' 'sext_ln58_374' <Predicate = true> <Delay = 0.00>
ST_2 : Operation 2239 [1/1] (1.40ns)   --->   "%add_ln58_1401 = add i16 %sext_ln58_374, i16 %sext_ln58_373" [firmware/nnet_utils/nnet_dense_latency.h:58]   --->   Operation 2239 'add' 'add_ln58_1401' <Predicate = true> <Delay = 1.40> <CoreInst = "Adder">   --->   Core 1 'Adder' <Latency = 0> <II = 1> <Delay = 1.40> <FuncUnit> <Opcode : 'add' 'sub'> <InPorts = 2> <OutPorts = 1>
ST_2 : Operation 2240 [1/1] (0.00ns)   --->   "%sext_ln58_375 = sext i14 %add_ln58_1404" [firmware/nnet_utils/nnet_dense_latency.h:58]   --->   Operation 2240 'sext' 'sext_ln58_375' <Predicate = true> <Delay = 0.00>
ST_2 : Operation 2241 [1/1] (1.38ns)   --->   "%add_ln58_1405 = add i15 %sext_ln58_375, i15 %sext_ln17_416" [firmware/nnet_utils/nnet_dense_latency.h:58]   --->   Operation 2241 'add' 'add_ln58_1405' <Predicate = true> <Delay = 1.38> <CoreInst = "Adder">   --->   Core 1 'Adder' <Latency = 0> <II = 1> <Delay = 1.38> <FuncUnit> <Opcode : 'add' 'sub'> <InPorts = 2> <OutPorts = 1>
ST_2 : Operation 2242 [1/1] (0.00ns)   --->   "%sext_ln58_377 = sext i14 %add_ln58_1406" [firmware/nnet_utils/nnet_dense_latency.h:58]   --->   Operation 2242 'sext' 'sext_ln58_377' <Predicate = true> <Delay = 0.00>
ST_2 : Operation 2243 [1/1] (0.00ns)   --->   "%sext_ln58_378 = sext i14 %add_ln58_1407" [firmware/nnet_utils/nnet_dense_latency.h:58]   --->   Operation 2243 'sext' 'sext_ln58_378' <Predicate = true> <Delay = 0.00>
ST_2 : Operation 2244 [1/1] (1.38ns)   --->   "%add_ln58_1408 = add i15 %sext_ln58_378, i15 %sext_ln58_377" [firmware/nnet_utils/nnet_dense_latency.h:58]   --->   Operation 2244 'add' 'add_ln58_1408' <Predicate = true> <Delay = 1.38> <CoreInst = "Adder">   --->   Core 1 'Adder' <Latency = 0> <II = 1> <Delay = 1.38> <FuncUnit> <Opcode : 'add' 'sub'> <InPorts = 2> <OutPorts = 1>
ST_2 : Operation 2245 [1/1] (0.00ns)   --->   "%sext_ln58_380 = sext i13 %add_ln58_1410" [firmware/nnet_utils/nnet_dense_latency.h:58]   --->   Operation 2245 'sext' 'sext_ln58_380' <Predicate = true> <Delay = 0.00>
ST_2 : Operation 2246 [1/1] (1.36ns)   --->   "%add_ln58_1411 = add i14 %sext_ln58_380, i14 %sext_ln17_351" [firmware/nnet_utils/nnet_dense_latency.h:58]   --->   Operation 2246 'add' 'add_ln58_1411' <Predicate = true> <Delay = 1.36> <CoreInst = "Adder">   --->   Core 1 'Adder' <Latency = 0> <II = 1> <Delay = 1.36> <FuncUnit> <Opcode : 'add' 'sub'> <InPorts = 2> <OutPorts = 1>
ST_2 : Operation 2247 [1/1] (0.00ns)   --->   "%sext_ln58_381 = sext i14 %add_ln58_1411" [firmware/nnet_utils/nnet_dense_latency.h:58]   --->   Operation 2247 'sext' 'sext_ln58_381' <Predicate = true> <Delay = 0.00>
ST_2 : Operation 2248 [1/1] (0.00ns)   --->   "%sext_ln58_382 = sext i13 %add_ln58_1412" [firmware/nnet_utils/nnet_dense_latency.h:58]   --->   Operation 2248 'sext' 'sext_ln58_382' <Predicate = true> <Delay = 0.00>
ST_2 : Operation 2249 [1/1] (0.00ns)   --->   "%sext_ln58_383 = sext i12 %add_ln58_1413" [firmware/nnet_utils/nnet_dense_latency.h:58]   --->   Operation 2249 'sext' 'sext_ln58_383' <Predicate = true> <Delay = 0.00>
ST_2 : Operation 2250 [1/1] (1.36ns)   --->   "%add_ln58_1414 = add i14 %sext_ln58_383, i14 %sext_ln58_382" [firmware/nnet_utils/nnet_dense_latency.h:58]   --->   Operation 2250 'add' 'add_ln58_1414' <Predicate = true> <Delay = 1.36> <CoreInst = "Adder">   --->   Core 1 'Adder' <Latency = 0> <II = 1> <Delay = 1.36> <FuncUnit> <Opcode : 'add' 'sub'> <InPorts = 2> <OutPorts = 1>
ST_2 : Operation 2251 [1/1] (0.00ns)   --->   "%sext_ln58_384 = sext i14 %add_ln58_1414" [firmware/nnet_utils/nnet_dense_latency.h:58]   --->   Operation 2251 'sext' 'sext_ln58_384' <Predicate = true> <Delay = 0.00>
ST_2 : Operation 2252 [1/1] (1.38ns)   --->   "%add_ln58_1415 = add i15 %sext_ln58_384, i15 %sext_ln58_381" [firmware/nnet_utils/nnet_dense_latency.h:58]   --->   Operation 2252 'add' 'add_ln58_1415' <Predicate = true> <Delay = 1.38> <CoreInst = "Adder">   --->   Core 1 'Adder' <Latency = 0> <II = 1> <Delay = 1.38> <FuncUnit> <Opcode : 'add' 'sub'> <InPorts = 2> <OutPorts = 1>

State 3 <SV = 2> <Delay = 2.99>
ST_3 : Operation 2253 [1/1] (0.00ns)   --->   "%specpipeline_ln26 = specpipeline void @_ssdm_op_SpecPipeline, i32 1, i32 0, i32 0, i32 0, i32 4294967295, void @empty_11" [firmware/nnet_utils/nnet_dense_latency.h:26]   --->   Operation 2253 'specpipeline' 'specpipeline_ln26' <Predicate = true> <Delay = 0.00>
ST_3 : Operation 2254 [1/1] (0.00ns)   --->   "%specresourcelimit_ln33 = specresourcelimit void @_ssdm_op_SpecResourceLimit, i64 427, void @empty_9, void @empty_11, void @empty_11, void @empty_11" [firmware/nnet_utils/nnet_dense_latency.h:33]   --->   Operation 2254 'specresourcelimit' 'specresourcelimit_ln33' <Predicate = true> <Delay = 0.00>
ST_3 : Operation 2255 [1/1] (0.00ns)   --->   "%sext_ln42_389 = sext i14 %mult_863" [firmware/nnet_utils/nnet_dense_latency.h:42]   --->   Operation 2255 'sext' 'sext_ln42_389' <Predicate = true> <Delay = 0.00>
ST_3 : Operation 2256 [1/1] (0.00ns)   --->   "%sext_ln42_393 = sext i14 %mult_878" [firmware/nnet_utils/nnet_dense_latency.h:42]   --->   Operation 2256 'sext' 'sext_ln42_393' <Predicate = true> <Delay = 0.00>
ST_3 : Operation 2257 [1/1] (0.00ns)   --->   "%sext_ln42_394 = sext i14 %mult_881" [firmware/nnet_utils/nnet_dense_latency.h:42]   --->   Operation 2257 'sext' 'sext_ln42_394' <Predicate = true> <Delay = 0.00>
ST_3 : Operation 2258 [1/1] (0.00ns)   --->   "%sext_ln42_398 = sext i14 %mult_893" [firmware/nnet_utils/nnet_dense_latency.h:42]   --->   Operation 2258 'sext' 'sext_ln42_398' <Predicate = true> <Delay = 0.00>
ST_3 : Operation 2259 [1/1] (0.00ns)   --->   "%sext_ln42_404 = sext i14 %mult_906" [firmware/nnet_utils/nnet_dense_latency.h:42]   --->   Operation 2259 'sext' 'sext_ln42_404' <Predicate = true> <Delay = 0.00>
ST_3 : Operation 2260 [1/1] (0.00ns)   --->   "%sext_ln42_422 = sext i14 %mult_943" [firmware/nnet_utils/nnet_dense_latency.h:42]   --->   Operation 2260 'sext' 'sext_ln42_422' <Predicate = true> <Delay = 0.00>
ST_3 : Operation 2261 [1/1] (0.00ns)   --->   "%sext_ln42_438 = sext i14 %mult_980" [firmware/nnet_utils/nnet_dense_latency.h:42]   --->   Operation 2261 'sext' 'sext_ln42_438' <Predicate = true> <Delay = 0.00>
ST_3 : Operation 2262 [1/1] (0.00ns)   --->   "%sext_ln42_465 = sext i15 %mult_1048" [firmware/nnet_utils/nnet_dense_latency.h:42]   --->   Operation 2262 'sext' 'sext_ln42_465' <Predicate = true> <Delay = 0.00>
ST_3 : Operation 2263 [1/1] (0.00ns)   --->   "%sext_ln42_499 = sext i15 %mult_1126" [firmware/nnet_utils/nnet_dense_latency.h:42]   --->   Operation 2263 'sext' 'sext_ln42_499' <Predicate = true> <Delay = 0.00>
ST_3 : Operation 2264 [1/1] (0.00ns)   --->   "%sext_ln42_506 = sext i15 %mult_1139" [firmware/nnet_utils/nnet_dense_latency.h:42]   --->   Operation 2264 'sext' 'sext_ln42_506' <Predicate = true> <Delay = 0.00>
ST_3 : Operation 2265 [1/1] (0.00ns) (grouped into TernaryAdder)   --->   "%add_ln58_1004 = add i16 %add_ln58_1003, i16 %add_ln58_1001" [firmware/nnet_utils/nnet_dense_latency.h:58]   --->   Operation 2265 'add' 'add_ln58_1004' <Predicate = true> <Delay = 0.00> <CoreInst = "TAddSub">   --->   Core 10 'TAddSub' <Latency = 0> <II = 1> <Delay = 0.49> <IPBlock> <Opcode : 'add' 'sub'> <InPorts = 3> <OutPorts = 1> <Sync> <CReg>
ST_3 : Operation 2266 [1/1] (0.99ns) (root node of TernaryAdder)   --->   "%add_ln58_1011 = add i16 %add_ln58_1010, i16 %add_ln58_1004" [firmware/nnet_utils/nnet_dense_latency.h:58]   --->   Operation 2266 'add' 'add_ln58_1011' <Predicate = true> <Delay = 0.99> <CoreInst = "TAddSub">   --->   Core 10 'TAddSub' <Latency = 0> <II = 1> <Delay = 0.49> <IPBlock> <Opcode : 'add' 'sub'> <InPorts = 3> <OutPorts = 1> <Sync> <CReg>
ST_3 : Operation 2267 [1/1] (0.00ns) (grouped into TernaryAdder)   --->   "%add_ln58_1017 = add i16 %add_ln58_1016, i16 %add_ln58_1013" [firmware/nnet_utils/nnet_dense_latency.h:58]   --->   Operation 2267 'add' 'add_ln58_1017' <Predicate = true> <Delay = 0.00> <CoreInst = "TAddSub">   --->   Core 10 'TAddSub' <Latency = 0> <II = 1> <Delay = 0.49> <IPBlock> <Opcode : 'add' 'sub'> <InPorts = 3> <OutPorts = 1> <Sync> <CReg>
ST_3 : Operation 2268 [1/1] (0.00ns) (grouped into TernaryAdder)   --->   "%add_ln58_1019 = add i16 %add_ln58_1018, i16 %sext_ln42_465" [firmware/nnet_utils/nnet_dense_latency.h:58]   --->   Operation 2268 'add' 'add_ln58_1019' <Predicate = true> <Delay = 0.00> <CoreInst = "TAddSub">   --->   Core 10 'TAddSub' <Latency = 0> <II = 1> <Delay = 0.49> <IPBlock> <Opcode : 'add' 'sub'> <InPorts = 3> <OutPorts = 1> <Sync> <CReg>
ST_3 : Operation 2269 [1/1] (0.99ns) (root node of TernaryAdder)   --->   "%add_ln58_1023 = add i16 %add_ln58_1022, i16 %add_ln58_1019" [firmware/nnet_utils/nnet_dense_latency.h:58]   --->   Operation 2269 'add' 'add_ln58_1023' <Predicate = true> <Delay = 0.99> <CoreInst = "TAddSub">   --->   Core 10 'TAddSub' <Latency = 0> <II = 1> <Delay = 0.49> <IPBlock> <Opcode : 'add' 'sub'> <InPorts = 3> <OutPorts = 1> <Sync> <CReg>
ST_3 : Operation 2270 [1/1] (0.99ns) (root node of TernaryAdder)   --->   "%add_ln58_1024 = add i16 %add_ln58_1023, i16 %add_ln58_1017" [firmware/nnet_utils/nnet_dense_latency.h:58]   --->   Operation 2270 'add' 'add_ln58_1024' <Predicate = true> <Delay = 0.99> <CoreInst = "TAddSub">   --->   Core 10 'TAddSub' <Latency = 0> <II = 1> <Delay = 0.49> <IPBlock> <Opcode : 'add' 'sub'> <InPorts = 3> <OutPorts = 1> <Sync> <CReg>
ST_3 : Operation 2271 [1/1] (0.00ns) (grouped into TernaryAdder)   --->   "%add_ln58_1025 = add i16 %add_ln58_1024, i16 %add_ln58_1011" [firmware/nnet_utils/nnet_dense_latency.h:58]   --->   Operation 2271 'add' 'add_ln58_1025' <Predicate = true> <Delay = 0.00> <CoreInst = "TAddSub">   --->   Core 10 'TAddSub' <Latency = 0> <II = 1> <Delay = 0.49> <IPBlock> <Opcode : 'add' 'sub'> <InPorts = 3> <OutPorts = 1> <Sync> <CReg>
ST_3 : Operation 2272 [1/1] (0.00ns) (grouped into TernaryAdder)   --->   "%add_ln58_1037 = add i16 %add_ln58_1036, i16 %add_ln58_1030" [firmware/nnet_utils/nnet_dense_latency.h:58]   --->   Operation 2272 'add' 'add_ln58_1037' <Predicate = true> <Delay = 0.00> <CoreInst = "TAddSub">   --->   Core 10 'TAddSub' <Latency = 0> <II = 1> <Delay = 0.49> <IPBlock> <Opcode : 'add' 'sub'> <InPorts = 3> <OutPorts = 1> <Sync> <CReg>
ST_3 : Operation 2273 [1/1] (0.00ns)   --->   "%sext_ln58_270 = sext i15 %add_ln58_1039" [firmware/nnet_utils/nnet_dense_latency.h:58]   --->   Operation 2273 'sext' 'sext_ln58_270' <Predicate = true> <Delay = 0.00>
ST_3 : Operation 2274 [1/1] (0.00ns)   --->   "%sext_ln58_273 = sext i14 %add_ln58_1042" [firmware/nnet_utils/nnet_dense_latency.h:58]   --->   Operation 2274 'sext' 'sext_ln58_273' <Predicate = true> <Delay = 0.00>
ST_3 : Operation 2275 [1/1] (0.00ns) (grouped into TernaryAdder)   --->   "%add_ln58_1043 = add i16 %sext_ln58_273, i16 %sext_ln58_270" [firmware/nnet_utils/nnet_dense_latency.h:58]   --->   Operation 2275 'add' 'add_ln58_1043' <Predicate = true> <Delay = 0.00> <CoreInst = "TAddSub">   --->   Core 10 'TAddSub' <Latency = 0> <II = 1> <Delay = 0.49> <IPBlock> <Opcode : 'add' 'sub'> <InPorts = 3> <OutPorts = 1> <Sync> <CReg>
ST_3 : Operation 2276 [1/1] (0.00ns)   --->   "%sext_ln58_279 = sext i13 %add_ln58_1049" [firmware/nnet_utils/nnet_dense_latency.h:58]   --->   Operation 2276 'sext' 'sext_ln58_279' <Predicate = true> <Delay = 0.00>
ST_3 : Operation 2277 [1/1] (0.99ns) (root node of TernaryAdder)   --->   "%add_ln58_1050 = add i16 %sext_ln58_279, i16 %add_ln58_1043" [firmware/nnet_utils/nnet_dense_latency.h:58]   --->   Operation 2277 'add' 'add_ln58_1050' <Predicate = true> <Delay = 0.99> <CoreInst = "TAddSub">   --->   Core 10 'TAddSub' <Latency = 0> <II = 1> <Delay = 0.49> <IPBlock> <Opcode : 'add' 'sub'> <InPorts = 3> <OutPorts = 1> <Sync> <CReg>
ST_3 : Operation 2278 [1/1] (0.99ns) (root node of TernaryAdder)   --->   "%add_ln58_1051 = add i16 %add_ln58_1050, i16 %add_ln58_1037" [firmware/nnet_utils/nnet_dense_latency.h:58]   --->   Operation 2278 'add' 'add_ln58_1051' <Predicate = true> <Delay = 0.99> <CoreInst = "TAddSub">   --->   Core 10 'TAddSub' <Latency = 0> <II = 1> <Delay = 0.49> <IPBlock> <Opcode : 'add' 'sub'> <InPorts = 3> <OutPorts = 1> <Sync> <CReg>
ST_3 : Operation 2279 [1/1] (0.99ns) (root node of TernaryAdder)   --->   "%add_ln58_1052 = add i16 %add_ln58_1051, i16 %add_ln58_1025" [firmware/nnet_utils/nnet_dense_latency.h:58]   --->   Operation 2279 'add' 'add_ln58_1052' <Predicate = true> <Delay = 0.99> <CoreInst = "TAddSub">   --->   Core 10 'TAddSub' <Latency = 0> <II = 1> <Delay = 0.49> <IPBlock> <Opcode : 'add' 'sub'> <InPorts = 3> <OutPorts = 1> <Sync> <CReg>
ST_3 : Operation 2280 [1/1] (0.00ns) (grouped into TernaryAdder)   --->   "%add_ln58_1057 = add i16 %add_ln58_1056, i16 %add_ln58_1054" [firmware/nnet_utils/nnet_dense_latency.h:58]   --->   Operation 2280 'add' 'add_ln58_1057' <Predicate = true> <Delay = 0.00> <CoreInst = "TAddSub">   --->   Core 10 'TAddSub' <Latency = 0> <II = 1> <Delay = 0.49> <IPBlock> <Opcode : 'add' 'sub'> <InPorts = 3> <OutPorts = 1> <Sync> <CReg>
ST_3 : Operation 2281 [1/1] (0.99ns) (root node of TernaryAdder)   --->   "%add_ln58_1064 = add i16 %add_ln58_1063, i16 %add_ln58_1057" [firmware/nnet_utils/nnet_dense_latency.h:58]   --->   Operation 2281 'add' 'add_ln58_1064' <Predicate = true> <Delay = 0.99> <CoreInst = "TAddSub">   --->   Core 10 'TAddSub' <Latency = 0> <II = 1> <Delay = 0.49> <IPBlock> <Opcode : 'add' 'sub'> <InPorts = 3> <OutPorts = 1> <Sync> <CReg>
ST_3 : Operation 2282 [1/1] (0.00ns) (grouped into TernaryAdder)   --->   "%add_ln58_1070 = add i16 %add_ln58_1069, i16 %add_ln58_1066" [firmware/nnet_utils/nnet_dense_latency.h:58]   --->   Operation 2282 'add' 'add_ln58_1070' <Predicate = true> <Delay = 0.00> <CoreInst = "TAddSub">   --->   Core 10 'TAddSub' <Latency = 0> <II = 1> <Delay = 0.49> <IPBlock> <Opcode : 'add' 'sub'> <InPorts = 3> <OutPorts = 1> <Sync> <CReg>
ST_3 : Operation 2283 [1/1] (0.99ns) (root node of TernaryAdder)   --->   "%add_ln58_1077 = add i16 %add_ln58_1076, i16 %add_ln58_1070" [firmware/nnet_utils/nnet_dense_latency.h:58]   --->   Operation 2283 'add' 'add_ln58_1077' <Predicate = true> <Delay = 0.99> <CoreInst = "TAddSub">   --->   Core 10 'TAddSub' <Latency = 0> <II = 1> <Delay = 0.49> <IPBlock> <Opcode : 'add' 'sub'> <InPorts = 3> <OutPorts = 1> <Sync> <CReg>
ST_3 : Operation 2284 [1/1] (0.00ns) (grouped into TernaryAdder)   --->   "%add_ln58_1078 = add i16 %add_ln58_1077, i16 %add_ln58_1064" [firmware/nnet_utils/nnet_dense_latency.h:58]   --->   Operation 2284 'add' 'add_ln58_1078' <Predicate = true> <Delay = 0.00> <CoreInst = "TAddSub">   --->   Core 10 'TAddSub' <Latency = 0> <II = 1> <Delay = 0.49> <IPBlock> <Opcode : 'add' 'sub'> <InPorts = 3> <OutPorts = 1> <Sync> <CReg>
ST_3 : Operation 2285 [1/1] (0.00ns) (grouped into TernaryAdder)   --->   "%add_ln58_1090 = add i16 %add_ln58_1089, i16 %add_ln58_1083" [firmware/nnet_utils/nnet_dense_latency.h:58]   --->   Operation 2285 'add' 'add_ln58_1090' <Predicate = true> <Delay = 0.00> <CoreInst = "TAddSub">   --->   Core 10 'TAddSub' <Latency = 0> <II = 1> <Delay = 0.49> <IPBlock> <Opcode : 'add' 'sub'> <InPorts = 3> <OutPorts = 1> <Sync> <CReg>
ST_3 : Operation 2286 [1/1] (0.99ns) (root node of TernaryAdder)   --->   "%add_ln58_1104 = add i16 %add_ln58_1103, i16 %add_ln58_1090" [firmware/nnet_utils/nnet_dense_latency.h:58]   --->   Operation 2286 'add' 'add_ln58_1104' <Predicate = true> <Delay = 0.99> <CoreInst = "TAddSub">   --->   Core 10 'TAddSub' <Latency = 0> <II = 1> <Delay = 0.49> <IPBlock> <Opcode : 'add' 'sub'> <InPorts = 3> <OutPorts = 1> <Sync> <CReg>
ST_3 : Operation 2287 [1/1] (0.99ns) (root node of TernaryAdder)   --->   "%add_ln58_1105 = add i16 %add_ln58_1104, i16 %add_ln58_1078" [firmware/nnet_utils/nnet_dense_latency.h:58]   --->   Operation 2287 'add' 'add_ln58_1105' <Predicate = true> <Delay = 0.99> <CoreInst = "TAddSub">   --->   Core 10 'TAddSub' <Latency = 0> <II = 1> <Delay = 0.49> <IPBlock> <Opcode : 'add' 'sub'> <InPorts = 3> <OutPorts = 1> <Sync> <CReg>
ST_3 : Operation 2288 [1/1] (0.00ns) (grouped into TernaryAdder)   --->   "%add_ln58_1110 = add i16 %add_ln58_1109, i16 %add_ln58_1107" [firmware/nnet_utils/nnet_dense_latency.h:58]   --->   Operation 2288 'add' 'add_ln58_1110' <Predicate = true> <Delay = 0.00> <CoreInst = "TAddSub">   --->   Core 10 'TAddSub' <Latency = 0> <II = 1> <Delay = 0.49> <IPBlock> <Opcode : 'add' 'sub'> <InPorts = 3> <OutPorts = 1> <Sync> <CReg>
ST_3 : Operation 2289 [1/1] (0.99ns) (root node of TernaryAdder)   --->   "%add_ln58_1117 = add i16 %add_ln58_1116, i16 %add_ln58_1110" [firmware/nnet_utils/nnet_dense_latency.h:58]   --->   Operation 2289 'add' 'add_ln58_1117' <Predicate = true> <Delay = 0.99> <CoreInst = "TAddSub">   --->   Core 10 'TAddSub' <Latency = 0> <II = 1> <Delay = 0.49> <IPBlock> <Opcode : 'add' 'sub'> <InPorts = 3> <OutPorts = 1> <Sync> <CReg>
ST_3 : Operation 2290 [1/1] (0.00ns) (grouped into TernaryAdder)   --->   "%add_ln58_1122 = add i16 %add_ln58_1121, i16 %add_ln58_1119" [firmware/nnet_utils/nnet_dense_latency.h:58]   --->   Operation 2290 'add' 'add_ln58_1122' <Predicate = true> <Delay = 0.00> <CoreInst = "TAddSub">   --->   Core 10 'TAddSub' <Latency = 0> <II = 1> <Delay = 0.49> <IPBlock> <Opcode : 'add' 'sub'> <InPorts = 3> <OutPorts = 1> <Sync> <CReg>
ST_3 : Operation 2291 [1/1] (0.99ns) (root node of TernaryAdder)   --->   "%add_ln58_1129 = add i16 %add_ln58_1128, i16 %add_ln58_1122" [firmware/nnet_utils/nnet_dense_latency.h:58]   --->   Operation 2291 'add' 'add_ln58_1129' <Predicate = true> <Delay = 0.99> <CoreInst = "TAddSub">   --->   Core 10 'TAddSub' <Latency = 0> <II = 1> <Delay = 0.49> <IPBlock> <Opcode : 'add' 'sub'> <InPorts = 3> <OutPorts = 1> <Sync> <CReg>
ST_3 : Operation 2292 [1/1] (0.00ns) (grouped into TernaryAdder)   --->   "%add_ln58_1130 = add i16 %add_ln58_1129, i16 %add_ln58_1117" [firmware/nnet_utils/nnet_dense_latency.h:58]   --->   Operation 2292 'add' 'add_ln58_1130' <Predicate = true> <Delay = 0.00> <CoreInst = "TAddSub">   --->   Core 10 'TAddSub' <Latency = 0> <II = 1> <Delay = 0.49> <IPBlock> <Opcode : 'add' 'sub'> <InPorts = 3> <OutPorts = 1> <Sync> <CReg>
ST_3 : Operation 2293 [1/1] (0.00ns)   --->   "%sext_ln58_293 = sext i15 %add_ln58_1136" [firmware/nnet_utils/nnet_dense_latency.h:58]   --->   Operation 2293 'sext' 'sext_ln58_293' <Predicate = true> <Delay = 0.00>
ST_3 : Operation 2294 [1/1] (0.00ns) (grouped into TernaryAdder)   --->   "%add_ln58_1137 = add i16 %sext_ln58_293, i16 %sext_ln42_394" [firmware/nnet_utils/nnet_dense_latency.h:58]   --->   Operation 2294 'add' 'add_ln58_1137' <Predicate = true> <Delay = 0.00> <CoreInst = "TAddSub">   --->   Core 10 'TAddSub' <Latency = 0> <II = 1> <Delay = 0.49> <IPBlock> <Opcode : 'add' 'sub'> <InPorts = 3> <OutPorts = 1> <Sync> <CReg>
ST_3 : Operation 2295 [1/1] (0.99ns) (root node of TernaryAdder)   --->   "%add_ln58_1141 = add i16 %add_ln58_1140, i16 %add_ln58_1137" [firmware/nnet_utils/nnet_dense_latency.h:58]   --->   Operation 2295 'add' 'add_ln58_1141' <Predicate = true> <Delay = 0.99> <CoreInst = "TAddSub">   --->   Core 10 'TAddSub' <Latency = 0> <II = 1> <Delay = 0.49> <IPBlock> <Opcode : 'add' 'sub'> <InPorts = 3> <OutPorts = 1> <Sync> <CReg>
ST_3 : Operation 2296 [1/1] (0.00ns) (grouped into TernaryAdder)   --->   "%add_ln58_1142 = add i16 %add_ln58_1141, i16 %add_ln58_1135" [firmware/nnet_utils/nnet_dense_latency.h:58]   --->   Operation 2296 'add' 'add_ln58_1142' <Predicate = true> <Delay = 0.00> <CoreInst = "TAddSub">   --->   Core 10 'TAddSub' <Latency = 0> <II = 1> <Delay = 0.49> <IPBlock> <Opcode : 'add' 'sub'> <InPorts = 3> <OutPorts = 1> <Sync> <CReg>
ST_3 : Operation 2297 [1/1] (0.00ns)   --->   "%sext_ln58_299 = sext i15 %add_ln58_1147" [firmware/nnet_utils/nnet_dense_latency.h:58]   --->   Operation 2297 'sext' 'sext_ln58_299' <Predicate = true> <Delay = 0.00>
ST_3 : Operation 2298 [1/1] (0.00ns) (grouped into TernaryAdder)   --->   "%add_ln58_1148 = add i16 %sext_ln58_299, i16 %add_ln58_1144" [firmware/nnet_utils/nnet_dense_latency.h:58]   --->   Operation 2298 'add' 'add_ln58_1148' <Predicate = true> <Delay = 0.00> <CoreInst = "TAddSub">   --->   Core 10 'TAddSub' <Latency = 0> <II = 1> <Delay = 0.49> <IPBlock> <Opcode : 'add' 'sub'> <InPorts = 3> <OutPorts = 1> <Sync> <CReg>
ST_3 : Operation 2299 [1/1] (0.00ns)   --->   "%sext_ln58_305 = sext i15 %add_ln58_1154" [firmware/nnet_utils/nnet_dense_latency.h:58]   --->   Operation 2299 'sext' 'sext_ln58_305' <Predicate = true> <Delay = 0.00>
ST_3 : Operation 2300 [1/1] (0.99ns) (root node of TernaryAdder)   --->   "%add_ln58_1155 = add i16 %sext_ln58_305, i16 %add_ln58_1148" [firmware/nnet_utils/nnet_dense_latency.h:58]   --->   Operation 2300 'add' 'add_ln58_1155' <Predicate = true> <Delay = 0.99> <CoreInst = "TAddSub">   --->   Core 10 'TAddSub' <Latency = 0> <II = 1> <Delay = 0.49> <IPBlock> <Opcode : 'add' 'sub'> <InPorts = 3> <OutPorts = 1> <Sync> <CReg>
ST_3 : Operation 2301 [1/1] (0.99ns) (root node of TernaryAdder)   --->   "%add_ln58_1156 = add i16 %add_ln58_1155, i16 %add_ln58_1142" [firmware/nnet_utils/nnet_dense_latency.h:58]   --->   Operation 2301 'add' 'add_ln58_1156' <Predicate = true> <Delay = 0.99> <CoreInst = "TAddSub">   --->   Core 10 'TAddSub' <Latency = 0> <II = 1> <Delay = 0.49> <IPBlock> <Opcode : 'add' 'sub'> <InPorts = 3> <OutPorts = 1> <Sync> <CReg>
ST_3 : Operation 2302 [1/1] (0.99ns) (root node of TernaryAdder)   --->   "%add_ln58_1157 = add i16 %add_ln58_1156, i16 %add_ln58_1130" [firmware/nnet_utils/nnet_dense_latency.h:58]   --->   Operation 2302 'add' 'add_ln58_1157' <Predicate = true> <Delay = 0.99> <CoreInst = "TAddSub">   --->   Core 10 'TAddSub' <Latency = 0> <II = 1> <Delay = 0.49> <IPBlock> <Opcode : 'add' 'sub'> <InPorts = 3> <OutPorts = 1> <Sync> <CReg>
ST_3 : Operation 2303 [1/1] (0.00ns) (grouped into TernaryAdder)   --->   "%add_ln58_1162 = add i16 %add_ln58_1161, i16 %add_ln58_1159" [firmware/nnet_utils/nnet_dense_latency.h:58]   --->   Operation 2303 'add' 'add_ln58_1162' <Predicate = true> <Delay = 0.00> <CoreInst = "TAddSub">   --->   Core 10 'TAddSub' <Latency = 0> <II = 1> <Delay = 0.49> <IPBlock> <Opcode : 'add' 'sub'> <InPorts = 3> <OutPorts = 1> <Sync> <CReg>
ST_3 : Operation 2304 [1/1] (0.99ns) (root node of TernaryAdder)   --->   "%add_ln58_1169 = add i16 %add_ln58_1168, i16 %add_ln58_1162" [firmware/nnet_utils/nnet_dense_latency.h:58]   --->   Operation 2304 'add' 'add_ln58_1169' <Predicate = true> <Delay = 0.99> <CoreInst = "TAddSub">   --->   Core 10 'TAddSub' <Latency = 0> <II = 1> <Delay = 0.49> <IPBlock> <Opcode : 'add' 'sub'> <InPorts = 3> <OutPorts = 1> <Sync> <CReg>
ST_3 : Operation 2305 [1/1] (0.00ns) (grouped into TernaryAdder)   --->   "%add_ln58_1175 = add i16 %add_ln58_1174, i16 %add_ln58_1171" [firmware/nnet_utils/nnet_dense_latency.h:58]   --->   Operation 2305 'add' 'add_ln58_1175' <Predicate = true> <Delay = 0.00> <CoreInst = "TAddSub">   --->   Core 10 'TAddSub' <Latency = 0> <II = 1> <Delay = 0.49> <IPBlock> <Opcode : 'add' 'sub'> <InPorts = 3> <OutPorts = 1> <Sync> <CReg>
ST_3 : Operation 2306 [1/1] (0.99ns) (root node of TernaryAdder)   --->   "%add_ln58_1182 = add i16 %add_ln58_1181, i16 %add_ln58_1175" [firmware/nnet_utils/nnet_dense_latency.h:58]   --->   Operation 2306 'add' 'add_ln58_1182' <Predicate = true> <Delay = 0.99> <CoreInst = "TAddSub">   --->   Core 10 'TAddSub' <Latency = 0> <II = 1> <Delay = 0.49> <IPBlock> <Opcode : 'add' 'sub'> <InPorts = 3> <OutPorts = 1> <Sync> <CReg>
ST_3 : Operation 2307 [1/1] (0.00ns) (grouped into TernaryAdder)   --->   "%add_ln58_1183 = add i16 %add_ln58_1182, i16 %add_ln58_1169" [firmware/nnet_utils/nnet_dense_latency.h:58]   --->   Operation 2307 'add' 'add_ln58_1183' <Predicate = true> <Delay = 0.00> <CoreInst = "TAddSub">   --->   Core 10 'TAddSub' <Latency = 0> <II = 1> <Delay = 0.49> <IPBlock> <Opcode : 'add' 'sub'> <InPorts = 3> <OutPorts = 1> <Sync> <CReg>
ST_3 : Operation 2308 [1/1] (0.00ns)   --->   "%sext_ln58_306 = sext i15 %add_ln58_1184" [firmware/nnet_utils/nnet_dense_latency.h:58]   --->   Operation 2308 'sext' 'sext_ln58_306' <Predicate = true> <Delay = 0.00>
ST_3 : Operation 2309 [1/1] (0.00ns) (grouped into TernaryAdder)   --->   "%add_ln58_1185 = add i16 %sext_ln58_306, i16 %sext_ln42_506" [firmware/nnet_utils/nnet_dense_latency.h:58]   --->   Operation 2309 'add' 'add_ln58_1185' <Predicate = true> <Delay = 0.00> <CoreInst = "TAddSub">   --->   Core 10 'TAddSub' <Latency = 0> <II = 1> <Delay = 0.49> <IPBlock> <Opcode : 'add' 'sub'> <InPorts = 3> <OutPorts = 1> <Sync> <CReg>
ST_3 : Operation 2310 [1/1] (0.99ns) (root node of TernaryAdder)   --->   "%add_ln58_1188 = add i16 %add_ln58_1187, i16 %add_ln58_1185" [firmware/nnet_utils/nnet_dense_latency.h:58]   --->   Operation 2310 'add' 'add_ln58_1188' <Predicate = true> <Delay = 0.99> <CoreInst = "TAddSub">   --->   Core 10 'TAddSub' <Latency = 0> <II = 1> <Delay = 0.49> <IPBlock> <Opcode : 'add' 'sub'> <InPorts = 3> <OutPorts = 1> <Sync> <CReg>
ST_3 : Operation 2311 [1/1] (0.00ns)   --->   "%sext_ln58_308 = sext i15 %add_ln58_1189" [firmware/nnet_utils/nnet_dense_latency.h:58]   --->   Operation 2311 'sext' 'sext_ln58_308' <Predicate = true> <Delay = 0.00>
ST_3 : Operation 2312 [1/1] (0.00ns) (grouped into TernaryAdder)   --->   "%add_ln58_1190 = add i16 %sext_ln58_308, i16 %sext_ln42_404" [firmware/nnet_utils/nnet_dense_latency.h:58]   --->   Operation 2312 'add' 'add_ln58_1190' <Predicate = true> <Delay = 0.00> <CoreInst = "TAddSub">   --->   Core 10 'TAddSub' <Latency = 0> <II = 1> <Delay = 0.49> <IPBlock> <Opcode : 'add' 'sub'> <InPorts = 3> <OutPorts = 1> <Sync> <CReg>
ST_3 : Operation 2313 [1/1] (0.99ns) (root node of TernaryAdder)   --->   "%add_ln58_1194 = add i16 %add_ln58_1193, i16 %add_ln58_1190" [firmware/nnet_utils/nnet_dense_latency.h:58]   --->   Operation 2313 'add' 'add_ln58_1194' <Predicate = true> <Delay = 0.99> <CoreInst = "TAddSub">   --->   Core 10 'TAddSub' <Latency = 0> <II = 1> <Delay = 0.49> <IPBlock> <Opcode : 'add' 'sub'> <InPorts = 3> <OutPorts = 1> <Sync> <CReg>
ST_3 : Operation 2314 [1/1] (0.00ns) (grouped into TernaryAdder)   --->   "%add_ln58_1195 = add i16 %add_ln58_1194, i16 %add_ln58_1188" [firmware/nnet_utils/nnet_dense_latency.h:58]   --->   Operation 2314 'add' 'add_ln58_1195' <Predicate = true> <Delay = 0.00> <CoreInst = "TAddSub">   --->   Core 10 'TAddSub' <Latency = 0> <II = 1> <Delay = 0.49> <IPBlock> <Opcode : 'add' 'sub'> <InPorts = 3> <OutPorts = 1> <Sync> <CReg>
ST_3 : Operation 2315 [1/1] (0.00ns)   --->   "%sext_ln58_312 = sext i15 %add_ln58_1197" [firmware/nnet_utils/nnet_dense_latency.h:58]   --->   Operation 2315 'sext' 'sext_ln58_312' <Predicate = true> <Delay = 0.00>
ST_3 : Operation 2316 [1/1] (0.00ns)   --->   "%sext_ln58_315 = sext i15 %add_ln58_1200" [firmware/nnet_utils/nnet_dense_latency.h:58]   --->   Operation 2316 'sext' 'sext_ln58_315' <Predicate = true> <Delay = 0.00>
ST_3 : Operation 2317 [1/1] (0.00ns) (grouped into TernaryAdder)   --->   "%add_ln58_1201 = add i16 %sext_ln58_315, i16 %sext_ln58_312" [firmware/nnet_utils/nnet_dense_latency.h:58]   --->   Operation 2317 'add' 'add_ln58_1201' <Predicate = true> <Delay = 0.00> <CoreInst = "TAddSub">   --->   Core 10 'TAddSub' <Latency = 0> <II = 1> <Delay = 0.49> <IPBlock> <Opcode : 'add' 'sub'> <InPorts = 3> <OutPorts = 1> <Sync> <CReg>
ST_3 : Operation 2318 [1/1] (0.00ns)   --->   "%sext_ln58_321 = sext i15 %add_ln58_1207" [firmware/nnet_utils/nnet_dense_latency.h:58]   --->   Operation 2318 'sext' 'sext_ln58_321' <Predicate = true> <Delay = 0.00>
ST_3 : Operation 2319 [1/1] (0.99ns) (root node of TernaryAdder)   --->   "%add_ln58_1208 = add i16 %sext_ln58_321, i16 %add_ln58_1201" [firmware/nnet_utils/nnet_dense_latency.h:58]   --->   Operation 2319 'add' 'add_ln58_1208' <Predicate = true> <Delay = 0.99> <CoreInst = "TAddSub">   --->   Core 10 'TAddSub' <Latency = 0> <II = 1> <Delay = 0.49> <IPBlock> <Opcode : 'add' 'sub'> <InPorts = 3> <OutPorts = 1> <Sync> <CReg>
ST_3 : Operation 2320 [1/1] (0.99ns) (root node of TernaryAdder)   --->   "%add_ln58_1209 = add i16 %add_ln58_1208, i16 %add_ln58_1195" [firmware/nnet_utils/nnet_dense_latency.h:58]   --->   Operation 2320 'add' 'add_ln58_1209' <Predicate = true> <Delay = 0.99> <CoreInst = "TAddSub">   --->   Core 10 'TAddSub' <Latency = 0> <II = 1> <Delay = 0.49> <IPBlock> <Opcode : 'add' 'sub'> <InPorts = 3> <OutPorts = 1> <Sync> <CReg>
ST_3 : Operation 2321 [1/1] (0.99ns) (root node of TernaryAdder)   --->   "%add_ln58_1210 = add i16 %add_ln58_1209, i16 %add_ln58_1183" [firmware/nnet_utils/nnet_dense_latency.h:58]   --->   Operation 2321 'add' 'add_ln58_1210' <Predicate = true> <Delay = 0.99> <CoreInst = "TAddSub">   --->   Core 10 'TAddSub' <Latency = 0> <II = 1> <Delay = 0.49> <IPBlock> <Opcode : 'add' 'sub'> <InPorts = 3> <OutPorts = 1> <Sync> <CReg>
ST_3 : Operation 2322 [1/1] (0.00ns) (grouped into TernaryAdder)   --->   "%add_ln58_1215 = add i16 %add_ln58_1214, i16 %add_ln58_1212" [firmware/nnet_utils/nnet_dense_latency.h:58]   --->   Operation 2322 'add' 'add_ln58_1215' <Predicate = true> <Delay = 0.00> <CoreInst = "TAddSub">   --->   Core 10 'TAddSub' <Latency = 0> <II = 1> <Delay = 0.49> <IPBlock> <Opcode : 'add' 'sub'> <InPorts = 3> <OutPorts = 1> <Sync> <CReg>
ST_3 : Operation 2323 [1/1] (0.99ns) (root node of TernaryAdder)   --->   "%add_ln58_1222 = add i16 %add_ln58_1221, i16 %add_ln58_1215" [firmware/nnet_utils/nnet_dense_latency.h:58]   --->   Operation 2323 'add' 'add_ln58_1222' <Predicate = true> <Delay = 0.99> <CoreInst = "TAddSub">   --->   Core 10 'TAddSub' <Latency = 0> <II = 1> <Delay = 0.49> <IPBlock> <Opcode : 'add' 'sub'> <InPorts = 3> <OutPorts = 1> <Sync> <CReg>
ST_3 : Operation 2324 [1/1] (0.00ns) (grouped into TernaryAdder)   --->   "%add_ln58_1227 = add i16 %add_ln58_1226, i16 %add_ln58_1224" [firmware/nnet_utils/nnet_dense_latency.h:58]   --->   Operation 2324 'add' 'add_ln58_1227' <Predicate = true> <Delay = 0.00> <CoreInst = "TAddSub">   --->   Core 10 'TAddSub' <Latency = 0> <II = 1> <Delay = 0.49> <IPBlock> <Opcode : 'add' 'sub'> <InPorts = 3> <OutPorts = 1> <Sync> <CReg>
ST_3 : Operation 2325 [1/1] (0.00ns) (grouped into TernaryAdder)   --->   "%add_ln58_1229 = add i16 %add_ln58_1228, i16 %sext_ln42_499" [firmware/nnet_utils/nnet_dense_latency.h:58]   --->   Operation 2325 'add' 'add_ln58_1229' <Predicate = true> <Delay = 0.00> <CoreInst = "TAddSub">   --->   Core 10 'TAddSub' <Latency = 0> <II = 1> <Delay = 0.49> <IPBlock> <Opcode : 'add' 'sub'> <InPorts = 3> <OutPorts = 1> <Sync> <CReg>
ST_3 : Operation 2326 [1/1] (0.99ns) (root node of TernaryAdder)   --->   "%add_ln58_1233 = add i16 %add_ln58_1232, i16 %add_ln58_1229" [firmware/nnet_utils/nnet_dense_latency.h:58]   --->   Operation 2326 'add' 'add_ln58_1233' <Predicate = true> <Delay = 0.99> <CoreInst = "TAddSub">   --->   Core 10 'TAddSub' <Latency = 0> <II = 1> <Delay = 0.49> <IPBlock> <Opcode : 'add' 'sub'> <InPorts = 3> <OutPorts = 1> <Sync> <CReg>
ST_3 : Operation 2327 [1/1] (0.99ns) (root node of TernaryAdder)   --->   "%add_ln58_1234 = add i16 %add_ln58_1233, i16 %add_ln58_1227" [firmware/nnet_utils/nnet_dense_latency.h:58]   --->   Operation 2327 'add' 'add_ln58_1234' <Predicate = true> <Delay = 0.99> <CoreInst = "TAddSub">   --->   Core 10 'TAddSub' <Latency = 0> <II = 1> <Delay = 0.49> <IPBlock> <Opcode : 'add' 'sub'> <InPorts = 3> <OutPorts = 1> <Sync> <CReg>
ST_3 : Operation 2328 [1/1] (0.00ns) (grouped into TernaryAdder)   --->   "%add_ln58_1235 = add i16 %add_ln58_1234, i16 %add_ln58_1222" [firmware/nnet_utils/nnet_dense_latency.h:58]   --->   Operation 2328 'add' 'add_ln58_1235' <Predicate = true> <Delay = 0.00> <CoreInst = "TAddSub">   --->   Core 10 'TAddSub' <Latency = 0> <II = 1> <Delay = 0.49> <IPBlock> <Opcode : 'add' 'sub'> <InPorts = 3> <OutPorts = 1> <Sync> <CReg>
ST_3 : Operation 2329 [1/1] (0.00ns)   --->   "%sext_ln58_324 = sext i15 %add_ln58_1236" [firmware/nnet_utils/nnet_dense_latency.h:58]   --->   Operation 2329 'sext' 'sext_ln58_324' <Predicate = true> <Delay = 0.00>
ST_3 : Operation 2330 [1/1] (0.00ns) (grouped into TernaryAdder)   --->   "%add_ln58_1237 = add i16 %sext_ln58_324, i16 %sext_ln42_438" [firmware/nnet_utils/nnet_dense_latency.h:58]   --->   Operation 2330 'add' 'add_ln58_1237' <Predicate = true> <Delay = 0.00> <CoreInst = "TAddSub">   --->   Core 10 'TAddSub' <Latency = 0> <II = 1> <Delay = 0.49> <IPBlock> <Opcode : 'add' 'sub'> <InPorts = 3> <OutPorts = 1> <Sync> <CReg>
ST_3 : Operation 2331 [1/1] (0.99ns) (root node of TernaryAdder)   --->   "%add_ln58_1240 = add i16 %add_ln58_1239, i16 %add_ln58_1237" [firmware/nnet_utils/nnet_dense_latency.h:58]   --->   Operation 2331 'add' 'add_ln58_1240' <Predicate = true> <Delay = 0.99> <CoreInst = "TAddSub">   --->   Core 10 'TAddSub' <Latency = 0> <II = 1> <Delay = 0.49> <IPBlock> <Opcode : 'add' 'sub'> <InPorts = 3> <OutPorts = 1> <Sync> <CReg>
ST_3 : Operation 2332 [1/1] (0.00ns) (grouped into TernaryAdder)   --->   "%add_ln58_1247 = add i16 %add_ln58_1246, i16 %add_ln58_1240" [firmware/nnet_utils/nnet_dense_latency.h:58]   --->   Operation 2332 'add' 'add_ln58_1247' <Predicate = true> <Delay = 0.00> <CoreInst = "TAddSub">   --->   Core 10 'TAddSub' <Latency = 0> <II = 1> <Delay = 0.49> <IPBlock> <Opcode : 'add' 'sub'> <InPorts = 3> <OutPorts = 1> <Sync> <CReg>
ST_3 : Operation 2333 [1/1] (0.00ns)   --->   "%sext_ln58_331 = sext i15 %add_ln58_1249" [firmware/nnet_utils/nnet_dense_latency.h:58]   --->   Operation 2333 'sext' 'sext_ln58_331' <Predicate = true> <Delay = 0.00>
ST_3 : Operation 2334 [1/1] (0.00ns)   --->   "%sext_ln58_333 = sext i14 %add_ln58_1251" [firmware/nnet_utils/nnet_dense_latency.h:58]   --->   Operation 2334 'sext' 'sext_ln58_333' <Predicate = true> <Delay = 0.00>
ST_3 : Operation 2335 [1/1] (0.00ns) (grouped into TernaryAdder)   --->   "%add_ln58_1252 = add i16 %sext_ln58_333, i16 %sext_ln58_331" [firmware/nnet_utils/nnet_dense_latency.h:58]   --->   Operation 2335 'add' 'add_ln58_1252' <Predicate = true> <Delay = 0.00> <CoreInst = "TAddSub">   --->   Core 10 'TAddSub' <Latency = 0> <II = 1> <Delay = 0.49> <IPBlock> <Opcode : 'add' 'sub'> <InPorts = 3> <OutPorts = 1> <Sync> <CReg>
ST_3 : Operation 2336 [1/1] (0.00ns)   --->   "%sext_ln58_339 = sext i13 %add_ln58_1258" [firmware/nnet_utils/nnet_dense_latency.h:58]   --->   Operation 2336 'sext' 'sext_ln58_339' <Predicate = true> <Delay = 0.00>
ST_3 : Operation 2337 [1/1] (0.99ns) (root node of TernaryAdder)   --->   "%add_ln58_1259 = add i16 %sext_ln58_339, i16 %add_ln58_1252" [firmware/nnet_utils/nnet_dense_latency.h:58]   --->   Operation 2337 'add' 'add_ln58_1259' <Predicate = true> <Delay = 0.99> <CoreInst = "TAddSub">   --->   Core 10 'TAddSub' <Latency = 0> <II = 1> <Delay = 0.49> <IPBlock> <Opcode : 'add' 'sub'> <InPorts = 3> <OutPorts = 1> <Sync> <CReg>
ST_3 : Operation 2338 [1/1] (0.99ns) (root node of TernaryAdder)   --->   "%add_ln58_1260 = add i16 %add_ln58_1259, i16 %add_ln58_1247" [firmware/nnet_utils/nnet_dense_latency.h:58]   --->   Operation 2338 'add' 'add_ln58_1260' <Predicate = true> <Delay = 0.99> <CoreInst = "TAddSub">   --->   Core 10 'TAddSub' <Latency = 0> <II = 1> <Delay = 0.49> <IPBlock> <Opcode : 'add' 'sub'> <InPorts = 3> <OutPorts = 1> <Sync> <CReg>
ST_3 : Operation 2339 [1/1] (0.99ns) (root node of TernaryAdder)   --->   "%add_ln58_1261 = add i16 %add_ln58_1260, i16 %add_ln58_1235" [firmware/nnet_utils/nnet_dense_latency.h:58]   --->   Operation 2339 'add' 'add_ln58_1261' <Predicate = true> <Delay = 0.99> <CoreInst = "TAddSub">   --->   Core 10 'TAddSub' <Latency = 0> <II = 1> <Delay = 0.49> <IPBlock> <Opcode : 'add' 'sub'> <InPorts = 3> <OutPorts = 1> <Sync> <CReg>
ST_3 : Operation 2340 [1/1] (0.00ns) (grouped into TernaryAdder)   --->   "%add_ln58_1266 = add i16 %add_ln58_1265, i16 %add_ln58_1263" [firmware/nnet_utils/nnet_dense_latency.h:58]   --->   Operation 2340 'add' 'add_ln58_1266' <Predicate = true> <Delay = 0.00> <CoreInst = "TAddSub">   --->   Core 10 'TAddSub' <Latency = 0> <II = 1> <Delay = 0.49> <IPBlock> <Opcode : 'add' 'sub'> <InPorts = 3> <OutPorts = 1> <Sync> <CReg>
ST_3 : Operation 2341 [1/1] (0.99ns) (root node of TernaryAdder)   --->   "%add_ln58_1273 = add i16 %add_ln58_1272, i16 %add_ln58_1266" [firmware/nnet_utils/nnet_dense_latency.h:58]   --->   Operation 2341 'add' 'add_ln58_1273' <Predicate = true> <Delay = 0.99> <CoreInst = "TAddSub">   --->   Core 10 'TAddSub' <Latency = 0> <II = 1> <Delay = 0.49> <IPBlock> <Opcode : 'add' 'sub'> <InPorts = 3> <OutPorts = 1> <Sync> <CReg>
ST_3 : Operation 2342 [1/1] (0.00ns) (grouped into TernaryAdder)   --->   "%add_ln58_1286 = add i16 %add_ln58_1285, i16 %add_ln58_1273" [firmware/nnet_utils/nnet_dense_latency.h:58]   --->   Operation 2342 'add' 'add_ln58_1286' <Predicate = true> <Delay = 0.00> <CoreInst = "TAddSub">   --->   Core 10 'TAddSub' <Latency = 0> <II = 1> <Delay = 0.49> <IPBlock> <Opcode : 'add' 'sub'> <InPorts = 3> <OutPorts = 1> <Sync> <CReg>
ST_3 : Operation 2343 [1/1] (0.00ns)   --->   "%sext_ln58_342 = sext i15 %add_ln58_1287" [firmware/nnet_utils/nnet_dense_latency.h:58]   --->   Operation 2343 'sext' 'sext_ln58_342' <Predicate = true> <Delay = 0.00>
ST_3 : Operation 2344 [1/1] (0.00ns) (grouped into TernaryAdder)   --->   "%add_ln58_1288 = add i16 %sext_ln58_342, i16 %sext_ln42_389" [firmware/nnet_utils/nnet_dense_latency.h:58]   --->   Operation 2344 'add' 'add_ln58_1288' <Predicate = true> <Delay = 0.00> <CoreInst = "TAddSub">   --->   Core 10 'TAddSub' <Latency = 0> <II = 1> <Delay = 0.49> <IPBlock> <Opcode : 'add' 'sub'> <InPorts = 3> <OutPorts = 1> <Sync> <CReg>
ST_3 : Operation 2345 [1/1] (0.99ns) (root node of TernaryAdder)   --->   "%add_ln58_1291 = add i16 %add_ln58_1290, i16 %add_ln58_1288" [firmware/nnet_utils/nnet_dense_latency.h:58]   --->   Operation 2345 'add' 'add_ln58_1291' <Predicate = true> <Delay = 0.99> <CoreInst = "TAddSub">   --->   Core 10 'TAddSub' <Latency = 0> <II = 1> <Delay = 0.49> <IPBlock> <Opcode : 'add' 'sub'> <InPorts = 3> <OutPorts = 1> <Sync> <CReg>
ST_3 : Operation 2346 [1/1] (0.00ns)   --->   "%sext_ln58_344 = sext i15 %add_ln58_1292" [firmware/nnet_utils/nnet_dense_latency.h:58]   --->   Operation 2346 'sext' 'sext_ln58_344' <Predicate = true> <Delay = 0.00>
ST_3 : Operation 2347 [1/1] (0.00ns) (grouped into TernaryAdder)   --->   "%add_ln58_1293 = add i16 %sext_ln58_344, i16 %sext_ln42_422" [firmware/nnet_utils/nnet_dense_latency.h:58]   --->   Operation 2347 'add' 'add_ln58_1293' <Predicate = true> <Delay = 0.00> <CoreInst = "TAddSub">   --->   Core 10 'TAddSub' <Latency = 0> <II = 1> <Delay = 0.49> <IPBlock> <Opcode : 'add' 'sub'> <InPorts = 3> <OutPorts = 1> <Sync> <CReg>
ST_3 : Operation 2348 [1/1] (0.99ns) (root node of TernaryAdder)   --->   "%add_ln58_1297 = add i16 %add_ln58_1296, i16 %add_ln58_1293" [firmware/nnet_utils/nnet_dense_latency.h:58]   --->   Operation 2348 'add' 'add_ln58_1297' <Predicate = true> <Delay = 0.99> <CoreInst = "TAddSub">   --->   Core 10 'TAddSub' <Latency = 0> <II = 1> <Delay = 0.49> <IPBlock> <Opcode : 'add' 'sub'> <InPorts = 3> <OutPorts = 1> <Sync> <CReg>
ST_3 : Operation 2349 [1/1] (0.00ns) (grouped into TernaryAdder)   --->   "%add_ln58_1298 = add i16 %add_ln58_1297, i16 %add_ln58_1291" [firmware/nnet_utils/nnet_dense_latency.h:58]   --->   Operation 2349 'add' 'add_ln58_1298' <Predicate = true> <Delay = 0.00> <CoreInst = "TAddSub">   --->   Core 10 'TAddSub' <Latency = 0> <II = 1> <Delay = 0.49> <IPBlock> <Opcode : 'add' 'sub'> <InPorts = 3> <OutPorts = 1> <Sync> <CReg>
ST_3 : Operation 2350 [1/1] (0.00ns)   --->   "%sext_ln58_348 = sext i15 %add_ln58_1300" [firmware/nnet_utils/nnet_dense_latency.h:58]   --->   Operation 2350 'sext' 'sext_ln58_348' <Predicate = true> <Delay = 0.00>
ST_3 : Operation 2351 [1/1] (0.00ns)   --->   "%sext_ln58_351 = sext i15 %add_ln58_1303" [firmware/nnet_utils/nnet_dense_latency.h:58]   --->   Operation 2351 'sext' 'sext_ln58_351' <Predicate = true> <Delay = 0.00>
ST_3 : Operation 2352 [1/1] (0.00ns) (grouped into TernaryAdder)   --->   "%add_ln58_1304 = add i16 %sext_ln58_351, i16 %sext_ln58_348" [firmware/nnet_utils/nnet_dense_latency.h:58]   --->   Operation 2352 'add' 'add_ln58_1304' <Predicate = true> <Delay = 0.00> <CoreInst = "TAddSub">   --->   Core 10 'TAddSub' <Latency = 0> <II = 1> <Delay = 0.49> <IPBlock> <Opcode : 'add' 'sub'> <InPorts = 3> <OutPorts = 1> <Sync> <CReg>
ST_3 : Operation 2353 [1/1] (0.00ns)   --->   "%sext_ln58_356 = sext i15 %add_ln58_1310" [firmware/nnet_utils/nnet_dense_latency.h:58]   --->   Operation 2353 'sext' 'sext_ln58_356' <Predicate = true> <Delay = 0.00>
ST_3 : Operation 2354 [1/1] (0.99ns) (root node of TernaryAdder)   --->   "%add_ln58_1311 = add i16 %sext_ln58_356, i16 %add_ln58_1304" [firmware/nnet_utils/nnet_dense_latency.h:58]   --->   Operation 2354 'add' 'add_ln58_1311' <Predicate = true> <Delay = 0.99> <CoreInst = "TAddSub">   --->   Core 10 'TAddSub' <Latency = 0> <II = 1> <Delay = 0.49> <IPBlock> <Opcode : 'add' 'sub'> <InPorts = 3> <OutPorts = 1> <Sync> <CReg>
ST_3 : Operation 2355 [1/1] (0.99ns) (root node of TernaryAdder)   --->   "%add_ln58_1312 = add i16 %add_ln58_1311, i16 %add_ln58_1298" [firmware/nnet_utils/nnet_dense_latency.h:58]   --->   Operation 2355 'add' 'add_ln58_1312' <Predicate = true> <Delay = 0.99> <CoreInst = "TAddSub">   --->   Core 10 'TAddSub' <Latency = 0> <II = 1> <Delay = 0.49> <IPBlock> <Opcode : 'add' 'sub'> <InPorts = 3> <OutPorts = 1> <Sync> <CReg>
ST_3 : Operation 2356 [1/1] (0.99ns) (root node of TernaryAdder)   --->   "%add_ln58_1313 = add i16 %add_ln58_1312, i16 %add_ln58_1286" [firmware/nnet_utils/nnet_dense_latency.h:58]   --->   Operation 2356 'add' 'add_ln58_1313' <Predicate = true> <Delay = 0.99> <CoreInst = "TAddSub">   --->   Core 10 'TAddSub' <Latency = 0> <II = 1> <Delay = 0.49> <IPBlock> <Opcode : 'add' 'sub'> <InPorts = 3> <OutPorts = 1> <Sync> <CReg>
ST_3 : Operation 2357 [1/1] (0.00ns) (grouped into TernaryAdder)   --->   "%add_ln58_1330 = add i16 %add_ln58_1329, i16 %add_ln58_1327" [firmware/nnet_utils/nnet_dense_latency.h:58]   --->   Operation 2357 'add' 'add_ln58_1330' <Predicate = true> <Delay = 0.00> <CoreInst = "TAddSub">   --->   Core 10 'TAddSub' <Latency = 0> <II = 1> <Delay = 0.49> <IPBlock> <Opcode : 'add' 'sub'> <InPorts = 3> <OutPorts = 1> <Sync> <CReg>
ST_3 : Operation 2358 [1/1] (0.99ns) (root node of TernaryAdder)   --->   "%add_ln58_1337 = add i16 %add_ln58_1336, i16 %add_ln58_1330" [firmware/nnet_utils/nnet_dense_latency.h:58]   --->   Operation 2358 'add' 'add_ln58_1337' <Predicate = true> <Delay = 0.99> <CoreInst = "TAddSub">   --->   Core 10 'TAddSub' <Latency = 0> <II = 1> <Delay = 0.49> <IPBlock> <Opcode : 'add' 'sub'> <InPorts = 3> <OutPorts = 1> <Sync> <CReg>
ST_3 : Operation 2359 [1/1] (0.00ns) (grouped into TernaryAdder)   --->   "%add_ln58_1338 = add i16 %add_ln58_1337, i16 %add_ln58_1325" [firmware/nnet_utils/nnet_dense_latency.h:58]   --->   Operation 2359 'add' 'add_ln58_1338' <Predicate = true> <Delay = 0.00> <CoreInst = "TAddSub">   --->   Core 10 'TAddSub' <Latency = 0> <II = 1> <Delay = 0.49> <IPBlock> <Opcode : 'add' 'sub'> <InPorts = 3> <OutPorts = 1> <Sync> <CReg>
ST_3 : Operation 2360 [1/1] (0.00ns)   --->   "%sext_ln58_358 = sext i15 %add_ln58_1344" [firmware/nnet_utils/nnet_dense_latency.h:58]   --->   Operation 2360 'sext' 'sext_ln58_358' <Predicate = true> <Delay = 0.00>
ST_3 : Operation 2361 [1/1] (0.00ns) (grouped into TernaryAdder)   --->   "%add_ln58_1345 = add i16 %sext_ln58_358, i16 %sext_ln42_398" [firmware/nnet_utils/nnet_dense_latency.h:58]   --->   Operation 2361 'add' 'add_ln58_1345' <Predicate = true> <Delay = 0.00> <CoreInst = "TAddSub">   --->   Core 10 'TAddSub' <Latency = 0> <II = 1> <Delay = 0.49> <IPBlock> <Opcode : 'add' 'sub'> <InPorts = 3> <OutPorts = 1> <Sync> <CReg>
ST_3 : Operation 2362 [1/1] (0.99ns) (root node of TernaryAdder)   --->   "%add_ln58_1349 = add i16 %add_ln58_1348, i16 %add_ln58_1345" [firmware/nnet_utils/nnet_dense_latency.h:58]   --->   Operation 2362 'add' 'add_ln58_1349' <Predicate = true> <Delay = 0.99> <CoreInst = "TAddSub">   --->   Core 10 'TAddSub' <Latency = 0> <II = 1> <Delay = 0.49> <IPBlock> <Opcode : 'add' 'sub'> <InPorts = 3> <OutPorts = 1> <Sync> <CReg>
ST_3 : Operation 2363 [1/1] (0.00ns) (grouped into TernaryAdder)   --->   "%add_ln58_1350 = add i16 %add_ln58_1349, i16 %add_ln58_1343" [firmware/nnet_utils/nnet_dense_latency.h:58]   --->   Operation 2363 'add' 'add_ln58_1350' <Predicate = true> <Delay = 0.00> <CoreInst = "TAddSub">   --->   Core 10 'TAddSub' <Latency = 0> <II = 1> <Delay = 0.49> <IPBlock> <Opcode : 'add' 'sub'> <InPorts = 3> <OutPorts = 1> <Sync> <CReg>
ST_3 : Operation 2364 [1/1] (0.00ns)   --->   "%sext_ln58_362 = sext i15 %add_ln58_1352" [firmware/nnet_utils/nnet_dense_latency.h:58]   --->   Operation 2364 'sext' 'sext_ln58_362' <Predicate = true> <Delay = 0.00>
ST_3 : Operation 2365 [1/1] (0.00ns)   --->   "%sext_ln58_365 = sext i15 %add_ln58_1355" [firmware/nnet_utils/nnet_dense_latency.h:58]   --->   Operation 2365 'sext' 'sext_ln58_365' <Predicate = true> <Delay = 0.00>
ST_3 : Operation 2366 [1/1] (0.00ns) (grouped into TernaryAdder)   --->   "%add_ln58_1356 = add i16 %sext_ln58_365, i16 %sext_ln58_362" [firmware/nnet_utils/nnet_dense_latency.h:58]   --->   Operation 2366 'add' 'add_ln58_1356' <Predicate = true> <Delay = 0.00> <CoreInst = "TAddSub">   --->   Core 10 'TAddSub' <Latency = 0> <II = 1> <Delay = 0.49> <IPBlock> <Opcode : 'add' 'sub'> <InPorts = 3> <OutPorts = 1> <Sync> <CReg>
ST_3 : Operation 2367 [1/1] (0.00ns)   --->   "%sext_ln58_370 = sext i15 %add_ln58_1362" [firmware/nnet_utils/nnet_dense_latency.h:58]   --->   Operation 2367 'sext' 'sext_ln58_370' <Predicate = true> <Delay = 0.00>
ST_3 : Operation 2368 [1/1] (0.99ns) (root node of TernaryAdder)   --->   "%add_ln58_1363 = add i16 %sext_ln58_370, i16 %add_ln58_1356" [firmware/nnet_utils/nnet_dense_latency.h:58]   --->   Operation 2368 'add' 'add_ln58_1363' <Predicate = true> <Delay = 0.99> <CoreInst = "TAddSub">   --->   Core 10 'TAddSub' <Latency = 0> <II = 1> <Delay = 0.49> <IPBlock> <Opcode : 'add' 'sub'> <InPorts = 3> <OutPorts = 1> <Sync> <CReg>
ST_3 : Operation 2369 [1/1] (0.99ns) (root node of TernaryAdder)   --->   "%add_ln58_1364 = add i16 %add_ln58_1363, i16 %add_ln58_1350" [firmware/nnet_utils/nnet_dense_latency.h:58]   --->   Operation 2369 'add' 'add_ln58_1364' <Predicate = true> <Delay = 0.99> <CoreInst = "TAddSub">   --->   Core 10 'TAddSub' <Latency = 0> <II = 1> <Delay = 0.49> <IPBlock> <Opcode : 'add' 'sub'> <InPorts = 3> <OutPorts = 1> <Sync> <CReg>
ST_3 : Operation 2370 [1/1] (0.99ns) (root node of TernaryAdder)   --->   "%add_ln58_1365 = add i16 %add_ln58_1364, i16 %add_ln58_1338" [firmware/nnet_utils/nnet_dense_latency.h:58]   --->   Operation 2370 'add' 'add_ln58_1365' <Predicate = true> <Delay = 0.99> <CoreInst = "TAddSub">   --->   Core 10 'TAddSub' <Latency = 0> <II = 1> <Delay = 0.49> <IPBlock> <Opcode : 'add' 'sub'> <InPorts = 3> <OutPorts = 1> <Sync> <CReg>
ST_3 : Operation 2371 [1/1] (0.00ns) (grouped into TernaryAdder)   --->   "%add_ln58_1370 = add i16 %add_ln58_1369, i16 %add_ln58_1367" [firmware/nnet_utils/nnet_dense_latency.h:58]   --->   Operation 2371 'add' 'add_ln58_1370' <Predicate = true> <Delay = 0.00> <CoreInst = "TAddSub">   --->   Core 10 'TAddSub' <Latency = 0> <II = 1> <Delay = 0.49> <IPBlock> <Opcode : 'add' 'sub'> <InPorts = 3> <OutPorts = 1> <Sync> <CReg>
ST_3 : Operation 2372 [1/1] (0.99ns) (root node of TernaryAdder)   --->   "%add_ln58_1377 = add i16 %add_ln58_1376, i16 %add_ln58_1370" [firmware/nnet_utils/nnet_dense_latency.h:58]   --->   Operation 2372 'add' 'add_ln58_1377' <Predicate = true> <Delay = 0.99> <CoreInst = "TAddSub">   --->   Core 10 'TAddSub' <Latency = 0> <II = 1> <Delay = 0.49> <IPBlock> <Opcode : 'add' 'sub'> <InPorts = 3> <OutPorts = 1> <Sync> <CReg>
ST_3 : Operation 2373 [1/1] (0.00ns) (grouped into TernaryAdder)   --->   "%add_ln58_1383 = add i16 %add_ln58_1382, i16 %add_ln58_1379" [firmware/nnet_utils/nnet_dense_latency.h:58]   --->   Operation 2373 'add' 'add_ln58_1383' <Predicate = true> <Delay = 0.00> <CoreInst = "TAddSub">   --->   Core 10 'TAddSub' <Latency = 0> <II = 1> <Delay = 0.49> <IPBlock> <Opcode : 'add' 'sub'> <InPorts = 3> <OutPorts = 1> <Sync> <CReg>
ST_3 : Operation 2374 [1/1] (0.99ns) (root node of TernaryAdder)   --->   "%add_ln58_1390 = add i16 %add_ln58_1389, i16 %add_ln58_1383" [firmware/nnet_utils/nnet_dense_latency.h:58]   --->   Operation 2374 'add' 'add_ln58_1390' <Predicate = true> <Delay = 0.99> <CoreInst = "TAddSub">   --->   Core 10 'TAddSub' <Latency = 0> <II = 1> <Delay = 0.49> <IPBlock> <Opcode : 'add' 'sub'> <InPorts = 3> <OutPorts = 1> <Sync> <CReg>
ST_3 : Operation 2375 [1/1] (0.00ns) (grouped into TernaryAdder)   --->   "%add_ln58_1391 = add i16 %add_ln58_1390, i16 %add_ln58_1377" [firmware/nnet_utils/nnet_dense_latency.h:58]   --->   Operation 2375 'add' 'add_ln58_1391' <Predicate = true> <Delay = 0.00> <CoreInst = "TAddSub">   --->   Core 10 'TAddSub' <Latency = 0> <II = 1> <Delay = 0.49> <IPBlock> <Opcode : 'add' 'sub'> <InPorts = 3> <OutPorts = 1> <Sync> <CReg>
ST_3 : Operation 2376 [1/1] (0.00ns) (grouped into TernaryAdder)   --->   "%add_ln58_1393 = add i16 %add_ln58_1392, i16 %sext_ln42_470" [firmware/nnet_utils/nnet_dense_latency.h:58]   --->   Operation 2376 'add' 'add_ln58_1393' <Predicate = true> <Delay = 0.00> <CoreInst = "TAddSub">   --->   Core 10 'TAddSub' <Latency = 0> <II = 1> <Delay = 0.49> <IPBlock> <Opcode : 'add' 'sub'> <InPorts = 3> <OutPorts = 1> <Sync> <CReg>
ST_3 : Operation 2377 [1/1] (0.99ns) (root node of TernaryAdder)   --->   "%add_ln58_1396 = add i16 %add_ln58_1395, i16 %add_ln58_1393" [firmware/nnet_utils/nnet_dense_latency.h:58]   --->   Operation 2377 'add' 'add_ln58_1396' <Predicate = true> <Delay = 0.99> <CoreInst = "TAddSub">   --->   Core 10 'TAddSub' <Latency = 0> <II = 1> <Delay = 0.49> <IPBlock> <Opcode : 'add' 'sub'> <InPorts = 3> <OutPorts = 1> <Sync> <CReg>
ST_3 : Operation 2378 [1/1] (0.00ns)   --->   "%sext_ln58_372 = sext i15 %add_ln58_1397" [firmware/nnet_utils/nnet_dense_latency.h:58]   --->   Operation 2378 'sext' 'sext_ln58_372' <Predicate = true> <Delay = 0.00>
ST_3 : Operation 2379 [1/1] (0.00ns) (grouped into TernaryAdder)   --->   "%add_ln58_1398 = add i16 %sext_ln58_372, i16 %sext_ln42_393" [firmware/nnet_utils/nnet_dense_latency.h:58]   --->   Operation 2379 'add' 'add_ln58_1398' <Predicate = true> <Delay = 0.00> <CoreInst = "TAddSub">   --->   Core 10 'TAddSub' <Latency = 0> <II = 1> <Delay = 0.49> <IPBlock> <Opcode : 'add' 'sub'> <InPorts = 3> <OutPorts = 1> <Sync> <CReg>
ST_3 : Operation 2380 [1/1] (0.99ns) (root node of TernaryAdder)   --->   "%add_ln58_1402 = add i16 %add_ln58_1401, i16 %add_ln58_1398" [firmware/nnet_utils/nnet_dense_latency.h:58]   --->   Operation 2380 'add' 'add_ln58_1402' <Predicate = true> <Delay = 0.99> <CoreInst = "TAddSub">   --->   Core 10 'TAddSub' <Latency = 0> <II = 1> <Delay = 0.49> <IPBlock> <Opcode : 'add' 'sub'> <InPorts = 3> <OutPorts = 1> <Sync> <CReg>
ST_3 : Operation 2381 [1/1] (0.00ns) (grouped into TernaryAdder)   --->   "%add_ln58_1403 = add i16 %add_ln58_1402, i16 %add_ln58_1396" [firmware/nnet_utils/nnet_dense_latency.h:58]   --->   Operation 2381 'add' 'add_ln58_1403' <Predicate = true> <Delay = 0.00> <CoreInst = "TAddSub">   --->   Core 10 'TAddSub' <Latency = 0> <II = 1> <Delay = 0.49> <IPBlock> <Opcode : 'add' 'sub'> <InPorts = 3> <OutPorts = 1> <Sync> <CReg>
ST_3 : Operation 2382 [1/1] (0.00ns)   --->   "%sext_ln58_376 = sext i15 %add_ln58_1405" [firmware/nnet_utils/nnet_dense_latency.h:58]   --->   Operation 2382 'sext' 'sext_ln58_376' <Predicate = true> <Delay = 0.00>
ST_3 : Operation 2383 [1/1] (0.00ns)   --->   "%sext_ln58_379 = sext i15 %add_ln58_1408" [firmware/nnet_utils/nnet_dense_latency.h:58]   --->   Operation 2383 'sext' 'sext_ln58_379' <Predicate = true> <Delay = 0.00>
ST_3 : Operation 2384 [1/1] (0.00ns) (grouped into TernaryAdder)   --->   "%add_ln58_1409 = add i16 %sext_ln58_379, i16 %sext_ln58_376" [firmware/nnet_utils/nnet_dense_latency.h:58]   --->   Operation 2384 'add' 'add_ln58_1409' <Predicate = true> <Delay = 0.00> <CoreInst = "TAddSub">   --->   Core 10 'TAddSub' <Latency = 0> <II = 1> <Delay = 0.49> <IPBlock> <Opcode : 'add' 'sub'> <InPorts = 3> <OutPorts = 1> <Sync> <CReg>
ST_3 : Operation 2385 [1/1] (0.00ns)   --->   "%sext_ln58_385 = sext i15 %add_ln58_1415" [firmware/nnet_utils/nnet_dense_latency.h:58]   --->   Operation 2385 'sext' 'sext_ln58_385' <Predicate = true> <Delay = 0.00>
ST_3 : Operation 2386 [1/1] (0.99ns) (root node of TernaryAdder)   --->   "%add_ln58_1416 = add i16 %sext_ln58_385, i16 %add_ln58_1409" [firmware/nnet_utils/nnet_dense_latency.h:58]   --->   Operation 2386 'add' 'add_ln58_1416' <Predicate = true> <Delay = 0.99> <CoreInst = "TAddSub">   --->   Core 10 'TAddSub' <Latency = 0> <II = 1> <Delay = 0.49> <IPBlock> <Opcode : 'add' 'sub'> <InPorts = 3> <OutPorts = 1> <Sync> <CReg>
ST_3 : Operation 2387 [1/1] (0.99ns) (root node of TernaryAdder)   --->   "%add_ln58_1417 = add i16 %add_ln58_1416, i16 %add_ln58_1403" [firmware/nnet_utils/nnet_dense_latency.h:58]   --->   Operation 2387 'add' 'add_ln58_1417' <Predicate = true> <Delay = 0.99> <CoreInst = "TAddSub">   --->   Core 10 'TAddSub' <Latency = 0> <II = 1> <Delay = 0.49> <IPBlock> <Opcode : 'add' 'sub'> <InPorts = 3> <OutPorts = 1> <Sync> <CReg>
ST_3 : Operation 2388 [1/1] (0.99ns) (root node of TernaryAdder)   --->   "%add_ln58_1418 = add i16 %add_ln58_1417, i16 %add_ln58_1391" [firmware/nnet_utils/nnet_dense_latency.h:58]   --->   Operation 2388 'add' 'add_ln58_1418' <Predicate = true> <Delay = 0.99> <CoreInst = "TAddSub">   --->   Core 10 'TAddSub' <Latency = 0> <II = 1> <Delay = 0.49> <IPBlock> <Opcode : 'add' 'sub'> <InPorts = 3> <OutPorts = 1> <Sync> <CReg>
ST_3 : Operation 2389 [1/1] (0.00ns)   --->   "%mrv_i = insertvalue i128 <undef>, i16 %add_ln58_1052" [firmware/nnet_utils/nnet_dense_latency.h:68]   --->   Operation 2389 'insertvalue' 'mrv_i' <Predicate = true> <Delay = 0.00>
ST_3 : Operation 2390 [1/1] (0.00ns)   --->   "%mrv_1_i = insertvalue i128 %mrv_i, i16 %add_ln58_1105" [firmware/nnet_utils/nnet_dense_latency.h:68]   --->   Operation 2390 'insertvalue' 'mrv_1_i' <Predicate = true> <Delay = 0.00>
ST_3 : Operation 2391 [1/1] (0.00ns)   --->   "%mrv_2_i = insertvalue i128 %mrv_1_i, i16 %add_ln58_1157" [firmware/nnet_utils/nnet_dense_latency.h:68]   --->   Operation 2391 'insertvalue' 'mrv_2_i' <Predicate = true> <Delay = 0.00>
ST_3 : Operation 2392 [1/1] (0.00ns)   --->   "%mrv_3_i = insertvalue i128 %mrv_2_i, i16 %add_ln58_1210" [firmware/nnet_utils/nnet_dense_latency.h:68]   --->   Operation 2392 'insertvalue' 'mrv_3_i' <Predicate = true> <Delay = 0.00>
ST_3 : Operation 2393 [1/1] (0.00ns)   --->   "%mrv_4_i = insertvalue i128 %mrv_3_i, i16 %add_ln58_1261" [firmware/nnet_utils/nnet_dense_latency.h:68]   --->   Operation 2393 'insertvalue' 'mrv_4_i' <Predicate = true> <Delay = 0.00>
ST_3 : Operation 2394 [1/1] (0.00ns)   --->   "%mrv_5_i = insertvalue i128 %mrv_4_i, i16 %add_ln58_1313" [firmware/nnet_utils/nnet_dense_latency.h:68]   --->   Operation 2394 'insertvalue' 'mrv_5_i' <Predicate = true> <Delay = 0.00>
ST_3 : Operation 2395 [1/1] (0.00ns)   --->   "%mrv_6_i = insertvalue i128 %mrv_5_i, i16 %add_ln58_1365" [firmware/nnet_utils/nnet_dense_latency.h:68]   --->   Operation 2395 'insertvalue' 'mrv_6_i' <Predicate = true> <Delay = 0.00>
ST_3 : Operation 2396 [1/1] (0.00ns)   --->   "%mrv_7_i = insertvalue i128 %mrv_6_i, i16 %add_ln58_1418" [firmware/nnet_utils/nnet_dense_latency.h:68]   --->   Operation 2396 'insertvalue' 'mrv_7_i' <Predicate = true> <Delay = 0.00>
ST_3 : Operation 2397 [1/1] (0.00ns)   --->   "%ret_ln26 = ret i128 %mrv_7_i" [firmware/nnet_utils/nnet_dense_latency.h:26]   --->   Operation 2397 'ret' 'ret_ln26' <Predicate = true> <Delay = 0.00>


============================================================
+ Verbose Summary: Timing violations
============================================================
Target clock period: 5.000ns, clock uncertainty: 1.350ns.

 <State 1>: 3.570ns
The critical path consists of the following:
	'load' operation 16 bit ('a') on static variable 'void_compute_output_buffer_2d_array_const_ap_shift_reg_n_chan_stream_weig_19' [57]  (0.000 ns)
	'mul' operation 21 bit ('mul_ln73', firmware/nnet_utils/nnet_mult.h:73->firmware/nnet_utils/nnet_dense_latency.h:42) [63]  (3.570 ns)

 <State 2>: 3.456ns
The critical path consists of the following:
	'sub' operation 20 bit ('sub_ln73_581', firmware/nnet_utils/nnet_mult.h:73->firmware/nnet_utils/nnet_dense_latency.h:42) [1211]  (1.432 ns)
	'add' operation 15 bit ('add_ln58_1098', firmware/nnet_utils/nnet_dense_latency.h:58) [2021]  (0.000 ns)
	'add' operation 15 bit ('add_ln58_1102', firmware/nnet_utils/nnet_dense_latency.h:58) [2028]  (1.026 ns)
	'add' operation 16 bit ('add_ln58_1103', firmware/nnet_utils/nnet_dense_latency.h:58) [2030]  (0.999 ns)

 <State 3>: 2.997ns
The critical path consists of the following:
	'add' operation 16 bit ('add_ln58_1019', firmware/nnet_utils/nnet_dense_latency.h:58) [1914]  (0.000 ns)
	'add' operation 16 bit ('add_ln58_1023', firmware/nnet_utils/nnet_dense_latency.h:58) [1920]  (0.999 ns)
	'add' operation 16 bit ('add_ln58_1024', firmware/nnet_utils/nnet_dense_latency.h:58) [1921]  (0.999 ns)
	'add' operation 16 bit ('add_ln58_1025', firmware/nnet_utils/nnet_dense_latency.h:58) [1922]  (0.000 ns)
	'add' operation 16 bit ('add_ln58_1052', firmware/nnet_utils/nnet_dense_latency.h:58) [1967]  (0.999 ns)


============================================================
+ Verbose Summary: Binding
============================================================
N/A
* FSMD analyzer results:
  - Output states:
 - Input state : 
  - Chain level:
	State 1
	State 2
	State 3


============================================================
+ Verbose Summary: Datapath Resource usage 
============================================================
N/A
