

================================================================
== Vitis HLS Report for 'dense_latency_ap_fixed_ap_fixed_30_12_5_3_0_config36_mult_s'
================================================================
* Date:           Fri Apr 24 00:22:59 2026

* Version:        2025.2 (Build 6295257 on Nov 14 2025)
* Project:        folo_prj
* Solution:       solution1 (Vivado IP Flow Target)
* Product family: kintexu
* Target device:  xcku035-fbva676-2-e


================================================================
== Performance Estimates
================================================================
+ Timing: 
    * Summary: 
    +--------+---------+----------+------------+
    |  Clock |  Target | Estimated| Uncertainty|
    +--------+---------+----------+------------+
    |ap_clk  |  5.00 ns|  3.539 ns|     1.35 ns|
    +--------+---------+----------+------------+

+ Latency: 
    * Summary: 
    +---------+---------+-----------+-----------+-----+-----+---------+
    |  Latency (cycles) |   Latency (absolute)  |  Interval | Pipeline|
    |   min   |   max   |    min    |    max    | min | max |   Type  |
    +---------+---------+-----------+-----------+-----+-----+---------+
    |        7|        7|  35.000 ns|  35.000 ns|    8|    8|      yes|
    +---------+---------+-----------+-----------+-----+-----+---------+

    + Detail: 
        * Instance: 
        N/A

        * Loop: 
        N/A

============================================================
+ Verbose Summary: Synthesis Manager
============================================================
InlineROM: 1
ExposeGlobal: 0
============================================================
+ Verbose Summary: CDFG Model
============================================================
IsTopModel: 0
ResetActiveHigh: 1
IsCombinational: 0
IsDatapathOnly: 0
HasWiredReturn: 1
HasMFsm: 2
HasVarLatency: 0
IsPipeline: 1
IsRtlPipelined: 0
IsInstanceOverlapped: 0
IsDontTouch: 0
HasImplIP: 0
IsGatedGlobalClock: 0

+ Individual pipeline summary: 
  * Pipeline-0: initiation interval (II) = 8, depth = 8


============================================================
+ Verbose Summary: Schedule
============================================================
* Number of FSM states : 8
* Pipeline : 1
  Pipeline-0 : II = 8, D = 8, States = { 1 2 3 4 5 6 7 8 }
* Dataflow Pipeline: 0

* FSM state transitions: 
1 --> 2 
2 --> 3 
3 --> 4 
4 --> 5 
5 --> 6 
6 --> 7 
7 --> 8 
8 --> 

* FSM state operations: 

State 1 <SV = 0> <Delay = 2.52>
ST_1 : Operation 9 [1/1] (0.00ns)   --->   "%data_1_val_read = read i10 @_ssdm_op_Read.ap_auto.i10, i10 %data_1_val" [firmware/nnet_utils/nnet_mult.h:70->firmware/nnet_utils/nnet_dense_latency.h:42]   --->   Operation 9 'read' 'data_1_val_read' <Predicate = true> <Delay = 0.00>
ST_1 : Operation 10 [1/1] (0.00ns)   --->   "%data_0_val_read = read i10 @_ssdm_op_Read.ap_auto.i10, i10 %data_0_val" [firmware/nnet_utils/nnet_mult.h:70->firmware/nnet_utils/nnet_dense_latency.h:42]   --->   Operation 10 'read' 'data_0_val_read' <Predicate = true> <Delay = 0.00>
ST_1 : Operation 11 [1/1] (0.00ns)   --->   "%sext_ln73_16 = sext i10 %data_0_val_read" [firmware/nnet_utils/nnet_mult.h:73->firmware/nnet_utils/nnet_dense_latency.h:42]   --->   Operation 11 'sext' 'sext_ln73_16' <Predicate = true> <Delay = 0.00>
ST_1 : Operation 12 [1/1] (0.00ns)   --->   "%sext_ln73_18 = sext i10 %data_0_val_read" [firmware/nnet_utils/nnet_mult.h:73->firmware/nnet_utils/nnet_dense_latency.h:42]   --->   Operation 12 'sext' 'sext_ln73_18' <Predicate = true> <Delay = 0.00>
ST_1 : Operation 13 [1/1] (2.52ns)   --->   "%mul_ln73 = mul i18 %sext_ln73_18, i18 122" [firmware/nnet_utils/nnet_mult.h:73->firmware/nnet_utils/nnet_dense_latency.h:42]   --->   Operation 13 'mul' 'mul_ln73' <Predicate = true> <Delay = 2.52> <CoreInst = "Multiplier">   --->   Core 3 'Multiplier' <Latency = 0> <II = 1> <Delay = 3.40> <FuncUnit> <Opcode : 'mul'> <InPorts = 2> <OutPorts = 1>
ST_1 : Operation 14 [1/1] (2.52ns)   --->   "%mul_ln73_27 = mul i20 %sext_ln73_16, i20 442" [firmware/nnet_utils/nnet_mult.h:73->firmware/nnet_utils/nnet_dense_latency.h:42]   --->   Operation 14 'mul' 'mul_ln73_27' <Predicate = true> <Delay = 2.52> <CoreInst = "Multiplier">   --->   Core 3 'Multiplier' <Latency = 0> <II = 1> <Delay = 3.43> <FuncUnit> <Opcode : 'mul'> <InPorts = 2> <OutPorts = 1>
ST_1 : Operation 15 [1/1] (0.00ns)   --->   "%sext_ln73_19 = sext i10 %data_0_val_read" [firmware/nnet_utils/nnet_mult.h:73->firmware/nnet_utils/nnet_dense_latency.h:42]   --->   Operation 15 'sext' 'sext_ln73_19' <Predicate = true> <Delay = 0.00>
ST_1 : Operation 16 [1/1] (2.52ns)   --->   "%mul_ln73_29 = mul i19 %sext_ln73_19, i19 479" [firmware/nnet_utils/nnet_mult.h:73->firmware/nnet_utils/nnet_dense_latency.h:42]   --->   Operation 16 'mul' 'mul_ln73_29' <Predicate = true> <Delay = 2.52> <CoreInst = "Multiplier">   --->   Core 3 'Multiplier' <Latency = 0> <II = 1> <Delay = 3.40> <FuncUnit> <Opcode : 'mul'> <InPorts = 2> <OutPorts = 1>
ST_1 : Operation 17 [1/1] (2.52ns)   --->   "%mul_ln73_30 = mul i18 %sext_ln73_18, i18 155" [firmware/nnet_utils/nnet_mult.h:73->firmware/nnet_utils/nnet_dense_latency.h:42]   --->   Operation 17 'mul' 'mul_ln73_30' <Predicate = true> <Delay = 2.52> <CoreInst = "Multiplier">   --->   Core 3 'Multiplier' <Latency = 0> <II = 1> <Delay = 3.40> <FuncUnit> <Opcode : 'mul'> <InPorts = 2> <OutPorts = 1>
ST_1 : Operation 18 [1/1] (2.52ns)   --->   "%mul_ln70 = mul i18 %sext_ln73_18, i18 141" [firmware/nnet_utils/nnet_mult.h:70->firmware/nnet_utils/nnet_dense_latency.h:42]   --->   Operation 18 'mul' 'mul_ln70' <Predicate = true> <Delay = 2.52> <CoreInst = "Multiplier">   --->   Core 3 'Multiplier' <Latency = 0> <II = 1> <Delay = 3.40> <FuncUnit> <Opcode : 'mul'> <InPorts = 2> <OutPorts = 1>
ST_1 : Operation 19 [1/1] (0.00ns)   --->   "%sext_ln73_23 = sext i10 %data_1_val_read" [firmware/nnet_utils/nnet_mult.h:73->firmware/nnet_utils/nnet_dense_latency.h:42]   --->   Operation 19 'sext' 'sext_ln73_23' <Predicate = true> <Delay = 0.00>
ST_1 : Operation 20 [1/1] (2.52ns)   --->   "%mul_ln73_33 = mul i19 %sext_ln73_23, i19 220" [firmware/nnet_utils/nnet_mult.h:73->firmware/nnet_utils/nnet_dense_latency.h:42]   --->   Operation 20 'mul' 'mul_ln73_33' <Predicate = true> <Delay = 2.52> <CoreInst = "Multiplier">   --->   Core 3 'Multiplier' <Latency = 0> <II = 1> <Delay = 3.40> <FuncUnit> <Opcode : 'mul'> <InPorts = 2> <OutPorts = 1>
ST_1 : Operation 21 [1/1] (2.52ns)   --->   "%mul_ln73_35 = mul i19 %sext_ln73_23, i19 524002" [firmware/nnet_utils/nnet_mult.h:73->firmware/nnet_utils/nnet_dense_latency.h:42]   --->   Operation 21 'mul' 'mul_ln73_35' <Predicate = true> <Delay = 2.52> <CoreInst = "Multiplier">   --->   Core 3 'Multiplier' <Latency = 0> <II = 1> <Delay = 3.40> <FuncUnit> <Opcode : 'mul'> <InPorts = 2> <OutPorts = 1>
ST_1 : Operation 22 [1/1] (2.52ns)   --->   "%mul_ln73_37 = mul i19 %sext_ln73_23, i19 524092" [firmware/nnet_utils/nnet_mult.h:73->firmware/nnet_utils/nnet_dense_latency.h:42]   --->   Operation 22 'mul' 'mul_ln73_37' <Predicate = true> <Delay = 2.52> <CoreInst = "Multiplier">   --->   Core 3 'Multiplier' <Latency = 0> <II = 1> <Delay = 3.40> <FuncUnit> <Opcode : 'mul'> <InPorts = 2> <OutPorts = 1>

State 2 <SV = 1> <Delay = 3.43>
ST_2 : Operation 23 [1/1] (0.00ns)   --->   "%data_4_val_read = read i10 @_ssdm_op_Read.ap_auto.i10, i10 %data_4_val" [firmware/nnet_utils/nnet_mult.h:70->firmware/nnet_utils/nnet_dense_latency.h:42]   --->   Operation 23 'read' 'data_4_val_read' <Predicate = true> <Delay = 0.00>
ST_2 : Operation 24 [1/1] (0.00ns)   --->   "%data_3_val_read = read i10 @_ssdm_op_Read.ap_auto.i10, i10 %data_3_val" [firmware/nnet_utils/nnet_mult.h:70->firmware/nnet_utils/nnet_dense_latency.h:42]   --->   Operation 24 'read' 'data_3_val_read' <Predicate = true> <Delay = 0.00>
ST_2 : Operation 25 [1/1] (0.00ns)   --->   "%data_2_val_read = read i10 @_ssdm_op_Read.ap_auto.i10, i10 %data_2_val" [firmware/nnet_utils/nnet_mult.h:70->firmware/nnet_utils/nnet_dense_latency.h:42]   --->   Operation 25 'read' 'data_2_val_read' <Predicate = true> <Delay = 0.00>
ST_2 : Operation 26 [1/1] (0.00ns)   --->   "%sext_ln73_28 = sext i19 %mul_ln73_37" [firmware/nnet_utils/nnet_mult.h:73->firmware/nnet_utils/nnet_dense_latency.h:42]   --->   Operation 26 'sext' 'sext_ln73_28' <Predicate = true> <Delay = 0.00>
ST_2 : Operation 27 [1/1] (0.00ns)   --->   "%sext_ln73_29 = sext i10 %data_1_val_read" [firmware/nnet_utils/nnet_mult.h:73->firmware/nnet_utils/nnet_dense_latency.h:42]   --->   Operation 27 'sext' 'sext_ln73_29' <Predicate = true> <Delay = 0.00>
ST_2 : Operation 28 [1/1] (2.52ns)   --->   "%mul_ln73_38 = mul i18 %sext_ln73_29, i18 261929" [firmware/nnet_utils/nnet_mult.h:73->firmware/nnet_utils/nnet_dense_latency.h:42]   --->   Operation 28 'mul' 'mul_ln73_38' <Predicate = true> <Delay = 2.52> <CoreInst = "Multiplier">   --->   Core 3 'Multiplier' <Latency = 0> <II = 1> <Delay = 2.52> <FuncUnit> <Opcode : 'mul'> <InPorts = 2> <OutPorts = 1>
ST_2 : Operation 29 [1/1] (0.00ns)   --->   "%sext_ln73_31 = sext i10 %data_2_val_read" [firmware/nnet_utils/nnet_mult.h:73->firmware/nnet_utils/nnet_dense_latency.h:42]   --->   Operation 29 'sext' 'sext_ln73_31' <Predicate = true> <Delay = 0.00>
ST_2 : Operation 30 [1/1] (3.43ns)   --->   "%mul_ln73_45 = mul i21 %sext_ln73_31, i21 1070" [firmware/nnet_utils/nnet_mult.h:73->firmware/nnet_utils/nnet_dense_latency.h:42]   --->   Operation 30 'mul' 'mul_ln73_45' <Predicate = true> <Delay = 3.43> <CoreInst = "Multiplier">   --->   Core 3 'Multiplier' <Latency = 0> <II = 1> <Delay = 3.43> <FuncUnit> <Opcode : 'mul'> <InPorts = 2> <OutPorts = 1>
ST_2 : Operation 31 [1/1] (0.00ns)   --->   "%sext_ln73_35 = sext i10 %data_3_val_read" [firmware/nnet_utils/nnet_mult.h:73->firmware/nnet_utils/nnet_dense_latency.h:42]   --->   Operation 31 'sext' 'sext_ln73_35' <Predicate = true> <Delay = 0.00>
ST_2 : Operation 32 [1/1] (0.00ns)   --->   "%sext_ln73_37 = sext i10 %data_3_val_read" [firmware/nnet_utils/nnet_mult.h:73->firmware/nnet_utils/nnet_dense_latency.h:42]   --->   Operation 32 'sext' 'sext_ln73_37' <Predicate = true> <Delay = 0.00>
ST_2 : Operation 33 [1/1] (0.00ns)   --->   "%sext_ln73_38 = sext i10 %data_3_val_read" [firmware/nnet_utils/nnet_mult.h:73->firmware/nnet_utils/nnet_dense_latency.h:42]   --->   Operation 33 'sext' 'sext_ln73_38' <Predicate = true> <Delay = 0.00>
ST_2 : Operation 34 [1/1] (2.52ns)   --->   "%mul_ln73_48 = mul i19 %sext_ln73_38, i19 524150" [firmware/nnet_utils/nnet_mult.h:73->firmware/nnet_utils/nnet_dense_latency.h:42]   --->   Operation 34 'mul' 'mul_ln73_48' <Predicate = true> <Delay = 2.52> <CoreInst = "Multiplier">   --->   Core 3 'Multiplier' <Latency = 0> <II = 1> <Delay = 2.52> <FuncUnit> <Opcode : 'mul'> <InPorts = 2> <OutPorts = 1>
ST_2 : Operation 35 [1/1] (2.52ns)   --->   "%mul_ln73_51 = mul i20 %sext_ln73_37, i20 278" [firmware/nnet_utils/nnet_mult.h:73->firmware/nnet_utils/nnet_dense_latency.h:42]   --->   Operation 35 'mul' 'mul_ln73_51' <Predicate = true> <Delay = 2.52> <CoreInst = "Multiplier">   --->   Core 3 'Multiplier' <Latency = 0> <II = 1> <Delay = 2.52> <FuncUnit> <Opcode : 'mul'> <InPorts = 2> <OutPorts = 1>
ST_2 : Operation 36 [1/1] (3.40ns)   --->   "%mul_ln73_53 = mul i21 %sext_ln73_35, i21 943" [firmware/nnet_utils/nnet_mult.h:73->firmware/nnet_utils/nnet_dense_latency.h:42]   --->   Operation 36 'mul' 'mul_ln73_53' <Predicate = true> <Delay = 3.40> <CoreInst = "Multiplier">   --->   Core 3 'Multiplier' <Latency = 0> <II = 1> <Delay = 3.40> <FuncUnit> <Opcode : 'mul'> <InPorts = 2> <OutPorts = 1>
ST_2 : Operation 37 [1/1] (0.00ns)   --->   "%sext_ln73_42 = sext i10 %data_4_val_read" [firmware/nnet_utils/nnet_mult.h:73->firmware/nnet_utils/nnet_dense_latency.h:42]   --->   Operation 37 'sext' 'sext_ln73_42' <Predicate = true> <Delay = 0.00>
ST_2 : Operation 38 [1/1] (0.00ns)   --->   "%sext_ln73_43 = sext i10 %data_4_val_read" [firmware/nnet_utils/nnet_mult.h:73->firmware/nnet_utils/nnet_dense_latency.h:42]   --->   Operation 38 'sext' 'sext_ln73_43' <Predicate = true> <Delay = 0.00>
ST_2 : Operation 39 [1/1] (2.52ns)   --->   "%mul_ln73_58 = mul i20 %sext_ln73_42, i20 401" [firmware/nnet_utils/nnet_mult.h:73->firmware/nnet_utils/nnet_dense_latency.h:42]   --->   Operation 39 'mul' 'mul_ln73_58' <Predicate = true> <Delay = 2.52> <CoreInst = "Multiplier">   --->   Core 3 'Multiplier' <Latency = 0> <II = 1> <Delay = 2.52> <FuncUnit> <Opcode : 'mul'> <InPorts = 2> <OutPorts = 1>
ST_2 : Operation 40 [1/1] (2.52ns)   --->   "%mul_ln73_59 = mul i20 %sext_ln73_42, i20 312" [firmware/nnet_utils/nnet_mult.h:73->firmware/nnet_utils/nnet_dense_latency.h:42]   --->   Operation 40 'mul' 'mul_ln73_59' <Predicate = true> <Delay = 2.52> <CoreInst = "Multiplier">   --->   Core 3 'Multiplier' <Latency = 0> <II = 1> <Delay = 2.52> <FuncUnit> <Opcode : 'mul'> <InPorts = 2> <OutPorts = 1>
ST_2 : Operation 41 [1/1] (3.40ns)   --->   "%mul_ln73_61 = mul i21 %sext_ln73_43, i21 907" [firmware/nnet_utils/nnet_mult.h:73->firmware/nnet_utils/nnet_dense_latency.h:42]   --->   Operation 41 'mul' 'mul_ln73_61' <Predicate = true> <Delay = 3.40> <CoreInst = "Multiplier">   --->   Core 3 'Multiplier' <Latency = 0> <II = 1> <Delay = 3.40> <FuncUnit> <Opcode : 'mul'> <InPorts = 2> <OutPorts = 1>
ST_2 : Operation 42 [1/1] (1.42ns)   --->   "%add_ln58_180 = add i18 %mul_ln73_30, i18 99072" [firmware/nnet_utils/nnet_dense_latency.h:58]   --->   Operation 42 'add' 'add_ln58_180' <Predicate = true> <Delay = 1.42> <CoreInst = "Adder">   --->   Core 1 'Adder' <Latency = 0> <II = 1> <Delay = 1.42> <FuncUnit> <Opcode : 'add' 'sub'> <InPorts = 2> <OutPorts = 1>
ST_2 : Operation 43 [1/1] (0.00ns)   --->   "%zext_ln58 = zext i18 %add_ln58_180" [firmware/nnet_utils/nnet_dense_latency.h:58]   --->   Operation 43 'zext' 'zext_ln58' <Predicate = true> <Delay = 0.00>
ST_2 : Operation 44 [1/1] (1.43ns)   --->   "%add_ln58_188 = add i20 %sext_ln73_28, i20 %zext_ln58" [firmware/nnet_utils/nnet_dense_latency.h:58]   --->   Operation 44 'add' 'add_ln58_188' <Predicate = true> <Delay = 1.43> <CoreInst = "Adder">   --->   Core 1 'Adder' <Latency = 0> <II = 1> <Delay = 1.43> <FuncUnit> <Opcode : 'add' 'sub'> <InPorts = 2> <OutPorts = 1>

State 3 <SV = 2> <Delay = 3.40>
ST_3 : Operation 45 [1/1] (0.00ns)   --->   "%data_7_val_read = read i10 @_ssdm_op_Read.ap_auto.i10, i10 %data_7_val" [firmware/nnet_utils/nnet_mult.h:70->firmware/nnet_utils/nnet_dense_latency.h:42]   --->   Operation 45 'read' 'data_7_val_read' <Predicate = true> <Delay = 0.00>
ST_3 : Operation 46 [1/1] (0.00ns)   --->   "%data_6_val_read = read i10 @_ssdm_op_Read.ap_auto.i10, i10 %data_6_val" [firmware/nnet_utils/nnet_mult.h:70->firmware/nnet_utils/nnet_dense_latency.h:42]   --->   Operation 46 'read' 'data_6_val_read' <Predicate = true> <Delay = 0.00>
ST_3 : Operation 47 [1/1] (0.00ns)   --->   "%data_5_val_read = read i10 @_ssdm_op_Read.ap_auto.i10, i10 %data_5_val" [firmware/nnet_utils/nnet_mult.h:70->firmware/nnet_utils/nnet_dense_latency.h:42]   --->   Operation 47 'read' 'data_5_val_read' <Predicate = true> <Delay = 0.00>
ST_3 : Operation 48 [1/1] (0.00ns)   --->   "%sext_ln73_22 = sext i10 %data_1_val_read" [firmware/nnet_utils/nnet_mult.h:73->firmware/nnet_utils/nnet_dense_latency.h:42]   --->   Operation 48 'sext' 'sext_ln73_22' <Predicate = true> <Delay = 0.00>
ST_3 : Operation 49 [1/1] (0.00ns)   --->   "%tmp_842 = bitconcatenate i14 @_ssdm_op_BitConcatenate.i14.i10.i4, i10 %data_1_val_read, i4 0" [firmware/nnet_utils/nnet_mult.h:73->firmware/nnet_utils/nnet_dense_latency.h:42]   --->   Operation 49 'bitconcatenate' 'tmp_842' <Predicate = true> <Delay = 0.00>
ST_3 : Operation 50 [1/1] (0.00ns)   --->   "%sext_ln73_1185 = sext i14 %tmp_842" [firmware/nnet_utils/nnet_mult.h:73->firmware/nnet_utils/nnet_dense_latency.h:42]   --->   Operation 50 'sext' 'sext_ln73_1185' <Predicate = true> <Delay = 0.00>
ST_3 : Operation 51 [1/1] (0.00ns) (grouped into TernaryAdder)   --->   "%sub_ln73_695 = sub i16 0, i16 %sext_ln73_1185" [firmware/nnet_utils/nnet_mult.h:73->firmware/nnet_utils/nnet_dense_latency.h:42]   --->   Operation 51 'sub' 'sub_ln73_695' <Predicate = true> <Delay = 0.00> <CoreInst = "TAddSub">   --->   Core 10 'TAddSub' <Latency = 0> <II = 1> <Delay = 0.51> <IPBlock> <Opcode : 'add' 'sub'> <InPorts = 3> <OutPorts = 1> <Sync> <CReg>
ST_3 : Operation 52 [1/1] (0.99ns) (root node of TernaryAdder)   --->   "%sub_ln73_696 = sub i16 %sub_ln73_695, i16 %sext_ln73_22" [firmware/nnet_utils/nnet_mult.h:73->firmware/nnet_utils/nnet_dense_latency.h:42]   --->   Operation 52 'sub' 'sub_ln73_696' <Predicate = true> <Delay = 0.99> <CoreInst = "TAddSub">   --->   Core 10 'TAddSub' <Latency = 0> <II = 1> <Delay = 0.51> <IPBlock> <Opcode : 'add' 'sub'> <InPorts = 3> <OutPorts = 1> <Sync> <CReg>
ST_3 : Operation 53 [1/1] (0.00ns)   --->   "%sext_ln73_36 = sext i10 %data_3_val_read" [firmware/nnet_utils/nnet_mult.h:73->firmware/nnet_utils/nnet_dense_latency.h:42]   --->   Operation 53 'sext' 'sext_ln73_36' <Predicate = true> <Delay = 0.00>
ST_3 : Operation 54 [1/1] (0.00ns)   --->   "%tmp_843 = bitconcatenate i13 @_ssdm_op_BitConcatenate.i13.i10.i3, i10 %data_3_val_read, i3 0" [firmware/nnet_utils/nnet_mult.h:73->firmware/nnet_utils/nnet_dense_latency.h:42]   --->   Operation 54 'bitconcatenate' 'tmp_843' <Predicate = true> <Delay = 0.00>
ST_3 : Operation 55 [1/1] (0.00ns)   --->   "%sext_ln73_1186 = sext i13 %tmp_843" [firmware/nnet_utils/nnet_mult.h:73->firmware/nnet_utils/nnet_dense_latency.h:42]   --->   Operation 55 'sext' 'sext_ln73_1186' <Predicate = true> <Delay = 0.00>
ST_3 : Operation 56 [1/1] (1.36ns)   --->   "%sub_ln73_697 = sub i14 %sext_ln73_1186, i14 %sext_ln73_36" [firmware/nnet_utils/nnet_mult.h:73->firmware/nnet_utils/nnet_dense_latency.h:42]   --->   Operation 56 'sub' 'sub_ln73_697' <Predicate = true> <Delay = 1.36> <CoreInst = "Adder">   --->   Core 1 'Adder' <Latency = 0> <II = 1> <Delay = 1.36> <FuncUnit> <Opcode : 'add' 'sub'> <InPorts = 2> <OutPorts = 1>
ST_3 : Operation 57 [1/1] (0.00ns)   --->   "%sext_ln73_41 = sext i10 %data_4_val_read" [firmware/nnet_utils/nnet_mult.h:73->firmware/nnet_utils/nnet_dense_latency.h:42]   --->   Operation 57 'sext' 'sext_ln73_41' <Predicate = true> <Delay = 0.00>
ST_3 : Operation 58 [1/1] (2.52ns)   --->   "%mul_ln73_63 = mul i17 %sext_ln73_41, i17 131015" [firmware/nnet_utils/nnet_mult.h:73->firmware/nnet_utils/nnet_dense_latency.h:42]   --->   Operation 58 'mul' 'mul_ln73_63' <Predicate = true> <Delay = 2.52> <CoreInst = "Multiplier">   --->   Core 3 'Multiplier' <Latency = 0> <II = 1> <Delay = 2.52> <FuncUnit> <Opcode : 'mul'> <InPorts = 2> <OutPorts = 1>
ST_3 : Operation 59 [1/1] (0.00ns)   --->   "%sext_ln73_46 = sext i10 %data_5_val_read" [firmware/nnet_utils/nnet_mult.h:73->firmware/nnet_utils/nnet_dense_latency.h:42]   --->   Operation 59 'sext' 'sext_ln73_46' <Predicate = true> <Delay = 0.00>
ST_3 : Operation 60 [1/1] (0.00ns)   --->   "%sext_ln73_48 = sext i10 %data_5_val_read" [firmware/nnet_utils/nnet_mult.h:73->firmware/nnet_utils/nnet_dense_latency.h:42]   --->   Operation 60 'sext' 'sext_ln73_48' <Predicate = true> <Delay = 0.00>
ST_3 : Operation 61 [1/1] (2.52ns)   --->   "%mul_ln73_66 = mul i18 %sext_ln73_46, i18 198" [firmware/nnet_utils/nnet_mult.h:73->firmware/nnet_utils/nnet_dense_latency.h:42]   --->   Operation 61 'mul' 'mul_ln73_66' <Predicate = true> <Delay = 2.52> <CoreInst = "Multiplier">   --->   Core 3 'Multiplier' <Latency = 0> <II = 1> <Delay = 2.52> <FuncUnit> <Opcode : 'mul'> <InPorts = 2> <OutPorts = 1>
ST_3 : Operation 62 [1/1] (3.40ns)   --->   "%mul_ln73_71 = mul i21 %sext_ln73_48, i21 784" [firmware/nnet_utils/nnet_mult.h:73->firmware/nnet_utils/nnet_dense_latency.h:42]   --->   Operation 62 'mul' 'mul_ln73_71' <Predicate = true> <Delay = 3.40> <CoreInst = "Multiplier">   --->   Core 3 'Multiplier' <Latency = 0> <II = 1> <Delay = 3.40> <FuncUnit> <Opcode : 'mul'> <InPorts = 2> <OutPorts = 1>
ST_3 : Operation 63 [1/1] (0.00ns)   --->   "%sext_ln73_53 = sext i10 %data_6_val_read" [firmware/nnet_utils/nnet_mult.h:73->firmware/nnet_utils/nnet_dense_latency.h:42]   --->   Operation 63 'sext' 'sext_ln73_53' <Predicate = true> <Delay = 0.00>
ST_3 : Operation 64 [1/1] (0.00ns)   --->   "%sext_ln73_55 = sext i10 %data_6_val_read" [firmware/nnet_utils/nnet_mult.h:73->firmware/nnet_utils/nnet_dense_latency.h:42]   --->   Operation 64 'sext' 'sext_ln73_55' <Predicate = true> <Delay = 0.00>
ST_3 : Operation 65 [1/1] (2.52ns)   --->   "%mul_ln73_75 = mul i20 %sext_ln73_53, i20 1048153" [firmware/nnet_utils/nnet_mult.h:73->firmware/nnet_utils/nnet_dense_latency.h:42]   --->   Operation 65 'mul' 'mul_ln73_75' <Predicate = true> <Delay = 2.52> <CoreInst = "Multiplier">   --->   Core 3 'Multiplier' <Latency = 0> <II = 1> <Delay = 2.52> <FuncUnit> <Opcode : 'mul'> <InPorts = 2> <OutPorts = 1>
ST_3 : Operation 66 [1/1] (2.52ns)   --->   "%mul_ln73_78 = mul i19 %sext_ln73_55, i19 523955" [firmware/nnet_utils/nnet_mult.h:73->firmware/nnet_utils/nnet_dense_latency.h:42]   --->   Operation 66 'mul' 'mul_ln73_78' <Predicate = true> <Delay = 2.52> <CoreInst = "Multiplier">   --->   Core 3 'Multiplier' <Latency = 0> <II = 1> <Delay = 2.52> <FuncUnit> <Opcode : 'mul'> <InPorts = 2> <OutPorts = 1>
ST_3 : Operation 67 [1/1] (2.52ns)   --->   "%mul_ln70_1 = mul i19 %sext_ln73_55, i19 523895" [firmware/nnet_utils/nnet_mult.h:70->firmware/nnet_utils/nnet_dense_latency.h:42]   --->   Operation 67 'mul' 'mul_ln70_1' <Predicate = true> <Delay = 2.52> <CoreInst = "Multiplier">   --->   Core 3 'Multiplier' <Latency = 0> <II = 1> <Delay = 2.52> <FuncUnit> <Opcode : 'mul'> <InPorts = 2> <OutPorts = 1>
ST_3 : Operation 68 [1/1] (0.00ns)   --->   "%sext_ln73_62 = sext i10 %data_7_val_read" [firmware/nnet_utils/nnet_mult.h:73->firmware/nnet_utils/nnet_dense_latency.h:42]   --->   Operation 68 'sext' 'sext_ln73_62' <Predicate = true> <Delay = 0.00>
ST_3 : Operation 69 [1/1] (2.52ns)   --->   "%mul_ln73_81 = mul i19 %sext_ln73_62, i19 191" [firmware/nnet_utils/nnet_mult.h:73->firmware/nnet_utils/nnet_dense_latency.h:42]   --->   Operation 69 'mul' 'mul_ln73_81' <Predicate = true> <Delay = 2.52> <CoreInst = "Multiplier">   --->   Core 3 'Multiplier' <Latency = 0> <II = 1> <Delay = 2.52> <FuncUnit> <Opcode : 'mul'> <InPorts = 2> <OutPorts = 1>
ST_3 : Operation 70 [1/1] (0.00ns)   --->   "%sext_ln73_65 = sext i10 %data_7_val_read" [firmware/nnet_utils/nnet_mult.h:73->firmware/nnet_utils/nnet_dense_latency.h:42]   --->   Operation 70 'sext' 'sext_ln73_65' <Predicate = true> <Delay = 0.00>
ST_3 : Operation 71 [1/1] (2.52ns)   --->   "%mul_ln73_82 = mul i18 %sext_ln73_65, i18 229" [firmware/nnet_utils/nnet_mult.h:73->firmware/nnet_utils/nnet_dense_latency.h:42]   --->   Operation 71 'mul' 'mul_ln73_82' <Predicate = true> <Delay = 2.52> <CoreInst = "Multiplier">   --->   Core 3 'Multiplier' <Latency = 0> <II = 1> <Delay = 2.52> <FuncUnit> <Opcode : 'mul'> <InPorts = 2> <OutPorts = 1>
ST_3 : Operation 72 [1/1] (1.42ns)   --->   "%add_ln58 = add i18 %mul_ln73, i18 226560" [firmware/nnet_utils/nnet_dense_latency.h:58]   --->   Operation 72 'add' 'add_ln58' <Predicate = true> <Delay = 1.42> <CoreInst = "Adder">   --->   Core 1 'Adder' <Latency = 0> <II = 1> <Delay = 1.42> <FuncUnit> <Opcode : 'add' 'sub'> <InPorts = 2> <OutPorts = 1>
ST_3 : Operation 73 [1/1] (0.00ns)   --->   "%sext_ln58_23 = sext i18 %add_ln58" [firmware/nnet_utils/nnet_dense_latency.h:58]   --->   Operation 73 'sext' 'sext_ln58_23' <Predicate = true> <Delay = 0.00>
ST_3 : Operation 74 [1/1] (0.00ns)   --->   "%sext_ln58_11 = sext i20 %add_ln58_188" [firmware/nnet_utils/nnet_dense_latency.h:58]   --->   Operation 74 'sext' 'sext_ln58_11' <Predicate = true> <Delay = 0.00>
ST_3 : Operation 75 [1/1] (1.43ns)   --->   "%add_ln58_190 = add i21 %mul_ln73_45, i21 %sext_ln58_11" [firmware/nnet_utils/nnet_dense_latency.h:58]   --->   Operation 75 'add' 'add_ln58_190' <Predicate = true> <Delay = 1.43> <CoreInst = "Adder">   --->   Core 1 'Adder' <Latency = 0> <II = 1> <Delay = 1.43> <FuncUnit> <Opcode : 'add' 'sub'> <InPorts = 2> <OutPorts = 1>
ST_3 : Operation 76 [1/1] (0.00ns)   --->   "%sext_ln58_13 = sext i21 %add_ln58_190" [firmware/nnet_utils/nnet_dense_latency.h:58]   --->   Operation 76 'sext' 'sext_ln58_13' <Predicate = true> <Delay = 0.00>
ST_3 : Operation 77 [1/1] (1.43ns)   --->   "%add_ln58_194 = add i19 %mul_ln73_48, i19 %sext_ln58_23" [firmware/nnet_utils/nnet_dense_latency.h:58]   --->   Operation 77 'add' 'add_ln58_194' <Predicate = true> <Delay = 1.43> <CoreInst = "Adder">   --->   Core 1 'Adder' <Latency = 0> <II = 1> <Delay = 1.43> <FuncUnit> <Opcode : 'add' 'sub'> <InPorts = 2> <OutPorts = 1>
ST_3 : Operation 78 [1/1] (1.43ns)   --->   "%add_ln58_205 = add i21 %mul_ln73_53, i21 %mul_ln73_61" [firmware/nnet_utils/nnet_dense_latency.h:58]   --->   Operation 78 'add' 'add_ln58_205' <Predicate = true> <Delay = 1.43> <CoreInst = "Adder">   --->   Core 1 'Adder' <Latency = 0> <II = 1> <Delay = 1.43> <FuncUnit> <Opcode : 'add' 'sub'> <InPorts = 2> <OutPorts = 1>
ST_3 : Operation 79 [1/1] (0.00ns)   --->   "%sext_ln58_33 = sext i21 %add_ln58_205" [firmware/nnet_utils/nnet_dense_latency.h:58]   --->   Operation 79 'sext' 'sext_ln58_33' <Predicate = true> <Delay = 0.00>
ST_3 : Operation 80 [1/1] (1.43ns)   --->   "%add_ln58_206 = add i22 %sext_ln58_33, i22 %sext_ln58_13" [firmware/nnet_utils/nnet_dense_latency.h:58]   --->   Operation 80 'add' 'add_ln58_206' <Predicate = true> <Delay = 1.43> <CoreInst = "Adder">   --->   Core 1 'Adder' <Latency = 0> <II = 1> <Delay = 1.43> <FuncUnit> <Opcode : 'add' 'sub'> <InPorts = 2> <OutPorts = 1>
ST_3 : Operation 81 [1/1] (1.43ns)   --->   "%add_ln58_225 = add i20 %mul_ln73_51, i20 %mul_ln73_59" [firmware/nnet_utils/nnet_dense_latency.h:58]   --->   Operation 81 'add' 'add_ln58_225' <Predicate = true> <Delay = 1.43> <CoreInst = "Adder">   --->   Core 1 'Adder' <Latency = 0> <II = 1> <Delay = 1.43> <FuncUnit> <Opcode : 'add' 'sub'> <InPorts = 2> <OutPorts = 1>

State 4 <SV = 3> <Delay = 3.53>
ST_4 : Operation 82 [1/1] (0.00ns)   --->   "%sext_ln73 = sext i10 %data_0_val_read" [firmware/nnet_utils/nnet_mult.h:73->firmware/nnet_utils/nnet_dense_latency.h:42]   --->   Operation 82 'sext' 'sext_ln73' <Predicate = true> <Delay = 0.00>
ST_4 : Operation 83 [1/1] (0.00ns)   --->   "%tmp = bitconcatenate i16 @_ssdm_op_BitConcatenate.i16.i10.i6, i10 %data_0_val_read, i6 0" [firmware/nnet_utils/nnet_mult.h:73->firmware/nnet_utils/nnet_dense_latency.h:42]   --->   Operation 83 'bitconcatenate' 'tmp' <Predicate = true> <Delay = 0.00>
ST_4 : Operation 84 [1/1] (0.00ns)   --->   "%sext_ln73_1183 = sext i16 %tmp" [firmware/nnet_utils/nnet_mult.h:73->firmware/nnet_utils/nnet_dense_latency.h:42]   --->   Operation 84 'sext' 'sext_ln73_1183' <Predicate = true> <Delay = 0.00>
ST_4 : Operation 85 [1/1] (0.00ns)   --->   "%tmp_841 = bitconcatenate i13 @_ssdm_op_BitConcatenate.i13.i10.i3, i10 %data_0_val_read, i3 0" [firmware/nnet_utils/nnet_mult.h:73->firmware/nnet_utils/nnet_dense_latency.h:42]   --->   Operation 85 'bitconcatenate' 'tmp_841' <Predicate = true> <Delay = 0.00>
ST_4 : Operation 86 [1/1] (0.00ns)   --->   "%sext_ln73_1184 = sext i13 %tmp_841" [firmware/nnet_utils/nnet_mult.h:73->firmware/nnet_utils/nnet_dense_latency.h:42]   --->   Operation 86 'sext' 'sext_ln73_1184' <Predicate = true> <Delay = 0.00>
ST_4 : Operation 87 [1/1] (0.00ns) (grouped into TernaryAdder)   --->   "%sub_ln73 = sub i17 %sext_ln73_1184, i17 %sext_ln73_1183" [firmware/nnet_utils/nnet_mult.h:73->firmware/nnet_utils/nnet_dense_latency.h:42]   --->   Operation 87 'sub' 'sub_ln73' <Predicate = true> <Delay = 0.00> <CoreInst = "TAddSub">   --->   Core 10 'TAddSub' <Latency = 0> <II = 1> <Delay = 0.51> <IPBlock> <Opcode : 'add' 'sub'> <InPorts = 3> <OutPorts = 1> <Sync> <CReg>
ST_4 : Operation 88 [1/1] (3.40ns)   --->   "%mul_ln73_28 = mul i21 %sext_ln73, i21 856" [firmware/nnet_utils/nnet_mult.h:73->firmware/nnet_utils/nnet_dense_latency.h:42]   --->   Operation 88 'mul' 'mul_ln73_28' <Predicate = true> <Delay = 3.40> <CoreInst = "Multiplier">   --->   Core 3 'Multiplier' <Latency = 0> <II = 1> <Delay = 3.40> <FuncUnit> <Opcode : 'mul'> <InPorts = 2> <OutPorts = 1>
ST_4 : Operation 89 [1/1] (3.40ns)   --->   "%mul_ln73_31 = mul i21 %sext_ln73, i21 837" [firmware/nnet_utils/nnet_mult.h:73->firmware/nnet_utils/nnet_dense_latency.h:42]   --->   Operation 89 'mul' 'mul_ln73_31' <Predicate = true> <Delay = 3.40> <CoreInst = "Multiplier">   --->   Core 3 'Multiplier' <Latency = 0> <II = 1> <Delay = 3.40> <FuncUnit> <Opcode : 'mul'> <InPorts = 2> <OutPorts = 1>
ST_4 : Operation 90 [1/1] (0.00ns)   --->   "%sext_ln73_20 = sext i10 %data_1_val_read" [firmware/nnet_utils/nnet_mult.h:73->firmware/nnet_utils/nnet_dense_latency.h:42]   --->   Operation 90 'sext' 'sext_ln73_20' <Predicate = true> <Delay = 0.00>
ST_4 : Operation 91 [1/1] (0.00ns)   --->   "%sext_ln73_21 = sext i10 %data_1_val_read" [firmware/nnet_utils/nnet_mult.h:73->firmware/nnet_utils/nnet_dense_latency.h:42]   --->   Operation 91 'sext' 'sext_ln73_21' <Predicate = true> <Delay = 0.00>
ST_4 : Operation 92 [1/1] (0.00ns)   --->   "%sext_ln73_24 = sext i10 %data_1_val_read" [firmware/nnet_utils/nnet_mult.h:73->firmware/nnet_utils/nnet_dense_latency.h:42]   --->   Operation 92 'sext' 'sext_ln73_24' <Predicate = true> <Delay = 0.00>
ST_4 : Operation 93 [1/1] (2.52ns)   --->   "%mul_ln73_32 = mul i20 %sext_ln73_24, i20 468" [firmware/nnet_utils/nnet_mult.h:73->firmware/nnet_utils/nnet_dense_latency.h:42]   --->   Operation 93 'mul' 'mul_ln73_32' <Predicate = true> <Delay = 2.52> <CoreInst = "Multiplier">   --->   Core 3 'Multiplier' <Latency = 0> <II = 1> <Delay = 2.52> <FuncUnit> <Opcode : 'mul'> <InPorts = 2> <OutPorts = 1>
ST_4 : Operation 94 [1/1] (0.00ns)   --->   "%sext_ln73_25 = sext i16 %sub_ln73_696" [firmware/nnet_utils/nnet_mult.h:73->firmware/nnet_utils/nnet_dense_latency.h:42]   --->   Operation 94 'sext' 'sext_ln73_25' <Predicate = true> <Delay = 0.00>
ST_4 : Operation 95 [1/1] (2.52ns)   --->   "%mul_ln73_36 = mul i17 %sext_ln73_21, i17 131021" [firmware/nnet_utils/nnet_mult.h:73->firmware/nnet_utils/nnet_dense_latency.h:42]   --->   Operation 95 'mul' 'mul_ln73_36' <Predicate = true> <Delay = 2.52> <CoreInst = "Multiplier">   --->   Core 3 'Multiplier' <Latency = 0> <II = 1> <Delay = 2.52> <FuncUnit> <Opcode : 'mul'> <InPorts = 2> <OutPorts = 1>
ST_4 : Operation 96 [1/1] (3.40ns)   --->   "%mul_ln73_39 = mul i21 %sext_ln73_20, i21 758" [firmware/nnet_utils/nnet_mult.h:73->firmware/nnet_utils/nnet_dense_latency.h:42]   --->   Operation 96 'mul' 'mul_ln73_39' <Predicate = true> <Delay = 3.40> <CoreInst = "Multiplier">   --->   Core 3 'Multiplier' <Latency = 0> <II = 1> <Delay = 3.40> <FuncUnit> <Opcode : 'mul'> <InPorts = 2> <OutPorts = 1>
ST_4 : Operation 97 [1/1] (0.00ns)   --->   "%sext_ln73_30 = sext i10 %data_2_val_read" [firmware/nnet_utils/nnet_mult.h:73->firmware/nnet_utils/nnet_dense_latency.h:42]   --->   Operation 97 'sext' 'sext_ln73_30' <Predicate = true> <Delay = 0.00>
ST_4 : Operation 98 [1/1] (0.00ns)   --->   "%sext_ln73_32 = sext i10 %data_2_val_read" [firmware/nnet_utils/nnet_mult.h:73->firmware/nnet_utils/nnet_dense_latency.h:42]   --->   Operation 98 'sext' 'sext_ln73_32' <Predicate = true> <Delay = 0.00>
ST_4 : Operation 99 [1/1] (2.52ns)   --->   "%mul_ln73_40 = mul i19 %sext_ln73_32, i19 524079" [firmware/nnet_utils/nnet_mult.h:73->firmware/nnet_utils/nnet_dense_latency.h:42]   --->   Operation 99 'mul' 'mul_ln73_40' <Predicate = true> <Delay = 2.52> <CoreInst = "Multiplier">   --->   Core 3 'Multiplier' <Latency = 0> <II = 1> <Delay = 2.52> <FuncUnit> <Opcode : 'mul'> <InPorts = 2> <OutPorts = 1>
ST_4 : Operation 100 [1/1] (0.00ns)   --->   "%sext_ln73_33 = sext i19 %mul_ln73_40" [firmware/nnet_utils/nnet_mult.h:73->firmware/nnet_utils/nnet_dense_latency.h:42]   --->   Operation 100 'sext' 'sext_ln73_33' <Predicate = true> <Delay = 0.00>
ST_4 : Operation 101 [1/1] (3.40ns)   --->   "%mul_ln73_41 = mul i20 %sext_ln73_30, i20 1047943" [firmware/nnet_utils/nnet_mult.h:73->firmware/nnet_utils/nnet_dense_latency.h:42]   --->   Operation 101 'mul' 'mul_ln73_41' <Predicate = true> <Delay = 3.40> <CoreInst = "Multiplier">   --->   Core 3 'Multiplier' <Latency = 0> <II = 1> <Delay = 3.40> <FuncUnit> <Opcode : 'mul'> <InPorts = 2> <OutPorts = 1>
ST_4 : Operation 102 [1/1] (3.40ns)   --->   "%mul_ln73_42 = mul i21 %sext_ln73_31, i21 545" [firmware/nnet_utils/nnet_mult.h:73->firmware/nnet_utils/nnet_dense_latency.h:42]   --->   Operation 102 'mul' 'mul_ln73_42' <Predicate = true> <Delay = 3.40> <CoreInst = "Multiplier">   --->   Core 3 'Multiplier' <Latency = 0> <II = 1> <Delay = 3.40> <FuncUnit> <Opcode : 'mul'> <InPorts = 2> <OutPorts = 1>
ST_4 : Operation 103 [1/1] (0.00ns)   --->   "%sext_ln73_40 = sext i14 %sub_ln73_697" [firmware/nnet_utils/nnet_mult.h:73->firmware/nnet_utils/nnet_dense_latency.h:42]   --->   Operation 103 'sext' 'sext_ln73_40' <Predicate = true> <Delay = 0.00>
ST_4 : Operation 104 [1/1] (0.00ns)   --->   "%sext_ln70_33 = sext i17 %mul_ln73_63" [firmware/nnet_utils/nnet_mult.h:70->firmware/nnet_utils/nnet_dense_latency.h:42]   --->   Operation 104 'sext' 'sext_ln70_33' <Predicate = true> <Delay = 0.00>
ST_4 : Operation 105 [1/1] (0.00ns)   --->   "%sext_ln73_64 = sext i19 %mul_ln73_81" [firmware/nnet_utils/nnet_mult.h:73->firmware/nnet_utils/nnet_dense_latency.h:42]   --->   Operation 105 'sext' 'sext_ln73_64' <Predicate = true> <Delay = 0.00>
ST_4 : Operation 106 [1/1] (1.00ns) (root node of TernaryAdder)   --->   "%add_ln58_178 = add i17 %sub_ln73, i17 102656" [firmware/nnet_utils/nnet_dense_latency.h:58]   --->   Operation 106 'add' 'add_ln58_178' <Predicate = true> <Delay = 1.00> <CoreInst = "TAddSub">   --->   Core 10 'TAddSub' <Latency = 0> <II = 1> <Delay = 0.51> <IPBlock> <Opcode : 'add' 'sub'> <InPorts = 3> <OutPorts = 1> <Sync> <CReg>
ST_4 : Operation 107 [1/1] (0.00ns)   --->   "%sext_ln58_5 = sext i17 %add_ln58_178" [firmware/nnet_utils/nnet_dense_latency.h:58]   --->   Operation 107 'sext' 'sext_ln58_5' <Predicate = true> <Delay = 0.00>
ST_4 : Operation 108 [1/1] (1.43ns)   --->   "%add_ln58_182 = add i19 %mul_ln73_33, i19 %sext_ln58_5" [firmware/nnet_utils/nnet_dense_latency.h:58]   --->   Operation 108 'add' 'add_ln58_182' <Predicate = true> <Delay = 1.43> <CoreInst = "Adder">   --->   Core 1 'Adder' <Latency = 0> <II = 1> <Delay = 1.43> <FuncUnit> <Opcode : 'add' 'sub'> <InPorts = 2> <OutPorts = 1>
ST_4 : Operation 109 [1/1] (1.42ns)   --->   "%add_ln58_183 = add i18 %sext_ln73_25, i18 151296" [firmware/nnet_utils/nnet_dense_latency.h:58]   --->   Operation 109 'add' 'add_ln58_183' <Predicate = true> <Delay = 1.42> <CoreInst = "Adder">   --->   Core 1 'Adder' <Latency = 0> <II = 1> <Delay = 1.42> <FuncUnit> <Opcode : 'add' 'sub'> <InPorts = 2> <OutPorts = 1>
ST_4 : Operation 110 [1/1] (0.00ns)   --->   "%zext_ln58_2 = zext i18 %add_ln58_183" [firmware/nnet_utils/nnet_dense_latency.h:58]   --->   Operation 110 'zext' 'zext_ln58_2' <Predicate = true> <Delay = 0.00>
ST_4 : Operation 111 [1/1] (1.43ns)   --->   "%add_ln58_184 = add i20 %zext_ln58_2, i20 %mul_ln73_27" [firmware/nnet_utils/nnet_dense_latency.h:58]   --->   Operation 111 'add' 'add_ln58_184' <Predicate = true> <Delay = 1.43> <CoreInst = "Adder">   --->   Core 1 'Adder' <Latency = 0> <II = 1> <Delay = 1.43> <FuncUnit> <Opcode : 'add' 'sub'> <InPorts = 2> <OutPorts = 1>
ST_4 : Operation 112 [1/1] (0.00ns) (grouped into TernaryAdder)   --->   "%add_ln58_193 = add i20 %mul_ln73_32, i20 %sext_ln73_33" [firmware/nnet_utils/nnet_dense_latency.h:58]   --->   Operation 112 'add' 'add_ln58_193' <Predicate = true> <Delay = 0.00> <CoreInst = "TAddSub">   --->   Core 10 'TAddSub' <Latency = 0> <II = 1> <Delay = 0.51> <IPBlock> <Opcode : 'add' 'sub'> <InPorts = 3> <OutPorts = 1> <Sync> <CReg>
ST_4 : Operation 113 [1/1] (0.00ns)   --->   "%sext_ln58_31 = sext i19 %add_ln58_194" [firmware/nnet_utils/nnet_dense_latency.h:58]   --->   Operation 113 'sext' 'sext_ln58_31' <Predicate = true> <Delay = 0.00>
ST_4 : Operation 114 [1/1] (1.01ns) (root node of TernaryAdder)   --->   "%add_ln58_195 = add i20 %sext_ln58_31, i20 %add_ln58_193" [firmware/nnet_utils/nnet_dense_latency.h:58]   --->   Operation 114 'add' 'add_ln58_195' <Predicate = true> <Delay = 1.01> <CoreInst = "TAddSub">   --->   Core 10 'TAddSub' <Latency = 0> <II = 1> <Delay = 0.51> <IPBlock> <Opcode : 'add' 'sub'> <InPorts = 3> <OutPorts = 1> <Sync> <CReg>
ST_4 : Operation 115 [1/1] (1.42ns)   --->   "%add_ln58_208 = add i18 %mul_ln73_66, i18 %sext_ln73_40" [firmware/nnet_utils/nnet_dense_latency.h:58]   --->   Operation 115 'add' 'add_ln58_208' <Predicate = true> <Delay = 1.42> <CoreInst = "Adder">   --->   Core 1 'Adder' <Latency = 0> <II = 1> <Delay = 1.42> <FuncUnit> <Opcode : 'add' 'sub'> <InPorts = 2> <OutPorts = 1>
ST_4 : Operation 116 [1/1] (0.00ns)   --->   "%sext_ln58_34 = sext i18 %add_ln58_208" [firmware/nnet_utils/nnet_dense_latency.h:58]   --->   Operation 116 'sext' 'sext_ln58_34' <Predicate = true> <Delay = 0.00>
ST_4 : Operation 117 [1/1] (1.43ns)   --->   "%add_ln58_209 = add i20 %sext_ln58_34, i20 %mul_ln73_58" [firmware/nnet_utils/nnet_dense_latency.h:58]   --->   Operation 117 'add' 'add_ln58_209' <Predicate = true> <Delay = 1.43> <CoreInst = "Adder">   --->   Core 1 'Adder' <Latency = 0> <II = 1> <Delay = 1.43> <FuncUnit> <Opcode : 'add' 'sub'> <InPorts = 2> <OutPorts = 1>
ST_4 : Operation 118 [1/1] (1.43ns)   --->   "%add_ln58_212 = add i19 %mul_ln70_1, i19 %sext_ln70_33" [firmware/nnet_utils/nnet_dense_latency.h:58]   --->   Operation 118 'add' 'add_ln58_212' <Predicate = true> <Delay = 1.43> <CoreInst = "Adder">   --->   Core 1 'Adder' <Latency = 0> <II = 1> <Delay = 1.43> <FuncUnit> <Opcode : 'add' 'sub'> <InPorts = 2> <OutPorts = 1>
ST_4 : Operation 119 [1/1] (0.00ns)   --->   "%sext_ln58_36 = sext i19 %add_ln58_212" [firmware/nnet_utils/nnet_dense_latency.h:58]   --->   Operation 119 'sext' 'sext_ln58_36' <Predicate = true> <Delay = 0.00>
ST_4 : Operation 120 [1/1] (1.43ns)   --->   "%add_ln58_213 = add i21 %sext_ln58_36, i21 %mul_ln73_71" [firmware/nnet_utils/nnet_dense_latency.h:58]   --->   Operation 120 'add' 'add_ln58_213' <Predicate = true> <Delay = 1.43> <CoreInst = "Adder">   --->   Core 1 'Adder' <Latency = 0> <II = 1> <Delay = 1.43> <FuncUnit> <Opcode : 'add' 'sub'> <InPorts = 2> <OutPorts = 1>
ST_4 : Operation 121 [1/1] (0.00ns)   --->   "%sext_ln58_42 = sext i20 %add_ln58_225" [firmware/nnet_utils/nnet_dense_latency.h:58]   --->   Operation 121 'sext' 'sext_ln58_42' <Predicate = true> <Delay = 0.00>
ST_4 : Operation 122 [1/1] (1.43ns)   --->   "%add_ln58_226 = add i20 %mul_ln73_75, i20 %sext_ln73_64" [firmware/nnet_utils/nnet_dense_latency.h:58]   --->   Operation 122 'add' 'add_ln58_226' <Predicate = true> <Delay = 1.43> <CoreInst = "Adder">   --->   Core 1 'Adder' <Latency = 0> <II = 1> <Delay = 1.43> <FuncUnit> <Opcode : 'add' 'sub'> <InPorts = 2> <OutPorts = 1>
ST_4 : Operation 123 [1/1] (0.00ns)   --->   "%sext_ln58_43 = sext i20 %add_ln58_226" [firmware/nnet_utils/nnet_dense_latency.h:58]   --->   Operation 123 'sext' 'sext_ln58_43' <Predicate = true> <Delay = 0.00>
ST_4 : Operation 124 [1/1] (1.43ns)   --->   "%add_ln58_227 = add i21 %sext_ln58_43, i21 %sext_ln58_42" [firmware/nnet_utils/nnet_dense_latency.h:58]   --->   Operation 124 'add' 'add_ln58_227' <Predicate = true> <Delay = 1.43> <CoreInst = "Adder">   --->   Core 1 'Adder' <Latency = 0> <II = 1> <Delay = 1.43> <FuncUnit> <Opcode : 'add' 'sub'> <InPorts = 2> <OutPorts = 1>

State 5 <SV = 4> <Delay = 3.40>
ST_5 : Operation 125 [1/1] (0.00ns)   --->   "%sext_ln73_27 = sext i17 %mul_ln73_36" [firmware/nnet_utils/nnet_mult.h:73->firmware/nnet_utils/nnet_dense_latency.h:42]   --->   Operation 125 'sext' 'sext_ln73_27' <Predicate = true> <Delay = 0.00>
ST_5 : Operation 126 [1/1] (3.40ns)   --->   "%mul_ln73_43 = mul i21 %sext_ln73_31, i21 662" [firmware/nnet_utils/nnet_mult.h:73->firmware/nnet_utils/nnet_dense_latency.h:42]   --->   Operation 126 'mul' 'mul_ln73_43' <Predicate = true> <Delay = 3.40> <CoreInst = "Multiplier">   --->   Core 3 'Multiplier' <Latency = 0> <II = 1> <Delay = 3.40> <FuncUnit> <Opcode : 'mul'> <InPorts = 2> <OutPorts = 1>
ST_5 : Operation 127 [1/1] (3.40ns)   --->   "%mul_ln73_44 = mul i21 %sext_ln73_31, i21 672" [firmware/nnet_utils/nnet_mult.h:73->firmware/nnet_utils/nnet_dense_latency.h:42]   --->   Operation 127 'mul' 'mul_ln73_44' <Predicate = true> <Delay = 3.40> <CoreInst = "Multiplier">   --->   Core 3 'Multiplier' <Latency = 0> <II = 1> <Delay = 3.40> <FuncUnit> <Opcode : 'mul'> <InPorts = 2> <OutPorts = 1>
ST_5 : Operation 128 [1/1] (2.52ns)   --->   "%mul_ln73_46 = mul i20 %sext_ln73_30, i20 393" [firmware/nnet_utils/nnet_mult.h:73->firmware/nnet_utils/nnet_dense_latency.h:42]   --->   Operation 128 'mul' 'mul_ln73_46' <Predicate = true> <Delay = 2.52> <CoreInst = "Multiplier">   --->   Core 3 'Multiplier' <Latency = 0> <II = 1> <Delay = 2.52> <FuncUnit> <Opcode : 'mul'> <InPorts = 2> <OutPorts = 1>
ST_5 : Operation 129 [1/1] (3.40ns)   --->   "%mul_ln73_47 = mul i21 %sext_ln73_31, i21 779" [firmware/nnet_utils/nnet_mult.h:73->firmware/nnet_utils/nnet_dense_latency.h:42]   --->   Operation 129 'mul' 'mul_ln73_47' <Predicate = true> <Delay = 3.40> <CoreInst = "Multiplier">   --->   Core 3 'Multiplier' <Latency = 0> <II = 1> <Delay = 3.40> <FuncUnit> <Opcode : 'mul'> <InPorts = 2> <OutPorts = 1>
ST_5 : Operation 130 [1/1] (2.52ns)   --->   "%mul_ln73_49 = mul i20 %sext_ln73_37, i20 1048301" [firmware/nnet_utils/nnet_mult.h:73->firmware/nnet_utils/nnet_dense_latency.h:42]   --->   Operation 130 'mul' 'mul_ln73_49' <Predicate = true> <Delay = 2.52> <CoreInst = "Multiplier">   --->   Core 3 'Multiplier' <Latency = 0> <II = 1> <Delay = 2.52> <FuncUnit> <Opcode : 'mul'> <InPorts = 2> <OutPorts = 1>
ST_5 : Operation 131 [1/1] (3.40ns)   --->   "%mul_ln73_52 = mul i21 %sext_ln73_35, i21 620" [firmware/nnet_utils/nnet_mult.h:73->firmware/nnet_utils/nnet_dense_latency.h:42]   --->   Operation 131 'mul' 'mul_ln73_52' <Predicate = true> <Delay = 3.40> <CoreInst = "Multiplier">   --->   Core 3 'Multiplier' <Latency = 0> <II = 1> <Delay = 3.40> <FuncUnit> <Opcode : 'mul'> <InPorts = 2> <OutPorts = 1>
ST_5 : Operation 132 [1/1] (2.52ns)   --->   "%mul_ln73_54 = mul i20 %sext_ln73_37, i20 337" [firmware/nnet_utils/nnet_mult.h:73->firmware/nnet_utils/nnet_dense_latency.h:42]   --->   Operation 132 'mul' 'mul_ln73_54' <Predicate = true> <Delay = 2.52> <CoreInst = "Multiplier">   --->   Core 3 'Multiplier' <Latency = 0> <II = 1> <Delay = 2.52> <FuncUnit> <Opcode : 'mul'> <InPorts = 2> <OutPorts = 1>
ST_5 : Operation 133 [1/1] (3.40ns)   --->   "%mul_ln73_55 = mul i21 %sext_ln73_35, i21 631" [firmware/nnet_utils/nnet_mult.h:73->firmware/nnet_utils/nnet_dense_latency.h:42]   --->   Operation 133 'mul' 'mul_ln73_55' <Predicate = true> <Delay = 3.40> <CoreInst = "Multiplier">   --->   Core 3 'Multiplier' <Latency = 0> <II = 1> <Delay = 3.40> <FuncUnit> <Opcode : 'mul'> <InPorts = 2> <OutPorts = 1>
ST_5 : Operation 134 [1/1] (1.43ns)   --->   "%add_ln58_179 = add i19 %mul_ln73_29, i19 518400" [firmware/nnet_utils/nnet_dense_latency.h:58]   --->   Operation 134 'add' 'add_ln58_179' <Predicate = true> <Delay = 1.43> <CoreInst = "Adder">   --->   Core 1 'Adder' <Latency = 0> <II = 1> <Delay = 1.43> <FuncUnit> <Opcode : 'add' 'sub'> <InPorts = 2> <OutPorts = 1>
ST_5 : Operation 135 [1/1] (0.00ns)   --->   "%sext_ln58_6 = sext i19 %add_ln58_179" [firmware/nnet_utils/nnet_dense_latency.h:58]   --->   Operation 135 'sext' 'sext_ln58_6' <Predicate = true> <Delay = 0.00>
ST_5 : Operation 136 [1/1] (0.00ns)   --->   "%sext_ln58_7 = sext i19 %add_ln58_182" [firmware/nnet_utils/nnet_dense_latency.h:58]   --->   Operation 136 'sext' 'sext_ln58_7' <Predicate = true> <Delay = 0.00>
ST_5 : Operation 137 [1/1] (0.00ns)   --->   "%sext_ln58_8 = sext i20 %add_ln58_184" [firmware/nnet_utils/nnet_dense_latency.h:58]   --->   Operation 137 'sext' 'sext_ln58_8' <Predicate = true> <Delay = 0.00>
ST_5 : Operation 138 [1/1] (1.43ns)   --->   "%add_ln58_185 = add i19 %mul_ln73_35, i19 168704" [firmware/nnet_utils/nnet_dense_latency.h:58]   --->   Operation 138 'add' 'add_ln58_185' <Predicate = true> <Delay = 1.43> <CoreInst = "Adder">   --->   Core 1 'Adder' <Latency = 0> <II = 1> <Delay = 1.43> <FuncUnit> <Opcode : 'add' 'sub'> <InPorts = 2> <OutPorts = 1>
ST_5 : Operation 139 [1/1] (0.00ns)   --->   "%zext_ln58_3 = zext i19 %add_ln58_185" [firmware/nnet_utils/nnet_dense_latency.h:58]   --->   Operation 139 'zext' 'zext_ln58_3' <Predicate = true> <Delay = 0.00>
ST_5 : Operation 140 [1/1] (1.43ns)   --->   "%add_ln58_186 = add i21 %zext_ln58_3, i21 %mul_ln73_28" [firmware/nnet_utils/nnet_dense_latency.h:58]   --->   Operation 140 'add' 'add_ln58_186' <Predicate = true> <Delay = 1.43> <CoreInst = "Adder">   --->   Core 1 'Adder' <Latency = 0> <II = 1> <Delay = 1.43> <FuncUnit> <Opcode : 'add' 'sub'> <InPorts = 2> <OutPorts = 1>
ST_5 : Operation 141 [1/1] (1.43ns)   --->   "%add_ln58_187 = add i20 %sext_ln58_6, i20 %sext_ln73_27" [firmware/nnet_utils/nnet_dense_latency.h:58]   --->   Operation 141 'add' 'add_ln58_187' <Predicate = true> <Delay = 1.43> <CoreInst = "Adder">   --->   Core 1 'Adder' <Latency = 0> <II = 1> <Delay = 1.43> <FuncUnit> <Opcode : 'add' 'sub'> <InPorts = 2> <OutPorts = 1>
ST_5 : Operation 142 [1/1] (1.43ns)   --->   "%add_ln58_189 = add i20 %mul_ln73_41, i20 %sext_ln58_7" [firmware/nnet_utils/nnet_dense_latency.h:58]   --->   Operation 142 'add' 'add_ln58_189' <Predicate = true> <Delay = 1.43> <CoreInst = "Adder">   --->   Core 1 'Adder' <Latency = 0> <II = 1> <Delay = 1.43> <FuncUnit> <Opcode : 'add' 'sub'> <InPorts = 2> <OutPorts = 1>
ST_5 : Operation 143 [1/1] (1.42ns)   --->   "%add_ln58_199 = add i18 %mul_ln73_38, i18 115456" [firmware/nnet_utils/nnet_dense_latency.h:58]   --->   Operation 143 'add' 'add_ln58_199' <Predicate = true> <Delay = 1.42> <CoreInst = "Adder">   --->   Core 1 'Adder' <Latency = 0> <II = 1> <Delay = 1.42> <FuncUnit> <Opcode : 'add' 'sub'> <InPorts = 2> <OutPorts = 1>
ST_5 : Operation 144 [1/1] (0.00ns) (grouped into TernaryAdder)   --->   "%add_ln58_207 = add i21 %mul_ln73_42, i21 %sext_ln58_8" [firmware/nnet_utils/nnet_dense_latency.h:58]   --->   Operation 144 'add' 'add_ln58_207' <Predicate = true> <Delay = 0.00> <CoreInst = "TAddSub">   --->   Core 10 'TAddSub' <Latency = 0> <II = 1> <Delay = 0.51> <IPBlock> <Opcode : 'add' 'sub'> <InPorts = 3> <OutPorts = 1> <Sync> <CReg>
ST_5 : Operation 145 [1/1] (0.00ns)   --->   "%sext_ln58_35 = sext i20 %add_ln58_209" [firmware/nnet_utils/nnet_dense_latency.h:58]   --->   Operation 145 'sext' 'sext_ln58_35' <Predicate = true> <Delay = 0.00>
ST_5 : Operation 146 [1/1] (1.02ns) (root node of TernaryAdder)   --->   "%add_ln58_210 = add i21 %sext_ln58_35, i21 %add_ln58_207" [firmware/nnet_utils/nnet_dense_latency.h:58]   --->   Operation 146 'add' 'add_ln58_210' <Predicate = true> <Delay = 1.02> <CoreInst = "TAddSub">   --->   Core 10 'TAddSub' <Latency = 0> <II = 1> <Delay = 0.51> <IPBlock> <Opcode : 'add' 'sub'> <InPorts = 3> <OutPorts = 1> <Sync> <CReg>

State 6 <SV = 5> <Delay = 3.48>
ST_6 : Operation 147 [1/1] (0.00ns)   --->   "%sext_ln73_34 = sext i20 %mul_ln73_46" [firmware/nnet_utils/nnet_mult.h:73->firmware/nnet_utils/nnet_dense_latency.h:42]   --->   Operation 147 'sext' 'sext_ln73_34' <Predicate = true> <Delay = 0.00>
ST_6 : Operation 148 [1/1] (0.00ns)   --->   "%sext_ln70 = sext i21 %mul_ln73_55" [firmware/nnet_utils/nnet_mult.h:70->firmware/nnet_utils/nnet_dense_latency.h:42]   --->   Operation 148 'sext' 'sext_ln70' <Predicate = true> <Delay = 0.00>
ST_6 : Operation 149 [1/1] (3.40ns)   --->   "%mul_ln73_56 = mul i21 %sext_ln73_43, i21 578" [firmware/nnet_utils/nnet_mult.h:73->firmware/nnet_utils/nnet_dense_latency.h:42]   --->   Operation 149 'mul' 'mul_ln73_56' <Predicate = true> <Delay = 3.40> <CoreInst = "Multiplier">   --->   Core 3 'Multiplier' <Latency = 0> <II = 1> <Delay = 3.40> <FuncUnit> <Opcode : 'mul'> <InPorts = 2> <OutPorts = 1>
ST_6 : Operation 150 [1/1] (3.40ns)   --->   "%mul_ln73_57 = mul i21 %sext_ln73_43, i21 2096419" [firmware/nnet_utils/nnet_mult.h:73->firmware/nnet_utils/nnet_dense_latency.h:42]   --->   Operation 150 'mul' 'mul_ln73_57' <Predicate = true> <Delay = 3.40> <CoreInst = "Multiplier">   --->   Core 3 'Multiplier' <Latency = 0> <II = 1> <Delay = 3.40> <FuncUnit> <Opcode : 'mul'> <InPorts = 2> <OutPorts = 1>
ST_6 : Operation 151 [1/1] (3.40ns)   --->   "%mul_ln73_60 = mul i21 %sext_ln73_43, i21 2096606" [firmware/nnet_utils/nnet_mult.h:73->firmware/nnet_utils/nnet_dense_latency.h:42]   --->   Operation 151 'mul' 'mul_ln73_60' <Predicate = true> <Delay = 3.40> <CoreInst = "Multiplier">   --->   Core 3 'Multiplier' <Latency = 0> <II = 1> <Delay = 3.40> <FuncUnit> <Opcode : 'mul'> <InPorts = 2> <OutPorts = 1>
ST_6 : Operation 152 [1/1] (2.52ns)   --->   "%mul_ln73_62 = mul i20 %sext_ln73_42, i20 1048221" [firmware/nnet_utils/nnet_mult.h:73->firmware/nnet_utils/nnet_dense_latency.h:42]   --->   Operation 152 'mul' 'mul_ln73_62' <Predicate = true> <Delay = 2.52> <CoreInst = "Multiplier">   --->   Core 3 'Multiplier' <Latency = 0> <II = 1> <Delay = 2.52> <FuncUnit> <Opcode : 'mul'> <InPorts = 2> <OutPorts = 1>
ST_6 : Operation 153 [1/1] (0.00ns)   --->   "%sext_ln73_47 = sext i10 %data_5_val_read" [firmware/nnet_utils/nnet_mult.h:73->firmware/nnet_utils/nnet_dense_latency.h:42]   --->   Operation 153 'sext' 'sext_ln73_47' <Predicate = true> <Delay = 0.00>
ST_6 : Operation 154 [1/1] (3.40ns)   --->   "%mul_ln73_64 = mul i21 %sext_ln73_48, i21 2096633" [firmware/nnet_utils/nnet_mult.h:73->firmware/nnet_utils/nnet_dense_latency.h:42]   --->   Operation 154 'mul' 'mul_ln73_64' <Predicate = true> <Delay = 3.40> <CoreInst = "Multiplier">   --->   Core 3 'Multiplier' <Latency = 0> <II = 1> <Delay = 3.40> <FuncUnit> <Opcode : 'mul'> <InPorts = 2> <OutPorts = 1>
ST_6 : Operation 155 [1/1] (2.52ns)   --->   "%mul_ln73_65 = mul i20 %sext_ln73_47, i20 1048265" [firmware/nnet_utils/nnet_mult.h:73->firmware/nnet_utils/nnet_dense_latency.h:42]   --->   Operation 155 'mul' 'mul_ln73_65' <Predicate = true> <Delay = 2.52> <CoreInst = "Multiplier">   --->   Core 3 'Multiplier' <Latency = 0> <II = 1> <Delay = 2.52> <FuncUnit> <Opcode : 'mul'> <InPorts = 2> <OutPorts = 1>
ST_6 : Operation 156 [1/1] (3.40ns)   --->   "%mul_ln73_67 = mul i21 %sext_ln73_48, i21 521" [firmware/nnet_utils/nnet_mult.h:73->firmware/nnet_utils/nnet_dense_latency.h:42]   --->   Operation 156 'mul' 'mul_ln73_67' <Predicate = true> <Delay = 3.40> <CoreInst = "Multiplier">   --->   Core 3 'Multiplier' <Latency = 0> <II = 1> <Delay = 3.40> <FuncUnit> <Opcode : 'mul'> <InPorts = 2> <OutPorts = 1>
ST_6 : Operation 157 [1/1] (2.52ns)   --->   "%mul_ln73_68 = mul i20 %sext_ln73_47, i20 349" [firmware/nnet_utils/nnet_mult.h:73->firmware/nnet_utils/nnet_dense_latency.h:42]   --->   Operation 157 'mul' 'mul_ln73_68' <Predicate = true> <Delay = 2.52> <CoreInst = "Multiplier">   --->   Core 3 'Multiplier' <Latency = 0> <II = 1> <Delay = 2.52> <FuncUnit> <Opcode : 'mul'> <InPorts = 2> <OutPorts = 1>
ST_6 : Operation 158 [1/1] (0.00ns)   --->   "%tmp_846 = bitconcatenate i16 @_ssdm_op_BitConcatenate.i16.i10.i6, i10 %data_5_val_read, i6 0" [firmware/nnet_utils/nnet_mult.h:73->firmware/nnet_utils/nnet_dense_latency.h:42]   --->   Operation 158 'bitconcatenate' 'tmp_846' <Predicate = true> <Delay = 0.00>
ST_6 : Operation 159 [1/1] (0.00ns)   --->   "%sext_ln73_1189 = sext i16 %tmp_846" [firmware/nnet_utils/nnet_mult.h:73->firmware/nnet_utils/nnet_dense_latency.h:42]   --->   Operation 159 'sext' 'sext_ln73_1189' <Predicate = true> <Delay = 0.00>
ST_6 : Operation 160 [1/1] (0.00ns)   --->   "%tmp_847 = bitconcatenate i14 @_ssdm_op_BitConcatenate.i14.i10.i4, i10 %data_5_val_read, i4 0" [firmware/nnet_utils/nnet_mult.h:73->firmware/nnet_utils/nnet_dense_latency.h:42]   --->   Operation 160 'bitconcatenate' 'tmp_847' <Predicate = true> <Delay = 0.00>
ST_6 : Operation 161 [1/1] (0.00ns)   --->   "%sext_ln73_1190 = sext i14 %tmp_847" [firmware/nnet_utils/nnet_mult.h:73->firmware/nnet_utils/nnet_dense_latency.h:42]   --->   Operation 161 'sext' 'sext_ln73_1190' <Predicate = true> <Delay = 0.00>
ST_6 : Operation 162 [1/1] (1.41ns)   --->   "%sub_ln73_699 = sub i17 %sext_ln73_1190, i17 %sext_ln73_1189" [firmware/nnet_utils/nnet_mult.h:73->firmware/nnet_utils/nnet_dense_latency.h:42]   --->   Operation 162 'sub' 'sub_ln73_699' <Predicate = true> <Delay = 1.41> <CoreInst = "Adder">   --->   Core 1 'Adder' <Latency = 0> <II = 1> <Delay = 1.41> <FuncUnit> <Opcode : 'add' 'sub'> <InPorts = 2> <OutPorts = 1>
ST_6 : Operation 163 [1/1] (0.00ns)   --->   "%sext_ln73_51 = sext i17 %sub_ln73_699" [firmware/nnet_utils/nnet_mult.h:73->firmware/nnet_utils/nnet_dense_latency.h:42]   --->   Operation 163 'sext' 'sext_ln73_51' <Predicate = true> <Delay = 0.00>
ST_6 : Operation 164 [1/1] (0.00ns)   --->   "%tmp_848 = bitconcatenate i14 @_ssdm_op_BitConcatenate.i14.i10.i4, i10 %data_6_val_read, i4 0" [firmware/nnet_utils/nnet_mult.h:73->firmware/nnet_utils/nnet_dense_latency.h:42]   --->   Operation 164 'bitconcatenate' 'tmp_848' <Predicate = true> <Delay = 0.00>
ST_6 : Operation 165 [1/1] (0.00ns)   --->   "%sext_ln73_1191 = sext i14 %tmp_848" [firmware/nnet_utils/nnet_mult.h:73->firmware/nnet_utils/nnet_dense_latency.h:42]   --->   Operation 165 'sext' 'sext_ln73_1191' <Predicate = true> <Delay = 0.00>
ST_6 : Operation 166 [1/1] (0.00ns)   --->   "%tmp_849 = bitconcatenate i11 @_ssdm_op_BitConcatenate.i11.i10.i1, i10 %data_6_val_read, i1 0" [firmware/nnet_utils/nnet_mult.h:73->firmware/nnet_utils/nnet_dense_latency.h:42]   --->   Operation 166 'bitconcatenate' 'tmp_849' <Predicate = true> <Delay = 0.00>
ST_6 : Operation 167 [1/1] (0.00ns)   --->   "%sext_ln73_1192 = sext i11 %tmp_849" [firmware/nnet_utils/nnet_mult.h:73->firmware/nnet_utils/nnet_dense_latency.h:42]   --->   Operation 167 'sext' 'sext_ln73_1192' <Predicate = true> <Delay = 0.00>
ST_6 : Operation 168 [1/1] (1.38ns)   --->   "%add_ln73 = add i16 %sext_ln73_1191, i16 %sext_ln73_1192" [firmware/nnet_utils/nnet_mult.h:73->firmware/nnet_utils/nnet_dense_latency.h:42]   --->   Operation 168 'add' 'add_ln73' <Predicate = true> <Delay = 1.38> <CoreInst = "Adder">   --->   Core 1 'Adder' <Latency = 0> <II = 1> <Delay = 1.38> <FuncUnit> <Opcode : 'add' 'sub'> <InPorts = 2> <OutPorts = 1>
ST_6 : Operation 169 [1/1] (0.00ns)   --->   "%sext_ln73_58 = sext i16 %add_ln73" [firmware/nnet_utils/nnet_mult.h:73->firmware/nnet_utils/nnet_dense_latency.h:42]   --->   Operation 169 'sext' 'sext_ln73_58' <Predicate = true> <Delay = 0.00>
ST_6 : Operation 170 [1/1] (1.42ns)   --->   "%add_ln58_181 = add i18 %mul_ln70, i18 89856" [firmware/nnet_utils/nnet_dense_latency.h:58]   --->   Operation 170 'add' 'add_ln58_181' <Predicate = true> <Delay = 1.42> <CoreInst = "Adder">   --->   Core 1 'Adder' <Latency = 0> <II = 1> <Delay = 1.42> <FuncUnit> <Opcode : 'add' 'sub'> <InPorts = 2> <OutPorts = 1>
ST_6 : Operation 171 [1/1] (0.00ns)   --->   "%zext_ln58_1 = zext i18 %add_ln58_181" [firmware/nnet_utils/nnet_dense_latency.h:58]   --->   Operation 171 'zext' 'zext_ln58_1' <Predicate = true> <Delay = 0.00>
ST_6 : Operation 172 [1/1] (0.00ns)   --->   "%sext_ln58_10 = sext i20 %add_ln58_187" [firmware/nnet_utils/nnet_dense_latency.h:58]   --->   Operation 172 'sext' 'sext_ln58_10' <Predicate = true> <Delay = 0.00>
ST_6 : Operation 173 [1/1] (0.00ns) (grouped into TernaryAdder)   --->   "%add_ln58_191 = add i21 %mul_ln73_39, i21 %zext_ln58_1" [firmware/nnet_utils/nnet_dense_latency.h:58]   --->   Operation 173 'add' 'add_ln58_191' <Predicate = true> <Delay = 0.00> <CoreInst = "TAddSub">   --->   Core 10 'TAddSub' <Latency = 0> <II = 1> <Delay = 0.51> <IPBlock> <Opcode : 'add' 'sub'> <InPorts = 3> <OutPorts = 1> <Sync> <CReg>
ST_6 : Operation 174 [1/1] (1.02ns) (root node of TernaryAdder)   --->   "%add_ln58_192 = add i21 %add_ln58_191, i21 %mul_ln73_47" [firmware/nnet_utils/nnet_dense_latency.h:58]   --->   Operation 174 'add' 'add_ln58_192' <Predicate = true> <Delay = 1.02> <CoreInst = "TAddSub">   --->   Core 10 'TAddSub' <Latency = 0> <II = 1> <Delay = 0.51> <IPBlock> <Opcode : 'add' 'sub'> <InPorts = 3> <OutPorts = 1> <Sync> <CReg>
ST_6 : Operation 175 [1/1] (0.00ns)   --->   "%sext_ln58_14 = sext i21 %add_ln58_192" [firmware/nnet_utils/nnet_dense_latency.h:58]   --->   Operation 175 'sext' 'sext_ln58_14' <Predicate = true> <Delay = 0.00>
ST_6 : Operation 176 [1/1] (0.00ns) (grouped into TernaryAdder)   --->   "%add_ln58_196 = add i21 %mul_ln73_44, i21 %sext_ln58_10" [firmware/nnet_utils/nnet_dense_latency.h:58]   --->   Operation 176 'add' 'add_ln58_196' <Predicate = true> <Delay = 0.00> <CoreInst = "TAddSub">   --->   Core 10 'TAddSub' <Latency = 0> <II = 1> <Delay = 0.51> <IPBlock> <Opcode : 'add' 'sub'> <InPorts = 3> <OutPorts = 1> <Sync> <CReg>
ST_6 : Operation 177 [1/1] (1.02ns) (root node of TernaryAdder)   --->   "%add_ln58_197 = add i21 %add_ln58_196, i21 %mul_ln73_52" [firmware/nnet_utils/nnet_dense_latency.h:58]   --->   Operation 177 'add' 'add_ln58_197' <Predicate = true> <Delay = 1.02> <CoreInst = "TAddSub">   --->   Core 10 'TAddSub' <Latency = 0> <II = 1> <Delay = 0.51> <IPBlock> <Opcode : 'add' 'sub'> <InPorts = 3> <OutPorts = 1> <Sync> <CReg>
ST_6 : Operation 178 [1/1] (0.00ns) (grouped into TernaryAdder)   --->   "%add_ln58_198 = add i21 %mul_ln73_31, i21 %sext_ln73_34" [firmware/nnet_utils/nnet_dense_latency.h:58]   --->   Operation 178 'add' 'add_ln58_198' <Predicate = true> <Delay = 0.00> <CoreInst = "TAddSub">   --->   Core 10 'TAddSub' <Latency = 0> <II = 1> <Delay = 0.51> <IPBlock> <Opcode : 'add' 'sub'> <InPorts = 3> <OutPorts = 1> <Sync> <CReg>
ST_6 : Operation 179 [1/1] (0.00ns)   --->   "%zext_ln58_4 = zext i18 %add_ln58_199" [firmware/nnet_utils/nnet_dense_latency.h:58]   --->   Operation 179 'zext' 'zext_ln58_4' <Predicate = true> <Delay = 0.00>
ST_6 : Operation 180 [1/1] (1.43ns)   --->   "%add_ln58_200 = add i20 %zext_ln58_4, i20 %mul_ln73_54" [firmware/nnet_utils/nnet_dense_latency.h:58]   --->   Operation 180 'add' 'add_ln58_200' <Predicate = true> <Delay = 1.43> <CoreInst = "Adder">   --->   Core 1 'Adder' <Latency = 0> <II = 1> <Delay = 1.43> <FuncUnit> <Opcode : 'add' 'sub'> <InPorts = 2> <OutPorts = 1>
ST_6 : Operation 181 [1/1] (0.00ns)   --->   "%sext_ln58_32 = sext i20 %add_ln58_200" [firmware/nnet_utils/nnet_dense_latency.h:58]   --->   Operation 181 'sext' 'sext_ln58_32' <Predicate = true> <Delay = 0.00>
ST_6 : Operation 182 [1/1] (1.02ns) (root node of TernaryAdder)   --->   "%add_ln58_201 = add i21 %sext_ln58_32, i21 %add_ln58_198" [firmware/nnet_utils/nnet_dense_latency.h:58]   --->   Operation 182 'add' 'add_ln58_201' <Predicate = true> <Delay = 1.02> <CoreInst = "TAddSub">   --->   Core 10 'TAddSub' <Latency = 0> <II = 1> <Delay = 0.51> <IPBlock> <Opcode : 'add' 'sub'> <InPorts = 3> <OutPorts = 1> <Sync> <CReg>
ST_6 : Operation 183 [1/1] (0.00ns) (grouped into TernaryAdder)   --->   "%add_ln58_211 = add i22 %sext_ln58_14, i22 %sext_ln70" [firmware/nnet_utils/nnet_dense_latency.h:58]   --->   Operation 183 'add' 'add_ln58_211' <Predicate = true> <Delay = 0.00> <CoreInst = "TAddSub">   --->   Core 10 'TAddSub' <Latency = 0> <II = 1> <Delay = 0.51> <IPBlock> <Opcode : 'add' 'sub'> <InPorts = 3> <OutPorts = 1> <Sync> <CReg>
ST_6 : Operation 184 [1/1] (0.00ns)   --->   "%sext_ln58_37 = sext i21 %add_ln58_213" [firmware/nnet_utils/nnet_dense_latency.h:58]   --->   Operation 184 'sext' 'sext_ln58_37' <Predicate = true> <Delay = 0.00>
ST_6 : Operation 185 [1/1] (1.02ns) (root node of TernaryAdder)   --->   "%add_ln58_214 = add i22 %sext_ln58_37, i22 %add_ln58_211" [firmware/nnet_utils/nnet_dense_latency.h:58]   --->   Operation 185 'add' 'add_ln58_214' <Predicate = true> <Delay = 1.02> <CoreInst = "TAddSub">   --->   Core 10 'TAddSub' <Latency = 0> <II = 1> <Delay = 0.51> <IPBlock> <Opcode : 'add' 'sub'> <InPorts = 3> <OutPorts = 1> <Sync> <CReg>
ST_6 : Operation 186 [1/1] (1.42ns)   --->   "%add_ln58_230 = add i18 %mul_ln73_82, i18 %sext_ln73_58" [firmware/nnet_utils/nnet_dense_latency.h:58]   --->   Operation 186 'add' 'add_ln58_230' <Predicate = true> <Delay = 1.42> <CoreInst = "Adder">   --->   Core 1 'Adder' <Latency = 0> <II = 1> <Delay = 1.42> <FuncUnit> <Opcode : 'add' 'sub'> <InPorts = 2> <OutPorts = 1>
ST_6 : Operation 187 [1/1] (1.43ns)   --->   "%add_ln58_237 = add i19 %mul_ln73_78, i19 %sext_ln73_51" [firmware/nnet_utils/nnet_dense_latency.h:58]   --->   Operation 187 'add' 'add_ln58_237' <Predicate = true> <Delay = 1.43> <CoreInst = "Adder">   --->   Core 1 'Adder' <Latency = 0> <II = 1> <Delay = 1.43> <FuncUnit> <Opcode : 'add' 'sub'> <InPorts = 2> <OutPorts = 1>

State 7 <SV = 6> <Delay = 3.40>
ST_7 : Operation 188 [1/1] (0.00ns)   --->   "%sext_ln73_39 = sext i20 %mul_ln73_49" [firmware/nnet_utils/nnet_mult.h:73->firmware/nnet_utils/nnet_dense_latency.h:42]   --->   Operation 188 'sext' 'sext_ln73_39' <Predicate = true> <Delay = 0.00>
ST_7 : Operation 189 [1/1] (0.00ns)   --->   "%sext_ln73_44 = sext i21 %mul_ln73_60" [firmware/nnet_utils/nnet_mult.h:73->firmware/nnet_utils/nnet_dense_latency.h:42]   --->   Operation 189 'sext' 'sext_ln73_44' <Predicate = true> <Delay = 0.00>
ST_7 : Operation 190 [1/1] (0.00ns)   --->   "%sext_ln73_54 = sext i10 %data_6_val_read" [firmware/nnet_utils/nnet_mult.h:73->firmware/nnet_utils/nnet_dense_latency.h:42]   --->   Operation 190 'sext' 'sext_ln73_54' <Predicate = true> <Delay = 0.00>
ST_7 : Operation 191 [1/1] (2.52ns)   --->   "%mul_ln73_72 = mul i19 %sext_ln73_55, i19 204" [firmware/nnet_utils/nnet_mult.h:73->firmware/nnet_utils/nnet_dense_latency.h:42]   --->   Operation 191 'mul' 'mul_ln73_72' <Predicate = true> <Delay = 2.52> <CoreInst = "Multiplier">   --->   Core 3 'Multiplier' <Latency = 0> <II = 1> <Delay = 2.52> <FuncUnit> <Opcode : 'mul'> <InPorts = 2> <OutPorts = 1>
ST_7 : Operation 192 [1/1] (3.40ns)   --->   "%mul_ln73_73 = mul i21 %sext_ln73_54, i21 2096401" [firmware/nnet_utils/nnet_mult.h:73->firmware/nnet_utils/nnet_dense_latency.h:42]   --->   Operation 192 'mul' 'mul_ln73_73' <Predicate = true> <Delay = 3.40> <CoreInst = "Multiplier">   --->   Core 3 'Multiplier' <Latency = 0> <II = 1> <Delay = 3.40> <FuncUnit> <Opcode : 'mul'> <InPorts = 2> <OutPorts = 1>
ST_7 : Operation 193 [1/1] (2.52ns)   --->   "%mul_ln73_74 = mul i19 %sext_ln73_55, i19 524073" [firmware/nnet_utils/nnet_mult.h:73->firmware/nnet_utils/nnet_dense_latency.h:42]   --->   Operation 193 'mul' 'mul_ln73_74' <Predicate = true> <Delay = 2.52> <CoreInst = "Multiplier">   --->   Core 3 'Multiplier' <Latency = 0> <II = 1> <Delay = 2.52> <FuncUnit> <Opcode : 'mul'> <InPorts = 2> <OutPorts = 1>
ST_7 : Operation 194 [1/1] (3.40ns)   --->   "%mul_ln73_77 = mul i21 %sext_ln73_54, i21 2096551" [firmware/nnet_utils/nnet_mult.h:73->firmware/nnet_utils/nnet_dense_latency.h:42]   --->   Operation 194 'mul' 'mul_ln73_77' <Predicate = true> <Delay = 3.40> <CoreInst = "Multiplier">   --->   Core 3 'Multiplier' <Latency = 0> <II = 1> <Delay = 3.40> <FuncUnit> <Opcode : 'mul'> <InPorts = 2> <OutPorts = 1>
ST_7 : Operation 195 [1/1] (0.00ns)   --->   "%sext_ln73_61 = sext i10 %data_7_val_read" [firmware/nnet_utils/nnet_mult.h:73->firmware/nnet_utils/nnet_dense_latency.h:42]   --->   Operation 195 'sext' 'sext_ln73_61' <Predicate = true> <Delay = 0.00>
ST_7 : Operation 196 [1/1] (0.00ns)   --->   "%sext_ln73_63 = sext i10 %data_7_val_read" [firmware/nnet_utils/nnet_mult.h:73->firmware/nnet_utils/nnet_dense_latency.h:42]   --->   Operation 196 'sext' 'sext_ln73_63' <Predicate = true> <Delay = 0.00>
ST_7 : Operation 197 [1/1] (2.52ns)   --->   "%mul_ln73_79 = mul i20 %sext_ln73_63, i20 265" [firmware/nnet_utils/nnet_mult.h:73->firmware/nnet_utils/nnet_dense_latency.h:42]   --->   Operation 197 'mul' 'mul_ln73_79' <Predicate = true> <Delay = 2.52> <CoreInst = "Multiplier">   --->   Core 3 'Multiplier' <Latency = 0> <II = 1> <Delay = 2.52> <FuncUnit> <Opcode : 'mul'> <InPorts = 2> <OutPorts = 1>
ST_7 : Operation 198 [1/1] (2.52ns)   --->   "%mul_ln73_80 = mul i20 %sext_ln73_63, i20 1048244" [firmware/nnet_utils/nnet_mult.h:73->firmware/nnet_utils/nnet_dense_latency.h:42]   --->   Operation 198 'mul' 'mul_ln73_80' <Predicate = true> <Delay = 2.52> <CoreInst = "Multiplier">   --->   Core 3 'Multiplier' <Latency = 0> <II = 1> <Delay = 2.52> <FuncUnit> <Opcode : 'mul'> <InPorts = 2> <OutPorts = 1>
ST_7 : Operation 199 [1/1] (0.00ns)   --->   "%tmp_850 = bitconcatenate i19 @_ssdm_op_BitConcatenate.i19.i10.i9, i10 %data_7_val_read, i9 0" [firmware/nnet_utils/nnet_mult.h:73->firmware/nnet_utils/nnet_dense_latency.h:42]   --->   Operation 199 'bitconcatenate' 'tmp_850' <Predicate = true> <Delay = 0.00>
ST_7 : Operation 200 [1/1] (0.00ns)   --->   "%sext_ln73_1193 = sext i19 %tmp_850" [firmware/nnet_utils/nnet_mult.h:73->firmware/nnet_utils/nnet_dense_latency.h:42]   --->   Operation 200 'sext' 'sext_ln73_1193' <Predicate = true> <Delay = 0.00>
ST_7 : Operation 201 [1/1] (0.00ns)   --->   "%tmp_851 = bitconcatenate i15 @_ssdm_op_BitConcatenate.i15.i10.i5, i10 %data_7_val_read, i5 0" [firmware/nnet_utils/nnet_mult.h:73->firmware/nnet_utils/nnet_dense_latency.h:42]   --->   Operation 201 'bitconcatenate' 'tmp_851' <Predicate = true> <Delay = 0.00>
ST_7 : Operation 202 [1/1] (0.00ns)   --->   "%sext_ln73_1194 = sext i15 %tmp_851" [firmware/nnet_utils/nnet_mult.h:73->firmware/nnet_utils/nnet_dense_latency.h:42]   --->   Operation 202 'sext' 'sext_ln73_1194' <Predicate = true> <Delay = 0.00>
ST_7 : Operation 203 [1/1] (1.43ns)   --->   "%sub_ln73_700 = sub i20 %sext_ln73_1194, i20 %sext_ln73_1193" [firmware/nnet_utils/nnet_mult.h:73->firmware/nnet_utils/nnet_dense_latency.h:42]   --->   Operation 203 'sub' 'sub_ln73_700' <Predicate = true> <Delay = 1.43> <CoreInst = "Adder">   --->   Core 1 'Adder' <Latency = 0> <II = 1> <Delay = 1.43> <FuncUnit> <Opcode : 'add' 'sub'> <InPorts = 2> <OutPorts = 1>
ST_7 : Operation 204 [1/1] (3.40ns)   --->   "%mul_ln73_84 = mul i21 %sext_ln73_61, i21 572" [firmware/nnet_utils/nnet_mult.h:73->firmware/nnet_utils/nnet_dense_latency.h:42]   --->   Operation 204 'mul' 'mul_ln73_84' <Predicate = true> <Delay = 3.40> <CoreInst = "Multiplier">   --->   Core 3 'Multiplier' <Latency = 0> <II = 1> <Delay = 3.40> <FuncUnit> <Opcode : 'mul'> <InPorts = 2> <OutPorts = 1>
ST_7 : Operation 205 [1/1] (2.52ns)   --->   "%mul_ln73_85 = mul i20 %sext_ln73_63, i20 1048148" [firmware/nnet_utils/nnet_mult.h:73->firmware/nnet_utils/nnet_dense_latency.h:42]   --->   Operation 205 'mul' 'mul_ln73_85' <Predicate = true> <Delay = 2.52> <CoreInst = "Multiplier">   --->   Core 3 'Multiplier' <Latency = 0> <II = 1> <Delay = 2.52> <FuncUnit> <Opcode : 'mul'> <InPorts = 2> <OutPorts = 1>
ST_7 : Operation 206 [1/1] (0.00ns)   --->   "%sext_ln58_9 = sext i21 %add_ln58_186" [firmware/nnet_utils/nnet_dense_latency.h:58]   --->   Operation 206 'sext' 'sext_ln58_9' <Predicate = true> <Delay = 0.00>
ST_7 : Operation 207 [1/1] (0.00ns)   --->   "%sext_ln58_12 = sext i20 %add_ln58_189" [firmware/nnet_utils/nnet_dense_latency.h:58]   --->   Operation 207 'sext' 'sext_ln58_12' <Predicate = true> <Delay = 0.00>
ST_7 : Operation 208 [1/1] (0.00ns)   --->   "%sext_ln58_15 = sext i20 %add_ln58_195" [firmware/nnet_utils/nnet_dense_latency.h:58]   --->   Operation 208 'sext' 'sext_ln58_15' <Predicate = true> <Delay = 0.00>
ST_7 : Operation 209 [1/1] (0.00ns)   --->   "%sext_ln58_16 = sext i21 %add_ln58_197" [firmware/nnet_utils/nnet_dense_latency.h:58]   --->   Operation 209 'sext' 'sext_ln58_16' <Predicate = true> <Delay = 0.00>
ST_7 : Operation 210 [1/1] (1.43ns)   --->   "%add_ln58_202 = add i21 %mul_ln73_56, i21 %sext_ln58_15" [firmware/nnet_utils/nnet_dense_latency.h:58]   --->   Operation 210 'add' 'add_ln58_202' <Predicate = true> <Delay = 1.43> <CoreInst = "Adder">   --->   Core 1 'Adder' <Latency = 0> <II = 1> <Delay = 1.43> <FuncUnit> <Opcode : 'add' 'sub'> <InPorts = 2> <OutPorts = 1>
ST_7 : Operation 211 [1/1] (0.00ns) (grouped into TernaryAdder)   --->   "%add_ln58_203 = add i21 %sext_ln58_12, i21 %sext_ln73_39" [firmware/nnet_utils/nnet_dense_latency.h:58]   --->   Operation 211 'add' 'add_ln58_203' <Predicate = true> <Delay = 0.00> <CoreInst = "TAddSub">   --->   Core 10 'TAddSub' <Latency = 0> <II = 1> <Delay = 0.51> <IPBlock> <Opcode : 'add' 'sub'> <InPorts = 3> <OutPorts = 1> <Sync> <CReg>
ST_7 : Operation 212 [1/1] (1.02ns) (root node of TernaryAdder)   --->   "%add_ln58_204 = add i21 %add_ln58_203, i21 %mul_ln73_57" [firmware/nnet_utils/nnet_dense_latency.h:58]   --->   Operation 212 'add' 'add_ln58_204' <Predicate = true> <Delay = 1.02> <CoreInst = "TAddSub">   --->   Core 10 'TAddSub' <Latency = 0> <II = 1> <Delay = 0.51> <IPBlock> <Opcode : 'add' 'sub'> <InPorts = 3> <OutPorts = 1> <Sync> <CReg>
ST_7 : Operation 213 [1/1] (0.00ns)   --->   "%trunc_ln58 = trunc i20 %mul_ln73_79" [firmware/nnet_utils/nnet_dense_latency.h:58]   --->   Operation 213 'trunc' 'trunc_ln58' <Predicate = true> <Delay = 0.00>
ST_7 : Operation 214 [1/1] (1.43ns)   --->   "%add_ln58_223 = add i21 %mul_ln73_43, i21 %mul_ln73_67" [firmware/nnet_utils/nnet_dense_latency.h:58]   --->   Operation 214 'add' 'add_ln58_223' <Predicate = true> <Delay = 1.43> <CoreInst = "Adder">   --->   Core 1 'Adder' <Latency = 0> <II = 1> <Delay = 1.43> <FuncUnit> <Opcode : 'add' 'sub'> <InPorts = 2> <OutPorts = 1>
ST_7 : Operation 215 [1/1] (0.00ns)   --->   "%sext_ln58_41 = sext i21 %add_ln58_223" [firmware/nnet_utils/nnet_dense_latency.h:58]   --->   Operation 215 'sext' 'sext_ln58_41' <Predicate = true> <Delay = 0.00>
ST_7 : Operation 216 [1/1] (0.00ns) (grouped into TernaryAdder)   --->   "%add_ln58_224 = add i22 %sext_ln58_41, i22 %sext_ln58_9" [firmware/nnet_utils/nnet_dense_latency.h:58]   --->   Operation 216 'add' 'add_ln58_224' <Predicate = true> <Delay = 0.00> <CoreInst = "TAddSub">   --->   Core 10 'TAddSub' <Latency = 0> <II = 1> <Delay = 0.51> <IPBlock> <Opcode : 'add' 'sub'> <InPorts = 3> <OutPorts = 1> <Sync> <CReg>
ST_7 : Operation 217 [1/1] (0.00ns)   --->   "%sext_ln58_44 = sext i21 %add_ln58_227" [firmware/nnet_utils/nnet_dense_latency.h:58]   --->   Operation 217 'sext' 'sext_ln58_44' <Predicate = true> <Delay = 0.00>
ST_7 : Operation 218 [1/1] (1.02ns) (root node of TernaryAdder)   --->   "%add_ln58_228 = add i22 %sext_ln58_44, i22 %add_ln58_224" [firmware/nnet_utils/nnet_dense_latency.h:58]   --->   Operation 218 'add' 'add_ln58_228' <Predicate = true> <Delay = 1.02> <CoreInst = "TAddSub">   --->   Core 10 'TAddSub' <Latency = 0> <II = 1> <Delay = 0.51> <IPBlock> <Opcode : 'add' 'sub'> <InPorts = 3> <OutPorts = 1> <Sync> <CReg>
ST_7 : Operation 219 [1/1] (0.00ns) (grouped into TernaryAdder)   --->   "%add_ln58_229 = add i22 %sext_ln58_16, i22 %sext_ln73_44" [firmware/nnet_utils/nnet_dense_latency.h:58]   --->   Operation 219 'add' 'add_ln58_229' <Predicate = true> <Delay = 0.00> <CoreInst = "TAddSub">   --->   Core 10 'TAddSub' <Latency = 0> <II = 1> <Delay = 0.51> <IPBlock> <Opcode : 'add' 'sub'> <InPorts = 3> <OutPorts = 1> <Sync> <CReg>
ST_7 : Operation 220 [1/1] (0.00ns)   --->   "%sext_ln58_45 = sext i18 %add_ln58_230" [firmware/nnet_utils/nnet_dense_latency.h:58]   --->   Operation 220 'sext' 'sext_ln58_45' <Predicate = true> <Delay = 0.00>
ST_7 : Operation 221 [1/1] (1.43ns)   --->   "%add_ln58_231 = add i20 %sext_ln58_45, i20 %mul_ln73_68" [firmware/nnet_utils/nnet_dense_latency.h:58]   --->   Operation 221 'add' 'add_ln58_231' <Predicate = true> <Delay = 1.43> <CoreInst = "Adder">   --->   Core 1 'Adder' <Latency = 0> <II = 1> <Delay = 1.43> <FuncUnit> <Opcode : 'add' 'sub'> <InPorts = 2> <OutPorts = 1>
ST_7 : Operation 222 [1/1] (0.00ns)   --->   "%sext_ln58_46 = sext i20 %add_ln58_231" [firmware/nnet_utils/nnet_dense_latency.h:58]   --->   Operation 222 'sext' 'sext_ln58_46' <Predicate = true> <Delay = 0.00>
ST_7 : Operation 223 [1/1] (1.02ns) (root node of TernaryAdder)   --->   "%add_ln58_232 = add i22 %sext_ln58_46, i22 %add_ln58_229" [firmware/nnet_utils/nnet_dense_latency.h:58]   --->   Operation 223 'add' 'add_ln58_232' <Predicate = true> <Delay = 1.02> <CoreInst = "TAddSub">   --->   Core 10 'TAddSub' <Latency = 0> <II = 1> <Delay = 0.51> <IPBlock> <Opcode : 'add' 'sub'> <InPorts = 3> <OutPorts = 1> <Sync> <CReg>
ST_7 : Operation 224 [1/1] (0.00ns)   --->   "%sext_ln58_48 = sext i19 %add_ln58_237" [firmware/nnet_utils/nnet_dense_latency.h:58]   --->   Operation 224 'sext' 'sext_ln58_48' <Predicate = true> <Delay = 0.00>
ST_7 : Operation 225 [1/1] (1.43ns)   --->   "%add_ln58_238 = add i20 %sext_ln58_48, i20 %mul_ln73_62" [firmware/nnet_utils/nnet_dense_latency.h:58]   --->   Operation 225 'add' 'add_ln58_238' <Predicate = true> <Delay = 1.43> <CoreInst = "Adder">   --->   Core 1 'Adder' <Latency = 0> <II = 1> <Delay = 1.43> <FuncUnit> <Opcode : 'add' 'sub'> <InPorts = 2> <OutPorts = 1>

State 8 <SV = 7> <Delay = 2.87>
ST_8 : Operation 226 [1/1] (0.00ns)   --->   "%specpipeline_ln26 = specpipeline void @_ssdm_op_SpecPipeline, i32 8, i32 0, i32 0, i32 0, i32 4294967295, void @empty_1" [firmware/nnet_utils/nnet_dense_latency.h:26]   --->   Operation 226 'specpipeline' 'specpipeline_ln26' <Predicate = true> <Delay = 0.00>
ST_8 : Operation 227 [1/1] (0.00ns)   --->   "%specresourcelimit_ln33 = specresourcelimit void @_ssdm_op_SpecResourceLimit, i64 8, void @empty_3, void @empty_1, void @empty_1, void @empty_1" [firmware/nnet_utils/nnet_dense_latency.h:33]   --->   Operation 227 'specresourcelimit' 'specresourcelimit_ln33' <Predicate = true> <Delay = 0.00>
ST_8 : Operation 228 [1/1] (0.00ns)   --->   "%sext_ln73_49 = sext i21 %mul_ln73_64" [firmware/nnet_utils/nnet_mult.h:73->firmware/nnet_utils/nnet_dense_latency.h:42]   --->   Operation 228 'sext' 'sext_ln73_49' <Predicate = true> <Delay = 0.00>
ST_8 : Operation 229 [1/1] (0.00ns)   --->   "%tmp_844 = bitconcatenate i20 @_ssdm_op_BitConcatenate.i20.i10.i10, i10 %data_5_val_read, i10 0" [firmware/nnet_utils/nnet_mult.h:73->firmware/nnet_utils/nnet_dense_latency.h:42]   --->   Operation 229 'bitconcatenate' 'tmp_844' <Predicate = true> <Delay = 0.00>
ST_8 : Operation 230 [1/1] (0.00ns)   --->   "%sext_ln73_1187 = sext i20 %tmp_844" [firmware/nnet_utils/nnet_mult.h:73->firmware/nnet_utils/nnet_dense_latency.h:42]   --->   Operation 230 'sext' 'sext_ln73_1187' <Predicate = true> <Delay = 0.00>
ST_8 : Operation 231 [1/1] (0.00ns)   --->   "%tmp_845 = bitconcatenate i18 @_ssdm_op_BitConcatenate.i18.i10.i8, i10 %data_5_val_read, i8 0" [firmware/nnet_utils/nnet_mult.h:73->firmware/nnet_utils/nnet_dense_latency.h:42]   --->   Operation 231 'bitconcatenate' 'tmp_845' <Predicate = true> <Delay = 0.00>
ST_8 : Operation 232 [1/1] (0.00ns)   --->   "%sext_ln73_1188 = sext i18 %tmp_845" [firmware/nnet_utils/nnet_mult.h:73->firmware/nnet_utils/nnet_dense_latency.h:42]   --->   Operation 232 'sext' 'sext_ln73_1188' <Predicate = true> <Delay = 0.00>
ST_8 : Operation 233 [1/1] (1.43ns)   --->   "%sub_ln73_698 = sub i21 %sext_ln73_1187, i21 %sext_ln73_1188" [firmware/nnet_utils/nnet_mult.h:73->firmware/nnet_utils/nnet_dense_latency.h:42]   --->   Operation 233 'sub' 'sub_ln73_698' <Predicate = true> <Delay = 1.43> <CoreInst = "Adder">   --->   Core 1 'Adder' <Latency = 0> <II = 1> <Delay = 1.43> <FuncUnit> <Opcode : 'add' 'sub'> <InPorts = 2> <OutPorts = 1>
ST_8 : Operation 234 [1/1] (0.00ns)   --->   "%sext_ln73_50 = sext i21 %sub_ln73_698" [firmware/nnet_utils/nnet_mult.h:73->firmware/nnet_utils/nnet_dense_latency.h:42]   --->   Operation 234 'sext' 'sext_ln73_50' <Predicate = true> <Delay = 0.00>
ST_8 : Operation 235 [1/1] (0.00ns)   --->   "%sext_ln73_56 = sext i21 %mul_ln73_73" [firmware/nnet_utils/nnet_mult.h:73->firmware/nnet_utils/nnet_dense_latency.h:42]   --->   Operation 235 'sext' 'sext_ln73_56' <Predicate = true> <Delay = 0.00>
ST_8 : Operation 236 [1/1] (0.00ns)   --->   "%sext_ln73_57 = sext i19 %mul_ln73_74" [firmware/nnet_utils/nnet_mult.h:73->firmware/nnet_utils/nnet_dense_latency.h:42]   --->   Operation 236 'sext' 'sext_ln73_57' <Predicate = true> <Delay = 0.00>
ST_8 : Operation 237 [1/1] (0.00ns)   --->   "%sext_ln73_66 = sext i20 %sub_ln73_700" [firmware/nnet_utils/nnet_mult.h:73->firmware/nnet_utils/nnet_dense_latency.h:42]   --->   Operation 237 'sext' 'sext_ln73_66' <Predicate = true> <Delay = 0.00>
ST_8 : Operation 238 [1/1] (0.00ns)   --->   "%sext_ln73_67 = sext i21 %mul_ln73_84" [firmware/nnet_utils/nnet_mult.h:73->firmware/nnet_utils/nnet_dense_latency.h:42]   --->   Operation 238 'sext' 'sext_ln73_67' <Predicate = true> <Delay = 0.00>
ST_8 : Operation 239 [1/1] (0.00ns)   --->   "%sext_ln58 = sext i20 %mul_ln73_85" [firmware/nnet_utils/nnet_dense_latency.h:58]   --->   Operation 239 'sext' 'sext_ln58' <Predicate = true> <Delay = 0.00>
ST_8 : Operation 240 [1/1] (0.00ns)   --->   "%sext_ln58_17 = sext i21 %add_ln58_201" [firmware/nnet_utils/nnet_dense_latency.h:58]   --->   Operation 240 'sext' 'sext_ln58_17' <Predicate = true> <Delay = 0.00>
ST_8 : Operation 241 [1/1] (0.00ns)   --->   "%sext_ln58_18 = sext i21 %add_ln58_202" [firmware/nnet_utils/nnet_dense_latency.h:58]   --->   Operation 241 'sext' 'sext_ln58_18' <Predicate = true> <Delay = 0.00>
ST_8 : Operation 242 [1/1] (0.00ns)   --->   "%sext_ln58_19 = sext i21 %add_ln58_204" [firmware/nnet_utils/nnet_dense_latency.h:58]   --->   Operation 242 'sext' 'sext_ln58_19' <Predicate = true> <Delay = 0.00>
ST_8 : Operation 243 [1/1] (0.00ns)   --->   "%sext_ln58_20 = sext i22 %add_ln58_206" [firmware/nnet_utils/nnet_dense_latency.h:58]   --->   Operation 243 'sext' 'sext_ln58_20' <Predicate = true> <Delay = 0.00>
ST_8 : Operation 244 [1/1] (0.00ns)   --->   "%sext_ln58_21 = sext i21 %add_ln58_210" [firmware/nnet_utils/nnet_dense_latency.h:58]   --->   Operation 244 'sext' 'sext_ln58_21' <Predicate = true> <Delay = 0.00>
ST_8 : Operation 245 [1/1] (0.00ns)   --->   "%sext_ln58_22 = sext i22 %add_ln58_214" [firmware/nnet_utils/nnet_dense_latency.h:58]   --->   Operation 245 'sext' 'sext_ln58_22' <Predicate = true> <Delay = 0.00>
ST_8 : Operation 246 [1/1] (0.00ns) (grouped into TernaryAdder)   --->   "%add_ln58_215 = add i22 %sext_ln58_18, i22 %sext_ln73_49" [firmware/nnet_utils/nnet_dense_latency.h:58]   --->   Operation 246 'add' 'add_ln58_215' <Predicate = true> <Delay = 0.00> <CoreInst = "TAddSub">   --->   Core 10 'TAddSub' <Latency = 0> <II = 1> <Delay = 0.51> <IPBlock> <Opcode : 'add' 'sub'> <InPorts = 3> <OutPorts = 1> <Sync> <CReg>
ST_8 : Operation 247 [1/1] (1.43ns)   --->   "%add_ln58_216 = add i19 %trunc_ln58, i19 %mul_ln73_72" [firmware/nnet_utils/nnet_dense_latency.h:58]   --->   Operation 247 'add' 'add_ln58_216' <Predicate = true> <Delay = 1.43> <CoreInst = "Adder">   --->   Core 1 'Adder' <Latency = 0> <II = 1> <Delay = 1.43> <FuncUnit> <Opcode : 'add' 'sub'> <InPorts = 2> <OutPorts = 1>
ST_8 : Operation 248 [1/1] (0.00ns)   --->   "%sext_ln58_38 = sext i19 %add_ln58_216" [firmware/nnet_utils/nnet_dense_latency.h:58]   --->   Operation 248 'sext' 'sext_ln58_38' <Predicate = true> <Delay = 0.00>
ST_8 : Operation 249 [1/1] (1.02ns) (root node of TernaryAdder)   --->   "%add_ln58_217 = add i22 %sext_ln58_38, i22 %add_ln58_215" [firmware/nnet_utils/nnet_dense_latency.h:58]   --->   Operation 249 'add' 'add_ln58_217' <Predicate = true> <Delay = 1.02> <CoreInst = "TAddSub">   --->   Core 10 'TAddSub' <Latency = 0> <II = 1> <Delay = 0.51> <IPBlock> <Opcode : 'add' 'sub'> <InPorts = 3> <OutPorts = 1> <Sync> <CReg>
ST_8 : Operation 250 [1/1] (0.00ns)   --->   "%sext_ln58_24 = sext i22 %add_ln58_217" [firmware/nnet_utils/nnet_dense_latency.h:58]   --->   Operation 250 'sext' 'sext_ln58_24' <Predicate = true> <Delay = 0.00>
ST_8 : Operation 251 [1/1] (0.00ns) (grouped into TernaryAdder)   --->   "%add_ln58_218 = add i22 %sext_ln58_19, i22 %sext_ln73_56" [firmware/nnet_utils/nnet_dense_latency.h:58]   --->   Operation 251 'add' 'add_ln58_218' <Predicate = true> <Delay = 0.00> <CoreInst = "TAddSub">   --->   Core 10 'TAddSub' <Latency = 0> <II = 1> <Delay = 0.51> <IPBlock> <Opcode : 'add' 'sub'> <InPorts = 3> <OutPorts = 1> <Sync> <CReg>
ST_8 : Operation 252 [1/1] (1.43ns)   --->   "%add_ln58_219 = add i20 %mul_ln73_65, i20 %mul_ln73_79" [firmware/nnet_utils/nnet_dense_latency.h:58]   --->   Operation 252 'add' 'add_ln58_219' <Predicate = true> <Delay = 1.43> <CoreInst = "Adder">   --->   Core 1 'Adder' <Latency = 0> <II = 1> <Delay = 1.43> <FuncUnit> <Opcode : 'add' 'sub'> <InPorts = 2> <OutPorts = 1>
ST_8 : Operation 253 [1/1] (0.00ns)   --->   "%sext_ln58_39 = sext i20 %add_ln58_219" [firmware/nnet_utils/nnet_dense_latency.h:58]   --->   Operation 253 'sext' 'sext_ln58_39' <Predicate = true> <Delay = 0.00>
ST_8 : Operation 254 [1/1] (1.02ns) (root node of TernaryAdder)   --->   "%add_ln58_220 = add i22 %sext_ln58_39, i22 %add_ln58_218" [firmware/nnet_utils/nnet_dense_latency.h:58]   --->   Operation 254 'add' 'add_ln58_220' <Predicate = true> <Delay = 1.02> <CoreInst = "TAddSub">   --->   Core 10 'TAddSub' <Latency = 0> <II = 1> <Delay = 0.51> <IPBlock> <Opcode : 'add' 'sub'> <InPorts = 3> <OutPorts = 1> <Sync> <CReg>
ST_8 : Operation 255 [1/1] (0.00ns)   --->   "%sext_ln58_25 = sext i22 %add_ln58_220" [firmware/nnet_utils/nnet_dense_latency.h:58]   --->   Operation 255 'sext' 'sext_ln58_25' <Predicate = true> <Delay = 0.00>
ST_8 : Operation 256 [1/1] (1.43ns)   --->   "%add_ln58_221 = add i20 %mul_ln73_80, i20 %sext_ln73_57" [firmware/nnet_utils/nnet_dense_latency.h:58]   --->   Operation 256 'add' 'add_ln58_221' <Predicate = true> <Delay = 1.43> <CoreInst = "Adder">   --->   Core 1 'Adder' <Latency = 0> <II = 1> <Delay = 1.43> <FuncUnit> <Opcode : 'add' 'sub'> <InPorts = 2> <OutPorts = 1>
ST_8 : Operation 257 [1/1] (0.00ns)   --->   "%sext_ln58_40 = sext i20 %add_ln58_221" [firmware/nnet_utils/nnet_dense_latency.h:58]   --->   Operation 257 'sext' 'sext_ln58_40' <Predicate = true> <Delay = 0.00>
ST_8 : Operation 258 [1/1] (1.43ns)   --->   "%add_ln58_222 = add i22 %sext_ln58_40, i22 %sext_ln58_21" [firmware/nnet_utils/nnet_dense_latency.h:58]   --->   Operation 258 'add' 'add_ln58_222' <Predicate = true> <Delay = 1.43> <CoreInst = "Adder">   --->   Core 1 'Adder' <Latency = 0> <II = 1> <Delay = 1.43> <FuncUnit> <Opcode : 'add' 'sub'> <InPorts = 2> <OutPorts = 1>
ST_8 : Operation 259 [1/1] (0.00ns)   --->   "%sext_ln58_26 = sext i22 %add_ln58_222" [firmware/nnet_utils/nnet_dense_latency.h:58]   --->   Operation 259 'sext' 'sext_ln58_26' <Predicate = true> <Delay = 0.00>
ST_8 : Operation 260 [1/1] (0.00ns)   --->   "%sext_ln58_27 = sext i22 %add_ln58_228" [firmware/nnet_utils/nnet_dense_latency.h:58]   --->   Operation 260 'sext' 'sext_ln58_27' <Predicate = true> <Delay = 0.00>
ST_8 : Operation 261 [1/1] (0.00ns)   --->   "%sext_ln58_28 = sext i22 %add_ln58_232" [firmware/nnet_utils/nnet_dense_latency.h:58]   --->   Operation 261 'sext' 'sext_ln58_28' <Predicate = true> <Delay = 0.00>
ST_8 : Operation 262 [1/1] (0.00ns) (grouped into TernaryAdder)   --->   "%add_ln58_233 = add i23 %sext_ln58_20, i23 %sext_ln73_50" [firmware/nnet_utils/nnet_dense_latency.h:58]   --->   Operation 262 'add' 'add_ln58_233' <Predicate = true> <Delay = 0.00> <CoreInst = "TAddSub">   --->   Core 10 'TAddSub' <Latency = 0> <II = 1> <Delay = 0.51> <IPBlock> <Opcode : 'add' 'sub'> <InPorts = 3> <OutPorts = 1> <Sync> <CReg>
ST_8 : Operation 263 [1/1] (1.43ns)   --->   "%add_ln58_234 = add i21 %mul_ln73_77, i21 %sext_ln73_66" [firmware/nnet_utils/nnet_dense_latency.h:58]   --->   Operation 263 'add' 'add_ln58_234' <Predicate = true> <Delay = 1.43> <CoreInst = "Adder">   --->   Core 1 'Adder' <Latency = 0> <II = 1> <Delay = 1.43> <FuncUnit> <Opcode : 'add' 'sub'> <InPorts = 2> <OutPorts = 1>
ST_8 : Operation 264 [1/1] (0.00ns)   --->   "%sext_ln58_47 = sext i21 %add_ln58_234" [firmware/nnet_utils/nnet_dense_latency.h:58]   --->   Operation 264 'sext' 'sext_ln58_47' <Predicate = true> <Delay = 0.00>
ST_8 : Operation 265 [1/1] (1.03ns) (root node of TernaryAdder)   --->   "%add_ln58_235 = add i23 %sext_ln58_47, i23 %add_ln58_233" [firmware/nnet_utils/nnet_dense_latency.h:58]   --->   Operation 265 'add' 'add_ln58_235' <Predicate = true> <Delay = 1.03> <CoreInst = "TAddSub">   --->   Core 10 'TAddSub' <Latency = 0> <II = 1> <Delay = 0.51> <IPBlock> <Opcode : 'add' 'sub'> <InPorts = 3> <OutPorts = 1> <Sync> <CReg>
ST_8 : Operation 266 [1/1] (0.00ns)   --->   "%sext_ln58_29 = sext i23 %add_ln58_235" [firmware/nnet_utils/nnet_dense_latency.h:58]   --->   Operation 266 'sext' 'sext_ln58_29' <Predicate = true> <Delay = 0.00>
ST_8 : Operation 267 [1/1] (0.00ns) (grouped into TernaryAdder)   --->   "%add_ln58_236 = add i22 %sext_ln58_17, i22 %sext_ln73_67" [firmware/nnet_utils/nnet_dense_latency.h:58]   --->   Operation 267 'add' 'add_ln58_236' <Predicate = true> <Delay = 0.00> <CoreInst = "TAddSub">   --->   Core 10 'TAddSub' <Latency = 0> <II = 1> <Delay = 0.51> <IPBlock> <Opcode : 'add' 'sub'> <InPorts = 3> <OutPorts = 1> <Sync> <CReg>
ST_8 : Operation 268 [1/1] (0.00ns)   --->   "%sext_ln58_49 = sext i20 %add_ln58_238" [firmware/nnet_utils/nnet_dense_latency.h:58]   --->   Operation 268 'sext' 'sext_ln58_49' <Predicate = true> <Delay = 0.00>
ST_8 : Operation 269 [1/1] (1.02ns) (root node of TernaryAdder)   --->   "%add_ln58_239 = add i22 %sext_ln58_49, i22 %add_ln58_236" [firmware/nnet_utils/nnet_dense_latency.h:58]   --->   Operation 269 'add' 'add_ln58_239' <Predicate = true> <Delay = 1.02> <CoreInst = "TAddSub">   --->   Core 10 'TAddSub' <Latency = 0> <II = 1> <Delay = 0.51> <IPBlock> <Opcode : 'add' 'sub'> <InPorts = 3> <OutPorts = 1> <Sync> <CReg>
ST_8 : Operation 270 [1/1] (0.00ns)   --->   "%sext_ln58_30 = sext i22 %add_ln58_239" [firmware/nnet_utils/nnet_dense_latency.h:58]   --->   Operation 270 'sext' 'sext_ln58_30' <Predicate = true> <Delay = 0.00>
ST_8 : Operation 271 [1/1] (1.44ns)   --->   "%add_ln58_240 = add i23 %sext_ln58_22, i23 %sext_ln58" [firmware/nnet_utils/nnet_dense_latency.h:58]   --->   Operation 271 'add' 'add_ln58_240' <Predicate = true> <Delay = 1.44> <CoreInst = "Adder">   --->   Core 1 'Adder' <Latency = 0> <II = 1> <Delay = 1.44> <FuncUnit> <Opcode : 'add' 'sub'> <InPorts = 2> <OutPorts = 1>
ST_8 : Operation 272 [1/1] (0.00ns)   --->   "%sext_ln68 = sext i23 %add_ln58_240" [firmware/nnet_utils/nnet_dense_latency.h:68]   --->   Operation 272 'sext' 'sext_ln68' <Predicate = true> <Delay = 0.00>
ST_8 : Operation 273 [1/1] (0.00ns)   --->   "%mrv = insertvalue i240 <undef>, i30 %sext_ln58_24" [firmware/nnet_utils/nnet_dense_latency.h:68]   --->   Operation 273 'insertvalue' 'mrv' <Predicate = true> <Delay = 0.00>
ST_8 : Operation 274 [1/1] (0.00ns)   --->   "%mrv_1 = insertvalue i240 %mrv, i30 %sext_ln58_25" [firmware/nnet_utils/nnet_dense_latency.h:68]   --->   Operation 274 'insertvalue' 'mrv_1' <Predicate = true> <Delay = 0.00>
ST_8 : Operation 275 [1/1] (0.00ns)   --->   "%mrv_2 = insertvalue i240 %mrv_1, i30 %sext_ln58_26" [firmware/nnet_utils/nnet_dense_latency.h:68]   --->   Operation 275 'insertvalue' 'mrv_2' <Predicate = true> <Delay = 0.00>
ST_8 : Operation 276 [1/1] (0.00ns)   --->   "%mrv_3 = insertvalue i240 %mrv_2, i30 %sext_ln58_27" [firmware/nnet_utils/nnet_dense_latency.h:68]   --->   Operation 276 'insertvalue' 'mrv_3' <Predicate = true> <Delay = 0.00>
ST_8 : Operation 277 [1/1] (0.00ns)   --->   "%mrv_4 = insertvalue i240 %mrv_3, i30 %sext_ln58_28" [firmware/nnet_utils/nnet_dense_latency.h:68]   --->   Operation 277 'insertvalue' 'mrv_4' <Predicate = true> <Delay = 0.00>
ST_8 : Operation 278 [1/1] (0.00ns)   --->   "%mrv_5 = insertvalue i240 %mrv_4, i30 %sext_ln58_29" [firmware/nnet_utils/nnet_dense_latency.h:68]   --->   Operation 278 'insertvalue' 'mrv_5' <Predicate = true> <Delay = 0.00>
ST_8 : Operation 279 [1/1] (0.00ns)   --->   "%mrv_6 = insertvalue i240 %mrv_5, i30 %sext_ln58_30" [firmware/nnet_utils/nnet_dense_latency.h:68]   --->   Operation 279 'insertvalue' 'mrv_6' <Predicate = true> <Delay = 0.00>
ST_8 : Operation 280 [1/1] (0.00ns)   --->   "%mrv_7 = insertvalue i240 %mrv_6, i30 %sext_ln68" [firmware/nnet_utils/nnet_dense_latency.h:68]   --->   Operation 280 'insertvalue' 'mrv_7' <Predicate = true> <Delay = 0.00>
ST_8 : Operation 281 [1/1] (0.00ns)   --->   "%ret_ln68 = ret i240 %mrv_7" [firmware/nnet_utils/nnet_dense_latency.h:68]   --->   Operation 281 'ret' 'ret_ln68' <Predicate = true> <Delay = 0.00>


============================================================
+ Verbose Summary: Binding
============================================================
STG Binding: 
---------------- STG Properties BEGIN ----------------
- Is combinational: 0
- Is one-state seq: 0
- Is datapath-only: 0
- Is pipelined: 1
- Is top level: 0
Port [ Return ] is wired: 1; IO mode=ap_ctrl_hs:ce=0
Port [ data_0_val]:  wired=1; compound=0; hidden=0; nouse=0; global=0; static=0; extern=0; dir=0; type=0; pingpong=0; private_global=0; IO mode=ap_none:ce=0
Port [ data_1_val]:  wired=1; compound=0; hidden=0; nouse=0; global=0; static=0; extern=0; dir=0; type=0; pingpong=0; private_global=0; IO mode=ap_none:ce=0
Port [ data_2_val]:  wired=1; compound=0; hidden=0; nouse=0; global=0; static=0; extern=0; dir=0; type=0; pingpong=0; private_global=0; IO mode=ap_none:ce=0
Port [ data_3_val]:  wired=1; compound=0; hidden=0; nouse=0; global=0; static=0; extern=0; dir=0; type=0; pingpong=0; private_global=0; IO mode=ap_none:ce=0
Port [ data_4_val]:  wired=1; compound=0; hidden=0; nouse=0; global=0; static=0; extern=0; dir=0; type=0; pingpong=0; private_global=0; IO mode=ap_none:ce=0
Port [ data_5_val]:  wired=1; compound=0; hidden=0; nouse=0; global=0; static=0; extern=0; dir=0; type=0; pingpong=0; private_global=0; IO mode=ap_none:ce=0
Port [ data_6_val]:  wired=1; compound=0; hidden=0; nouse=0; global=0; static=0; extern=0; dir=0; type=0; pingpong=0; private_global=0; IO mode=ap_none:ce=0
Port [ data_7_val]:  wired=1; compound=0; hidden=0; nouse=0; global=0; static=0; extern=0; dir=0; type=0; pingpong=0; private_global=0; IO mode=ap_none:ce=0
---------------- STG Properties END ------------------

---------------- Datapath Model BEGIN ----------------

<LifeTime>
<method=bitvector/>
data_1_val_read        (read             ) [ 001110000]
data_0_val_read        (read             ) [ 001110000]
sext_ln73_16           (sext             ) [ 000000000]
sext_ln73_18           (sext             ) [ 000000000]
mul_ln73               (mul              ) [ 001100000]
mul_ln73_27            (mul              ) [ 001110000]
sext_ln73_19           (sext             ) [ 000000000]
mul_ln73_29            (mul              ) [ 001111000]
mul_ln73_30            (mul              ) [ 001000000]
mul_ln70               (mul              ) [ 001111100]
sext_ln73_23           (sext             ) [ 000000000]
mul_ln73_33            (mul              ) [ 001110000]
mul_ln73_35            (mul              ) [ 001111000]
mul_ln73_37            (mul              ) [ 001000000]
data_4_val_read        (read             ) [ 000100000]
data_3_val_read        (read             ) [ 000100000]
data_2_val_read        (read             ) [ 000110000]
sext_ln73_28           (sext             ) [ 000000000]
sext_ln73_29           (sext             ) [ 000000000]
mul_ln73_38            (mul              ) [ 000111000]
sext_ln73_31           (sext             ) [ 000111000]
mul_ln73_45            (mul              ) [ 000100000]
sext_ln73_35           (sext             ) [ 000111000]
sext_ln73_37           (sext             ) [ 000111000]
sext_ln73_38           (sext             ) [ 000000000]
mul_ln73_48            (mul              ) [ 000100000]
mul_ln73_51            (mul              ) [ 000100000]
mul_ln73_53            (mul              ) [ 000100000]
sext_ln73_42           (sext             ) [ 000111100]
sext_ln73_43           (sext             ) [ 000111100]
mul_ln73_58            (mul              ) [ 000110000]
mul_ln73_59            (mul              ) [ 000100000]
mul_ln73_61            (mul              ) [ 000100000]
add_ln58_180           (add              ) [ 000000000]
zext_ln58              (zext             ) [ 000000000]
add_ln58_188           (add              ) [ 000100000]
data_7_val_read        (read             ) [ 000011110]
data_6_val_read        (read             ) [ 000011110]
data_5_val_read        (read             ) [ 000011111]
sext_ln73_22           (sext             ) [ 000000000]
tmp_842                (bitconcatenate   ) [ 000000000]
sext_ln73_1185         (sext             ) [ 000000000]
sub_ln73_695           (sub              ) [ 000000000]
sub_ln73_696           (sub              ) [ 000010000]
sext_ln73_36           (sext             ) [ 000000000]
tmp_843                (bitconcatenate   ) [ 000000000]
sext_ln73_1186         (sext             ) [ 000000000]
sub_ln73_697           (sub              ) [ 000010000]
sext_ln73_41           (sext             ) [ 000000000]
mul_ln73_63            (mul              ) [ 000010000]
sext_ln73_46           (sext             ) [ 000000000]
sext_ln73_48           (sext             ) [ 000011100]
mul_ln73_66            (mul              ) [ 000010000]
mul_ln73_71            (mul              ) [ 000010000]
sext_ln73_53           (sext             ) [ 000000000]
sext_ln73_55           (sext             ) [ 000011110]
mul_ln73_75            (mul              ) [ 000010000]
mul_ln73_78            (mul              ) [ 000011100]
mul_ln70_1             (mul              ) [ 000010000]
sext_ln73_62           (sext             ) [ 000000000]
mul_ln73_81            (mul              ) [ 000010000]
sext_ln73_65           (sext             ) [ 000000000]
mul_ln73_82            (mul              ) [ 000011100]
add_ln58               (add              ) [ 000000000]
sext_ln58_23           (sext             ) [ 000000000]
sext_ln58_11           (sext             ) [ 000000000]
add_ln58_190           (add              ) [ 000000000]
sext_ln58_13           (sext             ) [ 000000000]
add_ln58_194           (add              ) [ 000010000]
add_ln58_205           (add              ) [ 000000000]
sext_ln58_33           (sext             ) [ 000000000]
add_ln58_206           (add              ) [ 000011111]
add_ln58_225           (add              ) [ 000010000]
sext_ln73              (sext             ) [ 000000000]
tmp                    (bitconcatenate   ) [ 000000000]
sext_ln73_1183         (sext             ) [ 000000000]
tmp_841                (bitconcatenate   ) [ 000000000]
sext_ln73_1184         (sext             ) [ 000000000]
sub_ln73               (sub              ) [ 000000000]
mul_ln73_28            (mul              ) [ 000001000]
mul_ln73_31            (mul              ) [ 000001100]
sext_ln73_20           (sext             ) [ 000000000]
sext_ln73_21           (sext             ) [ 000000000]
sext_ln73_24           (sext             ) [ 000000000]
mul_ln73_32            (mul              ) [ 000000000]
sext_ln73_25           (sext             ) [ 000000000]
mul_ln73_36            (mul              ) [ 000001000]
mul_ln73_39            (mul              ) [ 000001100]
sext_ln73_30           (sext             ) [ 000001000]
sext_ln73_32           (sext             ) [ 000000000]
mul_ln73_40            (mul              ) [ 000000000]
sext_ln73_33           (sext             ) [ 000000000]
mul_ln73_41            (mul              ) [ 000001000]
mul_ln73_42            (mul              ) [ 000001000]
sext_ln73_40           (sext             ) [ 000000000]
sext_ln70_33           (sext             ) [ 000000000]
sext_ln73_64           (sext             ) [ 000000000]
add_ln58_178           (add              ) [ 000000000]
sext_ln58_5            (sext             ) [ 000000000]
add_ln58_182           (add              ) [ 000001000]
add_ln58_183           (add              ) [ 000000000]
zext_ln58_2            (zext             ) [ 000000000]
add_ln58_184           (add              ) [ 000001000]
add_ln58_193           (add              ) [ 000000000]
sext_ln58_31           (sext             ) [ 000000000]
add_ln58_195           (add              ) [ 000001110]
add_ln58_208           (add              ) [ 000000000]
sext_ln58_34           (sext             ) [ 000000000]
add_ln58_209           (add              ) [ 000001000]
add_ln58_212           (add              ) [ 000000000]
sext_ln58_36           (sext             ) [ 000000000]
add_ln58_213           (add              ) [ 000001100]
sext_ln58_42           (sext             ) [ 000000000]
add_ln58_226           (add              ) [ 000000000]
sext_ln58_43           (sext             ) [ 000000000]
add_ln58_227           (add              ) [ 000001110]
sext_ln73_27           (sext             ) [ 000000000]
mul_ln73_43            (mul              ) [ 000000110]
mul_ln73_44            (mul              ) [ 000000100]
mul_ln73_46            (mul              ) [ 000000100]
mul_ln73_47            (mul              ) [ 000000100]
mul_ln73_49            (mul              ) [ 000000110]
mul_ln73_52            (mul              ) [ 000000100]
mul_ln73_54            (mul              ) [ 000000100]
mul_ln73_55            (mul              ) [ 000000100]
add_ln58_179           (add              ) [ 000000000]
sext_ln58_6            (sext             ) [ 000000000]
sext_ln58_7            (sext             ) [ 000000000]
sext_ln58_8            (sext             ) [ 000000000]
add_ln58_185           (add              ) [ 000000000]
zext_ln58_3            (zext             ) [ 000000000]
add_ln58_186           (add              ) [ 000000110]
add_ln58_187           (add              ) [ 000000100]
add_ln58_189           (add              ) [ 000000110]
add_ln58_199           (add              ) [ 000000100]
add_ln58_207           (add              ) [ 000000000]
sext_ln58_35           (sext             ) [ 000000000]
add_ln58_210           (add              ) [ 000000111]
sext_ln73_34           (sext             ) [ 000000000]
sext_ln70              (sext             ) [ 000000000]
mul_ln73_56            (mul              ) [ 000000010]
mul_ln73_57            (mul              ) [ 000000010]
mul_ln73_60            (mul              ) [ 000000010]
mul_ln73_62            (mul              ) [ 000000010]
sext_ln73_47           (sext             ) [ 000000000]
mul_ln73_64            (mul              ) [ 000000011]
mul_ln73_65            (mul              ) [ 000000011]
mul_ln73_67            (mul              ) [ 000000010]
mul_ln73_68            (mul              ) [ 000000010]
tmp_846                (bitconcatenate   ) [ 000000000]
sext_ln73_1189         (sext             ) [ 000000000]
tmp_847                (bitconcatenate   ) [ 000000000]
sext_ln73_1190         (sext             ) [ 000000000]
sub_ln73_699           (sub              ) [ 000000000]
sext_ln73_51           (sext             ) [ 000000000]
tmp_848                (bitconcatenate   ) [ 000000000]
sext_ln73_1191         (sext             ) [ 000000000]
tmp_849                (bitconcatenate   ) [ 000000000]
sext_ln73_1192         (sext             ) [ 000000000]
add_ln73               (add              ) [ 000000000]
sext_ln73_58           (sext             ) [ 000000000]
add_ln58_181           (add              ) [ 000000000]
zext_ln58_1            (zext             ) [ 000000000]
sext_ln58_10           (sext             ) [ 000000000]
add_ln58_191           (add              ) [ 000000000]
add_ln58_192           (add              ) [ 000000000]
sext_ln58_14           (sext             ) [ 000000000]
add_ln58_196           (add              ) [ 000000000]
add_ln58_197           (add              ) [ 000000010]
add_ln58_198           (add              ) [ 000000000]
zext_ln58_4            (zext             ) [ 000000000]
add_ln58_200           (add              ) [ 000000000]
sext_ln58_32           (sext             ) [ 000000000]
add_ln58_201           (add              ) [ 000000011]
add_ln58_211           (add              ) [ 000000000]
sext_ln58_37           (sext             ) [ 000000000]
add_ln58_214           (add              ) [ 000000011]
add_ln58_230           (add              ) [ 000000010]
add_ln58_237           (add              ) [ 000000010]
sext_ln73_39           (sext             ) [ 000000000]
sext_ln73_44           (sext             ) [ 000000000]
sext_ln73_54           (sext             ) [ 000000000]
mul_ln73_72            (mul              ) [ 000000001]
mul_ln73_73            (mul              ) [ 000000001]
mul_ln73_74            (mul              ) [ 000000001]
mul_ln73_77            (mul              ) [ 000000001]
sext_ln73_61           (sext             ) [ 000000000]
sext_ln73_63           (sext             ) [ 000000000]
mul_ln73_79            (mul              ) [ 000000001]
mul_ln73_80            (mul              ) [ 000000001]
tmp_850                (bitconcatenate   ) [ 000000000]
sext_ln73_1193         (sext             ) [ 000000000]
tmp_851                (bitconcatenate   ) [ 000000000]
sext_ln73_1194         (sext             ) [ 000000000]
sub_ln73_700           (sub              ) [ 000000001]
mul_ln73_84            (mul              ) [ 000000001]
mul_ln73_85            (mul              ) [ 000000001]
sext_ln58_9            (sext             ) [ 000000000]
sext_ln58_12           (sext             ) [ 000000000]
sext_ln58_15           (sext             ) [ 000000000]
sext_ln58_16           (sext             ) [ 000000000]
add_ln58_202           (add              ) [ 000000001]
add_ln58_203           (add              ) [ 000000000]
add_ln58_204           (add              ) [ 000000001]
trunc_ln58             (trunc            ) [ 000000001]
add_ln58_223           (add              ) [ 000000000]
sext_ln58_41           (sext             ) [ 000000000]
add_ln58_224           (add              ) [ 000000000]
sext_ln58_44           (sext             ) [ 000000000]
add_ln58_228           (add              ) [ 000000001]
add_ln58_229           (add              ) [ 000000000]
sext_ln58_45           (sext             ) [ 000000000]
add_ln58_231           (add              ) [ 000000000]
sext_ln58_46           (sext             ) [ 000000000]
add_ln58_232           (add              ) [ 000000001]
sext_ln58_48           (sext             ) [ 000000000]
add_ln58_238           (add              ) [ 000000001]
specpipeline_ln26      (specpipeline     ) [ 000000000]
specresourcelimit_ln33 (specresourcelimit) [ 000000000]
sext_ln73_49           (sext             ) [ 000000000]
tmp_844                (bitconcatenate   ) [ 000000000]
sext_ln73_1187         (sext             ) [ 000000000]
tmp_845                (bitconcatenate   ) [ 000000000]
sext_ln73_1188         (sext             ) [ 000000000]
sub_ln73_698           (sub              ) [ 000000000]
sext_ln73_50           (sext             ) [ 000000000]
sext_ln73_56           (sext             ) [ 000000000]
sext_ln73_57           (sext             ) [ 000000000]
sext_ln73_66           (sext             ) [ 000000000]
sext_ln73_67           (sext             ) [ 000000000]
sext_ln58              (sext             ) [ 000000000]
sext_ln58_17           (sext             ) [ 000000000]
sext_ln58_18           (sext             ) [ 000000000]
sext_ln58_19           (sext             ) [ 000000000]
sext_ln58_20           (sext             ) [ 000000000]
sext_ln58_21           (sext             ) [ 000000000]
sext_ln58_22           (sext             ) [ 000000000]
add_ln58_215           (add              ) [ 000000000]
add_ln58_216           (add              ) [ 000000000]
sext_ln58_38           (sext             ) [ 000000000]
add_ln58_217           (add              ) [ 000000000]
sext_ln58_24           (sext             ) [ 000000000]
add_ln58_218           (add              ) [ 000000000]
add_ln58_219           (add              ) [ 000000000]
sext_ln58_39           (sext             ) [ 000000000]
add_ln58_220           (add              ) [ 000000000]
sext_ln58_25           (sext             ) [ 000000000]
add_ln58_221           (add              ) [ 000000000]
sext_ln58_40           (sext             ) [ 000000000]
add_ln58_222           (add              ) [ 000000000]
sext_ln58_26           (sext             ) [ 000000000]
sext_ln58_27           (sext             ) [ 000000000]
sext_ln58_28           (sext             ) [ 000000000]
add_ln58_233           (add              ) [ 000000000]
add_ln58_234           (add              ) [ 000000000]
sext_ln58_47           (sext             ) [ 000000000]
add_ln58_235           (add              ) [ 000000000]
sext_ln58_29           (sext             ) [ 000000000]
add_ln58_236           (add              ) [ 000000000]
sext_ln58_49           (sext             ) [ 000000000]
add_ln58_239           (add              ) [ 000000000]
sext_ln58_30           (sext             ) [ 000000000]
add_ln58_240           (add              ) [ 000000000]
sext_ln68              (sext             ) [ 000000000]
mrv                    (insertvalue      ) [ 000000000]
mrv_1                  (insertvalue      ) [ 000000000]
mrv_2                  (insertvalue      ) [ 000000000]
mrv_3                  (insertvalue      ) [ 000000000]
mrv_4                  (insertvalue      ) [ 000000000]
mrv_5                  (insertvalue      ) [ 000000000]
mrv_6                  (insertvalue      ) [ 000000000]
mrv_7                  (insertvalue      ) [ 000000000]
ret_ln68               (ret              ) [ 000000000]
</LifeTime>

<model>

<comp_list>
<comp id="0" class="1000" name="data_0_val">
<pin_list>
<pin id="1" dir="1" index="0" bw="1" slack="0"/>
</pin_list>
<bind>
<StgValue><ssdm name="data_0_val"/></StgValue>
</bind>
</comp>

<comp id="2" class="1000" name="data_1_val">
<pin_list>
<pin id="3" dir="1" index="0" bw="1" slack="0"/>
</pin_list>
<bind>
<StgValue><ssdm name="data_1_val"/></StgValue>
</bind>
</comp>

<comp id="4" class="1000" name="data_2_val">
<pin_list>
<pin id="5" dir="1" index="0" bw="1" slack="0"/>
</pin_list>
<bind>
<StgValue><ssdm name="data_2_val"/></StgValue>
</bind>
</comp>

<comp id="6" class="1000" name="data_3_val">
<pin_list>
<pin id="7" dir="1" index="0" bw="1" slack="0"/>
</pin_list>
<bind>
<StgValue><ssdm name="data_3_val"/></StgValue>
</bind>
</comp>

<comp id="8" class="1000" name="data_4_val">
<pin_list>
<pin id="9" dir="1" index="0" bw="1" slack="0"/>
</pin_list>
<bind>
<StgValue><ssdm name="data_4_val"/></StgValue>
</bind>
</comp>

<comp id="10" class="1000" name="data_5_val">
<pin_list>
<pin id="11" dir="1" index="0" bw="1" slack="0"/>
</pin_list>
<bind>
<StgValue><ssdm name="data_5_val"/></StgValue>
</bind>
</comp>

<comp id="12" class="1000" name="data_6_val">
<pin_list>
<pin id="13" dir="1" index="0" bw="1" slack="0"/>
</pin_list>
<bind>
<StgValue><ssdm name="data_6_val"/></StgValue>
</bind>
</comp>

<comp id="14" class="1000" name="data_7_val">
<pin_list>
<pin id="15" dir="1" index="0" bw="1" slack="0"/>
</pin_list>
<bind>
<StgValue><ssdm name="data_7_val"/></StgValue>
</bind>
</comp>

<comp id="16" class="1001" name="const_16">
<pin_list>
<pin id="17" dir="1" index="0" bw="1" slack="0"/>
</pin_list>
<bind>
<StgValue><ssdm name="_ssdm_op_Read.ap_auto.i10"/></StgValue>
</bind>
</comp>

<comp id="18" class="1001" name="const_18">
<pin_list>
<pin id="19" dir="1" index="0" bw="1" slack="0"/>
</pin_list>
<bind>
<StgValue><ssdm name=""/></StgValue>
</bind>
</comp>

<comp id="20" class="1001" name="const_20">
<pin_list>
<pin id="21" dir="1" index="0" bw="1" slack="0"/>
</pin_list>
<bind>
<StgValue><ssdm name=""/></StgValue>
</bind>
</comp>

<comp id="22" class="1001" name="const_22">
<pin_list>
<pin id="23" dir="1" index="0" bw="1" slack="0"/>
</pin_list>
<bind>
<StgValue><ssdm name=""/></StgValue>
</bind>
</comp>

<comp id="24" class="1001" name="const_24">
<pin_list>
<pin id="25" dir="1" index="0" bw="1" slack="0"/>
</pin_list>
<bind>
<StgValue><ssdm name=""/></StgValue>
</bind>
</comp>

<comp id="26" class="1001" name="const_26">
<pin_list>
<pin id="27" dir="1" index="0" bw="1" slack="0"/>
</pin_list>
<bind>
<StgValue><ssdm name=""/></StgValue>
</bind>
</comp>

<comp id="28" class="1001" name="const_28">
<pin_list>
<pin id="29" dir="1" index="0" bw="1" slack="0"/>
</pin_list>
<bind>
<StgValue><ssdm name=""/></StgValue>
</bind>
</comp>

<comp id="30" class="1001" name="const_30">
<pin_list>
<pin id="31" dir="1" index="0" bw="1" slack="0"/>
</pin_list>
<bind>
<StgValue><ssdm name=""/></StgValue>
</bind>
</comp>

<comp id="32" class="1001" name="const_32">
<pin_list>
<pin id="33" dir="1" index="0" bw="1" slack="0"/>
</pin_list>
<bind>
<StgValue><ssdm name=""/></StgValue>
</bind>
</comp>

<comp id="34" class="1001" name="const_34">
<pin_list>
<pin id="35" dir="1" index="0" bw="1" slack="0"/>
</pin_list>
<bind>
<StgValue><ssdm name=""/></StgValue>
</bind>
</comp>

<comp id="36" class="1001" name="const_36">
<pin_list>
<pin id="37" dir="1" index="0" bw="1" slack="0"/>
</pin_list>
<bind>
<StgValue><ssdm name=""/></StgValue>
</bind>
</comp>

<comp id="38" class="1001" name="const_38">
<pin_list>
<pin id="39" dir="1" index="0" bw="1" slack="0"/>
</pin_list>
<bind>
<StgValue><ssdm name=""/></StgValue>
</bind>
</comp>

<comp id="40" class="1001" name="const_40">
<pin_list>
<pin id="41" dir="1" index="0" bw="1" slack="0"/>
</pin_list>
<bind>
<StgValue><ssdm name=""/></StgValue>
</bind>
</comp>

<comp id="42" class="1001" name="const_42">
<pin_list>
<pin id="43" dir="1" index="0" bw="1" slack="0"/>
</pin_list>
<bind>
<StgValue><ssdm name=""/></StgValue>
</bind>
</comp>

<comp id="44" class="1001" name="const_44">
<pin_list>
<pin id="45" dir="1" index="0" bw="1" slack="0"/>
</pin_list>
<bind>
<StgValue><ssdm name=""/></StgValue>
</bind>
</comp>

<comp id="46" class="1001" name="const_46">
<pin_list>
<pin id="47" dir="1" index="0" bw="1" slack="0"/>
</pin_list>
<bind>
<StgValue><ssdm name=""/></StgValue>
</bind>
</comp>

<comp id="48" class="1001" name="const_48">
<pin_list>
<pin id="49" dir="1" index="0" bw="1" slack="0"/>
</pin_list>
<bind>
<StgValue><ssdm name=""/></StgValue>
</bind>
</comp>

<comp id="50" class="1001" name="const_50">
<pin_list>
<pin id="51" dir="1" index="0" bw="1" slack="0"/>
</pin_list>
<bind>
<StgValue><ssdm name=""/></StgValue>
</bind>
</comp>

<comp id="52" class="1001" name="const_52">
<pin_list>
<pin id="53" dir="1" index="0" bw="1" slack="0"/>
</pin_list>
<bind>
<StgValue><ssdm name="_ssdm_op_BitConcatenate.i14.i10.i4"/></StgValue>
</bind>
</comp>

<comp id="54" class="1001" name="const_54">
<pin_list>
<pin id="55" dir="1" index="0" bw="1" slack="0"/>
</pin_list>
<bind>
<StgValue><ssdm name=""/></StgValue>
</bind>
</comp>

<comp id="56" class="1001" name="const_56">
<pin_list>
<pin id="57" dir="1" index="0" bw="1" slack="0"/>
</pin_list>
<bind>
<StgValue><ssdm name=""/></StgValue>
</bind>
</comp>

<comp id="58" class="1001" name="const_58">
<pin_list>
<pin id="59" dir="1" index="0" bw="1" slack="0"/>
</pin_list>
<bind>
<StgValue><ssdm name="_ssdm_op_BitConcatenate.i13.i10.i3"/></StgValue>
</bind>
</comp>

<comp id="60" class="1001" name="const_60">
<pin_list>
<pin id="61" dir="1" index="0" bw="1" slack="0"/>
</pin_list>
<bind>
<StgValue><ssdm name=""/></StgValue>
</bind>
</comp>

<comp id="62" class="1001" name="const_62">
<pin_list>
<pin id="63" dir="1" index="0" bw="1" slack="0"/>
</pin_list>
<bind>
<StgValue><ssdm name=""/></StgValue>
</bind>
</comp>

<comp id="64" class="1001" name="const_64">
<pin_list>
<pin id="65" dir="1" index="0" bw="1" slack="0"/>
</pin_list>
<bind>
<StgValue><ssdm name=""/></StgValue>
</bind>
</comp>

<comp id="66" class="1001" name="const_66">
<pin_list>
<pin id="67" dir="1" index="0" bw="1" slack="0"/>
</pin_list>
<bind>
<StgValue><ssdm name=""/></StgValue>
</bind>
</comp>

<comp id="68" class="1001" name="const_68">
<pin_list>
<pin id="69" dir="1" index="0" bw="1" slack="0"/>
</pin_list>
<bind>
<StgValue><ssdm name=""/></StgValue>
</bind>
</comp>

<comp id="70" class="1001" name="const_70">
<pin_list>
<pin id="71" dir="1" index="0" bw="1" slack="0"/>
</pin_list>
<bind>
<StgValue><ssdm name=""/></StgValue>
</bind>
</comp>

<comp id="72" class="1001" name="const_72">
<pin_list>
<pin id="73" dir="1" index="0" bw="1" slack="0"/>
</pin_list>
<bind>
<StgValue><ssdm name=""/></StgValue>
</bind>
</comp>

<comp id="74" class="1001" name="const_74">
<pin_list>
<pin id="75" dir="1" index="0" bw="1" slack="0"/>
</pin_list>
<bind>
<StgValue><ssdm name=""/></StgValue>
</bind>
</comp>

<comp id="76" class="1001" name="const_76">
<pin_list>
<pin id="77" dir="1" index="0" bw="1" slack="0"/>
</pin_list>
<bind>
<StgValue><ssdm name=""/></StgValue>
</bind>
</comp>

<comp id="78" class="1001" name="const_78">
<pin_list>
<pin id="79" dir="1" index="0" bw="1" slack="0"/>
</pin_list>
<bind>
<StgValue><ssdm name=""/></StgValue>
</bind>
</comp>

<comp id="80" class="1001" name="const_80">
<pin_list>
<pin id="81" dir="1" index="0" bw="1" slack="0"/>
</pin_list>
<bind>
<StgValue><ssdm name="_ssdm_op_BitConcatenate.i16.i10.i6"/></StgValue>
</bind>
</comp>

<comp id="82" class="1001" name="const_82">
<pin_list>
<pin id="83" dir="1" index="0" bw="1" slack="0"/>
</pin_list>
<bind>
<StgValue><ssdm name=""/></StgValue>
</bind>
</comp>

<comp id="84" class="1001" name="const_84">
<pin_list>
<pin id="85" dir="1" index="0" bw="1" slack="0"/>
</pin_list>
<bind>
<StgValue><ssdm name=""/></StgValue>
</bind>
</comp>

<comp id="86" class="1001" name="const_86">
<pin_list>
<pin id="87" dir="1" index="0" bw="1" slack="0"/>
</pin_list>
<bind>
<StgValue><ssdm name=""/></StgValue>
</bind>
</comp>

<comp id="88" class="1001" name="const_88">
<pin_list>
<pin id="89" dir="1" index="0" bw="1" slack="0"/>
</pin_list>
<bind>
<StgValue><ssdm name=""/></StgValue>
</bind>
</comp>

<comp id="90" class="1001" name="const_90">
<pin_list>
<pin id="91" dir="1" index="0" bw="1" slack="0"/>
</pin_list>
<bind>
<StgValue><ssdm name=""/></StgValue>
</bind>
</comp>

<comp id="92" class="1001" name="const_92">
<pin_list>
<pin id="93" dir="1" index="0" bw="1" slack="0"/>
</pin_list>
<bind>
<StgValue><ssdm name=""/></StgValue>
</bind>
</comp>

<comp id="94" class="1001" name="const_94">
<pin_list>
<pin id="95" dir="1" index="0" bw="1" slack="0"/>
</pin_list>
<bind>
<StgValue><ssdm name=""/></StgValue>
</bind>
</comp>

<comp id="96" class="1001" name="const_96">
<pin_list>
<pin id="97" dir="1" index="0" bw="1" slack="0"/>
</pin_list>
<bind>
<StgValue><ssdm name=""/></StgValue>
</bind>
</comp>

<comp id="98" class="1001" name="const_98">
<pin_list>
<pin id="99" dir="1" index="0" bw="1" slack="0"/>
</pin_list>
<bind>
<StgValue><ssdm name=""/></StgValue>
</bind>
</comp>

<comp id="100" class="1001" name="const_100">
<pin_list>
<pin id="101" dir="1" index="0" bw="1" slack="0"/>
</pin_list>
<bind>
<StgValue><ssdm name=""/></StgValue>
</bind>
</comp>

<comp id="102" class="1001" name="const_102">
<pin_list>
<pin id="103" dir="1" index="0" bw="1" slack="0"/>
</pin_list>
<bind>
<StgValue><ssdm name=""/></StgValue>
</bind>
</comp>

<comp id="104" class="1001" name="const_104">
<pin_list>
<pin id="105" dir="1" index="0" bw="1" slack="0"/>
</pin_list>
<bind>
<StgValue><ssdm name=""/></StgValue>
</bind>
</comp>

<comp id="106" class="1001" name="const_106">
<pin_list>
<pin id="107" dir="1" index="0" bw="1" slack="0"/>
</pin_list>
<bind>
<StgValue><ssdm name=""/></StgValue>
</bind>
</comp>

<comp id="108" class="1001" name="const_108">
<pin_list>
<pin id="109" dir="1" index="0" bw="1" slack="0"/>
</pin_list>
<bind>
<StgValue><ssdm name=""/></StgValue>
</bind>
</comp>

<comp id="110" class="1001" name="const_110">
<pin_list>
<pin id="111" dir="1" index="0" bw="1" slack="0"/>
</pin_list>
<bind>
<StgValue><ssdm name=""/></StgValue>
</bind>
</comp>

<comp id="112" class="1001" name="const_112">
<pin_list>
<pin id="113" dir="1" index="0" bw="1" slack="0"/>
</pin_list>
<bind>
<StgValue><ssdm name=""/></StgValue>
</bind>
</comp>

<comp id="114" class="1001" name="const_114">
<pin_list>
<pin id="115" dir="1" index="0" bw="1" slack="0"/>
</pin_list>
<bind>
<StgValue><ssdm name=""/></StgValue>
</bind>
</comp>

<comp id="116" class="1001" name="const_116">
<pin_list>
<pin id="117" dir="1" index="0" bw="1" slack="0"/>
</pin_list>
<bind>
<StgValue><ssdm name=""/></StgValue>
</bind>
</comp>

<comp id="118" class="1001" name="const_118">
<pin_list>
<pin id="119" dir="1" index="0" bw="1" slack="0"/>
</pin_list>
<bind>
<StgValue><ssdm name=""/></StgValue>
</bind>
</comp>

<comp id="120" class="1001" name="const_120">
<pin_list>
<pin id="121" dir="1" index="0" bw="1" slack="0"/>
</pin_list>
<bind>
<StgValue><ssdm name=""/></StgValue>
</bind>
</comp>

<comp id="122" class="1001" name="const_122">
<pin_list>
<pin id="123" dir="1" index="0" bw="1" slack="0"/>
</pin_list>
<bind>
<StgValue><ssdm name=""/></StgValue>
</bind>
</comp>

<comp id="124" class="1001" name="const_124">
<pin_list>
<pin id="125" dir="1" index="0" bw="1" slack="0"/>
</pin_list>
<bind>
<StgValue><ssdm name=""/></StgValue>
</bind>
</comp>

<comp id="126" class="1001" name="const_126">
<pin_list>
<pin id="127" dir="1" index="0" bw="1" slack="0"/>
</pin_list>
<bind>
<StgValue><ssdm name=""/></StgValue>
</bind>
</comp>

<comp id="128" class="1001" name="const_128">
<pin_list>
<pin id="129" dir="1" index="0" bw="1" slack="0"/>
</pin_list>
<bind>
<StgValue><ssdm name=""/></StgValue>
</bind>
</comp>

<comp id="130" class="1001" name="const_130">
<pin_list>
<pin id="131" dir="1" index="0" bw="1" slack="0"/>
</pin_list>
<bind>
<StgValue><ssdm name=""/></StgValue>
</bind>
</comp>

<comp id="132" class="1001" name="const_132">
<pin_list>
<pin id="133" dir="1" index="0" bw="1" slack="0"/>
</pin_list>
<bind>
<StgValue><ssdm name=""/></StgValue>
</bind>
</comp>

<comp id="134" class="1001" name="const_134">
<pin_list>
<pin id="135" dir="1" index="0" bw="1" slack="0"/>
</pin_list>
<bind>
<StgValue><ssdm name=""/></StgValue>
</bind>
</comp>

<comp id="136" class="1001" name="const_136">
<pin_list>
<pin id="137" dir="1" index="0" bw="1" slack="0"/>
</pin_list>
<bind>
<StgValue><ssdm name=""/></StgValue>
</bind>
</comp>

<comp id="138" class="1001" name="const_138">
<pin_list>
<pin id="139" dir="1" index="0" bw="1" slack="0"/>
</pin_list>
<bind>
<StgValue><ssdm name=""/></StgValue>
</bind>
</comp>

<comp id="140" class="1001" name="const_140">
<pin_list>
<pin id="141" dir="1" index="0" bw="1" slack="0"/>
</pin_list>
<bind>
<StgValue><ssdm name=""/></StgValue>
</bind>
</comp>

<comp id="142" class="1001" name="const_142">
<pin_list>
<pin id="143" dir="1" index="0" bw="1" slack="0"/>
</pin_list>
<bind>
<StgValue><ssdm name="_ssdm_op_BitConcatenate.i11.i10.i1"/></StgValue>
</bind>
</comp>

<comp id="144" class="1001" name="const_144">
<pin_list>
<pin id="145" dir="1" index="0" bw="1" slack="0"/>
</pin_list>
<bind>
<StgValue><ssdm name=""/></StgValue>
</bind>
</comp>

<comp id="146" class="1001" name="const_146">
<pin_list>
<pin id="147" dir="1" index="0" bw="1" slack="0"/>
</pin_list>
<bind>
<StgValue><ssdm name=""/></StgValue>
</bind>
</comp>

<comp id="148" class="1001" name="const_148">
<pin_list>
<pin id="149" dir="1" index="0" bw="1" slack="0"/>
</pin_list>
<bind>
<StgValue><ssdm name=""/></StgValue>
</bind>
</comp>

<comp id="150" class="1001" name="const_150">
<pin_list>
<pin id="151" dir="1" index="0" bw="1" slack="0"/>
</pin_list>
<bind>
<StgValue><ssdm name=""/></StgValue>
</bind>
</comp>

<comp id="152" class="1001" name="const_152">
<pin_list>
<pin id="153" dir="1" index="0" bw="1" slack="0"/>
</pin_list>
<bind>
<StgValue><ssdm name=""/></StgValue>
</bind>
</comp>

<comp id="154" class="1001" name="const_154">
<pin_list>
<pin id="155" dir="1" index="0" bw="1" slack="0"/>
</pin_list>
<bind>
<StgValue><ssdm name=""/></StgValue>
</bind>
</comp>

<comp id="156" class="1001" name="const_156">
<pin_list>
<pin id="157" dir="1" index="0" bw="1" slack="0"/>
</pin_list>
<bind>
<StgValue><ssdm name=""/></StgValue>
</bind>
</comp>

<comp id="158" class="1001" name="const_158">
<pin_list>
<pin id="159" dir="1" index="0" bw="1" slack="0"/>
</pin_list>
<bind>
<StgValue><ssdm name=""/></StgValue>
</bind>
</comp>

<comp id="160" class="1001" name="const_160">
<pin_list>
<pin id="161" dir="1" index="0" bw="1" slack="0"/>
</pin_list>
<bind>
<StgValue><ssdm name="_ssdm_op_BitConcatenate.i19.i10.i9"/></StgValue>
</bind>
</comp>

<comp id="162" class="1001" name="const_162">
<pin_list>
<pin id="163" dir="1" index="0" bw="1" slack="0"/>
</pin_list>
<bind>
<StgValue><ssdm name=""/></StgValue>
</bind>
</comp>

<comp id="164" class="1001" name="const_164">
<pin_list>
<pin id="165" dir="1" index="0" bw="1" slack="0"/>
</pin_list>
<bind>
<StgValue><ssdm name="_ssdm_op_BitConcatenate.i15.i10.i5"/></StgValue>
</bind>
</comp>

<comp id="166" class="1001" name="const_166">
<pin_list>
<pin id="167" dir="1" index="0" bw="1" slack="0"/>
</pin_list>
<bind>
<StgValue><ssdm name=""/></StgValue>
</bind>
</comp>

<comp id="168" class="1001" name="const_168">
<pin_list>
<pin id="169" dir="1" index="0" bw="1" slack="0"/>
</pin_list>
<bind>
<StgValue><ssdm name=""/></StgValue>
</bind>
</comp>

<comp id="170" class="1001" name="const_170">
<pin_list>
<pin id="171" dir="1" index="0" bw="1" slack="0"/>
</pin_list>
<bind>
<StgValue><ssdm name=""/></StgValue>
</bind>
</comp>

<comp id="172" class="1001" name="const_172">
<pin_list>
<pin id="173" dir="1" index="0" bw="1" slack="2147483647"/>
</pin_list>
<bind>
<StgValue><ssdm name="_ssdm_op_SpecPipeline"/></StgValue>
</bind>
</comp>

<comp id="174" class="1001" name="const_174">
<pin_list>
<pin id="175" dir="1" index="0" bw="1" slack="2147483647"/>
</pin_list>
<bind>
<StgValue><ssdm name=""/></StgValue>
</bind>
</comp>

<comp id="176" class="1001" name="const_176">
<pin_list>
<pin id="177" dir="1" index="0" bw="1" slack="2147483647"/>
</pin_list>
<bind>
<StgValue><ssdm name=""/></StgValue>
</bind>
</comp>

<comp id="178" class="1001" name="const_178">
<pin_list>
<pin id="179" dir="1" index="0" bw="1" slack="2147483647"/>
</pin_list>
<bind>
<StgValue><ssdm name=""/></StgValue>
</bind>
</comp>

<comp id="180" class="1001" name="const_180">
<pin_list>
<pin id="181" dir="1" index="0" bw="1" slack="2147483647"/>
</pin_list>
<bind>
<StgValue><ssdm name="empty_1"/></StgValue>
</bind>
</comp>

<comp id="182" class="1001" name="const_182">
<pin_list>
<pin id="183" dir="1" index="0" bw="1" slack="2147483647"/>
</pin_list>
<bind>
<StgValue><ssdm name="_ssdm_op_SpecResourceLimit"/></StgValue>
</bind>
</comp>

<comp id="184" class="1001" name="const_184">
<pin_list>
<pin id="185" dir="1" index="0" bw="1" slack="2147483647"/>
</pin_list>
<bind>
<StgValue><ssdm name=""/></StgValue>
</bind>
</comp>

<comp id="186" class="1001" name="const_186">
<pin_list>
<pin id="187" dir="1" index="0" bw="1" slack="2147483647"/>
</pin_list>
<bind>
<StgValue><ssdm name="empty_3"/></StgValue>
</bind>
</comp>

<comp id="188" class="1001" name="const_188">
<pin_list>
<pin id="189" dir="1" index="0" bw="1" slack="0"/>
</pin_list>
<bind>
<StgValue><ssdm name="_ssdm_op_BitConcatenate.i20.i10.i10"/></StgValue>
</bind>
</comp>

<comp id="190" class="1001" name="const_190">
<pin_list>
<pin id="191" dir="1" index="0" bw="1" slack="0"/>
</pin_list>
<bind>
<StgValue><ssdm name=""/></StgValue>
</bind>
</comp>

<comp id="192" class="1001" name="const_192">
<pin_list>
<pin id="193" dir="1" index="0" bw="1" slack="0"/>
</pin_list>
<bind>
<StgValue><ssdm name="_ssdm_op_BitConcatenate.i18.i10.i8"/></StgValue>
</bind>
</comp>

<comp id="194" class="1001" name="const_194">
<pin_list>
<pin id="195" dir="1" index="0" bw="1" slack="0"/>
</pin_list>
<bind>
<StgValue><ssdm name=""/></StgValue>
</bind>
</comp>

<comp id="196" class="1001" name="const_196">
<pin_list>
<pin id="197" dir="1" index="0" bw="1" slack="0"/>
</pin_list>
<bind>
<StgValue><ssdm name=""/></StgValue>
</bind>
</comp>

<comp id="198" class="1004" name="data_1_val_read_read_fu_198">
<pin_list>
<pin id="199" dir="0" index="0" bw="10" slack="0"/>
<pin id="200" dir="0" index="1" bw="10" slack="0"/>
<pin id="201" dir="1" index="2" bw="10" slack="0"/>
</pin_list>
<bind>
<opcode="read(1150) " fcode="read"/>
<opset="data_1_val_read/1 "/>
</bind>
</comp>

<comp id="204" class="1004" name="data_0_val_read_read_fu_204">
<pin_list>
<pin id="205" dir="0" index="0" bw="10" slack="0"/>
<pin id="206" dir="0" index="1" bw="10" slack="0"/>
<pin id="207" dir="1" index="2" bw="10" slack="0"/>
</pin_list>
<bind>
<opcode="read(1150) " fcode="read"/>
<opset="data_0_val_read/1 "/>
</bind>
</comp>

<comp id="210" class="1004" name="data_4_val_read_read_fu_210">
<pin_list>
<pin id="211" dir="0" index="0" bw="10" slack="0"/>
<pin id="212" dir="0" index="1" bw="10" slack="0"/>
<pin id="213" dir="1" index="2" bw="10" slack="0"/>
</pin_list>
<bind>
<opcode="read(1150) " fcode="read"/>
<opset="data_4_val_read/2 "/>
</bind>
</comp>

<comp id="216" class="1004" name="data_3_val_read_read_fu_216">
<pin_list>
<pin id="217" dir="0" index="0" bw="10" slack="0"/>
<pin id="218" dir="0" index="1" bw="10" slack="0"/>
<pin id="219" dir="1" index="2" bw="10" slack="0"/>
</pin_list>
<bind>
<opcode="read(1150) " fcode="read"/>
<opset="data_3_val_read/2 "/>
</bind>
</comp>

<comp id="222" class="1004" name="data_2_val_read_read_fu_222">
<pin_list>
<pin id="223" dir="0" index="0" bw="10" slack="0"/>
<pin id="224" dir="0" index="1" bw="10" slack="0"/>
<pin id="225" dir="1" index="2" bw="10" slack="0"/>
</pin_list>
<bind>
<opcode="read(1150) " fcode="read"/>
<opset="data_2_val_read/2 "/>
</bind>
</comp>

<comp id="228" class="1004" name="data_7_val_read_read_fu_228">
<pin_list>
<pin id="229" dir="0" index="0" bw="10" slack="0"/>
<pin id="230" dir="0" index="1" bw="10" slack="0"/>
<pin id="231" dir="1" index="2" bw="10" slack="0"/>
</pin_list>
<bind>
<opcode="read(1150) " fcode="read"/>
<opset="data_7_val_read/3 "/>
</bind>
</comp>

<comp id="234" class="1004" name="data_6_val_read_read_fu_234">
<pin_list>
<pin id="235" dir="0" index="0" bw="10" slack="0"/>
<pin id="236" dir="0" index="1" bw="10" slack="0"/>
<pin id="237" dir="1" index="2" bw="10" slack="0"/>
</pin_list>
<bind>
<opcode="read(1150) " fcode="read"/>
<opset="data_6_val_read/3 "/>
</bind>
</comp>

<comp id="240" class="1004" name="data_5_val_read_read_fu_240">
<pin_list>
<pin id="241" dir="0" index="0" bw="10" slack="0"/>
<pin id="242" dir="0" index="1" bw="10" slack="0"/>
<pin id="243" dir="1" index="2" bw="10" slack="0"/>
</pin_list>
<bind>
<opcode="read(1150) " fcode="read"/>
<opset="data_5_val_read/3 "/>
</bind>
</comp>

<comp id="246" class="1004" name="grp_fu_246">
<pin_list>
<pin id="522" dir="0" index="0" bw="10" slack="0"/>
<pin id="523" dir="0" index="1" bw="11" slack="0"/>
<pin id="524" dir="1" index="2" bw="21" slack="1"/>
</pin_list>
<bind>
<opcode="mul(12) " fcode="mul"/>
<opset="mul_ln73_30/1 mul_ln73_51/2 mul_ln73_75/3 mul_ln73_41/4 mul_ln73_47/5 mul_ln73_62/6 mul_ln73_77/7 "/>
</bind>
</comp>

<comp id="247" class="1004" name="grp_fu_247">
<pin_list>
<pin id="538" dir="0" index="0" bw="10" slack="0"/>
<pin id="539" dir="0" index="1" bw="11" slack="0"/>
<pin id="540" dir="1" index="2" bw="21" slack="0"/>
</pin_list>
<bind>
<opcode="mul(12) " fcode="mul"/>
<opset="mul_ln73_37/1 mul_ln73_61/2 mul_ln73_82/3 mul_ln73_40/4 mul_ln73_55/5 mul_ln73_68/6 mul_ln73_85/7 "/>
</bind>
</comp>

<comp id="248" class="1004" name="grp_fu_248">
<pin_list>
<pin id="530" dir="0" index="0" bw="10" slack="0"/>
<pin id="531" dir="0" index="1" bw="11" slack="0"/>
<pin id="532" dir="1" index="2" bw="21" slack="1"/>
</pin_list>
<bind>
<opcode="mul(12) " fcode="mul"/>
<opset="mul_ln73_33/1 mul_ln73_58/2 mul_ln70_1/3 mul_ln73_42/4 mul_ln73_52/5 mul_ln73_65/6 mul_ln73_80/7 "/>
</bind>
</comp>

<comp id="249" class="1004" name="grp_fu_249">
<pin_list>
<pin id="534" dir="0" index="0" bw="10" slack="0"/>
<pin id="535" dir="0" index="1" bw="11" slack="0"/>
<pin id="536" dir="1" index="2" bw="21" slack="1"/>
</pin_list>
<bind>
<opcode="mul(12) " fcode="mul"/>
<opset="mul_ln73_35/1 mul_ln73_59/2 mul_ln73_81/3 mul_ln73_28/4 mul_ln73_54/5 mul_ln73_67/6 mul_ln73_84/7 "/>
</bind>
</comp>

<comp id="250" class="1004" name="grp_fu_250">
<pin_list>
<pin id="514" dir="0" index="0" bw="10" slack="0"/>
<pin id="515" dir="0" index="1" bw="12" slack="0"/>
<pin id="516" dir="1" index="2" bw="21" slack="1"/>
</pin_list>
<bind>
<opcode="mul(12) " fcode="mul"/>
<opset="mul_ln73_27/1 mul_ln73_45/2 mul_ln73_66/3 mul_ln73_31/4 mul_ln73_44/5 mul_ln73_57/6 mul_ln73_73/7 "/>
</bind>
</comp>

<comp id="251" class="1004" name="grp_fu_251">
<pin_list>
<pin id="526" dir="0" index="0" bw="10" slack="0"/>
<pin id="527" dir="0" index="1" bw="11" slack="0"/>
<pin id="528" dir="1" index="2" bw="21" slack="0"/>
</pin_list>
<bind>
<opcode="mul(12) " fcode="mul"/>
<opset="mul_ln70/1 mul_ln73_53/2 mul_ln73_78/3 mul_ln73_36/4 mul_ln73_49/5 mul_ln73_64/6 mul_ln73_79/7 "/>
</bind>
</comp>

<comp id="252" class="1004" name="grp_fu_252">
<pin_list>
<pin id="518" dir="0" index="0" bw="10" slack="0"/>
<pin id="519" dir="0" index="1" bw="11" slack="0"/>
<pin id="520" dir="1" index="2" bw="21" slack="0"/>
</pin_list>
<bind>
<opcode="mul(12) " fcode="mul"/>
<opset="mul_ln73_29/1 mul_ln73_48/2 mul_ln73_71/3 mul_ln73_32/4 mul_ln73_46/5 mul_ln73_60/6 mul_ln73_74/7 "/>
</bind>
</comp>

<comp id="253" class="1004" name="grp_fu_253">
<pin_list>
<pin id="510" dir="0" index="0" bw="10" slack="0"/>
<pin id="511" dir="0" index="1" bw="11" slack="0"/>
<pin id="512" dir="1" index="2" bw="21" slack="1"/>
</pin_list>
<bind>
<opcode="mul(12) " fcode="mul"/>
<opset="mul_ln73/1 mul_ln73_38/2 mul_ln73_63/3 mul_ln73_39/4 mul_ln73_43/5 mul_ln73_56/6 mul_ln73_72/7 "/>
</bind>
</comp>

<comp id="542" class="1005" name="reg_542">
<pin_list>
<pin id="543" dir="0" index="0" bw="18" slack="1"/>
<pin id="544" dir="1" index="1" bw="18" slack="1"/>
</pin_list>
<bind>
<opset="mul_ln73 mul_ln73_63 "/>
</bind>
</comp>

<comp id="546" class="1005" name="reg_546">
<pin_list>
<pin id="547" dir="0" index="0" bw="21" slack="1"/>
<pin id="548" dir="1" index="1" bw="21" slack="1"/>
</pin_list>
<bind>
<opset="mul_ln73_27 mul_ln73_44 "/>
</bind>
</comp>

<comp id="550" class="1005" name="reg_550">
<pin_list>
<pin id="551" dir="0" index="0" bw="21" slack="1"/>
<pin id="552" dir="1" index="1" bw="21" slack="1"/>
</pin_list>
<bind>
<opset="mul_ln73_29 mul_ln73_46 mul_ln73_60 "/>
</bind>
</comp>

<comp id="554" class="1005" name="reg_554">
<pin_list>
<pin id="555" dir="0" index="0" bw="21" slack="1"/>
<pin id="556" dir="1" index="1" bw="21" slack="1"/>
</pin_list>
<bind>
<opset="mul_ln73_30 mul_ln73_51 mul_ln73_75 mul_ln73_41 mul_ln73_47 mul_ln73_62 mul_ln73_77 "/>
</bind>
</comp>

<comp id="558" class="1005" name="mul_ln70_reg_558">
<pin_list>
<pin id="559" dir="0" index="0" bw="18" slack="5"/>
<pin id="560" dir="1" index="1" bw="18" slack="5"/>
</pin_list>
<bind>
<opset="mul_ln70 "/>
</bind>
</comp>

<comp id="562" class="1005" name="reg_562">
<pin_list>
<pin id="563" dir="0" index="0" bw="20" slack="1"/>
<pin id="564" dir="1" index="1" bw="20" slack="1"/>
</pin_list>
<bind>
<opset="mul_ln73_33 mul_ln73_36 mul_ln73_49 mul_ln73_79 "/>
</bind>
</comp>

<comp id="566" class="1005" name="mul_ln73_35_reg_566">
<pin_list>
<pin id="567" dir="0" index="0" bw="19" slack="4"/>
<pin id="568" dir="1" index="1" bw="19" slack="4"/>
</pin_list>
<bind>
<opset="mul_ln73_35 "/>
</bind>
</comp>

<comp id="570" class="1005" name="reg_570">
<pin_list>
<pin id="571" dir="0" index="0" bw="21" slack="1"/>
<pin id="572" dir="1" index="1" bw="21" slack="1"/>
</pin_list>
<bind>
<opset="mul_ln73_37 mul_ln73_61 mul_ln73_82 mul_ln73_68 "/>
</bind>
</comp>

<comp id="660" class="1005" name="mul_ln73_38_reg_660">
<pin_list>
<pin id="661" dir="0" index="0" bw="18" slack="3"/>
<pin id="662" dir="1" index="1" bw="18" slack="3"/>
</pin_list>
<bind>
<opset="mul_ln73_38 "/>
</bind>
</comp>

<comp id="664" class="1005" name="reg_664">
<pin_list>
<pin id="665" dir="0" index="0" bw="21" slack="1"/>
<pin id="666" dir="1" index="1" bw="21" slack="1"/>
</pin_list>
<bind>
<opset="mul_ln73_45 mul_ln73_66 mul_ln73_31 mul_ln73_57 mul_ln73_73 "/>
</bind>
</comp>

<comp id="668" class="1005" name="reg_668">
<pin_list>
<pin id="669" dir="0" index="0" bw="21" slack="1"/>
<pin id="670" dir="1" index="1" bw="21" slack="1"/>
</pin_list>
<bind>
<opset="mul_ln73_48 mul_ln73_71 mul_ln73_39 mul_ln73_56 mul_ln73_74 "/>
</bind>
</comp>

<comp id="672" class="1005" name="reg_672">
<pin_list>
<pin id="673" dir="0" index="0" bw="21" slack="1"/>
<pin id="674" dir="1" index="1" bw="21" slack="1"/>
</pin_list>
<bind>
<opset="mul_ln73_53 mul_ln73_78 mul_ln73_64 "/>
</bind>
</comp>

<comp id="676" class="1005" name="reg_676">
<pin_list>
<pin id="677" dir="0" index="0" bw="21" slack="1"/>
<pin id="678" dir="1" index="1" bw="21" slack="1"/>
</pin_list>
<bind>
<opset="mul_ln73_58 mul_ln73_42 mul_ln73_52 mul_ln73_65 "/>
</bind>
</comp>

<comp id="680" class="1005" name="reg_680">
<pin_list>
<pin id="681" dir="0" index="0" bw="21" slack="1"/>
<pin id="682" dir="1" index="1" bw="21" slack="1"/>
</pin_list>
<bind>
<opset="mul_ln73_59 mul_ln73_81 mul_ln73_28 mul_ln73_54 mul_ln73_67 mul_ln73_84 "/>
</bind>
</comp>

<comp id="805" class="1005" name="reg_805">
<pin_list>
<pin id="806" dir="0" index="0" bw="20" slack="1"/>
<pin id="807" dir="1" index="1" bw="20" slack="1"/>
</pin_list>
<bind>
<opset="mul_ln70_1 mul_ln73_80 "/>
</bind>
</comp>

<comp id="927" class="1005" name="reg_927">
<pin_list>
<pin id="928" dir="0" index="0" bw="21" slack="1"/>
<pin id="929" dir="1" index="1" bw="21" slack="1"/>
</pin_list>
<bind>
<opset="mul_ln73_43 mul_ln73_72 "/>
</bind>
</comp>

<comp id="932" class="1005" name="reg_932">
<pin_list>
<pin id="933" dir="0" index="0" bw="21" slack="1"/>
<pin id="934" dir="1" index="1" bw="21" slack="1"/>
</pin_list>
<bind>
<opset="mul_ln73_55 mul_ln73_85 "/>
</bind>
</comp>

<comp id="1446" class="1004" name="sext_ln73_16_fu_1446">
<pin_list>
<pin id="1447" dir="0" index="0" bw="10" slack="0"/>
<pin id="1448" dir="1" index="1" bw="20" slack="0"/>
</pin_list>
<bind>
<opcode="sext(35) " fcode="sext"/>
<opset="sext_ln73_16/1 "/>
</bind>
</comp>

<comp id="1451" class="1004" name="sext_ln73_18_fu_1451">
<pin_list>
<pin id="1452" dir="0" index="0" bw="10" slack="0"/>
<pin id="1453" dir="1" index="1" bw="18" slack="0"/>
</pin_list>
<bind>
<opcode="sext(35) " fcode="sext"/>
<opset="sext_ln73_18/1 "/>
</bind>
</comp>

<comp id="1458" class="1004" name="sext_ln73_19_fu_1458">
<pin_list>
<pin id="1459" dir="0" index="0" bw="10" slack="0"/>
<pin id="1460" dir="1" index="1" bw="19" slack="0"/>
</pin_list>
<bind>
<opcode="sext(35) " fcode="sext"/>
<opset="sext_ln73_19/1 "/>
</bind>
</comp>

<comp id="1463" class="1004" name="sext_ln73_23_fu_1463">
<pin_list>
<pin id="1464" dir="0" index="0" bw="10" slack="0"/>
<pin id="1465" dir="1" index="1" bw="19" slack="0"/>
</pin_list>
<bind>
<opcode="sext(35) " fcode="sext"/>
<opset="sext_ln73_23/1 "/>
</bind>
</comp>

<comp id="1470" class="1004" name="sext_ln73_28_fu_1470">
<pin_list>
<pin id="1471" dir="0" index="0" bw="19" slack="1"/>
<pin id="1472" dir="1" index="1" bw="20" slack="0"/>
</pin_list>
<bind>
<opcode="sext(35) " fcode="sext"/>
<opset="sext_ln73_28/2 "/>
</bind>
</comp>

<comp id="1474" class="1004" name="sext_ln73_29_fu_1474">
<pin_list>
<pin id="1475" dir="0" index="0" bw="10" slack="1"/>
<pin id="1476" dir="1" index="1" bw="18" slack="0"/>
</pin_list>
<bind>
<opcode="sext(35) " fcode="sext"/>
<opset="sext_ln73_29/2 "/>
</bind>
</comp>

<comp id="1478" class="1004" name="sext_ln73_31_fu_1478">
<pin_list>
<pin id="1479" dir="0" index="0" bw="10" slack="0"/>
<pin id="1480" dir="1" index="1" bw="21" slack="0"/>
</pin_list>
<bind>
<opcode="sext(35) " fcode="sext"/>
<opset="sext_ln73_31/2 "/>
</bind>
</comp>

<comp id="1483" class="1004" name="sext_ln73_35_fu_1483">
<pin_list>
<pin id="1484" dir="0" index="0" bw="10" slack="0"/>
<pin id="1485" dir="1" index="1" bw="21" slack="0"/>
</pin_list>
<bind>
<opcode="sext(35) " fcode="sext"/>
<opset="sext_ln73_35/2 "/>
</bind>
</comp>

<comp id="1488" class="1004" name="sext_ln73_37_fu_1488">
<pin_list>
<pin id="1489" dir="0" index="0" bw="10" slack="0"/>
<pin id="1490" dir="1" index="1" bw="20" slack="0"/>
</pin_list>
<bind>
<opcode="sext(35) " fcode="sext"/>
<opset="sext_ln73_37/2 "/>
</bind>
</comp>

<comp id="1493" class="1004" name="sext_ln73_38_fu_1493">
<pin_list>
<pin id="1494" dir="0" index="0" bw="10" slack="0"/>
<pin id="1495" dir="1" index="1" bw="19" slack="0"/>
</pin_list>
<bind>
<opcode="sext(35) " fcode="sext"/>
<opset="sext_ln73_38/2 "/>
</bind>
</comp>

<comp id="1498" class="1004" name="sext_ln73_42_fu_1498">
<pin_list>
<pin id="1499" dir="0" index="0" bw="10" slack="0"/>
<pin id="1500" dir="1" index="1" bw="20" slack="0"/>
</pin_list>
<bind>
<opcode="sext(35) " fcode="sext"/>
<opset="sext_ln73_42/2 "/>
</bind>
</comp>

<comp id="1504" class="1004" name="sext_ln73_43_fu_1504">
<pin_list>
<pin id="1505" dir="0" index="0" bw="10" slack="0"/>
<pin id="1506" dir="1" index="1" bw="21" slack="0"/>
</pin_list>
<bind>
<opcode="sext(35) " fcode="sext"/>
<opset="sext_ln73_43/2 "/>
</bind>
</comp>

<comp id="1509" class="1004" name="add_ln58_180_fu_1509">
<pin_list>
<pin id="1510" dir="0" index="0" bw="18" slack="1"/>
<pin id="1511" dir="0" index="1" bw="18" slack="0"/>
<pin id="1512" dir="1" index="2" bw="18" slack="0"/>
</pin_list>
<bind>
<opcode="add(8) " fcode="add"/>
<opset="add_ln58_180/2 "/>
</bind>
</comp>

<comp id="1515" class="1004" name="zext_ln58_fu_1515">
<pin_list>
<pin id="1516" dir="0" index="0" bw="18" slack="0"/>
<pin id="1517" dir="1" index="1" bw="20" slack="0"/>
</pin_list>
<bind>
<opcode="zext(34) " fcode="zext"/>
<opset="zext_ln58/2 "/>
</bind>
</comp>

<comp id="1519" class="1004" name="add_ln58_188_fu_1519">
<pin_list>
<pin id="1520" dir="0" index="0" bw="19" slack="0"/>
<pin id="1521" dir="0" index="1" bw="18" slack="0"/>
<pin id="1522" dir="1" index="2" bw="20" slack="1"/>
</pin_list>
<bind>
<opcode="add(8) " fcode="add"/>
<opset="add_ln58_188/2 "/>
</bind>
</comp>

<comp id="1525" class="1004" name="sext_ln73_22_fu_1525">
<pin_list>
<pin id="1526" dir="0" index="0" bw="10" slack="2"/>
<pin id="1527" dir="1" index="1" bw="16" slack="0"/>
</pin_list>
<bind>
<opcode="sext(35) " fcode="sext"/>
<opset="sext_ln73_22/3 "/>
</bind>
</comp>

<comp id="1528" class="1004" name="tmp_842_fu_1528">
<pin_list>
<pin id="1529" dir="0" index="0" bw="14" slack="0"/>
<pin id="1530" dir="0" index="1" bw="10" slack="2"/>
<pin id="1531" dir="0" index="2" bw="1" slack="0"/>
<pin id="1532" dir="1" index="3" bw="14" slack="0"/>
</pin_list>
<bind>
<opcode="bitconcatenate(1004) " fcode="bitconcatenate"/>
<opset="tmp_842/3 "/>
</bind>
</comp>

<comp id="1535" class="1004" name="sext_ln73_1185_fu_1535">
<pin_list>
<pin id="1536" dir="0" index="0" bw="14" slack="0"/>
<pin id="1537" dir="1" index="1" bw="16" slack="0"/>
</pin_list>
<bind>
<opcode="sext(35) " fcode="sext"/>
<opset="sext_ln73_1185/3 "/>
</bind>
</comp>

<comp id="1539" class="1004" name="sub_ln73_695_fu_1539">
<pin_list>
<pin id="1540" dir="0" index="0" bw="1" slack="0"/>
<pin id="1541" dir="0" index="1" bw="14" slack="0"/>
<pin id="1542" dir="1" index="2" bw="16" slack="0"/>
</pin_list>
<bind>
<opcode="sub(10) " fcode="sub"/>
<opset="sub_ln73_695/3 "/>
</bind>
</comp>

<comp id="1545" class="1004" name="sub_ln73_696_fu_1545">
<pin_list>
<pin id="1546" dir="0" index="0" bw="16" slack="0"/>
<pin id="1547" dir="0" index="1" bw="10" slack="0"/>
<pin id="1548" dir="1" index="2" bw="16" slack="1"/>
</pin_list>
<bind>
<opcode="sub(10) " fcode="sub"/>
<opset="sub_ln73_696/3 "/>
</bind>
</comp>

<comp id="1551" class="1004" name="sext_ln73_36_fu_1551">
<pin_list>
<pin id="1552" dir="0" index="0" bw="10" slack="1"/>
<pin id="1553" dir="1" index="1" bw="14" slack="0"/>
</pin_list>
<bind>
<opcode="sext(35) " fcode="sext"/>
<opset="sext_ln73_36/3 "/>
</bind>
</comp>

<comp id="1554" class="1004" name="tmp_843_fu_1554">
<pin_list>
<pin id="1555" dir="0" index="0" bw="13" slack="0"/>
<pin id="1556" dir="0" index="1" bw="10" slack="1"/>
<pin id="1557" dir="0" index="2" bw="1" slack="0"/>
<pin id="1558" dir="1" index="3" bw="13" slack="0"/>
</pin_list>
<bind>
<opcode="bitconcatenate(1004) " fcode="bitconcatenate"/>
<opset="tmp_843/3 "/>
</bind>
</comp>

<comp id="1561" class="1004" name="sext_ln73_1186_fu_1561">
<pin_list>
<pin id="1562" dir="0" index="0" bw="13" slack="0"/>
<pin id="1563" dir="1" index="1" bw="14" slack="0"/>
</pin_list>
<bind>
<opcode="sext(35) " fcode="sext"/>
<opset="sext_ln73_1186/3 "/>
</bind>
</comp>

<comp id="1565" class="1004" name="sub_ln73_697_fu_1565">
<pin_list>
<pin id="1566" dir="0" index="0" bw="13" slack="0"/>
<pin id="1567" dir="0" index="1" bw="10" slack="0"/>
<pin id="1568" dir="1" index="2" bw="14" slack="1"/>
</pin_list>
<bind>
<opcode="sub(10) " fcode="sub"/>
<opset="sub_ln73_697/3 "/>
</bind>
</comp>

<comp id="1571" class="1004" name="sext_ln73_41_fu_1571">
<pin_list>
<pin id="1572" dir="0" index="0" bw="10" slack="1"/>
<pin id="1573" dir="1" index="1" bw="17" slack="0"/>
</pin_list>
<bind>
<opcode="sext(35) " fcode="sext"/>
<opset="sext_ln73_41/3 "/>
</bind>
</comp>

<comp id="1575" class="1004" name="sext_ln73_46_fu_1575">
<pin_list>
<pin id="1576" dir="0" index="0" bw="10" slack="0"/>
<pin id="1577" dir="1" index="1" bw="18" slack="0"/>
</pin_list>
<bind>
<opcode="sext(35) " fcode="sext"/>
<opset="sext_ln73_46/3 "/>
</bind>
</comp>

<comp id="1580" class="1004" name="sext_ln73_48_fu_1580">
<pin_list>
<pin id="1581" dir="0" index="0" bw="10" slack="0"/>
<pin id="1582" dir="1" index="1" bw="21" slack="0"/>
</pin_list>
<bind>
<opcode="sext(35) " fcode="sext"/>
<opset="sext_ln73_48/3 "/>
</bind>
</comp>

<comp id="1585" class="1004" name="sext_ln73_53_fu_1585">
<pin_list>
<pin id="1586" dir="0" index="0" bw="10" slack="0"/>
<pin id="1587" dir="1" index="1" bw="20" slack="0"/>
</pin_list>
<bind>
<opcode="sext(35) " fcode="sext"/>
<opset="sext_ln73_53/3 "/>
</bind>
</comp>

<comp id="1590" class="1004" name="sext_ln73_55_fu_1590">
<pin_list>
<pin id="1591" dir="0" index="0" bw="10" slack="0"/>
<pin id="1592" dir="1" index="1" bw="19" slack="0"/>
</pin_list>
<bind>
<opcode="sext(35) " fcode="sext"/>
<opset="sext_ln73_55/3 "/>
</bind>
</comp>

<comp id="1596" class="1004" name="sext_ln73_62_fu_1596">
<pin_list>
<pin id="1597" dir="0" index="0" bw="10" slack="0"/>
<pin id="1598" dir="1" index="1" bw="19" slack="0"/>
</pin_list>
<bind>
<opcode="sext(35) " fcode="sext"/>
<opset="sext_ln73_62/3 "/>
</bind>
</comp>

<comp id="1601" class="1004" name="sext_ln73_65_fu_1601">
<pin_list>
<pin id="1602" dir="0" index="0" bw="10" slack="0"/>
<pin id="1603" dir="1" index="1" bw="18" slack="0"/>
</pin_list>
<bind>
<opcode="sext(35) " fcode="sext"/>
<opset="sext_ln73_65/3 "/>
</bind>
</comp>

<comp id="1606" class="1004" name="add_ln58_fu_1606">
<pin_list>
<pin id="1607" dir="0" index="0" bw="18" slack="2"/>
<pin id="1608" dir="0" index="1" bw="17" slack="0"/>
<pin id="1609" dir="1" index="2" bw="18" slack="0"/>
</pin_list>
<bind>
<opcode="add(8) " fcode="add"/>
<opset="add_ln58/3 "/>
</bind>
</comp>

<comp id="1612" class="1004" name="sext_ln58_23_fu_1612">
<pin_list>
<pin id="1613" dir="0" index="0" bw="18" slack="0"/>
<pin id="1614" dir="1" index="1" bw="19" slack="0"/>
</pin_list>
<bind>
<opcode="sext(35) " fcode="sext"/>
<opset="sext_ln58_23/3 "/>
</bind>
</comp>

<comp id="1616" class="1004" name="sext_ln58_11_fu_1616">
<pin_list>
<pin id="1617" dir="0" index="0" bw="20" slack="1"/>
<pin id="1618" dir="1" index="1" bw="21" slack="0"/>
</pin_list>
<bind>
<opcode="sext(35) " fcode="sext"/>
<opset="sext_ln58_11/3 "/>
</bind>
</comp>

<comp id="1619" class="1004" name="add_ln58_190_fu_1619">
<pin_list>
<pin id="1620" dir="0" index="0" bw="21" slack="1"/>
<pin id="1621" dir="0" index="1" bw="20" slack="0"/>
<pin id="1622" dir="1" index="2" bw="21" slack="0"/>
</pin_list>
<bind>
<opcode="add(8) " fcode="add"/>
<opset="add_ln58_190/3 "/>
</bind>
</comp>

<comp id="1625" class="1004" name="sext_ln58_13_fu_1625">
<pin_list>
<pin id="1626" dir="0" index="0" bw="21" slack="0"/>
<pin id="1627" dir="1" index="1" bw="22" slack="0"/>
</pin_list>
<bind>
<opcode="sext(35) " fcode="sext"/>
<opset="sext_ln58_13/3 "/>
</bind>
</comp>

<comp id="1629" class="1004" name="add_ln58_194_fu_1629">
<pin_list>
<pin id="1630" dir="0" index="0" bw="19" slack="1"/>
<pin id="1631" dir="0" index="1" bw="18" slack="0"/>
<pin id="1632" dir="1" index="2" bw="19" slack="1"/>
</pin_list>
<bind>
<opcode="add(8) " fcode="add"/>
<opset="add_ln58_194/3 "/>
</bind>
</comp>

<comp id="1635" class="1004" name="add_ln58_205_fu_1635">
<pin_list>
<pin id="1636" dir="0" index="0" bw="21" slack="1"/>
<pin id="1637" dir="0" index="1" bw="21" slack="1"/>
<pin id="1638" dir="1" index="2" bw="21" slack="0"/>
</pin_list>
<bind>
<opcode="add(8) " fcode="add"/>
<opset="add_ln58_205/3 "/>
</bind>
</comp>

<comp id="1641" class="1004" name="sext_ln58_33_fu_1641">
<pin_list>
<pin id="1642" dir="0" index="0" bw="21" slack="0"/>
<pin id="1643" dir="1" index="1" bw="22" slack="0"/>
</pin_list>
<bind>
<opcode="sext(35) " fcode="sext"/>
<opset="sext_ln58_33/3 "/>
</bind>
</comp>

<comp id="1645" class="1004" name="add_ln58_206_fu_1645">
<pin_list>
<pin id="1646" dir="0" index="0" bw="21" slack="0"/>
<pin id="1647" dir="0" index="1" bw="21" slack="0"/>
<pin id="1648" dir="1" index="2" bw="22" slack="5"/>
</pin_list>
<bind>
<opcode="add(8) " fcode="add"/>
<opset="add_ln58_206/3 "/>
</bind>
</comp>

<comp id="1651" class="1004" name="add_ln58_225_fu_1651">
<pin_list>
<pin id="1652" dir="0" index="0" bw="20" slack="1"/>
<pin id="1653" dir="0" index="1" bw="20" slack="1"/>
<pin id="1654" dir="1" index="2" bw="20" slack="1"/>
</pin_list>
<bind>
<opcode="add(8) " fcode="add"/>
<opset="add_ln58_225/3 "/>
</bind>
</comp>

<comp id="1657" class="1004" name="sext_ln73_fu_1657">
<pin_list>
<pin id="1658" dir="0" index="0" bw="10" slack="3"/>
<pin id="1659" dir="1" index="1" bw="21" slack="0"/>
</pin_list>
<bind>
<opcode="sext(35) " fcode="sext"/>
<opset="sext_ln73/4 "/>
</bind>
</comp>

<comp id="1662" class="1004" name="tmp_fu_1662">
<pin_list>
<pin id="1663" dir="0" index="0" bw="16" slack="0"/>
<pin id="1664" dir="0" index="1" bw="10" slack="3"/>
<pin id="1665" dir="0" index="2" bw="1" slack="0"/>
<pin id="1666" dir="1" index="3" bw="16" slack="0"/>
</pin_list>
<bind>
<opcode="bitconcatenate(1004) " fcode="bitconcatenate"/>
<opset="tmp/4 "/>
</bind>
</comp>

<comp id="1669" class="1004" name="sext_ln73_1183_fu_1669">
<pin_list>
<pin id="1670" dir="0" index="0" bw="16" slack="0"/>
<pin id="1671" dir="1" index="1" bw="17" slack="0"/>
</pin_list>
<bind>
<opcode="sext(35) " fcode="sext"/>
<opset="sext_ln73_1183/4 "/>
</bind>
</comp>

<comp id="1673" class="1004" name="tmp_841_fu_1673">
<pin_list>
<pin id="1674" dir="0" index="0" bw="13" slack="0"/>
<pin id="1675" dir="0" index="1" bw="10" slack="3"/>
<pin id="1676" dir="0" index="2" bw="1" slack="0"/>
<pin id="1677" dir="1" index="3" bw="13" slack="0"/>
</pin_list>
<bind>
<opcode="bitconcatenate(1004) " fcode="bitconcatenate"/>
<opset="tmp_841/4 "/>
</bind>
</comp>

<comp id="1680" class="1004" name="sext_ln73_1184_fu_1680">
<pin_list>
<pin id="1681" dir="0" index="0" bw="13" slack="0"/>
<pin id="1682" dir="1" index="1" bw="17" slack="0"/>
</pin_list>
<bind>
<opcode="sext(35) " fcode="sext"/>
<opset="sext_ln73_1184/4 "/>
</bind>
</comp>

<comp id="1684" class="1004" name="sub_ln73_fu_1684">
<pin_list>
<pin id="1685" dir="0" index="0" bw="13" slack="0"/>
<pin id="1686" dir="0" index="1" bw="16" slack="0"/>
<pin id="1687" dir="1" index="2" bw="17" slack="0"/>
</pin_list>
<bind>
<opcode="sub(10) " fcode="sub"/>
<opset="sub_ln73/4 "/>
</bind>
</comp>

<comp id="1690" class="1004" name="sext_ln73_20_fu_1690">
<pin_list>
<pin id="1691" dir="0" index="0" bw="10" slack="3"/>
<pin id="1692" dir="1" index="1" bw="21" slack="0"/>
</pin_list>
<bind>
<opcode="sext(35) " fcode="sext"/>
<opset="sext_ln73_20/4 "/>
</bind>
</comp>

<comp id="1694" class="1004" name="sext_ln73_21_fu_1694">
<pin_list>
<pin id="1695" dir="0" index="0" bw="10" slack="3"/>
<pin id="1696" dir="1" index="1" bw="17" slack="0"/>
</pin_list>
<bind>
<opcode="sext(35) " fcode="sext"/>
<opset="sext_ln73_21/4 "/>
</bind>
</comp>

<comp id="1698" class="1004" name="sext_ln73_24_fu_1698">
<pin_list>
<pin id="1699" dir="0" index="0" bw="10" slack="3"/>
<pin id="1700" dir="1" index="1" bw="20" slack="0"/>
</pin_list>
<bind>
<opcode="sext(35) " fcode="sext"/>
<opset="sext_ln73_24/4 "/>
</bind>
</comp>

<comp id="1702" class="1004" name="sext_ln73_25_fu_1702">
<pin_list>
<pin id="1703" dir="0" index="0" bw="16" slack="1"/>
<pin id="1704" dir="1" index="1" bw="18" slack="0"/>
</pin_list>
<bind>
<opcode="sext(35) " fcode="sext"/>
<opset="sext_ln73_25/4 "/>
</bind>
</comp>

<comp id="1705" class="1004" name="sext_ln73_30_fu_1705">
<pin_list>
<pin id="1706" dir="0" index="0" bw="10" slack="2"/>
<pin id="1707" dir="1" index="1" bw="20" slack="0"/>
</pin_list>
<bind>
<opcode="sext(35) " fcode="sext"/>
<opset="sext_ln73_30/4 "/>
</bind>
</comp>

<comp id="1709" class="1004" name="sext_ln73_32_fu_1709">
<pin_list>
<pin id="1710" dir="0" index="0" bw="10" slack="2"/>
<pin id="1711" dir="1" index="1" bw="19" slack="0"/>
</pin_list>
<bind>
<opcode="sext(35) " fcode="sext"/>
<opset="sext_ln73_32/4 "/>
</bind>
</comp>

<comp id="1713" class="1004" name="sext_ln73_33_fu_1713">
<pin_list>
<pin id="1714" dir="0" index="0" bw="19" slack="0"/>
<pin id="1715" dir="1" index="1" bw="20" slack="0"/>
</pin_list>
<bind>
<opcode="sext(35) " fcode="sext"/>
<opset="sext_ln73_33/4 "/>
</bind>
</comp>

<comp id="1717" class="1004" name="sext_ln73_40_fu_1717">
<pin_list>
<pin id="1718" dir="0" index="0" bw="14" slack="1"/>
<pin id="1719" dir="1" index="1" bw="18" slack="0"/>
</pin_list>
<bind>
<opcode="sext(35) " fcode="sext"/>
<opset="sext_ln73_40/4 "/>
</bind>
</comp>

<comp id="1720" class="1004" name="sext_ln70_33_fu_1720">
<pin_list>
<pin id="1721" dir="0" index="0" bw="17" slack="1"/>
<pin id="1722" dir="1" index="1" bw="19" slack="0"/>
</pin_list>
<bind>
<opcode="sext(35) " fcode="sext"/>
<opset="sext_ln70_33/4 "/>
</bind>
</comp>

<comp id="1724" class="1004" name="sext_ln73_64_fu_1724">
<pin_list>
<pin id="1725" dir="0" index="0" bw="19" slack="1"/>
<pin id="1726" dir="1" index="1" bw="20" slack="0"/>
</pin_list>
<bind>
<opcode="sext(35) " fcode="sext"/>
<opset="sext_ln73_64/4 "/>
</bind>
</comp>

<comp id="1728" class="1004" name="add_ln58_178_fu_1728">
<pin_list>
<pin id="1729" dir="0" index="0" bw="17" slack="0"/>
<pin id="1730" dir="0" index="1" bw="16" slack="0"/>
<pin id="1731" dir="1" index="2" bw="17" slack="0"/>
</pin_list>
<bind>
<opcode="add(8) " fcode="add"/>
<opset="add_ln58_178/4 "/>
</bind>
</comp>

<comp id="1734" class="1004" name="sext_ln58_5_fu_1734">
<pin_list>
<pin id="1735" dir="0" index="0" bw="17" slack="0"/>
<pin id="1736" dir="1" index="1" bw="19" slack="0"/>
</pin_list>
<bind>
<opcode="sext(35) " fcode="sext"/>
<opset="sext_ln58_5/4 "/>
</bind>
</comp>

<comp id="1738" class="1004" name="add_ln58_182_fu_1738">
<pin_list>
<pin id="1739" dir="0" index="0" bw="19" slack="3"/>
<pin id="1740" dir="0" index="1" bw="17" slack="0"/>
<pin id="1741" dir="1" index="2" bw="19" slack="1"/>
</pin_list>
<bind>
<opcode="add(8) " fcode="add"/>
<opset="add_ln58_182/4 "/>
</bind>
</comp>

<comp id="1744" class="1004" name="add_ln58_183_fu_1744">
<pin_list>
<pin id="1745" dir="0" index="0" bw="16" slack="0"/>
<pin id="1746" dir="0" index="1" bw="18" slack="0"/>
<pin id="1747" dir="1" index="2" bw="18" slack="0"/>
</pin_list>
<bind>
<opcode="add(8) " fcode="add"/>
<opset="add_ln58_183/4 "/>
</bind>
</comp>

<comp id="1750" class="1004" name="zext_ln58_2_fu_1750">
<pin_list>
<pin id="1751" dir="0" index="0" bw="18" slack="0"/>
<pin id="1752" dir="1" index="1" bw="20" slack="0"/>
</pin_list>
<bind>
<opcode="zext(34) " fcode="zext"/>
<opset="zext_ln58_2/4 "/>
</bind>
</comp>

<comp id="1754" class="1004" name="add_ln58_184_fu_1754">
<pin_list>
<pin id="1755" dir="0" index="0" bw="18" slack="0"/>
<pin id="1756" dir="0" index="1" bw="20" slack="3"/>
<pin id="1757" dir="1" index="2" bw="20" slack="1"/>
</pin_list>
<bind>
<opcode="add(8) " fcode="add"/>
<opset="add_ln58_184/4 "/>
</bind>
</comp>

<comp id="1760" class="1004" name="add_ln58_193_fu_1760">
<pin_list>
<pin id="1761" dir="0" index="0" bw="20" slack="0"/>
<pin id="1762" dir="0" index="1" bw="19" slack="0"/>
<pin id="1763" dir="1" index="2" bw="20" slack="0"/>
</pin_list>
<bind>
<opcode="add(8) " fcode="add"/>
<opset="add_ln58_193/4 "/>
</bind>
</comp>

<comp id="1766" class="1004" name="sext_ln58_31_fu_1766">
<pin_list>
<pin id="1767" dir="0" index="0" bw="19" slack="1"/>
<pin id="1768" dir="1" index="1" bw="20" slack="0"/>
</pin_list>
<bind>
<opcode="sext(35) " fcode="sext"/>
<opset="sext_ln58_31/4 "/>
</bind>
</comp>

<comp id="1769" class="1004" name="add_ln58_195_fu_1769">
<pin_list>
<pin id="1770" dir="0" index="0" bw="19" slack="0"/>
<pin id="1771" dir="0" index="1" bw="20" slack="0"/>
<pin id="1772" dir="1" index="2" bw="20" slack="3"/>
</pin_list>
<bind>
<opcode="add(8) " fcode="add"/>
<opset="add_ln58_195/4 "/>
</bind>
</comp>

<comp id="1775" class="1004" name="add_ln58_208_fu_1775">
<pin_list>
<pin id="1776" dir="0" index="0" bw="18" slack="1"/>
<pin id="1777" dir="0" index="1" bw="14" slack="0"/>
<pin id="1778" dir="1" index="2" bw="18" slack="0"/>
</pin_list>
<bind>
<opcode="add(8) " fcode="add"/>
<opset="add_ln58_208/4 "/>
</bind>
</comp>

<comp id="1781" class="1004" name="sext_ln58_34_fu_1781">
<pin_list>
<pin id="1782" dir="0" index="0" bw="18" slack="0"/>
<pin id="1783" dir="1" index="1" bw="20" slack="0"/>
</pin_list>
<bind>
<opcode="sext(35) " fcode="sext"/>
<opset="sext_ln58_34/4 "/>
</bind>
</comp>

<comp id="1785" class="1004" name="add_ln58_209_fu_1785">
<pin_list>
<pin id="1786" dir="0" index="0" bw="18" slack="0"/>
<pin id="1787" dir="0" index="1" bw="20" slack="2"/>
<pin id="1788" dir="1" index="2" bw="20" slack="1"/>
</pin_list>
<bind>
<opcode="add(8) " fcode="add"/>
<opset="add_ln58_209/4 "/>
</bind>
</comp>

<comp id="1791" class="1004" name="add_ln58_212_fu_1791">
<pin_list>
<pin id="1792" dir="0" index="0" bw="19" slack="1"/>
<pin id="1793" dir="0" index="1" bw="17" slack="0"/>
<pin id="1794" dir="1" index="2" bw="19" slack="0"/>
</pin_list>
<bind>
<opcode="add(8) " fcode="add"/>
<opset="add_ln58_212/4 "/>
</bind>
</comp>

<comp id="1797" class="1004" name="sext_ln58_36_fu_1797">
<pin_list>
<pin id="1798" dir="0" index="0" bw="19" slack="0"/>
<pin id="1799" dir="1" index="1" bw="21" slack="0"/>
</pin_list>
<bind>
<opcode="sext(35) " fcode="sext"/>
<opset="sext_ln58_36/4 "/>
</bind>
</comp>

<comp id="1801" class="1004" name="add_ln58_213_fu_1801">
<pin_list>
<pin id="1802" dir="0" index="0" bw="19" slack="0"/>
<pin id="1803" dir="0" index="1" bw="21" slack="1"/>
<pin id="1804" dir="1" index="2" bw="21" slack="2"/>
</pin_list>
<bind>
<opcode="add(8) " fcode="add"/>
<opset="add_ln58_213/4 "/>
</bind>
</comp>

<comp id="1807" class="1004" name="sext_ln58_42_fu_1807">
<pin_list>
<pin id="1808" dir="0" index="0" bw="20" slack="1"/>
<pin id="1809" dir="1" index="1" bw="21" slack="0"/>
</pin_list>
<bind>
<opcode="sext(35) " fcode="sext"/>
<opset="sext_ln58_42/4 "/>
</bind>
</comp>

<comp id="1810" class="1004" name="add_ln58_226_fu_1810">
<pin_list>
<pin id="1811" dir="0" index="0" bw="20" slack="1"/>
<pin id="1812" dir="0" index="1" bw="19" slack="0"/>
<pin id="1813" dir="1" index="2" bw="20" slack="0"/>
</pin_list>
<bind>
<opcode="add(8) " fcode="add"/>
<opset="add_ln58_226/4 "/>
</bind>
</comp>

<comp id="1816" class="1004" name="sext_ln58_43_fu_1816">
<pin_list>
<pin id="1817" dir="0" index="0" bw="20" slack="0"/>
<pin id="1818" dir="1" index="1" bw="21" slack="0"/>
</pin_list>
<bind>
<opcode="sext(35) " fcode="sext"/>
<opset="sext_ln58_43/4 "/>
</bind>
</comp>

<comp id="1820" class="1004" name="add_ln58_227_fu_1820">
<pin_list>
<pin id="1821" dir="0" index="0" bw="20" slack="0"/>
<pin id="1822" dir="0" index="1" bw="20" slack="0"/>
<pin id="1823" dir="1" index="2" bw="21" slack="3"/>
</pin_list>
<bind>
<opcode="add(8) " fcode="add"/>
<opset="add_ln58_227/4 "/>
</bind>
</comp>

<comp id="1826" class="1004" name="sext_ln73_27_fu_1826">
<pin_list>
<pin id="1827" dir="0" index="0" bw="17" slack="1"/>
<pin id="1828" dir="1" index="1" bw="20" slack="0"/>
</pin_list>
<bind>
<opcode="sext(35) " fcode="sext"/>
<opset="sext_ln73_27/5 "/>
</bind>
</comp>

<comp id="1830" class="1004" name="add_ln58_179_fu_1830">
<pin_list>
<pin id="1831" dir="0" index="0" bw="19" slack="4"/>
<pin id="1832" dir="0" index="1" bw="14" slack="0"/>
<pin id="1833" dir="1" index="2" bw="19" slack="0"/>
</pin_list>
<bind>
<opcode="add(8) " fcode="add"/>
<opset="add_ln58_179/5 "/>
</bind>
</comp>

<comp id="1836" class="1004" name="sext_ln58_6_fu_1836">
<pin_list>
<pin id="1837" dir="0" index="0" bw="19" slack="0"/>
<pin id="1838" dir="1" index="1" bw="20" slack="0"/>
</pin_list>
<bind>
<opcode="sext(35) " fcode="sext"/>
<opset="sext_ln58_6/5 "/>
</bind>
</comp>

<comp id="1840" class="1004" name="sext_ln58_7_fu_1840">
<pin_list>
<pin id="1841" dir="0" index="0" bw="19" slack="1"/>
<pin id="1842" dir="1" index="1" bw="20" slack="0"/>
</pin_list>
<bind>
<opcode="sext(35) " fcode="sext"/>
<opset="sext_ln58_7/5 "/>
</bind>
</comp>

<comp id="1843" class="1004" name="sext_ln58_8_fu_1843">
<pin_list>
<pin id="1844" dir="0" index="0" bw="20" slack="1"/>
<pin id="1845" dir="1" index="1" bw="21" slack="0"/>
</pin_list>
<bind>
<opcode="sext(35) " fcode="sext"/>
<opset="sext_ln58_8/5 "/>
</bind>
</comp>

<comp id="1846" class="1004" name="add_ln58_185_fu_1846">
<pin_list>
<pin id="1847" dir="0" index="0" bw="19" slack="4"/>
<pin id="1848" dir="0" index="1" bw="19" slack="0"/>
<pin id="1849" dir="1" index="2" bw="19" slack="0"/>
</pin_list>
<bind>
<opcode="add(8) " fcode="add"/>
<opset="add_ln58_185/5 "/>
</bind>
</comp>

<comp id="1852" class="1004" name="zext_ln58_3_fu_1852">
<pin_list>
<pin id="1853" dir="0" index="0" bw="19" slack="0"/>
<pin id="1854" dir="1" index="1" bw="21" slack="0"/>
</pin_list>
<bind>
<opcode="zext(34) " fcode="zext"/>
<opset="zext_ln58_3/5 "/>
</bind>
</comp>

<comp id="1856" class="1004" name="add_ln58_186_fu_1856">
<pin_list>
<pin id="1857" dir="0" index="0" bw="19" slack="0"/>
<pin id="1858" dir="0" index="1" bw="21" slack="1"/>
<pin id="1859" dir="1" index="2" bw="21" slack="2"/>
</pin_list>
<bind>
<opcode="add(8) " fcode="add"/>
<opset="add_ln58_186/5 "/>
</bind>
</comp>

<comp id="1862" class="1004" name="add_ln58_187_fu_1862">
<pin_list>
<pin id="1863" dir="0" index="0" bw="19" slack="0"/>
<pin id="1864" dir="0" index="1" bw="17" slack="0"/>
<pin id="1865" dir="1" index="2" bw="20" slack="1"/>
</pin_list>
<bind>
<opcode="add(8) " fcode="add"/>
<opset="add_ln58_187/5 "/>
</bind>
</comp>

<comp id="1868" class="1004" name="add_ln58_189_fu_1868">
<pin_list>
<pin id="1869" dir="0" index="0" bw="20" slack="1"/>
<pin id="1870" dir="0" index="1" bw="19" slack="0"/>
<pin id="1871" dir="1" index="2" bw="20" slack="2"/>
</pin_list>
<bind>
<opcode="add(8) " fcode="add"/>
<opset="add_ln58_189/5 "/>
</bind>
</comp>

<comp id="1874" class="1004" name="add_ln58_199_fu_1874">
<pin_list>
<pin id="1875" dir="0" index="0" bw="18" slack="3"/>
<pin id="1876" dir="0" index="1" bw="18" slack="0"/>
<pin id="1877" dir="1" index="2" bw="18" slack="1"/>
</pin_list>
<bind>
<opcode="add(8) " fcode="add"/>
<opset="add_ln58_199/5 "/>
</bind>
</comp>

<comp id="1880" class="1004" name="add_ln58_207_fu_1880">
<pin_list>
<pin id="1881" dir="0" index="0" bw="21" slack="1"/>
<pin id="1882" dir="0" index="1" bw="20" slack="0"/>
<pin id="1883" dir="1" index="2" bw="21" slack="0"/>
</pin_list>
<bind>
<opcode="add(8) " fcode="add"/>
<opset="add_ln58_207/5 "/>
</bind>
</comp>

<comp id="1886" class="1004" name="sext_ln58_35_fu_1886">
<pin_list>
<pin id="1887" dir="0" index="0" bw="20" slack="1"/>
<pin id="1888" dir="1" index="1" bw="21" slack="0"/>
</pin_list>
<bind>
<opcode="sext(35) " fcode="sext"/>
<opset="sext_ln58_35/5 "/>
</bind>
</comp>

<comp id="1889" class="1004" name="add_ln58_210_fu_1889">
<pin_list>
<pin id="1890" dir="0" index="0" bw="20" slack="0"/>
<pin id="1891" dir="0" index="1" bw="21" slack="0"/>
<pin id="1892" dir="1" index="2" bw="21" slack="3"/>
</pin_list>
<bind>
<opcode="add(8) " fcode="add"/>
<opset="add_ln58_210/5 "/>
</bind>
</comp>

<comp id="1895" class="1004" name="sext_ln73_34_fu_1895">
<pin_list>
<pin id="1896" dir="0" index="0" bw="20" slack="1"/>
<pin id="1897" dir="1" index="1" bw="21" slack="0"/>
</pin_list>
<bind>
<opcode="sext(35) " fcode="sext"/>
<opset="sext_ln73_34/6 "/>
</bind>
</comp>

<comp id="1899" class="1004" name="sext_ln70_fu_1899">
<pin_list>
<pin id="1900" dir="0" index="0" bw="21" slack="1"/>
<pin id="1901" dir="1" index="1" bw="22" slack="0"/>
</pin_list>
<bind>
<opcode="sext(35) " fcode="sext"/>
<opset="sext_ln70/6 "/>
</bind>
</comp>

<comp id="1903" class="1004" name="sext_ln73_47_fu_1903">
<pin_list>
<pin id="1904" dir="0" index="0" bw="10" slack="3"/>
<pin id="1905" dir="1" index="1" bw="20" slack="0"/>
</pin_list>
<bind>
<opcode="sext(35) " fcode="sext"/>
<opset="sext_ln73_47/6 "/>
</bind>
</comp>

<comp id="1908" class="1004" name="tmp_846_fu_1908">
<pin_list>
<pin id="1909" dir="0" index="0" bw="16" slack="0"/>
<pin id="1910" dir="0" index="1" bw="10" slack="3"/>
<pin id="1911" dir="0" index="2" bw="1" slack="0"/>
<pin id="1912" dir="1" index="3" bw="16" slack="0"/>
</pin_list>
<bind>
<opcode="bitconcatenate(1004) " fcode="bitconcatenate"/>
<opset="tmp_846/6 "/>
</bind>
</comp>

<comp id="1915" class="1004" name="sext_ln73_1189_fu_1915">
<pin_list>
<pin id="1916" dir="0" index="0" bw="16" slack="0"/>
<pin id="1917" dir="1" index="1" bw="17" slack="0"/>
</pin_list>
<bind>
<opcode="sext(35) " fcode="sext"/>
<opset="sext_ln73_1189/6 "/>
</bind>
</comp>

<comp id="1919" class="1004" name="tmp_847_fu_1919">
<pin_list>
<pin id="1920" dir="0" index="0" bw="14" slack="0"/>
<pin id="1921" dir="0" index="1" bw="10" slack="3"/>
<pin id="1922" dir="0" index="2" bw="1" slack="0"/>
<pin id="1923" dir="1" index="3" bw="14" slack="0"/>
</pin_list>
<bind>
<opcode="bitconcatenate(1004) " fcode="bitconcatenate"/>
<opset="tmp_847/6 "/>
</bind>
</comp>

<comp id="1926" class="1004" name="sext_ln73_1190_fu_1926">
<pin_list>
<pin id="1927" dir="0" index="0" bw="14" slack="0"/>
<pin id="1928" dir="1" index="1" bw="17" slack="0"/>
</pin_list>
<bind>
<opcode="sext(35) " fcode="sext"/>
<opset="sext_ln73_1190/6 "/>
</bind>
</comp>

<comp id="1930" class="1004" name="sub_ln73_699_fu_1930">
<pin_list>
<pin id="1931" dir="0" index="0" bw="14" slack="0"/>
<pin id="1932" dir="0" index="1" bw="16" slack="0"/>
<pin id="1933" dir="1" index="2" bw="17" slack="0"/>
</pin_list>
<bind>
<opcode="sub(10) " fcode="sub"/>
<opset="sub_ln73_699/6 "/>
</bind>
</comp>

<comp id="1936" class="1004" name="sext_ln73_51_fu_1936">
<pin_list>
<pin id="1937" dir="0" index="0" bw="17" slack="0"/>
<pin id="1938" dir="1" index="1" bw="19" slack="0"/>
</pin_list>
<bind>
<opcode="sext(35) " fcode="sext"/>
<opset="sext_ln73_51/6 "/>
</bind>
</comp>

<comp id="1940" class="1004" name="tmp_848_fu_1940">
<pin_list>
<pin id="1941" dir="0" index="0" bw="14" slack="0"/>
<pin id="1942" dir="0" index="1" bw="10" slack="3"/>
<pin id="1943" dir="0" index="2" bw="1" slack="0"/>
<pin id="1944" dir="1" index="3" bw="14" slack="0"/>
</pin_list>
<bind>
<opcode="bitconcatenate(1004) " fcode="bitconcatenate"/>
<opset="tmp_848/6 "/>
</bind>
</comp>

<comp id="1947" class="1004" name="sext_ln73_1191_fu_1947">
<pin_list>
<pin id="1948" dir="0" index="0" bw="14" slack="0"/>
<pin id="1949" dir="1" index="1" bw="16" slack="0"/>
</pin_list>
<bind>
<opcode="sext(35) " fcode="sext"/>
<opset="sext_ln73_1191/6 "/>
</bind>
</comp>

<comp id="1951" class="1004" name="tmp_849_fu_1951">
<pin_list>
<pin id="1952" dir="0" index="0" bw="11" slack="0"/>
<pin id="1953" dir="0" index="1" bw="10" slack="3"/>
<pin id="1954" dir="0" index="2" bw="1" slack="0"/>
<pin id="1955" dir="1" index="3" bw="11" slack="0"/>
</pin_list>
<bind>
<opcode="bitconcatenate(1004) " fcode="bitconcatenate"/>
<opset="tmp_849/6 "/>
</bind>
</comp>

<comp id="1958" class="1004" name="sext_ln73_1192_fu_1958">
<pin_list>
<pin id="1959" dir="0" index="0" bw="11" slack="0"/>
<pin id="1960" dir="1" index="1" bw="16" slack="0"/>
</pin_list>
<bind>
<opcode="sext(35) " fcode="sext"/>
<opset="sext_ln73_1192/6 "/>
</bind>
</comp>

<comp id="1962" class="1004" name="add_ln73_fu_1962">
<pin_list>
<pin id="1963" dir="0" index="0" bw="14" slack="0"/>
<pin id="1964" dir="0" index="1" bw="11" slack="0"/>
<pin id="1965" dir="1" index="2" bw="16" slack="0"/>
</pin_list>
<bind>
<opcode="add(8) " fcode="add"/>
<opset="add_ln73/6 "/>
</bind>
</comp>

<comp id="1968" class="1004" name="sext_ln73_58_fu_1968">
<pin_list>
<pin id="1969" dir="0" index="0" bw="15" slack="0"/>
<pin id="1970" dir="1" index="1" bw="18" slack="0"/>
</pin_list>
<bind>
<opcode="sext(35) " fcode="sext"/>
<opset="sext_ln73_58/6 "/>
</bind>
</comp>

<comp id="1972" class="1004" name="add_ln58_181_fu_1972">
<pin_list>
<pin id="1973" dir="0" index="0" bw="18" slack="5"/>
<pin id="1974" dir="0" index="1" bw="18" slack="0"/>
<pin id="1975" dir="1" index="2" bw="18" slack="0"/>
</pin_list>
<bind>
<opcode="add(8) " fcode="add"/>
<opset="add_ln58_181/6 "/>
</bind>
</comp>

<comp id="1978" class="1004" name="zext_ln58_1_fu_1978">
<pin_list>
<pin id="1979" dir="0" index="0" bw="18" slack="0"/>
<pin id="1980" dir="1" index="1" bw="21" slack="0"/>
</pin_list>
<bind>
<opcode="zext(34) " fcode="zext"/>
<opset="zext_ln58_1/6 "/>
</bind>
</comp>

<comp id="1982" class="1004" name="sext_ln58_10_fu_1982">
<pin_list>
<pin id="1983" dir="0" index="0" bw="20" slack="1"/>
<pin id="1984" dir="1" index="1" bw="21" slack="0"/>
</pin_list>
<bind>
<opcode="sext(35) " fcode="sext"/>
<opset="sext_ln58_10/6 "/>
</bind>
</comp>

<comp id="1985" class="1004" name="add_ln58_191_fu_1985">
<pin_list>
<pin id="1986" dir="0" index="0" bw="21" slack="2"/>
<pin id="1987" dir="0" index="1" bw="18" slack="0"/>
<pin id="1988" dir="1" index="2" bw="21" slack="0"/>
</pin_list>
<bind>
<opcode="add(8) " fcode="add"/>
<opset="add_ln58_191/6 "/>
</bind>
</comp>

<comp id="1991" class="1004" name="add_ln58_192_fu_1991">
<pin_list>
<pin id="1992" dir="0" index="0" bw="21" slack="0"/>
<pin id="1993" dir="0" index="1" bw="21" slack="1"/>
<pin id="1994" dir="1" index="2" bw="21" slack="0"/>
</pin_list>
<bind>
<opcode="add(8) " fcode="add"/>
<opset="add_ln58_192/6 "/>
</bind>
</comp>

<comp id="1997" class="1004" name="sext_ln58_14_fu_1997">
<pin_list>
<pin id="1998" dir="0" index="0" bw="21" slack="0"/>
<pin id="1999" dir="1" index="1" bw="22" slack="0"/>
</pin_list>
<bind>
<opcode="sext(35) " fcode="sext"/>
<opset="sext_ln58_14/6 "/>
</bind>
</comp>

<comp id="2001" class="1004" name="add_ln58_196_fu_2001">
<pin_list>
<pin id="2002" dir="0" index="0" bw="21" slack="1"/>
<pin id="2003" dir="0" index="1" bw="20" slack="0"/>
<pin id="2004" dir="1" index="2" bw="21" slack="0"/>
</pin_list>
<bind>
<opcode="add(8) " fcode="add"/>
<opset="add_ln58_196/6 "/>
</bind>
</comp>

<comp id="2007" class="1004" name="add_ln58_197_fu_2007">
<pin_list>
<pin id="2008" dir="0" index="0" bw="21" slack="0"/>
<pin id="2009" dir="0" index="1" bw="21" slack="1"/>
<pin id="2010" dir="1" index="2" bw="21" slack="1"/>
</pin_list>
<bind>
<opcode="add(8) " fcode="add"/>
<opset="add_ln58_197/6 "/>
</bind>
</comp>

<comp id="2013" class="1004" name="add_ln58_198_fu_2013">
<pin_list>
<pin id="2014" dir="0" index="0" bw="21" slack="2"/>
<pin id="2015" dir="0" index="1" bw="20" slack="0"/>
<pin id="2016" dir="1" index="2" bw="21" slack="0"/>
</pin_list>
<bind>
<opcode="add(8) " fcode="add"/>
<opset="add_ln58_198/6 "/>
</bind>
</comp>

<comp id="2019" class="1004" name="zext_ln58_4_fu_2019">
<pin_list>
<pin id="2020" dir="0" index="0" bw="18" slack="1"/>
<pin id="2021" dir="1" index="1" bw="20" slack="0"/>
</pin_list>
<bind>
<opcode="zext(34) " fcode="zext"/>
<opset="zext_ln58_4/6 "/>
</bind>
</comp>

<comp id="2022" class="1004" name="add_ln58_200_fu_2022">
<pin_list>
<pin id="2023" dir="0" index="0" bw="18" slack="0"/>
<pin id="2024" dir="0" index="1" bw="20" slack="1"/>
<pin id="2025" dir="1" index="2" bw="20" slack="0"/>
</pin_list>
<bind>
<opcode="add(8) " fcode="add"/>
<opset="add_ln58_200/6 "/>
</bind>
</comp>

<comp id="2028" class="1004" name="sext_ln58_32_fu_2028">
<pin_list>
<pin id="2029" dir="0" index="0" bw="20" slack="0"/>
<pin id="2030" dir="1" index="1" bw="21" slack="0"/>
</pin_list>
<bind>
<opcode="sext(35) " fcode="sext"/>
<opset="sext_ln58_32/6 "/>
</bind>
</comp>

<comp id="2032" class="1004" name="add_ln58_201_fu_2032">
<pin_list>
<pin id="2033" dir="0" index="0" bw="20" slack="0"/>
<pin id="2034" dir="0" index="1" bw="21" slack="0"/>
<pin id="2035" dir="1" index="2" bw="21" slack="2"/>
</pin_list>
<bind>
<opcode="add(8) " fcode="add"/>
<opset="add_ln58_201/6 "/>
</bind>
</comp>

<comp id="2038" class="1004" name="add_ln58_211_fu_2038">
<pin_list>
<pin id="2039" dir="0" index="0" bw="21" slack="0"/>
<pin id="2040" dir="0" index="1" bw="21" slack="0"/>
<pin id="2041" dir="1" index="2" bw="22" slack="0"/>
</pin_list>
<bind>
<opcode="add(8) " fcode="add"/>
<opset="add_ln58_211/6 "/>
</bind>
</comp>

<comp id="2044" class="1004" name="sext_ln58_37_fu_2044">
<pin_list>
<pin id="2045" dir="0" index="0" bw="21" slack="2"/>
<pin id="2046" dir="1" index="1" bw="22" slack="0"/>
</pin_list>
<bind>
<opcode="sext(35) " fcode="sext"/>
<opset="sext_ln58_37/6 "/>
</bind>
</comp>

<comp id="2047" class="1004" name="add_ln58_214_fu_2047">
<pin_list>
<pin id="2048" dir="0" index="0" bw="21" slack="0"/>
<pin id="2049" dir="0" index="1" bw="22" slack="0"/>
<pin id="2050" dir="1" index="2" bw="22" slack="2"/>
</pin_list>
<bind>
<opcode="add(8) " fcode="add"/>
<opset="add_ln58_214/6 "/>
</bind>
</comp>

<comp id="2053" class="1004" name="add_ln58_230_fu_2053">
<pin_list>
<pin id="2054" dir="0" index="0" bw="18" slack="3"/>
<pin id="2055" dir="0" index="1" bw="15" slack="0"/>
<pin id="2056" dir="1" index="2" bw="18" slack="1"/>
</pin_list>
<bind>
<opcode="add(8) " fcode="add"/>
<opset="add_ln58_230/6 "/>
</bind>
</comp>

<comp id="2059" class="1004" name="add_ln58_237_fu_2059">
<pin_list>
<pin id="2060" dir="0" index="0" bw="19" slack="3"/>
<pin id="2061" dir="0" index="1" bw="17" slack="0"/>
<pin id="2062" dir="1" index="2" bw="19" slack="1"/>
</pin_list>
<bind>
<opcode="add(8) " fcode="add"/>
<opset="add_ln58_237/6 "/>
</bind>
</comp>

<comp id="2065" class="1004" name="sext_ln73_39_fu_2065">
<pin_list>
<pin id="2066" dir="0" index="0" bw="20" slack="2"/>
<pin id="2067" dir="1" index="1" bw="21" slack="0"/>
</pin_list>
<bind>
<opcode="sext(35) " fcode="sext"/>
<opset="sext_ln73_39/7 "/>
</bind>
</comp>

<comp id="2069" class="1004" name="sext_ln73_44_fu_2069">
<pin_list>
<pin id="2070" dir="0" index="0" bw="21" slack="1"/>
<pin id="2071" dir="1" index="1" bw="22" slack="0"/>
</pin_list>
<bind>
<opcode="sext(35) " fcode="sext"/>
<opset="sext_ln73_44/7 "/>
</bind>
</comp>

<comp id="2073" class="1004" name="sext_ln73_54_fu_2073">
<pin_list>
<pin id="2074" dir="0" index="0" bw="10" slack="4"/>
<pin id="2075" dir="1" index="1" bw="21" slack="0"/>
</pin_list>
<bind>
<opcode="sext(35) " fcode="sext"/>
<opset="sext_ln73_54/7 "/>
</bind>
</comp>

<comp id="2078" class="1004" name="sext_ln73_61_fu_2078">
<pin_list>
<pin id="2079" dir="0" index="0" bw="10" slack="4"/>
<pin id="2080" dir="1" index="1" bw="21" slack="0"/>
</pin_list>
<bind>
<opcode="sext(35) " fcode="sext"/>
<opset="sext_ln73_61/7 "/>
</bind>
</comp>

<comp id="2082" class="1004" name="sext_ln73_63_fu_2082">
<pin_list>
<pin id="2083" dir="0" index="0" bw="10" slack="4"/>
<pin id="2084" dir="1" index="1" bw="20" slack="0"/>
</pin_list>
<bind>
<opcode="sext(35) " fcode="sext"/>
<opset="sext_ln73_63/7 "/>
</bind>
</comp>

<comp id="2088" class="1004" name="tmp_850_fu_2088">
<pin_list>
<pin id="2089" dir="0" index="0" bw="19" slack="0"/>
<pin id="2090" dir="0" index="1" bw="10" slack="4"/>
<pin id="2091" dir="0" index="2" bw="1" slack="0"/>
<pin id="2092" dir="1" index="3" bw="19" slack="0"/>
</pin_list>
<bind>
<opcode="bitconcatenate(1004) " fcode="bitconcatenate"/>
<opset="tmp_850/7 "/>
</bind>
</comp>

<comp id="2095" class="1004" name="sext_ln73_1193_fu_2095">
<pin_list>
<pin id="2096" dir="0" index="0" bw="19" slack="0"/>
<pin id="2097" dir="1" index="1" bw="20" slack="0"/>
</pin_list>
<bind>
<opcode="sext(35) " fcode="sext"/>
<opset="sext_ln73_1193/7 "/>
</bind>
</comp>

<comp id="2099" class="1004" name="tmp_851_fu_2099">
<pin_list>
<pin id="2100" dir="0" index="0" bw="15" slack="0"/>
<pin id="2101" dir="0" index="1" bw="10" slack="4"/>
<pin id="2102" dir="0" index="2" bw="1" slack="0"/>
<pin id="2103" dir="1" index="3" bw="15" slack="0"/>
</pin_list>
<bind>
<opcode="bitconcatenate(1004) " fcode="bitconcatenate"/>
<opset="tmp_851/7 "/>
</bind>
</comp>

<comp id="2106" class="1004" name="sext_ln73_1194_fu_2106">
<pin_list>
<pin id="2107" dir="0" index="0" bw="15" slack="0"/>
<pin id="2108" dir="1" index="1" bw="20" slack="0"/>
</pin_list>
<bind>
<opcode="sext(35) " fcode="sext"/>
<opset="sext_ln73_1194/7 "/>
</bind>
</comp>

<comp id="2110" class="1004" name="sub_ln73_700_fu_2110">
<pin_list>
<pin id="2111" dir="0" index="0" bw="15" slack="0"/>
<pin id="2112" dir="0" index="1" bw="19" slack="0"/>
<pin id="2113" dir="1" index="2" bw="20" slack="1"/>
</pin_list>
<bind>
<opcode="sub(10) " fcode="sub"/>
<opset="sub_ln73_700/7 "/>
</bind>
</comp>

<comp id="2116" class="1004" name="sext_ln58_9_fu_2116">
<pin_list>
<pin id="2117" dir="0" index="0" bw="21" slack="2"/>
<pin id="2118" dir="1" index="1" bw="22" slack="0"/>
</pin_list>
<bind>
<opcode="sext(35) " fcode="sext"/>
<opset="sext_ln58_9/7 "/>
</bind>
</comp>

<comp id="2119" class="1004" name="sext_ln58_12_fu_2119">
<pin_list>
<pin id="2120" dir="0" index="0" bw="20" slack="2"/>
<pin id="2121" dir="1" index="1" bw="21" slack="0"/>
</pin_list>
<bind>
<opcode="sext(35) " fcode="sext"/>
<opset="sext_ln58_12/7 "/>
</bind>
</comp>

<comp id="2122" class="1004" name="sext_ln58_15_fu_2122">
<pin_list>
<pin id="2123" dir="0" index="0" bw="20" slack="3"/>
<pin id="2124" dir="1" index="1" bw="21" slack="0"/>
</pin_list>
<bind>
<opcode="sext(35) " fcode="sext"/>
<opset="sext_ln58_15/7 "/>
</bind>
</comp>

<comp id="2125" class="1004" name="sext_ln58_16_fu_2125">
<pin_list>
<pin id="2126" dir="0" index="0" bw="21" slack="1"/>
<pin id="2127" dir="1" index="1" bw="22" slack="0"/>
</pin_list>
<bind>
<opcode="sext(35) " fcode="sext"/>
<opset="sext_ln58_16/7 "/>
</bind>
</comp>

<comp id="2128" class="1004" name="add_ln58_202_fu_2128">
<pin_list>
<pin id="2129" dir="0" index="0" bw="21" slack="1"/>
<pin id="2130" dir="0" index="1" bw="20" slack="0"/>
<pin id="2131" dir="1" index="2" bw="21" slack="1"/>
</pin_list>
<bind>
<opcode="add(8) " fcode="add"/>
<opset="add_ln58_202/7 "/>
</bind>
</comp>

<comp id="2134" class="1004" name="add_ln58_203_fu_2134">
<pin_list>
<pin id="2135" dir="0" index="0" bw="20" slack="0"/>
<pin id="2136" dir="0" index="1" bw="20" slack="0"/>
<pin id="2137" dir="1" index="2" bw="21" slack="0"/>
</pin_list>
<bind>
<opcode="add(8) " fcode="add"/>
<opset="add_ln58_203/7 "/>
</bind>
</comp>

<comp id="2140" class="1004" name="add_ln58_204_fu_2140">
<pin_list>
<pin id="2141" dir="0" index="0" bw="21" slack="0"/>
<pin id="2142" dir="0" index="1" bw="21" slack="1"/>
<pin id="2143" dir="1" index="2" bw="21" slack="1"/>
</pin_list>
<bind>
<opcode="add(8) " fcode="add"/>
<opset="add_ln58_204/7 "/>
</bind>
</comp>

<comp id="2146" class="1004" name="trunc_ln58_fu_2146">
<pin_list>
<pin id="2147" dir="0" index="0" bw="20" slack="0"/>
<pin id="2148" dir="1" index="1" bw="19" slack="1"/>
</pin_list>
<bind>
<opcode="trunc(33) " fcode="trunc"/>
<opset="trunc_ln58/7 "/>
</bind>
</comp>

<comp id="2150" class="1004" name="add_ln58_223_fu_2150">
<pin_list>
<pin id="2151" dir="0" index="0" bw="21" slack="2"/>
<pin id="2152" dir="0" index="1" bw="21" slack="1"/>
<pin id="2153" dir="1" index="2" bw="21" slack="0"/>
</pin_list>
<bind>
<opcode="add(8) " fcode="add"/>
<opset="add_ln58_223/7 "/>
</bind>
</comp>

<comp id="2156" class="1004" name="sext_ln58_41_fu_2156">
<pin_list>
<pin id="2157" dir="0" index="0" bw="21" slack="0"/>
<pin id="2158" dir="1" index="1" bw="22" slack="0"/>
</pin_list>
<bind>
<opcode="sext(35) " fcode="sext"/>
<opset="sext_ln58_41/7 "/>
</bind>
</comp>

<comp id="2160" class="1004" name="add_ln58_224_fu_2160">
<pin_list>
<pin id="2161" dir="0" index="0" bw="21" slack="0"/>
<pin id="2162" dir="0" index="1" bw="21" slack="0"/>
<pin id="2163" dir="1" index="2" bw="22" slack="0"/>
</pin_list>
<bind>
<opcode="add(8) " fcode="add"/>
<opset="add_ln58_224/7 "/>
</bind>
</comp>

<comp id="2166" class="1004" name="sext_ln58_44_fu_2166">
<pin_list>
<pin id="2167" dir="0" index="0" bw="21" slack="3"/>
<pin id="2168" dir="1" index="1" bw="22" slack="0"/>
</pin_list>
<bind>
<opcode="sext(35) " fcode="sext"/>
<opset="sext_ln58_44/7 "/>
</bind>
</comp>

<comp id="2169" class="1004" name="add_ln58_228_fu_2169">
<pin_list>
<pin id="2170" dir="0" index="0" bw="21" slack="0"/>
<pin id="2171" dir="0" index="1" bw="22" slack="0"/>
<pin id="2172" dir="1" index="2" bw="22" slack="1"/>
</pin_list>
<bind>
<opcode="add(8) " fcode="add"/>
<opset="add_ln58_228/7 "/>
</bind>
</comp>

<comp id="2175" class="1004" name="add_ln58_229_fu_2175">
<pin_list>
<pin id="2176" dir="0" index="0" bw="21" slack="0"/>
<pin id="2177" dir="0" index="1" bw="21" slack="0"/>
<pin id="2178" dir="1" index="2" bw="22" slack="0"/>
</pin_list>
<bind>
<opcode="add(8) " fcode="add"/>
<opset="add_ln58_229/7 "/>
</bind>
</comp>

<comp id="2181" class="1004" name="sext_ln58_45_fu_2181">
<pin_list>
<pin id="2182" dir="0" index="0" bw="18" slack="1"/>
<pin id="2183" dir="1" index="1" bw="20" slack="0"/>
</pin_list>
<bind>
<opcode="sext(35) " fcode="sext"/>
<opset="sext_ln58_45/7 "/>
</bind>
</comp>

<comp id="2184" class="1004" name="add_ln58_231_fu_2184">
<pin_list>
<pin id="2185" dir="0" index="0" bw="18" slack="0"/>
<pin id="2186" dir="0" index="1" bw="20" slack="1"/>
<pin id="2187" dir="1" index="2" bw="20" slack="0"/>
</pin_list>
<bind>
<opcode="add(8) " fcode="add"/>
<opset="add_ln58_231/7 "/>
</bind>
</comp>

<comp id="2190" class="1004" name="sext_ln58_46_fu_2190">
<pin_list>
<pin id="2191" dir="0" index="0" bw="20" slack="0"/>
<pin id="2192" dir="1" index="1" bw="22" slack="0"/>
</pin_list>
<bind>
<opcode="sext(35) " fcode="sext"/>
<opset="sext_ln58_46/7 "/>
</bind>
</comp>

<comp id="2194" class="1004" name="add_ln58_232_fu_2194">
<pin_list>
<pin id="2195" dir="0" index="0" bw="20" slack="0"/>
<pin id="2196" dir="0" index="1" bw="22" slack="0"/>
<pin id="2197" dir="1" index="2" bw="22" slack="1"/>
</pin_list>
<bind>
<opcode="add(8) " fcode="add"/>
<opset="add_ln58_232/7 "/>
</bind>
</comp>

<comp id="2200" class="1004" name="sext_ln58_48_fu_2200">
<pin_list>
<pin id="2201" dir="0" index="0" bw="19" slack="1"/>
<pin id="2202" dir="1" index="1" bw="20" slack="0"/>
</pin_list>
<bind>
<opcode="sext(35) " fcode="sext"/>
<opset="sext_ln58_48/7 "/>
</bind>
</comp>

<comp id="2203" class="1004" name="add_ln58_238_fu_2203">
<pin_list>
<pin id="2204" dir="0" index="0" bw="19" slack="0"/>
<pin id="2205" dir="0" index="1" bw="20" slack="1"/>
<pin id="2206" dir="1" index="2" bw="20" slack="1"/>
</pin_list>
<bind>
<opcode="add(8) " fcode="add"/>
<opset="add_ln58_238/7 "/>
</bind>
</comp>

<comp id="2209" class="1004" name="sext_ln73_49_fu_2209">
<pin_list>
<pin id="2210" dir="0" index="0" bw="21" slack="2"/>
<pin id="2211" dir="1" index="1" bw="22" slack="0"/>
</pin_list>
<bind>
<opcode="sext(35) " fcode="sext"/>
<opset="sext_ln73_49/8 "/>
</bind>
</comp>

<comp id="2213" class="1004" name="tmp_844_fu_2213">
<pin_list>
<pin id="2214" dir="0" index="0" bw="20" slack="0"/>
<pin id="2215" dir="0" index="1" bw="10" slack="5"/>
<pin id="2216" dir="0" index="2" bw="1" slack="0"/>
<pin id="2217" dir="1" index="3" bw="20" slack="0"/>
</pin_list>
<bind>
<opcode="bitconcatenate(1004) " fcode="bitconcatenate"/>
<opset="tmp_844/8 "/>
</bind>
</comp>

<comp id="2220" class="1004" name="sext_ln73_1187_fu_2220">
<pin_list>
<pin id="2221" dir="0" index="0" bw="20" slack="0"/>
<pin id="2222" dir="1" index="1" bw="21" slack="0"/>
</pin_list>
<bind>
<opcode="sext(35) " fcode="sext"/>
<opset="sext_ln73_1187/8 "/>
</bind>
</comp>

<comp id="2224" class="1004" name="tmp_845_fu_2224">
<pin_list>
<pin id="2225" dir="0" index="0" bw="18" slack="0"/>
<pin id="2226" dir="0" index="1" bw="10" slack="5"/>
<pin id="2227" dir="0" index="2" bw="1" slack="0"/>
<pin id="2228" dir="1" index="3" bw="18" slack="0"/>
</pin_list>
<bind>
<opcode="bitconcatenate(1004) " fcode="bitconcatenate"/>
<opset="tmp_845/8 "/>
</bind>
</comp>

<comp id="2231" class="1004" name="sext_ln73_1188_fu_2231">
<pin_list>
<pin id="2232" dir="0" index="0" bw="18" slack="0"/>
<pin id="2233" dir="1" index="1" bw="21" slack="0"/>
</pin_list>
<bind>
<opcode="sext(35) " fcode="sext"/>
<opset="sext_ln73_1188/8 "/>
</bind>
</comp>

<comp id="2235" class="1004" name="sub_ln73_698_fu_2235">
<pin_list>
<pin id="2236" dir="0" index="0" bw="20" slack="0"/>
<pin id="2237" dir="0" index="1" bw="18" slack="0"/>
<pin id="2238" dir="1" index="2" bw="21" slack="0"/>
</pin_list>
<bind>
<opcode="sub(10) " fcode="sub"/>
<opset="sub_ln73_698/8 "/>
</bind>
</comp>

<comp id="2241" class="1004" name="sext_ln73_50_fu_2241">
<pin_list>
<pin id="2242" dir="0" index="0" bw="21" slack="0"/>
<pin id="2243" dir="1" index="1" bw="23" slack="0"/>
</pin_list>
<bind>
<opcode="sext(35) " fcode="sext"/>
<opset="sext_ln73_50/8 "/>
</bind>
</comp>

<comp id="2245" class="1004" name="sext_ln73_56_fu_2245">
<pin_list>
<pin id="2246" dir="0" index="0" bw="21" slack="1"/>
<pin id="2247" dir="1" index="1" bw="22" slack="0"/>
</pin_list>
<bind>
<opcode="sext(35) " fcode="sext"/>
<opset="sext_ln73_56/8 "/>
</bind>
</comp>

<comp id="2249" class="1004" name="sext_ln73_57_fu_2249">
<pin_list>
<pin id="2250" dir="0" index="0" bw="19" slack="1"/>
<pin id="2251" dir="1" index="1" bw="20" slack="0"/>
</pin_list>
<bind>
<opcode="sext(35) " fcode="sext"/>
<opset="sext_ln73_57/8 "/>
</bind>
</comp>

<comp id="2253" class="1004" name="sext_ln73_66_fu_2253">
<pin_list>
<pin id="2254" dir="0" index="0" bw="20" slack="1"/>
<pin id="2255" dir="1" index="1" bw="21" slack="0"/>
</pin_list>
<bind>
<opcode="sext(35) " fcode="sext"/>
<opset="sext_ln73_66/8 "/>
</bind>
</comp>

<comp id="2256" class="1004" name="sext_ln73_67_fu_2256">
<pin_list>
<pin id="2257" dir="0" index="0" bw="21" slack="1"/>
<pin id="2258" dir="1" index="1" bw="22" slack="0"/>
</pin_list>
<bind>
<opcode="sext(35) " fcode="sext"/>
<opset="sext_ln73_67/8 "/>
</bind>
</comp>

<comp id="2260" class="1004" name="sext_ln58_fu_2260">
<pin_list>
<pin id="2261" dir="0" index="0" bw="20" slack="1"/>
<pin id="2262" dir="1" index="1" bw="23" slack="0"/>
</pin_list>
<bind>
<opcode="sext(35) " fcode="sext"/>
<opset="sext_ln58/8 "/>
</bind>
</comp>

<comp id="2264" class="1004" name="sext_ln58_17_fu_2264">
<pin_list>
<pin id="2265" dir="0" index="0" bw="21" slack="2"/>
<pin id="2266" dir="1" index="1" bw="22" slack="0"/>
</pin_list>
<bind>
<opcode="sext(35) " fcode="sext"/>
<opset="sext_ln58_17/8 "/>
</bind>
</comp>

<comp id="2267" class="1004" name="sext_ln58_18_fu_2267">
<pin_list>
<pin id="2268" dir="0" index="0" bw="21" slack="1"/>
<pin id="2269" dir="1" index="1" bw="22" slack="0"/>
</pin_list>
<bind>
<opcode="sext(35) " fcode="sext"/>
<opset="sext_ln58_18/8 "/>
</bind>
</comp>

<comp id="2270" class="1004" name="sext_ln58_19_fu_2270">
<pin_list>
<pin id="2271" dir="0" index="0" bw="21" slack="1"/>
<pin id="2272" dir="1" index="1" bw="22" slack="0"/>
</pin_list>
<bind>
<opcode="sext(35) " fcode="sext"/>
<opset="sext_ln58_19/8 "/>
</bind>
</comp>

<comp id="2273" class="1004" name="sext_ln58_20_fu_2273">
<pin_list>
<pin id="2274" dir="0" index="0" bw="22" slack="5"/>
<pin id="2275" dir="1" index="1" bw="23" slack="0"/>
</pin_list>
<bind>
<opcode="sext(35) " fcode="sext"/>
<opset="sext_ln58_20/8 "/>
</bind>
</comp>

<comp id="2276" class="1004" name="sext_ln58_21_fu_2276">
<pin_list>
<pin id="2277" dir="0" index="0" bw="21" slack="3"/>
<pin id="2278" dir="1" index="1" bw="22" slack="0"/>
</pin_list>
<bind>
<opcode="sext(35) " fcode="sext"/>
<opset="sext_ln58_21/8 "/>
</bind>
</comp>

<comp id="2279" class="1004" name="sext_ln58_22_fu_2279">
<pin_list>
<pin id="2280" dir="0" index="0" bw="22" slack="2"/>
<pin id="2281" dir="1" index="1" bw="23" slack="0"/>
</pin_list>
<bind>
<opcode="sext(35) " fcode="sext"/>
<opset="sext_ln58_22/8 "/>
</bind>
</comp>

<comp id="2282" class="1004" name="add_ln58_215_fu_2282">
<pin_list>
<pin id="2283" dir="0" index="0" bw="21" slack="0"/>
<pin id="2284" dir="0" index="1" bw="21" slack="0"/>
<pin id="2285" dir="1" index="2" bw="22" slack="0"/>
</pin_list>
<bind>
<opcode="add(8) " fcode="add"/>
<opset="add_ln58_215/8 "/>
</bind>
</comp>

<comp id="2288" class="1004" name="add_ln58_216_fu_2288">
<pin_list>
<pin id="2289" dir="0" index="0" bw="19" slack="1"/>
<pin id="2290" dir="0" index="1" bw="19" slack="1"/>
<pin id="2291" dir="1" index="2" bw="19" slack="0"/>
</pin_list>
<bind>
<opcode="add(8) " fcode="add"/>
<opset="add_ln58_216/8 "/>
</bind>
</comp>

<comp id="2293" class="1004" name="sext_ln58_38_fu_2293">
<pin_list>
<pin id="2294" dir="0" index="0" bw="19" slack="0"/>
<pin id="2295" dir="1" index="1" bw="22" slack="0"/>
</pin_list>
<bind>
<opcode="sext(35) " fcode="sext"/>
<opset="sext_ln58_38/8 "/>
</bind>
</comp>

<comp id="2297" class="1004" name="add_ln58_217_fu_2297">
<pin_list>
<pin id="2298" dir="0" index="0" bw="19" slack="0"/>
<pin id="2299" dir="0" index="1" bw="22" slack="0"/>
<pin id="2300" dir="1" index="2" bw="22" slack="0"/>
</pin_list>
<bind>
<opcode="add(8) " fcode="add"/>
<opset="add_ln58_217/8 "/>
</bind>
</comp>

<comp id="2303" class="1004" name="sext_ln58_24_fu_2303">
<pin_list>
<pin id="2304" dir="0" index="0" bw="22" slack="0"/>
<pin id="2305" dir="1" index="1" bw="30" slack="0"/>
</pin_list>
<bind>
<opcode="sext(35) " fcode="sext"/>
<opset="sext_ln58_24/8 "/>
</bind>
</comp>

<comp id="2307" class="1004" name="add_ln58_218_fu_2307">
<pin_list>
<pin id="2308" dir="0" index="0" bw="21" slack="0"/>
<pin id="2309" dir="0" index="1" bw="21" slack="0"/>
<pin id="2310" dir="1" index="2" bw="22" slack="0"/>
</pin_list>
<bind>
<opcode="add(8) " fcode="add"/>
<opset="add_ln58_218/8 "/>
</bind>
</comp>

<comp id="2313" class="1004" name="add_ln58_219_fu_2313">
<pin_list>
<pin id="2314" dir="0" index="0" bw="20" slack="2"/>
<pin id="2315" dir="0" index="1" bw="20" slack="1"/>
<pin id="2316" dir="1" index="2" bw="20" slack="0"/>
</pin_list>
<bind>
<opcode="add(8) " fcode="add"/>
<opset="add_ln58_219/8 "/>
</bind>
</comp>

<comp id="2319" class="1004" name="sext_ln58_39_fu_2319">
<pin_list>
<pin id="2320" dir="0" index="0" bw="20" slack="0"/>
<pin id="2321" dir="1" index="1" bw="22" slack="0"/>
</pin_list>
<bind>
<opcode="sext(35) " fcode="sext"/>
<opset="sext_ln58_39/8 "/>
</bind>
</comp>

<comp id="2323" class="1004" name="add_ln58_220_fu_2323">
<pin_list>
<pin id="2324" dir="0" index="0" bw="20" slack="0"/>
<pin id="2325" dir="0" index="1" bw="22" slack="0"/>
<pin id="2326" dir="1" index="2" bw="22" slack="0"/>
</pin_list>
<bind>
<opcode="add(8) " fcode="add"/>
<opset="add_ln58_220/8 "/>
</bind>
</comp>

<comp id="2329" class="1004" name="sext_ln58_25_fu_2329">
<pin_list>
<pin id="2330" dir="0" index="0" bw="22" slack="0"/>
<pin id="2331" dir="1" index="1" bw="30" slack="0"/>
</pin_list>
<bind>
<opcode="sext(35) " fcode="sext"/>
<opset="sext_ln58_25/8 "/>
</bind>
</comp>

<comp id="2333" class="1004" name="add_ln58_221_fu_2333">
<pin_list>
<pin id="2334" dir="0" index="0" bw="20" slack="1"/>
<pin id="2335" dir="0" index="1" bw="19" slack="0"/>
<pin id="2336" dir="1" index="2" bw="20" slack="0"/>
</pin_list>
<bind>
<opcode="add(8) " fcode="add"/>
<opset="add_ln58_221/8 "/>
</bind>
</comp>

<comp id="2339" class="1004" name="sext_ln58_40_fu_2339">
<pin_list>
<pin id="2340" dir="0" index="0" bw="20" slack="0"/>
<pin id="2341" dir="1" index="1" bw="22" slack="0"/>
</pin_list>
<bind>
<opcode="sext(35) " fcode="sext"/>
<opset="sext_ln58_40/8 "/>
</bind>
</comp>

<comp id="2343" class="1004" name="add_ln58_222_fu_2343">
<pin_list>
<pin id="2344" dir="0" index="0" bw="20" slack="0"/>
<pin id="2345" dir="0" index="1" bw="21" slack="0"/>
<pin id="2346" dir="1" index="2" bw="22" slack="0"/>
</pin_list>
<bind>
<opcode="add(8) " fcode="add"/>
<opset="add_ln58_222/8 "/>
</bind>
</comp>

<comp id="2349" class="1004" name="sext_ln58_26_fu_2349">
<pin_list>
<pin id="2350" dir="0" index="0" bw="22" slack="0"/>
<pin id="2351" dir="1" index="1" bw="30" slack="0"/>
</pin_list>
<bind>
<opcode="sext(35) " fcode="sext"/>
<opset="sext_ln58_26/8 "/>
</bind>
</comp>

<comp id="2353" class="1004" name="sext_ln58_27_fu_2353">
<pin_list>
<pin id="2354" dir="0" index="0" bw="22" slack="1"/>
<pin id="2355" dir="1" index="1" bw="30" slack="0"/>
</pin_list>
<bind>
<opcode="sext(35) " fcode="sext"/>
<opset="sext_ln58_27/8 "/>
</bind>
</comp>

<comp id="2356" class="1004" name="sext_ln58_28_fu_2356">
<pin_list>
<pin id="2357" dir="0" index="0" bw="22" slack="1"/>
<pin id="2358" dir="1" index="1" bw="30" slack="0"/>
</pin_list>
<bind>
<opcode="sext(35) " fcode="sext"/>
<opset="sext_ln58_28/8 "/>
</bind>
</comp>

<comp id="2359" class="1004" name="add_ln58_233_fu_2359">
<pin_list>
<pin id="2360" dir="0" index="0" bw="22" slack="0"/>
<pin id="2361" dir="0" index="1" bw="21" slack="0"/>
<pin id="2362" dir="1" index="2" bw="23" slack="0"/>
</pin_list>
<bind>
<opcode="add(8) " fcode="add"/>
<opset="add_ln58_233/8 "/>
</bind>
</comp>

<comp id="2365" class="1004" name="add_ln58_234_fu_2365">
<pin_list>
<pin id="2366" dir="0" index="0" bw="21" slack="1"/>
<pin id="2367" dir="0" index="1" bw="20" slack="0"/>
<pin id="2368" dir="1" index="2" bw="21" slack="0"/>
</pin_list>
<bind>
<opcode="add(8) " fcode="add"/>
<opset="add_ln58_234/8 "/>
</bind>
</comp>

<comp id="2371" class="1004" name="sext_ln58_47_fu_2371">
<pin_list>
<pin id="2372" dir="0" index="0" bw="21" slack="0"/>
<pin id="2373" dir="1" index="1" bw="23" slack="0"/>
</pin_list>
<bind>
<opcode="sext(35) " fcode="sext"/>
<opset="sext_ln58_47/8 "/>
</bind>
</comp>

<comp id="2375" class="1004" name="add_ln58_235_fu_2375">
<pin_list>
<pin id="2376" dir="0" index="0" bw="21" slack="0"/>
<pin id="2377" dir="0" index="1" bw="23" slack="0"/>
<pin id="2378" dir="1" index="2" bw="23" slack="0"/>
</pin_list>
<bind>
<opcode="add(8) " fcode="add"/>
<opset="add_ln58_235/8 "/>
</bind>
</comp>

<comp id="2381" class="1004" name="sext_ln58_29_fu_2381">
<pin_list>
<pin id="2382" dir="0" index="0" bw="23" slack="0"/>
<pin id="2383" dir="1" index="1" bw="30" slack="0"/>
</pin_list>
<bind>
<opcode="sext(35) " fcode="sext"/>
<opset="sext_ln58_29/8 "/>
</bind>
</comp>

<comp id="2385" class="1004" name="add_ln58_236_fu_2385">
<pin_list>
<pin id="2386" dir="0" index="0" bw="21" slack="0"/>
<pin id="2387" dir="0" index="1" bw="21" slack="0"/>
<pin id="2388" dir="1" index="2" bw="22" slack="0"/>
</pin_list>
<bind>
<opcode="add(8) " fcode="add"/>
<opset="add_ln58_236/8 "/>
</bind>
</comp>

<comp id="2391" class="1004" name="sext_ln58_49_fu_2391">
<pin_list>
<pin id="2392" dir="0" index="0" bw="20" slack="1"/>
<pin id="2393" dir="1" index="1" bw="22" slack="0"/>
</pin_list>
<bind>
<opcode="sext(35) " fcode="sext"/>
<opset="sext_ln58_49/8 "/>
</bind>
</comp>

<comp id="2394" class="1004" name="add_ln58_239_fu_2394">
<pin_list>
<pin id="2395" dir="0" index="0" bw="20" slack="0"/>
<pin id="2396" dir="0" index="1" bw="22" slack="0"/>
<pin id="2397" dir="1" index="2" bw="22" slack="0"/>
</pin_list>
<bind>
<opcode="add(8) " fcode="add"/>
<opset="add_ln58_239/8 "/>
</bind>
</comp>

<comp id="2400" class="1004" name="sext_ln58_30_fu_2400">
<pin_list>
<pin id="2401" dir="0" index="0" bw="22" slack="0"/>
<pin id="2402" dir="1" index="1" bw="30" slack="0"/>
</pin_list>
<bind>
<opcode="sext(35) " fcode="sext"/>
<opset="sext_ln58_30/8 "/>
</bind>
</comp>

<comp id="2404" class="1004" name="add_ln58_240_fu_2404">
<pin_list>
<pin id="2405" dir="0" index="0" bw="22" slack="0"/>
<pin id="2406" dir="0" index="1" bw="20" slack="0"/>
<pin id="2407" dir="1" index="2" bw="23" slack="0"/>
</pin_list>
<bind>
<opcode="add(8) " fcode="add"/>
<opset="add_ln58_240/8 "/>
</bind>
</comp>

<comp id="2410" class="1004" name="sext_ln68_fu_2410">
<pin_list>
<pin id="2411" dir="0" index="0" bw="23" slack="0"/>
<pin id="2412" dir="1" index="1" bw="30" slack="0"/>
</pin_list>
<bind>
<opcode="sext(35) " fcode="sext"/>
<opset="sext_ln68/8 "/>
</bind>
</comp>

<comp id="2414" class="1004" name="mrv_fu_2414">
<pin_list>
<pin id="2415" dir="0" index="0" bw="240" slack="0"/>
<pin id="2416" dir="0" index="1" bw="22" slack="0"/>
<pin id="2417" dir="1" index="2" bw="240" slack="0"/>
</pin_list>
<bind>
<opcode="insertvalue(57) " fcode="insertvalue"/>
<opset="mrv/8 "/>
</bind>
</comp>

<comp id="2420" class="1004" name="mrv_1_fu_2420">
<pin_list>
<pin id="2421" dir="0" index="0" bw="240" slack="0"/>
<pin id="2422" dir="0" index="1" bw="22" slack="0"/>
<pin id="2423" dir="1" index="2" bw="240" slack="0"/>
</pin_list>
<bind>
<opcode="insertvalue(57) " fcode="insertvalue"/>
<opset="mrv_1/8 "/>
</bind>
</comp>

<comp id="2426" class="1004" name="mrv_2_fu_2426">
<pin_list>
<pin id="2427" dir="0" index="0" bw="240" slack="0"/>
<pin id="2428" dir="0" index="1" bw="22" slack="0"/>
<pin id="2429" dir="1" index="2" bw="240" slack="0"/>
</pin_list>
<bind>
<opcode="insertvalue(57) " fcode="insertvalue"/>
<opset="mrv_2/8 "/>
</bind>
</comp>

<comp id="2432" class="1004" name="mrv_3_fu_2432">
<pin_list>
<pin id="2433" dir="0" index="0" bw="240" slack="0"/>
<pin id="2434" dir="0" index="1" bw="22" slack="0"/>
<pin id="2435" dir="1" index="2" bw="240" slack="0"/>
</pin_list>
<bind>
<opcode="insertvalue(57) " fcode="insertvalue"/>
<opset="mrv_3/8 "/>
</bind>
</comp>

<comp id="2438" class="1004" name="mrv_4_fu_2438">
<pin_list>
<pin id="2439" dir="0" index="0" bw="240" slack="0"/>
<pin id="2440" dir="0" index="1" bw="22" slack="0"/>
<pin id="2441" dir="1" index="2" bw="240" slack="0"/>
</pin_list>
<bind>
<opcode="insertvalue(57) " fcode="insertvalue"/>
<opset="mrv_4/8 "/>
</bind>
</comp>

<comp id="2444" class="1004" name="mrv_5_fu_2444">
<pin_list>
<pin id="2445" dir="0" index="0" bw="240" slack="0"/>
<pin id="2446" dir="0" index="1" bw="23" slack="0"/>
<pin id="2447" dir="1" index="2" bw="240" slack="0"/>
</pin_list>
<bind>
<opcode="insertvalue(57) " fcode="insertvalue"/>
<opset="mrv_5/8 "/>
</bind>
</comp>

<comp id="2450" class="1004" name="mrv_6_fu_2450">
<pin_list>
<pin id="2451" dir="0" index="0" bw="240" slack="0"/>
<pin id="2452" dir="0" index="1" bw="22" slack="0"/>
<pin id="2453" dir="1" index="2" bw="240" slack="0"/>
</pin_list>
<bind>
<opcode="insertvalue(57) " fcode="insertvalue"/>
<opset="mrv_6/8 "/>
</bind>
</comp>

<comp id="2456" class="1004" name="mrv_7_fu_2456">
<pin_list>
<pin id="2457" dir="0" index="0" bw="240" slack="0"/>
<pin id="2458" dir="0" index="1" bw="23" slack="0"/>
<pin id="2459" dir="1" index="2" bw="240" slack="2147483647"/>
</pin_list>
<bind>
<opcode="insertvalue(57) " fcode="insertvalue"/>
<opset="mrv_7/8 "/>
</bind>
</comp>

<comp id="2462" class="1005" name="data_1_val_read_reg_2462">
<pin_list>
<pin id="2463" dir="0" index="0" bw="10" slack="1"/>
<pin id="2464" dir="1" index="1" bw="10" slack="1"/>
</pin_list>
<bind>
<opset="data_1_val_read "/>
</bind>
</comp>

<comp id="2472" class="1005" name="data_0_val_read_reg_2472">
<pin_list>
<pin id="2473" dir="0" index="0" bw="10" slack="3"/>
<pin id="2474" dir="1" index="1" bw="10" slack="3"/>
</pin_list>
<bind>
<opset="data_0_val_read "/>
</bind>
</comp>

<comp id="2479" class="1005" name="data_4_val_read_reg_2479">
<pin_list>
<pin id="2480" dir="0" index="0" bw="10" slack="1"/>
<pin id="2481" dir="1" index="1" bw="10" slack="1"/>
</pin_list>
<bind>
<opset="data_4_val_read "/>
</bind>
</comp>

<comp id="2484" class="1005" name="data_3_val_read_reg_2484">
<pin_list>
<pin id="2485" dir="0" index="0" bw="10" slack="1"/>
<pin id="2486" dir="1" index="1" bw="10" slack="1"/>
</pin_list>
<bind>
<opset="data_3_val_read "/>
</bind>
</comp>

<comp id="2490" class="1005" name="data_2_val_read_reg_2490">
<pin_list>
<pin id="2491" dir="0" index="0" bw="10" slack="2"/>
<pin id="2492" dir="1" index="1" bw="10" slack="2"/>
</pin_list>
<bind>
<opset="data_2_val_read "/>
</bind>
</comp>

<comp id="2496" class="1005" name="sext_ln73_31_reg_2496">
<pin_list>
<pin id="2497" dir="0" index="0" bw="21" slack="2"/>
<pin id="2498" dir="1" index="1" bw="21" slack="2"/>
</pin_list>
<bind>
<opset="sext_ln73_31 "/>
</bind>
</comp>

<comp id="2504" class="1005" name="sext_ln73_35_reg_2504">
<pin_list>
<pin id="2505" dir="0" index="0" bw="21" slack="3"/>
<pin id="2506" dir="1" index="1" bw="21" slack="3"/>
</pin_list>
<bind>
<opset="sext_ln73_35 "/>
</bind>
</comp>

<comp id="2510" class="1005" name="sext_ln73_37_reg_2510">
<pin_list>
<pin id="2511" dir="0" index="0" bw="20" slack="3"/>
<pin id="2512" dir="1" index="1" bw="20" slack="3"/>
</pin_list>
<bind>
<opset="sext_ln73_37 "/>
</bind>
</comp>

<comp id="2516" class="1005" name="sext_ln73_42_reg_2516">
<pin_list>
<pin id="2517" dir="0" index="0" bw="20" slack="4"/>
<pin id="2518" dir="1" index="1" bw="20" slack="4"/>
</pin_list>
<bind>
<opset="sext_ln73_42 "/>
</bind>
</comp>

<comp id="2521" class="1005" name="sext_ln73_43_reg_2521">
<pin_list>
<pin id="2522" dir="0" index="0" bw="21" slack="4"/>
<pin id="2523" dir="1" index="1" bw="21" slack="4"/>
</pin_list>
<bind>
<opset="sext_ln73_43 "/>
</bind>
</comp>

<comp id="2528" class="1005" name="add_ln58_188_reg_2528">
<pin_list>
<pin id="2529" dir="0" index="0" bw="20" slack="1"/>
<pin id="2530" dir="1" index="1" bw="20" slack="1"/>
</pin_list>
<bind>
<opset="add_ln58_188 "/>
</bind>
</comp>

<comp id="2533" class="1005" name="data_7_val_read_reg_2533">
<pin_list>
<pin id="2534" dir="0" index="0" bw="10" slack="4"/>
<pin id="2535" dir="1" index="1" bw="10" slack="4"/>
</pin_list>
<bind>
<opset="data_7_val_read "/>
</bind>
</comp>

<comp id="2541" class="1005" name="data_6_val_read_reg_2541">
<pin_list>
<pin id="2542" dir="0" index="0" bw="10" slack="3"/>
<pin id="2543" dir="1" index="1" bw="10" slack="3"/>
</pin_list>
<bind>
<opset="data_6_val_read "/>
</bind>
</comp>

<comp id="2548" class="1005" name="data_5_val_read_reg_2548">
<pin_list>
<pin id="2549" dir="0" index="0" bw="10" slack="3"/>
<pin id="2550" dir="1" index="1" bw="10" slack="3"/>
</pin_list>
<bind>
<opset="data_5_val_read "/>
</bind>
</comp>

<comp id="2557" class="1005" name="sub_ln73_696_reg_2557">
<pin_list>
<pin id="2558" dir="0" index="0" bw="16" slack="1"/>
<pin id="2559" dir="1" index="1" bw="16" slack="1"/>
</pin_list>
<bind>
<opset="sub_ln73_696 "/>
</bind>
</comp>

<comp id="2562" class="1005" name="sub_ln73_697_reg_2562">
<pin_list>
<pin id="2563" dir="0" index="0" bw="14" slack="1"/>
<pin id="2564" dir="1" index="1" bw="14" slack="1"/>
</pin_list>
<bind>
<opset="sub_ln73_697 "/>
</bind>
</comp>

<comp id="2567" class="1005" name="sext_ln73_48_reg_2567">
<pin_list>
<pin id="2568" dir="0" index="0" bw="21" slack="3"/>
<pin id="2569" dir="1" index="1" bw="21" slack="3"/>
</pin_list>
<bind>
<opset="sext_ln73_48 "/>
</bind>
</comp>

<comp id="2573" class="1005" name="sext_ln73_55_reg_2573">
<pin_list>
<pin id="2574" dir="0" index="0" bw="19" slack="4"/>
<pin id="2575" dir="1" index="1" bw="19" slack="4"/>
</pin_list>
<bind>
<opset="sext_ln73_55 "/>
</bind>
</comp>

<comp id="2579" class="1005" name="add_ln58_194_reg_2579">
<pin_list>
<pin id="2580" dir="0" index="0" bw="19" slack="1"/>
<pin id="2581" dir="1" index="1" bw="19" slack="1"/>
</pin_list>
<bind>
<opset="add_ln58_194 "/>
</bind>
</comp>

<comp id="2584" class="1005" name="add_ln58_206_reg_2584">
<pin_list>
<pin id="2585" dir="0" index="0" bw="22" slack="5"/>
<pin id="2586" dir="1" index="1" bw="22" slack="5"/>
</pin_list>
<bind>
<opset="add_ln58_206 "/>
</bind>
</comp>

<comp id="2589" class="1005" name="add_ln58_225_reg_2589">
<pin_list>
<pin id="2590" dir="0" index="0" bw="20" slack="1"/>
<pin id="2591" dir="1" index="1" bw="20" slack="1"/>
</pin_list>
<bind>
<opset="add_ln58_225 "/>
</bind>
</comp>

<comp id="2594" class="1005" name="sext_ln73_30_reg_2594">
<pin_list>
<pin id="2595" dir="0" index="0" bw="20" slack="1"/>
<pin id="2596" dir="1" index="1" bw="20" slack="1"/>
</pin_list>
<bind>
<opset="sext_ln73_30 "/>
</bind>
</comp>

<comp id="2599" class="1005" name="add_ln58_182_reg_2599">
<pin_list>
<pin id="2600" dir="0" index="0" bw="19" slack="1"/>
<pin id="2601" dir="1" index="1" bw="19" slack="1"/>
</pin_list>
<bind>
<opset="add_ln58_182 "/>
</bind>
</comp>

<comp id="2604" class="1005" name="add_ln58_184_reg_2604">
<pin_list>
<pin id="2605" dir="0" index="0" bw="20" slack="1"/>
<pin id="2606" dir="1" index="1" bw="20" slack="1"/>
</pin_list>
<bind>
<opset="add_ln58_184 "/>
</bind>
</comp>

<comp id="2609" class="1005" name="add_ln58_195_reg_2609">
<pin_list>
<pin id="2610" dir="0" index="0" bw="20" slack="3"/>
<pin id="2611" dir="1" index="1" bw="20" slack="3"/>
</pin_list>
<bind>
<opset="add_ln58_195 "/>
</bind>
</comp>

<comp id="2614" class="1005" name="add_ln58_209_reg_2614">
<pin_list>
<pin id="2615" dir="0" index="0" bw="20" slack="1"/>
<pin id="2616" dir="1" index="1" bw="20" slack="1"/>
</pin_list>
<bind>
<opset="add_ln58_209 "/>
</bind>
</comp>

<comp id="2619" class="1005" name="add_ln58_213_reg_2619">
<pin_list>
<pin id="2620" dir="0" index="0" bw="21" slack="2"/>
<pin id="2621" dir="1" index="1" bw="21" slack="2"/>
</pin_list>
<bind>
<opset="add_ln58_213 "/>
</bind>
</comp>

<comp id="2624" class="1005" name="add_ln58_227_reg_2624">
<pin_list>
<pin id="2625" dir="0" index="0" bw="21" slack="3"/>
<pin id="2626" dir="1" index="1" bw="21" slack="3"/>
</pin_list>
<bind>
<opset="add_ln58_227 "/>
</bind>
</comp>

<comp id="2629" class="1005" name="add_ln58_186_reg_2629">
<pin_list>
<pin id="2630" dir="0" index="0" bw="21" slack="2"/>
<pin id="2631" dir="1" index="1" bw="21" slack="2"/>
</pin_list>
<bind>
<opset="add_ln58_186 "/>
</bind>
</comp>

<comp id="2634" class="1005" name="add_ln58_187_reg_2634">
<pin_list>
<pin id="2635" dir="0" index="0" bw="20" slack="1"/>
<pin id="2636" dir="1" index="1" bw="20" slack="1"/>
</pin_list>
<bind>
<opset="add_ln58_187 "/>
</bind>
</comp>

<comp id="2639" class="1005" name="add_ln58_189_reg_2639">
<pin_list>
<pin id="2640" dir="0" index="0" bw="20" slack="2"/>
<pin id="2641" dir="1" index="1" bw="20" slack="2"/>
</pin_list>
<bind>
<opset="add_ln58_189 "/>
</bind>
</comp>

<comp id="2644" class="1005" name="add_ln58_199_reg_2644">
<pin_list>
<pin id="2645" dir="0" index="0" bw="18" slack="1"/>
<pin id="2646" dir="1" index="1" bw="18" slack="1"/>
</pin_list>
<bind>
<opset="add_ln58_199 "/>
</bind>
</comp>

<comp id="2649" class="1005" name="add_ln58_210_reg_2649">
<pin_list>
<pin id="2650" dir="0" index="0" bw="21" slack="3"/>
<pin id="2651" dir="1" index="1" bw="21" slack="3"/>
</pin_list>
<bind>
<opset="add_ln58_210 "/>
</bind>
</comp>

<comp id="2654" class="1005" name="add_ln58_197_reg_2654">
<pin_list>
<pin id="2655" dir="0" index="0" bw="21" slack="1"/>
<pin id="2656" dir="1" index="1" bw="21" slack="1"/>
</pin_list>
<bind>
<opset="add_ln58_197 "/>
</bind>
</comp>

<comp id="2659" class="1005" name="add_ln58_201_reg_2659">
<pin_list>
<pin id="2660" dir="0" index="0" bw="21" slack="2"/>
<pin id="2661" dir="1" index="1" bw="21" slack="2"/>
</pin_list>
<bind>
<opset="add_ln58_201 "/>
</bind>
</comp>

<comp id="2664" class="1005" name="add_ln58_214_reg_2664">
<pin_list>
<pin id="2665" dir="0" index="0" bw="22" slack="2"/>
<pin id="2666" dir="1" index="1" bw="22" slack="2"/>
</pin_list>
<bind>
<opset="add_ln58_214 "/>
</bind>
</comp>

<comp id="2669" class="1005" name="add_ln58_230_reg_2669">
<pin_list>
<pin id="2670" dir="0" index="0" bw="18" slack="1"/>
<pin id="2671" dir="1" index="1" bw="18" slack="1"/>
</pin_list>
<bind>
<opset="add_ln58_230 "/>
</bind>
</comp>

<comp id="2674" class="1005" name="add_ln58_237_reg_2674">
<pin_list>
<pin id="2675" dir="0" index="0" bw="19" slack="1"/>
<pin id="2676" dir="1" index="1" bw="19" slack="1"/>
</pin_list>
<bind>
<opset="add_ln58_237 "/>
</bind>
</comp>

<comp id="2679" class="1005" name="sub_ln73_700_reg_2679">
<pin_list>
<pin id="2680" dir="0" index="0" bw="20" slack="1"/>
<pin id="2681" dir="1" index="1" bw="20" slack="1"/>
</pin_list>
<bind>
<opset="sub_ln73_700 "/>
</bind>
</comp>

<comp id="2684" class="1005" name="add_ln58_202_reg_2684">
<pin_list>
<pin id="2685" dir="0" index="0" bw="21" slack="1"/>
<pin id="2686" dir="1" index="1" bw="21" slack="1"/>
</pin_list>
<bind>
<opset="add_ln58_202 "/>
</bind>
</comp>

<comp id="2689" class="1005" name="add_ln58_204_reg_2689">
<pin_list>
<pin id="2690" dir="0" index="0" bw="21" slack="1"/>
<pin id="2691" dir="1" index="1" bw="21" slack="1"/>
</pin_list>
<bind>
<opset="add_ln58_204 "/>
</bind>
</comp>

<comp id="2694" class="1005" name="trunc_ln58_reg_2694">
<pin_list>
<pin id="2695" dir="0" index="0" bw="19" slack="1"/>
<pin id="2696" dir="1" index="1" bw="19" slack="1"/>
</pin_list>
<bind>
<opset="trunc_ln58 "/>
</bind>
</comp>

<comp id="2699" class="1005" name="add_ln58_228_reg_2699">
<pin_list>
<pin id="2700" dir="0" index="0" bw="22" slack="1"/>
<pin id="2701" dir="1" index="1" bw="22" slack="1"/>
</pin_list>
<bind>
<opset="add_ln58_228 "/>
</bind>
</comp>

<comp id="2704" class="1005" name="add_ln58_232_reg_2704">
<pin_list>
<pin id="2705" dir="0" index="0" bw="22" slack="1"/>
<pin id="2706" dir="1" index="1" bw="22" slack="1"/>
</pin_list>
<bind>
<opset="add_ln58_232 "/>
</bind>
</comp>

<comp id="2709" class="1005" name="add_ln58_238_reg_2709">
<pin_list>
<pin id="2710" dir="0" index="0" bw="20" slack="1"/>
<pin id="2711" dir="1" index="1" bw="20" slack="1"/>
</pin_list>
<bind>
<opset="add_ln58_238 "/>
</bind>
</comp>

</comp_list>

<net_list>
<net id="202"><net_src comp="16" pin="0"/><net_sink comp="198" pin=0"/></net>

<net id="203"><net_src comp="2" pin="0"/><net_sink comp="198" pin=1"/></net>

<net id="208"><net_src comp="16" pin="0"/><net_sink comp="204" pin=0"/></net>

<net id="209"><net_src comp="0" pin="0"/><net_sink comp="204" pin=1"/></net>

<net id="214"><net_src comp="16" pin="0"/><net_sink comp="210" pin=0"/></net>

<net id="215"><net_src comp="8" pin="0"/><net_sink comp="210" pin=1"/></net>

<net id="220"><net_src comp="16" pin="0"/><net_sink comp="216" pin=0"/></net>

<net id="221"><net_src comp="6" pin="0"/><net_sink comp="216" pin=1"/></net>

<net id="226"><net_src comp="16" pin="0"/><net_sink comp="222" pin=0"/></net>

<net id="227"><net_src comp="4" pin="0"/><net_sink comp="222" pin=1"/></net>

<net id="232"><net_src comp="16" pin="0"/><net_sink comp="228" pin=0"/></net>

<net id="233"><net_src comp="14" pin="0"/><net_sink comp="228" pin=1"/></net>

<net id="238"><net_src comp="16" pin="0"/><net_sink comp="234" pin=0"/></net>

<net id="239"><net_src comp="12" pin="0"/><net_sink comp="234" pin=1"/></net>

<net id="244"><net_src comp="16" pin="0"/><net_sink comp="240" pin=0"/></net>

<net id="245"><net_src comp="10" pin="0"/><net_sink comp="240" pin=1"/></net>

<net id="513"><net_src comp="18" pin="0"/><net_sink comp="253" pin=1"/></net>

<net id="517"><net_src comp="20" pin="0"/><net_sink comp="250" pin=1"/></net>

<net id="521"><net_src comp="22" pin="0"/><net_sink comp="252" pin=1"/></net>

<net id="525"><net_src comp="24" pin="0"/><net_sink comp="246" pin=1"/></net>

<net id="529"><net_src comp="26" pin="0"/><net_sink comp="251" pin=1"/></net>

<net id="533"><net_src comp="28" pin="0"/><net_sink comp="248" pin=1"/></net>

<net id="537"><net_src comp="30" pin="0"/><net_sink comp="249" pin=1"/></net>

<net id="541"><net_src comp="32" pin="0"/><net_sink comp="247" pin=1"/></net>

<net id="545"><net_src comp="253" pin="2"/><net_sink comp="542" pin=0"/></net>

<net id="549"><net_src comp="250" pin="2"/><net_sink comp="546" pin=0"/></net>

<net id="553"><net_src comp="252" pin="2"/><net_sink comp="550" pin=0"/></net>

<net id="557"><net_src comp="246" pin="2"/><net_sink comp="554" pin=0"/></net>

<net id="561"><net_src comp="251" pin="2"/><net_sink comp="558" pin=0"/></net>

<net id="565"><net_src comp="248" pin="2"/><net_sink comp="562" pin=0"/></net>

<net id="569"><net_src comp="249" pin="2"/><net_sink comp="566" pin=0"/></net>

<net id="573"><net_src comp="247" pin="2"/><net_sink comp="570" pin=0"/></net>

<net id="638"><net_src comp="34" pin="0"/><net_sink comp="253" pin=1"/></net>

<net id="639"><net_src comp="36" pin="0"/><net_sink comp="250" pin=1"/></net>

<net id="640"><net_src comp="38" pin="0"/><net_sink comp="252" pin=1"/></net>

<net id="641"><net_src comp="40" pin="0"/><net_sink comp="246" pin=1"/></net>

<net id="642"><net_src comp="42" pin="0"/><net_sink comp="251" pin=1"/></net>

<net id="643"><net_src comp="44" pin="0"/><net_sink comp="248" pin=1"/></net>

<net id="644"><net_src comp="46" pin="0"/><net_sink comp="249" pin=1"/></net>

<net id="645"><net_src comp="48" pin="0"/><net_sink comp="247" pin=1"/></net>

<net id="663"><net_src comp="253" pin="2"/><net_sink comp="660" pin=0"/></net>

<net id="667"><net_src comp="250" pin="2"/><net_sink comp="664" pin=0"/></net>

<net id="671"><net_src comp="252" pin="2"/><net_sink comp="668" pin=0"/></net>

<net id="675"><net_src comp="251" pin="2"/><net_sink comp="672" pin=0"/></net>

<net id="679"><net_src comp="248" pin="2"/><net_sink comp="676" pin=0"/></net>

<net id="683"><net_src comp="249" pin="2"/><net_sink comp="680" pin=0"/></net>

<net id="748"><net_src comp="62" pin="0"/><net_sink comp="253" pin=1"/></net>

<net id="749"><net_src comp="64" pin="0"/><net_sink comp="250" pin=1"/></net>

<net id="750"><net_src comp="66" pin="0"/><net_sink comp="252" pin=1"/></net>

<net id="751"><net_src comp="68" pin="0"/><net_sink comp="246" pin=1"/></net>

<net id="752"><net_src comp="70" pin="0"/><net_sink comp="251" pin=1"/></net>

<net id="753"><net_src comp="72" pin="0"/><net_sink comp="248" pin=1"/></net>

<net id="754"><net_src comp="74" pin="0"/><net_sink comp="249" pin=1"/></net>

<net id="755"><net_src comp="76" pin="0"/><net_sink comp="247" pin=1"/></net>

<net id="808"><net_src comp="248" pin="2"/><net_sink comp="805" pin=0"/></net>

<net id="873"><net_src comp="84" pin="0"/><net_sink comp="249" pin=1"/></net>

<net id="874"><net_src comp="86" pin="0"/><net_sink comp="250" pin=1"/></net>

<net id="875"><net_src comp="88" pin="0"/><net_sink comp="252" pin=1"/></net>

<net id="876"><net_src comp="90" pin="0"/><net_sink comp="251" pin=1"/></net>

<net id="877"><net_src comp="92" pin="0"/><net_sink comp="253" pin=1"/></net>

<net id="878"><net_src comp="94" pin="0"/><net_sink comp="247" pin=1"/></net>

<net id="879"><net_src comp="96" pin="0"/><net_sink comp="246" pin=1"/></net>

<net id="880"><net_src comp="98" pin="0"/><net_sink comp="248" pin=1"/></net>

<net id="930"><net_src comp="251" pin="2"/><net_sink comp="562" pin=0"/></net>

<net id="931"><net_src comp="253" pin="2"/><net_sink comp="668" pin=0"/></net>

<net id="999"><net_src comp="104" pin="0"/><net_sink comp="253" pin=1"/></net>

<net id="1000"><net_src comp="106" pin="0"/><net_sink comp="250" pin=1"/></net>

<net id="1001"><net_src comp="108" pin="0"/><net_sink comp="252" pin=1"/></net>

<net id="1002"><net_src comp="110" pin="0"/><net_sink comp="246" pin=1"/></net>

<net id="1003"><net_src comp="112" pin="0"/><net_sink comp="251" pin=1"/></net>

<net id="1004"><net_src comp="114" pin="0"/><net_sink comp="248" pin=1"/></net>

<net id="1005"><net_src comp="116" pin="0"/><net_sink comp="249" pin=1"/></net>

<net id="1006"><net_src comp="118" pin="0"/><net_sink comp="247" pin=1"/></net>

<net id="1092"><net_src comp="253" pin="2"/><net_sink comp="927" pin=0"/></net>

<net id="1093"><net_src comp="247" pin="2"/><net_sink comp="932" pin=0"/></net>

<net id="1158"><net_src comp="126" pin="0"/><net_sink comp="253" pin=1"/></net>

<net id="1159"><net_src comp="128" pin="0"/><net_sink comp="250" pin=1"/></net>

<net id="1160"><net_src comp="130" pin="0"/><net_sink comp="252" pin=1"/></net>

<net id="1161"><net_src comp="132" pin="0"/><net_sink comp="246" pin=1"/></net>

<net id="1162"><net_src comp="134" pin="0"/><net_sink comp="251" pin=1"/></net>

<net id="1163"><net_src comp="136" pin="0"/><net_sink comp="248" pin=1"/></net>

<net id="1164"><net_src comp="138" pin="0"/><net_sink comp="249" pin=1"/></net>

<net id="1165"><net_src comp="140" pin="0"/><net_sink comp="247" pin=1"/></net>

<net id="1334"><net_src comp="148" pin="0"/><net_sink comp="253" pin=1"/></net>

<net id="1335"><net_src comp="150" pin="0"/><net_sink comp="250" pin=1"/></net>

<net id="1336"><net_src comp="152" pin="0"/><net_sink comp="252" pin=1"/></net>

<net id="1337"><net_src comp="154" pin="0"/><net_sink comp="246" pin=1"/></net>

<net id="1338"><net_src comp="156" pin="0"/><net_sink comp="251" pin=1"/></net>

<net id="1339"><net_src comp="158" pin="0"/><net_sink comp="248" pin=1"/></net>

<net id="1340"><net_src comp="168" pin="0"/><net_sink comp="249" pin=1"/></net>

<net id="1341"><net_src comp="170" pin="0"/><net_sink comp="247" pin=1"/></net>

<net id="1449"><net_src comp="204" pin="2"/><net_sink comp="1446" pin=0"/></net>

<net id="1450"><net_src comp="1446" pin="1"/><net_sink comp="250" pin=0"/></net>

<net id="1454"><net_src comp="204" pin="2"/><net_sink comp="1451" pin=0"/></net>

<net id="1455"><net_src comp="1451" pin="1"/><net_sink comp="253" pin=0"/></net>

<net id="1456"><net_src comp="1451" pin="1"/><net_sink comp="246" pin=0"/></net>

<net id="1457"><net_src comp="1451" pin="1"/><net_sink comp="251" pin=0"/></net>

<net id="1461"><net_src comp="204" pin="2"/><net_sink comp="1458" pin=0"/></net>

<net id="1462"><net_src comp="1458" pin="1"/><net_sink comp="252" pin=0"/></net>

<net id="1466"><net_src comp="198" pin="2"/><net_sink comp="1463" pin=0"/></net>

<net id="1467"><net_src comp="1463" pin="1"/><net_sink comp="248" pin=0"/></net>

<net id="1468"><net_src comp="1463" pin="1"/><net_sink comp="249" pin=0"/></net>

<net id="1469"><net_src comp="1463" pin="1"/><net_sink comp="247" pin=0"/></net>

<net id="1473"><net_src comp="570" pin="1"/><net_sink comp="1470" pin=0"/></net>

<net id="1477"><net_src comp="1474" pin="1"/><net_sink comp="253" pin=0"/></net>

<net id="1481"><net_src comp="222" pin="2"/><net_sink comp="1478" pin=0"/></net>

<net id="1482"><net_src comp="1478" pin="1"/><net_sink comp="250" pin=0"/></net>

<net id="1486"><net_src comp="216" pin="2"/><net_sink comp="1483" pin=0"/></net>

<net id="1487"><net_src comp="1483" pin="1"/><net_sink comp="251" pin=0"/></net>

<net id="1491"><net_src comp="216" pin="2"/><net_sink comp="1488" pin=0"/></net>

<net id="1492"><net_src comp="1488" pin="1"/><net_sink comp="246" pin=0"/></net>

<net id="1496"><net_src comp="216" pin="2"/><net_sink comp="1493" pin=0"/></net>

<net id="1497"><net_src comp="1493" pin="1"/><net_sink comp="252" pin=0"/></net>

<net id="1501"><net_src comp="210" pin="2"/><net_sink comp="1498" pin=0"/></net>

<net id="1502"><net_src comp="1498" pin="1"/><net_sink comp="248" pin=0"/></net>

<net id="1503"><net_src comp="1498" pin="1"/><net_sink comp="249" pin=0"/></net>

<net id="1507"><net_src comp="210" pin="2"/><net_sink comp="1504" pin=0"/></net>

<net id="1508"><net_src comp="1504" pin="1"/><net_sink comp="247" pin=0"/></net>

<net id="1513"><net_src comp="554" pin="1"/><net_sink comp="1509" pin=0"/></net>

<net id="1514"><net_src comp="50" pin="0"/><net_sink comp="1509" pin=1"/></net>

<net id="1518"><net_src comp="1509" pin="2"/><net_sink comp="1515" pin=0"/></net>

<net id="1523"><net_src comp="1470" pin="1"/><net_sink comp="1519" pin=0"/></net>

<net id="1524"><net_src comp="1515" pin="1"/><net_sink comp="1519" pin=1"/></net>

<net id="1533"><net_src comp="52" pin="0"/><net_sink comp="1528" pin=0"/></net>

<net id="1534"><net_src comp="54" pin="0"/><net_sink comp="1528" pin=2"/></net>

<net id="1538"><net_src comp="1528" pin="3"/><net_sink comp="1535" pin=0"/></net>

<net id="1543"><net_src comp="56" pin="0"/><net_sink comp="1539" pin=0"/></net>

<net id="1544"><net_src comp="1535" pin="1"/><net_sink comp="1539" pin=1"/></net>

<net id="1549"><net_src comp="1539" pin="2"/><net_sink comp="1545" pin=0"/></net>

<net id="1550"><net_src comp="1525" pin="1"/><net_sink comp="1545" pin=1"/></net>

<net id="1559"><net_src comp="58" pin="0"/><net_sink comp="1554" pin=0"/></net>

<net id="1560"><net_src comp="60" pin="0"/><net_sink comp="1554" pin=2"/></net>

<net id="1564"><net_src comp="1554" pin="3"/><net_sink comp="1561" pin=0"/></net>

<net id="1569"><net_src comp="1561" pin="1"/><net_sink comp="1565" pin=0"/></net>

<net id="1570"><net_src comp="1551" pin="1"/><net_sink comp="1565" pin=1"/></net>

<net id="1574"><net_src comp="1571" pin="1"/><net_sink comp="253" pin=0"/></net>

<net id="1578"><net_src comp="240" pin="2"/><net_sink comp="1575" pin=0"/></net>

<net id="1579"><net_src comp="1575" pin="1"/><net_sink comp="250" pin=0"/></net>

<net id="1583"><net_src comp="240" pin="2"/><net_sink comp="1580" pin=0"/></net>

<net id="1584"><net_src comp="1580" pin="1"/><net_sink comp="252" pin=0"/></net>

<net id="1588"><net_src comp="234" pin="2"/><net_sink comp="1585" pin=0"/></net>

<net id="1589"><net_src comp="1585" pin="1"/><net_sink comp="246" pin=0"/></net>

<net id="1593"><net_src comp="234" pin="2"/><net_sink comp="1590" pin=0"/></net>

<net id="1594"><net_src comp="1590" pin="1"/><net_sink comp="251" pin=0"/></net>

<net id="1595"><net_src comp="1590" pin="1"/><net_sink comp="248" pin=0"/></net>

<net id="1599"><net_src comp="228" pin="2"/><net_sink comp="1596" pin=0"/></net>

<net id="1600"><net_src comp="1596" pin="1"/><net_sink comp="249" pin=0"/></net>

<net id="1604"><net_src comp="228" pin="2"/><net_sink comp="1601" pin=0"/></net>

<net id="1605"><net_src comp="1601" pin="1"/><net_sink comp="247" pin=0"/></net>

<net id="1610"><net_src comp="542" pin="1"/><net_sink comp="1606" pin=0"/></net>

<net id="1611"><net_src comp="78" pin="0"/><net_sink comp="1606" pin=1"/></net>

<net id="1615"><net_src comp="1606" pin="2"/><net_sink comp="1612" pin=0"/></net>

<net id="1623"><net_src comp="664" pin="1"/><net_sink comp="1619" pin=0"/></net>

<net id="1624"><net_src comp="1616" pin="1"/><net_sink comp="1619" pin=1"/></net>

<net id="1628"><net_src comp="1619" pin="2"/><net_sink comp="1625" pin=0"/></net>

<net id="1633"><net_src comp="668" pin="1"/><net_sink comp="1629" pin=0"/></net>

<net id="1634"><net_src comp="1612" pin="1"/><net_sink comp="1629" pin=1"/></net>

<net id="1639"><net_src comp="672" pin="1"/><net_sink comp="1635" pin=0"/></net>

<net id="1640"><net_src comp="570" pin="1"/><net_sink comp="1635" pin=1"/></net>

<net id="1644"><net_src comp="1635" pin="2"/><net_sink comp="1641" pin=0"/></net>

<net id="1649"><net_src comp="1641" pin="1"/><net_sink comp="1645" pin=0"/></net>

<net id="1650"><net_src comp="1625" pin="1"/><net_sink comp="1645" pin=1"/></net>

<net id="1655"><net_src comp="554" pin="1"/><net_sink comp="1651" pin=0"/></net>

<net id="1656"><net_src comp="680" pin="1"/><net_sink comp="1651" pin=1"/></net>

<net id="1660"><net_src comp="1657" pin="1"/><net_sink comp="249" pin=0"/></net>

<net id="1661"><net_src comp="1657" pin="1"/><net_sink comp="250" pin=0"/></net>

<net id="1667"><net_src comp="80" pin="0"/><net_sink comp="1662" pin=0"/></net>

<net id="1668"><net_src comp="82" pin="0"/><net_sink comp="1662" pin=2"/></net>

<net id="1672"><net_src comp="1662" pin="3"/><net_sink comp="1669" pin=0"/></net>

<net id="1678"><net_src comp="58" pin="0"/><net_sink comp="1673" pin=0"/></net>

<net id="1679"><net_src comp="60" pin="0"/><net_sink comp="1673" pin=2"/></net>

<net id="1683"><net_src comp="1673" pin="3"/><net_sink comp="1680" pin=0"/></net>

<net id="1688"><net_src comp="1680" pin="1"/><net_sink comp="1684" pin=0"/></net>

<net id="1689"><net_src comp="1669" pin="1"/><net_sink comp="1684" pin=1"/></net>

<net id="1693"><net_src comp="1690" pin="1"/><net_sink comp="253" pin=0"/></net>

<net id="1697"><net_src comp="1694" pin="1"/><net_sink comp="251" pin=0"/></net>

<net id="1701"><net_src comp="1698" pin="1"/><net_sink comp="252" pin=0"/></net>

<net id="1708"><net_src comp="1705" pin="1"/><net_sink comp="246" pin=0"/></net>

<net id="1712"><net_src comp="1709" pin="1"/><net_sink comp="247" pin=0"/></net>

<net id="1716"><net_src comp="247" pin="2"/><net_sink comp="1713" pin=0"/></net>

<net id="1723"><net_src comp="542" pin="1"/><net_sink comp="1720" pin=0"/></net>

<net id="1727"><net_src comp="680" pin="1"/><net_sink comp="1724" pin=0"/></net>

<net id="1732"><net_src comp="1684" pin="2"/><net_sink comp="1728" pin=0"/></net>

<net id="1733"><net_src comp="100" pin="0"/><net_sink comp="1728" pin=1"/></net>

<net id="1737"><net_src comp="1728" pin="2"/><net_sink comp="1734" pin=0"/></net>

<net id="1742"><net_src comp="562" pin="1"/><net_sink comp="1738" pin=0"/></net>

<net id="1743"><net_src comp="1734" pin="1"/><net_sink comp="1738" pin=1"/></net>

<net id="1748"><net_src comp="1702" pin="1"/><net_sink comp="1744" pin=0"/></net>

<net id="1749"><net_src comp="102" pin="0"/><net_sink comp="1744" pin=1"/></net>

<net id="1753"><net_src comp="1744" pin="2"/><net_sink comp="1750" pin=0"/></net>

<net id="1758"><net_src comp="1750" pin="1"/><net_sink comp="1754" pin=0"/></net>

<net id="1759"><net_src comp="546" pin="1"/><net_sink comp="1754" pin=1"/></net>

<net id="1764"><net_src comp="252" pin="2"/><net_sink comp="1760" pin=0"/></net>

<net id="1765"><net_src comp="1713" pin="1"/><net_sink comp="1760" pin=1"/></net>

<net id="1773"><net_src comp="1766" pin="1"/><net_sink comp="1769" pin=0"/></net>

<net id="1774"><net_src comp="1760" pin="2"/><net_sink comp="1769" pin=1"/></net>

<net id="1779"><net_src comp="664" pin="1"/><net_sink comp="1775" pin=0"/></net>

<net id="1780"><net_src comp="1717" pin="1"/><net_sink comp="1775" pin=1"/></net>

<net id="1784"><net_src comp="1775" pin="2"/><net_sink comp="1781" pin=0"/></net>

<net id="1789"><net_src comp="1781" pin="1"/><net_sink comp="1785" pin=0"/></net>

<net id="1790"><net_src comp="676" pin="1"/><net_sink comp="1785" pin=1"/></net>

<net id="1795"><net_src comp="805" pin="1"/><net_sink comp="1791" pin=0"/></net>

<net id="1796"><net_src comp="1720" pin="1"/><net_sink comp="1791" pin=1"/></net>

<net id="1800"><net_src comp="1791" pin="2"/><net_sink comp="1797" pin=0"/></net>

<net id="1805"><net_src comp="1797" pin="1"/><net_sink comp="1801" pin=0"/></net>

<net id="1806"><net_src comp="668" pin="1"/><net_sink comp="1801" pin=1"/></net>

<net id="1814"><net_src comp="554" pin="1"/><net_sink comp="1810" pin=0"/></net>

<net id="1815"><net_src comp="1724" pin="1"/><net_sink comp="1810" pin=1"/></net>

<net id="1819"><net_src comp="1810" pin="2"/><net_sink comp="1816" pin=0"/></net>

<net id="1824"><net_src comp="1816" pin="1"/><net_sink comp="1820" pin=0"/></net>

<net id="1825"><net_src comp="1807" pin="1"/><net_sink comp="1820" pin=1"/></net>

<net id="1829"><net_src comp="562" pin="1"/><net_sink comp="1826" pin=0"/></net>

<net id="1834"><net_src comp="550" pin="1"/><net_sink comp="1830" pin=0"/></net>

<net id="1835"><net_src comp="120" pin="0"/><net_sink comp="1830" pin=1"/></net>

<net id="1839"><net_src comp="1830" pin="2"/><net_sink comp="1836" pin=0"/></net>

<net id="1850"><net_src comp="566" pin="1"/><net_sink comp="1846" pin=0"/></net>

<net id="1851"><net_src comp="122" pin="0"/><net_sink comp="1846" pin=1"/></net>

<net id="1855"><net_src comp="1846" pin="2"/><net_sink comp="1852" pin=0"/></net>

<net id="1860"><net_src comp="1852" pin="1"/><net_sink comp="1856" pin=0"/></net>

<net id="1861"><net_src comp="680" pin="1"/><net_sink comp="1856" pin=1"/></net>

<net id="1866"><net_src comp="1836" pin="1"/><net_sink comp="1862" pin=0"/></net>

<net id="1867"><net_src comp="1826" pin="1"/><net_sink comp="1862" pin=1"/></net>

<net id="1872"><net_src comp="554" pin="1"/><net_sink comp="1868" pin=0"/></net>

<net id="1873"><net_src comp="1840" pin="1"/><net_sink comp="1868" pin=1"/></net>

<net id="1878"><net_src comp="660" pin="1"/><net_sink comp="1874" pin=0"/></net>

<net id="1879"><net_src comp="124" pin="0"/><net_sink comp="1874" pin=1"/></net>

<net id="1884"><net_src comp="676" pin="1"/><net_sink comp="1880" pin=0"/></net>

<net id="1885"><net_src comp="1843" pin="1"/><net_sink comp="1880" pin=1"/></net>

<net id="1893"><net_src comp="1886" pin="1"/><net_sink comp="1889" pin=0"/></net>

<net id="1894"><net_src comp="1880" pin="2"/><net_sink comp="1889" pin=1"/></net>

<net id="1898"><net_src comp="550" pin="1"/><net_sink comp="1895" pin=0"/></net>

<net id="1902"><net_src comp="932" pin="1"/><net_sink comp="1899" pin=0"/></net>

<net id="1906"><net_src comp="1903" pin="1"/><net_sink comp="248" pin=0"/></net>

<net id="1907"><net_src comp="1903" pin="1"/><net_sink comp="247" pin=0"/></net>

<net id="1913"><net_src comp="80" pin="0"/><net_sink comp="1908" pin=0"/></net>

<net id="1914"><net_src comp="82" pin="0"/><net_sink comp="1908" pin=2"/></net>

<net id="1918"><net_src comp="1908" pin="3"/><net_sink comp="1915" pin=0"/></net>

<net id="1924"><net_src comp="52" pin="0"/><net_sink comp="1919" pin=0"/></net>

<net id="1925"><net_src comp="54" pin="0"/><net_sink comp="1919" pin=2"/></net>

<net id="1929"><net_src comp="1919" pin="3"/><net_sink comp="1926" pin=0"/></net>

<net id="1934"><net_src comp="1926" pin="1"/><net_sink comp="1930" pin=0"/></net>

<net id="1935"><net_src comp="1915" pin="1"/><net_sink comp="1930" pin=1"/></net>

<net id="1939"><net_src comp="1930" pin="2"/><net_sink comp="1936" pin=0"/></net>

<net id="1945"><net_src comp="52" pin="0"/><net_sink comp="1940" pin=0"/></net>

<net id="1946"><net_src comp="54" pin="0"/><net_sink comp="1940" pin=2"/></net>

<net id="1950"><net_src comp="1940" pin="3"/><net_sink comp="1947" pin=0"/></net>

<net id="1956"><net_src comp="142" pin="0"/><net_sink comp="1951" pin=0"/></net>

<net id="1957"><net_src comp="144" pin="0"/><net_sink comp="1951" pin=2"/></net>

<net id="1961"><net_src comp="1951" pin="3"/><net_sink comp="1958" pin=0"/></net>

<net id="1966"><net_src comp="1947" pin="1"/><net_sink comp="1962" pin=0"/></net>

<net id="1967"><net_src comp="1958" pin="1"/><net_sink comp="1962" pin=1"/></net>

<net id="1971"><net_src comp="1962" pin="2"/><net_sink comp="1968" pin=0"/></net>

<net id="1976"><net_src comp="558" pin="1"/><net_sink comp="1972" pin=0"/></net>

<net id="1977"><net_src comp="146" pin="0"/><net_sink comp="1972" pin=1"/></net>

<net id="1981"><net_src comp="1972" pin="2"/><net_sink comp="1978" pin=0"/></net>

<net id="1989"><net_src comp="668" pin="1"/><net_sink comp="1985" pin=0"/></net>

<net id="1990"><net_src comp="1978" pin="1"/><net_sink comp="1985" pin=1"/></net>

<net id="1995"><net_src comp="1985" pin="2"/><net_sink comp="1991" pin=0"/></net>

<net id="1996"><net_src comp="554" pin="1"/><net_sink comp="1991" pin=1"/></net>

<net id="2000"><net_src comp="1991" pin="2"/><net_sink comp="1997" pin=0"/></net>

<net id="2005"><net_src comp="546" pin="1"/><net_sink comp="2001" pin=0"/></net>

<net id="2006"><net_src comp="1982" pin="1"/><net_sink comp="2001" pin=1"/></net>

<net id="2011"><net_src comp="2001" pin="2"/><net_sink comp="2007" pin=0"/></net>

<net id="2012"><net_src comp="676" pin="1"/><net_sink comp="2007" pin=1"/></net>

<net id="2017"><net_src comp="664" pin="1"/><net_sink comp="2013" pin=0"/></net>

<net id="2018"><net_src comp="1895" pin="1"/><net_sink comp="2013" pin=1"/></net>

<net id="2026"><net_src comp="2019" pin="1"/><net_sink comp="2022" pin=0"/></net>

<net id="2027"><net_src comp="680" pin="1"/><net_sink comp="2022" pin=1"/></net>

<net id="2031"><net_src comp="2022" pin="2"/><net_sink comp="2028" pin=0"/></net>

<net id="2036"><net_src comp="2028" pin="1"/><net_sink comp="2032" pin=0"/></net>

<net id="2037"><net_src comp="2013" pin="2"/><net_sink comp="2032" pin=1"/></net>

<net id="2042"><net_src comp="1997" pin="1"/><net_sink comp="2038" pin=0"/></net>

<net id="2043"><net_src comp="1899" pin="1"/><net_sink comp="2038" pin=1"/></net>

<net id="2051"><net_src comp="2044" pin="1"/><net_sink comp="2047" pin=0"/></net>

<net id="2052"><net_src comp="2038" pin="2"/><net_sink comp="2047" pin=1"/></net>

<net id="2057"><net_src comp="570" pin="1"/><net_sink comp="2053" pin=0"/></net>

<net id="2058"><net_src comp="1968" pin="1"/><net_sink comp="2053" pin=1"/></net>

<net id="2063"><net_src comp="672" pin="1"/><net_sink comp="2059" pin=0"/></net>

<net id="2064"><net_src comp="1936" pin="1"/><net_sink comp="2059" pin=1"/></net>

<net id="2068"><net_src comp="562" pin="1"/><net_sink comp="2065" pin=0"/></net>

<net id="2072"><net_src comp="550" pin="1"/><net_sink comp="2069" pin=0"/></net>

<net id="2076"><net_src comp="2073" pin="1"/><net_sink comp="250" pin=0"/></net>

<net id="2077"><net_src comp="2073" pin="1"/><net_sink comp="246" pin=0"/></net>

<net id="2081"><net_src comp="2078" pin="1"/><net_sink comp="249" pin=0"/></net>

<net id="2085"><net_src comp="2082" pin="1"/><net_sink comp="251" pin=0"/></net>

<net id="2086"><net_src comp="2082" pin="1"/><net_sink comp="248" pin=0"/></net>

<net id="2087"><net_src comp="2082" pin="1"/><net_sink comp="247" pin=0"/></net>

<net id="2093"><net_src comp="160" pin="0"/><net_sink comp="2088" pin=0"/></net>

<net id="2094"><net_src comp="162" pin="0"/><net_sink comp="2088" pin=2"/></net>

<net id="2098"><net_src comp="2088" pin="3"/><net_sink comp="2095" pin=0"/></net>

<net id="2104"><net_src comp="164" pin="0"/><net_sink comp="2099" pin=0"/></net>

<net id="2105"><net_src comp="166" pin="0"/><net_sink comp="2099" pin=2"/></net>

<net id="2109"><net_src comp="2099" pin="3"/><net_sink comp="2106" pin=0"/></net>

<net id="2114"><net_src comp="2106" pin="1"/><net_sink comp="2110" pin=0"/></net>

<net id="2115"><net_src comp="2095" pin="1"/><net_sink comp="2110" pin=1"/></net>

<net id="2132"><net_src comp="668" pin="1"/><net_sink comp="2128" pin=0"/></net>

<net id="2133"><net_src comp="2122" pin="1"/><net_sink comp="2128" pin=1"/></net>

<net id="2138"><net_src comp="2119" pin="1"/><net_sink comp="2134" pin=0"/></net>

<net id="2139"><net_src comp="2065" pin="1"/><net_sink comp="2134" pin=1"/></net>

<net id="2144"><net_src comp="2134" pin="2"/><net_sink comp="2140" pin=0"/></net>

<net id="2145"><net_src comp="664" pin="1"/><net_sink comp="2140" pin=1"/></net>

<net id="2149"><net_src comp="251" pin="2"/><net_sink comp="2146" pin=0"/></net>

<net id="2154"><net_src comp="927" pin="1"/><net_sink comp="2150" pin=0"/></net>

<net id="2155"><net_src comp="680" pin="1"/><net_sink comp="2150" pin=1"/></net>

<net id="2159"><net_src comp="2150" pin="2"/><net_sink comp="2156" pin=0"/></net>

<net id="2164"><net_src comp="2156" pin="1"/><net_sink comp="2160" pin=0"/></net>

<net id="2165"><net_src comp="2116" pin="1"/><net_sink comp="2160" pin=1"/></net>

<net id="2173"><net_src comp="2166" pin="1"/><net_sink comp="2169" pin=0"/></net>

<net id="2174"><net_src comp="2160" pin="2"/><net_sink comp="2169" pin=1"/></net>

<net id="2179"><net_src comp="2125" pin="1"/><net_sink comp="2175" pin=0"/></net>

<net id="2180"><net_src comp="2069" pin="1"/><net_sink comp="2175" pin=1"/></net>

<net id="2188"><net_src comp="2181" pin="1"/><net_sink comp="2184" pin=0"/></net>

<net id="2189"><net_src comp="570" pin="1"/><net_sink comp="2184" pin=1"/></net>

<net id="2193"><net_src comp="2184" pin="2"/><net_sink comp="2190" pin=0"/></net>

<net id="2198"><net_src comp="2190" pin="1"/><net_sink comp="2194" pin=0"/></net>

<net id="2199"><net_src comp="2175" pin="2"/><net_sink comp="2194" pin=1"/></net>

<net id="2207"><net_src comp="2200" pin="1"/><net_sink comp="2203" pin=0"/></net>

<net id="2208"><net_src comp="554" pin="1"/><net_sink comp="2203" pin=1"/></net>

<net id="2212"><net_src comp="672" pin="1"/><net_sink comp="2209" pin=0"/></net>

<net id="2218"><net_src comp="188" pin="0"/><net_sink comp="2213" pin=0"/></net>

<net id="2219"><net_src comp="190" pin="0"/><net_sink comp="2213" pin=2"/></net>

<net id="2223"><net_src comp="2213" pin="3"/><net_sink comp="2220" pin=0"/></net>

<net id="2229"><net_src comp="192" pin="0"/><net_sink comp="2224" pin=0"/></net>

<net id="2230"><net_src comp="194" pin="0"/><net_sink comp="2224" pin=2"/></net>

<net id="2234"><net_src comp="2224" pin="3"/><net_sink comp="2231" pin=0"/></net>

<net id="2239"><net_src comp="2220" pin="1"/><net_sink comp="2235" pin=0"/></net>

<net id="2240"><net_src comp="2231" pin="1"/><net_sink comp="2235" pin=1"/></net>

<net id="2244"><net_src comp="2235" pin="2"/><net_sink comp="2241" pin=0"/></net>

<net id="2248"><net_src comp="664" pin="1"/><net_sink comp="2245" pin=0"/></net>

<net id="2252"><net_src comp="668" pin="1"/><net_sink comp="2249" pin=0"/></net>

<net id="2259"><net_src comp="680" pin="1"/><net_sink comp="2256" pin=0"/></net>

<net id="2263"><net_src comp="932" pin="1"/><net_sink comp="2260" pin=0"/></net>

<net id="2286"><net_src comp="2267" pin="1"/><net_sink comp="2282" pin=0"/></net>

<net id="2287"><net_src comp="2209" pin="1"/><net_sink comp="2282" pin=1"/></net>

<net id="2292"><net_src comp="927" pin="1"/><net_sink comp="2288" pin=1"/></net>

<net id="2296"><net_src comp="2288" pin="2"/><net_sink comp="2293" pin=0"/></net>

<net id="2301"><net_src comp="2293" pin="1"/><net_sink comp="2297" pin=0"/></net>

<net id="2302"><net_src comp="2282" pin="2"/><net_sink comp="2297" pin=1"/></net>

<net id="2306"><net_src comp="2297" pin="2"/><net_sink comp="2303" pin=0"/></net>

<net id="2311"><net_src comp="2270" pin="1"/><net_sink comp="2307" pin=0"/></net>

<net id="2312"><net_src comp="2245" pin="1"/><net_sink comp="2307" pin=1"/></net>

<net id="2317"><net_src comp="676" pin="1"/><net_sink comp="2313" pin=0"/></net>

<net id="2318"><net_src comp="562" pin="1"/><net_sink comp="2313" pin=1"/></net>

<net id="2322"><net_src comp="2313" pin="2"/><net_sink comp="2319" pin=0"/></net>

<net id="2327"><net_src comp="2319" pin="1"/><net_sink comp="2323" pin=0"/></net>

<net id="2328"><net_src comp="2307" pin="2"/><net_sink comp="2323" pin=1"/></net>

<net id="2332"><net_src comp="2323" pin="2"/><net_sink comp="2329" pin=0"/></net>

<net id="2337"><net_src comp="805" pin="1"/><net_sink comp="2333" pin=0"/></net>

<net id="2338"><net_src comp="2249" pin="1"/><net_sink comp="2333" pin=1"/></net>

<net id="2342"><net_src comp="2333" pin="2"/><net_sink comp="2339" pin=0"/></net>

<net id="2347"><net_src comp="2339" pin="1"/><net_sink comp="2343" pin=0"/></net>

<net id="2348"><net_src comp="2276" pin="1"/><net_sink comp="2343" pin=1"/></net>

<net id="2352"><net_src comp="2343" pin="2"/><net_sink comp="2349" pin=0"/></net>

<net id="2363"><net_src comp="2273" pin="1"/><net_sink comp="2359" pin=0"/></net>

<net id="2364"><net_src comp="2241" pin="1"/><net_sink comp="2359" pin=1"/></net>

<net id="2369"><net_src comp="554" pin="1"/><net_sink comp="2365" pin=0"/></net>

<net id="2370"><net_src comp="2253" pin="1"/><net_sink comp="2365" pin=1"/></net>

<net id="2374"><net_src comp="2365" pin="2"/><net_sink comp="2371" pin=0"/></net>

<net id="2379"><net_src comp="2371" pin="1"/><net_sink comp="2375" pin=0"/></net>

<net id="2380"><net_src comp="2359" pin="2"/><net_sink comp="2375" pin=1"/></net>

<net id="2384"><net_src comp="2375" pin="2"/><net_sink comp="2381" pin=0"/></net>

<net id="2389"><net_src comp="2264" pin="1"/><net_sink comp="2385" pin=0"/></net>

<net id="2390"><net_src comp="2256" pin="1"/><net_sink comp="2385" pin=1"/></net>

<net id="2398"><net_src comp="2391" pin="1"/><net_sink comp="2394" pin=0"/></net>

<net id="2399"><net_src comp="2385" pin="2"/><net_sink comp="2394" pin=1"/></net>

<net id="2403"><net_src comp="2394" pin="2"/><net_sink comp="2400" pin=0"/></net>

<net id="2408"><net_src comp="2279" pin="1"/><net_sink comp="2404" pin=0"/></net>

<net id="2409"><net_src comp="2260" pin="1"/><net_sink comp="2404" pin=1"/></net>

<net id="2413"><net_src comp="2404" pin="2"/><net_sink comp="2410" pin=0"/></net>

<net id="2418"><net_src comp="196" pin="0"/><net_sink comp="2414" pin=0"/></net>

<net id="2419"><net_src comp="2303" pin="1"/><net_sink comp="2414" pin=1"/></net>

<net id="2424"><net_src comp="2414" pin="2"/><net_sink comp="2420" pin=0"/></net>

<net id="2425"><net_src comp="2329" pin="1"/><net_sink comp="2420" pin=1"/></net>

<net id="2430"><net_src comp="2420" pin="2"/><net_sink comp="2426" pin=0"/></net>

<net id="2431"><net_src comp="2349" pin="1"/><net_sink comp="2426" pin=1"/></net>

<net id="2436"><net_src comp="2426" pin="2"/><net_sink comp="2432" pin=0"/></net>

<net id="2437"><net_src comp="2353" pin="1"/><net_sink comp="2432" pin=1"/></net>

<net id="2442"><net_src comp="2432" pin="2"/><net_sink comp="2438" pin=0"/></net>

<net id="2443"><net_src comp="2356" pin="1"/><net_sink comp="2438" pin=1"/></net>

<net id="2448"><net_src comp="2438" pin="2"/><net_sink comp="2444" pin=0"/></net>

<net id="2449"><net_src comp="2381" pin="1"/><net_sink comp="2444" pin=1"/></net>

<net id="2454"><net_src comp="2444" pin="2"/><net_sink comp="2450" pin=0"/></net>

<net id="2455"><net_src comp="2400" pin="1"/><net_sink comp="2450" pin=1"/></net>

<net id="2460"><net_src comp="2450" pin="2"/><net_sink comp="2456" pin=0"/></net>

<net id="2461"><net_src comp="2410" pin="1"/><net_sink comp="2456" pin=1"/></net>

<net id="2465"><net_src comp="198" pin="2"/><net_sink comp="2462" pin=0"/></net>

<net id="2466"><net_src comp="2462" pin="1"/><net_sink comp="1474" pin=0"/></net>

<net id="2467"><net_src comp="2462" pin="1"/><net_sink comp="1525" pin=0"/></net>

<net id="2468"><net_src comp="2462" pin="1"/><net_sink comp="1528" pin=1"/></net>

<net id="2469"><net_src comp="2462" pin="1"/><net_sink comp="1690" pin=0"/></net>

<net id="2470"><net_src comp="2462" pin="1"/><net_sink comp="1694" pin=0"/></net>

<net id="2471"><net_src comp="2462" pin="1"/><net_sink comp="1698" pin=0"/></net>

<net id="2475"><net_src comp="204" pin="2"/><net_sink comp="2472" pin=0"/></net>

<net id="2476"><net_src comp="2472" pin="1"/><net_sink comp="1657" pin=0"/></net>

<net id="2477"><net_src comp="2472" pin="1"/><net_sink comp="1662" pin=1"/></net>

<net id="2478"><net_src comp="2472" pin="1"/><net_sink comp="1673" pin=1"/></net>

<net id="2482"><net_src comp="210" pin="2"/><net_sink comp="2479" pin=0"/></net>

<net id="2483"><net_src comp="2479" pin="1"/><net_sink comp="1571" pin=0"/></net>

<net id="2487"><net_src comp="216" pin="2"/><net_sink comp="2484" pin=0"/></net>

<net id="2488"><net_src comp="2484" pin="1"/><net_sink comp="1551" pin=0"/></net>

<net id="2489"><net_src comp="2484" pin="1"/><net_sink comp="1554" pin=1"/></net>

<net id="2493"><net_src comp="222" pin="2"/><net_sink comp="2490" pin=0"/></net>

<net id="2494"><net_src comp="2490" pin="1"/><net_sink comp="1705" pin=0"/></net>

<net id="2495"><net_src comp="2490" pin="1"/><net_sink comp="1709" pin=0"/></net>

<net id="2499"><net_src comp="1478" pin="1"/><net_sink comp="2496" pin=0"/></net>

<net id="2500"><net_src comp="2496" pin="1"/><net_sink comp="248" pin=0"/></net>

<net id="2501"><net_src comp="2496" pin="1"/><net_sink comp="253" pin=0"/></net>

<net id="2502"><net_src comp="2496" pin="1"/><net_sink comp="250" pin=0"/></net>

<net id="2503"><net_src comp="2496" pin="1"/><net_sink comp="246" pin=0"/></net>

<net id="2507"><net_src comp="1483" pin="1"/><net_sink comp="2504" pin=0"/></net>

<net id="2508"><net_src comp="2504" pin="1"/><net_sink comp="248" pin=0"/></net>

<net id="2509"><net_src comp="2504" pin="1"/><net_sink comp="247" pin=0"/></net>

<net id="2513"><net_src comp="1488" pin="1"/><net_sink comp="2510" pin=0"/></net>

<net id="2514"><net_src comp="2510" pin="1"/><net_sink comp="251" pin=0"/></net>

<net id="2515"><net_src comp="2510" pin="1"/><net_sink comp="249" pin=0"/></net>

<net id="2519"><net_src comp="1498" pin="1"/><net_sink comp="2516" pin=0"/></net>

<net id="2520"><net_src comp="2516" pin="1"/><net_sink comp="246" pin=0"/></net>

<net id="2524"><net_src comp="1504" pin="1"/><net_sink comp="2521" pin=0"/></net>

<net id="2525"><net_src comp="2521" pin="1"/><net_sink comp="253" pin=0"/></net>

<net id="2526"><net_src comp="2521" pin="1"/><net_sink comp="250" pin=0"/></net>

<net id="2527"><net_src comp="2521" pin="1"/><net_sink comp="252" pin=0"/></net>

<net id="2531"><net_src comp="1519" pin="2"/><net_sink comp="2528" pin=0"/></net>

<net id="2532"><net_src comp="2528" pin="1"/><net_sink comp="1616" pin=0"/></net>

<net id="2536"><net_src comp="228" pin="2"/><net_sink comp="2533" pin=0"/></net>

<net id="2537"><net_src comp="2533" pin="1"/><net_sink comp="2078" pin=0"/></net>

<net id="2538"><net_src comp="2533" pin="1"/><net_sink comp="2082" pin=0"/></net>

<net id="2539"><net_src comp="2533" pin="1"/><net_sink comp="2088" pin=1"/></net>

<net id="2540"><net_src comp="2533" pin="1"/><net_sink comp="2099" pin=1"/></net>

<net id="2544"><net_src comp="234" pin="2"/><net_sink comp="2541" pin=0"/></net>

<net id="2545"><net_src comp="2541" pin="1"/><net_sink comp="1940" pin=1"/></net>

<net id="2546"><net_src comp="2541" pin="1"/><net_sink comp="1951" pin=1"/></net>

<net id="2547"><net_src comp="2541" pin="1"/><net_sink comp="2073" pin=0"/></net>

<net id="2551"><net_src comp="240" pin="2"/><net_sink comp="2548" pin=0"/></net>

<net id="2552"><net_src comp="2548" pin="1"/><net_sink comp="1903" pin=0"/></net>

<net id="2553"><net_src comp="2548" pin="1"/><net_sink comp="1908" pin=1"/></net>

<net id="2554"><net_src comp="2548" pin="1"/><net_sink comp="1919" pin=1"/></net>

<net id="2555"><net_src comp="2548" pin="1"/><net_sink comp="2213" pin=1"/></net>

<net id="2556"><net_src comp="2548" pin="1"/><net_sink comp="2224" pin=1"/></net>

<net id="2560"><net_src comp="1545" pin="2"/><net_sink comp="2557" pin=0"/></net>

<net id="2561"><net_src comp="2557" pin="1"/><net_sink comp="1702" pin=0"/></net>

<net id="2565"><net_src comp="1565" pin="2"/><net_sink comp="2562" pin=0"/></net>

<net id="2566"><net_src comp="2562" pin="1"/><net_sink comp="1717" pin=0"/></net>

<net id="2570"><net_src comp="1580" pin="1"/><net_sink comp="2567" pin=0"/></net>

<net id="2571"><net_src comp="2567" pin="1"/><net_sink comp="251" pin=0"/></net>

<net id="2572"><net_src comp="2567" pin="1"/><net_sink comp="249" pin=0"/></net>

<net id="2576"><net_src comp="1590" pin="1"/><net_sink comp="2573" pin=0"/></net>

<net id="2577"><net_src comp="2573" pin="1"/><net_sink comp="253" pin=0"/></net>

<net id="2578"><net_src comp="2573" pin="1"/><net_sink comp="252" pin=0"/></net>

<net id="2582"><net_src comp="1629" pin="2"/><net_sink comp="2579" pin=0"/></net>

<net id="2583"><net_src comp="2579" pin="1"/><net_sink comp="1766" pin=0"/></net>

<net id="2587"><net_src comp="1645" pin="2"/><net_sink comp="2584" pin=0"/></net>

<net id="2588"><net_src comp="2584" pin="1"/><net_sink comp="2273" pin=0"/></net>

<net id="2592"><net_src comp="1651" pin="2"/><net_sink comp="2589" pin=0"/></net>

<net id="2593"><net_src comp="2589" pin="1"/><net_sink comp="1807" pin=0"/></net>

<net id="2597"><net_src comp="1705" pin="1"/><net_sink comp="2594" pin=0"/></net>

<net id="2598"><net_src comp="2594" pin="1"/><net_sink comp="252" pin=0"/></net>

<net id="2602"><net_src comp="1738" pin="2"/><net_sink comp="2599" pin=0"/></net>

<net id="2603"><net_src comp="2599" pin="1"/><net_sink comp="1840" pin=0"/></net>

<net id="2607"><net_src comp="1754" pin="2"/><net_sink comp="2604" pin=0"/></net>

<net id="2608"><net_src comp="2604" pin="1"/><net_sink comp="1843" pin=0"/></net>

<net id="2612"><net_src comp="1769" pin="2"/><net_sink comp="2609" pin=0"/></net>

<net id="2613"><net_src comp="2609" pin="1"/><net_sink comp="2122" pin=0"/></net>

<net id="2617"><net_src comp="1785" pin="2"/><net_sink comp="2614" pin=0"/></net>

<net id="2618"><net_src comp="2614" pin="1"/><net_sink comp="1886" pin=0"/></net>

<net id="2622"><net_src comp="1801" pin="2"/><net_sink comp="2619" pin=0"/></net>

<net id="2623"><net_src comp="2619" pin="1"/><net_sink comp="2044" pin=0"/></net>

<net id="2627"><net_src comp="1820" pin="2"/><net_sink comp="2624" pin=0"/></net>

<net id="2628"><net_src comp="2624" pin="1"/><net_sink comp="2166" pin=0"/></net>

<net id="2632"><net_src comp="1856" pin="2"/><net_sink comp="2629" pin=0"/></net>

<net id="2633"><net_src comp="2629" pin="1"/><net_sink comp="2116" pin=0"/></net>

<net id="2637"><net_src comp="1862" pin="2"/><net_sink comp="2634" pin=0"/></net>

<net id="2638"><net_src comp="2634" pin="1"/><net_sink comp="1982" pin=0"/></net>

<net id="2642"><net_src comp="1868" pin="2"/><net_sink comp="2639" pin=0"/></net>

<net id="2643"><net_src comp="2639" pin="1"/><net_sink comp="2119" pin=0"/></net>

<net id="2647"><net_src comp="1874" pin="2"/><net_sink comp="2644" pin=0"/></net>

<net id="2648"><net_src comp="2644" pin="1"/><net_sink comp="2019" pin=0"/></net>

<net id="2652"><net_src comp="1889" pin="2"/><net_sink comp="2649" pin=0"/></net>

<net id="2653"><net_src comp="2649" pin="1"/><net_sink comp="2276" pin=0"/></net>

<net id="2657"><net_src comp="2007" pin="2"/><net_sink comp="2654" pin=0"/></net>

<net id="2658"><net_src comp="2654" pin="1"/><net_sink comp="2125" pin=0"/></net>

<net id="2662"><net_src comp="2032" pin="2"/><net_sink comp="2659" pin=0"/></net>

<net id="2663"><net_src comp="2659" pin="1"/><net_sink comp="2264" pin=0"/></net>

<net id="2667"><net_src comp="2047" pin="2"/><net_sink comp="2664" pin=0"/></net>

<net id="2668"><net_src comp="2664" pin="1"/><net_sink comp="2279" pin=0"/></net>

<net id="2672"><net_src comp="2053" pin="2"/><net_sink comp="2669" pin=0"/></net>

<net id="2673"><net_src comp="2669" pin="1"/><net_sink comp="2181" pin=0"/></net>

<net id="2677"><net_src comp="2059" pin="2"/><net_sink comp="2674" pin=0"/></net>

<net id="2678"><net_src comp="2674" pin="1"/><net_sink comp="2200" pin=0"/></net>

<net id="2682"><net_src comp="2110" pin="2"/><net_sink comp="2679" pin=0"/></net>

<net id="2683"><net_src comp="2679" pin="1"/><net_sink comp="2253" pin=0"/></net>

<net id="2687"><net_src comp="2128" pin="2"/><net_sink comp="2684" pin=0"/></net>

<net id="2688"><net_src comp="2684" pin="1"/><net_sink comp="2267" pin=0"/></net>

<net id="2692"><net_src comp="2140" pin="2"/><net_sink comp="2689" pin=0"/></net>

<net id="2693"><net_src comp="2689" pin="1"/><net_sink comp="2270" pin=0"/></net>

<net id="2697"><net_src comp="2146" pin="1"/><net_sink comp="2694" pin=0"/></net>

<net id="2698"><net_src comp="2694" pin="1"/><net_sink comp="2288" pin=0"/></net>

<net id="2702"><net_src comp="2169" pin="2"/><net_sink comp="2699" pin=0"/></net>

<net id="2703"><net_src comp="2699" pin="1"/><net_sink comp="2353" pin=0"/></net>

<net id="2707"><net_src comp="2194" pin="2"/><net_sink comp="2704" pin=0"/></net>

<net id="2708"><net_src comp="2704" pin="1"/><net_sink comp="2356" pin=0"/></net>

<net id="2712"><net_src comp="2203" pin="2"/><net_sink comp="2709" pin=0"/></net>

<net id="2713"><net_src comp="2709" pin="1"/><net_sink comp="2391" pin=0"/></net>

</net_list>

</model> 
---------------- Datapath Model END ------------------

* FSMD analyzer results:
  - Output states:
 - Input state : 
	Port: dense_latency<ap_fixed,ap_fixed<30,12,5,3,0>,config36_mult> : data_0_val | {1 }
	Port: dense_latency<ap_fixed,ap_fixed<30,12,5,3,0>,config36_mult> : data_1_val | {1 }
	Port: dense_latency<ap_fixed,ap_fixed<30,12,5,3,0>,config36_mult> : data_2_val | {2 }
	Port: dense_latency<ap_fixed,ap_fixed<30,12,5,3,0>,config36_mult> : data_3_val | {2 }
	Port: dense_latency<ap_fixed,ap_fixed<30,12,5,3,0>,config36_mult> : data_4_val | {2 }
	Port: dense_latency<ap_fixed,ap_fixed<30,12,5,3,0>,config36_mult> : data_5_val | {3 }
	Port: dense_latency<ap_fixed,ap_fixed<30,12,5,3,0>,config36_mult> : data_6_val | {3 }
	Port: dense_latency<ap_fixed,ap_fixed<30,12,5,3,0>,config36_mult> : data_7_val | {3 }
  - Chain level:
	State 1
		mul_ln73 : 1
		mul_ln73_27 : 1
		mul_ln73_29 : 1
		mul_ln73_30 : 1
		mul_ln70 : 1
		mul_ln73_33 : 1
		mul_ln73_35 : 1
		mul_ln73_37 : 1
	State 2
		mul_ln73_38 : 1
		mul_ln73_45 : 1
		mul_ln73_48 : 1
		mul_ln73_51 : 1
		mul_ln73_53 : 1
		mul_ln73_58 : 1
		mul_ln73_59 : 1
		mul_ln73_61 : 1
		zext_ln58 : 1
		add_ln58_188 : 2
	State 3
		sext_ln73_1185 : 1
		sub_ln73_695 : 2
		sub_ln73_696 : 3
		sext_ln73_1186 : 1
		sub_ln73_697 : 2
		mul_ln73_63 : 1
		mul_ln73_66 : 1
		mul_ln73_71 : 1
		mul_ln73_75 : 1
		mul_ln73_78 : 1
		mul_ln70_1 : 1
		mul_ln73_81 : 1
		mul_ln73_82 : 1
		sext_ln58_23 : 1
		add_ln58_190 : 1
		sext_ln58_13 : 2
		add_ln58_194 : 2
		sext_ln58_33 : 1
		add_ln58_206 : 3
	State 4
		sext_ln73_1183 : 1
		sext_ln73_1184 : 1
		sub_ln73 : 2
		mul_ln73_28 : 1
		mul_ln73_31 : 1
		mul_ln73_32 : 1
		mul_ln73_36 : 1
		mul_ln73_39 : 1
		mul_ln73_40 : 1
		sext_ln73_33 : 2
		mul_ln73_41 : 1
		add_ln58_178 : 3
		sext_ln58_5 : 4
		add_ln58_182 : 5
		add_ln58_183 : 1
		zext_ln58_2 : 2
		add_ln58_184 : 3
		add_ln58_193 : 3
		add_ln58_195 : 4
		add_ln58_208 : 1
		sext_ln58_34 : 2
		add_ln58_209 : 3
		add_ln58_212 : 1
		sext_ln58_36 : 2
		add_ln58_213 : 3
		add_ln58_226 : 1
		sext_ln58_43 : 2
		add_ln58_227 : 3
	State 5
		sext_ln58_6 : 1
		zext_ln58_3 : 1
		add_ln58_186 : 2
		add_ln58_187 : 2
		add_ln58_189 : 1
		add_ln58_207 : 1
		add_ln58_210 : 2
	State 6
		mul_ln73_65 : 1
		mul_ln73_68 : 1
		sext_ln73_1189 : 1
		sext_ln73_1190 : 1
		sub_ln73_699 : 2
		sext_ln73_51 : 3
		sext_ln73_1191 : 1
		sext_ln73_1192 : 1
		add_ln73 : 2
		sext_ln73_58 : 3
		zext_ln58_1 : 1
		add_ln58_191 : 2
		add_ln58_192 : 3
		sext_ln58_14 : 4
		add_ln58_196 : 1
		add_ln58_197 : 2
		add_ln58_198 : 1
		add_ln58_200 : 1
		sext_ln58_32 : 2
		add_ln58_201 : 3
		add_ln58_211 : 5
		add_ln58_214 : 6
		add_ln58_230 : 4
		add_ln58_237 : 4
	State 7
		mul_ln73_73 : 1
		mul_ln73_77 : 1
		mul_ln73_79 : 1
		mul_ln73_80 : 1
		sext_ln73_1193 : 1
		sext_ln73_1194 : 1
		sub_ln73_700 : 2
		mul_ln73_84 : 1
		mul_ln73_85 : 1
		add_ln58_202 : 1
		add_ln58_203 : 1
		add_ln58_204 : 2
		trunc_ln58 : 2
		sext_ln58_41 : 1
		add_ln58_224 : 2
		add_ln58_228 : 3
		add_ln58_229 : 1
		add_ln58_231 : 1
		sext_ln58_46 : 2
		add_ln58_232 : 3
		add_ln58_238 : 1
	State 8
		sext_ln73_1187 : 1
		sext_ln73_1188 : 1
		sub_ln73_698 : 2
		sext_ln73_50 : 3
		add_ln58_215 : 1
		sext_ln58_38 : 1
		add_ln58_217 : 2
		sext_ln58_24 : 3
		add_ln58_218 : 1
		sext_ln58_39 : 1
		add_ln58_220 : 2
		sext_ln58_25 : 3
		add_ln58_221 : 1
		sext_ln58_40 : 2
		add_ln58_222 : 3
		sext_ln58_26 : 4
		add_ln58_233 : 4
		add_ln58_234 : 1
		sext_ln58_47 : 2
		add_ln58_235 : 5
		sext_ln58_29 : 6
		add_ln58_236 : 1
		add_ln58_239 : 2
		sext_ln58_30 : 3
		add_ln58_240 : 1
		sext_ln68 : 2
		mrv : 4
		mrv_1 : 5
		mrv_2 : 6
		mrv_3 : 7
		mrv_4 : 8
		mrv_5 : 9
		mrv_6 : 10
		mrv_7 : 11
		ret_ln68 : 12


============================================================
+ Verbose Summary: Datapath Resource usage 
============================================================

* Functional unit list:
|----------|-----------------------------|---------|---------|---------|
| Operation|       Functional Unit       |   DSP   |    FF   |   LUT   |
|----------|-----------------------------|---------|---------|---------|
|          |     add_ln58_180_fu_1509    |    0    |    0    |    25   |
|          |     add_ln58_188_fu_1519    |    0    |    0    |    26   |
|          |       add_ln58_fu_1606      |    0    |    0    |    25   |
|          |     add_ln58_190_fu_1619    |    0    |    0    |    28   |
|          |     add_ln58_194_fu_1629    |    0    |    0    |    26   |
|          |     add_ln58_205_fu_1635    |    0    |    0    |    28   |
|          |     add_ln58_206_fu_1645    |    0    |    0    |    28   |
|          |     add_ln58_225_fu_1651    |    0    |    0    |    27   |
|          |     add_ln58_178_fu_1728    |    0    |    0    |    17   |
|          |     add_ln58_182_fu_1738    |    0    |    0    |    26   |
|          |     add_ln58_183_fu_1744    |    0    |    0    |    25   |
|          |     add_ln58_184_fu_1754    |    0    |    0    |    27   |
|          |     add_ln58_193_fu_1760    |    0    |    0    |    20   |
|          |     add_ln58_195_fu_1769    |    0    |    0    |    20   |
|          |     add_ln58_208_fu_1775    |    0    |    0    |    25   |
|          |     add_ln58_209_fu_1785    |    0    |    0    |    27   |
|          |     add_ln58_212_fu_1791    |    0    |    0    |    26   |
|          |     add_ln58_213_fu_1801    |    0    |    0    |    28   |
|          |     add_ln58_226_fu_1810    |    0    |    0    |    27   |
|          |     add_ln58_227_fu_1820    |    0    |    0    |    27   |
|          |     add_ln58_179_fu_1830    |    0    |    0    |    26   |
|          |     add_ln58_185_fu_1846    |    0    |    0    |    26   |
|          |     add_ln58_186_fu_1856    |    0    |    0    |    28   |
|          |     add_ln58_187_fu_1862    |    0    |    0    |    26   |
|          |     add_ln58_189_fu_1868    |    0    |    0    |    27   |
|          |     add_ln58_199_fu_1874    |    0    |    0    |    25   |
|          |     add_ln58_207_fu_1880    |    0    |    0    |    21   |
|          |     add_ln58_210_fu_1889    |    0    |    0    |    21   |
|          |       add_ln73_fu_1962      |    0    |    0    |    21   |
|          |     add_ln58_181_fu_1972    |    0    |    0    |    25   |
|          |     add_ln58_191_fu_1985    |    0    |    0    |    21   |
|          |     add_ln58_192_fu_1991    |    0    |    0    |    21   |
|    add   |     add_ln58_196_fu_2001    |    0    |    0    |    21   |
|          |     add_ln58_197_fu_2007    |    0    |    0    |    21   |
|          |     add_ln58_198_fu_2013    |    0    |    0    |    21   |
|          |     add_ln58_200_fu_2022    |    0    |    0    |    27   |
|          |     add_ln58_201_fu_2032    |    0    |    0    |    21   |
|          |     add_ln58_211_fu_2038    |    0    |    0    |    21   |
|          |     add_ln58_214_fu_2047    |    0    |    0    |    22   |
|          |     add_ln58_230_fu_2053    |    0    |    0    |    25   |
|          |     add_ln58_237_fu_2059    |    0    |    0    |    26   |
|          |     add_ln58_202_fu_2128    |    0    |    0    |    28   |
|          |     add_ln58_203_fu_2134    |    0    |    0    |    20   |
|          |     add_ln58_204_fu_2140    |    0    |    0    |    21   |
|          |     add_ln58_223_fu_2150    |    0    |    0    |    28   |
|          |     add_ln58_224_fu_2160    |    0    |    0    |    21   |
|          |     add_ln58_228_fu_2169    |    0    |    0    |    22   |
|          |     add_ln58_229_fu_2175    |    0    |    0    |    21   |
|          |     add_ln58_231_fu_2184    |    0    |    0    |    27   |
|          |     add_ln58_232_fu_2194    |    0    |    0    |    22   |
|          |     add_ln58_238_fu_2203    |    0    |    0    |    27   |
|          |     add_ln58_215_fu_2282    |    0    |    0    |    21   |
|          |     add_ln58_216_fu_2288    |    0    |    0    |    26   |
|          |     add_ln58_217_fu_2297    |    0    |    0    |    22   |
|          |     add_ln58_218_fu_2307    |    0    |    0    |    21   |
|          |     add_ln58_219_fu_2313    |    0    |    0    |    27   |
|          |     add_ln58_220_fu_2323    |    0    |    0    |    22   |
|          |     add_ln58_221_fu_2333    |    0    |    0    |    27   |
|          |     add_ln58_222_fu_2343    |    0    |    0    |    28   |
|          |     add_ln58_233_fu_2359    |    0    |    0    |    22   |
|          |     add_ln58_234_fu_2365    |    0    |    0    |    28   |
|          |     add_ln58_235_fu_2375    |    0    |    0    |    23   |
|          |     add_ln58_236_fu_2385    |    0    |    0    |    21   |
|          |     add_ln58_239_fu_2394    |    0    |    0    |    22   |
|          |     add_ln58_240_fu_2404    |    0    |    0    |    29   |
|----------|-----------------------------|---------|---------|---------|
|          |     sub_ln73_695_fu_1539    |    0    |    0    |    16   |
|          |     sub_ln73_696_fu_1545    |    0    |    0    |    16   |
|          |     sub_ln73_697_fu_1565    |    0    |    0    |    20   |
|    sub   |       sub_ln73_fu_1684      |    0    |    0    |    16   |
|          |     sub_ln73_699_fu_1930    |    0    |    0    |    23   |
|          |     sub_ln73_700_fu_2110    |    0    |    0    |    26   |
|          |     sub_ln73_698_fu_2235    |    0    |    0    |    27   |
|----------|-----------------------------|---------|---------|---------|
|          |          grp_fu_246         |    1    |    0    |    6    |
|          |          grp_fu_247         |    1    |    0    |    6    |
|          |          grp_fu_248         |    1    |    0    |    6    |
|    mul   |          grp_fu_249         |    1    |    0    |    6    |
|          |          grp_fu_250         |    1    |    0    |    5    |
|          |          grp_fu_251         |    1    |    0    |    6    |
|          |          grp_fu_252         |    1    |    0    |    6    |
|          |          grp_fu_253         |    1    |    0    |    6    |
|----------|-----------------------------|---------|---------|---------|
|          | data_1_val_read_read_fu_198 |    0    |    0    |    0    |
|          | data_0_val_read_read_fu_204 |    0    |    0    |    0    |
|          | data_4_val_read_read_fu_210 |    0    |    0    |    0    |
|   read   | data_3_val_read_read_fu_216 |    0    |    0    |    0    |
|          | data_2_val_read_read_fu_222 |    0    |    0    |    0    |
|          | data_7_val_read_read_fu_228 |    0    |    0    |    0    |
|          | data_6_val_read_read_fu_234 |    0    |    0    |    0    |
|          | data_5_val_read_read_fu_240 |    0    |    0    |    0    |
|----------|-----------------------------|---------|---------|---------|
|          |     sext_ln73_16_fu_1446    |    0    |    0    |    0    |
|          |     sext_ln73_18_fu_1451    |    0    |    0    |    0    |
|          |     sext_ln73_19_fu_1458    |    0    |    0    |    0    |
|          |     sext_ln73_23_fu_1463    |    0    |    0    |    0    |
|          |     sext_ln73_28_fu_1470    |    0    |    0    |    0    |
|          |     sext_ln73_29_fu_1474    |    0    |    0    |    0    |
|          |     sext_ln73_31_fu_1478    |    0    |    0    |    0    |
|          |     sext_ln73_35_fu_1483    |    0    |    0    |    0    |
|          |     sext_ln73_37_fu_1488    |    0    |    0    |    0    |
|          |     sext_ln73_38_fu_1493    |    0    |    0    |    0    |
|          |     sext_ln73_42_fu_1498    |    0    |    0    |    0    |
|          |     sext_ln73_43_fu_1504    |    0    |    0    |    0    |
|          |     sext_ln73_22_fu_1525    |    0    |    0    |    0    |
|          |    sext_ln73_1185_fu_1535   |    0    |    0    |    0    |
|          |     sext_ln73_36_fu_1551    |    0    |    0    |    0    |
|          |    sext_ln73_1186_fu_1561   |    0    |    0    |    0    |
|          |     sext_ln73_41_fu_1571    |    0    |    0    |    0    |
|          |     sext_ln73_46_fu_1575    |    0    |    0    |    0    |
|          |     sext_ln73_48_fu_1580    |    0    |    0    |    0    |
|          |     sext_ln73_53_fu_1585    |    0    |    0    |    0    |
|          |     sext_ln73_55_fu_1590    |    0    |    0    |    0    |
|          |     sext_ln73_62_fu_1596    |    0    |    0    |    0    |
|          |     sext_ln73_65_fu_1601    |    0    |    0    |    0    |
|          |     sext_ln58_23_fu_1612    |    0    |    0    |    0    |
|          |     sext_ln58_11_fu_1616    |    0    |    0    |    0    |
|          |     sext_ln58_13_fu_1625    |    0    |    0    |    0    |
|          |     sext_ln58_33_fu_1641    |    0    |    0    |    0    |
|          |      sext_ln73_fu_1657      |    0    |    0    |    0    |
|          |    sext_ln73_1183_fu_1669   |    0    |    0    |    0    |
|          |    sext_ln73_1184_fu_1680   |    0    |    0    |    0    |
|          |     sext_ln73_20_fu_1690    |    0    |    0    |    0    |
|          |     sext_ln73_21_fu_1694    |    0    |    0    |    0    |
|          |     sext_ln73_24_fu_1698    |    0    |    0    |    0    |
|          |     sext_ln73_25_fu_1702    |    0    |    0    |    0    |
|          |     sext_ln73_30_fu_1705    |    0    |    0    |    0    |
|          |     sext_ln73_32_fu_1709    |    0    |    0    |    0    |
|          |     sext_ln73_33_fu_1713    |    0    |    0    |    0    |
|          |     sext_ln73_40_fu_1717    |    0    |    0    |    0    |
|          |     sext_ln70_33_fu_1720    |    0    |    0    |    0    |
|          |     sext_ln73_64_fu_1724    |    0    |    0    |    0    |
|          |     sext_ln58_5_fu_1734     |    0    |    0    |    0    |
|          |     sext_ln58_31_fu_1766    |    0    |    0    |    0    |
|          |     sext_ln58_34_fu_1781    |    0    |    0    |    0    |
|          |     sext_ln58_36_fu_1797    |    0    |    0    |    0    |
|          |     sext_ln58_42_fu_1807    |    0    |    0    |    0    |
|          |     sext_ln58_43_fu_1816    |    0    |    0    |    0    |
|          |     sext_ln73_27_fu_1826    |    0    |    0    |    0    |
|          |     sext_ln58_6_fu_1836     |    0    |    0    |    0    |
|          |     sext_ln58_7_fu_1840     |    0    |    0    |    0    |
|          |     sext_ln58_8_fu_1843     |    0    |    0    |    0    |
|          |     sext_ln58_35_fu_1886    |    0    |    0    |    0    |
|          |     sext_ln73_34_fu_1895    |    0    |    0    |    0    |
|          |      sext_ln70_fu_1899      |    0    |    0    |    0    |
|   sext   |     sext_ln73_47_fu_1903    |    0    |    0    |    0    |
|          |    sext_ln73_1189_fu_1915   |    0    |    0    |    0    |
|          |    sext_ln73_1190_fu_1926   |    0    |    0    |    0    |
|          |     sext_ln73_51_fu_1936    |    0    |    0    |    0    |
|          |    sext_ln73_1191_fu_1947   |    0    |    0    |    0    |
|          |    sext_ln73_1192_fu_1958   |    0    |    0    |    0    |
|          |     sext_ln73_58_fu_1968    |    0    |    0    |    0    |
|          |     sext_ln58_10_fu_1982    |    0    |    0    |    0    |
|          |     sext_ln58_14_fu_1997    |    0    |    0    |    0    |
|          |     sext_ln58_32_fu_2028    |    0    |    0    |    0    |
|          |     sext_ln58_37_fu_2044    |    0    |    0    |    0    |
|          |     sext_ln73_39_fu_2065    |    0    |    0    |    0    |
|          |     sext_ln73_44_fu_2069    |    0    |    0    |    0    |
|          |     sext_ln73_54_fu_2073    |    0    |    0    |    0    |
|          |     sext_ln73_61_fu_2078    |    0    |    0    |    0    |
|          |     sext_ln73_63_fu_2082    |    0    |    0    |    0    |
|          |    sext_ln73_1193_fu_2095   |    0    |    0    |    0    |
|          |    sext_ln73_1194_fu_2106   |    0    |    0    |    0    |
|          |     sext_ln58_9_fu_2116     |    0    |    0    |    0    |
|          |     sext_ln58_12_fu_2119    |    0    |    0    |    0    |
|          |     sext_ln58_15_fu_2122    |    0    |    0    |    0    |
|          |     sext_ln58_16_fu_2125    |    0    |    0    |    0    |
|          |     sext_ln58_41_fu_2156    |    0    |    0    |    0    |
|          |     sext_ln58_44_fu_2166    |    0    |    0    |    0    |
|          |     sext_ln58_45_fu_2181    |    0    |    0    |    0    |
|          |     sext_ln58_46_fu_2190    |    0    |    0    |    0    |
|          |     sext_ln58_48_fu_2200    |    0    |    0    |    0    |
|          |     sext_ln73_49_fu_2209    |    0    |    0    |    0    |
|          |    sext_ln73_1187_fu_2220   |    0    |    0    |    0    |
|          |    sext_ln73_1188_fu_2231   |    0    |    0    |    0    |
|          |     sext_ln73_50_fu_2241    |    0    |    0    |    0    |
|          |     sext_ln73_56_fu_2245    |    0    |    0    |    0    |
|          |     sext_ln73_57_fu_2249    |    0    |    0    |    0    |
|          |     sext_ln73_66_fu_2253    |    0    |    0    |    0    |
|          |     sext_ln73_67_fu_2256    |    0    |    0    |    0    |
|          |      sext_ln58_fu_2260      |    0    |    0    |    0    |
|          |     sext_ln58_17_fu_2264    |    0    |    0    |    0    |
|          |     sext_ln58_18_fu_2267    |    0    |    0    |    0    |
|          |     sext_ln58_19_fu_2270    |    0    |    0    |    0    |
|          |     sext_ln58_20_fu_2273    |    0    |    0    |    0    |
|          |     sext_ln58_21_fu_2276    |    0    |    0    |    0    |
|          |     sext_ln58_22_fu_2279    |    0    |    0    |    0    |
|          |     sext_ln58_38_fu_2293    |    0    |    0    |    0    |
|          |     sext_ln58_24_fu_2303    |    0    |    0    |    0    |
|          |     sext_ln58_39_fu_2319    |    0    |    0    |    0    |
|          |     sext_ln58_25_fu_2329    |    0    |    0    |    0    |
|          |     sext_ln58_40_fu_2339    |    0    |    0    |    0    |
|          |     sext_ln58_26_fu_2349    |    0    |    0    |    0    |
|          |     sext_ln58_27_fu_2353    |    0    |    0    |    0    |
|          |     sext_ln58_28_fu_2356    |    0    |    0    |    0    |
|          |     sext_ln58_47_fu_2371    |    0    |    0    |    0    |
|          |     sext_ln58_29_fu_2381    |    0    |    0    |    0    |
|          |     sext_ln58_49_fu_2391    |    0    |    0    |    0    |
|          |     sext_ln58_30_fu_2400    |    0    |    0    |    0    |
|          |      sext_ln68_fu_2410      |    0    |    0    |    0    |
|----------|-----------------------------|---------|---------|---------|
|          |      zext_ln58_fu_1515      |    0    |    0    |    0    |
|          |     zext_ln58_2_fu_1750     |    0    |    0    |    0    |
|   zext   |     zext_ln58_3_fu_1852     |    0    |    0    |    0    |
|          |     zext_ln58_1_fu_1978     |    0    |    0    |    0    |
|          |     zext_ln58_4_fu_2019     |    0    |    0    |    0    |
|----------|-----------------------------|---------|---------|---------|
|          |       tmp_842_fu_1528       |    0    |    0    |    0    |
|          |       tmp_843_fu_1554       |    0    |    0    |    0    |
|          |         tmp_fu_1662         |    0    |    0    |    0    |
|          |       tmp_841_fu_1673       |    0    |    0    |    0    |
|          |       tmp_846_fu_1908       |    0    |    0    |    0    |
|bitconcatenate|       tmp_847_fu_1919       |    0    |    0    |    0    |
|          |       tmp_848_fu_1940       |    0    |    0    |    0    |
|          |       tmp_849_fu_1951       |    0    |    0    |    0    |
|          |       tmp_850_fu_2088       |    0    |    0    |    0    |
|          |       tmp_851_fu_2099       |    0    |    0    |    0    |
|          |       tmp_844_fu_2213       |    0    |    0    |    0    |
|          |       tmp_845_fu_2224       |    0    |    0    |    0    |
|----------|-----------------------------|---------|---------|---------|
|   trunc  |      trunc_ln58_fu_2146     |    0    |    0    |    0    |
|----------|-----------------------------|---------|---------|---------|
|          |         mrv_fu_2414         |    0    |    0    |    0    |
|          |        mrv_1_fu_2420        |    0    |    0    |    0    |
|          |        mrv_2_fu_2426        |    0    |    0    |    0    |
|insertvalue|        mrv_3_fu_2432        |    0    |    0    |    0    |
|          |        mrv_4_fu_2438        |    0    |    0    |    0    |
|          |        mrv_5_fu_2444        |    0    |    0    |    0    |
|          |        mrv_6_fu_2450        |    0    |    0    |    0    |
|          |        mrv_7_fu_2456        |    0    |    0    |    0    |
|----------|-----------------------------|---------|---------|---------|
|   Total  |                             |    8    |    0    |   1768  |
|----------|-----------------------------|---------|---------|---------|

Memories:
N/A

* Register list:
+------------------------+--------+
|                        |   FF   |
+------------------------+--------+
|  add_ln58_182_reg_2599 |   19   |
|  add_ln58_184_reg_2604 |   20   |
|  add_ln58_186_reg_2629 |   21   |
|  add_ln58_187_reg_2634 |   20   |
|  add_ln58_188_reg_2528 |   20   |
|  add_ln58_189_reg_2639 |   20   |
|  add_ln58_194_reg_2579 |   19   |
|  add_ln58_195_reg_2609 |   20   |
|  add_ln58_197_reg_2654 |   21   |
|  add_ln58_199_reg_2644 |   18   |
|  add_ln58_201_reg_2659 |   21   |
|  add_ln58_202_reg_2684 |   21   |
|  add_ln58_204_reg_2689 |   21   |
|  add_ln58_206_reg_2584 |   22   |
|  add_ln58_209_reg_2614 |   20   |
|  add_ln58_210_reg_2649 |   21   |
|  add_ln58_213_reg_2619 |   21   |
|  add_ln58_214_reg_2664 |   22   |
|  add_ln58_225_reg_2589 |   20   |
|  add_ln58_227_reg_2624 |   21   |
|  add_ln58_228_reg_2699 |   22   |
|  add_ln58_230_reg_2669 |   18   |
|  add_ln58_232_reg_2704 |   22   |
|  add_ln58_237_reg_2674 |   19   |
|  add_ln58_238_reg_2709 |   20   |
|data_0_val_read_reg_2472|   10   |
|data_1_val_read_reg_2462|   10   |
|data_2_val_read_reg_2490|   10   |
|data_3_val_read_reg_2484|   10   |
|data_4_val_read_reg_2479|   10   |
|data_5_val_read_reg_2548|   10   |
|data_6_val_read_reg_2541|   10   |
|data_7_val_read_reg_2533|   10   |
|    mul_ln70_reg_558    |   18   |
|   mul_ln73_35_reg_566  |   19   |
|   mul_ln73_38_reg_660  |   18   |
|         reg_542        |   18   |
|         reg_546        |   21   |
|         reg_550        |   21   |
|         reg_554        |   21   |
|         reg_562        |   20   |
|         reg_570        |   21   |
|         reg_664        |   21   |
|         reg_668        |   21   |
|         reg_672        |   21   |
|         reg_676        |   21   |
|         reg_680        |   21   |
|         reg_805        |   20   |
|         reg_927        |   21   |
|         reg_932        |   21   |
|  sext_ln73_30_reg_2594 |   20   |
|  sext_ln73_31_reg_2496 |   21   |
|  sext_ln73_35_reg_2504 |   21   |
|  sext_ln73_37_reg_2510 |   20   |
|  sext_ln73_42_reg_2516 |   20   |
|  sext_ln73_43_reg_2521 |   21   |
|  sext_ln73_48_reg_2567 |   21   |
|  sext_ln73_55_reg_2573 |   19   |
|  sub_ln73_696_reg_2557 |   16   |
|  sub_ln73_697_reg_2562 |   14   |
|  sub_ln73_700_reg_2679 |   20   |
|   trunc_ln58_reg_2694  |   19   |
+------------------------+--------+
|          Total         |  1165  |
+------------------------+--------+

* Multiplexer (MUX) list: 
|------------|------|------|------|--------||---------||---------||---------|
|    Comp    |  Pin | Size |  BW  | S x BW ||  Delay  ||    FF   ||   LUT   |
|------------|------|------|------|--------||---------||---------||---------|
| grp_fu_246 |  p0  |   7  |  10  |   70   ||    0    ||    37   |
| grp_fu_246 |  p1  |   7  |  11  |   77   ||    0    ||    14   |
| grp_fu_247 |  p0  |   7  |  10  |   70   ||    0    ||    37   |
| grp_fu_247 |  p1  |   7  |  11  |   77   ||    0    ||    14   |
| grp_fu_248 |  p0  |   7  |  10  |   70   ||    0    ||    37   |
| grp_fu_248 |  p1  |   7  |  11  |   77   ||    0    ||    14   |
| grp_fu_249 |  p0  |   7  |  10  |   70   ||    0    ||    37   |
| grp_fu_249 |  p1  |   7  |  11  |   77   ||    0    ||    14   |
| grp_fu_250 |  p0  |   7  |  10  |   70   ||    0    ||    37   |
| grp_fu_250 |  p1  |   7  |  12  |   84   ||    0    ||    14   |
| grp_fu_251 |  p0  |   7  |  10  |   70   ||    0    ||    37   |
| grp_fu_251 |  p1  |   7  |  11  |   77   ||    0    ||    14   |
| grp_fu_252 |  p0  |   7  |  10  |   70   ||    0    ||    37   |
| grp_fu_252 |  p1  |   7  |  11  |   77   ||    0    ||    14   |
| grp_fu_253 |  p0  |   7  |  10  |   70   ||    0    ||    37   |
| grp_fu_253 |  p1  |   7  |  11  |   77   ||    0    ||    14   |
|   reg_562  |  p0  |   2  |  20  |   40   ||    0    ||    9    |
|   reg_668  |  p0  |   2  |  21  |   42   ||    0    ||    9    |
|------------|------|------|------|--------||---------||---------||---------|
|    Total   |      |      |      |  1265  || 13.7297 ||    0    ||   426   |
|------------|------|------|------|--------||---------||---------||---------|



* Summary:
+-----------+--------+--------+--------+--------+
|           |   DSP  |  Delay |   FF   |   LUT  |
+-----------+--------+--------+--------+--------+
|  Function |    8   |    -   |    0   |  1768  |
|   Memory  |    -   |    -   |    -   |    -   |
|Multiplexer|    -   |   13   |    0   |   426  |
|  Register |    -   |    -   |  1165  |    -   |
+-----------+--------+--------+--------+--------+
|   Total   |    8   |   13   |  1165  |  2194  |
+-----------+--------+--------+--------+--------+
