

================================================================
== Vitis HLS Report for 'dense_resource_rf_leq_nin_ap_fixed_ap_fixed_12_6_5_3_0_config9_mult_s'
================================================================
* Date:           Wed Apr 22 16:01:57 2026

* Version:        2023.2 (Build 4023990 on Oct 11 2023)
* Project:        folo_prj
* Solution:       solution1 (Vivado IP Flow Target)
* Product family: kintexu
* Target device:  xcku035-fbva676-2-e


================================================================
== Performance Estimates
================================================================
+ Timing: 
    * Summary: 
    +--------+---------+----------+------------+
    |  Clock |  Target | Estimated| Uncertainty|
    +--------+---------+----------+------------+
    |ap_clk  |  5.00 ns|  3.434 ns|     1.35 ns|
    +--------+---------+----------+------------+

+ Latency: 
    * Summary: 
    +---------+---------+----------+----------+-----+-----+------------------------------------------+
    |  Latency (cycles) |  Latency (absolute) |  Interval |                 Pipeline                 |
    |   min   |   max   |    min   |    max   | min | max |                   Type                   |
    +---------+---------+----------+----------+-----+-----+------------------------------------------+
    |       20|       21|  0.100 us|  0.105 us|   18|   18|  loop rewind stp(delay=0 clock cycles(s))|
    +---------+---------+----------+----------+-----+-----+------------------------------------------+

    + Detail: 
        * Instance: 
        N/A

        * Loop: 
        +-------------+---------+---------+----------+-----------+-----------+------+----------+
        |             |  Latency (cycles) | Iteration|  Initiation Interval  | Trip |          |
        |  Loop Name  |   min   |   max   |  Latency |  achieved |   target  | Count| Pipelined|
        +-------------+---------+---------+----------+-----------+-----------+------+----------+
        |- ReuseLoop  |       20|       20|         4|          1|          1|    18|       yes|
        +-------------+---------+---------+----------+-----------+-----------+------+----------+

============================================================
+ Verbose Summary: Synthesis Manager
============================================================
InlineROM: 1
ExposeGlobal: 0
============================================================
+ Verbose Summary: CDFG Model
============================================================
IsTopModel: 0
ResetActiveHigh: 1
IsCombinational: 0
IsDatapathOnly: 0
HasWiredReturn: 1
HasMFsm: 2
HasVarLatency: 1
IsPipeline: 0
IsRtlPipelined: 0
IsInstanceOverlapped: 0
IsDontTouch: 0
HasImplIP: 0
IsGatedGlobalClock: 0

+ Individual pipeline summary: 
  * Pipeline-0: initiation interval (II) = 1, depth = 4


============================================================
+ Verbose Summary: Schedule
============================================================
* Number of FSM states : 4
* Pipeline : 1
  Pipeline-0 : II = 1, D = 4, States = { 1 2 3 4 }
* Dataflow Pipeline: 0

* FSM state transitions: 
1 --> 2 
2 --> 3 
3 --> 4 
4 --> 

* FSM state operations: 

State 1 <SV = 0> <Delay = 2.30>
ST_1 : Operation 6 [1/1] (0.53ns)   --->   "%br_ln46 = br void %rewind_header" [firmware/nnet_utils/nnet_dense_resource.h:46]   --->   Operation 6 'br' 'br_ln46' <Predicate = true> <Delay = 0.53>
ST_1 : Operation 7 [1/1] (0.00ns)   --->   "%do_init = phi i1 1, void %entry, i1 0, void %MultLoop.split.i, i1 1, void %dense_resource_rf_leq_nin<ap_fixed<12, 6, 5, 3, 0>, ap_fixed<12, 6, 5, 3, 0>, config9_mult>.exit"   --->   Operation 7 'phi' 'do_init' <Predicate = true> <Delay = 0.00>
ST_1 : Operation 8 [1/1] (0.00ns)   --->   "%w_index3 = phi i5 0, void %entry, i5 %w_index, void %MultLoop.split.i, i5 0, void %dense_resource_rf_leq_nin<ap_fixed<12, 6, 5, 3, 0>, ap_fixed<12, 6, 5, 3, 0>, config9_mult>.exit"   --->   Operation 8 'phi' 'w_index3' <Predicate = true> <Delay = 0.00>
ST_1 : Operation 9 [1/1] (0.00ns)   --->   "%specmemcore_ln0 = specmemcore void @_ssdm_op_SpecMemCore, i138 %w9, i64 666, i64 38, i64 18446744073709551615"   --->   Operation 9 'specmemcore' 'specmemcore_ln0' <Predicate = (do_init)> <Delay = 0.00>
ST_1 : Operation 10 [1/1] (0.00ns)   --->   "%void_compute_output_buffer_2d_array_const_ap_shift_reg_n_chan_stream_weig_97 = load i12 %void_compute_output_buffer_2d_array_const_ap_shift_reg_n_chan_stream_weig_39"   --->   Operation 10 'load' 'void_compute_output_buffer_2d_array_const_ap_shift_reg_n_chan_stream_weig_97' <Predicate = (do_init)> <Delay = 0.00>
ST_1 : Operation 11 [1/1] (0.00ns)   --->   "%void_compute_output_buffer_2d_array_const_ap_shift_reg_n_chan_stream_weig_98 = load i12 %void_compute_output_buffer_2d_array_const_ap_shift_reg_n_chan_stream_weig_38"   --->   Operation 11 'load' 'void_compute_output_buffer_2d_array_const_ap_shift_reg_n_chan_stream_weig_98' <Predicate = (do_init)> <Delay = 0.00>
ST_1 : Operation 12 [1/1] (0.00ns)   --->   "%void_compute_output_buffer_2d_array_const_ap_shift_reg_n_chan_stream_weig_99 = load i12 %void_compute_output_buffer_2d_array_const_ap_shift_reg_n_chan_stream_weig_37"   --->   Operation 12 'load' 'void_compute_output_buffer_2d_array_const_ap_shift_reg_n_chan_stream_weig_99' <Predicate = (do_init)> <Delay = 0.00>
ST_1 : Operation 13 [1/1] (0.00ns)   --->   "%void_compute_output_buffer_2d_array_const_ap_shift_reg_n_chan_stream_weig_100 = load i12 %void_compute_output_buffer_2d_array_const_ap_shift_reg_n_chan_stream_weig_36"   --->   Operation 13 'load' 'void_compute_output_buffer_2d_array_const_ap_shift_reg_n_chan_stream_weig_100' <Predicate = (do_init)> <Delay = 0.00>
ST_1 : Operation 14 [1/1] (0.00ns)   --->   "%void_compute_output_buffer_2d_array_const_ap_shift_reg_n_chan_stream_weig_101 = load i12 %void_compute_output_buffer_2d_array_const_ap_shift_reg_n_chan_stream_weig_35"   --->   Operation 14 'load' 'void_compute_output_buffer_2d_array_const_ap_shift_reg_n_chan_stream_weig_101' <Predicate = (do_init)> <Delay = 0.00>
ST_1 : Operation 15 [1/1] (0.00ns)   --->   "%void_compute_output_buffer_2d_array_const_ap_shift_reg_n_chan_stream_weig_102 = load i12 %void_compute_output_buffer_2d_array_const_ap_shift_reg_n_chan_stream_weig_34"   --->   Operation 15 'load' 'void_compute_output_buffer_2d_array_const_ap_shift_reg_n_chan_stream_weig_102' <Predicate = (do_init)> <Delay = 0.00>
ST_1 : Operation 16 [1/1] (0.00ns)   --->   "%void_compute_output_buffer_2d_array_const_ap_shift_reg_n_chan_stream_weig_103 = load i12 %void_compute_output_buffer_2d_array_const_ap_shift_reg_n_chan_stream_weig_33"   --->   Operation 16 'load' 'void_compute_output_buffer_2d_array_const_ap_shift_reg_n_chan_stream_weig_103' <Predicate = (do_init)> <Delay = 0.00>
ST_1 : Operation 17 [1/1] (0.00ns)   --->   "%void_compute_output_buffer_2d_array_const_ap_shift_reg_n_chan_stream_weig_104 = load i12 %void_compute_output_buffer_2d_array_const_ap_shift_reg_n_chan_stream_weig_32"   --->   Operation 17 'load' 'void_compute_output_buffer_2d_array_const_ap_shift_reg_n_chan_stream_weig_104' <Predicate = (do_init)> <Delay = 0.00>
ST_1 : Operation 18 [1/1] (0.00ns)   --->   "%void_compute_output_buffer_2d_array_const_ap_shift_reg_n_chan_stream_weig_105 = load i12 %void_compute_output_buffer_2d_array_const_ap_shift_reg_n_chan_stream_weig_31"   --->   Operation 18 'load' 'void_compute_output_buffer_2d_array_const_ap_shift_reg_n_chan_stream_weig_105' <Predicate = (do_init)> <Delay = 0.00>
ST_1 : Operation 19 [1/1] (0.00ns)   --->   "%void_compute_output_buffer_2d_array_const_ap_shift_reg_n_chan_stream_weig_106 = load i12 %void_compute_output_buffer_2d_array_const_ap_shift_reg_n_chan_stream_weig_30"   --->   Operation 19 'load' 'void_compute_output_buffer_2d_array_const_ap_shift_reg_n_chan_stream_weig_106' <Predicate = (do_init)> <Delay = 0.00>
ST_1 : Operation 20 [1/1] (0.00ns)   --->   "%p_ZZN4nnet24compute_output_buffer_2dINS_5arrayI8ap_fixedILi12ELi6EL9ap_q_mode5EL9_475 = load i12 %p_ZZN4nnet24compute_output_buffer_2dINS_5arrayI8ap_fixedILi12ELi6EL9ap_q_mode5EL9_201"   --->   Operation 20 'load' 'p_ZZN4nnet24compute_output_buffer_2dINS_5arrayI8ap_fixedILi12ELi6EL9ap_q_mode5EL9_475' <Predicate = (do_init)> <Delay = 0.00>
ST_1 : Operation 21 [1/1] (0.00ns)   --->   "%p_ZZN4nnet24compute_output_buffer_2dINS_5arrayI8ap_fixedILi12ELi6EL9ap_q_mode5EL9_476 = load i12 %p_ZZN4nnet24compute_output_buffer_2dINS_5arrayI8ap_fixedILi12ELi6EL9ap_q_mode5EL9_202"   --->   Operation 21 'load' 'p_ZZN4nnet24compute_output_buffer_2dINS_5arrayI8ap_fixedILi12ELi6EL9ap_q_mode5EL9_476' <Predicate = (do_init)> <Delay = 0.00>
ST_1 : Operation 22 [1/1] (0.00ns)   --->   "%p_ZZN4nnet24compute_output_buffer_2dINS_5arrayI8ap_fixedILi12ELi6EL9ap_q_mode5EL9_477 = load i12 %p_ZZN4nnet24compute_output_buffer_2dINS_5arrayI8ap_fixedILi12ELi6EL9ap_q_mode5EL9_203"   --->   Operation 22 'load' 'p_ZZN4nnet24compute_output_buffer_2dINS_5arrayI8ap_fixedILi12ELi6EL9ap_q_mode5EL9_477' <Predicate = (do_init)> <Delay = 0.00>
ST_1 : Operation 23 [1/1] (0.00ns)   --->   "%p_ZZN4nnet24compute_output_buffer_2dINS_5arrayI8ap_fixedILi12ELi6EL9ap_q_mode5EL9_478 = load i12 %p_ZZN4nnet24compute_output_buffer_2dINS_5arrayI8ap_fixedILi12ELi6EL9ap_q_mode5EL9_204"   --->   Operation 23 'load' 'p_ZZN4nnet24compute_output_buffer_2dINS_5arrayI8ap_fixedILi12ELi6EL9ap_q_mode5EL9_478' <Predicate = (do_init)> <Delay = 0.00>
ST_1 : Operation 24 [1/1] (0.00ns)   --->   "%p_ZZN4nnet24compute_output_buffer_2dINS_5arrayI8ap_fixedILi12ELi6EL9ap_q_mode5EL9_479 = load i12 %p_ZZN4nnet24compute_output_buffer_2dINS_5arrayI8ap_fixedILi12ELi6EL9ap_q_mode5EL9_205"   --->   Operation 24 'load' 'p_ZZN4nnet24compute_output_buffer_2dINS_5arrayI8ap_fixedILi12ELi6EL9ap_q_mode5EL9_479' <Predicate = (do_init)> <Delay = 0.00>
ST_1 : Operation 25 [1/1] (0.00ns)   --->   "%p_ZZN4nnet24compute_output_buffer_2dINS_5arrayI8ap_fixedILi12ELi6EL9ap_q_mode5EL9_480 = load i12 %p_ZZN4nnet24compute_output_buffer_2dINS_5arrayI8ap_fixedILi12ELi6EL9ap_q_mode5EL9_206"   --->   Operation 25 'load' 'p_ZZN4nnet24compute_output_buffer_2dINS_5arrayI8ap_fixedILi12ELi6EL9ap_q_mode5EL9_480' <Predicate = (do_init)> <Delay = 0.00>
ST_1 : Operation 26 [1/1] (0.00ns)   --->   "%p_ZZN4nnet24compute_output_buffer_2dINS_5arrayI8ap_fixedILi12ELi6EL9ap_q_mode5EL9_481 = load i12 %p_ZZN4nnet24compute_output_buffer_2dINS_5arrayI8ap_fixedILi12ELi6EL9ap_q_mode5EL9_207"   --->   Operation 26 'load' 'p_ZZN4nnet24compute_output_buffer_2dINS_5arrayI8ap_fixedILi12ELi6EL9ap_q_mode5EL9_481' <Predicate = (do_init)> <Delay = 0.00>
ST_1 : Operation 27 [1/1] (0.00ns)   --->   "%p_ZZN4nnet24compute_output_buffer_2dINS_5arrayI8ap_fixedILi12ELi6EL9ap_q_mode5EL9_482 = load i12 %p_ZZN4nnet24compute_output_buffer_2dINS_5arrayI8ap_fixedILi12ELi6EL9ap_q_mode5EL9_208"   --->   Operation 27 'load' 'p_ZZN4nnet24compute_output_buffer_2dINS_5arrayI8ap_fixedILi12ELi6EL9ap_q_mode5EL9_482' <Predicate = (do_init)> <Delay = 0.00>
ST_1 : Operation 28 [1/1] (0.00ns)   --->   "%p_ZZN4nnet24compute_output_buffer_2dINS_5arrayI8ap_fixedILi12ELi6EL9ap_q_mode5EL9_483 = load i12 %p_ZZN4nnet24compute_output_buffer_2dINS_5arrayI8ap_fixedILi12ELi6EL9ap_q_mode5EL9_209"   --->   Operation 28 'load' 'p_ZZN4nnet24compute_output_buffer_2dINS_5arrayI8ap_fixedILi12ELi6EL9ap_q_mode5EL9_483' <Predicate = (do_init)> <Delay = 0.00>
ST_1 : Operation 29 [1/1] (0.00ns)   --->   "%p_ZZN4nnet24compute_output_buffer_2dINS_5arrayI8ap_fixedILi12ELi6EL9ap_q_mode5EL9_484 = load i12 %p_ZZN4nnet24compute_output_buffer_2dINS_5arrayI8ap_fixedILi12ELi6EL9ap_q_mode5EL9_210"   --->   Operation 29 'load' 'p_ZZN4nnet24compute_output_buffer_2dINS_5arrayI8ap_fixedILi12ELi6EL9ap_q_mode5EL9_484' <Predicate = (do_init)> <Delay = 0.00>
ST_1 : Operation 30 [1/1] (0.00ns)   --->   "%p_ZZN4nnet24compute_output_buffer_2dINS_5arrayI8ap_fixedILi12ELi6EL9ap_q_mode5EL9_485 = load i12 %p_ZZN4nnet24compute_output_buffer_2dINS_5arrayI8ap_fixedILi12ELi6EL9ap_q_mode5EL9_211"   --->   Operation 30 'load' 'p_ZZN4nnet24compute_output_buffer_2dINS_5arrayI8ap_fixedILi12ELi6EL9ap_q_mode5EL9_485' <Predicate = (do_init)> <Delay = 0.00>
ST_1 : Operation 31 [1/1] (0.00ns)   --->   "%p_ZZN4nnet24compute_output_buffer_2dINS_5arrayI8ap_fixedILi12ELi6EL9ap_q_mode5EL9_486 = load i12 %p_ZZN4nnet24compute_output_buffer_2dINS_5arrayI8ap_fixedILi12ELi6EL9ap_q_mode5EL9_212"   --->   Operation 31 'load' 'p_ZZN4nnet24compute_output_buffer_2dINS_5arrayI8ap_fixedILi12ELi6EL9ap_q_mode5EL9_486' <Predicate = (do_init)> <Delay = 0.00>
ST_1 : Operation 32 [1/1] (0.00ns)   --->   "%p_ZZN4nnet24compute_output_buffer_2dINS_5arrayI8ap_fixedILi12ELi6EL9ap_q_mode5EL9_487 = load i12 %p_ZZN4nnet24compute_output_buffer_2dINS_5arrayI8ap_fixedILi12ELi6EL9ap_q_mode5EL9_213"   --->   Operation 32 'load' 'p_ZZN4nnet24compute_output_buffer_2dINS_5arrayI8ap_fixedILi12ELi6EL9ap_q_mode5EL9_487' <Predicate = (do_init)> <Delay = 0.00>
ST_1 : Operation 33 [1/1] (0.00ns)   --->   "%p_ZZN4nnet24compute_output_buffer_2dINS_5arrayI8ap_fixedILi12ELi6EL9ap_q_mode5EL9_488 = load i12 %p_ZZN4nnet24compute_output_buffer_2dINS_5arrayI8ap_fixedILi12ELi6EL9ap_q_mode5EL9_214"   --->   Operation 33 'load' 'p_ZZN4nnet24compute_output_buffer_2dINS_5arrayI8ap_fixedILi12ELi6EL9ap_q_mode5EL9_488' <Predicate = (do_init)> <Delay = 0.00>
ST_1 : Operation 34 [1/1] (0.00ns)   --->   "%p_ZZN4nnet24compute_output_buffer_2dINS_5arrayI8ap_fixedILi12ELi6EL9ap_q_mode5EL9_489 = load i12 %p_ZZN4nnet24compute_output_buffer_2dINS_5arrayI8ap_fixedILi12ELi6EL9ap_q_mode5EL9_215"   --->   Operation 34 'load' 'p_ZZN4nnet24compute_output_buffer_2dINS_5arrayI8ap_fixedILi12ELi6EL9ap_q_mode5EL9_489' <Predicate = (do_init)> <Delay = 0.00>
ST_1 : Operation 35 [1/1] (0.00ns)   --->   "%p_ZZN4nnet24compute_output_buffer_2dINS_5arrayI8ap_fixedILi12ELi6EL9ap_q_mode5EL9_490 = load i12 %p_ZZN4nnet24compute_output_buffer_2dINS_5arrayI8ap_fixedILi12ELi6EL9ap_q_mode5EL9_216"   --->   Operation 35 'load' 'p_ZZN4nnet24compute_output_buffer_2dINS_5arrayI8ap_fixedILi12ELi6EL9ap_q_mode5EL9_490' <Predicate = (do_init)> <Delay = 0.00>
ST_1 : Operation 36 [1/1] (0.00ns)   --->   "%p_ZZN4nnet24compute_output_buffer_2dINS_5arrayI8ap_fixedILi12ELi6EL9ap_q_mode5EL9_491 = load i12 %p_ZZN4nnet24compute_output_buffer_2dINS_5arrayI8ap_fixedILi12ELi6EL9ap_q_mode5EL9_217"   --->   Operation 36 'load' 'p_ZZN4nnet24compute_output_buffer_2dINS_5arrayI8ap_fixedILi12ELi6EL9ap_q_mode5EL9_491' <Predicate = (do_init)> <Delay = 0.00>
ST_1 : Operation 37 [1/1] (0.00ns)   --->   "%p_ZZN4nnet24compute_output_buffer_2dINS_5arrayI8ap_fixedILi12ELi6EL9ap_q_mode5EL9_492 = load i12 %p_ZZN4nnet24compute_output_buffer_2dINS_5arrayI8ap_fixedILi12ELi6EL9ap_q_mode5EL9_218"   --->   Operation 37 'load' 'p_ZZN4nnet24compute_output_buffer_2dINS_5arrayI8ap_fixedILi12ELi6EL9ap_q_mode5EL9_492' <Predicate = (do_init)> <Delay = 0.00>
ST_1 : Operation 38 [1/1] (0.00ns)   --->   "%p_ZZN4nnet24compute_output_buffer_2dINS_5arrayI8ap_fixedILi12ELi6EL9ap_q_mode5EL9_493 = load i12 %p_ZZN4nnet24compute_output_buffer_2dINS_5arrayI8ap_fixedILi12ELi6EL9ap_q_mode5EL9_219"   --->   Operation 38 'load' 'p_ZZN4nnet24compute_output_buffer_2dINS_5arrayI8ap_fixedILi12ELi6EL9ap_q_mode5EL9_493' <Predicate = (do_init)> <Delay = 0.00>
ST_1 : Operation 39 [1/1] (0.00ns)   --->   "%p_ZZN4nnet24compute_output_buffer_2dINS_5arrayI8ap_fixedILi12ELi6EL9ap_q_mode5EL9_494 = load i12 %p_ZZN4nnet24compute_output_buffer_2dINS_5arrayI8ap_fixedILi12ELi6EL9ap_q_mode5EL9_220"   --->   Operation 39 'load' 'p_ZZN4nnet24compute_output_buffer_2dINS_5arrayI8ap_fixedILi12ELi6EL9ap_q_mode5EL9_494' <Predicate = (do_init)> <Delay = 0.00>
ST_1 : Operation 40 [1/1] (0.00ns)   --->   "%p_ZZN4nnet24compute_output_buffer_2dINS_5arrayI8ap_fixedILi12ELi6EL9ap_q_mode5EL9_495 = load i12 %p_ZZN4nnet24compute_output_buffer_2dINS_5arrayI8ap_fixedILi12ELi6EL9ap_q_mode5EL9_221"   --->   Operation 40 'load' 'p_ZZN4nnet24compute_output_buffer_2dINS_5arrayI8ap_fixedILi12ELi6EL9ap_q_mode5EL9_495' <Predicate = (do_init)> <Delay = 0.00>
ST_1 : Operation 41 [1/1] (0.00ns)   --->   "%p_ZZN4nnet24compute_output_buffer_2dINS_5arrayI8ap_fixedILi12ELi6EL9ap_q_mode5EL9_496 = load i12 %p_ZZN4nnet24compute_output_buffer_2dINS_5arrayI8ap_fixedILi12ELi6EL9ap_q_mode5EL9_222"   --->   Operation 41 'load' 'p_ZZN4nnet24compute_output_buffer_2dINS_5arrayI8ap_fixedILi12ELi6EL9ap_q_mode5EL9_496' <Predicate = (do_init)> <Delay = 0.00>
ST_1 : Operation 42 [1/1] (0.00ns)   --->   "%p_ZZN4nnet24compute_output_buffer_2dINS_5arrayI8ap_fixedILi12ELi6EL9ap_q_mode5EL9_497 = load i12 %p_ZZN4nnet24compute_output_buffer_2dINS_5arrayI8ap_fixedILi12ELi6EL9ap_q_mode5EL9_223"   --->   Operation 42 'load' 'p_ZZN4nnet24compute_output_buffer_2dINS_5arrayI8ap_fixedILi12ELi6EL9ap_q_mode5EL9_497' <Predicate = (do_init)> <Delay = 0.00>
ST_1 : Operation 43 [1/1] (0.00ns)   --->   "%p_ZZN4nnet24compute_output_buffer_2dINS_5arrayI8ap_fixedILi12ELi6EL9ap_q_mode5EL9_498 = load i12 %p_ZZN4nnet24compute_output_buffer_2dINS_5arrayI8ap_fixedILi12ELi6EL9ap_q_mode5EL9_224"   --->   Operation 43 'load' 'p_ZZN4nnet24compute_output_buffer_2dINS_5arrayI8ap_fixedILi12ELi6EL9ap_q_mode5EL9_498' <Predicate = (do_init)> <Delay = 0.00>
ST_1 : Operation 44 [1/1] (0.00ns)   --->   "%p_ZZN4nnet24compute_output_buffer_2dINS_5arrayI8ap_fixedILi12ELi6EL9ap_q_mode5EL9_499 = load i12 %p_ZZN4nnet24compute_output_buffer_2dINS_5arrayI8ap_fixedILi12ELi6EL9ap_q_mode5EL9_225"   --->   Operation 44 'load' 'p_ZZN4nnet24compute_output_buffer_2dINS_5arrayI8ap_fixedILi12ELi6EL9ap_q_mode5EL9_499' <Predicate = (do_init)> <Delay = 0.00>
ST_1 : Operation 45 [1/1] (0.00ns)   --->   "%p_ZZN4nnet24compute_output_buffer_2dINS_5arrayI8ap_fixedILi12ELi6EL9ap_q_mode5EL9_500 = load i12 %p_ZZN4nnet24compute_output_buffer_2dINS_5arrayI8ap_fixedILi12ELi6EL9ap_q_mode5EL9_226"   --->   Operation 45 'load' 'p_ZZN4nnet24compute_output_buffer_2dINS_5arrayI8ap_fixedILi12ELi6EL9ap_q_mode5EL9_500' <Predicate = (do_init)> <Delay = 0.00>
ST_1 : Operation 46 [1/1] (0.53ns)   --->   "%br_ln46 = br void %MultLoop.split.i" [firmware/nnet_utils/nnet_dense_resource.h:46]   --->   Operation 46 'br' 'br_ln46' <Predicate = (do_init)> <Delay = 0.53>
ST_1 : Operation 47 [1/1] (0.00ns)   --->   "%zext_ln46 = zext i5 %w_index3" [firmware/nnet_utils/nnet_dense_resource.h:46]   --->   Operation 47 'zext' 'zext_ln46' <Predicate = true> <Delay = 0.00>
ST_1 : Operation 48 [1/1] (0.00ns)   --->   "%w9_addr = getelementptr i138 %w9, i64 0, i64 %zext_ln46" [firmware/nnet_utils/nnet_dense_resource.h:59]   --->   Operation 48 'getelementptr' 'w9_addr' <Predicate = true> <Delay = 0.00>
ST_1 : Operation 49 [2/2] (1.77ns)   --->   "%w9_load = load i5 %w9_addr" [firmware/nnet_utils/nnet_dense_resource.h:59]   --->   Operation 49 'load' 'w9_load' <Predicate = true> <Delay = 1.77> <CoreInst = "ROM_nP_BRAM">   --->   Core 109 'ROM_nP_BRAM' <Latency = 1> <II = 1> <Delay = 1.77> <Storage> <Opcode : 'load'> <Ports = 0> <Width = 138> <Depth = 18> <ROM>
ST_1 : Operation 50 [1/1] (1.03ns)   --->   "%w_index = add i5 %w_index3, i5 1" [firmware/nnet_utils/nnet_dense_resource.h:46]   --->   Operation 50 'add' 'w_index' <Predicate = true> <Delay = 1.03> <CoreInst = "Adder">   --->   Core 1 'Adder' <Latency = 0> <II = 1> <Delay = 1.03> <FuncUnit> <Opcode : 'add' 'sub'> <InPorts = 2> <OutPorts = 1>
ST_1 : Operation 51 [1/1] (1.03ns)   --->   "%icmp_ln46 = icmp_eq  i5 %w_index3, i5 17" [firmware/nnet_utils/nnet_dense_resource.h:46]   --->   Operation 51 'icmp' 'icmp_ln46' <Predicate = true> <Delay = 1.03> <CoreInst = "Cmp">   --->   Core 9 'Cmp' <Latency = 0> <II = 1> <Delay = 1.03> <FuncUnit> <Opcode : 'icmp'> <InPorts = 2> <OutPorts = 1>
ST_1 : Operation 52 [1/1] (0.00ns)   --->   "%br_ln46 = br i1 %icmp_ln46, void %rewind_header, void %dense_resource_rf_leq_nin<ap_fixed<12, 6, 5, 3, 0>, ap_fixed<12, 6, 5, 3, 0>, config9_mult>.exit" [firmware/nnet_utils/nnet_dense_resource.h:46]   --->   Operation 52 'br' 'br_ln46' <Predicate = true> <Delay = 0.00>
ST_1 : Operation 53 [1/1] (0.00ns)   --->   "%br_ln0 = br void %rewind_header"   --->   Operation 53 'br' 'br_ln0' <Predicate = (icmp_ln46)> <Delay = 0.00>

State 2 <SV = 1> <Delay = 1.77>
ST_2 : Operation 54 [1/1] (0.00ns)   --->   "%p_ZZN4nnet24compute_output_buffer_2dINS_5arrayI8ap_fixedILi12ELi6EL9ap_q_mode5EL9_501 = phi i12 0, void %entry, i12 %p_ZZN4nnet24compute_output_buffer_2dINS_5arrayI8ap_fixedILi12ELi6EL9ap_q_mode5EL9_449, void %MultLoop.split.i, i12 0, void %dense_resource_rf_leq_nin<ap_fixed<12, 6, 5, 3, 0>, ap_fixed<12, 6, 5, 3, 0>, config9_mult>.exit"   --->   Operation 54 'phi' 'p_ZZN4nnet24compute_output_buffer_2dINS_5arrayI8ap_fixedILi12ELi6EL9ap_q_mode5EL9_501' <Predicate = true> <Delay = 0.00>
ST_2 : Operation 55 [1/1] (0.00ns)   --->   "%p_ZZN4nnet24compute_output_buffer_2dINS_5arrayI8ap_fixedILi12ELi6EL9ap_q_mode5EL9_502 = phi i12 0, void %entry, i12 %p_ZZN4nnet24compute_output_buffer_2dINS_5arrayI8ap_fixedILi12ELi6EL9ap_q_mode5EL9_450, void %MultLoop.split.i, i12 0, void %dense_resource_rf_leq_nin<ap_fixed<12, 6, 5, 3, 0>, ap_fixed<12, 6, 5, 3, 0>, config9_mult>.exit"   --->   Operation 55 'phi' 'p_ZZN4nnet24compute_output_buffer_2dINS_5arrayI8ap_fixedILi12ELi6EL9ap_q_mode5EL9_502' <Predicate = true> <Delay = 0.00>
ST_2 : Operation 56 [1/1] (0.00ns)   --->   "%p_ZZN4nnet24compute_output_buffer_2dINS_5arrayI8ap_fixedILi12ELi6EL9ap_q_mode5EL9_503 = phi i12 0, void %entry, i12 %p_ZZN4nnet24compute_output_buffer_2dINS_5arrayI8ap_fixedILi12ELi6EL9ap_q_mode5EL9_451, void %MultLoop.split.i, i12 0, void %dense_resource_rf_leq_nin<ap_fixed<12, 6, 5, 3, 0>, ap_fixed<12, 6, 5, 3, 0>, config9_mult>.exit"   --->   Operation 56 'phi' 'p_ZZN4nnet24compute_output_buffer_2dINS_5arrayI8ap_fixedILi12ELi6EL9ap_q_mode5EL9_503' <Predicate = true> <Delay = 0.00>
ST_2 : Operation 57 [1/1] (0.00ns)   --->   "%p_ZZN4nnet24compute_output_buffer_2dINS_5arrayI8ap_fixedILi12ELi6EL9ap_q_mode5EL9_504 = phi i12 0, void %entry, i12 %p_ZZN4nnet24compute_output_buffer_2dINS_5arrayI8ap_fixedILi12ELi6EL9ap_q_mode5EL9_452, void %MultLoop.split.i, i12 0, void %dense_resource_rf_leq_nin<ap_fixed<12, 6, 5, 3, 0>, ap_fixed<12, 6, 5, 3, 0>, config9_mult>.exit"   --->   Operation 57 'phi' 'p_ZZN4nnet24compute_output_buffer_2dINS_5arrayI8ap_fixedILi12ELi6EL9ap_q_mode5EL9_504' <Predicate = true> <Delay = 0.00>
ST_2 : Operation 58 [1/1] (0.00ns)   --->   "%p_ZZN4nnet24compute_output_buffer_2dINS_5arrayI8ap_fixedILi12ELi6EL9ap_q_mode5EL9_505 = phi i12 0, void %entry, i12 %p_ZZN4nnet24compute_output_buffer_2dINS_5arrayI8ap_fixedILi12ELi6EL9ap_q_mode5EL9_453, void %MultLoop.split.i, i12 0, void %dense_resource_rf_leq_nin<ap_fixed<12, 6, 5, 3, 0>, ap_fixed<12, 6, 5, 3, 0>, config9_mult>.exit"   --->   Operation 58 'phi' 'p_ZZN4nnet24compute_output_buffer_2dINS_5arrayI8ap_fixedILi12ELi6EL9ap_q_mode5EL9_505' <Predicate = true> <Delay = 0.00>
ST_2 : Operation 59 [1/1] (0.00ns)   --->   "%p_ZZN4nnet24compute_output_buffer_2dINS_5arrayI8ap_fixedILi12ELi6EL9ap_q_mode5EL9_506 = phi i12 0, void %entry, i12 %p_ZZN4nnet24compute_output_buffer_2dINS_5arrayI8ap_fixedILi12ELi6EL9ap_q_mode5EL9_454, void %MultLoop.split.i, i12 0, void %dense_resource_rf_leq_nin<ap_fixed<12, 6, 5, 3, 0>, ap_fixed<12, 6, 5, 3, 0>, config9_mult>.exit"   --->   Operation 59 'phi' 'p_ZZN4nnet24compute_output_buffer_2dINS_5arrayI8ap_fixedILi12ELi6EL9ap_q_mode5EL9_506' <Predicate = true> <Delay = 0.00>
ST_2 : Operation 60 [1/1] (0.00ns)   --->   "%p_ZZN4nnet24compute_output_buffer_2dINS_5arrayI8ap_fixedILi12ELi6EL9ap_q_mode5EL9_507 = phi i12 0, void %entry, i12 %p_ZZN4nnet24compute_output_buffer_2dINS_5arrayI8ap_fixedILi12ELi6EL9ap_q_mode5EL9_455, void %MultLoop.split.i, i12 0, void %dense_resource_rf_leq_nin<ap_fixed<12, 6, 5, 3, 0>, ap_fixed<12, 6, 5, 3, 0>, config9_mult>.exit"   --->   Operation 60 'phi' 'p_ZZN4nnet24compute_output_buffer_2dINS_5arrayI8ap_fixedILi12ELi6EL9ap_q_mode5EL9_507' <Predicate = true> <Delay = 0.00>
ST_2 : Operation 61 [1/1] (0.00ns)   --->   "%p_ZZN4nnet24compute_output_buffer_2dINS_5arrayI8ap_fixedILi12ELi6EL9ap_q_mode5EL9_508 = phi i12 0, void %entry, i12 %p_ZZN4nnet24compute_output_buffer_2dINS_5arrayI8ap_fixedILi12ELi6EL9ap_q_mode5EL9_456, void %MultLoop.split.i, i12 0, void %dense_resource_rf_leq_nin<ap_fixed<12, 6, 5, 3, 0>, ap_fixed<12, 6, 5, 3, 0>, config9_mult>.exit"   --->   Operation 61 'phi' 'p_ZZN4nnet24compute_output_buffer_2dINS_5arrayI8ap_fixedILi12ELi6EL9ap_q_mode5EL9_508' <Predicate = true> <Delay = 0.00>
ST_2 : Operation 62 [1/1] (0.00ns)   --->   "%p_ZZN4nnet24compute_output_buffer_2dINS_5arrayI8ap_fixedILi12ELi6EL9ap_q_mode5EL9_509 = phi i12 0, void %entry, i12 %p_ZZN4nnet24compute_output_buffer_2dINS_5arrayI8ap_fixedILi12ELi6EL9ap_q_mode5EL9_457, void %MultLoop.split.i, i12 0, void %dense_resource_rf_leq_nin<ap_fixed<12, 6, 5, 3, 0>, ap_fixed<12, 6, 5, 3, 0>, config9_mult>.exit"   --->   Operation 62 'phi' 'p_ZZN4nnet24compute_output_buffer_2dINS_5arrayI8ap_fixedILi12ELi6EL9ap_q_mode5EL9_509' <Predicate = true> <Delay = 0.00>
ST_2 : Operation 63 [1/1] (0.00ns)   --->   "%p_ZZN4nnet24compute_output_buffer_2dINS_5arrayI8ap_fixedILi12ELi6EL9ap_q_mode5EL9_510 = phi i12 0, void %entry, i12 %p_ZZN4nnet24compute_output_buffer_2dINS_5arrayI8ap_fixedILi12ELi6EL9ap_q_mode5EL9_458, void %MultLoop.split.i, i12 0, void %dense_resource_rf_leq_nin<ap_fixed<12, 6, 5, 3, 0>, ap_fixed<12, 6, 5, 3, 0>, config9_mult>.exit"   --->   Operation 63 'phi' 'p_ZZN4nnet24compute_output_buffer_2dINS_5arrayI8ap_fixedILi12ELi6EL9ap_q_mode5EL9_510' <Predicate = true> <Delay = 0.00>
ST_2 : Operation 64 [1/1] (0.00ns)   --->   "%p_ZZN4nnet24compute_output_buffer_2dINS_5arrayI8ap_fixedILi12ELi6EL9ap_q_mode5EL9_511 = phi i12 0, void %entry, i12 %p_ZZN4nnet24compute_output_buffer_2dINS_5arrayI8ap_fixedILi12ELi6EL9ap_q_mode5EL9_459, void %MultLoop.split.i, i12 0, void %dense_resource_rf_leq_nin<ap_fixed<12, 6, 5, 3, 0>, ap_fixed<12, 6, 5, 3, 0>, config9_mult>.exit"   --->   Operation 64 'phi' 'p_ZZN4nnet24compute_output_buffer_2dINS_5arrayI8ap_fixedILi12ELi6EL9ap_q_mode5EL9_511' <Predicate = true> <Delay = 0.00>
ST_2 : Operation 65 [1/1] (0.00ns)   --->   "%p_ZZN4nnet24compute_output_buffer_2dINS_5arrayI8ap_fixedILi12ELi6EL9ap_q_mode5EL9_512 = phi i12 0, void %entry, i12 %p_ZZN4nnet24compute_output_buffer_2dINS_5arrayI8ap_fixedILi12ELi6EL9ap_q_mode5EL9_460, void %MultLoop.split.i, i12 0, void %dense_resource_rf_leq_nin<ap_fixed<12, 6, 5, 3, 0>, ap_fixed<12, 6, 5, 3, 0>, config9_mult>.exit"   --->   Operation 65 'phi' 'p_ZZN4nnet24compute_output_buffer_2dINS_5arrayI8ap_fixedILi12ELi6EL9ap_q_mode5EL9_512' <Predicate = true> <Delay = 0.00>
ST_2 : Operation 66 [1/1] (0.00ns)   --->   "%p_ZZN4nnet24compute_output_buffer_2dINS_5arrayI8ap_fixedILi12ELi6EL9ap_q_mode5EL9_513 = phi i12 0, void %entry, i12 %p_ZZN4nnet24compute_output_buffer_2dINS_5arrayI8ap_fixedILi12ELi6EL9ap_q_mode5EL9_461, void %MultLoop.split.i, i12 0, void %dense_resource_rf_leq_nin<ap_fixed<12, 6, 5, 3, 0>, ap_fixed<12, 6, 5, 3, 0>, config9_mult>.exit"   --->   Operation 66 'phi' 'p_ZZN4nnet24compute_output_buffer_2dINS_5arrayI8ap_fixedILi12ELi6EL9ap_q_mode5EL9_513' <Predicate = true> <Delay = 0.00>
ST_2 : Operation 67 [1/1] (0.00ns)   --->   "%p_ZZN4nnet24compute_output_buffer_2dINS_5arrayI8ap_fixedILi12ELi6EL9ap_q_mode5EL9_514 = phi i12 0, void %entry, i12 %p_ZZN4nnet24compute_output_buffer_2dINS_5arrayI8ap_fixedILi12ELi6EL9ap_q_mode5EL9_462, void %MultLoop.split.i, i12 0, void %dense_resource_rf_leq_nin<ap_fixed<12, 6, 5, 3, 0>, ap_fixed<12, 6, 5, 3, 0>, config9_mult>.exit"   --->   Operation 67 'phi' 'p_ZZN4nnet24compute_output_buffer_2dINS_5arrayI8ap_fixedILi12ELi6EL9ap_q_mode5EL9_514' <Predicate = true> <Delay = 0.00>
ST_2 : Operation 68 [1/1] (0.00ns)   --->   "%p_ZZN4nnet24compute_output_buffer_2dINS_5arrayI8ap_fixedILi12ELi6EL9ap_q_mode5EL9_515 = phi i12 0, void %entry, i12 %p_ZZN4nnet24compute_output_buffer_2dINS_5arrayI8ap_fixedILi12ELi6EL9ap_q_mode5EL9_463, void %MultLoop.split.i, i12 0, void %dense_resource_rf_leq_nin<ap_fixed<12, 6, 5, 3, 0>, ap_fixed<12, 6, 5, 3, 0>, config9_mult>.exit"   --->   Operation 68 'phi' 'p_ZZN4nnet24compute_output_buffer_2dINS_5arrayI8ap_fixedILi12ELi6EL9ap_q_mode5EL9_515' <Predicate = true> <Delay = 0.00>
ST_2 : Operation 69 [1/1] (0.00ns)   --->   "%p_ZZN4nnet24compute_output_buffer_2dINS_5arrayI8ap_fixedILi12ELi6EL9ap_q_mode5EL9_516 = phi i12 0, void %entry, i12 %p_ZZN4nnet24compute_output_buffer_2dINS_5arrayI8ap_fixedILi12ELi6EL9ap_q_mode5EL9_464, void %MultLoop.split.i, i12 0, void %dense_resource_rf_leq_nin<ap_fixed<12, 6, 5, 3, 0>, ap_fixed<12, 6, 5, 3, 0>, config9_mult>.exit"   --->   Operation 69 'phi' 'p_ZZN4nnet24compute_output_buffer_2dINS_5arrayI8ap_fixedILi12ELi6EL9ap_q_mode5EL9_516' <Predicate = true> <Delay = 0.00>
ST_2 : Operation 70 [1/1] (0.00ns)   --->   "%p_ZZN4nnet24compute_output_buffer_2dINS_5arrayI8ap_fixedILi12ELi6EL9ap_q_mode5EL9_517 = phi i12 0, void %entry, i12 %p_ZZN4nnet24compute_output_buffer_2dINS_5arrayI8ap_fixedILi12ELi6EL9ap_q_mode5EL9_465, void %MultLoop.split.i, i12 0, void %dense_resource_rf_leq_nin<ap_fixed<12, 6, 5, 3, 0>, ap_fixed<12, 6, 5, 3, 0>, config9_mult>.exit"   --->   Operation 70 'phi' 'p_ZZN4nnet24compute_output_buffer_2dINS_5arrayI8ap_fixedILi12ELi6EL9ap_q_mode5EL9_517' <Predicate = true> <Delay = 0.00>
ST_2 : Operation 71 [1/1] (0.00ns)   --->   "%p_ZZN4nnet24compute_output_buffer_2dINS_5arrayI8ap_fixedILi12ELi6EL9ap_q_mode5EL9_518 = phi i12 0, void %entry, i12 %p_ZZN4nnet24compute_output_buffer_2dINS_5arrayI8ap_fixedILi12ELi6EL9ap_q_mode5EL9_466, void %MultLoop.split.i, i12 0, void %dense_resource_rf_leq_nin<ap_fixed<12, 6, 5, 3, 0>, ap_fixed<12, 6, 5, 3, 0>, config9_mult>.exit"   --->   Operation 71 'phi' 'p_ZZN4nnet24compute_output_buffer_2dINS_5arrayI8ap_fixedILi12ELi6EL9ap_q_mode5EL9_518' <Predicate = true> <Delay = 0.00>
ST_2 : Operation 72 [1/1] (0.00ns)   --->   "%p_ZZN4nnet24compute_output_buffer_2dINS_5arrayI8ap_fixedILi12ELi6EL9ap_q_mode5EL9_519 = phi i12 0, void %entry, i12 %p_ZZN4nnet24compute_output_buffer_2dINS_5arrayI8ap_fixedILi12ELi6EL9ap_q_mode5EL9_467, void %MultLoop.split.i, i12 0, void %dense_resource_rf_leq_nin<ap_fixed<12, 6, 5, 3, 0>, ap_fixed<12, 6, 5, 3, 0>, config9_mult>.exit"   --->   Operation 72 'phi' 'p_ZZN4nnet24compute_output_buffer_2dINS_5arrayI8ap_fixedILi12ELi6EL9ap_q_mode5EL9_519' <Predicate = true> <Delay = 0.00>
ST_2 : Operation 73 [1/1] (0.00ns)   --->   "%p_ZZN4nnet24compute_output_buffer_2dINS_5arrayI8ap_fixedILi12ELi6EL9ap_q_mode5EL9_520 = phi i12 0, void %entry, i12 %p_ZZN4nnet24compute_output_buffer_2dINS_5arrayI8ap_fixedILi12ELi6EL9ap_q_mode5EL9_468, void %MultLoop.split.i, i12 0, void %dense_resource_rf_leq_nin<ap_fixed<12, 6, 5, 3, 0>, ap_fixed<12, 6, 5, 3, 0>, config9_mult>.exit"   --->   Operation 73 'phi' 'p_ZZN4nnet24compute_output_buffer_2dINS_5arrayI8ap_fixedILi12ELi6EL9ap_q_mode5EL9_520' <Predicate = true> <Delay = 0.00>
ST_2 : Operation 74 [1/1] (0.00ns)   --->   "%p_ZZN4nnet24compute_output_buffer_2dINS_5arrayI8ap_fixedILi12ELi6EL9ap_q_mode5EL9_521 = phi i12 0, void %entry, i12 %p_ZZN4nnet24compute_output_buffer_2dINS_5arrayI8ap_fixedILi12ELi6EL9ap_q_mode5EL9_469, void %MultLoop.split.i, i12 0, void %dense_resource_rf_leq_nin<ap_fixed<12, 6, 5, 3, 0>, ap_fixed<12, 6, 5, 3, 0>, config9_mult>.exit"   --->   Operation 74 'phi' 'p_ZZN4nnet24compute_output_buffer_2dINS_5arrayI8ap_fixedILi12ELi6EL9ap_q_mode5EL9_521' <Predicate = true> <Delay = 0.00>
ST_2 : Operation 75 [1/1] (0.00ns)   --->   "%p_ZZN4nnet24compute_output_buffer_2dINS_5arrayI8ap_fixedILi12ELi6EL9ap_q_mode5EL9_522 = phi i12 0, void %entry, i12 %p_ZZN4nnet24compute_output_buffer_2dINS_5arrayI8ap_fixedILi12ELi6EL9ap_q_mode5EL9_470, void %MultLoop.split.i, i12 0, void %dense_resource_rf_leq_nin<ap_fixed<12, 6, 5, 3, 0>, ap_fixed<12, 6, 5, 3, 0>, config9_mult>.exit"   --->   Operation 75 'phi' 'p_ZZN4nnet24compute_output_buffer_2dINS_5arrayI8ap_fixedILi12ELi6EL9ap_q_mode5EL9_522' <Predicate = true> <Delay = 0.00>
ST_2 : Operation 76 [1/1] (0.00ns)   --->   "%p_ZZN4nnet24compute_output_buffer_2dINS_5arrayI8ap_fixedILi12ELi6EL9ap_q_mode5EL9_523 = phi i12 0, void %entry, i12 %p_ZZN4nnet24compute_output_buffer_2dINS_5arrayI8ap_fixedILi12ELi6EL9ap_q_mode5EL9_471, void %MultLoop.split.i, i12 0, void %dense_resource_rf_leq_nin<ap_fixed<12, 6, 5, 3, 0>, ap_fixed<12, 6, 5, 3, 0>, config9_mult>.exit"   --->   Operation 76 'phi' 'p_ZZN4nnet24compute_output_buffer_2dINS_5arrayI8ap_fixedILi12ELi6EL9ap_q_mode5EL9_523' <Predicate = true> <Delay = 0.00>
ST_2 : Operation 77 [1/1] (0.00ns)   --->   "%p_ZZN4nnet24compute_output_buffer_2dINS_5arrayI8ap_fixedILi12ELi6EL9ap_q_mode5EL9_524 = phi i12 0, void %entry, i12 %p_ZZN4nnet24compute_output_buffer_2dINS_5arrayI8ap_fixedILi12ELi6EL9ap_q_mode5EL9_472, void %MultLoop.split.i, i12 0, void %dense_resource_rf_leq_nin<ap_fixed<12, 6, 5, 3, 0>, ap_fixed<12, 6, 5, 3, 0>, config9_mult>.exit"   --->   Operation 77 'phi' 'p_ZZN4nnet24compute_output_buffer_2dINS_5arrayI8ap_fixedILi12ELi6EL9ap_q_mode5EL9_524' <Predicate = true> <Delay = 0.00>
ST_2 : Operation 78 [1/1] (0.00ns)   --->   "%p_ZZN4nnet24compute_output_buffer_2dINS_5arrayI8ap_fixedILi12ELi6EL9ap_q_mode5EL9_525 = phi i12 0, void %entry, i12 %p_ZZN4nnet24compute_output_buffer_2dINS_5arrayI8ap_fixedILi12ELi6EL9ap_q_mode5EL9_473, void %MultLoop.split.i, i12 0, void %dense_resource_rf_leq_nin<ap_fixed<12, 6, 5, 3, 0>, ap_fixed<12, 6, 5, 3, 0>, config9_mult>.exit"   --->   Operation 78 'phi' 'p_ZZN4nnet24compute_output_buffer_2dINS_5arrayI8ap_fixedILi12ELi6EL9ap_q_mode5EL9_525' <Predicate = true> <Delay = 0.00>
ST_2 : Operation 79 [1/1] (0.00ns)   --->   "%p_ZZN4nnet24compute_output_buffer_2dINS_5arrayI8ap_fixedILi12ELi6EL9ap_q_mode5EL9_526 = phi i12 0, void %entry, i12 %p_ZZN4nnet24compute_output_buffer_2dINS_5arrayI8ap_fixedILi12ELi6EL9ap_q_mode5EL9_474, void %MultLoop.split.i, i12 0, void %dense_resource_rf_leq_nin<ap_fixed<12, 6, 5, 3, 0>, ap_fixed<12, 6, 5, 3, 0>, config9_mult>.exit"   --->   Operation 79 'phi' 'p_ZZN4nnet24compute_output_buffer_2dINS_5arrayI8ap_fixedILi12ELi6EL9ap_q_mode5EL9_526' <Predicate = true> <Delay = 0.00>
ST_2 : Operation 80 [1/1] (0.00ns)   --->   "%void_compute_output_buffer_2d_array_const_ap_shift_reg_n_chan_stream_weig_107 = phi i12 0, void %entry, i12 %void_compute_output_buffer_2d_array_const_ap_shift_reg_n_chan_stream_weig_87, void %MultLoop.split.i, i12 0, void %dense_resource_rf_leq_nin<ap_fixed<12, 6, 5, 3, 0>, ap_fixed<12, 6, 5, 3, 0>, config9_mult>.exit"   --->   Operation 80 'phi' 'void_compute_output_buffer_2d_array_const_ap_shift_reg_n_chan_stream_weig_107' <Predicate = true> <Delay = 0.00>
ST_2 : Operation 81 [1/1] (0.00ns)   --->   "%void_compute_output_buffer_2d_array_const_ap_shift_reg_n_chan_stream_weig_108 = phi i12 0, void %entry, i12 %void_compute_output_buffer_2d_array_const_ap_shift_reg_n_chan_stream_weig_88, void %MultLoop.split.i, i12 0, void %dense_resource_rf_leq_nin<ap_fixed<12, 6, 5, 3, 0>, ap_fixed<12, 6, 5, 3, 0>, config9_mult>.exit"   --->   Operation 81 'phi' 'void_compute_output_buffer_2d_array_const_ap_shift_reg_n_chan_stream_weig_108' <Predicate = true> <Delay = 0.00>
ST_2 : Operation 82 [1/1] (0.00ns)   --->   "%void_compute_output_buffer_2d_array_const_ap_shift_reg_n_chan_stream_weig_109 = phi i12 0, void %entry, i12 %void_compute_output_buffer_2d_array_const_ap_shift_reg_n_chan_stream_weig_89, void %MultLoop.split.i, i12 0, void %dense_resource_rf_leq_nin<ap_fixed<12, 6, 5, 3, 0>, ap_fixed<12, 6, 5, 3, 0>, config9_mult>.exit"   --->   Operation 82 'phi' 'void_compute_output_buffer_2d_array_const_ap_shift_reg_n_chan_stream_weig_109' <Predicate = true> <Delay = 0.00>
ST_2 : Operation 83 [1/1] (0.00ns)   --->   "%void_compute_output_buffer_2d_array_const_ap_shift_reg_n_chan_stream_weig_110 = phi i12 0, void %entry, i12 %void_compute_output_buffer_2d_array_const_ap_shift_reg_n_chan_stream_weig_90, void %MultLoop.split.i, i12 0, void %dense_resource_rf_leq_nin<ap_fixed<12, 6, 5, 3, 0>, ap_fixed<12, 6, 5, 3, 0>, config9_mult>.exit"   --->   Operation 83 'phi' 'void_compute_output_buffer_2d_array_const_ap_shift_reg_n_chan_stream_weig_110' <Predicate = true> <Delay = 0.00>
ST_2 : Operation 84 [1/1] (0.00ns)   --->   "%void_compute_output_buffer_2d_array_const_ap_shift_reg_n_chan_stream_weig_111 = phi i12 0, void %entry, i12 %void_compute_output_buffer_2d_array_const_ap_shift_reg_n_chan_stream_weig_91, void %MultLoop.split.i, i12 0, void %dense_resource_rf_leq_nin<ap_fixed<12, 6, 5, 3, 0>, ap_fixed<12, 6, 5, 3, 0>, config9_mult>.exit"   --->   Operation 84 'phi' 'void_compute_output_buffer_2d_array_const_ap_shift_reg_n_chan_stream_weig_111' <Predicate = true> <Delay = 0.00>
ST_2 : Operation 85 [1/1] (0.00ns)   --->   "%void_compute_output_buffer_2d_array_const_ap_shift_reg_n_chan_stream_weig_112 = phi i12 0, void %entry, i12 %void_compute_output_buffer_2d_array_const_ap_shift_reg_n_chan_stream_weig_92, void %MultLoop.split.i, i12 0, void %dense_resource_rf_leq_nin<ap_fixed<12, 6, 5, 3, 0>, ap_fixed<12, 6, 5, 3, 0>, config9_mult>.exit"   --->   Operation 85 'phi' 'void_compute_output_buffer_2d_array_const_ap_shift_reg_n_chan_stream_weig_112' <Predicate = true> <Delay = 0.00>
ST_2 : Operation 86 [1/1] (0.00ns)   --->   "%void_compute_output_buffer_2d_array_const_ap_shift_reg_n_chan_stream_weig_113 = phi i12 0, void %entry, i12 %void_compute_output_buffer_2d_array_const_ap_shift_reg_n_chan_stream_weig_93, void %MultLoop.split.i, i12 0, void %dense_resource_rf_leq_nin<ap_fixed<12, 6, 5, 3, 0>, ap_fixed<12, 6, 5, 3, 0>, config9_mult>.exit"   --->   Operation 86 'phi' 'void_compute_output_buffer_2d_array_const_ap_shift_reg_n_chan_stream_weig_113' <Predicate = true> <Delay = 0.00>
ST_2 : Operation 87 [1/1] (0.00ns)   --->   "%void_compute_output_buffer_2d_array_const_ap_shift_reg_n_chan_stream_weig_114 = phi i12 0, void %entry, i12 %void_compute_output_buffer_2d_array_const_ap_shift_reg_n_chan_stream_weig_94, void %MultLoop.split.i, i12 0, void %dense_resource_rf_leq_nin<ap_fixed<12, 6, 5, 3, 0>, ap_fixed<12, 6, 5, 3, 0>, config9_mult>.exit"   --->   Operation 87 'phi' 'void_compute_output_buffer_2d_array_const_ap_shift_reg_n_chan_stream_weig_114' <Predicate = true> <Delay = 0.00>
ST_2 : Operation 88 [1/1] (0.00ns)   --->   "%void_compute_output_buffer_2d_array_const_ap_shift_reg_n_chan_stream_weig_115 = phi i12 0, void %entry, i12 %void_compute_output_buffer_2d_array_const_ap_shift_reg_n_chan_stream_weig_95, void %MultLoop.split.i, i12 0, void %dense_resource_rf_leq_nin<ap_fixed<12, 6, 5, 3, 0>, ap_fixed<12, 6, 5, 3, 0>, config9_mult>.exit"   --->   Operation 88 'phi' 'void_compute_output_buffer_2d_array_const_ap_shift_reg_n_chan_stream_weig_115' <Predicate = true> <Delay = 0.00>
ST_2 : Operation 89 [1/1] (0.00ns)   --->   "%void_compute_output_buffer_2d_array_const_ap_shift_reg_n_chan_stream_weig_116 = phi i12 0, void %entry, i12 %void_compute_output_buffer_2d_array_const_ap_shift_reg_n_chan_stream_weig_96, void %MultLoop.split.i, i12 0, void %dense_resource_rf_leq_nin<ap_fixed<12, 6, 5, 3, 0>, ap_fixed<12, 6, 5, 3, 0>, config9_mult>.exit"   --->   Operation 89 'phi' 'void_compute_output_buffer_2d_array_const_ap_shift_reg_n_chan_stream_weig_116' <Predicate = true> <Delay = 0.00>
ST_2 : Operation 90 [1/1] (0.53ns)   --->   "%br_ln0 = br i1 %do_init, void %MultLoop.split.i, void %rewind_init"   --->   Operation 90 'br' 'br_ln0' <Predicate = true> <Delay = 0.53>
ST_2 : Operation 91 [1/1] (0.00ns)   --->   "%p_ZZN4nnet24compute_output_buffer_2dINS_5arrayI8ap_fixedILi12ELi6EL9ap_q_mode5EL9_449 = phi i12 %p_ZZN4nnet24compute_output_buffer_2dINS_5arrayI8ap_fixedILi12ELi6EL9ap_q_mode5EL9_500, void %rewind_init, i12 %p_ZZN4nnet24compute_output_buffer_2dINS_5arrayI8ap_fixedILi12ELi6EL9ap_q_mode5EL9_501, void %rewind_header"   --->   Operation 91 'phi' 'p_ZZN4nnet24compute_output_buffer_2dINS_5arrayI8ap_fixedILi12ELi6EL9ap_q_mode5EL9_449' <Predicate = true> <Delay = 0.00>
ST_2 : Operation 92 [1/1] (0.00ns)   --->   "%p_ZZN4nnet24compute_output_buffer_2dINS_5arrayI8ap_fixedILi12ELi6EL9ap_q_mode5EL9_450 = phi i12 %p_ZZN4nnet24compute_output_buffer_2dINS_5arrayI8ap_fixedILi12ELi6EL9ap_q_mode5EL9_499, void %rewind_init, i12 %p_ZZN4nnet24compute_output_buffer_2dINS_5arrayI8ap_fixedILi12ELi6EL9ap_q_mode5EL9_502, void %rewind_header"   --->   Operation 92 'phi' 'p_ZZN4nnet24compute_output_buffer_2dINS_5arrayI8ap_fixedILi12ELi6EL9ap_q_mode5EL9_450' <Predicate = true> <Delay = 0.00>
ST_2 : Operation 93 [1/1] (0.00ns)   --->   "%p_ZZN4nnet24compute_output_buffer_2dINS_5arrayI8ap_fixedILi12ELi6EL9ap_q_mode5EL9_451 = phi i12 %p_ZZN4nnet24compute_output_buffer_2dINS_5arrayI8ap_fixedILi12ELi6EL9ap_q_mode5EL9_498, void %rewind_init, i12 %p_ZZN4nnet24compute_output_buffer_2dINS_5arrayI8ap_fixedILi12ELi6EL9ap_q_mode5EL9_503, void %rewind_header"   --->   Operation 93 'phi' 'p_ZZN4nnet24compute_output_buffer_2dINS_5arrayI8ap_fixedILi12ELi6EL9ap_q_mode5EL9_451' <Predicate = true> <Delay = 0.00>
ST_2 : Operation 94 [1/1] (0.00ns)   --->   "%p_ZZN4nnet24compute_output_buffer_2dINS_5arrayI8ap_fixedILi12ELi6EL9ap_q_mode5EL9_452 = phi i12 %p_ZZN4nnet24compute_output_buffer_2dINS_5arrayI8ap_fixedILi12ELi6EL9ap_q_mode5EL9_497, void %rewind_init, i12 %p_ZZN4nnet24compute_output_buffer_2dINS_5arrayI8ap_fixedILi12ELi6EL9ap_q_mode5EL9_504, void %rewind_header"   --->   Operation 94 'phi' 'p_ZZN4nnet24compute_output_buffer_2dINS_5arrayI8ap_fixedILi12ELi6EL9ap_q_mode5EL9_452' <Predicate = true> <Delay = 0.00>
ST_2 : Operation 95 [1/1] (0.00ns)   --->   "%p_ZZN4nnet24compute_output_buffer_2dINS_5arrayI8ap_fixedILi12ELi6EL9ap_q_mode5EL9_453 = phi i12 %p_ZZN4nnet24compute_output_buffer_2dINS_5arrayI8ap_fixedILi12ELi6EL9ap_q_mode5EL9_496, void %rewind_init, i12 %p_ZZN4nnet24compute_output_buffer_2dINS_5arrayI8ap_fixedILi12ELi6EL9ap_q_mode5EL9_505, void %rewind_header"   --->   Operation 95 'phi' 'p_ZZN4nnet24compute_output_buffer_2dINS_5arrayI8ap_fixedILi12ELi6EL9ap_q_mode5EL9_453' <Predicate = true> <Delay = 0.00>
ST_2 : Operation 96 [1/1] (0.00ns)   --->   "%p_ZZN4nnet24compute_output_buffer_2dINS_5arrayI8ap_fixedILi12ELi6EL9ap_q_mode5EL9_454 = phi i12 %p_ZZN4nnet24compute_output_buffer_2dINS_5arrayI8ap_fixedILi12ELi6EL9ap_q_mode5EL9_495, void %rewind_init, i12 %p_ZZN4nnet24compute_output_buffer_2dINS_5arrayI8ap_fixedILi12ELi6EL9ap_q_mode5EL9_506, void %rewind_header"   --->   Operation 96 'phi' 'p_ZZN4nnet24compute_output_buffer_2dINS_5arrayI8ap_fixedILi12ELi6EL9ap_q_mode5EL9_454' <Predicate = true> <Delay = 0.00>
ST_2 : Operation 97 [1/1] (0.00ns)   --->   "%p_ZZN4nnet24compute_output_buffer_2dINS_5arrayI8ap_fixedILi12ELi6EL9ap_q_mode5EL9_455 = phi i12 %p_ZZN4nnet24compute_output_buffer_2dINS_5arrayI8ap_fixedILi12ELi6EL9ap_q_mode5EL9_494, void %rewind_init, i12 %p_ZZN4nnet24compute_output_buffer_2dINS_5arrayI8ap_fixedILi12ELi6EL9ap_q_mode5EL9_507, void %rewind_header"   --->   Operation 97 'phi' 'p_ZZN4nnet24compute_output_buffer_2dINS_5arrayI8ap_fixedILi12ELi6EL9ap_q_mode5EL9_455' <Predicate = true> <Delay = 0.00>
ST_2 : Operation 98 [1/1] (0.00ns)   --->   "%p_ZZN4nnet24compute_output_buffer_2dINS_5arrayI8ap_fixedILi12ELi6EL9ap_q_mode5EL9_456 = phi i12 %p_ZZN4nnet24compute_output_buffer_2dINS_5arrayI8ap_fixedILi12ELi6EL9ap_q_mode5EL9_493, void %rewind_init, i12 %p_ZZN4nnet24compute_output_buffer_2dINS_5arrayI8ap_fixedILi12ELi6EL9ap_q_mode5EL9_508, void %rewind_header"   --->   Operation 98 'phi' 'p_ZZN4nnet24compute_output_buffer_2dINS_5arrayI8ap_fixedILi12ELi6EL9ap_q_mode5EL9_456' <Predicate = true> <Delay = 0.00>
ST_2 : Operation 99 [1/1] (0.00ns)   --->   "%p_ZZN4nnet24compute_output_buffer_2dINS_5arrayI8ap_fixedILi12ELi6EL9ap_q_mode5EL9_457 = phi i12 %p_ZZN4nnet24compute_output_buffer_2dINS_5arrayI8ap_fixedILi12ELi6EL9ap_q_mode5EL9_492, void %rewind_init, i12 %p_ZZN4nnet24compute_output_buffer_2dINS_5arrayI8ap_fixedILi12ELi6EL9ap_q_mode5EL9_509, void %rewind_header"   --->   Operation 99 'phi' 'p_ZZN4nnet24compute_output_buffer_2dINS_5arrayI8ap_fixedILi12ELi6EL9ap_q_mode5EL9_457' <Predicate = true> <Delay = 0.00>
ST_2 : Operation 100 [1/1] (0.00ns)   --->   "%p_ZZN4nnet24compute_output_buffer_2dINS_5arrayI8ap_fixedILi12ELi6EL9ap_q_mode5EL9_458 = phi i12 %p_ZZN4nnet24compute_output_buffer_2dINS_5arrayI8ap_fixedILi12ELi6EL9ap_q_mode5EL9_491, void %rewind_init, i12 %p_ZZN4nnet24compute_output_buffer_2dINS_5arrayI8ap_fixedILi12ELi6EL9ap_q_mode5EL9_510, void %rewind_header"   --->   Operation 100 'phi' 'p_ZZN4nnet24compute_output_buffer_2dINS_5arrayI8ap_fixedILi12ELi6EL9ap_q_mode5EL9_458' <Predicate = true> <Delay = 0.00>
ST_2 : Operation 101 [1/1] (0.00ns)   --->   "%p_ZZN4nnet24compute_output_buffer_2dINS_5arrayI8ap_fixedILi12ELi6EL9ap_q_mode5EL9_459 = phi i12 %p_ZZN4nnet24compute_output_buffer_2dINS_5arrayI8ap_fixedILi12ELi6EL9ap_q_mode5EL9_490, void %rewind_init, i12 %p_ZZN4nnet24compute_output_buffer_2dINS_5arrayI8ap_fixedILi12ELi6EL9ap_q_mode5EL9_511, void %rewind_header"   --->   Operation 101 'phi' 'p_ZZN4nnet24compute_output_buffer_2dINS_5arrayI8ap_fixedILi12ELi6EL9ap_q_mode5EL9_459' <Predicate = true> <Delay = 0.00>
ST_2 : Operation 102 [1/1] (0.00ns)   --->   "%p_ZZN4nnet24compute_output_buffer_2dINS_5arrayI8ap_fixedILi12ELi6EL9ap_q_mode5EL9_460 = phi i12 %p_ZZN4nnet24compute_output_buffer_2dINS_5arrayI8ap_fixedILi12ELi6EL9ap_q_mode5EL9_489, void %rewind_init, i12 %p_ZZN4nnet24compute_output_buffer_2dINS_5arrayI8ap_fixedILi12ELi6EL9ap_q_mode5EL9_512, void %rewind_header"   --->   Operation 102 'phi' 'p_ZZN4nnet24compute_output_buffer_2dINS_5arrayI8ap_fixedILi12ELi6EL9ap_q_mode5EL9_460' <Predicate = true> <Delay = 0.00>
ST_2 : Operation 103 [1/1] (0.00ns)   --->   "%p_ZZN4nnet24compute_output_buffer_2dINS_5arrayI8ap_fixedILi12ELi6EL9ap_q_mode5EL9_461 = phi i12 %p_ZZN4nnet24compute_output_buffer_2dINS_5arrayI8ap_fixedILi12ELi6EL9ap_q_mode5EL9_488, void %rewind_init, i12 %p_ZZN4nnet24compute_output_buffer_2dINS_5arrayI8ap_fixedILi12ELi6EL9ap_q_mode5EL9_513, void %rewind_header"   --->   Operation 103 'phi' 'p_ZZN4nnet24compute_output_buffer_2dINS_5arrayI8ap_fixedILi12ELi6EL9ap_q_mode5EL9_461' <Predicate = true> <Delay = 0.00>
ST_2 : Operation 104 [1/1] (0.00ns)   --->   "%p_ZZN4nnet24compute_output_buffer_2dINS_5arrayI8ap_fixedILi12ELi6EL9ap_q_mode5EL9_462 = phi i12 %p_ZZN4nnet24compute_output_buffer_2dINS_5arrayI8ap_fixedILi12ELi6EL9ap_q_mode5EL9_487, void %rewind_init, i12 %p_ZZN4nnet24compute_output_buffer_2dINS_5arrayI8ap_fixedILi12ELi6EL9ap_q_mode5EL9_514, void %rewind_header"   --->   Operation 104 'phi' 'p_ZZN4nnet24compute_output_buffer_2dINS_5arrayI8ap_fixedILi12ELi6EL9ap_q_mode5EL9_462' <Predicate = true> <Delay = 0.00>
ST_2 : Operation 105 [1/1] (0.00ns)   --->   "%p_ZZN4nnet24compute_output_buffer_2dINS_5arrayI8ap_fixedILi12ELi6EL9ap_q_mode5EL9_463 = phi i12 %p_ZZN4nnet24compute_output_buffer_2dINS_5arrayI8ap_fixedILi12ELi6EL9ap_q_mode5EL9_486, void %rewind_init, i12 %p_ZZN4nnet24compute_output_buffer_2dINS_5arrayI8ap_fixedILi12ELi6EL9ap_q_mode5EL9_515, void %rewind_header"   --->   Operation 105 'phi' 'p_ZZN4nnet24compute_output_buffer_2dINS_5arrayI8ap_fixedILi12ELi6EL9ap_q_mode5EL9_463' <Predicate = true> <Delay = 0.00>
ST_2 : Operation 106 [1/1] (0.00ns)   --->   "%p_ZZN4nnet24compute_output_buffer_2dINS_5arrayI8ap_fixedILi12ELi6EL9ap_q_mode5EL9_464 = phi i12 %p_ZZN4nnet24compute_output_buffer_2dINS_5arrayI8ap_fixedILi12ELi6EL9ap_q_mode5EL9_485, void %rewind_init, i12 %p_ZZN4nnet24compute_output_buffer_2dINS_5arrayI8ap_fixedILi12ELi6EL9ap_q_mode5EL9_516, void %rewind_header"   --->   Operation 106 'phi' 'p_ZZN4nnet24compute_output_buffer_2dINS_5arrayI8ap_fixedILi12ELi6EL9ap_q_mode5EL9_464' <Predicate = true> <Delay = 0.00>
ST_2 : Operation 107 [1/1] (0.00ns)   --->   "%p_ZZN4nnet24compute_output_buffer_2dINS_5arrayI8ap_fixedILi12ELi6EL9ap_q_mode5EL9_465 = phi i12 %p_ZZN4nnet24compute_output_buffer_2dINS_5arrayI8ap_fixedILi12ELi6EL9ap_q_mode5EL9_484, void %rewind_init, i12 %p_ZZN4nnet24compute_output_buffer_2dINS_5arrayI8ap_fixedILi12ELi6EL9ap_q_mode5EL9_517, void %rewind_header"   --->   Operation 107 'phi' 'p_ZZN4nnet24compute_output_buffer_2dINS_5arrayI8ap_fixedILi12ELi6EL9ap_q_mode5EL9_465' <Predicate = true> <Delay = 0.00>
ST_2 : Operation 108 [1/1] (0.00ns)   --->   "%p_ZZN4nnet24compute_output_buffer_2dINS_5arrayI8ap_fixedILi12ELi6EL9ap_q_mode5EL9_466 = phi i12 %p_ZZN4nnet24compute_output_buffer_2dINS_5arrayI8ap_fixedILi12ELi6EL9ap_q_mode5EL9_483, void %rewind_init, i12 %p_ZZN4nnet24compute_output_buffer_2dINS_5arrayI8ap_fixedILi12ELi6EL9ap_q_mode5EL9_518, void %rewind_header"   --->   Operation 108 'phi' 'p_ZZN4nnet24compute_output_buffer_2dINS_5arrayI8ap_fixedILi12ELi6EL9ap_q_mode5EL9_466' <Predicate = true> <Delay = 0.00>
ST_2 : Operation 109 [1/1] (0.00ns)   --->   "%p_ZZN4nnet24compute_output_buffer_2dINS_5arrayI8ap_fixedILi12ELi6EL9ap_q_mode5EL9_467 = phi i12 %p_ZZN4nnet24compute_output_buffer_2dINS_5arrayI8ap_fixedILi12ELi6EL9ap_q_mode5EL9_482, void %rewind_init, i12 %p_ZZN4nnet24compute_output_buffer_2dINS_5arrayI8ap_fixedILi12ELi6EL9ap_q_mode5EL9_519, void %rewind_header"   --->   Operation 109 'phi' 'p_ZZN4nnet24compute_output_buffer_2dINS_5arrayI8ap_fixedILi12ELi6EL9ap_q_mode5EL9_467' <Predicate = true> <Delay = 0.00>
ST_2 : Operation 110 [1/1] (0.00ns)   --->   "%p_ZZN4nnet24compute_output_buffer_2dINS_5arrayI8ap_fixedILi12ELi6EL9ap_q_mode5EL9_468 = phi i12 %p_ZZN4nnet24compute_output_buffer_2dINS_5arrayI8ap_fixedILi12ELi6EL9ap_q_mode5EL9_481, void %rewind_init, i12 %p_ZZN4nnet24compute_output_buffer_2dINS_5arrayI8ap_fixedILi12ELi6EL9ap_q_mode5EL9_520, void %rewind_header"   --->   Operation 110 'phi' 'p_ZZN4nnet24compute_output_buffer_2dINS_5arrayI8ap_fixedILi12ELi6EL9ap_q_mode5EL9_468' <Predicate = true> <Delay = 0.00>
ST_2 : Operation 111 [1/1] (0.00ns)   --->   "%p_ZZN4nnet24compute_output_buffer_2dINS_5arrayI8ap_fixedILi12ELi6EL9ap_q_mode5EL9_469 = phi i12 %p_ZZN4nnet24compute_output_buffer_2dINS_5arrayI8ap_fixedILi12ELi6EL9ap_q_mode5EL9_480, void %rewind_init, i12 %p_ZZN4nnet24compute_output_buffer_2dINS_5arrayI8ap_fixedILi12ELi6EL9ap_q_mode5EL9_521, void %rewind_header"   --->   Operation 111 'phi' 'p_ZZN4nnet24compute_output_buffer_2dINS_5arrayI8ap_fixedILi12ELi6EL9ap_q_mode5EL9_469' <Predicate = true> <Delay = 0.00>
ST_2 : Operation 112 [1/1] (0.00ns)   --->   "%p_ZZN4nnet24compute_output_buffer_2dINS_5arrayI8ap_fixedILi12ELi6EL9ap_q_mode5EL9_470 = phi i12 %p_ZZN4nnet24compute_output_buffer_2dINS_5arrayI8ap_fixedILi12ELi6EL9ap_q_mode5EL9_479, void %rewind_init, i12 %p_ZZN4nnet24compute_output_buffer_2dINS_5arrayI8ap_fixedILi12ELi6EL9ap_q_mode5EL9_522, void %rewind_header"   --->   Operation 112 'phi' 'p_ZZN4nnet24compute_output_buffer_2dINS_5arrayI8ap_fixedILi12ELi6EL9ap_q_mode5EL9_470' <Predicate = true> <Delay = 0.00>
ST_2 : Operation 113 [1/1] (0.00ns)   --->   "%p_ZZN4nnet24compute_output_buffer_2dINS_5arrayI8ap_fixedILi12ELi6EL9ap_q_mode5EL9_471 = phi i12 %p_ZZN4nnet24compute_output_buffer_2dINS_5arrayI8ap_fixedILi12ELi6EL9ap_q_mode5EL9_478, void %rewind_init, i12 %p_ZZN4nnet24compute_output_buffer_2dINS_5arrayI8ap_fixedILi12ELi6EL9ap_q_mode5EL9_523, void %rewind_header"   --->   Operation 113 'phi' 'p_ZZN4nnet24compute_output_buffer_2dINS_5arrayI8ap_fixedILi12ELi6EL9ap_q_mode5EL9_471' <Predicate = true> <Delay = 0.00>
ST_2 : Operation 114 [1/1] (0.00ns)   --->   "%p_ZZN4nnet24compute_output_buffer_2dINS_5arrayI8ap_fixedILi12ELi6EL9ap_q_mode5EL9_472 = phi i12 %p_ZZN4nnet24compute_output_buffer_2dINS_5arrayI8ap_fixedILi12ELi6EL9ap_q_mode5EL9_477, void %rewind_init, i12 %p_ZZN4nnet24compute_output_buffer_2dINS_5arrayI8ap_fixedILi12ELi6EL9ap_q_mode5EL9_524, void %rewind_header"   --->   Operation 114 'phi' 'p_ZZN4nnet24compute_output_buffer_2dINS_5arrayI8ap_fixedILi12ELi6EL9ap_q_mode5EL9_472' <Predicate = true> <Delay = 0.00>
ST_2 : Operation 115 [1/1] (0.00ns)   --->   "%p_ZZN4nnet24compute_output_buffer_2dINS_5arrayI8ap_fixedILi12ELi6EL9ap_q_mode5EL9_473 = phi i12 %p_ZZN4nnet24compute_output_buffer_2dINS_5arrayI8ap_fixedILi12ELi6EL9ap_q_mode5EL9_476, void %rewind_init, i12 %p_ZZN4nnet24compute_output_buffer_2dINS_5arrayI8ap_fixedILi12ELi6EL9ap_q_mode5EL9_525, void %rewind_header"   --->   Operation 115 'phi' 'p_ZZN4nnet24compute_output_buffer_2dINS_5arrayI8ap_fixedILi12ELi6EL9ap_q_mode5EL9_473' <Predicate = true> <Delay = 0.00>
ST_2 : Operation 116 [1/1] (0.00ns)   --->   "%p_ZZN4nnet24compute_output_buffer_2dINS_5arrayI8ap_fixedILi12ELi6EL9ap_q_mode5EL9_474 = phi i12 %p_ZZN4nnet24compute_output_buffer_2dINS_5arrayI8ap_fixedILi12ELi6EL9ap_q_mode5EL9_475, void %rewind_init, i12 %p_ZZN4nnet24compute_output_buffer_2dINS_5arrayI8ap_fixedILi12ELi6EL9ap_q_mode5EL9_526, void %rewind_header"   --->   Operation 116 'phi' 'p_ZZN4nnet24compute_output_buffer_2dINS_5arrayI8ap_fixedILi12ELi6EL9ap_q_mode5EL9_474' <Predicate = true> <Delay = 0.00>
ST_2 : Operation 117 [1/1] (0.00ns)   --->   "%void_compute_output_buffer_2d_array_const_ap_shift_reg_n_chan_stream_weig_87 = phi i12 %void_compute_output_buffer_2d_array_const_ap_shift_reg_n_chan_stream_weig_106, void %rewind_init, i12 %void_compute_output_buffer_2d_array_const_ap_shift_reg_n_chan_stream_weig_107, void %rewind_header"   --->   Operation 117 'phi' 'void_compute_output_buffer_2d_array_const_ap_shift_reg_n_chan_stream_weig_87' <Predicate = true> <Delay = 0.00>
ST_2 : Operation 118 [1/1] (0.00ns)   --->   "%void_compute_output_buffer_2d_array_const_ap_shift_reg_n_chan_stream_weig_88 = phi i12 %void_compute_output_buffer_2d_array_const_ap_shift_reg_n_chan_stream_weig_105, void %rewind_init, i12 %void_compute_output_buffer_2d_array_const_ap_shift_reg_n_chan_stream_weig_108, void %rewind_header"   --->   Operation 118 'phi' 'void_compute_output_buffer_2d_array_const_ap_shift_reg_n_chan_stream_weig_88' <Predicate = true> <Delay = 0.00>
ST_2 : Operation 119 [1/1] (0.00ns)   --->   "%void_compute_output_buffer_2d_array_const_ap_shift_reg_n_chan_stream_weig_89 = phi i12 %void_compute_output_buffer_2d_array_const_ap_shift_reg_n_chan_stream_weig_104, void %rewind_init, i12 %void_compute_output_buffer_2d_array_const_ap_shift_reg_n_chan_stream_weig_109, void %rewind_header"   --->   Operation 119 'phi' 'void_compute_output_buffer_2d_array_const_ap_shift_reg_n_chan_stream_weig_89' <Predicate = true> <Delay = 0.00>
ST_2 : Operation 120 [1/1] (0.00ns)   --->   "%void_compute_output_buffer_2d_array_const_ap_shift_reg_n_chan_stream_weig_90 = phi i12 %void_compute_output_buffer_2d_array_const_ap_shift_reg_n_chan_stream_weig_103, void %rewind_init, i12 %void_compute_output_buffer_2d_array_const_ap_shift_reg_n_chan_stream_weig_110, void %rewind_header"   --->   Operation 120 'phi' 'void_compute_output_buffer_2d_array_const_ap_shift_reg_n_chan_stream_weig_90' <Predicate = true> <Delay = 0.00>
ST_2 : Operation 121 [1/1] (0.00ns)   --->   "%void_compute_output_buffer_2d_array_const_ap_shift_reg_n_chan_stream_weig_91 = phi i12 %void_compute_output_buffer_2d_array_const_ap_shift_reg_n_chan_stream_weig_102, void %rewind_init, i12 %void_compute_output_buffer_2d_array_const_ap_shift_reg_n_chan_stream_weig_111, void %rewind_header"   --->   Operation 121 'phi' 'void_compute_output_buffer_2d_array_const_ap_shift_reg_n_chan_stream_weig_91' <Predicate = true> <Delay = 0.00>
ST_2 : Operation 122 [1/1] (0.00ns)   --->   "%void_compute_output_buffer_2d_array_const_ap_shift_reg_n_chan_stream_weig_92 = phi i12 %void_compute_output_buffer_2d_array_const_ap_shift_reg_n_chan_stream_weig_101, void %rewind_init, i12 %void_compute_output_buffer_2d_array_const_ap_shift_reg_n_chan_stream_weig_112, void %rewind_header"   --->   Operation 122 'phi' 'void_compute_output_buffer_2d_array_const_ap_shift_reg_n_chan_stream_weig_92' <Predicate = true> <Delay = 0.00>
ST_2 : Operation 123 [1/1] (0.00ns)   --->   "%void_compute_output_buffer_2d_array_const_ap_shift_reg_n_chan_stream_weig_93 = phi i12 %void_compute_output_buffer_2d_array_const_ap_shift_reg_n_chan_stream_weig_100, void %rewind_init, i12 %void_compute_output_buffer_2d_array_const_ap_shift_reg_n_chan_stream_weig_113, void %rewind_header"   --->   Operation 123 'phi' 'void_compute_output_buffer_2d_array_const_ap_shift_reg_n_chan_stream_weig_93' <Predicate = true> <Delay = 0.00>
ST_2 : Operation 124 [1/1] (0.00ns)   --->   "%void_compute_output_buffer_2d_array_const_ap_shift_reg_n_chan_stream_weig_94 = phi i12 %void_compute_output_buffer_2d_array_const_ap_shift_reg_n_chan_stream_weig_99, void %rewind_init, i12 %void_compute_output_buffer_2d_array_const_ap_shift_reg_n_chan_stream_weig_114, void %rewind_header"   --->   Operation 124 'phi' 'void_compute_output_buffer_2d_array_const_ap_shift_reg_n_chan_stream_weig_94' <Predicate = true> <Delay = 0.00>
ST_2 : Operation 125 [1/1] (0.00ns)   --->   "%void_compute_output_buffer_2d_array_const_ap_shift_reg_n_chan_stream_weig_95 = phi i12 %void_compute_output_buffer_2d_array_const_ap_shift_reg_n_chan_stream_weig_98, void %rewind_init, i12 %void_compute_output_buffer_2d_array_const_ap_shift_reg_n_chan_stream_weig_115, void %rewind_header"   --->   Operation 125 'phi' 'void_compute_output_buffer_2d_array_const_ap_shift_reg_n_chan_stream_weig_95' <Predicate = true> <Delay = 0.00>
ST_2 : Operation 126 [1/1] (0.00ns)   --->   "%void_compute_output_buffer_2d_array_const_ap_shift_reg_n_chan_stream_weig_96 = phi i12 %void_compute_output_buffer_2d_array_const_ap_shift_reg_n_chan_stream_weig_97, void %rewind_init, i12 %void_compute_output_buffer_2d_array_const_ap_shift_reg_n_chan_stream_weig_116, void %rewind_header"   --->   Operation 126 'phi' 'void_compute_output_buffer_2d_array_const_ap_shift_reg_n_chan_stream_weig_96' <Predicate = true> <Delay = 0.00>
ST_2 : Operation 127 [1/1] (0.92ns)   --->   "%a = sparsemux i12 @_ssdm_op_SparseMux.ap_auto.18i12.i12.i5, i5 0, i12 %void_compute_output_buffer_2d_array_const_ap_shift_reg_n_chan_stream_weig_96, i5 1, i12 %void_compute_output_buffer_2d_array_const_ap_shift_reg_n_chan_stream_weig_95, i5 2, i12 %void_compute_output_buffer_2d_array_const_ap_shift_reg_n_chan_stream_weig_94, i5 3, i12 %void_compute_output_buffer_2d_array_const_ap_shift_reg_n_chan_stream_weig_93, i5 4, i12 %void_compute_output_buffer_2d_array_const_ap_shift_reg_n_chan_stream_weig_92, i5 5, i12 %void_compute_output_buffer_2d_array_const_ap_shift_reg_n_chan_stream_weig_91, i5 6, i12 %void_compute_output_buffer_2d_array_const_ap_shift_reg_n_chan_stream_weig_90, i5 7, i12 %void_compute_output_buffer_2d_array_const_ap_shift_reg_n_chan_stream_weig_89, i5 8, i12 %void_compute_output_buffer_2d_array_const_ap_shift_reg_n_chan_stream_weig_88, i5 9, i12 %void_compute_output_buffer_2d_array_const_ap_shift_reg_n_chan_stream_weig_87, i5 10, i12 %p_ZZN4nnet24compute_output_buffer_2dINS_5arrayI8ap_fixedILi12ELi6EL9ap_q_mode5EL9_474, i5 11, i12 %p_ZZN4nnet24compute_output_buffer_2dINS_5arrayI8ap_fixedILi12ELi6EL9ap_q_mode5EL9_473, i5 12, i12 %p_ZZN4nnet24compute_output_buffer_2dINS_5arrayI8ap_fixedILi12ELi6EL9ap_q_mode5EL9_472, i5 13, i12 %p_ZZN4nnet24compute_output_buffer_2dINS_5arrayI8ap_fixedILi12ELi6EL9ap_q_mode5EL9_471, i5 14, i12 %p_ZZN4nnet24compute_output_buffer_2dINS_5arrayI8ap_fixedILi12ELi6EL9ap_q_mode5EL9_470, i5 15, i12 %p_ZZN4nnet24compute_output_buffer_2dINS_5arrayI8ap_fixedILi12ELi6EL9ap_q_mode5EL9_469, i5 16, i12 %p_ZZN4nnet24compute_output_buffer_2dINS_5arrayI8ap_fixedILi12ELi6EL9ap_q_mode5EL9_468, i5 17, i12 %p_ZZN4nnet24compute_output_buffer_2dINS_5arrayI8ap_fixedILi12ELi6EL9ap_q_mode5EL9_467, i12 0, i5 %w_index3" [firmware/nnet_utils/nnet_dense_resource.h:46]   --->   Operation 127 'sparsemux' 'a' <Predicate = true> <Delay = 0.92> <CoreInst = "SparseMux">   --->   Core 143 'SparseMux' <Latency = 0> <II = 1> <Delay = 0.92> <FuncUnit> <Opcode : 'sparsemux'> <InPorts = 2> <OutPorts = 1>
ST_2 : Operation 128 [1/2] (1.77ns)   --->   "%w9_load = load i5 %w9_addr" [firmware/nnet_utils/nnet_dense_resource.h:59]   --->   Operation 128 'load' 'w9_load' <Predicate = true> <Delay = 1.77> <CoreInst = "ROM_nP_BRAM">   --->   Core 109 'ROM_nP_BRAM' <Latency = 1> <II = 1> <Delay = 1.77> <Storage> <Opcode : 'load'> <Ports = 0> <Width = 138> <Depth = 18> <ROM>
ST_2 : Operation 129 [1/1] (0.00ns)   --->   "%w = trunc i138 %w9_load" [firmware/nnet_utils/nnet_dense_resource.h:59]   --->   Operation 129 'trunc' 'w' <Predicate = true> <Delay = 0.00>
ST_2 : Operation 130 [1/1] (0.92ns)   --->   "%a_12 = sparsemux i12 @_ssdm_op_SparseMux.ap_auto.18i12.i12.i5, i5 0, i12 %p_ZZN4nnet24compute_output_buffer_2dINS_5arrayI8ap_fixedILi12ELi6EL9ap_q_mode5EL9_466, i5 1, i12 %p_ZZN4nnet24compute_output_buffer_2dINS_5arrayI8ap_fixedILi12ELi6EL9ap_q_mode5EL9_465, i5 2, i12 %p_ZZN4nnet24compute_output_buffer_2dINS_5arrayI8ap_fixedILi12ELi6EL9ap_q_mode5EL9_464, i5 3, i12 %p_ZZN4nnet24compute_output_buffer_2dINS_5arrayI8ap_fixedILi12ELi6EL9ap_q_mode5EL9_463, i5 4, i12 %p_ZZN4nnet24compute_output_buffer_2dINS_5arrayI8ap_fixedILi12ELi6EL9ap_q_mode5EL9_462, i5 5, i12 %p_ZZN4nnet24compute_output_buffer_2dINS_5arrayI8ap_fixedILi12ELi6EL9ap_q_mode5EL9_461, i5 6, i12 %p_ZZN4nnet24compute_output_buffer_2dINS_5arrayI8ap_fixedILi12ELi6EL9ap_q_mode5EL9_460, i5 7, i12 %p_ZZN4nnet24compute_output_buffer_2dINS_5arrayI8ap_fixedILi12ELi6EL9ap_q_mode5EL9_459, i5 8, i12 %p_ZZN4nnet24compute_output_buffer_2dINS_5arrayI8ap_fixedILi12ELi6EL9ap_q_mode5EL9_458, i5 9, i12 %p_ZZN4nnet24compute_output_buffer_2dINS_5arrayI8ap_fixedILi12ELi6EL9ap_q_mode5EL9_457, i5 10, i12 %p_ZZN4nnet24compute_output_buffer_2dINS_5arrayI8ap_fixedILi12ELi6EL9ap_q_mode5EL9_456, i5 11, i12 %p_ZZN4nnet24compute_output_buffer_2dINS_5arrayI8ap_fixedILi12ELi6EL9ap_q_mode5EL9_455, i5 12, i12 %p_ZZN4nnet24compute_output_buffer_2dINS_5arrayI8ap_fixedILi12ELi6EL9ap_q_mode5EL9_454, i5 13, i12 %p_ZZN4nnet24compute_output_buffer_2dINS_5arrayI8ap_fixedILi12ELi6EL9ap_q_mode5EL9_453, i5 14, i12 %p_ZZN4nnet24compute_output_buffer_2dINS_5arrayI8ap_fixedILi12ELi6EL9ap_q_mode5EL9_452, i5 15, i12 %p_ZZN4nnet24compute_output_buffer_2dINS_5arrayI8ap_fixedILi12ELi6EL9ap_q_mode5EL9_451, i5 16, i12 %p_ZZN4nnet24compute_output_buffer_2dINS_5arrayI8ap_fixedILi12ELi6EL9ap_q_mode5EL9_450, i5 17, i12 %p_ZZN4nnet24compute_output_buffer_2dINS_5arrayI8ap_fixedILi12ELi6EL9ap_q_mode5EL9_449, i12 0, i5 %w_index3" [firmware/nnet_utils/nnet_dense_resource.h:46]   --->   Operation 130 'sparsemux' 'a_12' <Predicate = true> <Delay = 0.92> <CoreInst = "SparseMux">   --->   Core 143 'SparseMux' <Latency = 0> <II = 1> <Delay = 0.92> <FuncUnit> <Opcode : 'sparsemux'> <InPorts = 2> <OutPorts = 1>
ST_2 : Operation 131 [1/1] (0.00ns)   --->   "%w_1 = partselect i12 @_ssdm_op_PartSelect.i12.i138.i32.i32, i138 %w9_load, i32 12, i32 23" [firmware/nnet_utils/nnet_dense_resource.h:59]   --->   Operation 131 'partselect' 'w_1' <Predicate = true> <Delay = 0.00>
ST_2 : Operation 132 [1/1] (0.00ns)   --->   "%w_2 = partselect i12 @_ssdm_op_PartSelect.i12.i138.i32.i32, i138 %w9_load, i32 24, i32 35" [firmware/nnet_utils/nnet_dense_resource.h:59]   --->   Operation 132 'partselect' 'w_2' <Predicate = true> <Delay = 0.00>
ST_2 : Operation 133 [1/1] (0.00ns)   --->   "%w_3 = partselect i12 @_ssdm_op_PartSelect.i12.i138.i32.i32, i138 %w9_load, i32 36, i32 47" [firmware/nnet_utils/nnet_dense_resource.h:59]   --->   Operation 133 'partselect' 'w_3' <Predicate = true> <Delay = 0.00>
ST_2 : Operation 134 [1/1] (0.00ns)   --->   "%w_4 = partselect i12 @_ssdm_op_PartSelect.i12.i138.i32.i32, i138 %w9_load, i32 48, i32 59" [firmware/nnet_utils/nnet_dense_resource.h:59]   --->   Operation 134 'partselect' 'w_4' <Predicate = true> <Delay = 0.00>
ST_2 : Operation 135 [1/1] (0.00ns)   --->   "%w_5 = partselect i12 @_ssdm_op_PartSelect.i12.i138.i32.i32, i138 %w9_load, i32 60, i32 71" [firmware/nnet_utils/nnet_dense_resource.h:59]   --->   Operation 135 'partselect' 'w_5' <Predicate = true> <Delay = 0.00>
ST_2 : Operation 136 [1/1] (0.00ns)   --->   "%w_6 = partselect i12 @_ssdm_op_PartSelect.i12.i138.i32.i32, i138 %w9_load, i32 72, i32 83" [firmware/nnet_utils/nnet_dense_resource.h:59]   --->   Operation 136 'partselect' 'w_6' <Predicate = true> <Delay = 0.00>
ST_2 : Operation 137 [1/1] (0.00ns)   --->   "%w_7 = partselect i12 @_ssdm_op_PartSelect.i12.i138.i32.i32, i138 %w9_load, i32 84, i32 95" [firmware/nnet_utils/nnet_dense_resource.h:59]   --->   Operation 137 'partselect' 'w_7' <Predicate = true> <Delay = 0.00>
ST_2 : Operation 138 [1/1] (0.00ns)   --->   "%w_8 = partselect i12 @_ssdm_op_PartSelect.i12.i138.i32.i32, i138 %w9_load, i32 96, i32 107" [firmware/nnet_utils/nnet_dense_resource.h:59]   --->   Operation 138 'partselect' 'w_8' <Predicate = true> <Delay = 0.00>
ST_2 : Operation 139 [1/1] (0.00ns)   --->   "%w_9 = partselect i12 @_ssdm_op_PartSelect.i12.i138.i32.i32, i138 %w9_load, i32 108, i32 119" [firmware/nnet_utils/nnet_dense_resource.h:59]   --->   Operation 139 'partselect' 'w_9' <Predicate = true> <Delay = 0.00>
ST_2 : Operation 140 [1/1] (0.00ns)   --->   "%w_10 = partselect i12 @_ssdm_op_PartSelect.i12.i138.i32.i32, i138 %w9_load, i32 120, i32 131" [firmware/nnet_utils/nnet_dense_resource.h:59]   --->   Operation 140 'partselect' 'w_10' <Predicate = true> <Delay = 0.00>
ST_2 : Operation 141 [1/1] (0.00ns)   --->   "%tmp = partselect i6 @_ssdm_op_PartSelect.i6.i138.i32.i32, i138 %w9_load, i32 132, i32 137" [firmware/nnet_utils/nnet_dense_resource.h:59]   --->   Operation 141 'partselect' 'tmp' <Predicate = true> <Delay = 0.00>

State 3 <SV = 2> <Delay = 3.43>
ST_3 : Operation 142 [1/1] (0.00ns)   --->   "%sext_ln73 = sext i12 %w" [firmware/nnet_utils/nnet_mult.h:73->firmware/nnet_utils/nnet_dense_resource.h:59]   --->   Operation 142 'sext' 'sext_ln73' <Predicate = true> <Delay = 0.00>
ST_3 : Operation 143 [1/1] (0.00ns)   --->   "%sext_ln73_7 = sext i12 %a" [firmware/nnet_utils/nnet_mult.h:73->firmware/nnet_utils/nnet_dense_resource.h:59]   --->   Operation 143 'sext' 'sext_ln73_7' <Predicate = true> <Delay = 0.00>
ST_3 : Operation 144 [1/1] (3.43ns)   --->   "%mul_ln58 = mul i18 %sext_ln73, i18 %sext_ln73_7" [firmware/nnet_utils/nnet_dense_resource.h:58]   --->   Operation 144 'mul' 'mul_ln58' <Predicate = true> <Delay = 3.43> <CoreInst = "Multiplier">   --->   Core 3 'Multiplier' <Latency = 0> <II = 1> <Delay = 3.43> <FuncUnit> <Opcode : 'mul'> <InPorts = 2> <OutPorts = 1>
ST_3 : Operation 145 [1/1] (0.00ns)   --->   "%trunc_ln = partselect i12 @_ssdm_op_PartSelect.i12.i18.i32.i32, i18 %mul_ln58, i32 6, i32 17" [firmware/nnet_utils/nnet_dense_resource.h:58]   --->   Operation 145 'partselect' 'trunc_ln' <Predicate = true> <Delay = 0.00>
ST_3 : Operation 146 [1/1] (0.00ns)   --->   "%sext_ln73_8 = sext i12 %w_1" [firmware/nnet_utils/nnet_mult.h:73->firmware/nnet_utils/nnet_dense_resource.h:59]   --->   Operation 146 'sext' 'sext_ln73_8' <Predicate = true> <Delay = 0.00>
ST_3 : Operation 147 [1/1] (0.00ns)   --->   "%sext_ln73_9 = sext i12 %a_12" [firmware/nnet_utils/nnet_mult.h:73->firmware/nnet_utils/nnet_dense_resource.h:59]   --->   Operation 147 'sext' 'sext_ln73_9' <Predicate = true> <Delay = 0.00>
ST_3 : Operation 148 [1/1] (3.43ns)   --->   "%mul_ln58_1 = mul i18 %sext_ln73_8, i18 %sext_ln73_9" [firmware/nnet_utils/nnet_dense_resource.h:58]   --->   Operation 148 'mul' 'mul_ln58_1' <Predicate = true> <Delay = 3.43> <CoreInst = "Multiplier">   --->   Core 3 'Multiplier' <Latency = 0> <II = 1> <Delay = 3.43> <FuncUnit> <Opcode : 'mul'> <InPorts = 2> <OutPorts = 1>
ST_3 : Operation 149 [1/1] (0.00ns)   --->   "%trunc_ln58_1 = partselect i12 @_ssdm_op_PartSelect.i12.i18.i32.i32, i18 %mul_ln58_1, i32 6, i32 17" [firmware/nnet_utils/nnet_dense_resource.h:58]   --->   Operation 149 'partselect' 'trunc_ln58_1' <Predicate = true> <Delay = 0.00>
ST_3 : Operation 150 [1/1] (0.00ns)   --->   "%sext_ln73_10 = sext i12 %w_2" [firmware/nnet_utils/nnet_mult.h:73->firmware/nnet_utils/nnet_dense_resource.h:59]   --->   Operation 150 'sext' 'sext_ln73_10' <Predicate = true> <Delay = 0.00>
ST_3 : Operation 151 [1/1] (3.43ns)   --->   "%mul_ln58_2 = mul i18 %sext_ln73_10, i18 %sext_ln73_7" [firmware/nnet_utils/nnet_dense_resource.h:58]   --->   Operation 151 'mul' 'mul_ln58_2' <Predicate = true> <Delay = 3.43> <CoreInst = "Multiplier">   --->   Core 3 'Multiplier' <Latency = 0> <II = 1> <Delay = 3.43> <FuncUnit> <Opcode : 'mul'> <InPorts = 2> <OutPorts = 1>
ST_3 : Operation 152 [1/1] (0.00ns)   --->   "%trunc_ln58_2 = partselect i12 @_ssdm_op_PartSelect.i12.i18.i32.i32, i18 %mul_ln58_2, i32 6, i32 17" [firmware/nnet_utils/nnet_dense_resource.h:58]   --->   Operation 152 'partselect' 'trunc_ln58_2' <Predicate = true> <Delay = 0.00>
ST_3 : Operation 153 [1/1] (0.00ns)   --->   "%sext_ln73_11 = sext i12 %w_3" [firmware/nnet_utils/nnet_mult.h:73->firmware/nnet_utils/nnet_dense_resource.h:59]   --->   Operation 153 'sext' 'sext_ln73_11' <Predicate = true> <Delay = 0.00>
ST_3 : Operation 154 [1/1] (3.43ns)   --->   "%mul_ln58_3 = mul i18 %sext_ln73_11, i18 %sext_ln73_9" [firmware/nnet_utils/nnet_dense_resource.h:58]   --->   Operation 154 'mul' 'mul_ln58_3' <Predicate = true> <Delay = 3.43> <CoreInst = "Multiplier">   --->   Core 3 'Multiplier' <Latency = 0> <II = 1> <Delay = 3.43> <FuncUnit> <Opcode : 'mul'> <InPorts = 2> <OutPorts = 1>
ST_3 : Operation 155 [1/1] (0.00ns)   --->   "%trunc_ln58_3 = partselect i12 @_ssdm_op_PartSelect.i12.i18.i32.i32, i18 %mul_ln58_3, i32 6, i32 17" [firmware/nnet_utils/nnet_dense_resource.h:58]   --->   Operation 155 'partselect' 'trunc_ln58_3' <Predicate = true> <Delay = 0.00>
ST_3 : Operation 156 [1/1] (0.00ns)   --->   "%sext_ln73_12 = sext i12 %w_4" [firmware/nnet_utils/nnet_mult.h:73->firmware/nnet_utils/nnet_dense_resource.h:59]   --->   Operation 156 'sext' 'sext_ln73_12' <Predicate = true> <Delay = 0.00>
ST_3 : Operation 157 [1/1] (3.43ns)   --->   "%mul_ln58_4 = mul i18 %sext_ln73_12, i18 %sext_ln73_7" [firmware/nnet_utils/nnet_dense_resource.h:58]   --->   Operation 157 'mul' 'mul_ln58_4' <Predicate = true> <Delay = 3.43> <CoreInst = "Multiplier">   --->   Core 3 'Multiplier' <Latency = 0> <II = 1> <Delay = 3.43> <FuncUnit> <Opcode : 'mul'> <InPorts = 2> <OutPorts = 1>
ST_3 : Operation 158 [1/1] (0.00ns)   --->   "%trunc_ln58_4 = partselect i12 @_ssdm_op_PartSelect.i12.i18.i32.i32, i18 %mul_ln58_4, i32 6, i32 17" [firmware/nnet_utils/nnet_dense_resource.h:58]   --->   Operation 158 'partselect' 'trunc_ln58_4' <Predicate = true> <Delay = 0.00>
ST_3 : Operation 159 [1/1] (0.00ns)   --->   "%sext_ln73_13 = sext i12 %w_5" [firmware/nnet_utils/nnet_mult.h:73->firmware/nnet_utils/nnet_dense_resource.h:59]   --->   Operation 159 'sext' 'sext_ln73_13' <Predicate = true> <Delay = 0.00>
ST_3 : Operation 160 [1/1] (3.43ns)   --->   "%mul_ln58_5 = mul i18 %sext_ln73_13, i18 %sext_ln73_9" [firmware/nnet_utils/nnet_dense_resource.h:58]   --->   Operation 160 'mul' 'mul_ln58_5' <Predicate = true> <Delay = 3.43> <CoreInst = "Multiplier">   --->   Core 3 'Multiplier' <Latency = 0> <II = 1> <Delay = 3.43> <FuncUnit> <Opcode : 'mul'> <InPorts = 2> <OutPorts = 1>
ST_3 : Operation 161 [1/1] (0.00ns)   --->   "%trunc_ln58_5 = partselect i12 @_ssdm_op_PartSelect.i12.i18.i32.i32, i18 %mul_ln58_5, i32 6, i32 17" [firmware/nnet_utils/nnet_dense_resource.h:58]   --->   Operation 161 'partselect' 'trunc_ln58_5' <Predicate = true> <Delay = 0.00>
ST_3 : Operation 162 [1/1] (0.00ns)   --->   "%sext_ln73_14 = sext i12 %w_6" [firmware/nnet_utils/nnet_mult.h:73->firmware/nnet_utils/nnet_dense_resource.h:59]   --->   Operation 162 'sext' 'sext_ln73_14' <Predicate = true> <Delay = 0.00>
ST_3 : Operation 163 [1/1] (3.43ns)   --->   "%mul_ln58_6 = mul i18 %sext_ln73_14, i18 %sext_ln73_7" [firmware/nnet_utils/nnet_dense_resource.h:58]   --->   Operation 163 'mul' 'mul_ln58_6' <Predicate = true> <Delay = 3.43> <CoreInst = "Multiplier">   --->   Core 3 'Multiplier' <Latency = 0> <II = 1> <Delay = 3.43> <FuncUnit> <Opcode : 'mul'> <InPorts = 2> <OutPorts = 1>
ST_3 : Operation 164 [1/1] (0.00ns)   --->   "%trunc_ln58_6 = partselect i12 @_ssdm_op_PartSelect.i12.i18.i32.i32, i18 %mul_ln58_6, i32 6, i32 17" [firmware/nnet_utils/nnet_dense_resource.h:58]   --->   Operation 164 'partselect' 'trunc_ln58_6' <Predicate = true> <Delay = 0.00>
ST_3 : Operation 165 [1/1] (0.00ns)   --->   "%sext_ln73_15 = sext i12 %w_7" [firmware/nnet_utils/nnet_mult.h:73->firmware/nnet_utils/nnet_dense_resource.h:59]   --->   Operation 165 'sext' 'sext_ln73_15' <Predicate = true> <Delay = 0.00>
ST_3 : Operation 166 [1/1] (3.43ns)   --->   "%mul_ln58_7 = mul i18 %sext_ln73_15, i18 %sext_ln73_9" [firmware/nnet_utils/nnet_dense_resource.h:58]   --->   Operation 166 'mul' 'mul_ln58_7' <Predicate = true> <Delay = 3.43> <CoreInst = "Multiplier">   --->   Core 3 'Multiplier' <Latency = 0> <II = 1> <Delay = 3.43> <FuncUnit> <Opcode : 'mul'> <InPorts = 2> <OutPorts = 1>
ST_3 : Operation 167 [1/1] (0.00ns)   --->   "%trunc_ln58_7 = partselect i12 @_ssdm_op_PartSelect.i12.i18.i32.i32, i18 %mul_ln58_7, i32 6, i32 17" [firmware/nnet_utils/nnet_dense_resource.h:58]   --->   Operation 167 'partselect' 'trunc_ln58_7' <Predicate = true> <Delay = 0.00>
ST_3 : Operation 168 [1/1] (0.00ns)   --->   "%sext_ln73_16 = sext i12 %w_8" [firmware/nnet_utils/nnet_mult.h:73->firmware/nnet_utils/nnet_dense_resource.h:59]   --->   Operation 168 'sext' 'sext_ln73_16' <Predicate = true> <Delay = 0.00>
ST_3 : Operation 169 [1/1] (3.43ns)   --->   "%mul_ln58_8 = mul i18 %sext_ln73_16, i18 %sext_ln73_7" [firmware/nnet_utils/nnet_dense_resource.h:58]   --->   Operation 169 'mul' 'mul_ln58_8' <Predicate = true> <Delay = 3.43> <CoreInst = "Multiplier">   --->   Core 3 'Multiplier' <Latency = 0> <II = 1> <Delay = 3.43> <FuncUnit> <Opcode : 'mul'> <InPorts = 2> <OutPorts = 1>
ST_3 : Operation 170 [1/1] (0.00ns)   --->   "%trunc_ln58_8 = partselect i12 @_ssdm_op_PartSelect.i12.i18.i32.i32, i18 %mul_ln58_8, i32 6, i32 17" [firmware/nnet_utils/nnet_dense_resource.h:58]   --->   Operation 170 'partselect' 'trunc_ln58_8' <Predicate = true> <Delay = 0.00>
ST_3 : Operation 171 [1/1] (0.00ns)   --->   "%sext_ln73_17 = sext i12 %w_9" [firmware/nnet_utils/nnet_mult.h:73->firmware/nnet_utils/nnet_dense_resource.h:59]   --->   Operation 171 'sext' 'sext_ln73_17' <Predicate = true> <Delay = 0.00>
ST_3 : Operation 172 [1/1] (3.43ns)   --->   "%mul_ln58_9 = mul i18 %sext_ln73_17, i18 %sext_ln73_9" [firmware/nnet_utils/nnet_dense_resource.h:58]   --->   Operation 172 'mul' 'mul_ln58_9' <Predicate = true> <Delay = 3.43> <CoreInst = "Multiplier">   --->   Core 3 'Multiplier' <Latency = 0> <II = 1> <Delay = 3.43> <FuncUnit> <Opcode : 'mul'> <InPorts = 2> <OutPorts = 1>
ST_3 : Operation 173 [1/1] (0.00ns)   --->   "%trunc_ln58_9 = partselect i12 @_ssdm_op_PartSelect.i12.i18.i32.i32, i18 %mul_ln58_9, i32 6, i32 17" [firmware/nnet_utils/nnet_dense_resource.h:58]   --->   Operation 173 'partselect' 'trunc_ln58_9' <Predicate = true> <Delay = 0.00>
ST_3 : Operation 174 [1/1] (0.00ns)   --->   "%sext_ln73_18 = sext i12 %w_10" [firmware/nnet_utils/nnet_mult.h:73->firmware/nnet_utils/nnet_dense_resource.h:59]   --->   Operation 174 'sext' 'sext_ln73_18' <Predicate = true> <Delay = 0.00>
ST_3 : Operation 175 [1/1] (3.43ns)   --->   "%mul_ln58_10 = mul i18 %sext_ln73_18, i18 %sext_ln73_7" [firmware/nnet_utils/nnet_dense_resource.h:58]   --->   Operation 175 'mul' 'mul_ln58_10' <Predicate = true> <Delay = 3.43> <CoreInst = "Multiplier">   --->   Core 3 'Multiplier' <Latency = 0> <II = 1> <Delay = 3.43> <FuncUnit> <Opcode : 'mul'> <InPorts = 2> <OutPorts = 1>
ST_3 : Operation 176 [1/1] (0.00ns)   --->   "%trunc_ln58_s = partselect i12 @_ssdm_op_PartSelect.i12.i18.i32.i32, i18 %mul_ln58_10, i32 6, i32 17" [firmware/nnet_utils/nnet_dense_resource.h:58]   --->   Operation 176 'partselect' 'trunc_ln58_s' <Predicate = true> <Delay = 0.00>
ST_3 : Operation 177 [1/1] (0.00ns)   --->   "%sext_ln73_19 = sext i6 %tmp" [firmware/nnet_utils/nnet_mult.h:73->firmware/nnet_utils/nnet_dense_resource.h:59]   --->   Operation 177 'sext' 'sext_ln73_19' <Predicate = true> <Delay = 0.00>
ST_3 : Operation 178 [1/1] (3.43ns)   --->   "%mul_ln58_11 = mul i18 %sext_ln73_9, i18 %sext_ln73_19" [firmware/nnet_utils/nnet_dense_resource.h:58]   --->   Operation 178 'mul' 'mul_ln58_11' <Predicate = true> <Delay = 3.43> <CoreInst = "Multiplier">   --->   Core 3 'Multiplier' <Latency = 0> <II = 1> <Delay = 3.43> <FuncUnit> <Opcode : 'mul'> <InPorts = 2> <OutPorts = 1>
ST_3 : Operation 179 [1/1] (0.00ns)   --->   "%trunc_ln58_10 = partselect i12 @_ssdm_op_PartSelect.i12.i18.i32.i32, i18 %mul_ln58_11, i32 6, i32 17" [firmware/nnet_utils/nnet_dense_resource.h:58]   --->   Operation 179 'partselect' 'trunc_ln58_10' <Predicate = true> <Delay = 0.00>

State 4 <SV = 3> <Delay = 1.10>
ST_4 : Operation 180 [1/1] (0.00ns)   --->   "%res_0_0_i14 = phi i12 0, void %entry, i12 %add_ln58_1, void %MultLoop.split.i, i12 0, void %dense_resource_rf_leq_nin<ap_fixed<12, 6, 5, 3, 0>, ap_fixed<12, 6, 5, 3, 0>, config9_mult>.exit" [firmware/nnet_utils/nnet_dense_resource.h:58]   --->   Operation 180 'phi' 'res_0_0_i14' <Predicate = true> <Delay = 0.00>
ST_4 : Operation 181 [1/1] (0.00ns)   --->   "%res_1_0_i12 = phi i12 0, void %entry, i12 %add_ln58_3, void %MultLoop.split.i, i12 0, void %dense_resource_rf_leq_nin<ap_fixed<12, 6, 5, 3, 0>, ap_fixed<12, 6, 5, 3, 0>, config9_mult>.exit" [firmware/nnet_utils/nnet_dense_resource.h:58]   --->   Operation 181 'phi' 'res_1_0_i12' <Predicate = true> <Delay = 0.00>
ST_4 : Operation 182 [1/1] (0.00ns)   --->   "%res_2_0_i10 = phi i12 0, void %entry, i12 %add_ln58_5, void %MultLoop.split.i, i12 0, void %dense_resource_rf_leq_nin<ap_fixed<12, 6, 5, 3, 0>, ap_fixed<12, 6, 5, 3, 0>, config9_mult>.exit" [firmware/nnet_utils/nnet_dense_resource.h:58]   --->   Operation 182 'phi' 'res_2_0_i10' <Predicate = true> <Delay = 0.00>
ST_4 : Operation 183 [1/1] (0.00ns)   --->   "%res_3_0_i8 = phi i12 0, void %entry, i12 %add_ln58_7, void %MultLoop.split.i, i12 0, void %dense_resource_rf_leq_nin<ap_fixed<12, 6, 5, 3, 0>, ap_fixed<12, 6, 5, 3, 0>, config9_mult>.exit" [firmware/nnet_utils/nnet_dense_resource.h:58]   --->   Operation 183 'phi' 'res_3_0_i8' <Predicate = true> <Delay = 0.00>
ST_4 : Operation 184 [1/1] (0.00ns)   --->   "%res_4_0_i6 = phi i12 0, void %entry, i12 %add_ln58_9, void %MultLoop.split.i, i12 0, void %dense_resource_rf_leq_nin<ap_fixed<12, 6, 5, 3, 0>, ap_fixed<12, 6, 5, 3, 0>, config9_mult>.exit" [firmware/nnet_utils/nnet_dense_resource.h:58]   --->   Operation 184 'phi' 'res_4_0_i6' <Predicate = true> <Delay = 0.00>
ST_4 : Operation 185 [1/1] (0.00ns)   --->   "%res_5_0_i4 = phi i12 0, void %entry, i12 %add_ln58_11, void %MultLoop.split.i, i12 0, void %dense_resource_rf_leq_nin<ap_fixed<12, 6, 5, 3, 0>, ap_fixed<12, 6, 5, 3, 0>, config9_mult>.exit" [firmware/nnet_utils/nnet_dense_resource.h:58]   --->   Operation 185 'phi' 'res_5_0_i4' <Predicate = true> <Delay = 0.00>
ST_4 : Operation 186 [1/1] (0.00ns)   --->   "%specpipeline_ln47 = specpipeline void @_ssdm_op_SpecPipeline, i32 1, i32 0, i32 0, i32 1, void @empty_8" [firmware/nnet_utils/nnet_dense_resource.h:47]   --->   Operation 186 'specpipeline' 'specpipeline_ln47' <Predicate = true> <Delay = 0.00>
ST_4 : Operation 187 [1/1] (0.00ns)   --->   "%speclooptripcount_ln49 = speclooptripcount void @_ssdm_op_SpecLoopTripCount, i64 18, i64 18, i64 18" [firmware/nnet_utils/nnet_dense_resource.h:49]   --->   Operation 187 'speclooptripcount' 'speclooptripcount_ln49' <Predicate = true> <Delay = 0.00>
ST_4 : Operation 188 [1/1] (0.00ns)   --->   "%specloopname_ln46 = specloopname void @_ssdm_op_SpecLoopName, void @empty_9" [firmware/nnet_utils/nnet_dense_resource.h:46]   --->   Operation 188 'specloopname' 'specloopname_ln46' <Predicate = true> <Delay = 0.00>
ST_4 : Operation 189 [1/1] (0.00ns) (grouped into TernaryAdder)   --->   "%add_ln58 = add i12 %trunc_ln58_1, i12 %trunc_ln" [firmware/nnet_utils/nnet_dense_resource.h:58]   --->   Operation 189 'add' 'add_ln58' <Predicate = true> <Delay = 0.00> <CoreInst = "TAddSub">   --->   Core 10 'TAddSub' <Latency = 0> <II = 1> <Delay = 0.55> <IPBlock> <Opcode : '' 'add' 'sub'> <InPorts = 3> <OutPorts = 1> <Sync> <CReg>
ST_4 : Operation 190 [1/1] (1.10ns) (root node of TernaryAdder)   --->   "%add_ln58_1 = add i12 %res_0_0_i14, i12 %add_ln58" [firmware/nnet_utils/nnet_dense_resource.h:58]   --->   Operation 190 'add' 'add_ln58_1' <Predicate = true> <Delay = 1.10> <CoreInst = "TAddSub">   --->   Core 10 'TAddSub' <Latency = 0> <II = 1> <Delay = 0.55> <IPBlock> <Opcode : '' 'add' 'sub'> <InPorts = 3> <OutPorts = 1> <Sync> <CReg>
ST_4 : Operation 191 [1/1] (0.00ns) (grouped into TernaryAdder)   --->   "%add_ln58_2 = add i12 %trunc_ln58_3, i12 %trunc_ln58_2" [firmware/nnet_utils/nnet_dense_resource.h:58]   --->   Operation 191 'add' 'add_ln58_2' <Predicate = true> <Delay = 0.00> <CoreInst = "TAddSub">   --->   Core 10 'TAddSub' <Latency = 0> <II = 1> <Delay = 0.55> <IPBlock> <Opcode : '' 'add' 'sub'> <InPorts = 3> <OutPorts = 1> <Sync> <CReg>
ST_4 : Operation 192 [1/1] (1.10ns) (root node of TernaryAdder)   --->   "%add_ln58_3 = add i12 %res_1_0_i12, i12 %add_ln58_2" [firmware/nnet_utils/nnet_dense_resource.h:58]   --->   Operation 192 'add' 'add_ln58_3' <Predicate = true> <Delay = 1.10> <CoreInst = "TAddSub">   --->   Core 10 'TAddSub' <Latency = 0> <II = 1> <Delay = 0.55> <IPBlock> <Opcode : '' 'add' 'sub'> <InPorts = 3> <OutPorts = 1> <Sync> <CReg>
ST_4 : Operation 193 [1/1] (0.00ns) (grouped into TernaryAdder)   --->   "%add_ln58_4 = add i12 %trunc_ln58_5, i12 %trunc_ln58_4" [firmware/nnet_utils/nnet_dense_resource.h:58]   --->   Operation 193 'add' 'add_ln58_4' <Predicate = true> <Delay = 0.00> <CoreInst = "TAddSub">   --->   Core 10 'TAddSub' <Latency = 0> <II = 1> <Delay = 0.55> <IPBlock> <Opcode : '' 'add' 'sub'> <InPorts = 3> <OutPorts = 1> <Sync> <CReg>
ST_4 : Operation 194 [1/1] (1.10ns) (root node of TernaryAdder)   --->   "%add_ln58_5 = add i12 %res_2_0_i10, i12 %add_ln58_4" [firmware/nnet_utils/nnet_dense_resource.h:58]   --->   Operation 194 'add' 'add_ln58_5' <Predicate = true> <Delay = 1.10> <CoreInst = "TAddSub">   --->   Core 10 'TAddSub' <Latency = 0> <II = 1> <Delay = 0.55> <IPBlock> <Opcode : '' 'add' 'sub'> <InPorts = 3> <OutPorts = 1> <Sync> <CReg>
ST_4 : Operation 195 [1/1] (0.00ns) (grouped into TernaryAdder)   --->   "%add_ln58_6 = add i12 %trunc_ln58_7, i12 %trunc_ln58_6" [firmware/nnet_utils/nnet_dense_resource.h:58]   --->   Operation 195 'add' 'add_ln58_6' <Predicate = true> <Delay = 0.00> <CoreInst = "TAddSub">   --->   Core 10 'TAddSub' <Latency = 0> <II = 1> <Delay = 0.55> <IPBlock> <Opcode : '' 'add' 'sub'> <InPorts = 3> <OutPorts = 1> <Sync> <CReg>
ST_4 : Operation 196 [1/1] (1.10ns) (root node of TernaryAdder)   --->   "%add_ln58_7 = add i12 %res_3_0_i8, i12 %add_ln58_6" [firmware/nnet_utils/nnet_dense_resource.h:58]   --->   Operation 196 'add' 'add_ln58_7' <Predicate = true> <Delay = 1.10> <CoreInst = "TAddSub">   --->   Core 10 'TAddSub' <Latency = 0> <II = 1> <Delay = 0.55> <IPBlock> <Opcode : '' 'add' 'sub'> <InPorts = 3> <OutPorts = 1> <Sync> <CReg>
ST_4 : Operation 197 [1/1] (0.00ns) (grouped into TernaryAdder)   --->   "%add_ln58_8 = add i12 %trunc_ln58_9, i12 %trunc_ln58_8" [firmware/nnet_utils/nnet_dense_resource.h:58]   --->   Operation 197 'add' 'add_ln58_8' <Predicate = true> <Delay = 0.00> <CoreInst = "TAddSub">   --->   Core 10 'TAddSub' <Latency = 0> <II = 1> <Delay = 0.55> <IPBlock> <Opcode : '' 'add' 'sub'> <InPorts = 3> <OutPorts = 1> <Sync> <CReg>
ST_4 : Operation 198 [1/1] (1.10ns) (root node of TernaryAdder)   --->   "%add_ln58_9 = add i12 %res_4_0_i6, i12 %add_ln58_8" [firmware/nnet_utils/nnet_dense_resource.h:58]   --->   Operation 198 'add' 'add_ln58_9' <Predicate = true> <Delay = 1.10> <CoreInst = "TAddSub">   --->   Core 10 'TAddSub' <Latency = 0> <II = 1> <Delay = 0.55> <IPBlock> <Opcode : '' 'add' 'sub'> <InPorts = 3> <OutPorts = 1> <Sync> <CReg>
ST_4 : Operation 199 [1/1] (0.00ns) (grouped into TernaryAdder)   --->   "%add_ln58_10 = add i12 %trunc_ln58_10, i12 %trunc_ln58_s" [firmware/nnet_utils/nnet_dense_resource.h:58]   --->   Operation 199 'add' 'add_ln58_10' <Predicate = true> <Delay = 0.00> <CoreInst = "TAddSub">   --->   Core 10 'TAddSub' <Latency = 0> <II = 1> <Delay = 0.55> <IPBlock> <Opcode : '' 'add' 'sub'> <InPorts = 3> <OutPorts = 1> <Sync> <CReg>
ST_4 : Operation 200 [1/1] (1.10ns) (root node of TernaryAdder)   --->   "%add_ln58_11 = add i12 %res_5_0_i4, i12 %add_ln58_10" [firmware/nnet_utils/nnet_dense_resource.h:58]   --->   Operation 200 'add' 'add_ln58_11' <Predicate = true> <Delay = 1.10> <CoreInst = "TAddSub">   --->   Core 10 'TAddSub' <Latency = 0> <II = 1> <Delay = 0.55> <IPBlock> <Opcode : '' 'add' 'sub'> <InPorts = 3> <OutPorts = 1> <Sync> <CReg>
ST_4 : Operation 201 [1/1] (0.00ns)   --->   "%mrv_i = insertvalue i72 <undef>, i12 %add_ln58_1" [firmware/nnet_utils/nnet_dense_resource.h:84]   --->   Operation 201 'insertvalue' 'mrv_i' <Predicate = (icmp_ln46)> <Delay = 0.00>
ST_4 : Operation 202 [1/1] (0.00ns)   --->   "%mrv_1_i = insertvalue i72 %mrv_i, i12 %add_ln58_3" [firmware/nnet_utils/nnet_dense_resource.h:84]   --->   Operation 202 'insertvalue' 'mrv_1_i' <Predicate = (icmp_ln46)> <Delay = 0.00>
ST_4 : Operation 203 [1/1] (0.00ns)   --->   "%mrv_2_i = insertvalue i72 %mrv_1_i, i12 %add_ln58_5" [firmware/nnet_utils/nnet_dense_resource.h:84]   --->   Operation 203 'insertvalue' 'mrv_2_i' <Predicate = (icmp_ln46)> <Delay = 0.00>
ST_4 : Operation 204 [1/1] (0.00ns)   --->   "%mrv_3_i = insertvalue i72 %mrv_2_i, i12 %add_ln58_7" [firmware/nnet_utils/nnet_dense_resource.h:84]   --->   Operation 204 'insertvalue' 'mrv_3_i' <Predicate = (icmp_ln46)> <Delay = 0.00>
ST_4 : Operation 205 [1/1] (0.00ns)   --->   "%mrv_4_i = insertvalue i72 %mrv_3_i, i12 %add_ln58_9" [firmware/nnet_utils/nnet_dense_resource.h:84]   --->   Operation 205 'insertvalue' 'mrv_4_i' <Predicate = (icmp_ln46)> <Delay = 0.00>
ST_4 : Operation 206 [1/1] (0.00ns)   --->   "%mrv_5_i = insertvalue i72 %mrv_4_i, i12 %add_ln58_11" [firmware/nnet_utils/nnet_dense_resource.h:84]   --->   Operation 206 'insertvalue' 'mrv_5_i' <Predicate = (icmp_ln46)> <Delay = 0.00>
ST_4 : Operation 207 [1/1] (0.00ns)   --->   "%return_ln84 = return void @_ssdm_op_Return, i72 %mrv_5_i" [firmware/nnet_utils/nnet_dense_resource.h:84]   --->   Operation 207 'return' 'return_ln84' <Predicate = (icmp_ln46)> <Delay = 0.00>


============================================================
+ Verbose Summary: Binding
============================================================
STG Binding: 
---------------- STG Properties BEGIN ----------------
- Is combinational: 0
- Is one-state seq: 0
- Is datapath-only: 0
- Is pipelined: 0
- Is top level: 0
Port [ Return ] is wired: 1; IO mode=ap_ctrl_hs:ce=0
Port [ w9]:  wired=0; compound=1; hidden=1; nouse=0; global=1; static=1; extern=0; dir=0; type=1; pingpong=0; private_global=1; MemPort=[1]; IO mode=ap_memory:ce=0
Port [ void_compute_output_buffer_2d_array_const_ap_shift_reg_n_chan_stream_weig_39]:  wired=1; compound=0; hidden=0; nouse=0; global=1; static=1; extern=0; dir=0; type=0; pingpong=0; private_global=0; IO mode=ap_none:ce=0
Port [ void_compute_output_buffer_2d_array_const_ap_shift_reg_n_chan_stream_weig_38]:  wired=1; compound=0; hidden=0; nouse=0; global=1; static=1; extern=0; dir=0; type=0; pingpong=0; private_global=0; IO mode=ap_none:ce=0
Port [ void_compute_output_buffer_2d_array_const_ap_shift_reg_n_chan_stream_weig_37]:  wired=1; compound=0; hidden=0; nouse=0; global=1; static=1; extern=0; dir=0; type=0; pingpong=0; private_global=0; IO mode=ap_none:ce=0
Port [ void_compute_output_buffer_2d_array_const_ap_shift_reg_n_chan_stream_weig_36]:  wired=1; compound=0; hidden=0; nouse=0; global=1; static=1; extern=0; dir=0; type=0; pingpong=0; private_global=0; IO mode=ap_none:ce=0
Port [ void_compute_output_buffer_2d_array_const_ap_shift_reg_n_chan_stream_weig_35]:  wired=1; compound=0; hidden=0; nouse=0; global=1; static=1; extern=0; dir=0; type=0; pingpong=0; private_global=0; IO mode=ap_none:ce=0
Port [ void_compute_output_buffer_2d_array_const_ap_shift_reg_n_chan_stream_weig_34]:  wired=1; compound=0; hidden=0; nouse=0; global=1; static=1; extern=0; dir=0; type=0; pingpong=0; private_global=0; IO mode=ap_none:ce=0
Port [ void_compute_output_buffer_2d_array_const_ap_shift_reg_n_chan_stream_weig_33]:  wired=1; compound=0; hidden=0; nouse=0; global=1; static=1; extern=0; dir=0; type=0; pingpong=0; private_global=0; IO mode=ap_none:ce=0
Port [ void_compute_output_buffer_2d_array_const_ap_shift_reg_n_chan_stream_weig_32]:  wired=1; compound=0; hidden=0; nouse=0; global=1; static=1; extern=0; dir=0; type=0; pingpong=0; private_global=0; IO mode=ap_none:ce=0
Port [ void_compute_output_buffer_2d_array_const_ap_shift_reg_n_chan_stream_weig_31]:  wired=1; compound=0; hidden=0; nouse=0; global=1; static=1; extern=0; dir=0; type=0; pingpong=0; private_global=0; IO mode=ap_none:ce=0
Port [ void_compute_output_buffer_2d_array_const_ap_shift_reg_n_chan_stream_weig_30]:  wired=1; compound=0; hidden=0; nouse=0; global=1; static=1; extern=0; dir=0; type=0; pingpong=0; private_global=0; IO mode=ap_none:ce=0
Port [ p_ZZN4nnet24compute_output_buffer_2dINS_5arrayI8ap_fixedILi12ELi6EL9ap_q_mode5EL9_201]:  wired=1; compound=0; hidden=0; nouse=0; global=1; static=1; extern=0; dir=0; type=0; pingpong=0; private_global=0; IO mode=ap_none:ce=0
Port [ p_ZZN4nnet24compute_output_buffer_2dINS_5arrayI8ap_fixedILi12ELi6EL9ap_q_mode5EL9_202]:  wired=1; compound=0; hidden=0; nouse=0; global=1; static=1; extern=0; dir=0; type=0; pingpong=0; private_global=0; IO mode=ap_none:ce=0
Port [ p_ZZN4nnet24compute_output_buffer_2dINS_5arrayI8ap_fixedILi12ELi6EL9ap_q_mode5EL9_203]:  wired=1; compound=0; hidden=0; nouse=0; global=1; static=1; extern=0; dir=0; type=0; pingpong=0; private_global=0; IO mode=ap_none:ce=0
Port [ p_ZZN4nnet24compute_output_buffer_2dINS_5arrayI8ap_fixedILi12ELi6EL9ap_q_mode5EL9_204]:  wired=1; compound=0; hidden=0; nouse=0; global=1; static=1; extern=0; dir=0; type=0; pingpong=0; private_global=0; IO mode=ap_none:ce=0
Port [ p_ZZN4nnet24compute_output_buffer_2dINS_5arrayI8ap_fixedILi12ELi6EL9ap_q_mode5EL9_205]:  wired=1; compound=0; hidden=0; nouse=0; global=1; static=1; extern=0; dir=0; type=0; pingpong=0; private_global=0; IO mode=ap_none:ce=0
Port [ p_ZZN4nnet24compute_output_buffer_2dINS_5arrayI8ap_fixedILi12ELi6EL9ap_q_mode5EL9_206]:  wired=1; compound=0; hidden=0; nouse=0; global=1; static=1; extern=0; dir=0; type=0; pingpong=0; private_global=0; IO mode=ap_none:ce=0
Port [ p_ZZN4nnet24compute_output_buffer_2dINS_5arrayI8ap_fixedILi12ELi6EL9ap_q_mode5EL9_207]:  wired=1; compound=0; hidden=0; nouse=0; global=1; static=1; extern=0; dir=0; type=0; pingpong=0; private_global=0; IO mode=ap_none:ce=0
Port [ p_ZZN4nnet24compute_output_buffer_2dINS_5arrayI8ap_fixedILi12ELi6EL9ap_q_mode5EL9_208]:  wired=1; compound=0; hidden=0; nouse=0; global=1; static=1; extern=0; dir=0; type=0; pingpong=0; private_global=0; IO mode=ap_none:ce=0
Port [ p_ZZN4nnet24compute_output_buffer_2dINS_5arrayI8ap_fixedILi12ELi6EL9ap_q_mode5EL9_209]:  wired=1; compound=0; hidden=0; nouse=0; global=1; static=1; extern=0; dir=0; type=0; pingpong=0; private_global=0; IO mode=ap_none:ce=0
Port [ p_ZZN4nnet24compute_output_buffer_2dINS_5arrayI8ap_fixedILi12ELi6EL9ap_q_mode5EL9_210]:  wired=1; compound=0; hidden=0; nouse=0; global=1; static=1; extern=0; dir=0; type=0; pingpong=0; private_global=0; IO mode=ap_none:ce=0
Port [ p_ZZN4nnet24compute_output_buffer_2dINS_5arrayI8ap_fixedILi12ELi6EL9ap_q_mode5EL9_211]:  wired=1; compound=0; hidden=0; nouse=0; global=1; static=1; extern=0; dir=0; type=0; pingpong=0; private_global=0; IO mode=ap_none:ce=0
Port [ p_ZZN4nnet24compute_output_buffer_2dINS_5arrayI8ap_fixedILi12ELi6EL9ap_q_mode5EL9_212]:  wired=1; compound=0; hidden=0; nouse=0; global=1; static=1; extern=0; dir=0; type=0; pingpong=0; private_global=0; IO mode=ap_none:ce=0
Port [ p_ZZN4nnet24compute_output_buffer_2dINS_5arrayI8ap_fixedILi12ELi6EL9ap_q_mode5EL9_213]:  wired=1; compound=0; hidden=0; nouse=0; global=1; static=1; extern=0; dir=0; type=0; pingpong=0; private_global=0; IO mode=ap_none:ce=0
Port [ p_ZZN4nnet24compute_output_buffer_2dINS_5arrayI8ap_fixedILi12ELi6EL9ap_q_mode5EL9_214]:  wired=1; compound=0; hidden=0; nouse=0; global=1; static=1; extern=0; dir=0; type=0; pingpong=0; private_global=0; IO mode=ap_none:ce=0
Port [ p_ZZN4nnet24compute_output_buffer_2dINS_5arrayI8ap_fixedILi12ELi6EL9ap_q_mode5EL9_215]:  wired=1; compound=0; hidden=0; nouse=0; global=1; static=1; extern=0; dir=0; type=0; pingpong=0; private_global=0; IO mode=ap_none:ce=0
Port [ p_ZZN4nnet24compute_output_buffer_2dINS_5arrayI8ap_fixedILi12ELi6EL9ap_q_mode5EL9_216]:  wired=1; compound=0; hidden=0; nouse=0; global=1; static=1; extern=0; dir=0; type=0; pingpong=0; private_global=0; IO mode=ap_none:ce=0
Port [ p_ZZN4nnet24compute_output_buffer_2dINS_5arrayI8ap_fixedILi12ELi6EL9ap_q_mode5EL9_217]:  wired=1; compound=0; hidden=0; nouse=0; global=1; static=1; extern=0; dir=0; type=0; pingpong=0; private_global=0; IO mode=ap_none:ce=0
Port [ p_ZZN4nnet24compute_output_buffer_2dINS_5arrayI8ap_fixedILi12ELi6EL9ap_q_mode5EL9_218]:  wired=1; compound=0; hidden=0; nouse=0; global=1; static=1; extern=0; dir=0; type=0; pingpong=0; private_global=0; IO mode=ap_none:ce=0
Port [ p_ZZN4nnet24compute_output_buffer_2dINS_5arrayI8ap_fixedILi12ELi6EL9ap_q_mode5EL9_219]:  wired=1; compound=0; hidden=0; nouse=0; global=1; static=1; extern=0; dir=0; type=0; pingpong=0; private_global=0; IO mode=ap_none:ce=0
Port [ p_ZZN4nnet24compute_output_buffer_2dINS_5arrayI8ap_fixedILi12ELi6EL9ap_q_mode5EL9_220]:  wired=1; compound=0; hidden=0; nouse=0; global=1; static=1; extern=0; dir=0; type=0; pingpong=0; private_global=0; IO mode=ap_none:ce=0
Port [ p_ZZN4nnet24compute_output_buffer_2dINS_5arrayI8ap_fixedILi12ELi6EL9ap_q_mode5EL9_221]:  wired=1; compound=0; hidden=0; nouse=0; global=1; static=1; extern=0; dir=0; type=0; pingpong=0; private_global=0; IO mode=ap_none:ce=0
Port [ p_ZZN4nnet24compute_output_buffer_2dINS_5arrayI8ap_fixedILi12ELi6EL9ap_q_mode5EL9_222]:  wired=1; compound=0; hidden=0; nouse=0; global=1; static=1; extern=0; dir=0; type=0; pingpong=0; private_global=0; IO mode=ap_none:ce=0
Port [ p_ZZN4nnet24compute_output_buffer_2dINS_5arrayI8ap_fixedILi12ELi6EL9ap_q_mode5EL9_223]:  wired=1; compound=0; hidden=0; nouse=0; global=1; static=1; extern=0; dir=0; type=0; pingpong=0; private_global=0; IO mode=ap_none:ce=0
Port [ p_ZZN4nnet24compute_output_buffer_2dINS_5arrayI8ap_fixedILi12ELi6EL9ap_q_mode5EL9_224]:  wired=1; compound=0; hidden=0; nouse=0; global=1; static=1; extern=0; dir=0; type=0; pingpong=0; private_global=0; IO mode=ap_none:ce=0
Port [ p_ZZN4nnet24compute_output_buffer_2dINS_5arrayI8ap_fixedILi12ELi6EL9ap_q_mode5EL9_225]:  wired=1; compound=0; hidden=0; nouse=0; global=1; static=1; extern=0; dir=0; type=0; pingpong=0; private_global=0; IO mode=ap_none:ce=0
Port [ p_ZZN4nnet24compute_output_buffer_2dINS_5arrayI8ap_fixedILi12ELi6EL9ap_q_mode5EL9_226]:  wired=1; compound=0; hidden=0; nouse=0; global=1; static=1; extern=0; dir=0; type=0; pingpong=0; private_global=0; IO mode=ap_none:ce=0
---------------- STG Properties END ------------------

---------------- Datapath Model BEGIN ----------------

<LifeTime>
<method=bitvector/>
br_ln46                                                                               (br               ) [ 01111]
do_init                                                                               (phi              ) [ 01111]
w_index3                                                                              (phi              ) [ 01100]
specmemcore_ln0                                                                       (specmemcore      ) [ 00000]
void_compute_output_buffer_2d_array_const_ap_shift_reg_n_chan_stream_weig_97          (load             ) [ 01100]
void_compute_output_buffer_2d_array_const_ap_shift_reg_n_chan_stream_weig_98          (load             ) [ 01100]
void_compute_output_buffer_2d_array_const_ap_shift_reg_n_chan_stream_weig_99          (load             ) [ 01100]
void_compute_output_buffer_2d_array_const_ap_shift_reg_n_chan_stream_weig_100         (load             ) [ 01100]
void_compute_output_buffer_2d_array_const_ap_shift_reg_n_chan_stream_weig_101         (load             ) [ 01100]
void_compute_output_buffer_2d_array_const_ap_shift_reg_n_chan_stream_weig_102         (load             ) [ 01100]
void_compute_output_buffer_2d_array_const_ap_shift_reg_n_chan_stream_weig_103         (load             ) [ 01100]
void_compute_output_buffer_2d_array_const_ap_shift_reg_n_chan_stream_weig_104         (load             ) [ 01100]
void_compute_output_buffer_2d_array_const_ap_shift_reg_n_chan_stream_weig_105         (load             ) [ 01100]
void_compute_output_buffer_2d_array_const_ap_shift_reg_n_chan_stream_weig_106         (load             ) [ 01100]
p_ZZN4nnet24compute_output_buffer_2dINS_5arrayI8ap_fixedILi12ELi6EL9ap_q_mode5EL9_475 (load             ) [ 01100]
p_ZZN4nnet24compute_output_buffer_2dINS_5arrayI8ap_fixedILi12ELi6EL9ap_q_mode5EL9_476 (load             ) [ 01100]
p_ZZN4nnet24compute_output_buffer_2dINS_5arrayI8ap_fixedILi12ELi6EL9ap_q_mode5EL9_477 (load             ) [ 01100]
p_ZZN4nnet24compute_output_buffer_2dINS_5arrayI8ap_fixedILi12ELi6EL9ap_q_mode5EL9_478 (load             ) [ 01100]
p_ZZN4nnet24compute_output_buffer_2dINS_5arrayI8ap_fixedILi12ELi6EL9ap_q_mode5EL9_479 (load             ) [ 01100]
p_ZZN4nnet24compute_output_buffer_2dINS_5arrayI8ap_fixedILi12ELi6EL9ap_q_mode5EL9_480 (load             ) [ 01100]
p_ZZN4nnet24compute_output_buffer_2dINS_5arrayI8ap_fixedILi12ELi6EL9ap_q_mode5EL9_481 (load             ) [ 01100]
p_ZZN4nnet24compute_output_buffer_2dINS_5arrayI8ap_fixedILi12ELi6EL9ap_q_mode5EL9_482 (load             ) [ 01100]
p_ZZN4nnet24compute_output_buffer_2dINS_5arrayI8ap_fixedILi12ELi6EL9ap_q_mode5EL9_483 (load             ) [ 01100]
p_ZZN4nnet24compute_output_buffer_2dINS_5arrayI8ap_fixedILi12ELi6EL9ap_q_mode5EL9_484 (load             ) [ 01100]
p_ZZN4nnet24compute_output_buffer_2dINS_5arrayI8ap_fixedILi12ELi6EL9ap_q_mode5EL9_485 (load             ) [ 01100]
p_ZZN4nnet24compute_output_buffer_2dINS_5arrayI8ap_fixedILi12ELi6EL9ap_q_mode5EL9_486 (load             ) [ 01100]
p_ZZN4nnet24compute_output_buffer_2dINS_5arrayI8ap_fixedILi12ELi6EL9ap_q_mode5EL9_487 (load             ) [ 01100]
p_ZZN4nnet24compute_output_buffer_2dINS_5arrayI8ap_fixedILi12ELi6EL9ap_q_mode5EL9_488 (load             ) [ 01100]
p_ZZN4nnet24compute_output_buffer_2dINS_5arrayI8ap_fixedILi12ELi6EL9ap_q_mode5EL9_489 (load             ) [ 01100]
p_ZZN4nnet24compute_output_buffer_2dINS_5arrayI8ap_fixedILi12ELi6EL9ap_q_mode5EL9_490 (load             ) [ 01100]
p_ZZN4nnet24compute_output_buffer_2dINS_5arrayI8ap_fixedILi12ELi6EL9ap_q_mode5EL9_491 (load             ) [ 01100]
p_ZZN4nnet24compute_output_buffer_2dINS_5arrayI8ap_fixedILi12ELi6EL9ap_q_mode5EL9_492 (load             ) [ 01100]
p_ZZN4nnet24compute_output_buffer_2dINS_5arrayI8ap_fixedILi12ELi6EL9ap_q_mode5EL9_493 (load             ) [ 01100]
p_ZZN4nnet24compute_output_buffer_2dINS_5arrayI8ap_fixedILi12ELi6EL9ap_q_mode5EL9_494 (load             ) [ 01100]
p_ZZN4nnet24compute_output_buffer_2dINS_5arrayI8ap_fixedILi12ELi6EL9ap_q_mode5EL9_495 (load             ) [ 01100]
p_ZZN4nnet24compute_output_buffer_2dINS_5arrayI8ap_fixedILi12ELi6EL9ap_q_mode5EL9_496 (load             ) [ 01100]
p_ZZN4nnet24compute_output_buffer_2dINS_5arrayI8ap_fixedILi12ELi6EL9ap_q_mode5EL9_497 (load             ) [ 01100]
p_ZZN4nnet24compute_output_buffer_2dINS_5arrayI8ap_fixedILi12ELi6EL9ap_q_mode5EL9_498 (load             ) [ 01100]
p_ZZN4nnet24compute_output_buffer_2dINS_5arrayI8ap_fixedILi12ELi6EL9ap_q_mode5EL9_499 (load             ) [ 01100]
p_ZZN4nnet24compute_output_buffer_2dINS_5arrayI8ap_fixedILi12ELi6EL9ap_q_mode5EL9_500 (load             ) [ 01100]
br_ln46                                                                               (br               ) [ 01100]
zext_ln46                                                                             (zext             ) [ 00000]
w9_addr                                                                               (getelementptr    ) [ 01100]
w_index                                                                               (add              ) [ 01000]
icmp_ln46                                                                             (icmp             ) [ 01111]
br_ln46                                                                               (br               ) [ 01111]
br_ln0                                                                                (br               ) [ 01111]
p_ZZN4nnet24compute_output_buffer_2dINS_5arrayI8ap_fixedILi12ELi6EL9ap_q_mode5EL9_501 (phi              ) [ 01100]
p_ZZN4nnet24compute_output_buffer_2dINS_5arrayI8ap_fixedILi12ELi6EL9ap_q_mode5EL9_502 (phi              ) [ 01100]
p_ZZN4nnet24compute_output_buffer_2dINS_5arrayI8ap_fixedILi12ELi6EL9ap_q_mode5EL9_503 (phi              ) [ 01100]
p_ZZN4nnet24compute_output_buffer_2dINS_5arrayI8ap_fixedILi12ELi6EL9ap_q_mode5EL9_504 (phi              ) [ 01100]
p_ZZN4nnet24compute_output_buffer_2dINS_5arrayI8ap_fixedILi12ELi6EL9ap_q_mode5EL9_505 (phi              ) [ 01100]
p_ZZN4nnet24compute_output_buffer_2dINS_5arrayI8ap_fixedILi12ELi6EL9ap_q_mode5EL9_506 (phi              ) [ 01100]
p_ZZN4nnet24compute_output_buffer_2dINS_5arrayI8ap_fixedILi12ELi6EL9ap_q_mode5EL9_507 (phi              ) [ 01100]
p_ZZN4nnet24compute_output_buffer_2dINS_5arrayI8ap_fixedILi12ELi6EL9ap_q_mode5EL9_508 (phi              ) [ 01100]
p_ZZN4nnet24compute_output_buffer_2dINS_5arrayI8ap_fixedILi12ELi6EL9ap_q_mode5EL9_509 (phi              ) [ 01100]
p_ZZN4nnet24compute_output_buffer_2dINS_5arrayI8ap_fixedILi12ELi6EL9ap_q_mode5EL9_510 (phi              ) [ 01100]
p_ZZN4nnet24compute_output_buffer_2dINS_5arrayI8ap_fixedILi12ELi6EL9ap_q_mode5EL9_511 (phi              ) [ 01100]
p_ZZN4nnet24compute_output_buffer_2dINS_5arrayI8ap_fixedILi12ELi6EL9ap_q_mode5EL9_512 (phi              ) [ 01100]
p_ZZN4nnet24compute_output_buffer_2dINS_5arrayI8ap_fixedILi12ELi6EL9ap_q_mode5EL9_513 (phi              ) [ 01100]
p_ZZN4nnet24compute_output_buffer_2dINS_5arrayI8ap_fixedILi12ELi6EL9ap_q_mode5EL9_514 (phi              ) [ 01100]
p_ZZN4nnet24compute_output_buffer_2dINS_5arrayI8ap_fixedILi12ELi6EL9ap_q_mode5EL9_515 (phi              ) [ 01100]
p_ZZN4nnet24compute_output_buffer_2dINS_5arrayI8ap_fixedILi12ELi6EL9ap_q_mode5EL9_516 (phi              ) [ 01100]
p_ZZN4nnet24compute_output_buffer_2dINS_5arrayI8ap_fixedILi12ELi6EL9ap_q_mode5EL9_517 (phi              ) [ 01100]
p_ZZN4nnet24compute_output_buffer_2dINS_5arrayI8ap_fixedILi12ELi6EL9ap_q_mode5EL9_518 (phi              ) [ 01100]
p_ZZN4nnet24compute_output_buffer_2dINS_5arrayI8ap_fixedILi12ELi6EL9ap_q_mode5EL9_519 (phi              ) [ 01100]
p_ZZN4nnet24compute_output_buffer_2dINS_5arrayI8ap_fixedILi12ELi6EL9ap_q_mode5EL9_520 (phi              ) [ 01100]
p_ZZN4nnet24compute_output_buffer_2dINS_5arrayI8ap_fixedILi12ELi6EL9ap_q_mode5EL9_521 (phi              ) [ 01100]
p_ZZN4nnet24compute_output_buffer_2dINS_5arrayI8ap_fixedILi12ELi6EL9ap_q_mode5EL9_522 (phi              ) [ 01100]
p_ZZN4nnet24compute_output_buffer_2dINS_5arrayI8ap_fixedILi12ELi6EL9ap_q_mode5EL9_523 (phi              ) [ 01100]
p_ZZN4nnet24compute_output_buffer_2dINS_5arrayI8ap_fixedILi12ELi6EL9ap_q_mode5EL9_524 (phi              ) [ 01100]
p_ZZN4nnet24compute_output_buffer_2dINS_5arrayI8ap_fixedILi12ELi6EL9ap_q_mode5EL9_525 (phi              ) [ 01100]
p_ZZN4nnet24compute_output_buffer_2dINS_5arrayI8ap_fixedILi12ELi6EL9ap_q_mode5EL9_526 (phi              ) [ 01100]
void_compute_output_buffer_2d_array_const_ap_shift_reg_n_chan_stream_weig_107         (phi              ) [ 01100]
void_compute_output_buffer_2d_array_const_ap_shift_reg_n_chan_stream_weig_108         (phi              ) [ 01100]
void_compute_output_buffer_2d_array_const_ap_shift_reg_n_chan_stream_weig_109         (phi              ) [ 01100]
void_compute_output_buffer_2d_array_const_ap_shift_reg_n_chan_stream_weig_110         (phi              ) [ 01100]
void_compute_output_buffer_2d_array_const_ap_shift_reg_n_chan_stream_weig_111         (phi              ) [ 01100]
void_compute_output_buffer_2d_array_const_ap_shift_reg_n_chan_stream_weig_112         (phi              ) [ 01100]
void_compute_output_buffer_2d_array_const_ap_shift_reg_n_chan_stream_weig_113         (phi              ) [ 01100]
void_compute_output_buffer_2d_array_const_ap_shift_reg_n_chan_stream_weig_114         (phi              ) [ 01100]
void_compute_output_buffer_2d_array_const_ap_shift_reg_n_chan_stream_weig_115         (phi              ) [ 01100]
void_compute_output_buffer_2d_array_const_ap_shift_reg_n_chan_stream_weig_116         (phi              ) [ 01100]
br_ln0                                                                                (br               ) [ 00000]
p_ZZN4nnet24compute_output_buffer_2dINS_5arrayI8ap_fixedILi12ELi6EL9ap_q_mode5EL9_449 (phi              ) [ 01100]
p_ZZN4nnet24compute_output_buffer_2dINS_5arrayI8ap_fixedILi12ELi6EL9ap_q_mode5EL9_450 (phi              ) [ 01100]
p_ZZN4nnet24compute_output_buffer_2dINS_5arrayI8ap_fixedILi12ELi6EL9ap_q_mode5EL9_451 (phi              ) [ 01100]
p_ZZN4nnet24compute_output_buffer_2dINS_5arrayI8ap_fixedILi12ELi6EL9ap_q_mode5EL9_452 (phi              ) [ 01100]
p_ZZN4nnet24compute_output_buffer_2dINS_5arrayI8ap_fixedILi12ELi6EL9ap_q_mode5EL9_453 (phi              ) [ 01100]
p_ZZN4nnet24compute_output_buffer_2dINS_5arrayI8ap_fixedILi12ELi6EL9ap_q_mode5EL9_454 (phi              ) [ 01100]
p_ZZN4nnet24compute_output_buffer_2dINS_5arrayI8ap_fixedILi12ELi6EL9ap_q_mode5EL9_455 (phi              ) [ 01100]
p_ZZN4nnet24compute_output_buffer_2dINS_5arrayI8ap_fixedILi12ELi6EL9ap_q_mode5EL9_456 (phi              ) [ 01100]
p_ZZN4nnet24compute_output_buffer_2dINS_5arrayI8ap_fixedILi12ELi6EL9ap_q_mode5EL9_457 (phi              ) [ 01100]
p_ZZN4nnet24compute_output_buffer_2dINS_5arrayI8ap_fixedILi12ELi6EL9ap_q_mode5EL9_458 (phi              ) [ 01100]
p_ZZN4nnet24compute_output_buffer_2dINS_5arrayI8ap_fixedILi12ELi6EL9ap_q_mode5EL9_459 (phi              ) [ 01100]
p_ZZN4nnet24compute_output_buffer_2dINS_5arrayI8ap_fixedILi12ELi6EL9ap_q_mode5EL9_460 (phi              ) [ 01100]
p_ZZN4nnet24compute_output_buffer_2dINS_5arrayI8ap_fixedILi12ELi6EL9ap_q_mode5EL9_461 (phi              ) [ 01100]
p_ZZN4nnet24compute_output_buffer_2dINS_5arrayI8ap_fixedILi12ELi6EL9ap_q_mode5EL9_462 (phi              ) [ 01100]
p_ZZN4nnet24compute_output_buffer_2dINS_5arrayI8ap_fixedILi12ELi6EL9ap_q_mode5EL9_463 (phi              ) [ 01100]
p_ZZN4nnet24compute_output_buffer_2dINS_5arrayI8ap_fixedILi12ELi6EL9ap_q_mode5EL9_464 (phi              ) [ 01100]
p_ZZN4nnet24compute_output_buffer_2dINS_5arrayI8ap_fixedILi12ELi6EL9ap_q_mode5EL9_465 (phi              ) [ 01100]
p_ZZN4nnet24compute_output_buffer_2dINS_5arrayI8ap_fixedILi12ELi6EL9ap_q_mode5EL9_466 (phi              ) [ 01100]
p_ZZN4nnet24compute_output_buffer_2dINS_5arrayI8ap_fixedILi12ELi6EL9ap_q_mode5EL9_467 (phi              ) [ 01100]
p_ZZN4nnet24compute_output_buffer_2dINS_5arrayI8ap_fixedILi12ELi6EL9ap_q_mode5EL9_468 (phi              ) [ 01100]
p_ZZN4nnet24compute_output_buffer_2dINS_5arrayI8ap_fixedILi12ELi6EL9ap_q_mode5EL9_469 (phi              ) [ 01100]
p_ZZN4nnet24compute_output_buffer_2dINS_5arrayI8ap_fixedILi12ELi6EL9ap_q_mode5EL9_470 (phi              ) [ 01100]
p_ZZN4nnet24compute_output_buffer_2dINS_5arrayI8ap_fixedILi12ELi6EL9ap_q_mode5EL9_471 (phi              ) [ 01100]
p_ZZN4nnet24compute_output_buffer_2dINS_5arrayI8ap_fixedILi12ELi6EL9ap_q_mode5EL9_472 (phi              ) [ 01100]
p_ZZN4nnet24compute_output_buffer_2dINS_5arrayI8ap_fixedILi12ELi6EL9ap_q_mode5EL9_473 (phi              ) [ 01100]
p_ZZN4nnet24compute_output_buffer_2dINS_5arrayI8ap_fixedILi12ELi6EL9ap_q_mode5EL9_474 (phi              ) [ 01100]
void_compute_output_buffer_2d_array_const_ap_shift_reg_n_chan_stream_weig_87          (phi              ) [ 01100]
void_compute_output_buffer_2d_array_const_ap_shift_reg_n_chan_stream_weig_88          (phi              ) [ 01100]
void_compute_output_buffer_2d_array_const_ap_shift_reg_n_chan_stream_weig_89          (phi              ) [ 01100]
void_compute_output_buffer_2d_array_const_ap_shift_reg_n_chan_stream_weig_90          (phi              ) [ 01100]
void_compute_output_buffer_2d_array_const_ap_shift_reg_n_chan_stream_weig_91          (phi              ) [ 01100]
void_compute_output_buffer_2d_array_const_ap_shift_reg_n_chan_stream_weig_92          (phi              ) [ 01100]
void_compute_output_buffer_2d_array_const_ap_shift_reg_n_chan_stream_weig_93          (phi              ) [ 01100]
void_compute_output_buffer_2d_array_const_ap_shift_reg_n_chan_stream_weig_94          (phi              ) [ 01100]
void_compute_output_buffer_2d_array_const_ap_shift_reg_n_chan_stream_weig_95          (phi              ) [ 01100]
void_compute_output_buffer_2d_array_const_ap_shift_reg_n_chan_stream_weig_96          (phi              ) [ 01100]
a                                                                                     (sparsemux        ) [ 01010]
w9_load                                                                               (load             ) [ 00000]
w                                                                                     (trunc            ) [ 01010]
a_12                                                                                  (sparsemux        ) [ 01010]
w_1                                                                                   (partselect       ) [ 01010]
w_2                                                                                   (partselect       ) [ 01010]
w_3                                                                                   (partselect       ) [ 01010]
w_4                                                                                   (partselect       ) [ 01010]
w_5                                                                                   (partselect       ) [ 01010]
w_6                                                                                   (partselect       ) [ 01010]
w_7                                                                                   (partselect       ) [ 01010]
w_8                                                                                   (partselect       ) [ 01010]
w_9                                                                                   (partselect       ) [ 01010]
w_10                                                                                  (partselect       ) [ 01010]
tmp                                                                                   (partselect       ) [ 01010]
sext_ln73                                                                             (sext             ) [ 00000]
sext_ln73_7                                                                           (sext             ) [ 00000]
mul_ln58                                                                              (mul              ) [ 00000]
trunc_ln                                                                              (partselect       ) [ 01001]
sext_ln73_8                                                                           (sext             ) [ 00000]
sext_ln73_9                                                                           (sext             ) [ 00000]
mul_ln58_1                                                                            (mul              ) [ 00000]
trunc_ln58_1                                                                          (partselect       ) [ 01001]
sext_ln73_10                                                                          (sext             ) [ 00000]
mul_ln58_2                                                                            (mul              ) [ 00000]
trunc_ln58_2                                                                          (partselect       ) [ 01001]
sext_ln73_11                                                                          (sext             ) [ 00000]
mul_ln58_3                                                                            (mul              ) [ 00000]
trunc_ln58_3                                                                          (partselect       ) [ 01001]
sext_ln73_12                                                                          (sext             ) [ 00000]
mul_ln58_4                                                                            (mul              ) [ 00000]
trunc_ln58_4                                                                          (partselect       ) [ 01001]
sext_ln73_13                                                                          (sext             ) [ 00000]
mul_ln58_5                                                                            (mul              ) [ 00000]
trunc_ln58_5                                                                          (partselect       ) [ 01001]
sext_ln73_14                                                                          (sext             ) [ 00000]
mul_ln58_6                                                                            (mul              ) [ 00000]
trunc_ln58_6                                                                          (partselect       ) [ 01001]
sext_ln73_15                                                                          (sext             ) [ 00000]
mul_ln58_7                                                                            (mul              ) [ 00000]
trunc_ln58_7                                                                          (partselect       ) [ 01001]
sext_ln73_16                                                                          (sext             ) [ 00000]
mul_ln58_8                                                                            (mul              ) [ 00000]
trunc_ln58_8                                                                          (partselect       ) [ 01001]
sext_ln73_17                                                                          (sext             ) [ 00000]
mul_ln58_9                                                                            (mul              ) [ 00000]
trunc_ln58_9                                                                          (partselect       ) [ 01001]
sext_ln73_18                                                                          (sext             ) [ 00000]
mul_ln58_10                                                                           (mul              ) [ 00000]
trunc_ln58_s                                                                          (partselect       ) [ 01001]
sext_ln73_19                                                                          (sext             ) [ 00000]
mul_ln58_11                                                                           (mul              ) [ 00000]
trunc_ln58_10                                                                         (partselect       ) [ 01001]
res_0_0_i14                                                                           (phi              ) [ 01111]
res_1_0_i12                                                                           (phi              ) [ 01111]
res_2_0_i10                                                                           (phi              ) [ 01111]
res_3_0_i8                                                                            (phi              ) [ 01111]
res_4_0_i6                                                                            (phi              ) [ 01111]
res_5_0_i4                                                                            (phi              ) [ 01111]
specpipeline_ln47                                                                     (specpipeline     ) [ 00000]
speclooptripcount_ln49                                                                (speclooptripcount) [ 00000]
specloopname_ln46                                                                     (specloopname     ) [ 00000]
add_ln58                                                                              (add              ) [ 00000]
add_ln58_1                                                                            (add              ) [ 01001]
add_ln58_2                                                                            (add              ) [ 00000]
add_ln58_3                                                                            (add              ) [ 01001]
add_ln58_4                                                                            (add              ) [ 00000]
add_ln58_5                                                                            (add              ) [ 01001]
add_ln58_6                                                                            (add              ) [ 00000]
add_ln58_7                                                                            (add              ) [ 01001]
add_ln58_8                                                                            (add              ) [ 00000]
add_ln58_9                                                                            (add              ) [ 01001]
add_ln58_10                                                                           (add              ) [ 00000]
add_ln58_11                                                                           (add              ) [ 01001]
mrv_i                                                                                 (insertvalue      ) [ 00000]
mrv_1_i                                                                               (insertvalue      ) [ 00000]
mrv_2_i                                                                               (insertvalue      ) [ 00000]
mrv_3_i                                                                               (insertvalue      ) [ 00000]
mrv_4_i                                                                               (insertvalue      ) [ 00000]
mrv_5_i                                                                               (insertvalue      ) [ 00000]
return_ln84                                                                           (return           ) [ 00000]
</LifeTime>

<model>

<comp_list>
<comp id="0" class="1000" name="w9">
<pin_list>
<pin id="1" dir="1" index="0" bw="1" slack="0"/>
</pin_list>
<bind>
<StgValue><ssdm name="w9"/><MemPortTyVec>1 </MemPortTyVec>
</StgValue>
</bind>
</comp>

<comp id="2" class="1000" name="void_compute_output_buffer_2d_array_const_ap_shift_reg_n_chan_stream_weig_39">
<pin_list>
<pin id="3" dir="1" index="0" bw="1" slack="0"/>
</pin_list>
<bind>
<StgValue><ssdm name="void_compute_output_buffer_2d_array_const_ap_shift_reg_n_chan_stream_weig_39"/></StgValue>
</bind>
</comp>

<comp id="4" class="1000" name="void_compute_output_buffer_2d_array_const_ap_shift_reg_n_chan_stream_weig_38">
<pin_list>
<pin id="5" dir="1" index="0" bw="1" slack="0"/>
</pin_list>
<bind>
<StgValue><ssdm name="void_compute_output_buffer_2d_array_const_ap_shift_reg_n_chan_stream_weig_38"/></StgValue>
</bind>
</comp>

<comp id="6" class="1000" name="void_compute_output_buffer_2d_array_const_ap_shift_reg_n_chan_stream_weig_37">
<pin_list>
<pin id="7" dir="1" index="0" bw="1" slack="0"/>
</pin_list>
<bind>
<StgValue><ssdm name="void_compute_output_buffer_2d_array_const_ap_shift_reg_n_chan_stream_weig_37"/></StgValue>
</bind>
</comp>

<comp id="8" class="1000" name="void_compute_output_buffer_2d_array_const_ap_shift_reg_n_chan_stream_weig_36">
<pin_list>
<pin id="9" dir="1" index="0" bw="1" slack="0"/>
</pin_list>
<bind>
<StgValue><ssdm name="void_compute_output_buffer_2d_array_const_ap_shift_reg_n_chan_stream_weig_36"/></StgValue>
</bind>
</comp>

<comp id="10" class="1000" name="void_compute_output_buffer_2d_array_const_ap_shift_reg_n_chan_stream_weig_35">
<pin_list>
<pin id="11" dir="1" index="0" bw="1" slack="0"/>
</pin_list>
<bind>
<StgValue><ssdm name="void_compute_output_buffer_2d_array_const_ap_shift_reg_n_chan_stream_weig_35"/></StgValue>
</bind>
</comp>

<comp id="12" class="1000" name="void_compute_output_buffer_2d_array_const_ap_shift_reg_n_chan_stream_weig_34">
<pin_list>
<pin id="13" dir="1" index="0" bw="1" slack="0"/>
</pin_list>
<bind>
<StgValue><ssdm name="void_compute_output_buffer_2d_array_const_ap_shift_reg_n_chan_stream_weig_34"/></StgValue>
</bind>
</comp>

<comp id="14" class="1000" name="void_compute_output_buffer_2d_array_const_ap_shift_reg_n_chan_stream_weig_33">
<pin_list>
<pin id="15" dir="1" index="0" bw="1" slack="0"/>
</pin_list>
<bind>
<StgValue><ssdm name="void_compute_output_buffer_2d_array_const_ap_shift_reg_n_chan_stream_weig_33"/></StgValue>
</bind>
</comp>

<comp id="16" class="1000" name="void_compute_output_buffer_2d_array_const_ap_shift_reg_n_chan_stream_weig_32">
<pin_list>
<pin id="17" dir="1" index="0" bw="1" slack="0"/>
</pin_list>
<bind>
<StgValue><ssdm name="void_compute_output_buffer_2d_array_const_ap_shift_reg_n_chan_stream_weig_32"/></StgValue>
</bind>
</comp>

<comp id="18" class="1000" name="void_compute_output_buffer_2d_array_const_ap_shift_reg_n_chan_stream_weig_31">
<pin_list>
<pin id="19" dir="1" index="0" bw="1" slack="0"/>
</pin_list>
<bind>
<StgValue><ssdm name="void_compute_output_buffer_2d_array_const_ap_shift_reg_n_chan_stream_weig_31"/></StgValue>
</bind>
</comp>

<comp id="20" class="1000" name="void_compute_output_buffer_2d_array_const_ap_shift_reg_n_chan_stream_weig_30">
<pin_list>
<pin id="21" dir="1" index="0" bw="1" slack="0"/>
</pin_list>
<bind>
<StgValue><ssdm name="void_compute_output_buffer_2d_array_const_ap_shift_reg_n_chan_stream_weig_30"/></StgValue>
</bind>
</comp>

<comp id="22" class="1000" name="p_ZZN4nnet24compute_output_buffer_2dINS_5arrayI8ap_fixedILi12ELi6EL9ap_q_mode5EL9_201">
<pin_list>
<pin id="23" dir="1" index="0" bw="1" slack="0"/>
</pin_list>
<bind>
<StgValue><ssdm name="p_ZZN4nnet24compute_output_buffer_2dINS_5arrayI8ap_fixedILi12ELi6EL9ap_q_mode5EL9_201"/></StgValue>
</bind>
</comp>

<comp id="24" class="1000" name="p_ZZN4nnet24compute_output_buffer_2dINS_5arrayI8ap_fixedILi12ELi6EL9ap_q_mode5EL9_202">
<pin_list>
<pin id="25" dir="1" index="0" bw="1" slack="0"/>
</pin_list>
<bind>
<StgValue><ssdm name="p_ZZN4nnet24compute_output_buffer_2dINS_5arrayI8ap_fixedILi12ELi6EL9ap_q_mode5EL9_202"/></StgValue>
</bind>
</comp>

<comp id="26" class="1000" name="p_ZZN4nnet24compute_output_buffer_2dINS_5arrayI8ap_fixedILi12ELi6EL9ap_q_mode5EL9_203">
<pin_list>
<pin id="27" dir="1" index="0" bw="1" slack="0"/>
</pin_list>
<bind>
<StgValue><ssdm name="p_ZZN4nnet24compute_output_buffer_2dINS_5arrayI8ap_fixedILi12ELi6EL9ap_q_mode5EL9_203"/></StgValue>
</bind>
</comp>

<comp id="28" class="1000" name="p_ZZN4nnet24compute_output_buffer_2dINS_5arrayI8ap_fixedILi12ELi6EL9ap_q_mode5EL9_204">
<pin_list>
<pin id="29" dir="1" index="0" bw="1" slack="0"/>
</pin_list>
<bind>
<StgValue><ssdm name="p_ZZN4nnet24compute_output_buffer_2dINS_5arrayI8ap_fixedILi12ELi6EL9ap_q_mode5EL9_204"/></StgValue>
</bind>
</comp>

<comp id="30" class="1000" name="p_ZZN4nnet24compute_output_buffer_2dINS_5arrayI8ap_fixedILi12ELi6EL9ap_q_mode5EL9_205">
<pin_list>
<pin id="31" dir="1" index="0" bw="1" slack="0"/>
</pin_list>
<bind>
<StgValue><ssdm name="p_ZZN4nnet24compute_output_buffer_2dINS_5arrayI8ap_fixedILi12ELi6EL9ap_q_mode5EL9_205"/></StgValue>
</bind>
</comp>

<comp id="32" class="1000" name="p_ZZN4nnet24compute_output_buffer_2dINS_5arrayI8ap_fixedILi12ELi6EL9ap_q_mode5EL9_206">
<pin_list>
<pin id="33" dir="1" index="0" bw="1" slack="0"/>
</pin_list>
<bind>
<StgValue><ssdm name="p_ZZN4nnet24compute_output_buffer_2dINS_5arrayI8ap_fixedILi12ELi6EL9ap_q_mode5EL9_206"/></StgValue>
</bind>
</comp>

<comp id="34" class="1000" name="p_ZZN4nnet24compute_output_buffer_2dINS_5arrayI8ap_fixedILi12ELi6EL9ap_q_mode5EL9_207">
<pin_list>
<pin id="35" dir="1" index="0" bw="1" slack="0"/>
</pin_list>
<bind>
<StgValue><ssdm name="p_ZZN4nnet24compute_output_buffer_2dINS_5arrayI8ap_fixedILi12ELi6EL9ap_q_mode5EL9_207"/></StgValue>
</bind>
</comp>

<comp id="36" class="1000" name="p_ZZN4nnet24compute_output_buffer_2dINS_5arrayI8ap_fixedILi12ELi6EL9ap_q_mode5EL9_208">
<pin_list>
<pin id="37" dir="1" index="0" bw="1" slack="0"/>
</pin_list>
<bind>
<StgValue><ssdm name="p_ZZN4nnet24compute_output_buffer_2dINS_5arrayI8ap_fixedILi12ELi6EL9ap_q_mode5EL9_208"/></StgValue>
</bind>
</comp>

<comp id="38" class="1000" name="p_ZZN4nnet24compute_output_buffer_2dINS_5arrayI8ap_fixedILi12ELi6EL9ap_q_mode5EL9_209">
<pin_list>
<pin id="39" dir="1" index="0" bw="1" slack="0"/>
</pin_list>
<bind>
<StgValue><ssdm name="p_ZZN4nnet24compute_output_buffer_2dINS_5arrayI8ap_fixedILi12ELi6EL9ap_q_mode5EL9_209"/></StgValue>
</bind>
</comp>

<comp id="40" class="1000" name="p_ZZN4nnet24compute_output_buffer_2dINS_5arrayI8ap_fixedILi12ELi6EL9ap_q_mode5EL9_210">
<pin_list>
<pin id="41" dir="1" index="0" bw="1" slack="0"/>
</pin_list>
<bind>
<StgValue><ssdm name="p_ZZN4nnet24compute_output_buffer_2dINS_5arrayI8ap_fixedILi12ELi6EL9ap_q_mode5EL9_210"/></StgValue>
</bind>
</comp>

<comp id="42" class="1000" name="p_ZZN4nnet24compute_output_buffer_2dINS_5arrayI8ap_fixedILi12ELi6EL9ap_q_mode5EL9_211">
<pin_list>
<pin id="43" dir="1" index="0" bw="1" slack="0"/>
</pin_list>
<bind>
<StgValue><ssdm name="p_ZZN4nnet24compute_output_buffer_2dINS_5arrayI8ap_fixedILi12ELi6EL9ap_q_mode5EL9_211"/></StgValue>
</bind>
</comp>

<comp id="44" class="1000" name="p_ZZN4nnet24compute_output_buffer_2dINS_5arrayI8ap_fixedILi12ELi6EL9ap_q_mode5EL9_212">
<pin_list>
<pin id="45" dir="1" index="0" bw="1" slack="0"/>
</pin_list>
<bind>
<StgValue><ssdm name="p_ZZN4nnet24compute_output_buffer_2dINS_5arrayI8ap_fixedILi12ELi6EL9ap_q_mode5EL9_212"/></StgValue>
</bind>
</comp>

<comp id="46" class="1000" name="p_ZZN4nnet24compute_output_buffer_2dINS_5arrayI8ap_fixedILi12ELi6EL9ap_q_mode5EL9_213">
<pin_list>
<pin id="47" dir="1" index="0" bw="1" slack="0"/>
</pin_list>
<bind>
<StgValue><ssdm name="p_ZZN4nnet24compute_output_buffer_2dINS_5arrayI8ap_fixedILi12ELi6EL9ap_q_mode5EL9_213"/></StgValue>
</bind>
</comp>

<comp id="48" class="1000" name="p_ZZN4nnet24compute_output_buffer_2dINS_5arrayI8ap_fixedILi12ELi6EL9ap_q_mode5EL9_214">
<pin_list>
<pin id="49" dir="1" index="0" bw="1" slack="0"/>
</pin_list>
<bind>
<StgValue><ssdm name="p_ZZN4nnet24compute_output_buffer_2dINS_5arrayI8ap_fixedILi12ELi6EL9ap_q_mode5EL9_214"/></StgValue>
</bind>
</comp>

<comp id="50" class="1000" name="p_ZZN4nnet24compute_output_buffer_2dINS_5arrayI8ap_fixedILi12ELi6EL9ap_q_mode5EL9_215">
<pin_list>
<pin id="51" dir="1" index="0" bw="1" slack="0"/>
</pin_list>
<bind>
<StgValue><ssdm name="p_ZZN4nnet24compute_output_buffer_2dINS_5arrayI8ap_fixedILi12ELi6EL9ap_q_mode5EL9_215"/></StgValue>
</bind>
</comp>

<comp id="52" class="1000" name="p_ZZN4nnet24compute_output_buffer_2dINS_5arrayI8ap_fixedILi12ELi6EL9ap_q_mode5EL9_216">
<pin_list>
<pin id="53" dir="1" index="0" bw="1" slack="0"/>
</pin_list>
<bind>
<StgValue><ssdm name="p_ZZN4nnet24compute_output_buffer_2dINS_5arrayI8ap_fixedILi12ELi6EL9ap_q_mode5EL9_216"/></StgValue>
</bind>
</comp>

<comp id="54" class="1000" name="p_ZZN4nnet24compute_output_buffer_2dINS_5arrayI8ap_fixedILi12ELi6EL9ap_q_mode5EL9_217">
<pin_list>
<pin id="55" dir="1" index="0" bw="1" slack="0"/>
</pin_list>
<bind>
<StgValue><ssdm name="p_ZZN4nnet24compute_output_buffer_2dINS_5arrayI8ap_fixedILi12ELi6EL9ap_q_mode5EL9_217"/></StgValue>
</bind>
</comp>

<comp id="56" class="1000" name="p_ZZN4nnet24compute_output_buffer_2dINS_5arrayI8ap_fixedILi12ELi6EL9ap_q_mode5EL9_218">
<pin_list>
<pin id="57" dir="1" index="0" bw="1" slack="0"/>
</pin_list>
<bind>
<StgValue><ssdm name="p_ZZN4nnet24compute_output_buffer_2dINS_5arrayI8ap_fixedILi12ELi6EL9ap_q_mode5EL9_218"/></StgValue>
</bind>
</comp>

<comp id="58" class="1000" name="p_ZZN4nnet24compute_output_buffer_2dINS_5arrayI8ap_fixedILi12ELi6EL9ap_q_mode5EL9_219">
<pin_list>
<pin id="59" dir="1" index="0" bw="1" slack="0"/>
</pin_list>
<bind>
<StgValue><ssdm name="p_ZZN4nnet24compute_output_buffer_2dINS_5arrayI8ap_fixedILi12ELi6EL9ap_q_mode5EL9_219"/></StgValue>
</bind>
</comp>

<comp id="60" class="1000" name="p_ZZN4nnet24compute_output_buffer_2dINS_5arrayI8ap_fixedILi12ELi6EL9ap_q_mode5EL9_220">
<pin_list>
<pin id="61" dir="1" index="0" bw="1" slack="0"/>
</pin_list>
<bind>
<StgValue><ssdm name="p_ZZN4nnet24compute_output_buffer_2dINS_5arrayI8ap_fixedILi12ELi6EL9ap_q_mode5EL9_220"/></StgValue>
</bind>
</comp>

<comp id="62" class="1000" name="p_ZZN4nnet24compute_output_buffer_2dINS_5arrayI8ap_fixedILi12ELi6EL9ap_q_mode5EL9_221">
<pin_list>
<pin id="63" dir="1" index="0" bw="1" slack="0"/>
</pin_list>
<bind>
<StgValue><ssdm name="p_ZZN4nnet24compute_output_buffer_2dINS_5arrayI8ap_fixedILi12ELi6EL9ap_q_mode5EL9_221"/></StgValue>
</bind>
</comp>

<comp id="64" class="1000" name="p_ZZN4nnet24compute_output_buffer_2dINS_5arrayI8ap_fixedILi12ELi6EL9ap_q_mode5EL9_222">
<pin_list>
<pin id="65" dir="1" index="0" bw="1" slack="0"/>
</pin_list>
<bind>
<StgValue><ssdm name="p_ZZN4nnet24compute_output_buffer_2dINS_5arrayI8ap_fixedILi12ELi6EL9ap_q_mode5EL9_222"/></StgValue>
</bind>
</comp>

<comp id="66" class="1000" name="p_ZZN4nnet24compute_output_buffer_2dINS_5arrayI8ap_fixedILi12ELi6EL9ap_q_mode5EL9_223">
<pin_list>
<pin id="67" dir="1" index="0" bw="1" slack="0"/>
</pin_list>
<bind>
<StgValue><ssdm name="p_ZZN4nnet24compute_output_buffer_2dINS_5arrayI8ap_fixedILi12ELi6EL9ap_q_mode5EL9_223"/></StgValue>
</bind>
</comp>

<comp id="68" class="1000" name="p_ZZN4nnet24compute_output_buffer_2dINS_5arrayI8ap_fixedILi12ELi6EL9ap_q_mode5EL9_224">
<pin_list>
<pin id="69" dir="1" index="0" bw="1" slack="0"/>
</pin_list>
<bind>
<StgValue><ssdm name="p_ZZN4nnet24compute_output_buffer_2dINS_5arrayI8ap_fixedILi12ELi6EL9ap_q_mode5EL9_224"/></StgValue>
</bind>
</comp>

<comp id="70" class="1000" name="p_ZZN4nnet24compute_output_buffer_2dINS_5arrayI8ap_fixedILi12ELi6EL9ap_q_mode5EL9_225">
<pin_list>
<pin id="71" dir="1" index="0" bw="1" slack="0"/>
</pin_list>
<bind>
<StgValue><ssdm name="p_ZZN4nnet24compute_output_buffer_2dINS_5arrayI8ap_fixedILi12ELi6EL9ap_q_mode5EL9_225"/></StgValue>
</bind>
</comp>

<comp id="72" class="1000" name="p_ZZN4nnet24compute_output_buffer_2dINS_5arrayI8ap_fixedILi12ELi6EL9ap_q_mode5EL9_226">
<pin_list>
<pin id="73" dir="1" index="0" bw="1" slack="0"/>
</pin_list>
<bind>
<StgValue><ssdm name="p_ZZN4nnet24compute_output_buffer_2dINS_5arrayI8ap_fixedILi12ELi6EL9ap_q_mode5EL9_226"/></StgValue>
</bind>
</comp>

<comp id="74" class="1001" name="const_74">
<pin_list>
<pin id="75" dir="1" index="0" bw="1" slack="0"/>
</pin_list>
<bind>
<StgValue><ssdm name=""/></StgValue>
</bind>
</comp>

<comp id="76" class="1001" name="const_76">
<pin_list>
<pin id="77" dir="1" index="0" bw="1" slack="0"/>
</pin_list>
<bind>
<StgValue><ssdm name=""/></StgValue>
</bind>
</comp>

<comp id="78" class="1001" name="const_78">
<pin_list>
<pin id="79" dir="1" index="0" bw="1" slack="0"/>
</pin_list>
<bind>
<StgValue><ssdm name=""/></StgValue>
</bind>
</comp>

<comp id="80" class="1001" name="const_80">
<pin_list>
<pin id="81" dir="1" index="0" bw="1" slack="2147483647"/>
</pin_list>
<bind>
<StgValue><ssdm name="_ssdm_op_SpecMemCore"/></StgValue>
</bind>
</comp>

<comp id="82" class="1001" name="const_82">
<pin_list>
<pin id="83" dir="1" index="0" bw="1" slack="2147483647"/>
</pin_list>
<bind>
<StgValue><ssdm name=""/></StgValue>
</bind>
</comp>

<comp id="84" class="1001" name="const_84">
<pin_list>
<pin id="85" dir="1" index="0" bw="1" slack="2147483647"/>
</pin_list>
<bind>
<StgValue><ssdm name=""/></StgValue>
</bind>
</comp>

<comp id="86" class="1001" name="const_86">
<pin_list>
<pin id="87" dir="1" index="0" bw="1" slack="2147483647"/>
</pin_list>
<bind>
<StgValue><ssdm name=""/></StgValue>
</bind>
</comp>

<comp id="88" class="1001" name="const_88">
<pin_list>
<pin id="89" dir="1" index="0" bw="1" slack="0"/>
</pin_list>
<bind>
<StgValue><ssdm name=""/></StgValue>
</bind>
</comp>

<comp id="90" class="1001" name="const_90">
<pin_list>
<pin id="91" dir="1" index="0" bw="1" slack="0"/>
</pin_list>
<bind>
<StgValue><ssdm name=""/></StgValue>
</bind>
</comp>

<comp id="92" class="1001" name="const_92">
<pin_list>
<pin id="93" dir="1" index="0" bw="1" slack="0"/>
</pin_list>
<bind>
<StgValue><ssdm name=""/></StgValue>
</bind>
</comp>

<comp id="94" class="1001" name="const_94">
<pin_list>
<pin id="95" dir="1" index="0" bw="1" slack="0"/>
</pin_list>
<bind>
<StgValue><ssdm name=""/></StgValue>
</bind>
</comp>

<comp id="96" class="1001" name="const_96">
<pin_list>
<pin id="97" dir="1" index="0" bw="1" slack="0"/>
</pin_list>
<bind>
<StgValue><ssdm name="_ssdm_op_SparseMux.ap_auto.18i12.i12.i5"/></StgValue>
</bind>
</comp>

<comp id="98" class="1001" name="const_98">
<pin_list>
<pin id="99" dir="1" index="0" bw="1" slack="0"/>
</pin_list>
<bind>
<StgValue><ssdm name=""/></StgValue>
</bind>
</comp>

<comp id="100" class="1001" name="const_100">
<pin_list>
<pin id="101" dir="1" index="0" bw="1" slack="0"/>
</pin_list>
<bind>
<StgValue><ssdm name=""/></StgValue>
</bind>
</comp>

<comp id="102" class="1001" name="const_102">
<pin_list>
<pin id="103" dir="1" index="0" bw="1" slack="0"/>
</pin_list>
<bind>
<StgValue><ssdm name=""/></StgValue>
</bind>
</comp>

<comp id="104" class="1001" name="const_104">
<pin_list>
<pin id="105" dir="1" index="0" bw="1" slack="0"/>
</pin_list>
<bind>
<StgValue><ssdm name=""/></StgValue>
</bind>
</comp>

<comp id="106" class="1001" name="const_106">
<pin_list>
<pin id="107" dir="1" index="0" bw="1" slack="0"/>
</pin_list>
<bind>
<StgValue><ssdm name=""/></StgValue>
</bind>
</comp>

<comp id="108" class="1001" name="const_108">
<pin_list>
<pin id="109" dir="1" index="0" bw="1" slack="0"/>
</pin_list>
<bind>
<StgValue><ssdm name=""/></StgValue>
</bind>
</comp>

<comp id="110" class="1001" name="const_110">
<pin_list>
<pin id="111" dir="1" index="0" bw="1" slack="0"/>
</pin_list>
<bind>
<StgValue><ssdm name=""/></StgValue>
</bind>
</comp>

<comp id="112" class="1001" name="const_112">
<pin_list>
<pin id="113" dir="1" index="0" bw="1" slack="0"/>
</pin_list>
<bind>
<StgValue><ssdm name=""/></StgValue>
</bind>
</comp>

<comp id="114" class="1001" name="const_114">
<pin_list>
<pin id="115" dir="1" index="0" bw="1" slack="0"/>
</pin_list>
<bind>
<StgValue><ssdm name=""/></StgValue>
</bind>
</comp>

<comp id="116" class="1001" name="const_116">
<pin_list>
<pin id="117" dir="1" index="0" bw="1" slack="0"/>
</pin_list>
<bind>
<StgValue><ssdm name=""/></StgValue>
</bind>
</comp>

<comp id="118" class="1001" name="const_118">
<pin_list>
<pin id="119" dir="1" index="0" bw="1" slack="0"/>
</pin_list>
<bind>
<StgValue><ssdm name=""/></StgValue>
</bind>
</comp>

<comp id="120" class="1001" name="const_120">
<pin_list>
<pin id="121" dir="1" index="0" bw="1" slack="0"/>
</pin_list>
<bind>
<StgValue><ssdm name=""/></StgValue>
</bind>
</comp>

<comp id="122" class="1001" name="const_122">
<pin_list>
<pin id="123" dir="1" index="0" bw="1" slack="0"/>
</pin_list>
<bind>
<StgValue><ssdm name=""/></StgValue>
</bind>
</comp>

<comp id="124" class="1001" name="const_124">
<pin_list>
<pin id="125" dir="1" index="0" bw="1" slack="0"/>
</pin_list>
<bind>
<StgValue><ssdm name=""/></StgValue>
</bind>
</comp>

<comp id="126" class="1001" name="const_126">
<pin_list>
<pin id="127" dir="1" index="0" bw="1" slack="0"/>
</pin_list>
<bind>
<StgValue><ssdm name=""/></StgValue>
</bind>
</comp>

<comp id="128" class="1001" name="const_128">
<pin_list>
<pin id="129" dir="1" index="0" bw="1" slack="0"/>
</pin_list>
<bind>
<StgValue><ssdm name="_ssdm_op_PartSelect.i12.i138.i32.i32"/></StgValue>
</bind>
</comp>

<comp id="130" class="1001" name="const_130">
<pin_list>
<pin id="131" dir="1" index="0" bw="1" slack="0"/>
</pin_list>
<bind>
<StgValue><ssdm name=""/></StgValue>
</bind>
</comp>

<comp id="132" class="1001" name="const_132">
<pin_list>
<pin id="133" dir="1" index="0" bw="1" slack="0"/>
</pin_list>
<bind>
<StgValue><ssdm name=""/></StgValue>
</bind>
</comp>

<comp id="134" class="1001" name="const_134">
<pin_list>
<pin id="135" dir="1" index="0" bw="1" slack="0"/>
</pin_list>
<bind>
<StgValue><ssdm name=""/></StgValue>
</bind>
</comp>

<comp id="136" class="1001" name="const_136">
<pin_list>
<pin id="137" dir="1" index="0" bw="1" slack="0"/>
</pin_list>
<bind>
<StgValue><ssdm name=""/></StgValue>
</bind>
</comp>

<comp id="138" class="1001" name="const_138">
<pin_list>
<pin id="139" dir="1" index="0" bw="1" slack="0"/>
</pin_list>
<bind>
<StgValue><ssdm name=""/></StgValue>
</bind>
</comp>

<comp id="140" class="1001" name="const_140">
<pin_list>
<pin id="141" dir="1" index="0" bw="1" slack="0"/>
</pin_list>
<bind>
<StgValue><ssdm name=""/></StgValue>
</bind>
</comp>

<comp id="142" class="1001" name="const_142">
<pin_list>
<pin id="143" dir="1" index="0" bw="1" slack="0"/>
</pin_list>
<bind>
<StgValue><ssdm name=""/></StgValue>
</bind>
</comp>

<comp id="144" class="1001" name="const_144">
<pin_list>
<pin id="145" dir="1" index="0" bw="1" slack="0"/>
</pin_list>
<bind>
<StgValue><ssdm name=""/></StgValue>
</bind>
</comp>

<comp id="146" class="1001" name="const_146">
<pin_list>
<pin id="147" dir="1" index="0" bw="1" slack="0"/>
</pin_list>
<bind>
<StgValue><ssdm name=""/></StgValue>
</bind>
</comp>

<comp id="148" class="1001" name="const_148">
<pin_list>
<pin id="149" dir="1" index="0" bw="1" slack="0"/>
</pin_list>
<bind>
<StgValue><ssdm name=""/></StgValue>
</bind>
</comp>

<comp id="150" class="1001" name="const_150">
<pin_list>
<pin id="151" dir="1" index="0" bw="1" slack="0"/>
</pin_list>
<bind>
<StgValue><ssdm name=""/></StgValue>
</bind>
</comp>

<comp id="152" class="1001" name="const_152">
<pin_list>
<pin id="153" dir="1" index="0" bw="1" slack="0"/>
</pin_list>
<bind>
<StgValue><ssdm name=""/></StgValue>
</bind>
</comp>

<comp id="154" class="1001" name="const_154">
<pin_list>
<pin id="155" dir="1" index="0" bw="1" slack="0"/>
</pin_list>
<bind>
<StgValue><ssdm name=""/></StgValue>
</bind>
</comp>

<comp id="156" class="1001" name="const_156">
<pin_list>
<pin id="157" dir="1" index="0" bw="1" slack="0"/>
</pin_list>
<bind>
<StgValue><ssdm name=""/></StgValue>
</bind>
</comp>

<comp id="158" class="1001" name="const_158">
<pin_list>
<pin id="159" dir="1" index="0" bw="1" slack="0"/>
</pin_list>
<bind>
<StgValue><ssdm name=""/></StgValue>
</bind>
</comp>

<comp id="160" class="1001" name="const_160">
<pin_list>
<pin id="161" dir="1" index="0" bw="1" slack="0"/>
</pin_list>
<bind>
<StgValue><ssdm name=""/></StgValue>
</bind>
</comp>

<comp id="162" class="1001" name="const_162">
<pin_list>
<pin id="163" dir="1" index="0" bw="1" slack="0"/>
</pin_list>
<bind>
<StgValue><ssdm name=""/></StgValue>
</bind>
</comp>

<comp id="164" class="1001" name="const_164">
<pin_list>
<pin id="165" dir="1" index="0" bw="1" slack="0"/>
</pin_list>
<bind>
<StgValue><ssdm name=""/></StgValue>
</bind>
</comp>

<comp id="166" class="1001" name="const_166">
<pin_list>
<pin id="167" dir="1" index="0" bw="1" slack="0"/>
</pin_list>
<bind>
<StgValue><ssdm name=""/></StgValue>
</bind>
</comp>

<comp id="168" class="1001" name="const_168">
<pin_list>
<pin id="169" dir="1" index="0" bw="1" slack="0"/>
</pin_list>
<bind>
<StgValue><ssdm name=""/></StgValue>
</bind>
</comp>

<comp id="170" class="1001" name="const_170">
<pin_list>
<pin id="171" dir="1" index="0" bw="1" slack="0"/>
</pin_list>
<bind>
<StgValue><ssdm name="_ssdm_op_PartSelect.i6.i138.i32.i32"/></StgValue>
</bind>
</comp>

<comp id="172" class="1001" name="const_172">
<pin_list>
<pin id="173" dir="1" index="0" bw="1" slack="0"/>
</pin_list>
<bind>
<StgValue><ssdm name=""/></StgValue>
</bind>
</comp>

<comp id="174" class="1001" name="const_174">
<pin_list>
<pin id="175" dir="1" index="0" bw="1" slack="0"/>
</pin_list>
<bind>
<StgValue><ssdm name=""/></StgValue>
</bind>
</comp>

<comp id="176" class="1001" name="const_176">
<pin_list>
<pin id="177" dir="1" index="0" bw="1" slack="0"/>
</pin_list>
<bind>
<StgValue><ssdm name="_ssdm_op_PartSelect.i12.i18.i32.i32"/></StgValue>
</bind>
</comp>

<comp id="178" class="1001" name="const_178">
<pin_list>
<pin id="179" dir="1" index="0" bw="1" slack="0"/>
</pin_list>
<bind>
<StgValue><ssdm name=""/></StgValue>
</bind>
</comp>

<comp id="180" class="1001" name="const_180">
<pin_list>
<pin id="181" dir="1" index="0" bw="1" slack="0"/>
</pin_list>
<bind>
<StgValue><ssdm name=""/></StgValue>
</bind>
</comp>

<comp id="182" class="1001" name="const_182">
<pin_list>
<pin id="183" dir="1" index="0" bw="1" slack="3"/>
</pin_list>
<bind>
<StgValue><ssdm name=""/></StgValue>
</bind>
</comp>

<comp id="184" class="1001" name="const_184">
<pin_list>
<pin id="185" dir="1" index="0" bw="1" slack="2147483647"/>
</pin_list>
<bind>
<StgValue><ssdm name="_ssdm_op_SpecPipeline"/></StgValue>
</bind>
</comp>

<comp id="186" class="1001" name="const_186">
<pin_list>
<pin id="187" dir="1" index="0" bw="1" slack="2147483647"/>
</pin_list>
<bind>
<StgValue><ssdm name=""/></StgValue>
</bind>
</comp>

<comp id="188" class="1001" name="const_188">
<pin_list>
<pin id="189" dir="1" index="0" bw="1" slack="2147483647"/>
</pin_list>
<bind>
<StgValue><ssdm name=""/></StgValue>
</bind>
</comp>

<comp id="190" class="1001" name="const_190">
<pin_list>
<pin id="191" dir="1" index="0" bw="1" slack="2147483647"/>
</pin_list>
<bind>
<StgValue><ssdm name="empty_8"/></StgValue>
</bind>
</comp>

<comp id="192" class="1001" name="const_192">
<pin_list>
<pin id="193" dir="1" index="0" bw="1" slack="2147483647"/>
</pin_list>
<bind>
<StgValue><ssdm name="_ssdm_op_SpecLoopTripCount"/></StgValue>
</bind>
</comp>

<comp id="194" class="1001" name="const_194">
<pin_list>
<pin id="195" dir="1" index="0" bw="1" slack="2147483647"/>
</pin_list>
<bind>
<StgValue><ssdm name=""/></StgValue>
</bind>
</comp>

<comp id="196" class="1001" name="const_196">
<pin_list>
<pin id="197" dir="1" index="0" bw="1" slack="2147483647"/>
</pin_list>
<bind>
<StgValue><ssdm name="_ssdm_op_SpecLoopName"/></StgValue>
</bind>
</comp>

<comp id="198" class="1001" name="const_198">
<pin_list>
<pin id="199" dir="1" index="0" bw="1" slack="2147483647"/>
</pin_list>
<bind>
<StgValue><ssdm name="empty_9"/></StgValue>
</bind>
</comp>

<comp id="200" class="1001" name="const_200">
<pin_list>
<pin id="201" dir="1" index="0" bw="1" slack="0"/>
</pin_list>
<bind>
<StgValue><ssdm name=""/></StgValue>
</bind>
</comp>

<comp id="202" class="1004" name="w9_addr_gep_fu_202">
<pin_list>
<pin id="203" dir="0" index="0" bw="138" slack="0"/>
<pin id="204" dir="0" index="1" bw="1" slack="0"/>
<pin id="205" dir="0" index="2" bw="5" slack="0"/>
<pin id="206" dir="1" index="3" bw="5" slack="0"/>
</pin_list>
<bind>
<opcode="getelementptr(29) " fcode="getelementptr"/>
<opset="w9_addr/1 "/>
</bind>
</comp>

<comp id="209" class="1004" name="grp_access_fu_209">
<pin_list>
<pin id="210" dir="0" index="0" bw="5" slack="0"/>
<pin id="211" dir="0" index="1" bw="138" slack="2147483647"/>
<pin id="212" dir="0" index="2" bw="0" slack="2147483647"/>
<pin id="213" dir="1" index="3" bw="138" slack="0"/>
</pin_list>
<bind>
<opcode="load(27) " fcode="load"/>
<opset="w9_load/1 "/>
</bind>
</comp>

<comp id="215" class="1005" name="do_init_reg_215">
<pin_list>
<pin id="216" dir="0" index="0" bw="1" slack="1"/>
<pin id="217" dir="1" index="1" bw="1" slack="2147483647"/>
</pin_list>
<bind>
<opset="do_init (phireg) "/>
</bind>
</comp>

<comp id="218" class="1004" name="do_init_phi_fu_218">
<pin_list>
<pin id="219" dir="0" index="0" bw="1" slack="0"/>
<pin id="220" dir="0" index="1" bw="0" slack="2147483647"/>
<pin id="221" dir="0" index="2" bw="1" slack="0"/>
<pin id="222" dir="0" index="3" bw="0" slack="2147483647"/>
<pin id="223" dir="0" index="4" bw="1" slack="0"/>
<pin id="224" dir="0" index="5" bw="0" slack="2147483647"/>
<pin id="225" dir="1" index="6" bw="1" slack="1"/>
</pin_list>
<bind>
<opcode="phi(47) " fcode="phi"/>
<opset="do_init/1 "/>
</bind>
</comp>

<comp id="230" class="1005" name="w_index3_reg_230">
<pin_list>
<pin id="231" dir="0" index="0" bw="5" slack="1"/>
<pin id="232" dir="1" index="1" bw="5" slack="1"/>
</pin_list>
<bind>
<opset="w_index3 (phireg) "/>
</bind>
</comp>

<comp id="233" class="1004" name="w_index3_phi_fu_233">
<pin_list>
<pin id="234" dir="0" index="0" bw="1" slack="0"/>
<pin id="235" dir="0" index="1" bw="0" slack="2147483647"/>
<pin id="236" dir="0" index="2" bw="5" slack="0"/>
<pin id="237" dir="0" index="3" bw="0" slack="2147483647"/>
<pin id="238" dir="0" index="4" bw="1" slack="0"/>
<pin id="239" dir="0" index="5" bw="0" slack="2147483647"/>
<pin id="240" dir="1" index="6" bw="5" slack="0"/>
</pin_list>
<bind>
<opcode="phi(47) " fcode="phi"/>
<opset="w_index3/1 "/>
</bind>
</comp>

<comp id="244" class="1005" name="p_ZZN4nnet24compute_output_buffer_2dINS_5arrayI8ap_fixedILi12ELi6EL9ap_q_mode5EL9_501_reg_244">
<pin_list>
<pin id="245" dir="0" index="0" bw="12" slack="1"/>
<pin id="246" dir="1" index="1" bw="12" slack="1"/>
</pin_list>
<bind>
<opset="p_ZZN4nnet24compute_output_buffer_2dINS_5arrayI8ap_fixedILi12ELi6EL9ap_q_mode5EL9_501 (phireg) "/>
</bind>
</comp>

<comp id="248" class="1004" name="p_ZZN4nnet24compute_output_buffer_2dINS_5arrayI8ap_fixedILi12ELi6EL9ap_q_mode5EL9_501_phi_fu_248">
<pin_list>
<pin id="249" dir="0" index="0" bw="1" slack="1"/>
<pin id="250" dir="0" index="1" bw="0" slack="2147483647"/>
<pin id="251" dir="0" index="2" bw="12" slack="0"/>
<pin id="252" dir="0" index="3" bw="0" slack="2147483647"/>
<pin id="253" dir="0" index="4" bw="1" slack="1"/>
<pin id="254" dir="0" index="5" bw="0" slack="2147483647"/>
<pin id="255" dir="1" index="6" bw="12" slack="0"/>
</pin_list>
<bind>
<opcode="phi(47) " fcode="phi"/>
<opset="p_ZZN4nnet24compute_output_buffer_2dINS_5arrayI8ap_fixedILi12ELi6EL9ap_q_mode5EL9_501/2 "/>
</bind>
</comp>

<comp id="258" class="1005" name="p_ZZN4nnet24compute_output_buffer_2dINS_5arrayI8ap_fixedILi12ELi6EL9ap_q_mode5EL9_502_reg_258">
<pin_list>
<pin id="259" dir="0" index="0" bw="12" slack="1"/>
<pin id="260" dir="1" index="1" bw="12" slack="1"/>
</pin_list>
<bind>
<opset="p_ZZN4nnet24compute_output_buffer_2dINS_5arrayI8ap_fixedILi12ELi6EL9ap_q_mode5EL9_502 (phireg) "/>
</bind>
</comp>

<comp id="262" class="1004" name="p_ZZN4nnet24compute_output_buffer_2dINS_5arrayI8ap_fixedILi12ELi6EL9ap_q_mode5EL9_502_phi_fu_262">
<pin_list>
<pin id="263" dir="0" index="0" bw="1" slack="1"/>
<pin id="264" dir="0" index="1" bw="0" slack="2147483647"/>
<pin id="265" dir="0" index="2" bw="12" slack="0"/>
<pin id="266" dir="0" index="3" bw="0" slack="2147483647"/>
<pin id="267" dir="0" index="4" bw="1" slack="1"/>
<pin id="268" dir="0" index="5" bw="0" slack="2147483647"/>
<pin id="269" dir="1" index="6" bw="12" slack="0"/>
</pin_list>
<bind>
<opcode="phi(47) " fcode="phi"/>
<opset="p_ZZN4nnet24compute_output_buffer_2dINS_5arrayI8ap_fixedILi12ELi6EL9ap_q_mode5EL9_502/2 "/>
</bind>
</comp>

<comp id="272" class="1005" name="p_ZZN4nnet24compute_output_buffer_2dINS_5arrayI8ap_fixedILi12ELi6EL9ap_q_mode5EL9_503_reg_272">
<pin_list>
<pin id="273" dir="0" index="0" bw="12" slack="1"/>
<pin id="274" dir="1" index="1" bw="12" slack="1"/>
</pin_list>
<bind>
<opset="p_ZZN4nnet24compute_output_buffer_2dINS_5arrayI8ap_fixedILi12ELi6EL9ap_q_mode5EL9_503 (phireg) "/>
</bind>
</comp>

<comp id="276" class="1004" name="p_ZZN4nnet24compute_output_buffer_2dINS_5arrayI8ap_fixedILi12ELi6EL9ap_q_mode5EL9_503_phi_fu_276">
<pin_list>
<pin id="277" dir="0" index="0" bw="1" slack="1"/>
<pin id="278" dir="0" index="1" bw="0" slack="2147483647"/>
<pin id="279" dir="0" index="2" bw="12" slack="0"/>
<pin id="280" dir="0" index="3" bw="0" slack="2147483647"/>
<pin id="281" dir="0" index="4" bw="1" slack="1"/>
<pin id="282" dir="0" index="5" bw="0" slack="2147483647"/>
<pin id="283" dir="1" index="6" bw="12" slack="0"/>
</pin_list>
<bind>
<opcode="phi(47) " fcode="phi"/>
<opset="p_ZZN4nnet24compute_output_buffer_2dINS_5arrayI8ap_fixedILi12ELi6EL9ap_q_mode5EL9_503/2 "/>
</bind>
</comp>

<comp id="286" class="1005" name="p_ZZN4nnet24compute_output_buffer_2dINS_5arrayI8ap_fixedILi12ELi6EL9ap_q_mode5EL9_504_reg_286">
<pin_list>
<pin id="287" dir="0" index="0" bw="12" slack="1"/>
<pin id="288" dir="1" index="1" bw="12" slack="1"/>
</pin_list>
<bind>
<opset="p_ZZN4nnet24compute_output_buffer_2dINS_5arrayI8ap_fixedILi12ELi6EL9ap_q_mode5EL9_504 (phireg) "/>
</bind>
</comp>

<comp id="290" class="1004" name="p_ZZN4nnet24compute_output_buffer_2dINS_5arrayI8ap_fixedILi12ELi6EL9ap_q_mode5EL9_504_phi_fu_290">
<pin_list>
<pin id="291" dir="0" index="0" bw="1" slack="1"/>
<pin id="292" dir="0" index="1" bw="0" slack="2147483647"/>
<pin id="293" dir="0" index="2" bw="12" slack="0"/>
<pin id="294" dir="0" index="3" bw="0" slack="2147483647"/>
<pin id="295" dir="0" index="4" bw="1" slack="1"/>
<pin id="296" dir="0" index="5" bw="0" slack="2147483647"/>
<pin id="297" dir="1" index="6" bw="12" slack="0"/>
</pin_list>
<bind>
<opcode="phi(47) " fcode="phi"/>
<opset="p_ZZN4nnet24compute_output_buffer_2dINS_5arrayI8ap_fixedILi12ELi6EL9ap_q_mode5EL9_504/2 "/>
</bind>
</comp>

<comp id="300" class="1005" name="p_ZZN4nnet24compute_output_buffer_2dINS_5arrayI8ap_fixedILi12ELi6EL9ap_q_mode5EL9_505_reg_300">
<pin_list>
<pin id="301" dir="0" index="0" bw="12" slack="1"/>
<pin id="302" dir="1" index="1" bw="12" slack="1"/>
</pin_list>
<bind>
<opset="p_ZZN4nnet24compute_output_buffer_2dINS_5arrayI8ap_fixedILi12ELi6EL9ap_q_mode5EL9_505 (phireg) "/>
</bind>
</comp>

<comp id="304" class="1004" name="p_ZZN4nnet24compute_output_buffer_2dINS_5arrayI8ap_fixedILi12ELi6EL9ap_q_mode5EL9_505_phi_fu_304">
<pin_list>
<pin id="305" dir="0" index="0" bw="1" slack="1"/>
<pin id="306" dir="0" index="1" bw="0" slack="2147483647"/>
<pin id="307" dir="0" index="2" bw="12" slack="0"/>
<pin id="308" dir="0" index="3" bw="0" slack="2147483647"/>
<pin id="309" dir="0" index="4" bw="1" slack="1"/>
<pin id="310" dir="0" index="5" bw="0" slack="2147483647"/>
<pin id="311" dir="1" index="6" bw="12" slack="0"/>
</pin_list>
<bind>
<opcode="phi(47) " fcode="phi"/>
<opset="p_ZZN4nnet24compute_output_buffer_2dINS_5arrayI8ap_fixedILi12ELi6EL9ap_q_mode5EL9_505/2 "/>
</bind>
</comp>

<comp id="314" class="1005" name="p_ZZN4nnet24compute_output_buffer_2dINS_5arrayI8ap_fixedILi12ELi6EL9ap_q_mode5EL9_506_reg_314">
<pin_list>
<pin id="315" dir="0" index="0" bw="12" slack="1"/>
<pin id="316" dir="1" index="1" bw="12" slack="1"/>
</pin_list>
<bind>
<opset="p_ZZN4nnet24compute_output_buffer_2dINS_5arrayI8ap_fixedILi12ELi6EL9ap_q_mode5EL9_506 (phireg) "/>
</bind>
</comp>

<comp id="318" class="1004" name="p_ZZN4nnet24compute_output_buffer_2dINS_5arrayI8ap_fixedILi12ELi6EL9ap_q_mode5EL9_506_phi_fu_318">
<pin_list>
<pin id="319" dir="0" index="0" bw="1" slack="1"/>
<pin id="320" dir="0" index="1" bw="0" slack="2147483647"/>
<pin id="321" dir="0" index="2" bw="12" slack="0"/>
<pin id="322" dir="0" index="3" bw="0" slack="2147483647"/>
<pin id="323" dir="0" index="4" bw="1" slack="1"/>
<pin id="324" dir="0" index="5" bw="0" slack="2147483647"/>
<pin id="325" dir="1" index="6" bw="12" slack="0"/>
</pin_list>
<bind>
<opcode="phi(47) " fcode="phi"/>
<opset="p_ZZN4nnet24compute_output_buffer_2dINS_5arrayI8ap_fixedILi12ELi6EL9ap_q_mode5EL9_506/2 "/>
</bind>
</comp>

<comp id="328" class="1005" name="p_ZZN4nnet24compute_output_buffer_2dINS_5arrayI8ap_fixedILi12ELi6EL9ap_q_mode5EL9_507_reg_328">
<pin_list>
<pin id="329" dir="0" index="0" bw="12" slack="1"/>
<pin id="330" dir="1" index="1" bw="12" slack="1"/>
</pin_list>
<bind>
<opset="p_ZZN4nnet24compute_output_buffer_2dINS_5arrayI8ap_fixedILi12ELi6EL9ap_q_mode5EL9_507 (phireg) "/>
</bind>
</comp>

<comp id="332" class="1004" name="p_ZZN4nnet24compute_output_buffer_2dINS_5arrayI8ap_fixedILi12ELi6EL9ap_q_mode5EL9_507_phi_fu_332">
<pin_list>
<pin id="333" dir="0" index="0" bw="1" slack="1"/>
<pin id="334" dir="0" index="1" bw="0" slack="2147483647"/>
<pin id="335" dir="0" index="2" bw="12" slack="0"/>
<pin id="336" dir="0" index="3" bw="0" slack="2147483647"/>
<pin id="337" dir="0" index="4" bw="1" slack="1"/>
<pin id="338" dir="0" index="5" bw="0" slack="2147483647"/>
<pin id="339" dir="1" index="6" bw="12" slack="0"/>
</pin_list>
<bind>
<opcode="phi(47) " fcode="phi"/>
<opset="p_ZZN4nnet24compute_output_buffer_2dINS_5arrayI8ap_fixedILi12ELi6EL9ap_q_mode5EL9_507/2 "/>
</bind>
</comp>

<comp id="342" class="1005" name="p_ZZN4nnet24compute_output_buffer_2dINS_5arrayI8ap_fixedILi12ELi6EL9ap_q_mode5EL9_508_reg_342">
<pin_list>
<pin id="343" dir="0" index="0" bw="12" slack="1"/>
<pin id="344" dir="1" index="1" bw="12" slack="1"/>
</pin_list>
<bind>
<opset="p_ZZN4nnet24compute_output_buffer_2dINS_5arrayI8ap_fixedILi12ELi6EL9ap_q_mode5EL9_508 (phireg) "/>
</bind>
</comp>

<comp id="346" class="1004" name="p_ZZN4nnet24compute_output_buffer_2dINS_5arrayI8ap_fixedILi12ELi6EL9ap_q_mode5EL9_508_phi_fu_346">
<pin_list>
<pin id="347" dir="0" index="0" bw="1" slack="1"/>
<pin id="348" dir="0" index="1" bw="0" slack="2147483647"/>
<pin id="349" dir="0" index="2" bw="12" slack="0"/>
<pin id="350" dir="0" index="3" bw="0" slack="2147483647"/>
<pin id="351" dir="0" index="4" bw="1" slack="1"/>
<pin id="352" dir="0" index="5" bw="0" slack="2147483647"/>
<pin id="353" dir="1" index="6" bw="12" slack="0"/>
</pin_list>
<bind>
<opcode="phi(47) " fcode="phi"/>
<opset="p_ZZN4nnet24compute_output_buffer_2dINS_5arrayI8ap_fixedILi12ELi6EL9ap_q_mode5EL9_508/2 "/>
</bind>
</comp>

<comp id="356" class="1005" name="p_ZZN4nnet24compute_output_buffer_2dINS_5arrayI8ap_fixedILi12ELi6EL9ap_q_mode5EL9_509_reg_356">
<pin_list>
<pin id="357" dir="0" index="0" bw="12" slack="1"/>
<pin id="358" dir="1" index="1" bw="12" slack="1"/>
</pin_list>
<bind>
<opset="p_ZZN4nnet24compute_output_buffer_2dINS_5arrayI8ap_fixedILi12ELi6EL9ap_q_mode5EL9_509 (phireg) "/>
</bind>
</comp>

<comp id="360" class="1004" name="p_ZZN4nnet24compute_output_buffer_2dINS_5arrayI8ap_fixedILi12ELi6EL9ap_q_mode5EL9_509_phi_fu_360">
<pin_list>
<pin id="361" dir="0" index="0" bw="1" slack="1"/>
<pin id="362" dir="0" index="1" bw="0" slack="2147483647"/>
<pin id="363" dir="0" index="2" bw="12" slack="0"/>
<pin id="364" dir="0" index="3" bw="0" slack="2147483647"/>
<pin id="365" dir="0" index="4" bw="1" slack="1"/>
<pin id="366" dir="0" index="5" bw="0" slack="2147483647"/>
<pin id="367" dir="1" index="6" bw="12" slack="0"/>
</pin_list>
<bind>
<opcode="phi(47) " fcode="phi"/>
<opset="p_ZZN4nnet24compute_output_buffer_2dINS_5arrayI8ap_fixedILi12ELi6EL9ap_q_mode5EL9_509/2 "/>
</bind>
</comp>

<comp id="370" class="1005" name="p_ZZN4nnet24compute_output_buffer_2dINS_5arrayI8ap_fixedILi12ELi6EL9ap_q_mode5EL9_510_reg_370">
<pin_list>
<pin id="371" dir="0" index="0" bw="12" slack="1"/>
<pin id="372" dir="1" index="1" bw="12" slack="1"/>
</pin_list>
<bind>
<opset="p_ZZN4nnet24compute_output_buffer_2dINS_5arrayI8ap_fixedILi12ELi6EL9ap_q_mode5EL9_510 (phireg) "/>
</bind>
</comp>

<comp id="374" class="1004" name="p_ZZN4nnet24compute_output_buffer_2dINS_5arrayI8ap_fixedILi12ELi6EL9ap_q_mode5EL9_510_phi_fu_374">
<pin_list>
<pin id="375" dir="0" index="0" bw="1" slack="1"/>
<pin id="376" dir="0" index="1" bw="0" slack="2147483647"/>
<pin id="377" dir="0" index="2" bw="12" slack="0"/>
<pin id="378" dir="0" index="3" bw="0" slack="2147483647"/>
<pin id="379" dir="0" index="4" bw="1" slack="1"/>
<pin id="380" dir="0" index="5" bw="0" slack="2147483647"/>
<pin id="381" dir="1" index="6" bw="12" slack="0"/>
</pin_list>
<bind>
<opcode="phi(47) " fcode="phi"/>
<opset="p_ZZN4nnet24compute_output_buffer_2dINS_5arrayI8ap_fixedILi12ELi6EL9ap_q_mode5EL9_510/2 "/>
</bind>
</comp>

<comp id="384" class="1005" name="p_ZZN4nnet24compute_output_buffer_2dINS_5arrayI8ap_fixedILi12ELi6EL9ap_q_mode5EL9_511_reg_384">
<pin_list>
<pin id="385" dir="0" index="0" bw="12" slack="1"/>
<pin id="386" dir="1" index="1" bw="12" slack="1"/>
</pin_list>
<bind>
<opset="p_ZZN4nnet24compute_output_buffer_2dINS_5arrayI8ap_fixedILi12ELi6EL9ap_q_mode5EL9_511 (phireg) "/>
</bind>
</comp>

<comp id="388" class="1004" name="p_ZZN4nnet24compute_output_buffer_2dINS_5arrayI8ap_fixedILi12ELi6EL9ap_q_mode5EL9_511_phi_fu_388">
<pin_list>
<pin id="389" dir="0" index="0" bw="1" slack="1"/>
<pin id="390" dir="0" index="1" bw="0" slack="2147483647"/>
<pin id="391" dir="0" index="2" bw="12" slack="0"/>
<pin id="392" dir="0" index="3" bw="0" slack="2147483647"/>
<pin id="393" dir="0" index="4" bw="1" slack="1"/>
<pin id="394" dir="0" index="5" bw="0" slack="2147483647"/>
<pin id="395" dir="1" index="6" bw="12" slack="0"/>
</pin_list>
<bind>
<opcode="phi(47) " fcode="phi"/>
<opset="p_ZZN4nnet24compute_output_buffer_2dINS_5arrayI8ap_fixedILi12ELi6EL9ap_q_mode5EL9_511/2 "/>
</bind>
</comp>

<comp id="398" class="1005" name="p_ZZN4nnet24compute_output_buffer_2dINS_5arrayI8ap_fixedILi12ELi6EL9ap_q_mode5EL9_512_reg_398">
<pin_list>
<pin id="399" dir="0" index="0" bw="12" slack="1"/>
<pin id="400" dir="1" index="1" bw="12" slack="1"/>
</pin_list>
<bind>
<opset="p_ZZN4nnet24compute_output_buffer_2dINS_5arrayI8ap_fixedILi12ELi6EL9ap_q_mode5EL9_512 (phireg) "/>
</bind>
</comp>

<comp id="402" class="1004" name="p_ZZN4nnet24compute_output_buffer_2dINS_5arrayI8ap_fixedILi12ELi6EL9ap_q_mode5EL9_512_phi_fu_402">
<pin_list>
<pin id="403" dir="0" index="0" bw="1" slack="1"/>
<pin id="404" dir="0" index="1" bw="0" slack="2147483647"/>
<pin id="405" dir="0" index="2" bw="12" slack="0"/>
<pin id="406" dir="0" index="3" bw="0" slack="2147483647"/>
<pin id="407" dir="0" index="4" bw="1" slack="1"/>
<pin id="408" dir="0" index="5" bw="0" slack="2147483647"/>
<pin id="409" dir="1" index="6" bw="12" slack="0"/>
</pin_list>
<bind>
<opcode="phi(47) " fcode="phi"/>
<opset="p_ZZN4nnet24compute_output_buffer_2dINS_5arrayI8ap_fixedILi12ELi6EL9ap_q_mode5EL9_512/2 "/>
</bind>
</comp>

<comp id="412" class="1005" name="p_ZZN4nnet24compute_output_buffer_2dINS_5arrayI8ap_fixedILi12ELi6EL9ap_q_mode5EL9_513_reg_412">
<pin_list>
<pin id="413" dir="0" index="0" bw="12" slack="1"/>
<pin id="414" dir="1" index="1" bw="12" slack="1"/>
</pin_list>
<bind>
<opset="p_ZZN4nnet24compute_output_buffer_2dINS_5arrayI8ap_fixedILi12ELi6EL9ap_q_mode5EL9_513 (phireg) "/>
</bind>
</comp>

<comp id="416" class="1004" name="p_ZZN4nnet24compute_output_buffer_2dINS_5arrayI8ap_fixedILi12ELi6EL9ap_q_mode5EL9_513_phi_fu_416">
<pin_list>
<pin id="417" dir="0" index="0" bw="1" slack="1"/>
<pin id="418" dir="0" index="1" bw="0" slack="2147483647"/>
<pin id="419" dir="0" index="2" bw="12" slack="0"/>
<pin id="420" dir="0" index="3" bw="0" slack="2147483647"/>
<pin id="421" dir="0" index="4" bw="1" slack="1"/>
<pin id="422" dir="0" index="5" bw="0" slack="2147483647"/>
<pin id="423" dir="1" index="6" bw="12" slack="0"/>
</pin_list>
<bind>
<opcode="phi(47) " fcode="phi"/>
<opset="p_ZZN4nnet24compute_output_buffer_2dINS_5arrayI8ap_fixedILi12ELi6EL9ap_q_mode5EL9_513/2 "/>
</bind>
</comp>

<comp id="426" class="1005" name="p_ZZN4nnet24compute_output_buffer_2dINS_5arrayI8ap_fixedILi12ELi6EL9ap_q_mode5EL9_514_reg_426">
<pin_list>
<pin id="427" dir="0" index="0" bw="12" slack="1"/>
<pin id="428" dir="1" index="1" bw="12" slack="1"/>
</pin_list>
<bind>
<opset="p_ZZN4nnet24compute_output_buffer_2dINS_5arrayI8ap_fixedILi12ELi6EL9ap_q_mode5EL9_514 (phireg) "/>
</bind>
</comp>

<comp id="430" class="1004" name="p_ZZN4nnet24compute_output_buffer_2dINS_5arrayI8ap_fixedILi12ELi6EL9ap_q_mode5EL9_514_phi_fu_430">
<pin_list>
<pin id="431" dir="0" index="0" bw="1" slack="1"/>
<pin id="432" dir="0" index="1" bw="0" slack="2147483647"/>
<pin id="433" dir="0" index="2" bw="12" slack="0"/>
<pin id="434" dir="0" index="3" bw="0" slack="2147483647"/>
<pin id="435" dir="0" index="4" bw="1" slack="1"/>
<pin id="436" dir="0" index="5" bw="0" slack="2147483647"/>
<pin id="437" dir="1" index="6" bw="12" slack="0"/>
</pin_list>
<bind>
<opcode="phi(47) " fcode="phi"/>
<opset="p_ZZN4nnet24compute_output_buffer_2dINS_5arrayI8ap_fixedILi12ELi6EL9ap_q_mode5EL9_514/2 "/>
</bind>
</comp>

<comp id="440" class="1005" name="p_ZZN4nnet24compute_output_buffer_2dINS_5arrayI8ap_fixedILi12ELi6EL9ap_q_mode5EL9_515_reg_440">
<pin_list>
<pin id="441" dir="0" index="0" bw="12" slack="1"/>
<pin id="442" dir="1" index="1" bw="12" slack="1"/>
</pin_list>
<bind>
<opset="p_ZZN4nnet24compute_output_buffer_2dINS_5arrayI8ap_fixedILi12ELi6EL9ap_q_mode5EL9_515 (phireg) "/>
</bind>
</comp>

<comp id="444" class="1004" name="p_ZZN4nnet24compute_output_buffer_2dINS_5arrayI8ap_fixedILi12ELi6EL9ap_q_mode5EL9_515_phi_fu_444">
<pin_list>
<pin id="445" dir="0" index="0" bw="1" slack="1"/>
<pin id="446" dir="0" index="1" bw="0" slack="2147483647"/>
<pin id="447" dir="0" index="2" bw="12" slack="0"/>
<pin id="448" dir="0" index="3" bw="0" slack="2147483647"/>
<pin id="449" dir="0" index="4" bw="1" slack="1"/>
<pin id="450" dir="0" index="5" bw="0" slack="2147483647"/>
<pin id="451" dir="1" index="6" bw="12" slack="0"/>
</pin_list>
<bind>
<opcode="phi(47) " fcode="phi"/>
<opset="p_ZZN4nnet24compute_output_buffer_2dINS_5arrayI8ap_fixedILi12ELi6EL9ap_q_mode5EL9_515/2 "/>
</bind>
</comp>

<comp id="454" class="1005" name="p_ZZN4nnet24compute_output_buffer_2dINS_5arrayI8ap_fixedILi12ELi6EL9ap_q_mode5EL9_516_reg_454">
<pin_list>
<pin id="455" dir="0" index="0" bw="12" slack="1"/>
<pin id="456" dir="1" index="1" bw="12" slack="1"/>
</pin_list>
<bind>
<opset="p_ZZN4nnet24compute_output_buffer_2dINS_5arrayI8ap_fixedILi12ELi6EL9ap_q_mode5EL9_516 (phireg) "/>
</bind>
</comp>

<comp id="458" class="1004" name="p_ZZN4nnet24compute_output_buffer_2dINS_5arrayI8ap_fixedILi12ELi6EL9ap_q_mode5EL9_516_phi_fu_458">
<pin_list>
<pin id="459" dir="0" index="0" bw="1" slack="1"/>
<pin id="460" dir="0" index="1" bw="0" slack="2147483647"/>
<pin id="461" dir="0" index="2" bw="12" slack="0"/>
<pin id="462" dir="0" index="3" bw="0" slack="2147483647"/>
<pin id="463" dir="0" index="4" bw="1" slack="1"/>
<pin id="464" dir="0" index="5" bw="0" slack="2147483647"/>
<pin id="465" dir="1" index="6" bw="12" slack="0"/>
</pin_list>
<bind>
<opcode="phi(47) " fcode="phi"/>
<opset="p_ZZN4nnet24compute_output_buffer_2dINS_5arrayI8ap_fixedILi12ELi6EL9ap_q_mode5EL9_516/2 "/>
</bind>
</comp>

<comp id="468" class="1005" name="p_ZZN4nnet24compute_output_buffer_2dINS_5arrayI8ap_fixedILi12ELi6EL9ap_q_mode5EL9_517_reg_468">
<pin_list>
<pin id="469" dir="0" index="0" bw="12" slack="1"/>
<pin id="470" dir="1" index="1" bw="12" slack="1"/>
</pin_list>
<bind>
<opset="p_ZZN4nnet24compute_output_buffer_2dINS_5arrayI8ap_fixedILi12ELi6EL9ap_q_mode5EL9_517 (phireg) "/>
</bind>
</comp>

<comp id="472" class="1004" name="p_ZZN4nnet24compute_output_buffer_2dINS_5arrayI8ap_fixedILi12ELi6EL9ap_q_mode5EL9_517_phi_fu_472">
<pin_list>
<pin id="473" dir="0" index="0" bw="1" slack="1"/>
<pin id="474" dir="0" index="1" bw="0" slack="2147483647"/>
<pin id="475" dir="0" index="2" bw="12" slack="0"/>
<pin id="476" dir="0" index="3" bw="0" slack="2147483647"/>
<pin id="477" dir="0" index="4" bw="1" slack="1"/>
<pin id="478" dir="0" index="5" bw="0" slack="2147483647"/>
<pin id="479" dir="1" index="6" bw="12" slack="0"/>
</pin_list>
<bind>
<opcode="phi(47) " fcode="phi"/>
<opset="p_ZZN4nnet24compute_output_buffer_2dINS_5arrayI8ap_fixedILi12ELi6EL9ap_q_mode5EL9_517/2 "/>
</bind>
</comp>

<comp id="482" class="1005" name="p_ZZN4nnet24compute_output_buffer_2dINS_5arrayI8ap_fixedILi12ELi6EL9ap_q_mode5EL9_518_reg_482">
<pin_list>
<pin id="483" dir="0" index="0" bw="12" slack="1"/>
<pin id="484" dir="1" index="1" bw="12" slack="1"/>
</pin_list>
<bind>
<opset="p_ZZN4nnet24compute_output_buffer_2dINS_5arrayI8ap_fixedILi12ELi6EL9ap_q_mode5EL9_518 (phireg) "/>
</bind>
</comp>

<comp id="486" class="1004" name="p_ZZN4nnet24compute_output_buffer_2dINS_5arrayI8ap_fixedILi12ELi6EL9ap_q_mode5EL9_518_phi_fu_486">
<pin_list>
<pin id="487" dir="0" index="0" bw="1" slack="1"/>
<pin id="488" dir="0" index="1" bw="0" slack="2147483647"/>
<pin id="489" dir="0" index="2" bw="12" slack="0"/>
<pin id="490" dir="0" index="3" bw="0" slack="2147483647"/>
<pin id="491" dir="0" index="4" bw="1" slack="1"/>
<pin id="492" dir="0" index="5" bw="0" slack="2147483647"/>
<pin id="493" dir="1" index="6" bw="12" slack="0"/>
</pin_list>
<bind>
<opcode="phi(47) " fcode="phi"/>
<opset="p_ZZN4nnet24compute_output_buffer_2dINS_5arrayI8ap_fixedILi12ELi6EL9ap_q_mode5EL9_518/2 "/>
</bind>
</comp>

<comp id="496" class="1005" name="p_ZZN4nnet24compute_output_buffer_2dINS_5arrayI8ap_fixedILi12ELi6EL9ap_q_mode5EL9_519_reg_496">
<pin_list>
<pin id="497" dir="0" index="0" bw="12" slack="1"/>
<pin id="498" dir="1" index="1" bw="12" slack="1"/>
</pin_list>
<bind>
<opset="p_ZZN4nnet24compute_output_buffer_2dINS_5arrayI8ap_fixedILi12ELi6EL9ap_q_mode5EL9_519 (phireg) "/>
</bind>
</comp>

<comp id="500" class="1004" name="p_ZZN4nnet24compute_output_buffer_2dINS_5arrayI8ap_fixedILi12ELi6EL9ap_q_mode5EL9_519_phi_fu_500">
<pin_list>
<pin id="501" dir="0" index="0" bw="1" slack="1"/>
<pin id="502" dir="0" index="1" bw="0" slack="2147483647"/>
<pin id="503" dir="0" index="2" bw="12" slack="0"/>
<pin id="504" dir="0" index="3" bw="0" slack="2147483647"/>
<pin id="505" dir="0" index="4" bw="1" slack="1"/>
<pin id="506" dir="0" index="5" bw="0" slack="2147483647"/>
<pin id="507" dir="1" index="6" bw="12" slack="0"/>
</pin_list>
<bind>
<opcode="phi(47) " fcode="phi"/>
<opset="p_ZZN4nnet24compute_output_buffer_2dINS_5arrayI8ap_fixedILi12ELi6EL9ap_q_mode5EL9_519/2 "/>
</bind>
</comp>

<comp id="510" class="1005" name="p_ZZN4nnet24compute_output_buffer_2dINS_5arrayI8ap_fixedILi12ELi6EL9ap_q_mode5EL9_520_reg_510">
<pin_list>
<pin id="511" dir="0" index="0" bw="12" slack="1"/>
<pin id="512" dir="1" index="1" bw="12" slack="1"/>
</pin_list>
<bind>
<opset="p_ZZN4nnet24compute_output_buffer_2dINS_5arrayI8ap_fixedILi12ELi6EL9ap_q_mode5EL9_520 (phireg) "/>
</bind>
</comp>

<comp id="514" class="1004" name="p_ZZN4nnet24compute_output_buffer_2dINS_5arrayI8ap_fixedILi12ELi6EL9ap_q_mode5EL9_520_phi_fu_514">
<pin_list>
<pin id="515" dir="0" index="0" bw="1" slack="1"/>
<pin id="516" dir="0" index="1" bw="0" slack="2147483647"/>
<pin id="517" dir="0" index="2" bw="12" slack="0"/>
<pin id="518" dir="0" index="3" bw="0" slack="2147483647"/>
<pin id="519" dir="0" index="4" bw="1" slack="1"/>
<pin id="520" dir="0" index="5" bw="0" slack="2147483647"/>
<pin id="521" dir="1" index="6" bw="12" slack="0"/>
</pin_list>
<bind>
<opcode="phi(47) " fcode="phi"/>
<opset="p_ZZN4nnet24compute_output_buffer_2dINS_5arrayI8ap_fixedILi12ELi6EL9ap_q_mode5EL9_520/2 "/>
</bind>
</comp>

<comp id="524" class="1005" name="p_ZZN4nnet24compute_output_buffer_2dINS_5arrayI8ap_fixedILi12ELi6EL9ap_q_mode5EL9_521_reg_524">
<pin_list>
<pin id="525" dir="0" index="0" bw="12" slack="1"/>
<pin id="526" dir="1" index="1" bw="12" slack="1"/>
</pin_list>
<bind>
<opset="p_ZZN4nnet24compute_output_buffer_2dINS_5arrayI8ap_fixedILi12ELi6EL9ap_q_mode5EL9_521 (phireg) "/>
</bind>
</comp>

<comp id="528" class="1004" name="p_ZZN4nnet24compute_output_buffer_2dINS_5arrayI8ap_fixedILi12ELi6EL9ap_q_mode5EL9_521_phi_fu_528">
<pin_list>
<pin id="529" dir="0" index="0" bw="1" slack="1"/>
<pin id="530" dir="0" index="1" bw="0" slack="2147483647"/>
<pin id="531" dir="0" index="2" bw="12" slack="0"/>
<pin id="532" dir="0" index="3" bw="0" slack="2147483647"/>
<pin id="533" dir="0" index="4" bw="1" slack="1"/>
<pin id="534" dir="0" index="5" bw="0" slack="2147483647"/>
<pin id="535" dir="1" index="6" bw="12" slack="0"/>
</pin_list>
<bind>
<opcode="phi(47) " fcode="phi"/>
<opset="p_ZZN4nnet24compute_output_buffer_2dINS_5arrayI8ap_fixedILi12ELi6EL9ap_q_mode5EL9_521/2 "/>
</bind>
</comp>

<comp id="538" class="1005" name="p_ZZN4nnet24compute_output_buffer_2dINS_5arrayI8ap_fixedILi12ELi6EL9ap_q_mode5EL9_522_reg_538">
<pin_list>
<pin id="539" dir="0" index="0" bw="12" slack="1"/>
<pin id="540" dir="1" index="1" bw="12" slack="1"/>
</pin_list>
<bind>
<opset="p_ZZN4nnet24compute_output_buffer_2dINS_5arrayI8ap_fixedILi12ELi6EL9ap_q_mode5EL9_522 (phireg) "/>
</bind>
</comp>

<comp id="542" class="1004" name="p_ZZN4nnet24compute_output_buffer_2dINS_5arrayI8ap_fixedILi12ELi6EL9ap_q_mode5EL9_522_phi_fu_542">
<pin_list>
<pin id="543" dir="0" index="0" bw="1" slack="1"/>
<pin id="544" dir="0" index="1" bw="0" slack="2147483647"/>
<pin id="545" dir="0" index="2" bw="12" slack="0"/>
<pin id="546" dir="0" index="3" bw="0" slack="2147483647"/>
<pin id="547" dir="0" index="4" bw="1" slack="1"/>
<pin id="548" dir="0" index="5" bw="0" slack="2147483647"/>
<pin id="549" dir="1" index="6" bw="12" slack="0"/>
</pin_list>
<bind>
<opcode="phi(47) " fcode="phi"/>
<opset="p_ZZN4nnet24compute_output_buffer_2dINS_5arrayI8ap_fixedILi12ELi6EL9ap_q_mode5EL9_522/2 "/>
</bind>
</comp>

<comp id="552" class="1005" name="p_ZZN4nnet24compute_output_buffer_2dINS_5arrayI8ap_fixedILi12ELi6EL9ap_q_mode5EL9_523_reg_552">
<pin_list>
<pin id="553" dir="0" index="0" bw="12" slack="1"/>
<pin id="554" dir="1" index="1" bw="12" slack="1"/>
</pin_list>
<bind>
<opset="p_ZZN4nnet24compute_output_buffer_2dINS_5arrayI8ap_fixedILi12ELi6EL9ap_q_mode5EL9_523 (phireg) "/>
</bind>
</comp>

<comp id="556" class="1004" name="p_ZZN4nnet24compute_output_buffer_2dINS_5arrayI8ap_fixedILi12ELi6EL9ap_q_mode5EL9_523_phi_fu_556">
<pin_list>
<pin id="557" dir="0" index="0" bw="1" slack="1"/>
<pin id="558" dir="0" index="1" bw="0" slack="2147483647"/>
<pin id="559" dir="0" index="2" bw="12" slack="0"/>
<pin id="560" dir="0" index="3" bw="0" slack="2147483647"/>
<pin id="561" dir="0" index="4" bw="1" slack="1"/>
<pin id="562" dir="0" index="5" bw="0" slack="2147483647"/>
<pin id="563" dir="1" index="6" bw="12" slack="0"/>
</pin_list>
<bind>
<opcode="phi(47) " fcode="phi"/>
<opset="p_ZZN4nnet24compute_output_buffer_2dINS_5arrayI8ap_fixedILi12ELi6EL9ap_q_mode5EL9_523/2 "/>
</bind>
</comp>

<comp id="566" class="1005" name="p_ZZN4nnet24compute_output_buffer_2dINS_5arrayI8ap_fixedILi12ELi6EL9ap_q_mode5EL9_524_reg_566">
<pin_list>
<pin id="567" dir="0" index="0" bw="12" slack="1"/>
<pin id="568" dir="1" index="1" bw="12" slack="1"/>
</pin_list>
<bind>
<opset="p_ZZN4nnet24compute_output_buffer_2dINS_5arrayI8ap_fixedILi12ELi6EL9ap_q_mode5EL9_524 (phireg) "/>
</bind>
</comp>

<comp id="570" class="1004" name="p_ZZN4nnet24compute_output_buffer_2dINS_5arrayI8ap_fixedILi12ELi6EL9ap_q_mode5EL9_524_phi_fu_570">
<pin_list>
<pin id="571" dir="0" index="0" bw="1" slack="1"/>
<pin id="572" dir="0" index="1" bw="0" slack="2147483647"/>
<pin id="573" dir="0" index="2" bw="12" slack="0"/>
<pin id="574" dir="0" index="3" bw="0" slack="2147483647"/>
<pin id="575" dir="0" index="4" bw="1" slack="1"/>
<pin id="576" dir="0" index="5" bw="0" slack="2147483647"/>
<pin id="577" dir="1" index="6" bw="12" slack="0"/>
</pin_list>
<bind>
<opcode="phi(47) " fcode="phi"/>
<opset="p_ZZN4nnet24compute_output_buffer_2dINS_5arrayI8ap_fixedILi12ELi6EL9ap_q_mode5EL9_524/2 "/>
</bind>
</comp>

<comp id="580" class="1005" name="p_ZZN4nnet24compute_output_buffer_2dINS_5arrayI8ap_fixedILi12ELi6EL9ap_q_mode5EL9_525_reg_580">
<pin_list>
<pin id="581" dir="0" index="0" bw="12" slack="1"/>
<pin id="582" dir="1" index="1" bw="12" slack="1"/>
</pin_list>
<bind>
<opset="p_ZZN4nnet24compute_output_buffer_2dINS_5arrayI8ap_fixedILi12ELi6EL9ap_q_mode5EL9_525 (phireg) "/>
</bind>
</comp>

<comp id="584" class="1004" name="p_ZZN4nnet24compute_output_buffer_2dINS_5arrayI8ap_fixedILi12ELi6EL9ap_q_mode5EL9_525_phi_fu_584">
<pin_list>
<pin id="585" dir="0" index="0" bw="1" slack="1"/>
<pin id="586" dir="0" index="1" bw="0" slack="2147483647"/>
<pin id="587" dir="0" index="2" bw="12" slack="0"/>
<pin id="588" dir="0" index="3" bw="0" slack="2147483647"/>
<pin id="589" dir="0" index="4" bw="1" slack="1"/>
<pin id="590" dir="0" index="5" bw="0" slack="2147483647"/>
<pin id="591" dir="1" index="6" bw="12" slack="0"/>
</pin_list>
<bind>
<opcode="phi(47) " fcode="phi"/>
<opset="p_ZZN4nnet24compute_output_buffer_2dINS_5arrayI8ap_fixedILi12ELi6EL9ap_q_mode5EL9_525/2 "/>
</bind>
</comp>

<comp id="594" class="1005" name="p_ZZN4nnet24compute_output_buffer_2dINS_5arrayI8ap_fixedILi12ELi6EL9ap_q_mode5EL9_526_reg_594">
<pin_list>
<pin id="595" dir="0" index="0" bw="12" slack="1"/>
<pin id="596" dir="1" index="1" bw="12" slack="1"/>
</pin_list>
<bind>
<opset="p_ZZN4nnet24compute_output_buffer_2dINS_5arrayI8ap_fixedILi12ELi6EL9ap_q_mode5EL9_526 (phireg) "/>
</bind>
</comp>

<comp id="598" class="1004" name="p_ZZN4nnet24compute_output_buffer_2dINS_5arrayI8ap_fixedILi12ELi6EL9ap_q_mode5EL9_526_phi_fu_598">
<pin_list>
<pin id="599" dir="0" index="0" bw="1" slack="1"/>
<pin id="600" dir="0" index="1" bw="0" slack="2147483647"/>
<pin id="601" dir="0" index="2" bw="12" slack="0"/>
<pin id="602" dir="0" index="3" bw="0" slack="2147483647"/>
<pin id="603" dir="0" index="4" bw="1" slack="1"/>
<pin id="604" dir="0" index="5" bw="0" slack="2147483647"/>
<pin id="605" dir="1" index="6" bw="12" slack="0"/>
</pin_list>
<bind>
<opcode="phi(47) " fcode="phi"/>
<opset="p_ZZN4nnet24compute_output_buffer_2dINS_5arrayI8ap_fixedILi12ELi6EL9ap_q_mode5EL9_526/2 "/>
</bind>
</comp>

<comp id="608" class="1005" name="void_compute_output_buffer_2d_array_const_ap_shift_reg_n_chan_stream_weig_107_reg_608">
<pin_list>
<pin id="609" dir="0" index="0" bw="12" slack="1"/>
<pin id="610" dir="1" index="1" bw="12" slack="1"/>
</pin_list>
<bind>
<opset="void_compute_output_buffer_2d_array_const_ap_shift_reg_n_chan_stream_weig_107 (phireg) "/>
</bind>
</comp>

<comp id="612" class="1004" name="void_compute_output_buffer_2d_array_const_ap_shift_reg_n_chan_stream_weig_107_phi_fu_612">
<pin_list>
<pin id="613" dir="0" index="0" bw="1" slack="1"/>
<pin id="614" dir="0" index="1" bw="0" slack="2147483647"/>
<pin id="615" dir="0" index="2" bw="12" slack="0"/>
<pin id="616" dir="0" index="3" bw="0" slack="2147483647"/>
<pin id="617" dir="0" index="4" bw="1" slack="1"/>
<pin id="618" dir="0" index="5" bw="0" slack="2147483647"/>
<pin id="619" dir="1" index="6" bw="12" slack="0"/>
</pin_list>
<bind>
<opcode="phi(47) " fcode="phi"/>
<opset="void_compute_output_buffer_2d_array_const_ap_shift_reg_n_chan_stream_weig_107/2 "/>
</bind>
</comp>

<comp id="622" class="1005" name="void_compute_output_buffer_2d_array_const_ap_shift_reg_n_chan_stream_weig_108_reg_622">
<pin_list>
<pin id="623" dir="0" index="0" bw="12" slack="1"/>
<pin id="624" dir="1" index="1" bw="12" slack="1"/>
</pin_list>
<bind>
<opset="void_compute_output_buffer_2d_array_const_ap_shift_reg_n_chan_stream_weig_108 (phireg) "/>
</bind>
</comp>

<comp id="626" class="1004" name="void_compute_output_buffer_2d_array_const_ap_shift_reg_n_chan_stream_weig_108_phi_fu_626">
<pin_list>
<pin id="627" dir="0" index="0" bw="1" slack="1"/>
<pin id="628" dir="0" index="1" bw="0" slack="2147483647"/>
<pin id="629" dir="0" index="2" bw="12" slack="0"/>
<pin id="630" dir="0" index="3" bw="0" slack="2147483647"/>
<pin id="631" dir="0" index="4" bw="1" slack="1"/>
<pin id="632" dir="0" index="5" bw="0" slack="2147483647"/>
<pin id="633" dir="1" index="6" bw="12" slack="0"/>
</pin_list>
<bind>
<opcode="phi(47) " fcode="phi"/>
<opset="void_compute_output_buffer_2d_array_const_ap_shift_reg_n_chan_stream_weig_108/2 "/>
</bind>
</comp>

<comp id="636" class="1005" name="void_compute_output_buffer_2d_array_const_ap_shift_reg_n_chan_stream_weig_109_reg_636">
<pin_list>
<pin id="637" dir="0" index="0" bw="12" slack="1"/>
<pin id="638" dir="1" index="1" bw="12" slack="1"/>
</pin_list>
<bind>
<opset="void_compute_output_buffer_2d_array_const_ap_shift_reg_n_chan_stream_weig_109 (phireg) "/>
</bind>
</comp>

<comp id="640" class="1004" name="void_compute_output_buffer_2d_array_const_ap_shift_reg_n_chan_stream_weig_109_phi_fu_640">
<pin_list>
<pin id="641" dir="0" index="0" bw="1" slack="1"/>
<pin id="642" dir="0" index="1" bw="0" slack="2147483647"/>
<pin id="643" dir="0" index="2" bw="12" slack="0"/>
<pin id="644" dir="0" index="3" bw="0" slack="2147483647"/>
<pin id="645" dir="0" index="4" bw="1" slack="1"/>
<pin id="646" dir="0" index="5" bw="0" slack="2147483647"/>
<pin id="647" dir="1" index="6" bw="12" slack="0"/>
</pin_list>
<bind>
<opcode="phi(47) " fcode="phi"/>
<opset="void_compute_output_buffer_2d_array_const_ap_shift_reg_n_chan_stream_weig_109/2 "/>
</bind>
</comp>

<comp id="650" class="1005" name="void_compute_output_buffer_2d_array_const_ap_shift_reg_n_chan_stream_weig_110_reg_650">
<pin_list>
<pin id="651" dir="0" index="0" bw="12" slack="1"/>
<pin id="652" dir="1" index="1" bw="12" slack="1"/>
</pin_list>
<bind>
<opset="void_compute_output_buffer_2d_array_const_ap_shift_reg_n_chan_stream_weig_110 (phireg) "/>
</bind>
</comp>

<comp id="654" class="1004" name="void_compute_output_buffer_2d_array_const_ap_shift_reg_n_chan_stream_weig_110_phi_fu_654">
<pin_list>
<pin id="655" dir="0" index="0" bw="1" slack="1"/>
<pin id="656" dir="0" index="1" bw="0" slack="2147483647"/>
<pin id="657" dir="0" index="2" bw="12" slack="0"/>
<pin id="658" dir="0" index="3" bw="0" slack="2147483647"/>
<pin id="659" dir="0" index="4" bw="1" slack="1"/>
<pin id="660" dir="0" index="5" bw="0" slack="2147483647"/>
<pin id="661" dir="1" index="6" bw="12" slack="0"/>
</pin_list>
<bind>
<opcode="phi(47) " fcode="phi"/>
<opset="void_compute_output_buffer_2d_array_const_ap_shift_reg_n_chan_stream_weig_110/2 "/>
</bind>
</comp>

<comp id="664" class="1005" name="void_compute_output_buffer_2d_array_const_ap_shift_reg_n_chan_stream_weig_111_reg_664">
<pin_list>
<pin id="665" dir="0" index="0" bw="12" slack="1"/>
<pin id="666" dir="1" index="1" bw="12" slack="1"/>
</pin_list>
<bind>
<opset="void_compute_output_buffer_2d_array_const_ap_shift_reg_n_chan_stream_weig_111 (phireg) "/>
</bind>
</comp>

<comp id="668" class="1004" name="void_compute_output_buffer_2d_array_const_ap_shift_reg_n_chan_stream_weig_111_phi_fu_668">
<pin_list>
<pin id="669" dir="0" index="0" bw="1" slack="1"/>
<pin id="670" dir="0" index="1" bw="0" slack="2147483647"/>
<pin id="671" dir="0" index="2" bw="12" slack="0"/>
<pin id="672" dir="0" index="3" bw="0" slack="2147483647"/>
<pin id="673" dir="0" index="4" bw="1" slack="1"/>
<pin id="674" dir="0" index="5" bw="0" slack="2147483647"/>
<pin id="675" dir="1" index="6" bw="12" slack="0"/>
</pin_list>
<bind>
<opcode="phi(47) " fcode="phi"/>
<opset="void_compute_output_buffer_2d_array_const_ap_shift_reg_n_chan_stream_weig_111/2 "/>
</bind>
</comp>

<comp id="678" class="1005" name="void_compute_output_buffer_2d_array_const_ap_shift_reg_n_chan_stream_weig_112_reg_678">
<pin_list>
<pin id="679" dir="0" index="0" bw="12" slack="1"/>
<pin id="680" dir="1" index="1" bw="12" slack="1"/>
</pin_list>
<bind>
<opset="void_compute_output_buffer_2d_array_const_ap_shift_reg_n_chan_stream_weig_112 (phireg) "/>
</bind>
</comp>

<comp id="682" class="1004" name="void_compute_output_buffer_2d_array_const_ap_shift_reg_n_chan_stream_weig_112_phi_fu_682">
<pin_list>
<pin id="683" dir="0" index="0" bw="1" slack="1"/>
<pin id="684" dir="0" index="1" bw="0" slack="2147483647"/>
<pin id="685" dir="0" index="2" bw="12" slack="0"/>
<pin id="686" dir="0" index="3" bw="0" slack="2147483647"/>
<pin id="687" dir="0" index="4" bw="1" slack="1"/>
<pin id="688" dir="0" index="5" bw="0" slack="2147483647"/>
<pin id="689" dir="1" index="6" bw="12" slack="0"/>
</pin_list>
<bind>
<opcode="phi(47) " fcode="phi"/>
<opset="void_compute_output_buffer_2d_array_const_ap_shift_reg_n_chan_stream_weig_112/2 "/>
</bind>
</comp>

<comp id="692" class="1005" name="void_compute_output_buffer_2d_array_const_ap_shift_reg_n_chan_stream_weig_113_reg_692">
<pin_list>
<pin id="693" dir="0" index="0" bw="12" slack="1"/>
<pin id="694" dir="1" index="1" bw="12" slack="1"/>
</pin_list>
<bind>
<opset="void_compute_output_buffer_2d_array_const_ap_shift_reg_n_chan_stream_weig_113 (phireg) "/>
</bind>
</comp>

<comp id="696" class="1004" name="void_compute_output_buffer_2d_array_const_ap_shift_reg_n_chan_stream_weig_113_phi_fu_696">
<pin_list>
<pin id="697" dir="0" index="0" bw="1" slack="1"/>
<pin id="698" dir="0" index="1" bw="0" slack="2147483647"/>
<pin id="699" dir="0" index="2" bw="12" slack="0"/>
<pin id="700" dir="0" index="3" bw="0" slack="2147483647"/>
<pin id="701" dir="0" index="4" bw="1" slack="1"/>
<pin id="702" dir="0" index="5" bw="0" slack="2147483647"/>
<pin id="703" dir="1" index="6" bw="12" slack="0"/>
</pin_list>
<bind>
<opcode="phi(47) " fcode="phi"/>
<opset="void_compute_output_buffer_2d_array_const_ap_shift_reg_n_chan_stream_weig_113/2 "/>
</bind>
</comp>

<comp id="706" class="1005" name="void_compute_output_buffer_2d_array_const_ap_shift_reg_n_chan_stream_weig_114_reg_706">
<pin_list>
<pin id="707" dir="0" index="0" bw="12" slack="1"/>
<pin id="708" dir="1" index="1" bw="12" slack="1"/>
</pin_list>
<bind>
<opset="void_compute_output_buffer_2d_array_const_ap_shift_reg_n_chan_stream_weig_114 (phireg) "/>
</bind>
</comp>

<comp id="710" class="1004" name="void_compute_output_buffer_2d_array_const_ap_shift_reg_n_chan_stream_weig_114_phi_fu_710">
<pin_list>
<pin id="711" dir="0" index="0" bw="1" slack="1"/>
<pin id="712" dir="0" index="1" bw="0" slack="2147483647"/>
<pin id="713" dir="0" index="2" bw="12" slack="0"/>
<pin id="714" dir="0" index="3" bw="0" slack="2147483647"/>
<pin id="715" dir="0" index="4" bw="1" slack="1"/>
<pin id="716" dir="0" index="5" bw="0" slack="2147483647"/>
<pin id="717" dir="1" index="6" bw="12" slack="0"/>
</pin_list>
<bind>
<opcode="phi(47) " fcode="phi"/>
<opset="void_compute_output_buffer_2d_array_const_ap_shift_reg_n_chan_stream_weig_114/2 "/>
</bind>
</comp>

<comp id="720" class="1005" name="void_compute_output_buffer_2d_array_const_ap_shift_reg_n_chan_stream_weig_115_reg_720">
<pin_list>
<pin id="721" dir="0" index="0" bw="12" slack="1"/>
<pin id="722" dir="1" index="1" bw="12" slack="1"/>
</pin_list>
<bind>
<opset="void_compute_output_buffer_2d_array_const_ap_shift_reg_n_chan_stream_weig_115 (phireg) "/>
</bind>
</comp>

<comp id="724" class="1004" name="void_compute_output_buffer_2d_array_const_ap_shift_reg_n_chan_stream_weig_115_phi_fu_724">
<pin_list>
<pin id="725" dir="0" index="0" bw="1" slack="1"/>
<pin id="726" dir="0" index="1" bw="0" slack="2147483647"/>
<pin id="727" dir="0" index="2" bw="12" slack="0"/>
<pin id="728" dir="0" index="3" bw="0" slack="2147483647"/>
<pin id="729" dir="0" index="4" bw="1" slack="1"/>
<pin id="730" dir="0" index="5" bw="0" slack="2147483647"/>
<pin id="731" dir="1" index="6" bw="12" slack="0"/>
</pin_list>
<bind>
<opcode="phi(47) " fcode="phi"/>
<opset="void_compute_output_buffer_2d_array_const_ap_shift_reg_n_chan_stream_weig_115/2 "/>
</bind>
</comp>

<comp id="734" class="1005" name="void_compute_output_buffer_2d_array_const_ap_shift_reg_n_chan_stream_weig_116_reg_734">
<pin_list>
<pin id="735" dir="0" index="0" bw="12" slack="1"/>
<pin id="736" dir="1" index="1" bw="12" slack="1"/>
</pin_list>
<bind>
<opset="void_compute_output_buffer_2d_array_const_ap_shift_reg_n_chan_stream_weig_116 (phireg) "/>
</bind>
</comp>

<comp id="738" class="1004" name="void_compute_output_buffer_2d_array_const_ap_shift_reg_n_chan_stream_weig_116_phi_fu_738">
<pin_list>
<pin id="739" dir="0" index="0" bw="1" slack="1"/>
<pin id="740" dir="0" index="1" bw="0" slack="2147483647"/>
<pin id="741" dir="0" index="2" bw="12" slack="0"/>
<pin id="742" dir="0" index="3" bw="0" slack="2147483647"/>
<pin id="743" dir="0" index="4" bw="1" slack="1"/>
<pin id="744" dir="0" index="5" bw="0" slack="2147483647"/>
<pin id="745" dir="1" index="6" bw="12" slack="0"/>
</pin_list>
<bind>
<opcode="phi(47) " fcode="phi"/>
<opset="void_compute_output_buffer_2d_array_const_ap_shift_reg_n_chan_stream_weig_116/2 "/>
</bind>
</comp>

<comp id="748" class="1005" name="p_ZZN4nnet24compute_output_buffer_2dINS_5arrayI8ap_fixedILi12ELi6EL9ap_q_mode5EL9_449_reg_748">
<pin_list>
<pin id="749" dir="0" index="0" bw="12" slack="0"/>
<pin id="750" dir="1" index="1" bw="12" slack="0"/>
</pin_list>
<bind>
<opset="p_ZZN4nnet24compute_output_buffer_2dINS_5arrayI8ap_fixedILi12ELi6EL9ap_q_mode5EL9_449 (phireg) "/>
</bind>
</comp>

<comp id="752" class="1004" name="p_ZZN4nnet24compute_output_buffer_2dINS_5arrayI8ap_fixedILi12ELi6EL9ap_q_mode5EL9_449_phi_fu_752">
<pin_list>
<pin id="753" dir="0" index="0" bw="12" slack="1"/>
<pin id="754" dir="0" index="1" bw="0" slack="2147483647"/>
<pin id="755" dir="0" index="2" bw="12" slack="0"/>
<pin id="756" dir="0" index="3" bw="0" slack="2147483647"/>
<pin id="757" dir="1" index="4" bw="12" slack="0"/>
</pin_list>
<bind>
<opcode="phi(47) " fcode="phi"/>
<opset="p_ZZN4nnet24compute_output_buffer_2dINS_5arrayI8ap_fixedILi12ELi6EL9ap_q_mode5EL9_449/2 "/>
</bind>
</comp>

<comp id="760" class="1005" name="p_ZZN4nnet24compute_output_buffer_2dINS_5arrayI8ap_fixedILi12ELi6EL9ap_q_mode5EL9_450_reg_760">
<pin_list>
<pin id="761" dir="0" index="0" bw="12" slack="0"/>
<pin id="762" dir="1" index="1" bw="12" slack="0"/>
</pin_list>
<bind>
<opset="p_ZZN4nnet24compute_output_buffer_2dINS_5arrayI8ap_fixedILi12ELi6EL9ap_q_mode5EL9_450 (phireg) "/>
</bind>
</comp>

<comp id="764" class="1004" name="p_ZZN4nnet24compute_output_buffer_2dINS_5arrayI8ap_fixedILi12ELi6EL9ap_q_mode5EL9_450_phi_fu_764">
<pin_list>
<pin id="765" dir="0" index="0" bw="12" slack="1"/>
<pin id="766" dir="0" index="1" bw="0" slack="2147483647"/>
<pin id="767" dir="0" index="2" bw="12" slack="0"/>
<pin id="768" dir="0" index="3" bw="0" slack="2147483647"/>
<pin id="769" dir="1" index="4" bw="12" slack="0"/>
</pin_list>
<bind>
<opcode="phi(47) " fcode="phi"/>
<opset="p_ZZN4nnet24compute_output_buffer_2dINS_5arrayI8ap_fixedILi12ELi6EL9ap_q_mode5EL9_450/2 "/>
</bind>
</comp>

<comp id="772" class="1005" name="p_ZZN4nnet24compute_output_buffer_2dINS_5arrayI8ap_fixedILi12ELi6EL9ap_q_mode5EL9_451_reg_772">
<pin_list>
<pin id="773" dir="0" index="0" bw="12" slack="0"/>
<pin id="774" dir="1" index="1" bw="12" slack="0"/>
</pin_list>
<bind>
<opset="p_ZZN4nnet24compute_output_buffer_2dINS_5arrayI8ap_fixedILi12ELi6EL9ap_q_mode5EL9_451 (phireg) "/>
</bind>
</comp>

<comp id="776" class="1004" name="p_ZZN4nnet24compute_output_buffer_2dINS_5arrayI8ap_fixedILi12ELi6EL9ap_q_mode5EL9_451_phi_fu_776">
<pin_list>
<pin id="777" dir="0" index="0" bw="12" slack="1"/>
<pin id="778" dir="0" index="1" bw="0" slack="2147483647"/>
<pin id="779" dir="0" index="2" bw="12" slack="0"/>
<pin id="780" dir="0" index="3" bw="0" slack="2147483647"/>
<pin id="781" dir="1" index="4" bw="12" slack="0"/>
</pin_list>
<bind>
<opcode="phi(47) " fcode="phi"/>
<opset="p_ZZN4nnet24compute_output_buffer_2dINS_5arrayI8ap_fixedILi12ELi6EL9ap_q_mode5EL9_451/2 "/>
</bind>
</comp>

<comp id="784" class="1005" name="p_ZZN4nnet24compute_output_buffer_2dINS_5arrayI8ap_fixedILi12ELi6EL9ap_q_mode5EL9_452_reg_784">
<pin_list>
<pin id="785" dir="0" index="0" bw="12" slack="0"/>
<pin id="786" dir="1" index="1" bw="12" slack="0"/>
</pin_list>
<bind>
<opset="p_ZZN4nnet24compute_output_buffer_2dINS_5arrayI8ap_fixedILi12ELi6EL9ap_q_mode5EL9_452 (phireg) "/>
</bind>
</comp>

<comp id="788" class="1004" name="p_ZZN4nnet24compute_output_buffer_2dINS_5arrayI8ap_fixedILi12ELi6EL9ap_q_mode5EL9_452_phi_fu_788">
<pin_list>
<pin id="789" dir="0" index="0" bw="12" slack="1"/>
<pin id="790" dir="0" index="1" bw="0" slack="2147483647"/>
<pin id="791" dir="0" index="2" bw="12" slack="0"/>
<pin id="792" dir="0" index="3" bw="0" slack="2147483647"/>
<pin id="793" dir="1" index="4" bw="12" slack="0"/>
</pin_list>
<bind>
<opcode="phi(47) " fcode="phi"/>
<opset="p_ZZN4nnet24compute_output_buffer_2dINS_5arrayI8ap_fixedILi12ELi6EL9ap_q_mode5EL9_452/2 "/>
</bind>
</comp>

<comp id="796" class="1005" name="p_ZZN4nnet24compute_output_buffer_2dINS_5arrayI8ap_fixedILi12ELi6EL9ap_q_mode5EL9_453_reg_796">
<pin_list>
<pin id="797" dir="0" index="0" bw="12" slack="0"/>
<pin id="798" dir="1" index="1" bw="12" slack="0"/>
</pin_list>
<bind>
<opset="p_ZZN4nnet24compute_output_buffer_2dINS_5arrayI8ap_fixedILi12ELi6EL9ap_q_mode5EL9_453 (phireg) "/>
</bind>
</comp>

<comp id="800" class="1004" name="p_ZZN4nnet24compute_output_buffer_2dINS_5arrayI8ap_fixedILi12ELi6EL9ap_q_mode5EL9_453_phi_fu_800">
<pin_list>
<pin id="801" dir="0" index="0" bw="12" slack="1"/>
<pin id="802" dir="0" index="1" bw="0" slack="2147483647"/>
<pin id="803" dir="0" index="2" bw="12" slack="0"/>
<pin id="804" dir="0" index="3" bw="0" slack="2147483647"/>
<pin id="805" dir="1" index="4" bw="12" slack="0"/>
</pin_list>
<bind>
<opcode="phi(47) " fcode="phi"/>
<opset="p_ZZN4nnet24compute_output_buffer_2dINS_5arrayI8ap_fixedILi12ELi6EL9ap_q_mode5EL9_453/2 "/>
</bind>
</comp>

<comp id="808" class="1005" name="p_ZZN4nnet24compute_output_buffer_2dINS_5arrayI8ap_fixedILi12ELi6EL9ap_q_mode5EL9_454_reg_808">
<pin_list>
<pin id="809" dir="0" index="0" bw="12" slack="0"/>
<pin id="810" dir="1" index="1" bw="12" slack="0"/>
</pin_list>
<bind>
<opset="p_ZZN4nnet24compute_output_buffer_2dINS_5arrayI8ap_fixedILi12ELi6EL9ap_q_mode5EL9_454 (phireg) "/>
</bind>
</comp>

<comp id="812" class="1004" name="p_ZZN4nnet24compute_output_buffer_2dINS_5arrayI8ap_fixedILi12ELi6EL9ap_q_mode5EL9_454_phi_fu_812">
<pin_list>
<pin id="813" dir="0" index="0" bw="12" slack="1"/>
<pin id="814" dir="0" index="1" bw="0" slack="2147483647"/>
<pin id="815" dir="0" index="2" bw="12" slack="0"/>
<pin id="816" dir="0" index="3" bw="0" slack="2147483647"/>
<pin id="817" dir="1" index="4" bw="12" slack="0"/>
</pin_list>
<bind>
<opcode="phi(47) " fcode="phi"/>
<opset="p_ZZN4nnet24compute_output_buffer_2dINS_5arrayI8ap_fixedILi12ELi6EL9ap_q_mode5EL9_454/2 "/>
</bind>
</comp>

<comp id="820" class="1005" name="p_ZZN4nnet24compute_output_buffer_2dINS_5arrayI8ap_fixedILi12ELi6EL9ap_q_mode5EL9_455_reg_820">
<pin_list>
<pin id="821" dir="0" index="0" bw="12" slack="0"/>
<pin id="822" dir="1" index="1" bw="12" slack="0"/>
</pin_list>
<bind>
<opset="p_ZZN4nnet24compute_output_buffer_2dINS_5arrayI8ap_fixedILi12ELi6EL9ap_q_mode5EL9_455 (phireg) "/>
</bind>
</comp>

<comp id="824" class="1004" name="p_ZZN4nnet24compute_output_buffer_2dINS_5arrayI8ap_fixedILi12ELi6EL9ap_q_mode5EL9_455_phi_fu_824">
<pin_list>
<pin id="825" dir="0" index="0" bw="12" slack="1"/>
<pin id="826" dir="0" index="1" bw="0" slack="2147483647"/>
<pin id="827" dir="0" index="2" bw="12" slack="0"/>
<pin id="828" dir="0" index="3" bw="0" slack="2147483647"/>
<pin id="829" dir="1" index="4" bw="12" slack="0"/>
</pin_list>
<bind>
<opcode="phi(47) " fcode="phi"/>
<opset="p_ZZN4nnet24compute_output_buffer_2dINS_5arrayI8ap_fixedILi12ELi6EL9ap_q_mode5EL9_455/2 "/>
</bind>
</comp>

<comp id="832" class="1005" name="p_ZZN4nnet24compute_output_buffer_2dINS_5arrayI8ap_fixedILi12ELi6EL9ap_q_mode5EL9_456_reg_832">
<pin_list>
<pin id="833" dir="0" index="0" bw="12" slack="0"/>
<pin id="834" dir="1" index="1" bw="12" slack="0"/>
</pin_list>
<bind>
<opset="p_ZZN4nnet24compute_output_buffer_2dINS_5arrayI8ap_fixedILi12ELi6EL9ap_q_mode5EL9_456 (phireg) "/>
</bind>
</comp>

<comp id="836" class="1004" name="p_ZZN4nnet24compute_output_buffer_2dINS_5arrayI8ap_fixedILi12ELi6EL9ap_q_mode5EL9_456_phi_fu_836">
<pin_list>
<pin id="837" dir="0" index="0" bw="12" slack="1"/>
<pin id="838" dir="0" index="1" bw="0" slack="2147483647"/>
<pin id="839" dir="0" index="2" bw="12" slack="0"/>
<pin id="840" dir="0" index="3" bw="0" slack="2147483647"/>
<pin id="841" dir="1" index="4" bw="12" slack="0"/>
</pin_list>
<bind>
<opcode="phi(47) " fcode="phi"/>
<opset="p_ZZN4nnet24compute_output_buffer_2dINS_5arrayI8ap_fixedILi12ELi6EL9ap_q_mode5EL9_456/2 "/>
</bind>
</comp>

<comp id="844" class="1005" name="p_ZZN4nnet24compute_output_buffer_2dINS_5arrayI8ap_fixedILi12ELi6EL9ap_q_mode5EL9_457_reg_844">
<pin_list>
<pin id="845" dir="0" index="0" bw="12" slack="0"/>
<pin id="846" dir="1" index="1" bw="12" slack="0"/>
</pin_list>
<bind>
<opset="p_ZZN4nnet24compute_output_buffer_2dINS_5arrayI8ap_fixedILi12ELi6EL9ap_q_mode5EL9_457 (phireg) "/>
</bind>
</comp>

<comp id="848" class="1004" name="p_ZZN4nnet24compute_output_buffer_2dINS_5arrayI8ap_fixedILi12ELi6EL9ap_q_mode5EL9_457_phi_fu_848">
<pin_list>
<pin id="849" dir="0" index="0" bw="12" slack="1"/>
<pin id="850" dir="0" index="1" bw="0" slack="2147483647"/>
<pin id="851" dir="0" index="2" bw="12" slack="0"/>
<pin id="852" dir="0" index="3" bw="0" slack="2147483647"/>
<pin id="853" dir="1" index="4" bw="12" slack="0"/>
</pin_list>
<bind>
<opcode="phi(47) " fcode="phi"/>
<opset="p_ZZN4nnet24compute_output_buffer_2dINS_5arrayI8ap_fixedILi12ELi6EL9ap_q_mode5EL9_457/2 "/>
</bind>
</comp>

<comp id="856" class="1005" name="p_ZZN4nnet24compute_output_buffer_2dINS_5arrayI8ap_fixedILi12ELi6EL9ap_q_mode5EL9_458_reg_856">
<pin_list>
<pin id="857" dir="0" index="0" bw="12" slack="0"/>
<pin id="858" dir="1" index="1" bw="12" slack="0"/>
</pin_list>
<bind>
<opset="p_ZZN4nnet24compute_output_buffer_2dINS_5arrayI8ap_fixedILi12ELi6EL9ap_q_mode5EL9_458 (phireg) "/>
</bind>
</comp>

<comp id="860" class="1004" name="p_ZZN4nnet24compute_output_buffer_2dINS_5arrayI8ap_fixedILi12ELi6EL9ap_q_mode5EL9_458_phi_fu_860">
<pin_list>
<pin id="861" dir="0" index="0" bw="12" slack="1"/>
<pin id="862" dir="0" index="1" bw="0" slack="2147483647"/>
<pin id="863" dir="0" index="2" bw="12" slack="0"/>
<pin id="864" dir="0" index="3" bw="0" slack="2147483647"/>
<pin id="865" dir="1" index="4" bw="12" slack="0"/>
</pin_list>
<bind>
<opcode="phi(47) " fcode="phi"/>
<opset="p_ZZN4nnet24compute_output_buffer_2dINS_5arrayI8ap_fixedILi12ELi6EL9ap_q_mode5EL9_458/2 "/>
</bind>
</comp>

<comp id="868" class="1005" name="p_ZZN4nnet24compute_output_buffer_2dINS_5arrayI8ap_fixedILi12ELi6EL9ap_q_mode5EL9_459_reg_868">
<pin_list>
<pin id="869" dir="0" index="0" bw="12" slack="0"/>
<pin id="870" dir="1" index="1" bw="12" slack="0"/>
</pin_list>
<bind>
<opset="p_ZZN4nnet24compute_output_buffer_2dINS_5arrayI8ap_fixedILi12ELi6EL9ap_q_mode5EL9_459 (phireg) "/>
</bind>
</comp>

<comp id="872" class="1004" name="p_ZZN4nnet24compute_output_buffer_2dINS_5arrayI8ap_fixedILi12ELi6EL9ap_q_mode5EL9_459_phi_fu_872">
<pin_list>
<pin id="873" dir="0" index="0" bw="12" slack="1"/>
<pin id="874" dir="0" index="1" bw="0" slack="2147483647"/>
<pin id="875" dir="0" index="2" bw="12" slack="0"/>
<pin id="876" dir="0" index="3" bw="0" slack="2147483647"/>
<pin id="877" dir="1" index="4" bw="12" slack="0"/>
</pin_list>
<bind>
<opcode="phi(47) " fcode="phi"/>
<opset="p_ZZN4nnet24compute_output_buffer_2dINS_5arrayI8ap_fixedILi12ELi6EL9ap_q_mode5EL9_459/2 "/>
</bind>
</comp>

<comp id="880" class="1005" name="p_ZZN4nnet24compute_output_buffer_2dINS_5arrayI8ap_fixedILi12ELi6EL9ap_q_mode5EL9_460_reg_880">
<pin_list>
<pin id="881" dir="0" index="0" bw="12" slack="0"/>
<pin id="882" dir="1" index="1" bw="12" slack="0"/>
</pin_list>
<bind>
<opset="p_ZZN4nnet24compute_output_buffer_2dINS_5arrayI8ap_fixedILi12ELi6EL9ap_q_mode5EL9_460 (phireg) "/>
</bind>
</comp>

<comp id="884" class="1004" name="p_ZZN4nnet24compute_output_buffer_2dINS_5arrayI8ap_fixedILi12ELi6EL9ap_q_mode5EL9_460_phi_fu_884">
<pin_list>
<pin id="885" dir="0" index="0" bw="12" slack="1"/>
<pin id="886" dir="0" index="1" bw="0" slack="2147483647"/>
<pin id="887" dir="0" index="2" bw="12" slack="0"/>
<pin id="888" dir="0" index="3" bw="0" slack="2147483647"/>
<pin id="889" dir="1" index="4" bw="12" slack="0"/>
</pin_list>
<bind>
<opcode="phi(47) " fcode="phi"/>
<opset="p_ZZN4nnet24compute_output_buffer_2dINS_5arrayI8ap_fixedILi12ELi6EL9ap_q_mode5EL9_460/2 "/>
</bind>
</comp>

<comp id="892" class="1005" name="p_ZZN4nnet24compute_output_buffer_2dINS_5arrayI8ap_fixedILi12ELi6EL9ap_q_mode5EL9_461_reg_892">
<pin_list>
<pin id="893" dir="0" index="0" bw="12" slack="0"/>
<pin id="894" dir="1" index="1" bw="12" slack="0"/>
</pin_list>
<bind>
<opset="p_ZZN4nnet24compute_output_buffer_2dINS_5arrayI8ap_fixedILi12ELi6EL9ap_q_mode5EL9_461 (phireg) "/>
</bind>
</comp>

<comp id="896" class="1004" name="p_ZZN4nnet24compute_output_buffer_2dINS_5arrayI8ap_fixedILi12ELi6EL9ap_q_mode5EL9_461_phi_fu_896">
<pin_list>
<pin id="897" dir="0" index="0" bw="12" slack="1"/>
<pin id="898" dir="0" index="1" bw="0" slack="2147483647"/>
<pin id="899" dir="0" index="2" bw="12" slack="0"/>
<pin id="900" dir="0" index="3" bw="0" slack="2147483647"/>
<pin id="901" dir="1" index="4" bw="12" slack="0"/>
</pin_list>
<bind>
<opcode="phi(47) " fcode="phi"/>
<opset="p_ZZN4nnet24compute_output_buffer_2dINS_5arrayI8ap_fixedILi12ELi6EL9ap_q_mode5EL9_461/2 "/>
</bind>
</comp>

<comp id="904" class="1005" name="p_ZZN4nnet24compute_output_buffer_2dINS_5arrayI8ap_fixedILi12ELi6EL9ap_q_mode5EL9_462_reg_904">
<pin_list>
<pin id="905" dir="0" index="0" bw="12" slack="0"/>
<pin id="906" dir="1" index="1" bw="12" slack="0"/>
</pin_list>
<bind>
<opset="p_ZZN4nnet24compute_output_buffer_2dINS_5arrayI8ap_fixedILi12ELi6EL9ap_q_mode5EL9_462 (phireg) "/>
</bind>
</comp>

<comp id="908" class="1004" name="p_ZZN4nnet24compute_output_buffer_2dINS_5arrayI8ap_fixedILi12ELi6EL9ap_q_mode5EL9_462_phi_fu_908">
<pin_list>
<pin id="909" dir="0" index="0" bw="12" slack="1"/>
<pin id="910" dir="0" index="1" bw="0" slack="2147483647"/>
<pin id="911" dir="0" index="2" bw="12" slack="0"/>
<pin id="912" dir="0" index="3" bw="0" slack="2147483647"/>
<pin id="913" dir="1" index="4" bw="12" slack="0"/>
</pin_list>
<bind>
<opcode="phi(47) " fcode="phi"/>
<opset="p_ZZN4nnet24compute_output_buffer_2dINS_5arrayI8ap_fixedILi12ELi6EL9ap_q_mode5EL9_462/2 "/>
</bind>
</comp>

<comp id="916" class="1005" name="p_ZZN4nnet24compute_output_buffer_2dINS_5arrayI8ap_fixedILi12ELi6EL9ap_q_mode5EL9_463_reg_916">
<pin_list>
<pin id="917" dir="0" index="0" bw="12" slack="0"/>
<pin id="918" dir="1" index="1" bw="12" slack="0"/>
</pin_list>
<bind>
<opset="p_ZZN4nnet24compute_output_buffer_2dINS_5arrayI8ap_fixedILi12ELi6EL9ap_q_mode5EL9_463 (phireg) "/>
</bind>
</comp>

<comp id="920" class="1004" name="p_ZZN4nnet24compute_output_buffer_2dINS_5arrayI8ap_fixedILi12ELi6EL9ap_q_mode5EL9_463_phi_fu_920">
<pin_list>
<pin id="921" dir="0" index="0" bw="12" slack="1"/>
<pin id="922" dir="0" index="1" bw="0" slack="2147483647"/>
<pin id="923" dir="0" index="2" bw="12" slack="0"/>
<pin id="924" dir="0" index="3" bw="0" slack="2147483647"/>
<pin id="925" dir="1" index="4" bw="12" slack="0"/>
</pin_list>
<bind>
<opcode="phi(47) " fcode="phi"/>
<opset="p_ZZN4nnet24compute_output_buffer_2dINS_5arrayI8ap_fixedILi12ELi6EL9ap_q_mode5EL9_463/2 "/>
</bind>
</comp>

<comp id="928" class="1005" name="p_ZZN4nnet24compute_output_buffer_2dINS_5arrayI8ap_fixedILi12ELi6EL9ap_q_mode5EL9_464_reg_928">
<pin_list>
<pin id="929" dir="0" index="0" bw="12" slack="0"/>
<pin id="930" dir="1" index="1" bw="12" slack="0"/>
</pin_list>
<bind>
<opset="p_ZZN4nnet24compute_output_buffer_2dINS_5arrayI8ap_fixedILi12ELi6EL9ap_q_mode5EL9_464 (phireg) "/>
</bind>
</comp>

<comp id="932" class="1004" name="p_ZZN4nnet24compute_output_buffer_2dINS_5arrayI8ap_fixedILi12ELi6EL9ap_q_mode5EL9_464_phi_fu_932">
<pin_list>
<pin id="933" dir="0" index="0" bw="12" slack="1"/>
<pin id="934" dir="0" index="1" bw="0" slack="2147483647"/>
<pin id="935" dir="0" index="2" bw="12" slack="0"/>
<pin id="936" dir="0" index="3" bw="0" slack="2147483647"/>
<pin id="937" dir="1" index="4" bw="12" slack="0"/>
</pin_list>
<bind>
<opcode="phi(47) " fcode="phi"/>
<opset="p_ZZN4nnet24compute_output_buffer_2dINS_5arrayI8ap_fixedILi12ELi6EL9ap_q_mode5EL9_464/2 "/>
</bind>
</comp>

<comp id="940" class="1005" name="p_ZZN4nnet24compute_output_buffer_2dINS_5arrayI8ap_fixedILi12ELi6EL9ap_q_mode5EL9_465_reg_940">
<pin_list>
<pin id="941" dir="0" index="0" bw="12" slack="0"/>
<pin id="942" dir="1" index="1" bw="12" slack="0"/>
</pin_list>
<bind>
<opset="p_ZZN4nnet24compute_output_buffer_2dINS_5arrayI8ap_fixedILi12ELi6EL9ap_q_mode5EL9_465 (phireg) "/>
</bind>
</comp>

<comp id="944" class="1004" name="p_ZZN4nnet24compute_output_buffer_2dINS_5arrayI8ap_fixedILi12ELi6EL9ap_q_mode5EL9_465_phi_fu_944">
<pin_list>
<pin id="945" dir="0" index="0" bw="12" slack="1"/>
<pin id="946" dir="0" index="1" bw="0" slack="2147483647"/>
<pin id="947" dir="0" index="2" bw="12" slack="0"/>
<pin id="948" dir="0" index="3" bw="0" slack="2147483647"/>
<pin id="949" dir="1" index="4" bw="12" slack="0"/>
</pin_list>
<bind>
<opcode="phi(47) " fcode="phi"/>
<opset="p_ZZN4nnet24compute_output_buffer_2dINS_5arrayI8ap_fixedILi12ELi6EL9ap_q_mode5EL9_465/2 "/>
</bind>
</comp>

<comp id="952" class="1005" name="p_ZZN4nnet24compute_output_buffer_2dINS_5arrayI8ap_fixedILi12ELi6EL9ap_q_mode5EL9_466_reg_952">
<pin_list>
<pin id="953" dir="0" index="0" bw="12" slack="0"/>
<pin id="954" dir="1" index="1" bw="12" slack="0"/>
</pin_list>
<bind>
<opset="p_ZZN4nnet24compute_output_buffer_2dINS_5arrayI8ap_fixedILi12ELi6EL9ap_q_mode5EL9_466 (phireg) "/>
</bind>
</comp>

<comp id="956" class="1004" name="p_ZZN4nnet24compute_output_buffer_2dINS_5arrayI8ap_fixedILi12ELi6EL9ap_q_mode5EL9_466_phi_fu_956">
<pin_list>
<pin id="957" dir="0" index="0" bw="12" slack="1"/>
<pin id="958" dir="0" index="1" bw="0" slack="2147483647"/>
<pin id="959" dir="0" index="2" bw="12" slack="0"/>
<pin id="960" dir="0" index="3" bw="0" slack="2147483647"/>
<pin id="961" dir="1" index="4" bw="12" slack="0"/>
</pin_list>
<bind>
<opcode="phi(47) " fcode="phi"/>
<opset="p_ZZN4nnet24compute_output_buffer_2dINS_5arrayI8ap_fixedILi12ELi6EL9ap_q_mode5EL9_466/2 "/>
</bind>
</comp>

<comp id="964" class="1005" name="p_ZZN4nnet24compute_output_buffer_2dINS_5arrayI8ap_fixedILi12ELi6EL9ap_q_mode5EL9_467_reg_964">
<pin_list>
<pin id="965" dir="0" index="0" bw="12" slack="0"/>
<pin id="966" dir="1" index="1" bw="12" slack="0"/>
</pin_list>
<bind>
<opset="p_ZZN4nnet24compute_output_buffer_2dINS_5arrayI8ap_fixedILi12ELi6EL9ap_q_mode5EL9_467 (phireg) "/>
</bind>
</comp>

<comp id="968" class="1004" name="p_ZZN4nnet24compute_output_buffer_2dINS_5arrayI8ap_fixedILi12ELi6EL9ap_q_mode5EL9_467_phi_fu_968">
<pin_list>
<pin id="969" dir="0" index="0" bw="12" slack="1"/>
<pin id="970" dir="0" index="1" bw="0" slack="2147483647"/>
<pin id="971" dir="0" index="2" bw="12" slack="0"/>
<pin id="972" dir="0" index="3" bw="0" slack="2147483647"/>
<pin id="973" dir="1" index="4" bw="12" slack="0"/>
</pin_list>
<bind>
<opcode="phi(47) " fcode="phi"/>
<opset="p_ZZN4nnet24compute_output_buffer_2dINS_5arrayI8ap_fixedILi12ELi6EL9ap_q_mode5EL9_467/2 "/>
</bind>
</comp>

<comp id="976" class="1005" name="p_ZZN4nnet24compute_output_buffer_2dINS_5arrayI8ap_fixedILi12ELi6EL9ap_q_mode5EL9_468_reg_976">
<pin_list>
<pin id="977" dir="0" index="0" bw="12" slack="0"/>
<pin id="978" dir="1" index="1" bw="12" slack="0"/>
</pin_list>
<bind>
<opset="p_ZZN4nnet24compute_output_buffer_2dINS_5arrayI8ap_fixedILi12ELi6EL9ap_q_mode5EL9_468 (phireg) "/>
</bind>
</comp>

<comp id="980" class="1004" name="p_ZZN4nnet24compute_output_buffer_2dINS_5arrayI8ap_fixedILi12ELi6EL9ap_q_mode5EL9_468_phi_fu_980">
<pin_list>
<pin id="981" dir="0" index="0" bw="12" slack="1"/>
<pin id="982" dir="0" index="1" bw="0" slack="2147483647"/>
<pin id="983" dir="0" index="2" bw="12" slack="0"/>
<pin id="984" dir="0" index="3" bw="0" slack="2147483647"/>
<pin id="985" dir="1" index="4" bw="12" slack="0"/>
</pin_list>
<bind>
<opcode="phi(47) " fcode="phi"/>
<opset="p_ZZN4nnet24compute_output_buffer_2dINS_5arrayI8ap_fixedILi12ELi6EL9ap_q_mode5EL9_468/2 "/>
</bind>
</comp>

<comp id="988" class="1005" name="p_ZZN4nnet24compute_output_buffer_2dINS_5arrayI8ap_fixedILi12ELi6EL9ap_q_mode5EL9_469_reg_988">
<pin_list>
<pin id="989" dir="0" index="0" bw="12" slack="0"/>
<pin id="990" dir="1" index="1" bw="12" slack="0"/>
</pin_list>
<bind>
<opset="p_ZZN4nnet24compute_output_buffer_2dINS_5arrayI8ap_fixedILi12ELi6EL9ap_q_mode5EL9_469 (phireg) "/>
</bind>
</comp>

<comp id="992" class="1004" name="p_ZZN4nnet24compute_output_buffer_2dINS_5arrayI8ap_fixedILi12ELi6EL9ap_q_mode5EL9_469_phi_fu_992">
<pin_list>
<pin id="993" dir="0" index="0" bw="12" slack="1"/>
<pin id="994" dir="0" index="1" bw="0" slack="2147483647"/>
<pin id="995" dir="0" index="2" bw="12" slack="0"/>
<pin id="996" dir="0" index="3" bw="0" slack="2147483647"/>
<pin id="997" dir="1" index="4" bw="12" slack="0"/>
</pin_list>
<bind>
<opcode="phi(47) " fcode="phi"/>
<opset="p_ZZN4nnet24compute_output_buffer_2dINS_5arrayI8ap_fixedILi12ELi6EL9ap_q_mode5EL9_469/2 "/>
</bind>
</comp>

<comp id="1000" class="1005" name="p_ZZN4nnet24compute_output_buffer_2dINS_5arrayI8ap_fixedILi12ELi6EL9ap_q_mode5EL9_470_reg_1000">
<pin_list>
<pin id="1001" dir="0" index="0" bw="12" slack="0"/>
<pin id="1002" dir="1" index="1" bw="12" slack="0"/>
</pin_list>
<bind>
<opset="p_ZZN4nnet24compute_output_buffer_2dINS_5arrayI8ap_fixedILi12ELi6EL9ap_q_mode5EL9_470 (phireg) "/>
</bind>
</comp>

<comp id="1004" class="1004" name="p_ZZN4nnet24compute_output_buffer_2dINS_5arrayI8ap_fixedILi12ELi6EL9ap_q_mode5EL9_470_phi_fu_1004">
<pin_list>
<pin id="1005" dir="0" index="0" bw="12" slack="1"/>
<pin id="1006" dir="0" index="1" bw="0" slack="2147483647"/>
<pin id="1007" dir="0" index="2" bw="12" slack="0"/>
<pin id="1008" dir="0" index="3" bw="0" slack="2147483647"/>
<pin id="1009" dir="1" index="4" bw="12" slack="0"/>
</pin_list>
<bind>
<opcode="phi(47) " fcode="phi"/>
<opset="p_ZZN4nnet24compute_output_buffer_2dINS_5arrayI8ap_fixedILi12ELi6EL9ap_q_mode5EL9_470/2 "/>
</bind>
</comp>

<comp id="1012" class="1005" name="p_ZZN4nnet24compute_output_buffer_2dINS_5arrayI8ap_fixedILi12ELi6EL9ap_q_mode5EL9_471_reg_1012">
<pin_list>
<pin id="1013" dir="0" index="0" bw="12" slack="0"/>
<pin id="1014" dir="1" index="1" bw="12" slack="0"/>
</pin_list>
<bind>
<opset="p_ZZN4nnet24compute_output_buffer_2dINS_5arrayI8ap_fixedILi12ELi6EL9ap_q_mode5EL9_471 (phireg) "/>
</bind>
</comp>

<comp id="1016" class="1004" name="p_ZZN4nnet24compute_output_buffer_2dINS_5arrayI8ap_fixedILi12ELi6EL9ap_q_mode5EL9_471_phi_fu_1016">
<pin_list>
<pin id="1017" dir="0" index="0" bw="12" slack="1"/>
<pin id="1018" dir="0" index="1" bw="0" slack="2147483647"/>
<pin id="1019" dir="0" index="2" bw="12" slack="0"/>
<pin id="1020" dir="0" index="3" bw="0" slack="2147483647"/>
<pin id="1021" dir="1" index="4" bw="12" slack="0"/>
</pin_list>
<bind>
<opcode="phi(47) " fcode="phi"/>
<opset="p_ZZN4nnet24compute_output_buffer_2dINS_5arrayI8ap_fixedILi12ELi6EL9ap_q_mode5EL9_471/2 "/>
</bind>
</comp>

<comp id="1024" class="1005" name="p_ZZN4nnet24compute_output_buffer_2dINS_5arrayI8ap_fixedILi12ELi6EL9ap_q_mode5EL9_472_reg_1024">
<pin_list>
<pin id="1025" dir="0" index="0" bw="12" slack="0"/>
<pin id="1026" dir="1" index="1" bw="12" slack="0"/>
</pin_list>
<bind>
<opset="p_ZZN4nnet24compute_output_buffer_2dINS_5arrayI8ap_fixedILi12ELi6EL9ap_q_mode5EL9_472 (phireg) "/>
</bind>
</comp>

<comp id="1028" class="1004" name="p_ZZN4nnet24compute_output_buffer_2dINS_5arrayI8ap_fixedILi12ELi6EL9ap_q_mode5EL9_472_phi_fu_1028">
<pin_list>
<pin id="1029" dir="0" index="0" bw="12" slack="1"/>
<pin id="1030" dir="0" index="1" bw="0" slack="2147483647"/>
<pin id="1031" dir="0" index="2" bw="12" slack="0"/>
<pin id="1032" dir="0" index="3" bw="0" slack="2147483647"/>
<pin id="1033" dir="1" index="4" bw="12" slack="0"/>
</pin_list>
<bind>
<opcode="phi(47) " fcode="phi"/>
<opset="p_ZZN4nnet24compute_output_buffer_2dINS_5arrayI8ap_fixedILi12ELi6EL9ap_q_mode5EL9_472/2 "/>
</bind>
</comp>

<comp id="1036" class="1005" name="p_ZZN4nnet24compute_output_buffer_2dINS_5arrayI8ap_fixedILi12ELi6EL9ap_q_mode5EL9_473_reg_1036">
<pin_list>
<pin id="1037" dir="0" index="0" bw="12" slack="0"/>
<pin id="1038" dir="1" index="1" bw="12" slack="0"/>
</pin_list>
<bind>
<opset="p_ZZN4nnet24compute_output_buffer_2dINS_5arrayI8ap_fixedILi12ELi6EL9ap_q_mode5EL9_473 (phireg) "/>
</bind>
</comp>

<comp id="1040" class="1004" name="p_ZZN4nnet24compute_output_buffer_2dINS_5arrayI8ap_fixedILi12ELi6EL9ap_q_mode5EL9_473_phi_fu_1040">
<pin_list>
<pin id="1041" dir="0" index="0" bw="12" slack="1"/>
<pin id="1042" dir="0" index="1" bw="0" slack="2147483647"/>
<pin id="1043" dir="0" index="2" bw="12" slack="0"/>
<pin id="1044" dir="0" index="3" bw="0" slack="2147483647"/>
<pin id="1045" dir="1" index="4" bw="12" slack="0"/>
</pin_list>
<bind>
<opcode="phi(47) " fcode="phi"/>
<opset="p_ZZN4nnet24compute_output_buffer_2dINS_5arrayI8ap_fixedILi12ELi6EL9ap_q_mode5EL9_473/2 "/>
</bind>
</comp>

<comp id="1048" class="1005" name="p_ZZN4nnet24compute_output_buffer_2dINS_5arrayI8ap_fixedILi12ELi6EL9ap_q_mode5EL9_474_reg_1048">
<pin_list>
<pin id="1049" dir="0" index="0" bw="12" slack="0"/>
<pin id="1050" dir="1" index="1" bw="12" slack="0"/>
</pin_list>
<bind>
<opset="p_ZZN4nnet24compute_output_buffer_2dINS_5arrayI8ap_fixedILi12ELi6EL9ap_q_mode5EL9_474 (phireg) "/>
</bind>
</comp>

<comp id="1052" class="1004" name="p_ZZN4nnet24compute_output_buffer_2dINS_5arrayI8ap_fixedILi12ELi6EL9ap_q_mode5EL9_474_phi_fu_1052">
<pin_list>
<pin id="1053" dir="0" index="0" bw="12" slack="1"/>
<pin id="1054" dir="0" index="1" bw="0" slack="2147483647"/>
<pin id="1055" dir="0" index="2" bw="12" slack="0"/>
<pin id="1056" dir="0" index="3" bw="0" slack="2147483647"/>
<pin id="1057" dir="1" index="4" bw="12" slack="0"/>
</pin_list>
<bind>
<opcode="phi(47) " fcode="phi"/>
<opset="p_ZZN4nnet24compute_output_buffer_2dINS_5arrayI8ap_fixedILi12ELi6EL9ap_q_mode5EL9_474/2 "/>
</bind>
</comp>

<comp id="1060" class="1005" name="void_compute_output_buffer_2d_array_const_ap_shift_reg_n_chan_stream_weig_87_reg_1060">
<pin_list>
<pin id="1061" dir="0" index="0" bw="12" slack="0"/>
<pin id="1062" dir="1" index="1" bw="12" slack="0"/>
</pin_list>
<bind>
<opset="void_compute_output_buffer_2d_array_const_ap_shift_reg_n_chan_stream_weig_87 (phireg) "/>
</bind>
</comp>

<comp id="1064" class="1004" name="void_compute_output_buffer_2d_array_const_ap_shift_reg_n_chan_stream_weig_87_phi_fu_1064">
<pin_list>
<pin id="1065" dir="0" index="0" bw="12" slack="1"/>
<pin id="1066" dir="0" index="1" bw="0" slack="2147483647"/>
<pin id="1067" dir="0" index="2" bw="12" slack="0"/>
<pin id="1068" dir="0" index="3" bw="0" slack="2147483647"/>
<pin id="1069" dir="1" index="4" bw="12" slack="0"/>
</pin_list>
<bind>
<opcode="phi(47) " fcode="phi"/>
<opset="void_compute_output_buffer_2d_array_const_ap_shift_reg_n_chan_stream_weig_87/2 "/>
</bind>
</comp>

<comp id="1072" class="1005" name="void_compute_output_buffer_2d_array_const_ap_shift_reg_n_chan_stream_weig_88_reg_1072">
<pin_list>
<pin id="1073" dir="0" index="0" bw="12" slack="0"/>
<pin id="1074" dir="1" index="1" bw="12" slack="0"/>
</pin_list>
<bind>
<opset="void_compute_output_buffer_2d_array_const_ap_shift_reg_n_chan_stream_weig_88 (phireg) "/>
</bind>
</comp>

<comp id="1076" class="1004" name="void_compute_output_buffer_2d_array_const_ap_shift_reg_n_chan_stream_weig_88_phi_fu_1076">
<pin_list>
<pin id="1077" dir="0" index="0" bw="12" slack="1"/>
<pin id="1078" dir="0" index="1" bw="0" slack="2147483647"/>
<pin id="1079" dir="0" index="2" bw="12" slack="0"/>
<pin id="1080" dir="0" index="3" bw="0" slack="2147483647"/>
<pin id="1081" dir="1" index="4" bw="12" slack="0"/>
</pin_list>
<bind>
<opcode="phi(47) " fcode="phi"/>
<opset="void_compute_output_buffer_2d_array_const_ap_shift_reg_n_chan_stream_weig_88/2 "/>
</bind>
</comp>

<comp id="1084" class="1005" name="void_compute_output_buffer_2d_array_const_ap_shift_reg_n_chan_stream_weig_89_reg_1084">
<pin_list>
<pin id="1085" dir="0" index="0" bw="12" slack="0"/>
<pin id="1086" dir="1" index="1" bw="12" slack="0"/>
</pin_list>
<bind>
<opset="void_compute_output_buffer_2d_array_const_ap_shift_reg_n_chan_stream_weig_89 (phireg) "/>
</bind>
</comp>

<comp id="1088" class="1004" name="void_compute_output_buffer_2d_array_const_ap_shift_reg_n_chan_stream_weig_89_phi_fu_1088">
<pin_list>
<pin id="1089" dir="0" index="0" bw="12" slack="1"/>
<pin id="1090" dir="0" index="1" bw="0" slack="2147483647"/>
<pin id="1091" dir="0" index="2" bw="12" slack="0"/>
<pin id="1092" dir="0" index="3" bw="0" slack="2147483647"/>
<pin id="1093" dir="1" index="4" bw="12" slack="0"/>
</pin_list>
<bind>
<opcode="phi(47) " fcode="phi"/>
<opset="void_compute_output_buffer_2d_array_const_ap_shift_reg_n_chan_stream_weig_89/2 "/>
</bind>
</comp>

<comp id="1096" class="1005" name="void_compute_output_buffer_2d_array_const_ap_shift_reg_n_chan_stream_weig_90_reg_1096">
<pin_list>
<pin id="1097" dir="0" index="0" bw="12" slack="0"/>
<pin id="1098" dir="1" index="1" bw="12" slack="0"/>
</pin_list>
<bind>
<opset="void_compute_output_buffer_2d_array_const_ap_shift_reg_n_chan_stream_weig_90 (phireg) "/>
</bind>
</comp>

<comp id="1100" class="1004" name="void_compute_output_buffer_2d_array_const_ap_shift_reg_n_chan_stream_weig_90_phi_fu_1100">
<pin_list>
<pin id="1101" dir="0" index="0" bw="12" slack="1"/>
<pin id="1102" dir="0" index="1" bw="0" slack="2147483647"/>
<pin id="1103" dir="0" index="2" bw="12" slack="0"/>
<pin id="1104" dir="0" index="3" bw="0" slack="2147483647"/>
<pin id="1105" dir="1" index="4" bw="12" slack="0"/>
</pin_list>
<bind>
<opcode="phi(47) " fcode="phi"/>
<opset="void_compute_output_buffer_2d_array_const_ap_shift_reg_n_chan_stream_weig_90/2 "/>
</bind>
</comp>

<comp id="1108" class="1005" name="void_compute_output_buffer_2d_array_const_ap_shift_reg_n_chan_stream_weig_91_reg_1108">
<pin_list>
<pin id="1109" dir="0" index="0" bw="12" slack="0"/>
<pin id="1110" dir="1" index="1" bw="12" slack="0"/>
</pin_list>
<bind>
<opset="void_compute_output_buffer_2d_array_const_ap_shift_reg_n_chan_stream_weig_91 (phireg) "/>
</bind>
</comp>

<comp id="1112" class="1004" name="void_compute_output_buffer_2d_array_const_ap_shift_reg_n_chan_stream_weig_91_phi_fu_1112">
<pin_list>
<pin id="1113" dir="0" index="0" bw="12" slack="1"/>
<pin id="1114" dir="0" index="1" bw="0" slack="2147483647"/>
<pin id="1115" dir="0" index="2" bw="12" slack="0"/>
<pin id="1116" dir="0" index="3" bw="0" slack="2147483647"/>
<pin id="1117" dir="1" index="4" bw="12" slack="0"/>
</pin_list>
<bind>
<opcode="phi(47) " fcode="phi"/>
<opset="void_compute_output_buffer_2d_array_const_ap_shift_reg_n_chan_stream_weig_91/2 "/>
</bind>
</comp>

<comp id="1120" class="1005" name="void_compute_output_buffer_2d_array_const_ap_shift_reg_n_chan_stream_weig_92_reg_1120">
<pin_list>
<pin id="1121" dir="0" index="0" bw="12" slack="0"/>
<pin id="1122" dir="1" index="1" bw="12" slack="0"/>
</pin_list>
<bind>
<opset="void_compute_output_buffer_2d_array_const_ap_shift_reg_n_chan_stream_weig_92 (phireg) "/>
</bind>
</comp>

<comp id="1124" class="1004" name="void_compute_output_buffer_2d_array_const_ap_shift_reg_n_chan_stream_weig_92_phi_fu_1124">
<pin_list>
<pin id="1125" dir="0" index="0" bw="12" slack="1"/>
<pin id="1126" dir="0" index="1" bw="0" slack="2147483647"/>
<pin id="1127" dir="0" index="2" bw="12" slack="0"/>
<pin id="1128" dir="0" index="3" bw="0" slack="2147483647"/>
<pin id="1129" dir="1" index="4" bw="12" slack="0"/>
</pin_list>
<bind>
<opcode="phi(47) " fcode="phi"/>
<opset="void_compute_output_buffer_2d_array_const_ap_shift_reg_n_chan_stream_weig_92/2 "/>
</bind>
</comp>

<comp id="1132" class="1005" name="void_compute_output_buffer_2d_array_const_ap_shift_reg_n_chan_stream_weig_93_reg_1132">
<pin_list>
<pin id="1133" dir="0" index="0" bw="12" slack="0"/>
<pin id="1134" dir="1" index="1" bw="12" slack="0"/>
</pin_list>
<bind>
<opset="void_compute_output_buffer_2d_array_const_ap_shift_reg_n_chan_stream_weig_93 (phireg) "/>
</bind>
</comp>

<comp id="1136" class="1004" name="void_compute_output_buffer_2d_array_const_ap_shift_reg_n_chan_stream_weig_93_phi_fu_1136">
<pin_list>
<pin id="1137" dir="0" index="0" bw="12" slack="1"/>
<pin id="1138" dir="0" index="1" bw="0" slack="2147483647"/>
<pin id="1139" dir="0" index="2" bw="12" slack="0"/>
<pin id="1140" dir="0" index="3" bw="0" slack="2147483647"/>
<pin id="1141" dir="1" index="4" bw="12" slack="0"/>
</pin_list>
<bind>
<opcode="phi(47) " fcode="phi"/>
<opset="void_compute_output_buffer_2d_array_const_ap_shift_reg_n_chan_stream_weig_93/2 "/>
</bind>
</comp>

<comp id="1144" class="1005" name="void_compute_output_buffer_2d_array_const_ap_shift_reg_n_chan_stream_weig_94_reg_1144">
<pin_list>
<pin id="1145" dir="0" index="0" bw="12" slack="0"/>
<pin id="1146" dir="1" index="1" bw="12" slack="0"/>
</pin_list>
<bind>
<opset="void_compute_output_buffer_2d_array_const_ap_shift_reg_n_chan_stream_weig_94 (phireg) "/>
</bind>
</comp>

<comp id="1148" class="1004" name="void_compute_output_buffer_2d_array_const_ap_shift_reg_n_chan_stream_weig_94_phi_fu_1148">
<pin_list>
<pin id="1149" dir="0" index="0" bw="12" slack="1"/>
<pin id="1150" dir="0" index="1" bw="0" slack="2147483647"/>
<pin id="1151" dir="0" index="2" bw="12" slack="0"/>
<pin id="1152" dir="0" index="3" bw="0" slack="2147483647"/>
<pin id="1153" dir="1" index="4" bw="12" slack="0"/>
</pin_list>
<bind>
<opcode="phi(47) " fcode="phi"/>
<opset="void_compute_output_buffer_2d_array_const_ap_shift_reg_n_chan_stream_weig_94/2 "/>
</bind>
</comp>

<comp id="1156" class="1005" name="void_compute_output_buffer_2d_array_const_ap_shift_reg_n_chan_stream_weig_95_reg_1156">
<pin_list>
<pin id="1157" dir="0" index="0" bw="12" slack="0"/>
<pin id="1158" dir="1" index="1" bw="12" slack="0"/>
</pin_list>
<bind>
<opset="void_compute_output_buffer_2d_array_const_ap_shift_reg_n_chan_stream_weig_95 (phireg) "/>
</bind>
</comp>

<comp id="1160" class="1004" name="void_compute_output_buffer_2d_array_const_ap_shift_reg_n_chan_stream_weig_95_phi_fu_1160">
<pin_list>
<pin id="1161" dir="0" index="0" bw="12" slack="1"/>
<pin id="1162" dir="0" index="1" bw="0" slack="2147483647"/>
<pin id="1163" dir="0" index="2" bw="12" slack="0"/>
<pin id="1164" dir="0" index="3" bw="0" slack="2147483647"/>
<pin id="1165" dir="1" index="4" bw="12" slack="0"/>
</pin_list>
<bind>
<opcode="phi(47) " fcode="phi"/>
<opset="void_compute_output_buffer_2d_array_const_ap_shift_reg_n_chan_stream_weig_95/2 "/>
</bind>
</comp>

<comp id="1168" class="1005" name="void_compute_output_buffer_2d_array_const_ap_shift_reg_n_chan_stream_weig_96_reg_1168">
<pin_list>
<pin id="1169" dir="0" index="0" bw="12" slack="0"/>
<pin id="1170" dir="1" index="1" bw="12" slack="0"/>
</pin_list>
<bind>
<opset="void_compute_output_buffer_2d_array_const_ap_shift_reg_n_chan_stream_weig_96 (phireg) "/>
</bind>
</comp>

<comp id="1172" class="1004" name="void_compute_output_buffer_2d_array_const_ap_shift_reg_n_chan_stream_weig_96_phi_fu_1172">
<pin_list>
<pin id="1173" dir="0" index="0" bw="12" slack="1"/>
<pin id="1174" dir="0" index="1" bw="0" slack="2147483647"/>
<pin id="1175" dir="0" index="2" bw="12" slack="0"/>
<pin id="1176" dir="0" index="3" bw="0" slack="2147483647"/>
<pin id="1177" dir="1" index="4" bw="12" slack="0"/>
</pin_list>
<bind>
<opcode="phi(47) " fcode="phi"/>
<opset="void_compute_output_buffer_2d_array_const_ap_shift_reg_n_chan_stream_weig_96/2 "/>
</bind>
</comp>

<comp id="1180" class="1005" name="res_0_0_i14_reg_1180">
<pin_list>
<pin id="1181" dir="0" index="0" bw="12" slack="3"/>
<pin id="1182" dir="1" index="1" bw="12" slack="3"/>
</pin_list>
<bind>
<opset="res_0_0_i14 (phireg) "/>
</bind>
</comp>

<comp id="1184" class="1004" name="res_0_0_i14_phi_fu_1184">
<pin_list>
<pin id="1185" dir="0" index="0" bw="1" slack="3"/>
<pin id="1186" dir="0" index="1" bw="0" slack="2147483647"/>
<pin id="1187" dir="0" index="2" bw="12" slack="0"/>
<pin id="1188" dir="0" index="3" bw="0" slack="2147483647"/>
<pin id="1189" dir="0" index="4" bw="1" slack="3"/>
<pin id="1190" dir="0" index="5" bw="0" slack="2147483647"/>
<pin id="1191" dir="1" index="6" bw="12" slack="0"/>
</pin_list>
<bind>
<opcode="phi(47) " fcode="phi"/>
<opset="res_0_0_i14/4 "/>
</bind>
</comp>

<comp id="1194" class="1005" name="res_1_0_i12_reg_1194">
<pin_list>
<pin id="1195" dir="0" index="0" bw="12" slack="3"/>
<pin id="1196" dir="1" index="1" bw="12" slack="3"/>
</pin_list>
<bind>
<opset="res_1_0_i12 (phireg) "/>
</bind>
</comp>

<comp id="1198" class="1004" name="res_1_0_i12_phi_fu_1198">
<pin_list>
<pin id="1199" dir="0" index="0" bw="1" slack="3"/>
<pin id="1200" dir="0" index="1" bw="0" slack="2147483647"/>
<pin id="1201" dir="0" index="2" bw="12" slack="0"/>
<pin id="1202" dir="0" index="3" bw="0" slack="2147483647"/>
<pin id="1203" dir="0" index="4" bw="1" slack="3"/>
<pin id="1204" dir="0" index="5" bw="0" slack="2147483647"/>
<pin id="1205" dir="1" index="6" bw="12" slack="0"/>
</pin_list>
<bind>
<opcode="phi(47) " fcode="phi"/>
<opset="res_1_0_i12/4 "/>
</bind>
</comp>

<comp id="1208" class="1005" name="res_2_0_i10_reg_1208">
<pin_list>
<pin id="1209" dir="0" index="0" bw="12" slack="3"/>
<pin id="1210" dir="1" index="1" bw="12" slack="3"/>
</pin_list>
<bind>
<opset="res_2_0_i10 (phireg) "/>
</bind>
</comp>

<comp id="1212" class="1004" name="res_2_0_i10_phi_fu_1212">
<pin_list>
<pin id="1213" dir="0" index="0" bw="1" slack="3"/>
<pin id="1214" dir="0" index="1" bw="0" slack="2147483647"/>
<pin id="1215" dir="0" index="2" bw="12" slack="0"/>
<pin id="1216" dir="0" index="3" bw="0" slack="2147483647"/>
<pin id="1217" dir="0" index="4" bw="1" slack="3"/>
<pin id="1218" dir="0" index="5" bw="0" slack="2147483647"/>
<pin id="1219" dir="1" index="6" bw="12" slack="0"/>
</pin_list>
<bind>
<opcode="phi(47) " fcode="phi"/>
<opset="res_2_0_i10/4 "/>
</bind>
</comp>

<comp id="1222" class="1005" name="res_3_0_i8_reg_1222">
<pin_list>
<pin id="1223" dir="0" index="0" bw="12" slack="3"/>
<pin id="1224" dir="1" index="1" bw="12" slack="3"/>
</pin_list>
<bind>
<opset="res_3_0_i8 (phireg) "/>
</bind>
</comp>

<comp id="1226" class="1004" name="res_3_0_i8_phi_fu_1226">
<pin_list>
<pin id="1227" dir="0" index="0" bw="1" slack="3"/>
<pin id="1228" dir="0" index="1" bw="0" slack="2147483647"/>
<pin id="1229" dir="0" index="2" bw="12" slack="0"/>
<pin id="1230" dir="0" index="3" bw="0" slack="2147483647"/>
<pin id="1231" dir="0" index="4" bw="1" slack="3"/>
<pin id="1232" dir="0" index="5" bw="0" slack="2147483647"/>
<pin id="1233" dir="1" index="6" bw="12" slack="0"/>
</pin_list>
<bind>
<opcode="phi(47) " fcode="phi"/>
<opset="res_3_0_i8/4 "/>
</bind>
</comp>

<comp id="1236" class="1005" name="res_4_0_i6_reg_1236">
<pin_list>
<pin id="1237" dir="0" index="0" bw="12" slack="3"/>
<pin id="1238" dir="1" index="1" bw="12" slack="3"/>
</pin_list>
<bind>
<opset="res_4_0_i6 (phireg) "/>
</bind>
</comp>

<comp id="1240" class="1004" name="res_4_0_i6_phi_fu_1240">
<pin_list>
<pin id="1241" dir="0" index="0" bw="1" slack="3"/>
<pin id="1242" dir="0" index="1" bw="0" slack="2147483647"/>
<pin id="1243" dir="0" index="2" bw="12" slack="0"/>
<pin id="1244" dir="0" index="3" bw="0" slack="2147483647"/>
<pin id="1245" dir="0" index="4" bw="1" slack="3"/>
<pin id="1246" dir="0" index="5" bw="0" slack="2147483647"/>
<pin id="1247" dir="1" index="6" bw="12" slack="0"/>
</pin_list>
<bind>
<opcode="phi(47) " fcode="phi"/>
<opset="res_4_0_i6/4 "/>
</bind>
</comp>

<comp id="1250" class="1005" name="res_5_0_i4_reg_1250">
<pin_list>
<pin id="1251" dir="0" index="0" bw="12" slack="3"/>
<pin id="1252" dir="1" index="1" bw="12" slack="3"/>
</pin_list>
<bind>
<opset="res_5_0_i4 (phireg) "/>
</bind>
</comp>

<comp id="1254" class="1004" name="res_5_0_i4_phi_fu_1254">
<pin_list>
<pin id="1255" dir="0" index="0" bw="1" slack="3"/>
<pin id="1256" dir="0" index="1" bw="0" slack="2147483647"/>
<pin id="1257" dir="0" index="2" bw="12" slack="0"/>
<pin id="1258" dir="0" index="3" bw="0" slack="2147483647"/>
<pin id="1259" dir="0" index="4" bw="1" slack="3"/>
<pin id="1260" dir="0" index="5" bw="0" slack="2147483647"/>
<pin id="1261" dir="1" index="6" bw="12" slack="0"/>
</pin_list>
<bind>
<opcode="phi(47) " fcode="phi"/>
<opset="res_5_0_i4/4 "/>
</bind>
</comp>

<comp id="1264" class="1004" name="void_compute_output_buffer_2d_array_const_ap_shift_reg_n_chan_stream_weig_97_load_fu_1264">
<pin_list>
<pin id="1265" dir="0" index="0" bw="12" slack="0"/>
<pin id="1266" dir="1" index="1" bw="12" slack="1"/>
</pin_list>
<bind>
<opcode="load(27) " fcode="load"/>
<opset="void_compute_output_buffer_2d_array_const_ap_shift_reg_n_chan_stream_weig_97/1 "/>
</bind>
</comp>

<comp id="1268" class="1004" name="void_compute_output_buffer_2d_array_const_ap_shift_reg_n_chan_stream_weig_98_load_fu_1268">
<pin_list>
<pin id="1269" dir="0" index="0" bw="12" slack="0"/>
<pin id="1270" dir="1" index="1" bw="12" slack="1"/>
</pin_list>
<bind>
<opcode="load(27) " fcode="load"/>
<opset="void_compute_output_buffer_2d_array_const_ap_shift_reg_n_chan_stream_weig_98/1 "/>
</bind>
</comp>

<comp id="1272" class="1004" name="void_compute_output_buffer_2d_array_const_ap_shift_reg_n_chan_stream_weig_99_load_fu_1272">
<pin_list>
<pin id="1273" dir="0" index="0" bw="12" slack="0"/>
<pin id="1274" dir="1" index="1" bw="12" slack="1"/>
</pin_list>
<bind>
<opcode="load(27) " fcode="load"/>
<opset="void_compute_output_buffer_2d_array_const_ap_shift_reg_n_chan_stream_weig_99/1 "/>
</bind>
</comp>

<comp id="1276" class="1004" name="void_compute_output_buffer_2d_array_const_ap_shift_reg_n_chan_stream_weig_100_load_fu_1276">
<pin_list>
<pin id="1277" dir="0" index="0" bw="12" slack="0"/>
<pin id="1278" dir="1" index="1" bw="12" slack="1"/>
</pin_list>
<bind>
<opcode="load(27) " fcode="load"/>
<opset="void_compute_output_buffer_2d_array_const_ap_shift_reg_n_chan_stream_weig_100/1 "/>
</bind>
</comp>

<comp id="1280" class="1004" name="void_compute_output_buffer_2d_array_const_ap_shift_reg_n_chan_stream_weig_101_load_fu_1280">
<pin_list>
<pin id="1281" dir="0" index="0" bw="12" slack="0"/>
<pin id="1282" dir="1" index="1" bw="12" slack="1"/>
</pin_list>
<bind>
<opcode="load(27) " fcode="load"/>
<opset="void_compute_output_buffer_2d_array_const_ap_shift_reg_n_chan_stream_weig_101/1 "/>
</bind>
</comp>

<comp id="1284" class="1004" name="void_compute_output_buffer_2d_array_const_ap_shift_reg_n_chan_stream_weig_102_load_fu_1284">
<pin_list>
<pin id="1285" dir="0" index="0" bw="12" slack="0"/>
<pin id="1286" dir="1" index="1" bw="12" slack="1"/>
</pin_list>
<bind>
<opcode="load(27) " fcode="load"/>
<opset="void_compute_output_buffer_2d_array_const_ap_shift_reg_n_chan_stream_weig_102/1 "/>
</bind>
</comp>

<comp id="1288" class="1004" name="void_compute_output_buffer_2d_array_const_ap_shift_reg_n_chan_stream_weig_103_load_fu_1288">
<pin_list>
<pin id="1289" dir="0" index="0" bw="12" slack="0"/>
<pin id="1290" dir="1" index="1" bw="12" slack="1"/>
</pin_list>
<bind>
<opcode="load(27) " fcode="load"/>
<opset="void_compute_output_buffer_2d_array_const_ap_shift_reg_n_chan_stream_weig_103/1 "/>
</bind>
</comp>

<comp id="1292" class="1004" name="void_compute_output_buffer_2d_array_const_ap_shift_reg_n_chan_stream_weig_104_load_fu_1292">
<pin_list>
<pin id="1293" dir="0" index="0" bw="12" slack="0"/>
<pin id="1294" dir="1" index="1" bw="12" slack="1"/>
</pin_list>
<bind>
<opcode="load(27) " fcode="load"/>
<opset="void_compute_output_buffer_2d_array_const_ap_shift_reg_n_chan_stream_weig_104/1 "/>
</bind>
</comp>

<comp id="1296" class="1004" name="void_compute_output_buffer_2d_array_const_ap_shift_reg_n_chan_stream_weig_105_load_fu_1296">
<pin_list>
<pin id="1297" dir="0" index="0" bw="12" slack="0"/>
<pin id="1298" dir="1" index="1" bw="12" slack="1"/>
</pin_list>
<bind>
<opcode="load(27) " fcode="load"/>
<opset="void_compute_output_buffer_2d_array_const_ap_shift_reg_n_chan_stream_weig_105/1 "/>
</bind>
</comp>

<comp id="1300" class="1004" name="void_compute_output_buffer_2d_array_const_ap_shift_reg_n_chan_stream_weig_106_load_fu_1300">
<pin_list>
<pin id="1301" dir="0" index="0" bw="12" slack="0"/>
<pin id="1302" dir="1" index="1" bw="12" slack="1"/>
</pin_list>
<bind>
<opcode="load(27) " fcode="load"/>
<opset="void_compute_output_buffer_2d_array_const_ap_shift_reg_n_chan_stream_weig_106/1 "/>
</bind>
</comp>

<comp id="1304" class="1004" name="p_ZZN4nnet24compute_output_buffer_2dINS_5arrayI8ap_fixedILi12ELi6EL9ap_q_mode5EL9_475_load_fu_1304">
<pin_list>
<pin id="1305" dir="0" index="0" bw="12" slack="0"/>
<pin id="1306" dir="1" index="1" bw="12" slack="1"/>
</pin_list>
<bind>
<opcode="load(27) " fcode="load"/>
<opset="p_ZZN4nnet24compute_output_buffer_2dINS_5arrayI8ap_fixedILi12ELi6EL9ap_q_mode5EL9_475/1 "/>
</bind>
</comp>

<comp id="1308" class="1004" name="p_ZZN4nnet24compute_output_buffer_2dINS_5arrayI8ap_fixedILi12ELi6EL9ap_q_mode5EL9_476_load_fu_1308">
<pin_list>
<pin id="1309" dir="0" index="0" bw="12" slack="0"/>
<pin id="1310" dir="1" index="1" bw="12" slack="1"/>
</pin_list>
<bind>
<opcode="load(27) " fcode="load"/>
<opset="p_ZZN4nnet24compute_output_buffer_2dINS_5arrayI8ap_fixedILi12ELi6EL9ap_q_mode5EL9_476/1 "/>
</bind>
</comp>

<comp id="1312" class="1004" name="p_ZZN4nnet24compute_output_buffer_2dINS_5arrayI8ap_fixedILi12ELi6EL9ap_q_mode5EL9_477_load_fu_1312">
<pin_list>
<pin id="1313" dir="0" index="0" bw="12" slack="0"/>
<pin id="1314" dir="1" index="1" bw="12" slack="1"/>
</pin_list>
<bind>
<opcode="load(27) " fcode="load"/>
<opset="p_ZZN4nnet24compute_output_buffer_2dINS_5arrayI8ap_fixedILi12ELi6EL9ap_q_mode5EL9_477/1 "/>
</bind>
</comp>

<comp id="1316" class="1004" name="p_ZZN4nnet24compute_output_buffer_2dINS_5arrayI8ap_fixedILi12ELi6EL9ap_q_mode5EL9_478_load_fu_1316">
<pin_list>
<pin id="1317" dir="0" index="0" bw="12" slack="0"/>
<pin id="1318" dir="1" index="1" bw="12" slack="1"/>
</pin_list>
<bind>
<opcode="load(27) " fcode="load"/>
<opset="p_ZZN4nnet24compute_output_buffer_2dINS_5arrayI8ap_fixedILi12ELi6EL9ap_q_mode5EL9_478/1 "/>
</bind>
</comp>

<comp id="1320" class="1004" name="p_ZZN4nnet24compute_output_buffer_2dINS_5arrayI8ap_fixedILi12ELi6EL9ap_q_mode5EL9_479_load_fu_1320">
<pin_list>
<pin id="1321" dir="0" index="0" bw="12" slack="0"/>
<pin id="1322" dir="1" index="1" bw="12" slack="1"/>
</pin_list>
<bind>
<opcode="load(27) " fcode="load"/>
<opset="p_ZZN4nnet24compute_output_buffer_2dINS_5arrayI8ap_fixedILi12ELi6EL9ap_q_mode5EL9_479/1 "/>
</bind>
</comp>

<comp id="1324" class="1004" name="p_ZZN4nnet24compute_output_buffer_2dINS_5arrayI8ap_fixedILi12ELi6EL9ap_q_mode5EL9_480_load_fu_1324">
<pin_list>
<pin id="1325" dir="0" index="0" bw="12" slack="0"/>
<pin id="1326" dir="1" index="1" bw="12" slack="1"/>
</pin_list>
<bind>
<opcode="load(27) " fcode="load"/>
<opset="p_ZZN4nnet24compute_output_buffer_2dINS_5arrayI8ap_fixedILi12ELi6EL9ap_q_mode5EL9_480/1 "/>
</bind>
</comp>

<comp id="1328" class="1004" name="p_ZZN4nnet24compute_output_buffer_2dINS_5arrayI8ap_fixedILi12ELi6EL9ap_q_mode5EL9_481_load_fu_1328">
<pin_list>
<pin id="1329" dir="0" index="0" bw="12" slack="0"/>
<pin id="1330" dir="1" index="1" bw="12" slack="1"/>
</pin_list>
<bind>
<opcode="load(27) " fcode="load"/>
<opset="p_ZZN4nnet24compute_output_buffer_2dINS_5arrayI8ap_fixedILi12ELi6EL9ap_q_mode5EL9_481/1 "/>
</bind>
</comp>

<comp id="1332" class="1004" name="p_ZZN4nnet24compute_output_buffer_2dINS_5arrayI8ap_fixedILi12ELi6EL9ap_q_mode5EL9_482_load_fu_1332">
<pin_list>
<pin id="1333" dir="0" index="0" bw="12" slack="0"/>
<pin id="1334" dir="1" index="1" bw="12" slack="1"/>
</pin_list>
<bind>
<opcode="load(27) " fcode="load"/>
<opset="p_ZZN4nnet24compute_output_buffer_2dINS_5arrayI8ap_fixedILi12ELi6EL9ap_q_mode5EL9_482/1 "/>
</bind>
</comp>

<comp id="1336" class="1004" name="p_ZZN4nnet24compute_output_buffer_2dINS_5arrayI8ap_fixedILi12ELi6EL9ap_q_mode5EL9_483_load_fu_1336">
<pin_list>
<pin id="1337" dir="0" index="0" bw="12" slack="0"/>
<pin id="1338" dir="1" index="1" bw="12" slack="1"/>
</pin_list>
<bind>
<opcode="load(27) " fcode="load"/>
<opset="p_ZZN4nnet24compute_output_buffer_2dINS_5arrayI8ap_fixedILi12ELi6EL9ap_q_mode5EL9_483/1 "/>
</bind>
</comp>

<comp id="1340" class="1004" name="p_ZZN4nnet24compute_output_buffer_2dINS_5arrayI8ap_fixedILi12ELi6EL9ap_q_mode5EL9_484_load_fu_1340">
<pin_list>
<pin id="1341" dir="0" index="0" bw="12" slack="0"/>
<pin id="1342" dir="1" index="1" bw="12" slack="1"/>
</pin_list>
<bind>
<opcode="load(27) " fcode="load"/>
<opset="p_ZZN4nnet24compute_output_buffer_2dINS_5arrayI8ap_fixedILi12ELi6EL9ap_q_mode5EL9_484/1 "/>
</bind>
</comp>

<comp id="1344" class="1004" name="p_ZZN4nnet24compute_output_buffer_2dINS_5arrayI8ap_fixedILi12ELi6EL9ap_q_mode5EL9_485_load_fu_1344">
<pin_list>
<pin id="1345" dir="0" index="0" bw="12" slack="0"/>
<pin id="1346" dir="1" index="1" bw="12" slack="1"/>
</pin_list>
<bind>
<opcode="load(27) " fcode="load"/>
<opset="p_ZZN4nnet24compute_output_buffer_2dINS_5arrayI8ap_fixedILi12ELi6EL9ap_q_mode5EL9_485/1 "/>
</bind>
</comp>

<comp id="1348" class="1004" name="p_ZZN4nnet24compute_output_buffer_2dINS_5arrayI8ap_fixedILi12ELi6EL9ap_q_mode5EL9_486_load_fu_1348">
<pin_list>
<pin id="1349" dir="0" index="0" bw="12" slack="0"/>
<pin id="1350" dir="1" index="1" bw="12" slack="1"/>
</pin_list>
<bind>
<opcode="load(27) " fcode="load"/>
<opset="p_ZZN4nnet24compute_output_buffer_2dINS_5arrayI8ap_fixedILi12ELi6EL9ap_q_mode5EL9_486/1 "/>
</bind>
</comp>

<comp id="1352" class="1004" name="p_ZZN4nnet24compute_output_buffer_2dINS_5arrayI8ap_fixedILi12ELi6EL9ap_q_mode5EL9_487_load_fu_1352">
<pin_list>
<pin id="1353" dir="0" index="0" bw="12" slack="0"/>
<pin id="1354" dir="1" index="1" bw="12" slack="1"/>
</pin_list>
<bind>
<opcode="load(27) " fcode="load"/>
<opset="p_ZZN4nnet24compute_output_buffer_2dINS_5arrayI8ap_fixedILi12ELi6EL9ap_q_mode5EL9_487/1 "/>
</bind>
</comp>

<comp id="1356" class="1004" name="p_ZZN4nnet24compute_output_buffer_2dINS_5arrayI8ap_fixedILi12ELi6EL9ap_q_mode5EL9_488_load_fu_1356">
<pin_list>
<pin id="1357" dir="0" index="0" bw="12" slack="0"/>
<pin id="1358" dir="1" index="1" bw="12" slack="1"/>
</pin_list>
<bind>
<opcode="load(27) " fcode="load"/>
<opset="p_ZZN4nnet24compute_output_buffer_2dINS_5arrayI8ap_fixedILi12ELi6EL9ap_q_mode5EL9_488/1 "/>
</bind>
</comp>

<comp id="1360" class="1004" name="p_ZZN4nnet24compute_output_buffer_2dINS_5arrayI8ap_fixedILi12ELi6EL9ap_q_mode5EL9_489_load_fu_1360">
<pin_list>
<pin id="1361" dir="0" index="0" bw="12" slack="0"/>
<pin id="1362" dir="1" index="1" bw="12" slack="1"/>
</pin_list>
<bind>
<opcode="load(27) " fcode="load"/>
<opset="p_ZZN4nnet24compute_output_buffer_2dINS_5arrayI8ap_fixedILi12ELi6EL9ap_q_mode5EL9_489/1 "/>
</bind>
</comp>

<comp id="1364" class="1004" name="p_ZZN4nnet24compute_output_buffer_2dINS_5arrayI8ap_fixedILi12ELi6EL9ap_q_mode5EL9_490_load_fu_1364">
<pin_list>
<pin id="1365" dir="0" index="0" bw="12" slack="0"/>
<pin id="1366" dir="1" index="1" bw="12" slack="1"/>
</pin_list>
<bind>
<opcode="load(27) " fcode="load"/>
<opset="p_ZZN4nnet24compute_output_buffer_2dINS_5arrayI8ap_fixedILi12ELi6EL9ap_q_mode5EL9_490/1 "/>
</bind>
</comp>

<comp id="1368" class="1004" name="p_ZZN4nnet24compute_output_buffer_2dINS_5arrayI8ap_fixedILi12ELi6EL9ap_q_mode5EL9_491_load_fu_1368">
<pin_list>
<pin id="1369" dir="0" index="0" bw="12" slack="0"/>
<pin id="1370" dir="1" index="1" bw="12" slack="1"/>
</pin_list>
<bind>
<opcode="load(27) " fcode="load"/>
<opset="p_ZZN4nnet24compute_output_buffer_2dINS_5arrayI8ap_fixedILi12ELi6EL9ap_q_mode5EL9_491/1 "/>
</bind>
</comp>

<comp id="1372" class="1004" name="p_ZZN4nnet24compute_output_buffer_2dINS_5arrayI8ap_fixedILi12ELi6EL9ap_q_mode5EL9_492_load_fu_1372">
<pin_list>
<pin id="1373" dir="0" index="0" bw="12" slack="0"/>
<pin id="1374" dir="1" index="1" bw="12" slack="1"/>
</pin_list>
<bind>
<opcode="load(27) " fcode="load"/>
<opset="p_ZZN4nnet24compute_output_buffer_2dINS_5arrayI8ap_fixedILi12ELi6EL9ap_q_mode5EL9_492/1 "/>
</bind>
</comp>

<comp id="1376" class="1004" name="p_ZZN4nnet24compute_output_buffer_2dINS_5arrayI8ap_fixedILi12ELi6EL9ap_q_mode5EL9_493_load_fu_1376">
<pin_list>
<pin id="1377" dir="0" index="0" bw="12" slack="0"/>
<pin id="1378" dir="1" index="1" bw="12" slack="1"/>
</pin_list>
<bind>
<opcode="load(27) " fcode="load"/>
<opset="p_ZZN4nnet24compute_output_buffer_2dINS_5arrayI8ap_fixedILi12ELi6EL9ap_q_mode5EL9_493/1 "/>
</bind>
</comp>

<comp id="1380" class="1004" name="p_ZZN4nnet24compute_output_buffer_2dINS_5arrayI8ap_fixedILi12ELi6EL9ap_q_mode5EL9_494_load_fu_1380">
<pin_list>
<pin id="1381" dir="0" index="0" bw="12" slack="0"/>
<pin id="1382" dir="1" index="1" bw="12" slack="1"/>
</pin_list>
<bind>
<opcode="load(27) " fcode="load"/>
<opset="p_ZZN4nnet24compute_output_buffer_2dINS_5arrayI8ap_fixedILi12ELi6EL9ap_q_mode5EL9_494/1 "/>
</bind>
</comp>

<comp id="1384" class="1004" name="p_ZZN4nnet24compute_output_buffer_2dINS_5arrayI8ap_fixedILi12ELi6EL9ap_q_mode5EL9_495_load_fu_1384">
<pin_list>
<pin id="1385" dir="0" index="0" bw="12" slack="0"/>
<pin id="1386" dir="1" index="1" bw="12" slack="1"/>
</pin_list>
<bind>
<opcode="load(27) " fcode="load"/>
<opset="p_ZZN4nnet24compute_output_buffer_2dINS_5arrayI8ap_fixedILi12ELi6EL9ap_q_mode5EL9_495/1 "/>
</bind>
</comp>

<comp id="1388" class="1004" name="p_ZZN4nnet24compute_output_buffer_2dINS_5arrayI8ap_fixedILi12ELi6EL9ap_q_mode5EL9_496_load_fu_1388">
<pin_list>
<pin id="1389" dir="0" index="0" bw="12" slack="0"/>
<pin id="1390" dir="1" index="1" bw="12" slack="1"/>
</pin_list>
<bind>
<opcode="load(27) " fcode="load"/>
<opset="p_ZZN4nnet24compute_output_buffer_2dINS_5arrayI8ap_fixedILi12ELi6EL9ap_q_mode5EL9_496/1 "/>
</bind>
</comp>

<comp id="1392" class="1004" name="p_ZZN4nnet24compute_output_buffer_2dINS_5arrayI8ap_fixedILi12ELi6EL9ap_q_mode5EL9_497_load_fu_1392">
<pin_list>
<pin id="1393" dir="0" index="0" bw="12" slack="0"/>
<pin id="1394" dir="1" index="1" bw="12" slack="1"/>
</pin_list>
<bind>
<opcode="load(27) " fcode="load"/>
<opset="p_ZZN4nnet24compute_output_buffer_2dINS_5arrayI8ap_fixedILi12ELi6EL9ap_q_mode5EL9_497/1 "/>
</bind>
</comp>

<comp id="1396" class="1004" name="p_ZZN4nnet24compute_output_buffer_2dINS_5arrayI8ap_fixedILi12ELi6EL9ap_q_mode5EL9_498_load_fu_1396">
<pin_list>
<pin id="1397" dir="0" index="0" bw="12" slack="0"/>
<pin id="1398" dir="1" index="1" bw="12" slack="1"/>
</pin_list>
<bind>
<opcode="load(27) " fcode="load"/>
<opset="p_ZZN4nnet24compute_output_buffer_2dINS_5arrayI8ap_fixedILi12ELi6EL9ap_q_mode5EL9_498/1 "/>
</bind>
</comp>

<comp id="1400" class="1004" name="p_ZZN4nnet24compute_output_buffer_2dINS_5arrayI8ap_fixedILi12ELi6EL9ap_q_mode5EL9_499_load_fu_1400">
<pin_list>
<pin id="1401" dir="0" index="0" bw="12" slack="0"/>
<pin id="1402" dir="1" index="1" bw="12" slack="1"/>
</pin_list>
<bind>
<opcode="load(27) " fcode="load"/>
<opset="p_ZZN4nnet24compute_output_buffer_2dINS_5arrayI8ap_fixedILi12ELi6EL9ap_q_mode5EL9_499/1 "/>
</bind>
</comp>

<comp id="1404" class="1004" name="p_ZZN4nnet24compute_output_buffer_2dINS_5arrayI8ap_fixedILi12ELi6EL9ap_q_mode5EL9_500_load_fu_1404">
<pin_list>
<pin id="1405" dir="0" index="0" bw="12" slack="0"/>
<pin id="1406" dir="1" index="1" bw="12" slack="1"/>
</pin_list>
<bind>
<opcode="load(27) " fcode="load"/>
<opset="p_ZZN4nnet24compute_output_buffer_2dINS_5arrayI8ap_fixedILi12ELi6EL9ap_q_mode5EL9_500/1 "/>
</bind>
</comp>

<comp id="1408" class="1004" name="zext_ln46_fu_1408">
<pin_list>
<pin id="1409" dir="0" index="0" bw="5" slack="0"/>
<pin id="1410" dir="1" index="1" bw="64" slack="0"/>
</pin_list>
<bind>
<opcode="zext(34) " fcode="zext"/>
<opset="zext_ln46/1 "/>
</bind>
</comp>

<comp id="1413" class="1004" name="w_index_fu_1413">
<pin_list>
<pin id="1414" dir="0" index="0" bw="5" slack="0"/>
<pin id="1415" dir="0" index="1" bw="1" slack="0"/>
<pin id="1416" dir="1" index="2" bw="5" slack="0"/>
</pin_list>
<bind>
<opcode="add(8) " fcode="add"/>
<opset="w_index/1 "/>
</bind>
</comp>

<comp id="1419" class="1004" name="icmp_ln46_fu_1419">
<pin_list>
<pin id="1420" dir="0" index="0" bw="5" slack="0"/>
<pin id="1421" dir="0" index="1" bw="5" slack="0"/>
<pin id="1422" dir="1" index="2" bw="1" slack="1"/>
</pin_list>
<bind>
<opcode="icmp(45) " fcode="icmp"/>
<opset="icmp_ln46/1 "/>
</bind>
</comp>

<comp id="1425" class="1004" name="a_fu_1425">
<pin_list>
<pin id="1426" dir="0" index="0" bw="12" slack="0"/>
<pin id="1427" dir="0" index="1" bw="1" slack="0"/>
<pin id="1428" dir="0" index="2" bw="12" slack="0"/>
<pin id="1429" dir="0" index="3" bw="1" slack="0"/>
<pin id="1430" dir="0" index="4" bw="12" slack="0"/>
<pin id="1431" dir="0" index="5" bw="3" slack="0"/>
<pin id="1432" dir="0" index="6" bw="12" slack="0"/>
<pin id="1433" dir="0" index="7" bw="3" slack="0"/>
<pin id="1434" dir="0" index="8" bw="12" slack="0"/>
<pin id="1435" dir="0" index="9" bw="4" slack="0"/>
<pin id="1436" dir="0" index="10" bw="12" slack="0"/>
<pin id="1437" dir="0" index="11" bw="4" slack="0"/>
<pin id="1438" dir="0" index="12" bw="12" slack="0"/>
<pin id="1439" dir="0" index="13" bw="4" slack="0"/>
<pin id="1440" dir="0" index="14" bw="12" slack="0"/>
<pin id="1441" dir="0" index="15" bw="4" slack="0"/>
<pin id="1442" dir="0" index="16" bw="12" slack="0"/>
<pin id="1443" dir="0" index="17" bw="5" slack="0"/>
<pin id="1444" dir="0" index="18" bw="12" slack="0"/>
<pin id="1445" dir="0" index="19" bw="5" slack="0"/>
<pin id="1446" dir="0" index="20" bw="12" slack="0"/>
<pin id="1447" dir="0" index="21" bw="5" slack="0"/>
<pin id="1448" dir="0" index="22" bw="12" slack="0"/>
<pin id="1449" dir="0" index="23" bw="5" slack="0"/>
<pin id="1450" dir="0" index="24" bw="12" slack="0"/>
<pin id="1451" dir="0" index="25" bw="5" slack="0"/>
<pin id="1452" dir="0" index="26" bw="12" slack="0"/>
<pin id="1453" dir="0" index="27" bw="5" slack="0"/>
<pin id="1454" dir="0" index="28" bw="12" slack="0"/>
<pin id="1455" dir="0" index="29" bw="5" slack="0"/>
<pin id="1456" dir="0" index="30" bw="12" slack="0"/>
<pin id="1457" dir="0" index="31" bw="5" slack="0"/>
<pin id="1458" dir="0" index="32" bw="12" slack="0"/>
<pin id="1459" dir="0" index="33" bw="5" slack="0"/>
<pin id="1460" dir="0" index="34" bw="12" slack="0"/>
<pin id="1461" dir="0" index="35" bw="5" slack="0"/>
<pin id="1462" dir="0" index="36" bw="12" slack="0"/>
<pin id="1463" dir="0" index="37" bw="1" slack="0"/>
<pin id="1464" dir="0" index="38" bw="5" slack="1"/>
<pin id="1465" dir="1" index="39" bw="12" slack="1"/>
</pin_list>
<bind>
<opcode="sparsemux(1197) " fcode="sparsemux"/>
<opset="a/2 "/>
</bind>
</comp>

<comp id="1505" class="1004" name="w_fu_1505">
<pin_list>
<pin id="1506" dir="0" index="0" bw="138" slack="0"/>
<pin id="1507" dir="1" index="1" bw="12" slack="1"/>
</pin_list>
<bind>
<opcode="trunc(33) " fcode="trunc"/>
<opset="w/2 "/>
</bind>
</comp>

<comp id="1509" class="1004" name="a_12_fu_1509">
<pin_list>
<pin id="1510" dir="0" index="0" bw="12" slack="0"/>
<pin id="1511" dir="0" index="1" bw="1" slack="0"/>
<pin id="1512" dir="0" index="2" bw="12" slack="0"/>
<pin id="1513" dir="0" index="3" bw="1" slack="0"/>
<pin id="1514" dir="0" index="4" bw="12" slack="0"/>
<pin id="1515" dir="0" index="5" bw="3" slack="0"/>
<pin id="1516" dir="0" index="6" bw="12" slack="0"/>
<pin id="1517" dir="0" index="7" bw="3" slack="0"/>
<pin id="1518" dir="0" index="8" bw="12" slack="0"/>
<pin id="1519" dir="0" index="9" bw="4" slack="0"/>
<pin id="1520" dir="0" index="10" bw="12" slack="0"/>
<pin id="1521" dir="0" index="11" bw="4" slack="0"/>
<pin id="1522" dir="0" index="12" bw="12" slack="0"/>
<pin id="1523" dir="0" index="13" bw="4" slack="0"/>
<pin id="1524" dir="0" index="14" bw="12" slack="0"/>
<pin id="1525" dir="0" index="15" bw="4" slack="0"/>
<pin id="1526" dir="0" index="16" bw="12" slack="0"/>
<pin id="1527" dir="0" index="17" bw="5" slack="0"/>
<pin id="1528" dir="0" index="18" bw="12" slack="0"/>
<pin id="1529" dir="0" index="19" bw="5" slack="0"/>
<pin id="1530" dir="0" index="20" bw="12" slack="0"/>
<pin id="1531" dir="0" index="21" bw="5" slack="0"/>
<pin id="1532" dir="0" index="22" bw="12" slack="0"/>
<pin id="1533" dir="0" index="23" bw="5" slack="0"/>
<pin id="1534" dir="0" index="24" bw="12" slack="0"/>
<pin id="1535" dir="0" index="25" bw="5" slack="0"/>
<pin id="1536" dir="0" index="26" bw="12" slack="0"/>
<pin id="1537" dir="0" index="27" bw="5" slack="0"/>
<pin id="1538" dir="0" index="28" bw="12" slack="0"/>
<pin id="1539" dir="0" index="29" bw="5" slack="0"/>
<pin id="1540" dir="0" index="30" bw="12" slack="0"/>
<pin id="1541" dir="0" index="31" bw="5" slack="0"/>
<pin id="1542" dir="0" index="32" bw="12" slack="0"/>
<pin id="1543" dir="0" index="33" bw="5" slack="0"/>
<pin id="1544" dir="0" index="34" bw="12" slack="0"/>
<pin id="1545" dir="0" index="35" bw="5" slack="0"/>
<pin id="1546" dir="0" index="36" bw="12" slack="0"/>
<pin id="1547" dir="0" index="37" bw="1" slack="0"/>
<pin id="1548" dir="0" index="38" bw="5" slack="1"/>
<pin id="1549" dir="1" index="39" bw="12" slack="1"/>
</pin_list>
<bind>
<opcode="sparsemux(1197) " fcode="sparsemux"/>
<opset="a_12/2 "/>
</bind>
</comp>

<comp id="1589" class="1004" name="w_1_fu_1589">
<pin_list>
<pin id="1590" dir="0" index="0" bw="12" slack="0"/>
<pin id="1591" dir="0" index="1" bw="138" slack="0"/>
<pin id="1592" dir="0" index="2" bw="5" slack="0"/>
<pin id="1593" dir="0" index="3" bw="6" slack="0"/>
<pin id="1594" dir="1" index="4" bw="12" slack="1"/>
</pin_list>
<bind>
<opcode="partselect(1002) " fcode="partselect"/>
<opset="w_1/2 "/>
</bind>
</comp>

<comp id="1599" class="1004" name="w_2_fu_1599">
<pin_list>
<pin id="1600" dir="0" index="0" bw="12" slack="0"/>
<pin id="1601" dir="0" index="1" bw="138" slack="0"/>
<pin id="1602" dir="0" index="2" bw="6" slack="0"/>
<pin id="1603" dir="0" index="3" bw="7" slack="0"/>
<pin id="1604" dir="1" index="4" bw="12" slack="1"/>
</pin_list>
<bind>
<opcode="partselect(1002) " fcode="partselect"/>
<opset="w_2/2 "/>
</bind>
</comp>

<comp id="1609" class="1004" name="w_3_fu_1609">
<pin_list>
<pin id="1610" dir="0" index="0" bw="12" slack="0"/>
<pin id="1611" dir="0" index="1" bw="138" slack="0"/>
<pin id="1612" dir="0" index="2" bw="7" slack="0"/>
<pin id="1613" dir="0" index="3" bw="7" slack="0"/>
<pin id="1614" dir="1" index="4" bw="12" slack="1"/>
</pin_list>
<bind>
<opcode="partselect(1002) " fcode="partselect"/>
<opset="w_3/2 "/>
</bind>
</comp>

<comp id="1619" class="1004" name="w_4_fu_1619">
<pin_list>
<pin id="1620" dir="0" index="0" bw="12" slack="0"/>
<pin id="1621" dir="0" index="1" bw="138" slack="0"/>
<pin id="1622" dir="0" index="2" bw="7" slack="0"/>
<pin id="1623" dir="0" index="3" bw="7" slack="0"/>
<pin id="1624" dir="1" index="4" bw="12" slack="1"/>
</pin_list>
<bind>
<opcode="partselect(1002) " fcode="partselect"/>
<opset="w_4/2 "/>
</bind>
</comp>

<comp id="1629" class="1004" name="w_5_fu_1629">
<pin_list>
<pin id="1630" dir="0" index="0" bw="12" slack="0"/>
<pin id="1631" dir="0" index="1" bw="138" slack="0"/>
<pin id="1632" dir="0" index="2" bw="7" slack="0"/>
<pin id="1633" dir="0" index="3" bw="8" slack="0"/>
<pin id="1634" dir="1" index="4" bw="12" slack="1"/>
</pin_list>
<bind>
<opcode="partselect(1002) " fcode="partselect"/>
<opset="w_5/2 "/>
</bind>
</comp>

<comp id="1639" class="1004" name="w_6_fu_1639">
<pin_list>
<pin id="1640" dir="0" index="0" bw="12" slack="0"/>
<pin id="1641" dir="0" index="1" bw="138" slack="0"/>
<pin id="1642" dir="0" index="2" bw="8" slack="0"/>
<pin id="1643" dir="0" index="3" bw="8" slack="0"/>
<pin id="1644" dir="1" index="4" bw="12" slack="1"/>
</pin_list>
<bind>
<opcode="partselect(1002) " fcode="partselect"/>
<opset="w_6/2 "/>
</bind>
</comp>

<comp id="1649" class="1004" name="w_7_fu_1649">
<pin_list>
<pin id="1650" dir="0" index="0" bw="12" slack="0"/>
<pin id="1651" dir="0" index="1" bw="138" slack="0"/>
<pin id="1652" dir="0" index="2" bw="8" slack="0"/>
<pin id="1653" dir="0" index="3" bw="8" slack="0"/>
<pin id="1654" dir="1" index="4" bw="12" slack="1"/>
</pin_list>
<bind>
<opcode="partselect(1002) " fcode="partselect"/>
<opset="w_7/2 "/>
</bind>
</comp>

<comp id="1659" class="1004" name="w_8_fu_1659">
<pin_list>
<pin id="1660" dir="0" index="0" bw="12" slack="0"/>
<pin id="1661" dir="0" index="1" bw="138" slack="0"/>
<pin id="1662" dir="0" index="2" bw="8" slack="0"/>
<pin id="1663" dir="0" index="3" bw="8" slack="0"/>
<pin id="1664" dir="1" index="4" bw="12" slack="1"/>
</pin_list>
<bind>
<opcode="partselect(1002) " fcode="partselect"/>
<opset="w_8/2 "/>
</bind>
</comp>

<comp id="1669" class="1004" name="w_9_fu_1669">
<pin_list>
<pin id="1670" dir="0" index="0" bw="12" slack="0"/>
<pin id="1671" dir="0" index="1" bw="138" slack="0"/>
<pin id="1672" dir="0" index="2" bw="8" slack="0"/>
<pin id="1673" dir="0" index="3" bw="8" slack="0"/>
<pin id="1674" dir="1" index="4" bw="12" slack="1"/>
</pin_list>
<bind>
<opcode="partselect(1002) " fcode="partselect"/>
<opset="w_9/2 "/>
</bind>
</comp>

<comp id="1679" class="1004" name="w_10_fu_1679">
<pin_list>
<pin id="1680" dir="0" index="0" bw="12" slack="0"/>
<pin id="1681" dir="0" index="1" bw="138" slack="0"/>
<pin id="1682" dir="0" index="2" bw="8" slack="0"/>
<pin id="1683" dir="0" index="3" bw="9" slack="0"/>
<pin id="1684" dir="1" index="4" bw="12" slack="1"/>
</pin_list>
<bind>
<opcode="partselect(1002) " fcode="partselect"/>
<opset="w_10/2 "/>
</bind>
</comp>

<comp id="1689" class="1004" name="tmp_fu_1689">
<pin_list>
<pin id="1690" dir="0" index="0" bw="6" slack="0"/>
<pin id="1691" dir="0" index="1" bw="138" slack="0"/>
<pin id="1692" dir="0" index="2" bw="9" slack="0"/>
<pin id="1693" dir="0" index="3" bw="9" slack="0"/>
<pin id="1694" dir="1" index="4" bw="6" slack="1"/>
</pin_list>
<bind>
<opcode="partselect(1002) " fcode="partselect"/>
<opset="tmp/2 "/>
</bind>
</comp>

<comp id="1699" class="1004" name="sext_ln73_fu_1699">
<pin_list>
<pin id="1700" dir="0" index="0" bw="12" slack="1"/>
<pin id="1701" dir="1" index="1" bw="18" slack="0"/>
</pin_list>
<bind>
<opcode="sext(35) " fcode="sext"/>
<opset="sext_ln73/3 "/>
</bind>
</comp>

<comp id="1702" class="1004" name="sext_ln73_7_fu_1702">
<pin_list>
<pin id="1703" dir="0" index="0" bw="12" slack="1"/>
<pin id="1704" dir="1" index="1" bw="18" slack="0"/>
</pin_list>
<bind>
<opcode="sext(35) " fcode="sext"/>
<opset="sext_ln73_7/3 "/>
</bind>
</comp>

<comp id="1705" class="1004" name="mul_ln58_fu_1705">
<pin_list>
<pin id="1706" dir="0" index="0" bw="12" slack="0"/>
<pin id="1707" dir="0" index="1" bw="12" slack="0"/>
<pin id="1708" dir="1" index="2" bw="18" slack="0"/>
</pin_list>
<bind>
<opcode="mul(12) " fcode="mul"/>
<opset="mul_ln58/3 "/>
</bind>
</comp>

<comp id="1711" class="1004" name="trunc_ln_fu_1711">
<pin_list>
<pin id="1712" dir="0" index="0" bw="12" slack="0"/>
<pin id="1713" dir="0" index="1" bw="18" slack="0"/>
<pin id="1714" dir="0" index="2" bw="4" slack="0"/>
<pin id="1715" dir="0" index="3" bw="6" slack="0"/>
<pin id="1716" dir="1" index="4" bw="12" slack="1"/>
</pin_list>
<bind>
<opcode="partselect(1002) " fcode="partselect"/>
<opset="trunc_ln/3 "/>
</bind>
</comp>

<comp id="1721" class="1004" name="sext_ln73_8_fu_1721">
<pin_list>
<pin id="1722" dir="0" index="0" bw="12" slack="1"/>
<pin id="1723" dir="1" index="1" bw="18" slack="0"/>
</pin_list>
<bind>
<opcode="sext(35) " fcode="sext"/>
<opset="sext_ln73_8/3 "/>
</bind>
</comp>

<comp id="1724" class="1004" name="sext_ln73_9_fu_1724">
<pin_list>
<pin id="1725" dir="0" index="0" bw="12" slack="1"/>
<pin id="1726" dir="1" index="1" bw="18" slack="0"/>
</pin_list>
<bind>
<opcode="sext(35) " fcode="sext"/>
<opset="sext_ln73_9/3 "/>
</bind>
</comp>

<comp id="1727" class="1004" name="mul_ln58_1_fu_1727">
<pin_list>
<pin id="1728" dir="0" index="0" bw="12" slack="0"/>
<pin id="1729" dir="0" index="1" bw="12" slack="0"/>
<pin id="1730" dir="1" index="2" bw="18" slack="0"/>
</pin_list>
<bind>
<opcode="mul(12) " fcode="mul"/>
<opset="mul_ln58_1/3 "/>
</bind>
</comp>

<comp id="1733" class="1004" name="trunc_ln58_1_fu_1733">
<pin_list>
<pin id="1734" dir="0" index="0" bw="12" slack="0"/>
<pin id="1735" dir="0" index="1" bw="18" slack="0"/>
<pin id="1736" dir="0" index="2" bw="4" slack="0"/>
<pin id="1737" dir="0" index="3" bw="6" slack="0"/>
<pin id="1738" dir="1" index="4" bw="12" slack="1"/>
</pin_list>
<bind>
<opcode="partselect(1002) " fcode="partselect"/>
<opset="trunc_ln58_1/3 "/>
</bind>
</comp>

<comp id="1743" class="1004" name="sext_ln73_10_fu_1743">
<pin_list>
<pin id="1744" dir="0" index="0" bw="12" slack="1"/>
<pin id="1745" dir="1" index="1" bw="18" slack="0"/>
</pin_list>
<bind>
<opcode="sext(35) " fcode="sext"/>
<opset="sext_ln73_10/3 "/>
</bind>
</comp>

<comp id="1746" class="1004" name="mul_ln58_2_fu_1746">
<pin_list>
<pin id="1747" dir="0" index="0" bw="12" slack="0"/>
<pin id="1748" dir="0" index="1" bw="12" slack="0"/>
<pin id="1749" dir="1" index="2" bw="18" slack="0"/>
</pin_list>
<bind>
<opcode="mul(12) " fcode="mul"/>
<opset="mul_ln58_2/3 "/>
</bind>
</comp>

<comp id="1752" class="1004" name="trunc_ln58_2_fu_1752">
<pin_list>
<pin id="1753" dir="0" index="0" bw="12" slack="0"/>
<pin id="1754" dir="0" index="1" bw="18" slack="0"/>
<pin id="1755" dir="0" index="2" bw="4" slack="0"/>
<pin id="1756" dir="0" index="3" bw="6" slack="0"/>
<pin id="1757" dir="1" index="4" bw="12" slack="1"/>
</pin_list>
<bind>
<opcode="partselect(1002) " fcode="partselect"/>
<opset="trunc_ln58_2/3 "/>
</bind>
</comp>

<comp id="1762" class="1004" name="sext_ln73_11_fu_1762">
<pin_list>
<pin id="1763" dir="0" index="0" bw="12" slack="1"/>
<pin id="1764" dir="1" index="1" bw="18" slack="0"/>
</pin_list>
<bind>
<opcode="sext(35) " fcode="sext"/>
<opset="sext_ln73_11/3 "/>
</bind>
</comp>

<comp id="1765" class="1004" name="mul_ln58_3_fu_1765">
<pin_list>
<pin id="1766" dir="0" index="0" bw="12" slack="0"/>
<pin id="1767" dir="0" index="1" bw="12" slack="0"/>
<pin id="1768" dir="1" index="2" bw="18" slack="0"/>
</pin_list>
<bind>
<opcode="mul(12) " fcode="mul"/>
<opset="mul_ln58_3/3 "/>
</bind>
</comp>

<comp id="1771" class="1004" name="trunc_ln58_3_fu_1771">
<pin_list>
<pin id="1772" dir="0" index="0" bw="12" slack="0"/>
<pin id="1773" dir="0" index="1" bw="18" slack="0"/>
<pin id="1774" dir="0" index="2" bw="4" slack="0"/>
<pin id="1775" dir="0" index="3" bw="6" slack="0"/>
<pin id="1776" dir="1" index="4" bw="12" slack="1"/>
</pin_list>
<bind>
<opcode="partselect(1002) " fcode="partselect"/>
<opset="trunc_ln58_3/3 "/>
</bind>
</comp>

<comp id="1781" class="1004" name="sext_ln73_12_fu_1781">
<pin_list>
<pin id="1782" dir="0" index="0" bw="12" slack="1"/>
<pin id="1783" dir="1" index="1" bw="18" slack="0"/>
</pin_list>
<bind>
<opcode="sext(35) " fcode="sext"/>
<opset="sext_ln73_12/3 "/>
</bind>
</comp>

<comp id="1784" class="1004" name="mul_ln58_4_fu_1784">
<pin_list>
<pin id="1785" dir="0" index="0" bw="12" slack="0"/>
<pin id="1786" dir="0" index="1" bw="12" slack="0"/>
<pin id="1787" dir="1" index="2" bw="18" slack="0"/>
</pin_list>
<bind>
<opcode="mul(12) " fcode="mul"/>
<opset="mul_ln58_4/3 "/>
</bind>
</comp>

<comp id="1790" class="1004" name="trunc_ln58_4_fu_1790">
<pin_list>
<pin id="1791" dir="0" index="0" bw="12" slack="0"/>
<pin id="1792" dir="0" index="1" bw="18" slack="0"/>
<pin id="1793" dir="0" index="2" bw="4" slack="0"/>
<pin id="1794" dir="0" index="3" bw="6" slack="0"/>
<pin id="1795" dir="1" index="4" bw="12" slack="1"/>
</pin_list>
<bind>
<opcode="partselect(1002) " fcode="partselect"/>
<opset="trunc_ln58_4/3 "/>
</bind>
</comp>

<comp id="1800" class="1004" name="sext_ln73_13_fu_1800">
<pin_list>
<pin id="1801" dir="0" index="0" bw="12" slack="1"/>
<pin id="1802" dir="1" index="1" bw="18" slack="0"/>
</pin_list>
<bind>
<opcode="sext(35) " fcode="sext"/>
<opset="sext_ln73_13/3 "/>
</bind>
</comp>

<comp id="1803" class="1004" name="mul_ln58_5_fu_1803">
<pin_list>
<pin id="1804" dir="0" index="0" bw="12" slack="0"/>
<pin id="1805" dir="0" index="1" bw="12" slack="0"/>
<pin id="1806" dir="1" index="2" bw="18" slack="0"/>
</pin_list>
<bind>
<opcode="mul(12) " fcode="mul"/>
<opset="mul_ln58_5/3 "/>
</bind>
</comp>

<comp id="1809" class="1004" name="trunc_ln58_5_fu_1809">
<pin_list>
<pin id="1810" dir="0" index="0" bw="12" slack="0"/>
<pin id="1811" dir="0" index="1" bw="18" slack="0"/>
<pin id="1812" dir="0" index="2" bw="4" slack="0"/>
<pin id="1813" dir="0" index="3" bw="6" slack="0"/>
<pin id="1814" dir="1" index="4" bw="12" slack="1"/>
</pin_list>
<bind>
<opcode="partselect(1002) " fcode="partselect"/>
<opset="trunc_ln58_5/3 "/>
</bind>
</comp>

<comp id="1819" class="1004" name="sext_ln73_14_fu_1819">
<pin_list>
<pin id="1820" dir="0" index="0" bw="12" slack="1"/>
<pin id="1821" dir="1" index="1" bw="18" slack="0"/>
</pin_list>
<bind>
<opcode="sext(35) " fcode="sext"/>
<opset="sext_ln73_14/3 "/>
</bind>
</comp>

<comp id="1822" class="1004" name="mul_ln58_6_fu_1822">
<pin_list>
<pin id="1823" dir="0" index="0" bw="12" slack="0"/>
<pin id="1824" dir="0" index="1" bw="12" slack="0"/>
<pin id="1825" dir="1" index="2" bw="18" slack="0"/>
</pin_list>
<bind>
<opcode="mul(12) " fcode="mul"/>
<opset="mul_ln58_6/3 "/>
</bind>
</comp>

<comp id="1828" class="1004" name="trunc_ln58_6_fu_1828">
<pin_list>
<pin id="1829" dir="0" index="0" bw="12" slack="0"/>
<pin id="1830" dir="0" index="1" bw="18" slack="0"/>
<pin id="1831" dir="0" index="2" bw="4" slack="0"/>
<pin id="1832" dir="0" index="3" bw="6" slack="0"/>
<pin id="1833" dir="1" index="4" bw="12" slack="1"/>
</pin_list>
<bind>
<opcode="partselect(1002) " fcode="partselect"/>
<opset="trunc_ln58_6/3 "/>
</bind>
</comp>

<comp id="1838" class="1004" name="sext_ln73_15_fu_1838">
<pin_list>
<pin id="1839" dir="0" index="0" bw="12" slack="1"/>
<pin id="1840" dir="1" index="1" bw="18" slack="0"/>
</pin_list>
<bind>
<opcode="sext(35) " fcode="sext"/>
<opset="sext_ln73_15/3 "/>
</bind>
</comp>

<comp id="1841" class="1004" name="mul_ln58_7_fu_1841">
<pin_list>
<pin id="1842" dir="0" index="0" bw="12" slack="0"/>
<pin id="1843" dir="0" index="1" bw="12" slack="0"/>
<pin id="1844" dir="1" index="2" bw="18" slack="0"/>
</pin_list>
<bind>
<opcode="mul(12) " fcode="mul"/>
<opset="mul_ln58_7/3 "/>
</bind>
</comp>

<comp id="1847" class="1004" name="trunc_ln58_7_fu_1847">
<pin_list>
<pin id="1848" dir="0" index="0" bw="12" slack="0"/>
<pin id="1849" dir="0" index="1" bw="18" slack="0"/>
<pin id="1850" dir="0" index="2" bw="4" slack="0"/>
<pin id="1851" dir="0" index="3" bw="6" slack="0"/>
<pin id="1852" dir="1" index="4" bw="12" slack="1"/>
</pin_list>
<bind>
<opcode="partselect(1002) " fcode="partselect"/>
<opset="trunc_ln58_7/3 "/>
</bind>
</comp>

<comp id="1857" class="1004" name="sext_ln73_16_fu_1857">
<pin_list>
<pin id="1858" dir="0" index="0" bw="12" slack="1"/>
<pin id="1859" dir="1" index="1" bw="18" slack="0"/>
</pin_list>
<bind>
<opcode="sext(35) " fcode="sext"/>
<opset="sext_ln73_16/3 "/>
</bind>
</comp>

<comp id="1860" class="1004" name="mul_ln58_8_fu_1860">
<pin_list>
<pin id="1861" dir="0" index="0" bw="12" slack="0"/>
<pin id="1862" dir="0" index="1" bw="12" slack="0"/>
<pin id="1863" dir="1" index="2" bw="18" slack="0"/>
</pin_list>
<bind>
<opcode="mul(12) " fcode="mul"/>
<opset="mul_ln58_8/3 "/>
</bind>
</comp>

<comp id="1866" class="1004" name="trunc_ln58_8_fu_1866">
<pin_list>
<pin id="1867" dir="0" index="0" bw="12" slack="0"/>
<pin id="1868" dir="0" index="1" bw="18" slack="0"/>
<pin id="1869" dir="0" index="2" bw="4" slack="0"/>
<pin id="1870" dir="0" index="3" bw="6" slack="0"/>
<pin id="1871" dir="1" index="4" bw="12" slack="1"/>
</pin_list>
<bind>
<opcode="partselect(1002) " fcode="partselect"/>
<opset="trunc_ln58_8/3 "/>
</bind>
</comp>

<comp id="1876" class="1004" name="sext_ln73_17_fu_1876">
<pin_list>
<pin id="1877" dir="0" index="0" bw="12" slack="1"/>
<pin id="1878" dir="1" index="1" bw="18" slack="0"/>
</pin_list>
<bind>
<opcode="sext(35) " fcode="sext"/>
<opset="sext_ln73_17/3 "/>
</bind>
</comp>

<comp id="1879" class="1004" name="mul_ln58_9_fu_1879">
<pin_list>
<pin id="1880" dir="0" index="0" bw="12" slack="0"/>
<pin id="1881" dir="0" index="1" bw="12" slack="0"/>
<pin id="1882" dir="1" index="2" bw="18" slack="0"/>
</pin_list>
<bind>
<opcode="mul(12) " fcode="mul"/>
<opset="mul_ln58_9/3 "/>
</bind>
</comp>

<comp id="1885" class="1004" name="trunc_ln58_9_fu_1885">
<pin_list>
<pin id="1886" dir="0" index="0" bw="12" slack="0"/>
<pin id="1887" dir="0" index="1" bw="18" slack="0"/>
<pin id="1888" dir="0" index="2" bw="4" slack="0"/>
<pin id="1889" dir="0" index="3" bw="6" slack="0"/>
<pin id="1890" dir="1" index="4" bw="12" slack="1"/>
</pin_list>
<bind>
<opcode="partselect(1002) " fcode="partselect"/>
<opset="trunc_ln58_9/3 "/>
</bind>
</comp>

<comp id="1895" class="1004" name="sext_ln73_18_fu_1895">
<pin_list>
<pin id="1896" dir="0" index="0" bw="12" slack="1"/>
<pin id="1897" dir="1" index="1" bw="18" slack="0"/>
</pin_list>
<bind>
<opcode="sext(35) " fcode="sext"/>
<opset="sext_ln73_18/3 "/>
</bind>
</comp>

<comp id="1898" class="1004" name="mul_ln58_10_fu_1898">
<pin_list>
<pin id="1899" dir="0" index="0" bw="12" slack="0"/>
<pin id="1900" dir="0" index="1" bw="12" slack="0"/>
<pin id="1901" dir="1" index="2" bw="18" slack="0"/>
</pin_list>
<bind>
<opcode="mul(12) " fcode="mul"/>
<opset="mul_ln58_10/3 "/>
</bind>
</comp>

<comp id="1904" class="1004" name="trunc_ln58_s_fu_1904">
<pin_list>
<pin id="1905" dir="0" index="0" bw="12" slack="0"/>
<pin id="1906" dir="0" index="1" bw="18" slack="0"/>
<pin id="1907" dir="0" index="2" bw="4" slack="0"/>
<pin id="1908" dir="0" index="3" bw="6" slack="0"/>
<pin id="1909" dir="1" index="4" bw="12" slack="1"/>
</pin_list>
<bind>
<opcode="partselect(1002) " fcode="partselect"/>
<opset="trunc_ln58_s/3 "/>
</bind>
</comp>

<comp id="1914" class="1004" name="sext_ln73_19_fu_1914">
<pin_list>
<pin id="1915" dir="0" index="0" bw="6" slack="1"/>
<pin id="1916" dir="1" index="1" bw="18" slack="0"/>
</pin_list>
<bind>
<opcode="sext(35) " fcode="sext"/>
<opset="sext_ln73_19/3 "/>
</bind>
</comp>

<comp id="1917" class="1004" name="mul_ln58_11_fu_1917">
<pin_list>
<pin id="1918" dir="0" index="0" bw="12" slack="0"/>
<pin id="1919" dir="0" index="1" bw="6" slack="0"/>
<pin id="1920" dir="1" index="2" bw="18" slack="0"/>
</pin_list>
<bind>
<opcode="mul(12) " fcode="mul"/>
<opset="mul_ln58_11/3 "/>
</bind>
</comp>

<comp id="1923" class="1004" name="trunc_ln58_10_fu_1923">
<pin_list>
<pin id="1924" dir="0" index="0" bw="12" slack="0"/>
<pin id="1925" dir="0" index="1" bw="18" slack="0"/>
<pin id="1926" dir="0" index="2" bw="4" slack="0"/>
<pin id="1927" dir="0" index="3" bw="6" slack="0"/>
<pin id="1928" dir="1" index="4" bw="12" slack="1"/>
</pin_list>
<bind>
<opcode="partselect(1002) " fcode="partselect"/>
<opset="trunc_ln58_10/3 "/>
</bind>
</comp>

<comp id="1933" class="1004" name="add_ln58_fu_1933">
<pin_list>
<pin id="1934" dir="0" index="0" bw="12" slack="1"/>
<pin id="1935" dir="0" index="1" bw="12" slack="1"/>
<pin id="1936" dir="1" index="2" bw="12" slack="0"/>
</pin_list>
<bind>
<opcode="add(8) " fcode="add"/>
<opset="add_ln58/4 "/>
</bind>
</comp>

<comp id="1937" class="1004" name="add_ln58_1_fu_1937">
<pin_list>
<pin id="1938" dir="0" index="0" bw="12" slack="0"/>
<pin id="1939" dir="0" index="1" bw="12" slack="0"/>
<pin id="1940" dir="1" index="2" bw="12" slack="0"/>
</pin_list>
<bind>
<opcode="add(8) " fcode="add"/>
<opset="add_ln58_1/4 "/>
</bind>
</comp>

<comp id="1943" class="1004" name="add_ln58_2_fu_1943">
<pin_list>
<pin id="1944" dir="0" index="0" bw="12" slack="1"/>
<pin id="1945" dir="0" index="1" bw="12" slack="1"/>
<pin id="1946" dir="1" index="2" bw="12" slack="0"/>
</pin_list>
<bind>
<opcode="add(8) " fcode="add"/>
<opset="add_ln58_2/4 "/>
</bind>
</comp>

<comp id="1947" class="1004" name="add_ln58_3_fu_1947">
<pin_list>
<pin id="1948" dir="0" index="0" bw="12" slack="0"/>
<pin id="1949" dir="0" index="1" bw="12" slack="0"/>
<pin id="1950" dir="1" index="2" bw="12" slack="0"/>
</pin_list>
<bind>
<opcode="add(8) " fcode="add"/>
<opset="add_ln58_3/4 "/>
</bind>
</comp>

<comp id="1953" class="1004" name="add_ln58_4_fu_1953">
<pin_list>
<pin id="1954" dir="0" index="0" bw="12" slack="1"/>
<pin id="1955" dir="0" index="1" bw="12" slack="1"/>
<pin id="1956" dir="1" index="2" bw="12" slack="0"/>
</pin_list>
<bind>
<opcode="add(8) " fcode="add"/>
<opset="add_ln58_4/4 "/>
</bind>
</comp>

<comp id="1957" class="1004" name="add_ln58_5_fu_1957">
<pin_list>
<pin id="1958" dir="0" index="0" bw="12" slack="0"/>
<pin id="1959" dir="0" index="1" bw="12" slack="0"/>
<pin id="1960" dir="1" index="2" bw="12" slack="0"/>
</pin_list>
<bind>
<opcode="add(8) " fcode="add"/>
<opset="add_ln58_5/4 "/>
</bind>
</comp>

<comp id="1963" class="1004" name="add_ln58_6_fu_1963">
<pin_list>
<pin id="1964" dir="0" index="0" bw="12" slack="1"/>
<pin id="1965" dir="0" index="1" bw="12" slack="1"/>
<pin id="1966" dir="1" index="2" bw="12" slack="0"/>
</pin_list>
<bind>
<opcode="add(8) " fcode="add"/>
<opset="add_ln58_6/4 "/>
</bind>
</comp>

<comp id="1967" class="1004" name="add_ln58_7_fu_1967">
<pin_list>
<pin id="1968" dir="0" index="0" bw="12" slack="0"/>
<pin id="1969" dir="0" index="1" bw="12" slack="0"/>
<pin id="1970" dir="1" index="2" bw="12" slack="0"/>
</pin_list>
<bind>
<opcode="add(8) " fcode="add"/>
<opset="add_ln58_7/4 "/>
</bind>
</comp>

<comp id="1973" class="1004" name="add_ln58_8_fu_1973">
<pin_list>
<pin id="1974" dir="0" index="0" bw="12" slack="1"/>
<pin id="1975" dir="0" index="1" bw="12" slack="1"/>
<pin id="1976" dir="1" index="2" bw="12" slack="0"/>
</pin_list>
<bind>
<opcode="add(8) " fcode="add"/>
<opset="add_ln58_8/4 "/>
</bind>
</comp>

<comp id="1977" class="1004" name="add_ln58_9_fu_1977">
<pin_list>
<pin id="1978" dir="0" index="0" bw="12" slack="0"/>
<pin id="1979" dir="0" index="1" bw="12" slack="0"/>
<pin id="1980" dir="1" index="2" bw="12" slack="0"/>
</pin_list>
<bind>
<opcode="add(8) " fcode="add"/>
<opset="add_ln58_9/4 "/>
</bind>
</comp>

<comp id="1983" class="1004" name="add_ln58_10_fu_1983">
<pin_list>
<pin id="1984" dir="0" index="0" bw="12" slack="1"/>
<pin id="1985" dir="0" index="1" bw="12" slack="1"/>
<pin id="1986" dir="1" index="2" bw="12" slack="0"/>
</pin_list>
<bind>
<opcode="add(8) " fcode="add"/>
<opset="add_ln58_10/4 "/>
</bind>
</comp>

<comp id="1987" class="1004" name="add_ln58_11_fu_1987">
<pin_list>
<pin id="1988" dir="0" index="0" bw="12" slack="0"/>
<pin id="1989" dir="0" index="1" bw="12" slack="0"/>
<pin id="1990" dir="1" index="2" bw="12" slack="0"/>
</pin_list>
<bind>
<opcode="add(8) " fcode="add"/>
<opset="add_ln58_11/4 "/>
</bind>
</comp>

<comp id="1993" class="1004" name="mrv_i_fu_1993">
<pin_list>
<pin id="1994" dir="0" index="0" bw="72" slack="0"/>
<pin id="1995" dir="0" index="1" bw="12" slack="0"/>
<pin id="1996" dir="1" index="2" bw="72" slack="0"/>
</pin_list>
<bind>
<opcode="insertvalue(57) " fcode="insertvalue"/>
<opset="mrv_i/4 "/>
</bind>
</comp>

<comp id="1999" class="1004" name="mrv_1_i_fu_1999">
<pin_list>
<pin id="2000" dir="0" index="0" bw="72" slack="0"/>
<pin id="2001" dir="0" index="1" bw="12" slack="0"/>
<pin id="2002" dir="1" index="2" bw="72" slack="0"/>
</pin_list>
<bind>
<opcode="insertvalue(57) " fcode="insertvalue"/>
<opset="mrv_1_i/4 "/>
</bind>
</comp>

<comp id="2005" class="1004" name="mrv_2_i_fu_2005">
<pin_list>
<pin id="2006" dir="0" index="0" bw="72" slack="0"/>
<pin id="2007" dir="0" index="1" bw="12" slack="0"/>
<pin id="2008" dir="1" index="2" bw="72" slack="0"/>
</pin_list>
<bind>
<opcode="insertvalue(57) " fcode="insertvalue"/>
<opset="mrv_2_i/4 "/>
</bind>
</comp>

<comp id="2011" class="1004" name="mrv_3_i_fu_2011">
<pin_list>
<pin id="2012" dir="0" index="0" bw="72" slack="0"/>
<pin id="2013" dir="0" index="1" bw="12" slack="0"/>
<pin id="2014" dir="1" index="2" bw="72" slack="0"/>
</pin_list>
<bind>
<opcode="insertvalue(57) " fcode="insertvalue"/>
<opset="mrv_3_i/4 "/>
</bind>
</comp>

<comp id="2017" class="1004" name="mrv_4_i_fu_2017">
<pin_list>
<pin id="2018" dir="0" index="0" bw="72" slack="0"/>
<pin id="2019" dir="0" index="1" bw="12" slack="0"/>
<pin id="2020" dir="1" index="2" bw="72" slack="0"/>
</pin_list>
<bind>
<opcode="insertvalue(57) " fcode="insertvalue"/>
<opset="mrv_4_i/4 "/>
</bind>
</comp>

<comp id="2023" class="1004" name="mrv_5_i_fu_2023">
<pin_list>
<pin id="2024" dir="0" index="0" bw="72" slack="0"/>
<pin id="2025" dir="0" index="1" bw="12" slack="0"/>
<pin id="2026" dir="1" index="2" bw="72" slack="0"/>
</pin_list>
<bind>
<opcode="insertvalue(57) " fcode="insertvalue"/>
<opset="mrv_5_i/4 "/>
</bind>
</comp>

<comp id="2029" class="1004" name="return_ln84_fu_2029">
<pin_list>
<pin id="2030" dir="0" index="0" bw="72" slack="0"/>
<pin id="2031" dir="1" index="1" bw="0" slack="2147483647"/>
</pin_list>
<bind>
<opcode="return(1203) " fcode="return"/>
<opset="return_ln84/4 "/>
</bind>
</comp>

<comp id="2033" class="1005" name="void_compute_output_buffer_2d_array_const_ap_shift_reg_n_chan_stream_weig_97_reg_2033">
<pin_list>
<pin id="2034" dir="0" index="0" bw="12" slack="1"/>
<pin id="2035" dir="1" index="1" bw="12" slack="1"/>
</pin_list>
<bind>
<opset="void_compute_output_buffer_2d_array_const_ap_shift_reg_n_chan_stream_weig_97 "/>
</bind>
</comp>

<comp id="2038" class="1005" name="void_compute_output_buffer_2d_array_const_ap_shift_reg_n_chan_stream_weig_98_reg_2038">
<pin_list>
<pin id="2039" dir="0" index="0" bw="12" slack="1"/>
<pin id="2040" dir="1" index="1" bw="12" slack="1"/>
</pin_list>
<bind>
<opset="void_compute_output_buffer_2d_array_const_ap_shift_reg_n_chan_stream_weig_98 "/>
</bind>
</comp>

<comp id="2043" class="1005" name="void_compute_output_buffer_2d_array_const_ap_shift_reg_n_chan_stream_weig_99_reg_2043">
<pin_list>
<pin id="2044" dir="0" index="0" bw="12" slack="1"/>
<pin id="2045" dir="1" index="1" bw="12" slack="1"/>
</pin_list>
<bind>
<opset="void_compute_output_buffer_2d_array_const_ap_shift_reg_n_chan_stream_weig_99 "/>
</bind>
</comp>

<comp id="2048" class="1005" name="void_compute_output_buffer_2d_array_const_ap_shift_reg_n_chan_stream_weig_100_reg_2048">
<pin_list>
<pin id="2049" dir="0" index="0" bw="12" slack="1"/>
<pin id="2050" dir="1" index="1" bw="12" slack="1"/>
</pin_list>
<bind>
<opset="void_compute_output_buffer_2d_array_const_ap_shift_reg_n_chan_stream_weig_100 "/>
</bind>
</comp>

<comp id="2053" class="1005" name="void_compute_output_buffer_2d_array_const_ap_shift_reg_n_chan_stream_weig_101_reg_2053">
<pin_list>
<pin id="2054" dir="0" index="0" bw="12" slack="1"/>
<pin id="2055" dir="1" index="1" bw="12" slack="1"/>
</pin_list>
<bind>
<opset="void_compute_output_buffer_2d_array_const_ap_shift_reg_n_chan_stream_weig_101 "/>
</bind>
</comp>

<comp id="2058" class="1005" name="void_compute_output_buffer_2d_array_const_ap_shift_reg_n_chan_stream_weig_102_reg_2058">
<pin_list>
<pin id="2059" dir="0" index="0" bw="12" slack="1"/>
<pin id="2060" dir="1" index="1" bw="12" slack="1"/>
</pin_list>
<bind>
<opset="void_compute_output_buffer_2d_array_const_ap_shift_reg_n_chan_stream_weig_102 "/>
</bind>
</comp>

<comp id="2063" class="1005" name="void_compute_output_buffer_2d_array_const_ap_shift_reg_n_chan_stream_weig_103_reg_2063">
<pin_list>
<pin id="2064" dir="0" index="0" bw="12" slack="1"/>
<pin id="2065" dir="1" index="1" bw="12" slack="1"/>
</pin_list>
<bind>
<opset="void_compute_output_buffer_2d_array_const_ap_shift_reg_n_chan_stream_weig_103 "/>
</bind>
</comp>

<comp id="2068" class="1005" name="void_compute_output_buffer_2d_array_const_ap_shift_reg_n_chan_stream_weig_104_reg_2068">
<pin_list>
<pin id="2069" dir="0" index="0" bw="12" slack="1"/>
<pin id="2070" dir="1" index="1" bw="12" slack="1"/>
</pin_list>
<bind>
<opset="void_compute_output_buffer_2d_array_const_ap_shift_reg_n_chan_stream_weig_104 "/>
</bind>
</comp>

<comp id="2073" class="1005" name="void_compute_output_buffer_2d_array_const_ap_shift_reg_n_chan_stream_weig_105_reg_2073">
<pin_list>
<pin id="2074" dir="0" index="0" bw="12" slack="1"/>
<pin id="2075" dir="1" index="1" bw="12" slack="1"/>
</pin_list>
<bind>
<opset="void_compute_output_buffer_2d_array_const_ap_shift_reg_n_chan_stream_weig_105 "/>
</bind>
</comp>

<comp id="2078" class="1005" name="void_compute_output_buffer_2d_array_const_ap_shift_reg_n_chan_stream_weig_106_reg_2078">
<pin_list>
<pin id="2079" dir="0" index="0" bw="12" slack="1"/>
<pin id="2080" dir="1" index="1" bw="12" slack="1"/>
</pin_list>
<bind>
<opset="void_compute_output_buffer_2d_array_const_ap_shift_reg_n_chan_stream_weig_106 "/>
</bind>
</comp>

<comp id="2083" class="1005" name="p_ZZN4nnet24compute_output_buffer_2dINS_5arrayI8ap_fixedILi12ELi6EL9ap_q_mode5EL9_475_reg_2083">
<pin_list>
<pin id="2084" dir="0" index="0" bw="12" slack="1"/>
<pin id="2085" dir="1" index="1" bw="12" slack="1"/>
</pin_list>
<bind>
<opset="p_ZZN4nnet24compute_output_buffer_2dINS_5arrayI8ap_fixedILi12ELi6EL9ap_q_mode5EL9_475 "/>
</bind>
</comp>

<comp id="2088" class="1005" name="p_ZZN4nnet24compute_output_buffer_2dINS_5arrayI8ap_fixedILi12ELi6EL9ap_q_mode5EL9_476_reg_2088">
<pin_list>
<pin id="2089" dir="0" index="0" bw="12" slack="1"/>
<pin id="2090" dir="1" index="1" bw="12" slack="1"/>
</pin_list>
<bind>
<opset="p_ZZN4nnet24compute_output_buffer_2dINS_5arrayI8ap_fixedILi12ELi6EL9ap_q_mode5EL9_476 "/>
</bind>
</comp>

<comp id="2093" class="1005" name="p_ZZN4nnet24compute_output_buffer_2dINS_5arrayI8ap_fixedILi12ELi6EL9ap_q_mode5EL9_477_reg_2093">
<pin_list>
<pin id="2094" dir="0" index="0" bw="12" slack="1"/>
<pin id="2095" dir="1" index="1" bw="12" slack="1"/>
</pin_list>
<bind>
<opset="p_ZZN4nnet24compute_output_buffer_2dINS_5arrayI8ap_fixedILi12ELi6EL9ap_q_mode5EL9_477 "/>
</bind>
</comp>

<comp id="2098" class="1005" name="p_ZZN4nnet24compute_output_buffer_2dINS_5arrayI8ap_fixedILi12ELi6EL9ap_q_mode5EL9_478_reg_2098">
<pin_list>
<pin id="2099" dir="0" index="0" bw="12" slack="1"/>
<pin id="2100" dir="1" index="1" bw="12" slack="1"/>
</pin_list>
<bind>
<opset="p_ZZN4nnet24compute_output_buffer_2dINS_5arrayI8ap_fixedILi12ELi6EL9ap_q_mode5EL9_478 "/>
</bind>
</comp>

<comp id="2103" class="1005" name="p_ZZN4nnet24compute_output_buffer_2dINS_5arrayI8ap_fixedILi12ELi6EL9ap_q_mode5EL9_479_reg_2103">
<pin_list>
<pin id="2104" dir="0" index="0" bw="12" slack="1"/>
<pin id="2105" dir="1" index="1" bw="12" slack="1"/>
</pin_list>
<bind>
<opset="p_ZZN4nnet24compute_output_buffer_2dINS_5arrayI8ap_fixedILi12ELi6EL9ap_q_mode5EL9_479 "/>
</bind>
</comp>

<comp id="2108" class="1005" name="p_ZZN4nnet24compute_output_buffer_2dINS_5arrayI8ap_fixedILi12ELi6EL9ap_q_mode5EL9_480_reg_2108">
<pin_list>
<pin id="2109" dir="0" index="0" bw="12" slack="1"/>
<pin id="2110" dir="1" index="1" bw="12" slack="1"/>
</pin_list>
<bind>
<opset="p_ZZN4nnet24compute_output_buffer_2dINS_5arrayI8ap_fixedILi12ELi6EL9ap_q_mode5EL9_480 "/>
</bind>
</comp>

<comp id="2113" class="1005" name="p_ZZN4nnet24compute_output_buffer_2dINS_5arrayI8ap_fixedILi12ELi6EL9ap_q_mode5EL9_481_reg_2113">
<pin_list>
<pin id="2114" dir="0" index="0" bw="12" slack="1"/>
<pin id="2115" dir="1" index="1" bw="12" slack="1"/>
</pin_list>
<bind>
<opset="p_ZZN4nnet24compute_output_buffer_2dINS_5arrayI8ap_fixedILi12ELi6EL9ap_q_mode5EL9_481 "/>
</bind>
</comp>

<comp id="2118" class="1005" name="p_ZZN4nnet24compute_output_buffer_2dINS_5arrayI8ap_fixedILi12ELi6EL9ap_q_mode5EL9_482_reg_2118">
<pin_list>
<pin id="2119" dir="0" index="0" bw="12" slack="1"/>
<pin id="2120" dir="1" index="1" bw="12" slack="1"/>
</pin_list>
<bind>
<opset="p_ZZN4nnet24compute_output_buffer_2dINS_5arrayI8ap_fixedILi12ELi6EL9ap_q_mode5EL9_482 "/>
</bind>
</comp>

<comp id="2123" class="1005" name="p_ZZN4nnet24compute_output_buffer_2dINS_5arrayI8ap_fixedILi12ELi6EL9ap_q_mode5EL9_483_reg_2123">
<pin_list>
<pin id="2124" dir="0" index="0" bw="12" slack="1"/>
<pin id="2125" dir="1" index="1" bw="12" slack="1"/>
</pin_list>
<bind>
<opset="p_ZZN4nnet24compute_output_buffer_2dINS_5arrayI8ap_fixedILi12ELi6EL9ap_q_mode5EL9_483 "/>
</bind>
</comp>

<comp id="2128" class="1005" name="p_ZZN4nnet24compute_output_buffer_2dINS_5arrayI8ap_fixedILi12ELi6EL9ap_q_mode5EL9_484_reg_2128">
<pin_list>
<pin id="2129" dir="0" index="0" bw="12" slack="1"/>
<pin id="2130" dir="1" index="1" bw="12" slack="1"/>
</pin_list>
<bind>
<opset="p_ZZN4nnet24compute_output_buffer_2dINS_5arrayI8ap_fixedILi12ELi6EL9ap_q_mode5EL9_484 "/>
</bind>
</comp>

<comp id="2133" class="1005" name="p_ZZN4nnet24compute_output_buffer_2dINS_5arrayI8ap_fixedILi12ELi6EL9ap_q_mode5EL9_485_reg_2133">
<pin_list>
<pin id="2134" dir="0" index="0" bw="12" slack="1"/>
<pin id="2135" dir="1" index="1" bw="12" slack="1"/>
</pin_list>
<bind>
<opset="p_ZZN4nnet24compute_output_buffer_2dINS_5arrayI8ap_fixedILi12ELi6EL9ap_q_mode5EL9_485 "/>
</bind>
</comp>

<comp id="2138" class="1005" name="p_ZZN4nnet24compute_output_buffer_2dINS_5arrayI8ap_fixedILi12ELi6EL9ap_q_mode5EL9_486_reg_2138">
<pin_list>
<pin id="2139" dir="0" index="0" bw="12" slack="1"/>
<pin id="2140" dir="1" index="1" bw="12" slack="1"/>
</pin_list>
<bind>
<opset="p_ZZN4nnet24compute_output_buffer_2dINS_5arrayI8ap_fixedILi12ELi6EL9ap_q_mode5EL9_486 "/>
</bind>
</comp>

<comp id="2143" class="1005" name="p_ZZN4nnet24compute_output_buffer_2dINS_5arrayI8ap_fixedILi12ELi6EL9ap_q_mode5EL9_487_reg_2143">
<pin_list>
<pin id="2144" dir="0" index="0" bw="12" slack="1"/>
<pin id="2145" dir="1" index="1" bw="12" slack="1"/>
</pin_list>
<bind>
<opset="p_ZZN4nnet24compute_output_buffer_2dINS_5arrayI8ap_fixedILi12ELi6EL9ap_q_mode5EL9_487 "/>
</bind>
</comp>

<comp id="2148" class="1005" name="p_ZZN4nnet24compute_output_buffer_2dINS_5arrayI8ap_fixedILi12ELi6EL9ap_q_mode5EL9_488_reg_2148">
<pin_list>
<pin id="2149" dir="0" index="0" bw="12" slack="1"/>
<pin id="2150" dir="1" index="1" bw="12" slack="1"/>
</pin_list>
<bind>
<opset="p_ZZN4nnet24compute_output_buffer_2dINS_5arrayI8ap_fixedILi12ELi6EL9ap_q_mode5EL9_488 "/>
</bind>
</comp>

<comp id="2153" class="1005" name="p_ZZN4nnet24compute_output_buffer_2dINS_5arrayI8ap_fixedILi12ELi6EL9ap_q_mode5EL9_489_reg_2153">
<pin_list>
<pin id="2154" dir="0" index="0" bw="12" slack="1"/>
<pin id="2155" dir="1" index="1" bw="12" slack="1"/>
</pin_list>
<bind>
<opset="p_ZZN4nnet24compute_output_buffer_2dINS_5arrayI8ap_fixedILi12ELi6EL9ap_q_mode5EL9_489 "/>
</bind>
</comp>

<comp id="2158" class="1005" name="p_ZZN4nnet24compute_output_buffer_2dINS_5arrayI8ap_fixedILi12ELi6EL9ap_q_mode5EL9_490_reg_2158">
<pin_list>
<pin id="2159" dir="0" index="0" bw="12" slack="1"/>
<pin id="2160" dir="1" index="1" bw="12" slack="1"/>
</pin_list>
<bind>
<opset="p_ZZN4nnet24compute_output_buffer_2dINS_5arrayI8ap_fixedILi12ELi6EL9ap_q_mode5EL9_490 "/>
</bind>
</comp>

<comp id="2163" class="1005" name="p_ZZN4nnet24compute_output_buffer_2dINS_5arrayI8ap_fixedILi12ELi6EL9ap_q_mode5EL9_491_reg_2163">
<pin_list>
<pin id="2164" dir="0" index="0" bw="12" slack="1"/>
<pin id="2165" dir="1" index="1" bw="12" slack="1"/>
</pin_list>
<bind>
<opset="p_ZZN4nnet24compute_output_buffer_2dINS_5arrayI8ap_fixedILi12ELi6EL9ap_q_mode5EL9_491 "/>
</bind>
</comp>

<comp id="2168" class="1005" name="p_ZZN4nnet24compute_output_buffer_2dINS_5arrayI8ap_fixedILi12ELi6EL9ap_q_mode5EL9_492_reg_2168">
<pin_list>
<pin id="2169" dir="0" index="0" bw="12" slack="1"/>
<pin id="2170" dir="1" index="1" bw="12" slack="1"/>
</pin_list>
<bind>
<opset="p_ZZN4nnet24compute_output_buffer_2dINS_5arrayI8ap_fixedILi12ELi6EL9ap_q_mode5EL9_492 "/>
</bind>
</comp>

<comp id="2173" class="1005" name="p_ZZN4nnet24compute_output_buffer_2dINS_5arrayI8ap_fixedILi12ELi6EL9ap_q_mode5EL9_493_reg_2173">
<pin_list>
<pin id="2174" dir="0" index="0" bw="12" slack="1"/>
<pin id="2175" dir="1" index="1" bw="12" slack="1"/>
</pin_list>
<bind>
<opset="p_ZZN4nnet24compute_output_buffer_2dINS_5arrayI8ap_fixedILi12ELi6EL9ap_q_mode5EL9_493 "/>
</bind>
</comp>

<comp id="2178" class="1005" name="p_ZZN4nnet24compute_output_buffer_2dINS_5arrayI8ap_fixedILi12ELi6EL9ap_q_mode5EL9_494_reg_2178">
<pin_list>
<pin id="2179" dir="0" index="0" bw="12" slack="1"/>
<pin id="2180" dir="1" index="1" bw="12" slack="1"/>
</pin_list>
<bind>
<opset="p_ZZN4nnet24compute_output_buffer_2dINS_5arrayI8ap_fixedILi12ELi6EL9ap_q_mode5EL9_494 "/>
</bind>
</comp>

<comp id="2183" class="1005" name="p_ZZN4nnet24compute_output_buffer_2dINS_5arrayI8ap_fixedILi12ELi6EL9ap_q_mode5EL9_495_reg_2183">
<pin_list>
<pin id="2184" dir="0" index="0" bw="12" slack="1"/>
<pin id="2185" dir="1" index="1" bw="12" slack="1"/>
</pin_list>
<bind>
<opset="p_ZZN4nnet24compute_output_buffer_2dINS_5arrayI8ap_fixedILi12ELi6EL9ap_q_mode5EL9_495 "/>
</bind>
</comp>

<comp id="2188" class="1005" name="p_ZZN4nnet24compute_output_buffer_2dINS_5arrayI8ap_fixedILi12ELi6EL9ap_q_mode5EL9_496_reg_2188">
<pin_list>
<pin id="2189" dir="0" index="0" bw="12" slack="1"/>
<pin id="2190" dir="1" index="1" bw="12" slack="1"/>
</pin_list>
<bind>
<opset="p_ZZN4nnet24compute_output_buffer_2dINS_5arrayI8ap_fixedILi12ELi6EL9ap_q_mode5EL9_496 "/>
</bind>
</comp>

<comp id="2193" class="1005" name="p_ZZN4nnet24compute_output_buffer_2dINS_5arrayI8ap_fixedILi12ELi6EL9ap_q_mode5EL9_497_reg_2193">
<pin_list>
<pin id="2194" dir="0" index="0" bw="12" slack="1"/>
<pin id="2195" dir="1" index="1" bw="12" slack="1"/>
</pin_list>
<bind>
<opset="p_ZZN4nnet24compute_output_buffer_2dINS_5arrayI8ap_fixedILi12ELi6EL9ap_q_mode5EL9_497 "/>
</bind>
</comp>

<comp id="2198" class="1005" name="p_ZZN4nnet24compute_output_buffer_2dINS_5arrayI8ap_fixedILi12ELi6EL9ap_q_mode5EL9_498_reg_2198">
<pin_list>
<pin id="2199" dir="0" index="0" bw="12" slack="1"/>
<pin id="2200" dir="1" index="1" bw="12" slack="1"/>
</pin_list>
<bind>
<opset="p_ZZN4nnet24compute_output_buffer_2dINS_5arrayI8ap_fixedILi12ELi6EL9ap_q_mode5EL9_498 "/>
</bind>
</comp>

<comp id="2203" class="1005" name="p_ZZN4nnet24compute_output_buffer_2dINS_5arrayI8ap_fixedILi12ELi6EL9ap_q_mode5EL9_499_reg_2203">
<pin_list>
<pin id="2204" dir="0" index="0" bw="12" slack="1"/>
<pin id="2205" dir="1" index="1" bw="12" slack="1"/>
</pin_list>
<bind>
<opset="p_ZZN4nnet24compute_output_buffer_2dINS_5arrayI8ap_fixedILi12ELi6EL9ap_q_mode5EL9_499 "/>
</bind>
</comp>

<comp id="2208" class="1005" name="p_ZZN4nnet24compute_output_buffer_2dINS_5arrayI8ap_fixedILi12ELi6EL9ap_q_mode5EL9_500_reg_2208">
<pin_list>
<pin id="2209" dir="0" index="0" bw="12" slack="1"/>
<pin id="2210" dir="1" index="1" bw="12" slack="1"/>
</pin_list>
<bind>
<opset="p_ZZN4nnet24compute_output_buffer_2dINS_5arrayI8ap_fixedILi12ELi6EL9ap_q_mode5EL9_500 "/>
</bind>
</comp>

<comp id="2213" class="1005" name="w9_addr_reg_2213">
<pin_list>
<pin id="2214" dir="0" index="0" bw="5" slack="1"/>
<pin id="2215" dir="1" index="1" bw="5" slack="1"/>
</pin_list>
<bind>
<opset="w9_addr "/>
</bind>
</comp>

<comp id="2218" class="1005" name="w_index_reg_2218">
<pin_list>
<pin id="2219" dir="0" index="0" bw="5" slack="0"/>
<pin id="2220" dir="1" index="1" bw="5" slack="0"/>
</pin_list>
<bind>
<opset="w_index "/>
</bind>
</comp>

<comp id="2223" class="1005" name="icmp_ln46_reg_2223">
<pin_list>
<pin id="2224" dir="0" index="0" bw="1" slack="1"/>
<pin id="2225" dir="1" index="1" bw="1" slack="2147483647"/>
</pin_list>
<bind>
<opset="icmp_ln46 "/>
</bind>
</comp>

<comp id="2227" class="1005" name="a_reg_2227">
<pin_list>
<pin id="2228" dir="0" index="0" bw="12" slack="1"/>
<pin id="2229" dir="1" index="1" bw="12" slack="1"/>
</pin_list>
<bind>
<opset="a "/>
</bind>
</comp>

<comp id="2232" class="1005" name="w_reg_2232">
<pin_list>
<pin id="2233" dir="0" index="0" bw="12" slack="1"/>
<pin id="2234" dir="1" index="1" bw="12" slack="1"/>
</pin_list>
<bind>
<opset="w "/>
</bind>
</comp>

<comp id="2237" class="1005" name="a_12_reg_2237">
<pin_list>
<pin id="2238" dir="0" index="0" bw="12" slack="1"/>
<pin id="2239" dir="1" index="1" bw="12" slack="1"/>
</pin_list>
<bind>
<opset="a_12 "/>
</bind>
</comp>

<comp id="2242" class="1005" name="w_1_reg_2242">
<pin_list>
<pin id="2243" dir="0" index="0" bw="12" slack="1"/>
<pin id="2244" dir="1" index="1" bw="12" slack="1"/>
</pin_list>
<bind>
<opset="w_1 "/>
</bind>
</comp>

<comp id="2247" class="1005" name="w_2_reg_2247">
<pin_list>
<pin id="2248" dir="0" index="0" bw="12" slack="1"/>
<pin id="2249" dir="1" index="1" bw="12" slack="1"/>
</pin_list>
<bind>
<opset="w_2 "/>
</bind>
</comp>

<comp id="2252" class="1005" name="w_3_reg_2252">
<pin_list>
<pin id="2253" dir="0" index="0" bw="12" slack="1"/>
<pin id="2254" dir="1" index="1" bw="12" slack="1"/>
</pin_list>
<bind>
<opset="w_3 "/>
</bind>
</comp>

<comp id="2257" class="1005" name="w_4_reg_2257">
<pin_list>
<pin id="2258" dir="0" index="0" bw="12" slack="1"/>
<pin id="2259" dir="1" index="1" bw="12" slack="1"/>
</pin_list>
<bind>
<opset="w_4 "/>
</bind>
</comp>

<comp id="2262" class="1005" name="w_5_reg_2262">
<pin_list>
<pin id="2263" dir="0" index="0" bw="12" slack="1"/>
<pin id="2264" dir="1" index="1" bw="12" slack="1"/>
</pin_list>
<bind>
<opset="w_5 "/>
</bind>
</comp>

<comp id="2267" class="1005" name="w_6_reg_2267">
<pin_list>
<pin id="2268" dir="0" index="0" bw="12" slack="1"/>
<pin id="2269" dir="1" index="1" bw="12" slack="1"/>
</pin_list>
<bind>
<opset="w_6 "/>
</bind>
</comp>

<comp id="2272" class="1005" name="w_7_reg_2272">
<pin_list>
<pin id="2273" dir="0" index="0" bw="12" slack="1"/>
<pin id="2274" dir="1" index="1" bw="12" slack="1"/>
</pin_list>
<bind>
<opset="w_7 "/>
</bind>
</comp>

<comp id="2277" class="1005" name="w_8_reg_2277">
<pin_list>
<pin id="2278" dir="0" index="0" bw="12" slack="1"/>
<pin id="2279" dir="1" index="1" bw="12" slack="1"/>
</pin_list>
<bind>
<opset="w_8 "/>
</bind>
</comp>

<comp id="2282" class="1005" name="w_9_reg_2282">
<pin_list>
<pin id="2283" dir="0" index="0" bw="12" slack="1"/>
<pin id="2284" dir="1" index="1" bw="12" slack="1"/>
</pin_list>
<bind>
<opset="w_9 "/>
</bind>
</comp>

<comp id="2287" class="1005" name="w_10_reg_2287">
<pin_list>
<pin id="2288" dir="0" index="0" bw="12" slack="1"/>
<pin id="2289" dir="1" index="1" bw="12" slack="1"/>
</pin_list>
<bind>
<opset="w_10 "/>
</bind>
</comp>

<comp id="2292" class="1005" name="tmp_reg_2292">
<pin_list>
<pin id="2293" dir="0" index="0" bw="6" slack="1"/>
<pin id="2294" dir="1" index="1" bw="6" slack="1"/>
</pin_list>
<bind>
<opset="tmp "/>
</bind>
</comp>

<comp id="2297" class="1005" name="trunc_ln_reg_2297">
<pin_list>
<pin id="2298" dir="0" index="0" bw="12" slack="1"/>
<pin id="2299" dir="1" index="1" bw="12" slack="1"/>
</pin_list>
<bind>
<opset="trunc_ln "/>
</bind>
</comp>

<comp id="2302" class="1005" name="trunc_ln58_1_reg_2302">
<pin_list>
<pin id="2303" dir="0" index="0" bw="12" slack="1"/>
<pin id="2304" dir="1" index="1" bw="12" slack="1"/>
</pin_list>
<bind>
<opset="trunc_ln58_1 "/>
</bind>
</comp>

<comp id="2307" class="1005" name="trunc_ln58_2_reg_2307">
<pin_list>
<pin id="2308" dir="0" index="0" bw="12" slack="1"/>
<pin id="2309" dir="1" index="1" bw="12" slack="1"/>
</pin_list>
<bind>
<opset="trunc_ln58_2 "/>
</bind>
</comp>

<comp id="2312" class="1005" name="trunc_ln58_3_reg_2312">
<pin_list>
<pin id="2313" dir="0" index="0" bw="12" slack="1"/>
<pin id="2314" dir="1" index="1" bw="12" slack="1"/>
</pin_list>
<bind>
<opset="trunc_ln58_3 "/>
</bind>
</comp>

<comp id="2317" class="1005" name="trunc_ln58_4_reg_2317">
<pin_list>
<pin id="2318" dir="0" index="0" bw="12" slack="1"/>
<pin id="2319" dir="1" index="1" bw="12" slack="1"/>
</pin_list>
<bind>
<opset="trunc_ln58_4 "/>
</bind>
</comp>

<comp id="2322" class="1005" name="trunc_ln58_5_reg_2322">
<pin_list>
<pin id="2323" dir="0" index="0" bw="12" slack="1"/>
<pin id="2324" dir="1" index="1" bw="12" slack="1"/>
</pin_list>
<bind>
<opset="trunc_ln58_5 "/>
</bind>
</comp>

<comp id="2327" class="1005" name="trunc_ln58_6_reg_2327">
<pin_list>
<pin id="2328" dir="0" index="0" bw="12" slack="1"/>
<pin id="2329" dir="1" index="1" bw="12" slack="1"/>
</pin_list>
<bind>
<opset="trunc_ln58_6 "/>
</bind>
</comp>

<comp id="2332" class="1005" name="trunc_ln58_7_reg_2332">
<pin_list>
<pin id="2333" dir="0" index="0" bw="12" slack="1"/>
<pin id="2334" dir="1" index="1" bw="12" slack="1"/>
</pin_list>
<bind>
<opset="trunc_ln58_7 "/>
</bind>
</comp>

<comp id="2337" class="1005" name="trunc_ln58_8_reg_2337">
<pin_list>
<pin id="2338" dir="0" index="0" bw="12" slack="1"/>
<pin id="2339" dir="1" index="1" bw="12" slack="1"/>
</pin_list>
<bind>
<opset="trunc_ln58_8 "/>
</bind>
</comp>

<comp id="2342" class="1005" name="trunc_ln58_9_reg_2342">
<pin_list>
<pin id="2343" dir="0" index="0" bw="12" slack="1"/>
<pin id="2344" dir="1" index="1" bw="12" slack="1"/>
</pin_list>
<bind>
<opset="trunc_ln58_9 "/>
</bind>
</comp>

<comp id="2347" class="1005" name="trunc_ln58_s_reg_2347">
<pin_list>
<pin id="2348" dir="0" index="0" bw="12" slack="1"/>
<pin id="2349" dir="1" index="1" bw="12" slack="1"/>
</pin_list>
<bind>
<opset="trunc_ln58_s "/>
</bind>
</comp>

<comp id="2352" class="1005" name="trunc_ln58_10_reg_2352">
<pin_list>
<pin id="2353" dir="0" index="0" bw="12" slack="1"/>
<pin id="2354" dir="1" index="1" bw="12" slack="1"/>
</pin_list>
<bind>
<opset="trunc_ln58_10 "/>
</bind>
</comp>

<comp id="2357" class="1005" name="add_ln58_1_reg_2357">
<pin_list>
<pin id="2358" dir="0" index="0" bw="12" slack="0"/>
<pin id="2359" dir="1" index="1" bw="12" slack="0"/>
</pin_list>
<bind>
<opset="add_ln58_1 "/>
</bind>
</comp>

<comp id="2362" class="1005" name="add_ln58_3_reg_2362">
<pin_list>
<pin id="2363" dir="0" index="0" bw="12" slack="0"/>
<pin id="2364" dir="1" index="1" bw="12" slack="0"/>
</pin_list>
<bind>
<opset="add_ln58_3 "/>
</bind>
</comp>

<comp id="2367" class="1005" name="add_ln58_5_reg_2367">
<pin_list>
<pin id="2368" dir="0" index="0" bw="12" slack="0"/>
<pin id="2369" dir="1" index="1" bw="12" slack="0"/>
</pin_list>
<bind>
<opset="add_ln58_5 "/>
</bind>
</comp>

<comp id="2372" class="1005" name="add_ln58_7_reg_2372">
<pin_list>
<pin id="2373" dir="0" index="0" bw="12" slack="0"/>
<pin id="2374" dir="1" index="1" bw="12" slack="0"/>
</pin_list>
<bind>
<opset="add_ln58_7 "/>
</bind>
</comp>

<comp id="2377" class="1005" name="add_ln58_9_reg_2377">
<pin_list>
<pin id="2378" dir="0" index="0" bw="12" slack="0"/>
<pin id="2379" dir="1" index="1" bw="12" slack="0"/>
</pin_list>
<bind>
<opset="add_ln58_9 "/>
</bind>
</comp>

<comp id="2382" class="1005" name="add_ln58_11_reg_2382">
<pin_list>
<pin id="2383" dir="0" index="0" bw="12" slack="0"/>
<pin id="2384" dir="1" index="1" bw="12" slack="0"/>
</pin_list>
<bind>
<opset="add_ln58_11 "/>
</bind>
</comp>

</comp_list>

<net_list>
<net id="207"><net_src comp="0" pin="0"/><net_sink comp="202" pin=0"/></net>

<net id="208"><net_src comp="88" pin="0"/><net_sink comp="202" pin=1"/></net>

<net id="214"><net_src comp="202" pin="3"/><net_sink comp="209" pin=0"/></net>

<net id="226"><net_src comp="74" pin="0"/><net_sink comp="218" pin=0"/></net>

<net id="227"><net_src comp="76" pin="0"/><net_sink comp="218" pin=2"/></net>

<net id="228"><net_src comp="74" pin="0"/><net_sink comp="218" pin=4"/></net>

<net id="229"><net_src comp="218" pin="6"/><net_sink comp="215" pin=0"/></net>

<net id="241"><net_src comp="78" pin="0"/><net_sink comp="233" pin=0"/></net>

<net id="242"><net_src comp="78" pin="0"/><net_sink comp="233" pin=4"/></net>

<net id="243"><net_src comp="233" pin="6"/><net_sink comp="230" pin=0"/></net>

<net id="247"><net_src comp="94" pin="0"/><net_sink comp="244" pin=0"/></net>

<net id="256"><net_src comp="244" pin="1"/><net_sink comp="248" pin=0"/></net>

<net id="257"><net_src comp="244" pin="1"/><net_sink comp="248" pin=4"/></net>

<net id="261"><net_src comp="94" pin="0"/><net_sink comp="258" pin=0"/></net>

<net id="270"><net_src comp="258" pin="1"/><net_sink comp="262" pin=0"/></net>

<net id="271"><net_src comp="258" pin="1"/><net_sink comp="262" pin=4"/></net>

<net id="275"><net_src comp="94" pin="0"/><net_sink comp="272" pin=0"/></net>

<net id="284"><net_src comp="272" pin="1"/><net_sink comp="276" pin=0"/></net>

<net id="285"><net_src comp="272" pin="1"/><net_sink comp="276" pin=4"/></net>

<net id="289"><net_src comp="94" pin="0"/><net_sink comp="286" pin=0"/></net>

<net id="298"><net_src comp="286" pin="1"/><net_sink comp="290" pin=0"/></net>

<net id="299"><net_src comp="286" pin="1"/><net_sink comp="290" pin=4"/></net>

<net id="303"><net_src comp="94" pin="0"/><net_sink comp="300" pin=0"/></net>

<net id="312"><net_src comp="300" pin="1"/><net_sink comp="304" pin=0"/></net>

<net id="313"><net_src comp="300" pin="1"/><net_sink comp="304" pin=4"/></net>

<net id="317"><net_src comp="94" pin="0"/><net_sink comp="314" pin=0"/></net>

<net id="326"><net_src comp="314" pin="1"/><net_sink comp="318" pin=0"/></net>

<net id="327"><net_src comp="314" pin="1"/><net_sink comp="318" pin=4"/></net>

<net id="331"><net_src comp="94" pin="0"/><net_sink comp="328" pin=0"/></net>

<net id="340"><net_src comp="328" pin="1"/><net_sink comp="332" pin=0"/></net>

<net id="341"><net_src comp="328" pin="1"/><net_sink comp="332" pin=4"/></net>

<net id="345"><net_src comp="94" pin="0"/><net_sink comp="342" pin=0"/></net>

<net id="354"><net_src comp="342" pin="1"/><net_sink comp="346" pin=0"/></net>

<net id="355"><net_src comp="342" pin="1"/><net_sink comp="346" pin=4"/></net>

<net id="359"><net_src comp="94" pin="0"/><net_sink comp="356" pin=0"/></net>

<net id="368"><net_src comp="356" pin="1"/><net_sink comp="360" pin=0"/></net>

<net id="369"><net_src comp="356" pin="1"/><net_sink comp="360" pin=4"/></net>

<net id="373"><net_src comp="94" pin="0"/><net_sink comp="370" pin=0"/></net>

<net id="382"><net_src comp="370" pin="1"/><net_sink comp="374" pin=0"/></net>

<net id="383"><net_src comp="370" pin="1"/><net_sink comp="374" pin=4"/></net>

<net id="387"><net_src comp="94" pin="0"/><net_sink comp="384" pin=0"/></net>

<net id="396"><net_src comp="384" pin="1"/><net_sink comp="388" pin=0"/></net>

<net id="397"><net_src comp="384" pin="1"/><net_sink comp="388" pin=4"/></net>

<net id="401"><net_src comp="94" pin="0"/><net_sink comp="398" pin=0"/></net>

<net id="410"><net_src comp="398" pin="1"/><net_sink comp="402" pin=0"/></net>

<net id="411"><net_src comp="398" pin="1"/><net_sink comp="402" pin=4"/></net>

<net id="415"><net_src comp="94" pin="0"/><net_sink comp="412" pin=0"/></net>

<net id="424"><net_src comp="412" pin="1"/><net_sink comp="416" pin=0"/></net>

<net id="425"><net_src comp="412" pin="1"/><net_sink comp="416" pin=4"/></net>

<net id="429"><net_src comp="94" pin="0"/><net_sink comp="426" pin=0"/></net>

<net id="438"><net_src comp="426" pin="1"/><net_sink comp="430" pin=0"/></net>

<net id="439"><net_src comp="426" pin="1"/><net_sink comp="430" pin=4"/></net>

<net id="443"><net_src comp="94" pin="0"/><net_sink comp="440" pin=0"/></net>

<net id="452"><net_src comp="440" pin="1"/><net_sink comp="444" pin=0"/></net>

<net id="453"><net_src comp="440" pin="1"/><net_sink comp="444" pin=4"/></net>

<net id="457"><net_src comp="94" pin="0"/><net_sink comp="454" pin=0"/></net>

<net id="466"><net_src comp="454" pin="1"/><net_sink comp="458" pin=0"/></net>

<net id="467"><net_src comp="454" pin="1"/><net_sink comp="458" pin=4"/></net>

<net id="471"><net_src comp="94" pin="0"/><net_sink comp="468" pin=0"/></net>

<net id="480"><net_src comp="468" pin="1"/><net_sink comp="472" pin=0"/></net>

<net id="481"><net_src comp="468" pin="1"/><net_sink comp="472" pin=4"/></net>

<net id="485"><net_src comp="94" pin="0"/><net_sink comp="482" pin=0"/></net>

<net id="494"><net_src comp="482" pin="1"/><net_sink comp="486" pin=0"/></net>

<net id="495"><net_src comp="482" pin="1"/><net_sink comp="486" pin=4"/></net>

<net id="499"><net_src comp="94" pin="0"/><net_sink comp="496" pin=0"/></net>

<net id="508"><net_src comp="496" pin="1"/><net_sink comp="500" pin=0"/></net>

<net id="509"><net_src comp="496" pin="1"/><net_sink comp="500" pin=4"/></net>

<net id="513"><net_src comp="94" pin="0"/><net_sink comp="510" pin=0"/></net>

<net id="522"><net_src comp="510" pin="1"/><net_sink comp="514" pin=0"/></net>

<net id="523"><net_src comp="510" pin="1"/><net_sink comp="514" pin=4"/></net>

<net id="527"><net_src comp="94" pin="0"/><net_sink comp="524" pin=0"/></net>

<net id="536"><net_src comp="524" pin="1"/><net_sink comp="528" pin=0"/></net>

<net id="537"><net_src comp="524" pin="1"/><net_sink comp="528" pin=4"/></net>

<net id="541"><net_src comp="94" pin="0"/><net_sink comp="538" pin=0"/></net>

<net id="550"><net_src comp="538" pin="1"/><net_sink comp="542" pin=0"/></net>

<net id="551"><net_src comp="538" pin="1"/><net_sink comp="542" pin=4"/></net>

<net id="555"><net_src comp="94" pin="0"/><net_sink comp="552" pin=0"/></net>

<net id="564"><net_src comp="552" pin="1"/><net_sink comp="556" pin=0"/></net>

<net id="565"><net_src comp="552" pin="1"/><net_sink comp="556" pin=4"/></net>

<net id="569"><net_src comp="94" pin="0"/><net_sink comp="566" pin=0"/></net>

<net id="578"><net_src comp="566" pin="1"/><net_sink comp="570" pin=0"/></net>

<net id="579"><net_src comp="566" pin="1"/><net_sink comp="570" pin=4"/></net>

<net id="583"><net_src comp="94" pin="0"/><net_sink comp="580" pin=0"/></net>

<net id="592"><net_src comp="580" pin="1"/><net_sink comp="584" pin=0"/></net>

<net id="593"><net_src comp="580" pin="1"/><net_sink comp="584" pin=4"/></net>

<net id="597"><net_src comp="94" pin="0"/><net_sink comp="594" pin=0"/></net>

<net id="606"><net_src comp="594" pin="1"/><net_sink comp="598" pin=0"/></net>

<net id="607"><net_src comp="594" pin="1"/><net_sink comp="598" pin=4"/></net>

<net id="611"><net_src comp="94" pin="0"/><net_sink comp="608" pin=0"/></net>

<net id="620"><net_src comp="608" pin="1"/><net_sink comp="612" pin=0"/></net>

<net id="621"><net_src comp="608" pin="1"/><net_sink comp="612" pin=4"/></net>

<net id="625"><net_src comp="94" pin="0"/><net_sink comp="622" pin=0"/></net>

<net id="634"><net_src comp="622" pin="1"/><net_sink comp="626" pin=0"/></net>

<net id="635"><net_src comp="622" pin="1"/><net_sink comp="626" pin=4"/></net>

<net id="639"><net_src comp="94" pin="0"/><net_sink comp="636" pin=0"/></net>

<net id="648"><net_src comp="636" pin="1"/><net_sink comp="640" pin=0"/></net>

<net id="649"><net_src comp="636" pin="1"/><net_sink comp="640" pin=4"/></net>

<net id="653"><net_src comp="94" pin="0"/><net_sink comp="650" pin=0"/></net>

<net id="662"><net_src comp="650" pin="1"/><net_sink comp="654" pin=0"/></net>

<net id="663"><net_src comp="650" pin="1"/><net_sink comp="654" pin=4"/></net>

<net id="667"><net_src comp="94" pin="0"/><net_sink comp="664" pin=0"/></net>

<net id="676"><net_src comp="664" pin="1"/><net_sink comp="668" pin=0"/></net>

<net id="677"><net_src comp="664" pin="1"/><net_sink comp="668" pin=4"/></net>

<net id="681"><net_src comp="94" pin="0"/><net_sink comp="678" pin=0"/></net>

<net id="690"><net_src comp="678" pin="1"/><net_sink comp="682" pin=0"/></net>

<net id="691"><net_src comp="678" pin="1"/><net_sink comp="682" pin=4"/></net>

<net id="695"><net_src comp="94" pin="0"/><net_sink comp="692" pin=0"/></net>

<net id="704"><net_src comp="692" pin="1"/><net_sink comp="696" pin=0"/></net>

<net id="705"><net_src comp="692" pin="1"/><net_sink comp="696" pin=4"/></net>

<net id="709"><net_src comp="94" pin="0"/><net_sink comp="706" pin=0"/></net>

<net id="718"><net_src comp="706" pin="1"/><net_sink comp="710" pin=0"/></net>

<net id="719"><net_src comp="706" pin="1"/><net_sink comp="710" pin=4"/></net>

<net id="723"><net_src comp="94" pin="0"/><net_sink comp="720" pin=0"/></net>

<net id="732"><net_src comp="720" pin="1"/><net_sink comp="724" pin=0"/></net>

<net id="733"><net_src comp="720" pin="1"/><net_sink comp="724" pin=4"/></net>

<net id="737"><net_src comp="94" pin="0"/><net_sink comp="734" pin=0"/></net>

<net id="746"><net_src comp="734" pin="1"/><net_sink comp="738" pin=0"/></net>

<net id="747"><net_src comp="734" pin="1"/><net_sink comp="738" pin=4"/></net>

<net id="751"><net_src comp="748" pin="1"/><net_sink comp="248" pin=2"/></net>

<net id="758"><net_src comp="248" pin="6"/><net_sink comp="752" pin=2"/></net>

<net id="759"><net_src comp="752" pin="4"/><net_sink comp="748" pin=0"/></net>

<net id="763"><net_src comp="760" pin="1"/><net_sink comp="262" pin=2"/></net>

<net id="770"><net_src comp="262" pin="6"/><net_sink comp="764" pin=2"/></net>

<net id="771"><net_src comp="764" pin="4"/><net_sink comp="760" pin=0"/></net>

<net id="775"><net_src comp="772" pin="1"/><net_sink comp="276" pin=2"/></net>

<net id="782"><net_src comp="276" pin="6"/><net_sink comp="776" pin=2"/></net>

<net id="783"><net_src comp="776" pin="4"/><net_sink comp="772" pin=0"/></net>

<net id="787"><net_src comp="784" pin="1"/><net_sink comp="290" pin=2"/></net>

<net id="794"><net_src comp="290" pin="6"/><net_sink comp="788" pin=2"/></net>

<net id="795"><net_src comp="788" pin="4"/><net_sink comp="784" pin=0"/></net>

<net id="799"><net_src comp="796" pin="1"/><net_sink comp="304" pin=2"/></net>

<net id="806"><net_src comp="304" pin="6"/><net_sink comp="800" pin=2"/></net>

<net id="807"><net_src comp="800" pin="4"/><net_sink comp="796" pin=0"/></net>

<net id="811"><net_src comp="808" pin="1"/><net_sink comp="318" pin=2"/></net>

<net id="818"><net_src comp="318" pin="6"/><net_sink comp="812" pin=2"/></net>

<net id="819"><net_src comp="812" pin="4"/><net_sink comp="808" pin=0"/></net>

<net id="823"><net_src comp="820" pin="1"/><net_sink comp="332" pin=2"/></net>

<net id="830"><net_src comp="332" pin="6"/><net_sink comp="824" pin=2"/></net>

<net id="831"><net_src comp="824" pin="4"/><net_sink comp="820" pin=0"/></net>

<net id="835"><net_src comp="832" pin="1"/><net_sink comp="346" pin=2"/></net>

<net id="842"><net_src comp="346" pin="6"/><net_sink comp="836" pin=2"/></net>

<net id="843"><net_src comp="836" pin="4"/><net_sink comp="832" pin=0"/></net>

<net id="847"><net_src comp="844" pin="1"/><net_sink comp="360" pin=2"/></net>

<net id="854"><net_src comp="360" pin="6"/><net_sink comp="848" pin=2"/></net>

<net id="855"><net_src comp="848" pin="4"/><net_sink comp="844" pin=0"/></net>

<net id="859"><net_src comp="856" pin="1"/><net_sink comp="374" pin=2"/></net>

<net id="866"><net_src comp="374" pin="6"/><net_sink comp="860" pin=2"/></net>

<net id="867"><net_src comp="860" pin="4"/><net_sink comp="856" pin=0"/></net>

<net id="871"><net_src comp="868" pin="1"/><net_sink comp="388" pin=2"/></net>

<net id="878"><net_src comp="388" pin="6"/><net_sink comp="872" pin=2"/></net>

<net id="879"><net_src comp="872" pin="4"/><net_sink comp="868" pin=0"/></net>

<net id="883"><net_src comp="880" pin="1"/><net_sink comp="402" pin=2"/></net>

<net id="890"><net_src comp="402" pin="6"/><net_sink comp="884" pin=2"/></net>

<net id="891"><net_src comp="884" pin="4"/><net_sink comp="880" pin=0"/></net>

<net id="895"><net_src comp="892" pin="1"/><net_sink comp="416" pin=2"/></net>

<net id="902"><net_src comp="416" pin="6"/><net_sink comp="896" pin=2"/></net>

<net id="903"><net_src comp="896" pin="4"/><net_sink comp="892" pin=0"/></net>

<net id="907"><net_src comp="904" pin="1"/><net_sink comp="430" pin=2"/></net>

<net id="914"><net_src comp="430" pin="6"/><net_sink comp="908" pin=2"/></net>

<net id="915"><net_src comp="908" pin="4"/><net_sink comp="904" pin=0"/></net>

<net id="919"><net_src comp="916" pin="1"/><net_sink comp="444" pin=2"/></net>

<net id="926"><net_src comp="444" pin="6"/><net_sink comp="920" pin=2"/></net>

<net id="927"><net_src comp="920" pin="4"/><net_sink comp="916" pin=0"/></net>

<net id="931"><net_src comp="928" pin="1"/><net_sink comp="458" pin=2"/></net>

<net id="938"><net_src comp="458" pin="6"/><net_sink comp="932" pin=2"/></net>

<net id="939"><net_src comp="932" pin="4"/><net_sink comp="928" pin=0"/></net>

<net id="943"><net_src comp="940" pin="1"/><net_sink comp="472" pin=2"/></net>

<net id="950"><net_src comp="472" pin="6"/><net_sink comp="944" pin=2"/></net>

<net id="951"><net_src comp="944" pin="4"/><net_sink comp="940" pin=0"/></net>

<net id="955"><net_src comp="952" pin="1"/><net_sink comp="486" pin=2"/></net>

<net id="962"><net_src comp="486" pin="6"/><net_sink comp="956" pin=2"/></net>

<net id="963"><net_src comp="956" pin="4"/><net_sink comp="952" pin=0"/></net>

<net id="967"><net_src comp="964" pin="1"/><net_sink comp="500" pin=2"/></net>

<net id="974"><net_src comp="500" pin="6"/><net_sink comp="968" pin=2"/></net>

<net id="975"><net_src comp="968" pin="4"/><net_sink comp="964" pin=0"/></net>

<net id="979"><net_src comp="976" pin="1"/><net_sink comp="514" pin=2"/></net>

<net id="986"><net_src comp="514" pin="6"/><net_sink comp="980" pin=2"/></net>

<net id="987"><net_src comp="980" pin="4"/><net_sink comp="976" pin=0"/></net>

<net id="991"><net_src comp="988" pin="1"/><net_sink comp="528" pin=2"/></net>

<net id="998"><net_src comp="528" pin="6"/><net_sink comp="992" pin=2"/></net>

<net id="999"><net_src comp="992" pin="4"/><net_sink comp="988" pin=0"/></net>

<net id="1003"><net_src comp="1000" pin="1"/><net_sink comp="542" pin=2"/></net>

<net id="1010"><net_src comp="542" pin="6"/><net_sink comp="1004" pin=2"/></net>

<net id="1011"><net_src comp="1004" pin="4"/><net_sink comp="1000" pin=0"/></net>

<net id="1015"><net_src comp="1012" pin="1"/><net_sink comp="556" pin=2"/></net>

<net id="1022"><net_src comp="556" pin="6"/><net_sink comp="1016" pin=2"/></net>

<net id="1023"><net_src comp="1016" pin="4"/><net_sink comp="1012" pin=0"/></net>

<net id="1027"><net_src comp="1024" pin="1"/><net_sink comp="570" pin=2"/></net>

<net id="1034"><net_src comp="570" pin="6"/><net_sink comp="1028" pin=2"/></net>

<net id="1035"><net_src comp="1028" pin="4"/><net_sink comp="1024" pin=0"/></net>

<net id="1039"><net_src comp="1036" pin="1"/><net_sink comp="584" pin=2"/></net>

<net id="1046"><net_src comp="584" pin="6"/><net_sink comp="1040" pin=2"/></net>

<net id="1047"><net_src comp="1040" pin="4"/><net_sink comp="1036" pin=0"/></net>

<net id="1051"><net_src comp="1048" pin="1"/><net_sink comp="598" pin=2"/></net>

<net id="1058"><net_src comp="598" pin="6"/><net_sink comp="1052" pin=2"/></net>

<net id="1059"><net_src comp="1052" pin="4"/><net_sink comp="1048" pin=0"/></net>

<net id="1063"><net_src comp="1060" pin="1"/><net_sink comp="612" pin=2"/></net>

<net id="1070"><net_src comp="612" pin="6"/><net_sink comp="1064" pin=2"/></net>

<net id="1071"><net_src comp="1064" pin="4"/><net_sink comp="1060" pin=0"/></net>

<net id="1075"><net_src comp="1072" pin="1"/><net_sink comp="626" pin=2"/></net>

<net id="1082"><net_src comp="626" pin="6"/><net_sink comp="1076" pin=2"/></net>

<net id="1083"><net_src comp="1076" pin="4"/><net_sink comp="1072" pin=0"/></net>

<net id="1087"><net_src comp="1084" pin="1"/><net_sink comp="640" pin=2"/></net>

<net id="1094"><net_src comp="640" pin="6"/><net_sink comp="1088" pin=2"/></net>

<net id="1095"><net_src comp="1088" pin="4"/><net_sink comp="1084" pin=0"/></net>

<net id="1099"><net_src comp="1096" pin="1"/><net_sink comp="654" pin=2"/></net>

<net id="1106"><net_src comp="654" pin="6"/><net_sink comp="1100" pin=2"/></net>

<net id="1107"><net_src comp="1100" pin="4"/><net_sink comp="1096" pin=0"/></net>

<net id="1111"><net_src comp="1108" pin="1"/><net_sink comp="668" pin=2"/></net>

<net id="1118"><net_src comp="668" pin="6"/><net_sink comp="1112" pin=2"/></net>

<net id="1119"><net_src comp="1112" pin="4"/><net_sink comp="1108" pin=0"/></net>

<net id="1123"><net_src comp="1120" pin="1"/><net_sink comp="682" pin=2"/></net>

<net id="1130"><net_src comp="682" pin="6"/><net_sink comp="1124" pin=2"/></net>

<net id="1131"><net_src comp="1124" pin="4"/><net_sink comp="1120" pin=0"/></net>

<net id="1135"><net_src comp="1132" pin="1"/><net_sink comp="696" pin=2"/></net>

<net id="1142"><net_src comp="696" pin="6"/><net_sink comp="1136" pin=2"/></net>

<net id="1143"><net_src comp="1136" pin="4"/><net_sink comp="1132" pin=0"/></net>

<net id="1147"><net_src comp="1144" pin="1"/><net_sink comp="710" pin=2"/></net>

<net id="1154"><net_src comp="710" pin="6"/><net_sink comp="1148" pin=2"/></net>

<net id="1155"><net_src comp="1148" pin="4"/><net_sink comp="1144" pin=0"/></net>

<net id="1159"><net_src comp="1156" pin="1"/><net_sink comp="724" pin=2"/></net>

<net id="1166"><net_src comp="724" pin="6"/><net_sink comp="1160" pin=2"/></net>

<net id="1167"><net_src comp="1160" pin="4"/><net_sink comp="1156" pin=0"/></net>

<net id="1171"><net_src comp="1168" pin="1"/><net_sink comp="738" pin=2"/></net>

<net id="1178"><net_src comp="738" pin="6"/><net_sink comp="1172" pin=2"/></net>

<net id="1179"><net_src comp="1172" pin="4"/><net_sink comp="1168" pin=0"/></net>

<net id="1183"><net_src comp="182" pin="0"/><net_sink comp="1180" pin=0"/></net>

<net id="1192"><net_src comp="1180" pin="1"/><net_sink comp="1184" pin=0"/></net>

<net id="1193"><net_src comp="1180" pin="1"/><net_sink comp="1184" pin=4"/></net>

<net id="1197"><net_src comp="182" pin="0"/><net_sink comp="1194" pin=0"/></net>

<net id="1206"><net_src comp="1194" pin="1"/><net_sink comp="1198" pin=0"/></net>

<net id="1207"><net_src comp="1194" pin="1"/><net_sink comp="1198" pin=4"/></net>

<net id="1211"><net_src comp="182" pin="0"/><net_sink comp="1208" pin=0"/></net>

<net id="1220"><net_src comp="1208" pin="1"/><net_sink comp="1212" pin=0"/></net>

<net id="1221"><net_src comp="1208" pin="1"/><net_sink comp="1212" pin=4"/></net>

<net id="1225"><net_src comp="182" pin="0"/><net_sink comp="1222" pin=0"/></net>

<net id="1234"><net_src comp="1222" pin="1"/><net_sink comp="1226" pin=0"/></net>

<net id="1235"><net_src comp="1222" pin="1"/><net_sink comp="1226" pin=4"/></net>

<net id="1239"><net_src comp="182" pin="0"/><net_sink comp="1236" pin=0"/></net>

<net id="1248"><net_src comp="1236" pin="1"/><net_sink comp="1240" pin=0"/></net>

<net id="1249"><net_src comp="1236" pin="1"/><net_sink comp="1240" pin=4"/></net>

<net id="1253"><net_src comp="182" pin="0"/><net_sink comp="1250" pin=0"/></net>

<net id="1262"><net_src comp="1250" pin="1"/><net_sink comp="1254" pin=0"/></net>

<net id="1263"><net_src comp="1250" pin="1"/><net_sink comp="1254" pin=4"/></net>

<net id="1267"><net_src comp="2" pin="0"/><net_sink comp="1264" pin=0"/></net>

<net id="1271"><net_src comp="4" pin="0"/><net_sink comp="1268" pin=0"/></net>

<net id="1275"><net_src comp="6" pin="0"/><net_sink comp="1272" pin=0"/></net>

<net id="1279"><net_src comp="8" pin="0"/><net_sink comp="1276" pin=0"/></net>

<net id="1283"><net_src comp="10" pin="0"/><net_sink comp="1280" pin=0"/></net>

<net id="1287"><net_src comp="12" pin="0"/><net_sink comp="1284" pin=0"/></net>

<net id="1291"><net_src comp="14" pin="0"/><net_sink comp="1288" pin=0"/></net>

<net id="1295"><net_src comp="16" pin="0"/><net_sink comp="1292" pin=0"/></net>

<net id="1299"><net_src comp="18" pin="0"/><net_sink comp="1296" pin=0"/></net>

<net id="1303"><net_src comp="20" pin="0"/><net_sink comp="1300" pin=0"/></net>

<net id="1307"><net_src comp="22" pin="0"/><net_sink comp="1304" pin=0"/></net>

<net id="1311"><net_src comp="24" pin="0"/><net_sink comp="1308" pin=0"/></net>

<net id="1315"><net_src comp="26" pin="0"/><net_sink comp="1312" pin=0"/></net>

<net id="1319"><net_src comp="28" pin="0"/><net_sink comp="1316" pin=0"/></net>

<net id="1323"><net_src comp="30" pin="0"/><net_sink comp="1320" pin=0"/></net>

<net id="1327"><net_src comp="32" pin="0"/><net_sink comp="1324" pin=0"/></net>

<net id="1331"><net_src comp="34" pin="0"/><net_sink comp="1328" pin=0"/></net>

<net id="1335"><net_src comp="36" pin="0"/><net_sink comp="1332" pin=0"/></net>

<net id="1339"><net_src comp="38" pin="0"/><net_sink comp="1336" pin=0"/></net>

<net id="1343"><net_src comp="40" pin="0"/><net_sink comp="1340" pin=0"/></net>

<net id="1347"><net_src comp="42" pin="0"/><net_sink comp="1344" pin=0"/></net>

<net id="1351"><net_src comp="44" pin="0"/><net_sink comp="1348" pin=0"/></net>

<net id="1355"><net_src comp="46" pin="0"/><net_sink comp="1352" pin=0"/></net>

<net id="1359"><net_src comp="48" pin="0"/><net_sink comp="1356" pin=0"/></net>

<net id="1363"><net_src comp="50" pin="0"/><net_sink comp="1360" pin=0"/></net>

<net id="1367"><net_src comp="52" pin="0"/><net_sink comp="1364" pin=0"/></net>

<net id="1371"><net_src comp="54" pin="0"/><net_sink comp="1368" pin=0"/></net>

<net id="1375"><net_src comp="56" pin="0"/><net_sink comp="1372" pin=0"/></net>

<net id="1379"><net_src comp="58" pin="0"/><net_sink comp="1376" pin=0"/></net>

<net id="1383"><net_src comp="60" pin="0"/><net_sink comp="1380" pin=0"/></net>

<net id="1387"><net_src comp="62" pin="0"/><net_sink comp="1384" pin=0"/></net>

<net id="1391"><net_src comp="64" pin="0"/><net_sink comp="1388" pin=0"/></net>

<net id="1395"><net_src comp="66" pin="0"/><net_sink comp="1392" pin=0"/></net>

<net id="1399"><net_src comp="68" pin="0"/><net_sink comp="1396" pin=0"/></net>

<net id="1403"><net_src comp="70" pin="0"/><net_sink comp="1400" pin=0"/></net>

<net id="1407"><net_src comp="72" pin="0"/><net_sink comp="1404" pin=0"/></net>

<net id="1411"><net_src comp="233" pin="6"/><net_sink comp="1408" pin=0"/></net>

<net id="1412"><net_src comp="1408" pin="1"/><net_sink comp="202" pin=2"/></net>

<net id="1417"><net_src comp="233" pin="6"/><net_sink comp="1413" pin=0"/></net>

<net id="1418"><net_src comp="90" pin="0"/><net_sink comp="1413" pin=1"/></net>

<net id="1423"><net_src comp="233" pin="6"/><net_sink comp="1419" pin=0"/></net>

<net id="1424"><net_src comp="92" pin="0"/><net_sink comp="1419" pin=1"/></net>

<net id="1466"><net_src comp="96" pin="0"/><net_sink comp="1425" pin=0"/></net>

<net id="1467"><net_src comp="78" pin="0"/><net_sink comp="1425" pin=1"/></net>

<net id="1468"><net_src comp="1172" pin="4"/><net_sink comp="1425" pin=2"/></net>

<net id="1469"><net_src comp="90" pin="0"/><net_sink comp="1425" pin=3"/></net>

<net id="1470"><net_src comp="1160" pin="4"/><net_sink comp="1425" pin=4"/></net>

<net id="1471"><net_src comp="98" pin="0"/><net_sink comp="1425" pin=5"/></net>

<net id="1472"><net_src comp="1148" pin="4"/><net_sink comp="1425" pin=6"/></net>

<net id="1473"><net_src comp="100" pin="0"/><net_sink comp="1425" pin=7"/></net>

<net id="1474"><net_src comp="1136" pin="4"/><net_sink comp="1425" pin=8"/></net>

<net id="1475"><net_src comp="102" pin="0"/><net_sink comp="1425" pin=9"/></net>

<net id="1476"><net_src comp="1124" pin="4"/><net_sink comp="1425" pin=10"/></net>

<net id="1477"><net_src comp="104" pin="0"/><net_sink comp="1425" pin=11"/></net>

<net id="1478"><net_src comp="1112" pin="4"/><net_sink comp="1425" pin=12"/></net>

<net id="1479"><net_src comp="106" pin="0"/><net_sink comp="1425" pin=13"/></net>

<net id="1480"><net_src comp="1100" pin="4"/><net_sink comp="1425" pin=14"/></net>

<net id="1481"><net_src comp="108" pin="0"/><net_sink comp="1425" pin=15"/></net>

<net id="1482"><net_src comp="1088" pin="4"/><net_sink comp="1425" pin=16"/></net>

<net id="1483"><net_src comp="110" pin="0"/><net_sink comp="1425" pin=17"/></net>

<net id="1484"><net_src comp="1076" pin="4"/><net_sink comp="1425" pin=18"/></net>

<net id="1485"><net_src comp="112" pin="0"/><net_sink comp="1425" pin=19"/></net>

<net id="1486"><net_src comp="1064" pin="4"/><net_sink comp="1425" pin=20"/></net>

<net id="1487"><net_src comp="114" pin="0"/><net_sink comp="1425" pin=21"/></net>

<net id="1488"><net_src comp="1052" pin="4"/><net_sink comp="1425" pin=22"/></net>

<net id="1489"><net_src comp="116" pin="0"/><net_sink comp="1425" pin=23"/></net>

<net id="1490"><net_src comp="1040" pin="4"/><net_sink comp="1425" pin=24"/></net>

<net id="1491"><net_src comp="118" pin="0"/><net_sink comp="1425" pin=25"/></net>

<net id="1492"><net_src comp="1028" pin="4"/><net_sink comp="1425" pin=26"/></net>

<net id="1493"><net_src comp="120" pin="0"/><net_sink comp="1425" pin=27"/></net>

<net id="1494"><net_src comp="1016" pin="4"/><net_sink comp="1425" pin=28"/></net>

<net id="1495"><net_src comp="122" pin="0"/><net_sink comp="1425" pin=29"/></net>

<net id="1496"><net_src comp="1004" pin="4"/><net_sink comp="1425" pin=30"/></net>

<net id="1497"><net_src comp="124" pin="0"/><net_sink comp="1425" pin=31"/></net>

<net id="1498"><net_src comp="992" pin="4"/><net_sink comp="1425" pin=32"/></net>

<net id="1499"><net_src comp="126" pin="0"/><net_sink comp="1425" pin=33"/></net>

<net id="1500"><net_src comp="980" pin="4"/><net_sink comp="1425" pin=34"/></net>

<net id="1501"><net_src comp="92" pin="0"/><net_sink comp="1425" pin=35"/></net>

<net id="1502"><net_src comp="968" pin="4"/><net_sink comp="1425" pin=36"/></net>

<net id="1503"><net_src comp="94" pin="0"/><net_sink comp="1425" pin=37"/></net>

<net id="1504"><net_src comp="230" pin="1"/><net_sink comp="1425" pin=38"/></net>

<net id="1508"><net_src comp="209" pin="3"/><net_sink comp="1505" pin=0"/></net>

<net id="1550"><net_src comp="96" pin="0"/><net_sink comp="1509" pin=0"/></net>

<net id="1551"><net_src comp="78" pin="0"/><net_sink comp="1509" pin=1"/></net>

<net id="1552"><net_src comp="956" pin="4"/><net_sink comp="1509" pin=2"/></net>

<net id="1553"><net_src comp="90" pin="0"/><net_sink comp="1509" pin=3"/></net>

<net id="1554"><net_src comp="944" pin="4"/><net_sink comp="1509" pin=4"/></net>

<net id="1555"><net_src comp="98" pin="0"/><net_sink comp="1509" pin=5"/></net>

<net id="1556"><net_src comp="932" pin="4"/><net_sink comp="1509" pin=6"/></net>

<net id="1557"><net_src comp="100" pin="0"/><net_sink comp="1509" pin=7"/></net>

<net id="1558"><net_src comp="920" pin="4"/><net_sink comp="1509" pin=8"/></net>

<net id="1559"><net_src comp="102" pin="0"/><net_sink comp="1509" pin=9"/></net>

<net id="1560"><net_src comp="908" pin="4"/><net_sink comp="1509" pin=10"/></net>

<net id="1561"><net_src comp="104" pin="0"/><net_sink comp="1509" pin=11"/></net>

<net id="1562"><net_src comp="896" pin="4"/><net_sink comp="1509" pin=12"/></net>

<net id="1563"><net_src comp="106" pin="0"/><net_sink comp="1509" pin=13"/></net>

<net id="1564"><net_src comp="884" pin="4"/><net_sink comp="1509" pin=14"/></net>

<net id="1565"><net_src comp="108" pin="0"/><net_sink comp="1509" pin=15"/></net>

<net id="1566"><net_src comp="872" pin="4"/><net_sink comp="1509" pin=16"/></net>

<net id="1567"><net_src comp="110" pin="0"/><net_sink comp="1509" pin=17"/></net>

<net id="1568"><net_src comp="860" pin="4"/><net_sink comp="1509" pin=18"/></net>

<net id="1569"><net_src comp="112" pin="0"/><net_sink comp="1509" pin=19"/></net>

<net id="1570"><net_src comp="848" pin="4"/><net_sink comp="1509" pin=20"/></net>

<net id="1571"><net_src comp="114" pin="0"/><net_sink comp="1509" pin=21"/></net>

<net id="1572"><net_src comp="836" pin="4"/><net_sink comp="1509" pin=22"/></net>

<net id="1573"><net_src comp="116" pin="0"/><net_sink comp="1509" pin=23"/></net>

<net id="1574"><net_src comp="824" pin="4"/><net_sink comp="1509" pin=24"/></net>

<net id="1575"><net_src comp="118" pin="0"/><net_sink comp="1509" pin=25"/></net>

<net id="1576"><net_src comp="812" pin="4"/><net_sink comp="1509" pin=26"/></net>

<net id="1577"><net_src comp="120" pin="0"/><net_sink comp="1509" pin=27"/></net>

<net id="1578"><net_src comp="800" pin="4"/><net_sink comp="1509" pin=28"/></net>

<net id="1579"><net_src comp="122" pin="0"/><net_sink comp="1509" pin=29"/></net>

<net id="1580"><net_src comp="788" pin="4"/><net_sink comp="1509" pin=30"/></net>

<net id="1581"><net_src comp="124" pin="0"/><net_sink comp="1509" pin=31"/></net>

<net id="1582"><net_src comp="776" pin="4"/><net_sink comp="1509" pin=32"/></net>

<net id="1583"><net_src comp="126" pin="0"/><net_sink comp="1509" pin=33"/></net>

<net id="1584"><net_src comp="764" pin="4"/><net_sink comp="1509" pin=34"/></net>

<net id="1585"><net_src comp="92" pin="0"/><net_sink comp="1509" pin=35"/></net>

<net id="1586"><net_src comp="752" pin="4"/><net_sink comp="1509" pin=36"/></net>

<net id="1587"><net_src comp="94" pin="0"/><net_sink comp="1509" pin=37"/></net>

<net id="1588"><net_src comp="230" pin="1"/><net_sink comp="1509" pin=38"/></net>

<net id="1595"><net_src comp="128" pin="0"/><net_sink comp="1589" pin=0"/></net>

<net id="1596"><net_src comp="209" pin="3"/><net_sink comp="1589" pin=1"/></net>

<net id="1597"><net_src comp="130" pin="0"/><net_sink comp="1589" pin=2"/></net>

<net id="1598"><net_src comp="132" pin="0"/><net_sink comp="1589" pin=3"/></net>

<net id="1605"><net_src comp="128" pin="0"/><net_sink comp="1599" pin=0"/></net>

<net id="1606"><net_src comp="209" pin="3"/><net_sink comp="1599" pin=1"/></net>

<net id="1607"><net_src comp="134" pin="0"/><net_sink comp="1599" pin=2"/></net>

<net id="1608"><net_src comp="136" pin="0"/><net_sink comp="1599" pin=3"/></net>

<net id="1615"><net_src comp="128" pin="0"/><net_sink comp="1609" pin=0"/></net>

<net id="1616"><net_src comp="209" pin="3"/><net_sink comp="1609" pin=1"/></net>

<net id="1617"><net_src comp="138" pin="0"/><net_sink comp="1609" pin=2"/></net>

<net id="1618"><net_src comp="140" pin="0"/><net_sink comp="1609" pin=3"/></net>

<net id="1625"><net_src comp="128" pin="0"/><net_sink comp="1619" pin=0"/></net>

<net id="1626"><net_src comp="209" pin="3"/><net_sink comp="1619" pin=1"/></net>

<net id="1627"><net_src comp="142" pin="0"/><net_sink comp="1619" pin=2"/></net>

<net id="1628"><net_src comp="144" pin="0"/><net_sink comp="1619" pin=3"/></net>

<net id="1635"><net_src comp="128" pin="0"/><net_sink comp="1629" pin=0"/></net>

<net id="1636"><net_src comp="209" pin="3"/><net_sink comp="1629" pin=1"/></net>

<net id="1637"><net_src comp="146" pin="0"/><net_sink comp="1629" pin=2"/></net>

<net id="1638"><net_src comp="148" pin="0"/><net_sink comp="1629" pin=3"/></net>

<net id="1645"><net_src comp="128" pin="0"/><net_sink comp="1639" pin=0"/></net>

<net id="1646"><net_src comp="209" pin="3"/><net_sink comp="1639" pin=1"/></net>

<net id="1647"><net_src comp="150" pin="0"/><net_sink comp="1639" pin=2"/></net>

<net id="1648"><net_src comp="152" pin="0"/><net_sink comp="1639" pin=3"/></net>

<net id="1655"><net_src comp="128" pin="0"/><net_sink comp="1649" pin=0"/></net>

<net id="1656"><net_src comp="209" pin="3"/><net_sink comp="1649" pin=1"/></net>

<net id="1657"><net_src comp="154" pin="0"/><net_sink comp="1649" pin=2"/></net>

<net id="1658"><net_src comp="156" pin="0"/><net_sink comp="1649" pin=3"/></net>

<net id="1665"><net_src comp="128" pin="0"/><net_sink comp="1659" pin=0"/></net>

<net id="1666"><net_src comp="209" pin="3"/><net_sink comp="1659" pin=1"/></net>

<net id="1667"><net_src comp="158" pin="0"/><net_sink comp="1659" pin=2"/></net>

<net id="1668"><net_src comp="160" pin="0"/><net_sink comp="1659" pin=3"/></net>

<net id="1675"><net_src comp="128" pin="0"/><net_sink comp="1669" pin=0"/></net>

<net id="1676"><net_src comp="209" pin="3"/><net_sink comp="1669" pin=1"/></net>

<net id="1677"><net_src comp="162" pin="0"/><net_sink comp="1669" pin=2"/></net>

<net id="1678"><net_src comp="164" pin="0"/><net_sink comp="1669" pin=3"/></net>

<net id="1685"><net_src comp="128" pin="0"/><net_sink comp="1679" pin=0"/></net>

<net id="1686"><net_src comp="209" pin="3"/><net_sink comp="1679" pin=1"/></net>

<net id="1687"><net_src comp="166" pin="0"/><net_sink comp="1679" pin=2"/></net>

<net id="1688"><net_src comp="168" pin="0"/><net_sink comp="1679" pin=3"/></net>

<net id="1695"><net_src comp="170" pin="0"/><net_sink comp="1689" pin=0"/></net>

<net id="1696"><net_src comp="209" pin="3"/><net_sink comp="1689" pin=1"/></net>

<net id="1697"><net_src comp="172" pin="0"/><net_sink comp="1689" pin=2"/></net>

<net id="1698"><net_src comp="174" pin="0"/><net_sink comp="1689" pin=3"/></net>

<net id="1709"><net_src comp="1699" pin="1"/><net_sink comp="1705" pin=0"/></net>

<net id="1710"><net_src comp="1702" pin="1"/><net_sink comp="1705" pin=1"/></net>

<net id="1717"><net_src comp="176" pin="0"/><net_sink comp="1711" pin=0"/></net>

<net id="1718"><net_src comp="1705" pin="2"/><net_sink comp="1711" pin=1"/></net>

<net id="1719"><net_src comp="178" pin="0"/><net_sink comp="1711" pin=2"/></net>

<net id="1720"><net_src comp="180" pin="0"/><net_sink comp="1711" pin=3"/></net>

<net id="1731"><net_src comp="1721" pin="1"/><net_sink comp="1727" pin=0"/></net>

<net id="1732"><net_src comp="1724" pin="1"/><net_sink comp="1727" pin=1"/></net>

<net id="1739"><net_src comp="176" pin="0"/><net_sink comp="1733" pin=0"/></net>

<net id="1740"><net_src comp="1727" pin="2"/><net_sink comp="1733" pin=1"/></net>

<net id="1741"><net_src comp="178" pin="0"/><net_sink comp="1733" pin=2"/></net>

<net id="1742"><net_src comp="180" pin="0"/><net_sink comp="1733" pin=3"/></net>

<net id="1750"><net_src comp="1743" pin="1"/><net_sink comp="1746" pin=0"/></net>

<net id="1751"><net_src comp="1702" pin="1"/><net_sink comp="1746" pin=1"/></net>

<net id="1758"><net_src comp="176" pin="0"/><net_sink comp="1752" pin=0"/></net>

<net id="1759"><net_src comp="1746" pin="2"/><net_sink comp="1752" pin=1"/></net>

<net id="1760"><net_src comp="178" pin="0"/><net_sink comp="1752" pin=2"/></net>

<net id="1761"><net_src comp="180" pin="0"/><net_sink comp="1752" pin=3"/></net>

<net id="1769"><net_src comp="1762" pin="1"/><net_sink comp="1765" pin=0"/></net>

<net id="1770"><net_src comp="1724" pin="1"/><net_sink comp="1765" pin=1"/></net>

<net id="1777"><net_src comp="176" pin="0"/><net_sink comp="1771" pin=0"/></net>

<net id="1778"><net_src comp="1765" pin="2"/><net_sink comp="1771" pin=1"/></net>

<net id="1779"><net_src comp="178" pin="0"/><net_sink comp="1771" pin=2"/></net>

<net id="1780"><net_src comp="180" pin="0"/><net_sink comp="1771" pin=3"/></net>

<net id="1788"><net_src comp="1781" pin="1"/><net_sink comp="1784" pin=0"/></net>

<net id="1789"><net_src comp="1702" pin="1"/><net_sink comp="1784" pin=1"/></net>

<net id="1796"><net_src comp="176" pin="0"/><net_sink comp="1790" pin=0"/></net>

<net id="1797"><net_src comp="1784" pin="2"/><net_sink comp="1790" pin=1"/></net>

<net id="1798"><net_src comp="178" pin="0"/><net_sink comp="1790" pin=2"/></net>

<net id="1799"><net_src comp="180" pin="0"/><net_sink comp="1790" pin=3"/></net>

<net id="1807"><net_src comp="1800" pin="1"/><net_sink comp="1803" pin=0"/></net>

<net id="1808"><net_src comp="1724" pin="1"/><net_sink comp="1803" pin=1"/></net>

<net id="1815"><net_src comp="176" pin="0"/><net_sink comp="1809" pin=0"/></net>

<net id="1816"><net_src comp="1803" pin="2"/><net_sink comp="1809" pin=1"/></net>

<net id="1817"><net_src comp="178" pin="0"/><net_sink comp="1809" pin=2"/></net>

<net id="1818"><net_src comp="180" pin="0"/><net_sink comp="1809" pin=3"/></net>

<net id="1826"><net_src comp="1819" pin="1"/><net_sink comp="1822" pin=0"/></net>

<net id="1827"><net_src comp="1702" pin="1"/><net_sink comp="1822" pin=1"/></net>

<net id="1834"><net_src comp="176" pin="0"/><net_sink comp="1828" pin=0"/></net>

<net id="1835"><net_src comp="1822" pin="2"/><net_sink comp="1828" pin=1"/></net>

<net id="1836"><net_src comp="178" pin="0"/><net_sink comp="1828" pin=2"/></net>

<net id="1837"><net_src comp="180" pin="0"/><net_sink comp="1828" pin=3"/></net>

<net id="1845"><net_src comp="1838" pin="1"/><net_sink comp="1841" pin=0"/></net>

<net id="1846"><net_src comp="1724" pin="1"/><net_sink comp="1841" pin=1"/></net>

<net id="1853"><net_src comp="176" pin="0"/><net_sink comp="1847" pin=0"/></net>

<net id="1854"><net_src comp="1841" pin="2"/><net_sink comp="1847" pin=1"/></net>

<net id="1855"><net_src comp="178" pin="0"/><net_sink comp="1847" pin=2"/></net>

<net id="1856"><net_src comp="180" pin="0"/><net_sink comp="1847" pin=3"/></net>

<net id="1864"><net_src comp="1857" pin="1"/><net_sink comp="1860" pin=0"/></net>

<net id="1865"><net_src comp="1702" pin="1"/><net_sink comp="1860" pin=1"/></net>

<net id="1872"><net_src comp="176" pin="0"/><net_sink comp="1866" pin=0"/></net>

<net id="1873"><net_src comp="1860" pin="2"/><net_sink comp="1866" pin=1"/></net>

<net id="1874"><net_src comp="178" pin="0"/><net_sink comp="1866" pin=2"/></net>

<net id="1875"><net_src comp="180" pin="0"/><net_sink comp="1866" pin=3"/></net>

<net id="1883"><net_src comp="1876" pin="1"/><net_sink comp="1879" pin=0"/></net>

<net id="1884"><net_src comp="1724" pin="1"/><net_sink comp="1879" pin=1"/></net>

<net id="1891"><net_src comp="176" pin="0"/><net_sink comp="1885" pin=0"/></net>

<net id="1892"><net_src comp="1879" pin="2"/><net_sink comp="1885" pin=1"/></net>

<net id="1893"><net_src comp="178" pin="0"/><net_sink comp="1885" pin=2"/></net>

<net id="1894"><net_src comp="180" pin="0"/><net_sink comp="1885" pin=3"/></net>

<net id="1902"><net_src comp="1895" pin="1"/><net_sink comp="1898" pin=0"/></net>

<net id="1903"><net_src comp="1702" pin="1"/><net_sink comp="1898" pin=1"/></net>

<net id="1910"><net_src comp="176" pin="0"/><net_sink comp="1904" pin=0"/></net>

<net id="1911"><net_src comp="1898" pin="2"/><net_sink comp="1904" pin=1"/></net>

<net id="1912"><net_src comp="178" pin="0"/><net_sink comp="1904" pin=2"/></net>

<net id="1913"><net_src comp="180" pin="0"/><net_sink comp="1904" pin=3"/></net>

<net id="1921"><net_src comp="1724" pin="1"/><net_sink comp="1917" pin=0"/></net>

<net id="1922"><net_src comp="1914" pin="1"/><net_sink comp="1917" pin=1"/></net>

<net id="1929"><net_src comp="176" pin="0"/><net_sink comp="1923" pin=0"/></net>

<net id="1930"><net_src comp="1917" pin="2"/><net_sink comp="1923" pin=1"/></net>

<net id="1931"><net_src comp="178" pin="0"/><net_sink comp="1923" pin=2"/></net>

<net id="1932"><net_src comp="180" pin="0"/><net_sink comp="1923" pin=3"/></net>

<net id="1941"><net_src comp="1184" pin="6"/><net_sink comp="1937" pin=0"/></net>

<net id="1942"><net_src comp="1933" pin="2"/><net_sink comp="1937" pin=1"/></net>

<net id="1951"><net_src comp="1198" pin="6"/><net_sink comp="1947" pin=0"/></net>

<net id="1952"><net_src comp="1943" pin="2"/><net_sink comp="1947" pin=1"/></net>

<net id="1961"><net_src comp="1212" pin="6"/><net_sink comp="1957" pin=0"/></net>

<net id="1962"><net_src comp="1953" pin="2"/><net_sink comp="1957" pin=1"/></net>

<net id="1971"><net_src comp="1226" pin="6"/><net_sink comp="1967" pin=0"/></net>

<net id="1972"><net_src comp="1963" pin="2"/><net_sink comp="1967" pin=1"/></net>

<net id="1981"><net_src comp="1240" pin="6"/><net_sink comp="1977" pin=0"/></net>

<net id="1982"><net_src comp="1973" pin="2"/><net_sink comp="1977" pin=1"/></net>

<net id="1991"><net_src comp="1254" pin="6"/><net_sink comp="1987" pin=0"/></net>

<net id="1992"><net_src comp="1983" pin="2"/><net_sink comp="1987" pin=1"/></net>

<net id="1997"><net_src comp="200" pin="0"/><net_sink comp="1993" pin=0"/></net>

<net id="1998"><net_src comp="1937" pin="2"/><net_sink comp="1993" pin=1"/></net>

<net id="2003"><net_src comp="1993" pin="2"/><net_sink comp="1999" pin=0"/></net>

<net id="2004"><net_src comp="1947" pin="2"/><net_sink comp="1999" pin=1"/></net>

<net id="2009"><net_src comp="1999" pin="2"/><net_sink comp="2005" pin=0"/></net>

<net id="2010"><net_src comp="1957" pin="2"/><net_sink comp="2005" pin=1"/></net>

<net id="2015"><net_src comp="2005" pin="2"/><net_sink comp="2011" pin=0"/></net>

<net id="2016"><net_src comp="1967" pin="2"/><net_sink comp="2011" pin=1"/></net>

<net id="2021"><net_src comp="2011" pin="2"/><net_sink comp="2017" pin=0"/></net>

<net id="2022"><net_src comp="1977" pin="2"/><net_sink comp="2017" pin=1"/></net>

<net id="2027"><net_src comp="2017" pin="2"/><net_sink comp="2023" pin=0"/></net>

<net id="2028"><net_src comp="1987" pin="2"/><net_sink comp="2023" pin=1"/></net>

<net id="2032"><net_src comp="2023" pin="2"/><net_sink comp="2029" pin=0"/></net>

<net id="2036"><net_src comp="1264" pin="1"/><net_sink comp="2033" pin=0"/></net>

<net id="2037"><net_src comp="2033" pin="1"/><net_sink comp="1172" pin=0"/></net>

<net id="2041"><net_src comp="1268" pin="1"/><net_sink comp="2038" pin=0"/></net>

<net id="2042"><net_src comp="2038" pin="1"/><net_sink comp="1160" pin=0"/></net>

<net id="2046"><net_src comp="1272" pin="1"/><net_sink comp="2043" pin=0"/></net>

<net id="2047"><net_src comp="2043" pin="1"/><net_sink comp="1148" pin=0"/></net>

<net id="2051"><net_src comp="1276" pin="1"/><net_sink comp="2048" pin=0"/></net>

<net id="2052"><net_src comp="2048" pin="1"/><net_sink comp="1136" pin=0"/></net>

<net id="2056"><net_src comp="1280" pin="1"/><net_sink comp="2053" pin=0"/></net>

<net id="2057"><net_src comp="2053" pin="1"/><net_sink comp="1124" pin=0"/></net>

<net id="2061"><net_src comp="1284" pin="1"/><net_sink comp="2058" pin=0"/></net>

<net id="2062"><net_src comp="2058" pin="1"/><net_sink comp="1112" pin=0"/></net>

<net id="2066"><net_src comp="1288" pin="1"/><net_sink comp="2063" pin=0"/></net>

<net id="2067"><net_src comp="2063" pin="1"/><net_sink comp="1100" pin=0"/></net>

<net id="2071"><net_src comp="1292" pin="1"/><net_sink comp="2068" pin=0"/></net>

<net id="2072"><net_src comp="2068" pin="1"/><net_sink comp="1088" pin=0"/></net>

<net id="2076"><net_src comp="1296" pin="1"/><net_sink comp="2073" pin=0"/></net>

<net id="2077"><net_src comp="2073" pin="1"/><net_sink comp="1076" pin=0"/></net>

<net id="2081"><net_src comp="1300" pin="1"/><net_sink comp="2078" pin=0"/></net>

<net id="2082"><net_src comp="2078" pin="1"/><net_sink comp="1064" pin=0"/></net>

<net id="2086"><net_src comp="1304" pin="1"/><net_sink comp="2083" pin=0"/></net>

<net id="2087"><net_src comp="2083" pin="1"/><net_sink comp="1052" pin=0"/></net>

<net id="2091"><net_src comp="1308" pin="1"/><net_sink comp="2088" pin=0"/></net>

<net id="2092"><net_src comp="2088" pin="1"/><net_sink comp="1040" pin=0"/></net>

<net id="2096"><net_src comp="1312" pin="1"/><net_sink comp="2093" pin=0"/></net>

<net id="2097"><net_src comp="2093" pin="1"/><net_sink comp="1028" pin=0"/></net>

<net id="2101"><net_src comp="1316" pin="1"/><net_sink comp="2098" pin=0"/></net>

<net id="2102"><net_src comp="2098" pin="1"/><net_sink comp="1016" pin=0"/></net>

<net id="2106"><net_src comp="1320" pin="1"/><net_sink comp="2103" pin=0"/></net>

<net id="2107"><net_src comp="2103" pin="1"/><net_sink comp="1004" pin=0"/></net>

<net id="2111"><net_src comp="1324" pin="1"/><net_sink comp="2108" pin=0"/></net>

<net id="2112"><net_src comp="2108" pin="1"/><net_sink comp="992" pin=0"/></net>

<net id="2116"><net_src comp="1328" pin="1"/><net_sink comp="2113" pin=0"/></net>

<net id="2117"><net_src comp="2113" pin="1"/><net_sink comp="980" pin=0"/></net>

<net id="2121"><net_src comp="1332" pin="1"/><net_sink comp="2118" pin=0"/></net>

<net id="2122"><net_src comp="2118" pin="1"/><net_sink comp="968" pin=0"/></net>

<net id="2126"><net_src comp="1336" pin="1"/><net_sink comp="2123" pin=0"/></net>

<net id="2127"><net_src comp="2123" pin="1"/><net_sink comp="956" pin=0"/></net>

<net id="2131"><net_src comp="1340" pin="1"/><net_sink comp="2128" pin=0"/></net>

<net id="2132"><net_src comp="2128" pin="1"/><net_sink comp="944" pin=0"/></net>

<net id="2136"><net_src comp="1344" pin="1"/><net_sink comp="2133" pin=0"/></net>

<net id="2137"><net_src comp="2133" pin="1"/><net_sink comp="932" pin=0"/></net>

<net id="2141"><net_src comp="1348" pin="1"/><net_sink comp="2138" pin=0"/></net>

<net id="2142"><net_src comp="2138" pin="1"/><net_sink comp="920" pin=0"/></net>

<net id="2146"><net_src comp="1352" pin="1"/><net_sink comp="2143" pin=0"/></net>

<net id="2147"><net_src comp="2143" pin="1"/><net_sink comp="908" pin=0"/></net>

<net id="2151"><net_src comp="1356" pin="1"/><net_sink comp="2148" pin=0"/></net>

<net id="2152"><net_src comp="2148" pin="1"/><net_sink comp="896" pin=0"/></net>

<net id="2156"><net_src comp="1360" pin="1"/><net_sink comp="2153" pin=0"/></net>

<net id="2157"><net_src comp="2153" pin="1"/><net_sink comp="884" pin=0"/></net>

<net id="2161"><net_src comp="1364" pin="1"/><net_sink comp="2158" pin=0"/></net>

<net id="2162"><net_src comp="2158" pin="1"/><net_sink comp="872" pin=0"/></net>

<net id="2166"><net_src comp="1368" pin="1"/><net_sink comp="2163" pin=0"/></net>

<net id="2167"><net_src comp="2163" pin="1"/><net_sink comp="860" pin=0"/></net>

<net id="2171"><net_src comp="1372" pin="1"/><net_sink comp="2168" pin=0"/></net>

<net id="2172"><net_src comp="2168" pin="1"/><net_sink comp="848" pin=0"/></net>

<net id="2176"><net_src comp="1376" pin="1"/><net_sink comp="2173" pin=0"/></net>

<net id="2177"><net_src comp="2173" pin="1"/><net_sink comp="836" pin=0"/></net>

<net id="2181"><net_src comp="1380" pin="1"/><net_sink comp="2178" pin=0"/></net>

<net id="2182"><net_src comp="2178" pin="1"/><net_sink comp="824" pin=0"/></net>

<net id="2186"><net_src comp="1384" pin="1"/><net_sink comp="2183" pin=0"/></net>

<net id="2187"><net_src comp="2183" pin="1"/><net_sink comp="812" pin=0"/></net>

<net id="2191"><net_src comp="1388" pin="1"/><net_sink comp="2188" pin=0"/></net>

<net id="2192"><net_src comp="2188" pin="1"/><net_sink comp="800" pin=0"/></net>

<net id="2196"><net_src comp="1392" pin="1"/><net_sink comp="2193" pin=0"/></net>

<net id="2197"><net_src comp="2193" pin="1"/><net_sink comp="788" pin=0"/></net>

<net id="2201"><net_src comp="1396" pin="1"/><net_sink comp="2198" pin=0"/></net>

<net id="2202"><net_src comp="2198" pin="1"/><net_sink comp="776" pin=0"/></net>

<net id="2206"><net_src comp="1400" pin="1"/><net_sink comp="2203" pin=0"/></net>

<net id="2207"><net_src comp="2203" pin="1"/><net_sink comp="764" pin=0"/></net>

<net id="2211"><net_src comp="1404" pin="1"/><net_sink comp="2208" pin=0"/></net>

<net id="2212"><net_src comp="2208" pin="1"/><net_sink comp="752" pin=0"/></net>

<net id="2216"><net_src comp="202" pin="3"/><net_sink comp="2213" pin=0"/></net>

<net id="2217"><net_src comp="2213" pin="1"/><net_sink comp="209" pin=0"/></net>

<net id="2221"><net_src comp="1413" pin="2"/><net_sink comp="2218" pin=0"/></net>

<net id="2222"><net_src comp="2218" pin="1"/><net_sink comp="233" pin=2"/></net>

<net id="2226"><net_src comp="1419" pin="2"/><net_sink comp="2223" pin=0"/></net>

<net id="2230"><net_src comp="1425" pin="39"/><net_sink comp="2227" pin=0"/></net>

<net id="2231"><net_src comp="2227" pin="1"/><net_sink comp="1702" pin=0"/></net>

<net id="2235"><net_src comp="1505" pin="1"/><net_sink comp="2232" pin=0"/></net>

<net id="2236"><net_src comp="2232" pin="1"/><net_sink comp="1699" pin=0"/></net>

<net id="2240"><net_src comp="1509" pin="39"/><net_sink comp="2237" pin=0"/></net>

<net id="2241"><net_src comp="2237" pin="1"/><net_sink comp="1724" pin=0"/></net>

<net id="2245"><net_src comp="1589" pin="4"/><net_sink comp="2242" pin=0"/></net>

<net id="2246"><net_src comp="2242" pin="1"/><net_sink comp="1721" pin=0"/></net>

<net id="2250"><net_src comp="1599" pin="4"/><net_sink comp="2247" pin=0"/></net>

<net id="2251"><net_src comp="2247" pin="1"/><net_sink comp="1743" pin=0"/></net>

<net id="2255"><net_src comp="1609" pin="4"/><net_sink comp="2252" pin=0"/></net>

<net id="2256"><net_src comp="2252" pin="1"/><net_sink comp="1762" pin=0"/></net>

<net id="2260"><net_src comp="1619" pin="4"/><net_sink comp="2257" pin=0"/></net>

<net id="2261"><net_src comp="2257" pin="1"/><net_sink comp="1781" pin=0"/></net>

<net id="2265"><net_src comp="1629" pin="4"/><net_sink comp="2262" pin=0"/></net>

<net id="2266"><net_src comp="2262" pin="1"/><net_sink comp="1800" pin=0"/></net>

<net id="2270"><net_src comp="1639" pin="4"/><net_sink comp="2267" pin=0"/></net>

<net id="2271"><net_src comp="2267" pin="1"/><net_sink comp="1819" pin=0"/></net>

<net id="2275"><net_src comp="1649" pin="4"/><net_sink comp="2272" pin=0"/></net>

<net id="2276"><net_src comp="2272" pin="1"/><net_sink comp="1838" pin=0"/></net>

<net id="2280"><net_src comp="1659" pin="4"/><net_sink comp="2277" pin=0"/></net>

<net id="2281"><net_src comp="2277" pin="1"/><net_sink comp="1857" pin=0"/></net>

<net id="2285"><net_src comp="1669" pin="4"/><net_sink comp="2282" pin=0"/></net>

<net id="2286"><net_src comp="2282" pin="1"/><net_sink comp="1876" pin=0"/></net>

<net id="2290"><net_src comp="1679" pin="4"/><net_sink comp="2287" pin=0"/></net>

<net id="2291"><net_src comp="2287" pin="1"/><net_sink comp="1895" pin=0"/></net>

<net id="2295"><net_src comp="1689" pin="4"/><net_sink comp="2292" pin=0"/></net>

<net id="2296"><net_src comp="2292" pin="1"/><net_sink comp="1914" pin=0"/></net>

<net id="2300"><net_src comp="1711" pin="4"/><net_sink comp="2297" pin=0"/></net>

<net id="2301"><net_src comp="2297" pin="1"/><net_sink comp="1933" pin=1"/></net>

<net id="2305"><net_src comp="1733" pin="4"/><net_sink comp="2302" pin=0"/></net>

<net id="2306"><net_src comp="2302" pin="1"/><net_sink comp="1933" pin=0"/></net>

<net id="2310"><net_src comp="1752" pin="4"/><net_sink comp="2307" pin=0"/></net>

<net id="2311"><net_src comp="2307" pin="1"/><net_sink comp="1943" pin=1"/></net>

<net id="2315"><net_src comp="1771" pin="4"/><net_sink comp="2312" pin=0"/></net>

<net id="2316"><net_src comp="2312" pin="1"/><net_sink comp="1943" pin=0"/></net>

<net id="2320"><net_src comp="1790" pin="4"/><net_sink comp="2317" pin=0"/></net>

<net id="2321"><net_src comp="2317" pin="1"/><net_sink comp="1953" pin=1"/></net>

<net id="2325"><net_src comp="1809" pin="4"/><net_sink comp="2322" pin=0"/></net>

<net id="2326"><net_src comp="2322" pin="1"/><net_sink comp="1953" pin=0"/></net>

<net id="2330"><net_src comp="1828" pin="4"/><net_sink comp="2327" pin=0"/></net>

<net id="2331"><net_src comp="2327" pin="1"/><net_sink comp="1963" pin=1"/></net>

<net id="2335"><net_src comp="1847" pin="4"/><net_sink comp="2332" pin=0"/></net>

<net id="2336"><net_src comp="2332" pin="1"/><net_sink comp="1963" pin=0"/></net>

<net id="2340"><net_src comp="1866" pin="4"/><net_sink comp="2337" pin=0"/></net>

<net id="2341"><net_src comp="2337" pin="1"/><net_sink comp="1973" pin=1"/></net>

<net id="2345"><net_src comp="1885" pin="4"/><net_sink comp="2342" pin=0"/></net>

<net id="2346"><net_src comp="2342" pin="1"/><net_sink comp="1973" pin=0"/></net>

<net id="2350"><net_src comp="1904" pin="4"/><net_sink comp="2347" pin=0"/></net>

<net id="2351"><net_src comp="2347" pin="1"/><net_sink comp="1983" pin=1"/></net>

<net id="2355"><net_src comp="1923" pin="4"/><net_sink comp="2352" pin=0"/></net>

<net id="2356"><net_src comp="2352" pin="1"/><net_sink comp="1983" pin=0"/></net>

<net id="2360"><net_src comp="1937" pin="2"/><net_sink comp="2357" pin=0"/></net>

<net id="2361"><net_src comp="2357" pin="1"/><net_sink comp="1184" pin=2"/></net>

<net id="2365"><net_src comp="1947" pin="2"/><net_sink comp="2362" pin=0"/></net>

<net id="2366"><net_src comp="2362" pin="1"/><net_sink comp="1198" pin=2"/></net>

<net id="2370"><net_src comp="1957" pin="2"/><net_sink comp="2367" pin=0"/></net>

<net id="2371"><net_src comp="2367" pin="1"/><net_sink comp="1212" pin=2"/></net>

<net id="2375"><net_src comp="1967" pin="2"/><net_sink comp="2372" pin=0"/></net>

<net id="2376"><net_src comp="2372" pin="1"/><net_sink comp="1226" pin=2"/></net>

<net id="2380"><net_src comp="1977" pin="2"/><net_sink comp="2377" pin=0"/></net>

<net id="2381"><net_src comp="2377" pin="1"/><net_sink comp="1240" pin=2"/></net>

<net id="2385"><net_src comp="1987" pin="2"/><net_sink comp="2382" pin=0"/></net>

<net id="2386"><net_src comp="2382" pin="1"/><net_sink comp="1254" pin=2"/></net>

</net_list>

</model> 
---------------- Datapath Model END ------------------

* FSMD analyzer results:
  - Output states:
 - Input state : 
	Port: dense_resource_rf_leq_nin<ap_fixed,ap_fixed<12,6,5,3,0>,config9_mult> : w9 | {1 2 }
	Port: dense_resource_rf_leq_nin<ap_fixed,ap_fixed<12,6,5,3,0>,config9_mult> : void_compute_output_buffer_2d_array_const_ap_shift_reg_n_chan_stream_weig_39 | {1 }
	Port: dense_resource_rf_leq_nin<ap_fixed,ap_fixed<12,6,5,3,0>,config9_mult> : void_compute_output_buffer_2d_array_const_ap_shift_reg_n_chan_stream_weig_38 | {1 }
	Port: dense_resource_rf_leq_nin<ap_fixed,ap_fixed<12,6,5,3,0>,config9_mult> : void_compute_output_buffer_2d_array_const_ap_shift_reg_n_chan_stream_weig_37 | {1 }
	Port: dense_resource_rf_leq_nin<ap_fixed,ap_fixed<12,6,5,3,0>,config9_mult> : void_compute_output_buffer_2d_array_const_ap_shift_reg_n_chan_stream_weig_36 | {1 }
	Port: dense_resource_rf_leq_nin<ap_fixed,ap_fixed<12,6,5,3,0>,config9_mult> : void_compute_output_buffer_2d_array_const_ap_shift_reg_n_chan_stream_weig_35 | {1 }
	Port: dense_resource_rf_leq_nin<ap_fixed,ap_fixed<12,6,5,3,0>,config9_mult> : void_compute_output_buffer_2d_array_const_ap_shift_reg_n_chan_stream_weig_34 | {1 }
	Port: dense_resource_rf_leq_nin<ap_fixed,ap_fixed<12,6,5,3,0>,config9_mult> : void_compute_output_buffer_2d_array_const_ap_shift_reg_n_chan_stream_weig_33 | {1 }
	Port: dense_resource_rf_leq_nin<ap_fixed,ap_fixed<12,6,5,3,0>,config9_mult> : void_compute_output_buffer_2d_array_const_ap_shift_reg_n_chan_stream_weig_32 | {1 }
	Port: dense_resource_rf_leq_nin<ap_fixed,ap_fixed<12,6,5,3,0>,config9_mult> : void_compute_output_buffer_2d_array_const_ap_shift_reg_n_chan_stream_weig_31 | {1 }
	Port: dense_resource_rf_leq_nin<ap_fixed,ap_fixed<12,6,5,3,0>,config9_mult> : void_compute_output_buffer_2d_array_const_ap_shift_reg_n_chan_stream_weig_30 | {1 }
	Port: dense_resource_rf_leq_nin<ap_fixed,ap_fixed<12,6,5,3,0>,config9_mult> : p_ZZN4nnet24compute_output_buffer_2dINS_5arrayI8ap_fixedILi12ELi6EL9ap_q_mode5EL9_201 | {1 }
	Port: dense_resource_rf_leq_nin<ap_fixed,ap_fixed<12,6,5,3,0>,config9_mult> : p_ZZN4nnet24compute_output_buffer_2dINS_5arrayI8ap_fixedILi12ELi6EL9ap_q_mode5EL9_202 | {1 }
	Port: dense_resource_rf_leq_nin<ap_fixed,ap_fixed<12,6,5,3,0>,config9_mult> : p_ZZN4nnet24compute_output_buffer_2dINS_5arrayI8ap_fixedILi12ELi6EL9ap_q_mode5EL9_203 | {1 }
	Port: dense_resource_rf_leq_nin<ap_fixed,ap_fixed<12,6,5,3,0>,config9_mult> : p_ZZN4nnet24compute_output_buffer_2dINS_5arrayI8ap_fixedILi12ELi6EL9ap_q_mode5EL9_204 | {1 }
	Port: dense_resource_rf_leq_nin<ap_fixed,ap_fixed<12,6,5,3,0>,config9_mult> : p_ZZN4nnet24compute_output_buffer_2dINS_5arrayI8ap_fixedILi12ELi6EL9ap_q_mode5EL9_205 | {1 }
	Port: dense_resource_rf_leq_nin<ap_fixed,ap_fixed<12,6,5,3,0>,config9_mult> : p_ZZN4nnet24compute_output_buffer_2dINS_5arrayI8ap_fixedILi12ELi6EL9ap_q_mode5EL9_206 | {1 }
	Port: dense_resource_rf_leq_nin<ap_fixed,ap_fixed<12,6,5,3,0>,config9_mult> : p_ZZN4nnet24compute_output_buffer_2dINS_5arrayI8ap_fixedILi12ELi6EL9ap_q_mode5EL9_207 | {1 }
	Port: dense_resource_rf_leq_nin<ap_fixed,ap_fixed<12,6,5,3,0>,config9_mult> : p_ZZN4nnet24compute_output_buffer_2dINS_5arrayI8ap_fixedILi12ELi6EL9ap_q_mode5EL9_208 | {1 }
	Port: dense_resource_rf_leq_nin<ap_fixed,ap_fixed<12,6,5,3,0>,config9_mult> : p_ZZN4nnet24compute_output_buffer_2dINS_5arrayI8ap_fixedILi12ELi6EL9ap_q_mode5EL9_209 | {1 }
	Port: dense_resource_rf_leq_nin<ap_fixed,ap_fixed<12,6,5,3,0>,config9_mult> : p_ZZN4nnet24compute_output_buffer_2dINS_5arrayI8ap_fixedILi12ELi6EL9ap_q_mode5EL9_210 | {1 }
	Port: dense_resource_rf_leq_nin<ap_fixed,ap_fixed<12,6,5,3,0>,config9_mult> : p_ZZN4nnet24compute_output_buffer_2dINS_5arrayI8ap_fixedILi12ELi6EL9ap_q_mode5EL9_211 | {1 }
	Port: dense_resource_rf_leq_nin<ap_fixed,ap_fixed<12,6,5,3,0>,config9_mult> : p_ZZN4nnet24compute_output_buffer_2dINS_5arrayI8ap_fixedILi12ELi6EL9ap_q_mode5EL9_212 | {1 }
	Port: dense_resource_rf_leq_nin<ap_fixed,ap_fixed<12,6,5,3,0>,config9_mult> : p_ZZN4nnet24compute_output_buffer_2dINS_5arrayI8ap_fixedILi12ELi6EL9ap_q_mode5EL9_213 | {1 }
	Port: dense_resource_rf_leq_nin<ap_fixed,ap_fixed<12,6,5,3,0>,config9_mult> : p_ZZN4nnet24compute_output_buffer_2dINS_5arrayI8ap_fixedILi12ELi6EL9ap_q_mode5EL9_214 | {1 }
	Port: dense_resource_rf_leq_nin<ap_fixed,ap_fixed<12,6,5,3,0>,config9_mult> : p_ZZN4nnet24compute_output_buffer_2dINS_5arrayI8ap_fixedILi12ELi6EL9ap_q_mode5EL9_215 | {1 }
	Port: dense_resource_rf_leq_nin<ap_fixed,ap_fixed<12,6,5,3,0>,config9_mult> : p_ZZN4nnet24compute_output_buffer_2dINS_5arrayI8ap_fixedILi12ELi6EL9ap_q_mode5EL9_216 | {1 }
	Port: dense_resource_rf_leq_nin<ap_fixed,ap_fixed<12,6,5,3,0>,config9_mult> : p_ZZN4nnet24compute_output_buffer_2dINS_5arrayI8ap_fixedILi12ELi6EL9ap_q_mode5EL9_217 | {1 }
	Port: dense_resource_rf_leq_nin<ap_fixed,ap_fixed<12,6,5,3,0>,config9_mult> : p_ZZN4nnet24compute_output_buffer_2dINS_5arrayI8ap_fixedILi12ELi6EL9ap_q_mode5EL9_218 | {1 }
	Port: dense_resource_rf_leq_nin<ap_fixed,ap_fixed<12,6,5,3,0>,config9_mult> : p_ZZN4nnet24compute_output_buffer_2dINS_5arrayI8ap_fixedILi12ELi6EL9ap_q_mode5EL9_219 | {1 }
	Port: dense_resource_rf_leq_nin<ap_fixed,ap_fixed<12,6,5,3,0>,config9_mult> : p_ZZN4nnet24compute_output_buffer_2dINS_5arrayI8ap_fixedILi12ELi6EL9ap_q_mode5EL9_220 | {1 }
	Port: dense_resource_rf_leq_nin<ap_fixed,ap_fixed<12,6,5,3,0>,config9_mult> : p_ZZN4nnet24compute_output_buffer_2dINS_5arrayI8ap_fixedILi12ELi6EL9ap_q_mode5EL9_221 | {1 }
	Port: dense_resource_rf_leq_nin<ap_fixed,ap_fixed<12,6,5,3,0>,config9_mult> : p_ZZN4nnet24compute_output_buffer_2dINS_5arrayI8ap_fixedILi12ELi6EL9ap_q_mode5EL9_222 | {1 }
	Port: dense_resource_rf_leq_nin<ap_fixed,ap_fixed<12,6,5,3,0>,config9_mult> : p_ZZN4nnet24compute_output_buffer_2dINS_5arrayI8ap_fixedILi12ELi6EL9ap_q_mode5EL9_223 | {1 }
	Port: dense_resource_rf_leq_nin<ap_fixed,ap_fixed<12,6,5,3,0>,config9_mult> : p_ZZN4nnet24compute_output_buffer_2dINS_5arrayI8ap_fixedILi12ELi6EL9ap_q_mode5EL9_224 | {1 }
	Port: dense_resource_rf_leq_nin<ap_fixed,ap_fixed<12,6,5,3,0>,config9_mult> : p_ZZN4nnet24compute_output_buffer_2dINS_5arrayI8ap_fixedILi12ELi6EL9ap_q_mode5EL9_225 | {1 }
	Port: dense_resource_rf_leq_nin<ap_fixed,ap_fixed<12,6,5,3,0>,config9_mult> : p_ZZN4nnet24compute_output_buffer_2dINS_5arrayI8ap_fixedILi12ELi6EL9ap_q_mode5EL9_226 | {1 }
  - Chain level:
	State 1
		do_init : 1
		w_index3 : 1
		zext_ln46 : 2
		w9_addr : 3
		w9_load : 4
		w_index : 2
		icmp_ln46 : 2
		br_ln46 : 3
	State 2
		p_ZZN4nnet24compute_output_buffer_2dINS_5arrayI8ap_fixedILi12ELi6EL9ap_q_mode5EL9_449 : 1
		p_ZZN4nnet24compute_output_buffer_2dINS_5arrayI8ap_fixedILi12ELi6EL9ap_q_mode5EL9_450 : 1
		p_ZZN4nnet24compute_output_buffer_2dINS_5arrayI8ap_fixedILi12ELi6EL9ap_q_mode5EL9_451 : 1
		p_ZZN4nnet24compute_output_buffer_2dINS_5arrayI8ap_fixedILi12ELi6EL9ap_q_mode5EL9_452 : 1
		p_ZZN4nnet24compute_output_buffer_2dINS_5arrayI8ap_fixedILi12ELi6EL9ap_q_mode5EL9_453 : 1
		p_ZZN4nnet24compute_output_buffer_2dINS_5arrayI8ap_fixedILi12ELi6EL9ap_q_mode5EL9_454 : 1
		p_ZZN4nnet24compute_output_buffer_2dINS_5arrayI8ap_fixedILi12ELi6EL9ap_q_mode5EL9_455 : 1
		p_ZZN4nnet24compute_output_buffer_2dINS_5arrayI8ap_fixedILi12ELi6EL9ap_q_mode5EL9_456 : 1
		p_ZZN4nnet24compute_output_buffer_2dINS_5arrayI8ap_fixedILi12ELi6EL9ap_q_mode5EL9_457 : 1
		p_ZZN4nnet24compute_output_buffer_2dINS_5arrayI8ap_fixedILi12ELi6EL9ap_q_mode5EL9_458 : 1
		p_ZZN4nnet24compute_output_buffer_2dINS_5arrayI8ap_fixedILi12ELi6EL9ap_q_mode5EL9_459 : 1
		p_ZZN4nnet24compute_output_buffer_2dINS_5arrayI8ap_fixedILi12ELi6EL9ap_q_mode5EL9_460 : 1
		p_ZZN4nnet24compute_output_buffer_2dINS_5arrayI8ap_fixedILi12ELi6EL9ap_q_mode5EL9_461 : 1
		p_ZZN4nnet24compute_output_buffer_2dINS_5arrayI8ap_fixedILi12ELi6EL9ap_q_mode5EL9_462 : 1
		p_ZZN4nnet24compute_output_buffer_2dINS_5arrayI8ap_fixedILi12ELi6EL9ap_q_mode5EL9_463 : 1
		p_ZZN4nnet24compute_output_buffer_2dINS_5arrayI8ap_fixedILi12ELi6EL9ap_q_mode5EL9_464 : 1
		p_ZZN4nnet24compute_output_buffer_2dINS_5arrayI8ap_fixedILi12ELi6EL9ap_q_mode5EL9_465 : 1
		p_ZZN4nnet24compute_output_buffer_2dINS_5arrayI8ap_fixedILi12ELi6EL9ap_q_mode5EL9_466 : 1
		p_ZZN4nnet24compute_output_buffer_2dINS_5arrayI8ap_fixedILi12ELi6EL9ap_q_mode5EL9_467 : 1
		p_ZZN4nnet24compute_output_buffer_2dINS_5arrayI8ap_fixedILi12ELi6EL9ap_q_mode5EL9_468 : 1
		p_ZZN4nnet24compute_output_buffer_2dINS_5arrayI8ap_fixedILi12ELi6EL9ap_q_mode5EL9_469 : 1
		p_ZZN4nnet24compute_output_buffer_2dINS_5arrayI8ap_fixedILi12ELi6EL9ap_q_mode5EL9_470 : 1
		p_ZZN4nnet24compute_output_buffer_2dINS_5arrayI8ap_fixedILi12ELi6EL9ap_q_mode5EL9_471 : 1
		p_ZZN4nnet24compute_output_buffer_2dINS_5arrayI8ap_fixedILi12ELi6EL9ap_q_mode5EL9_472 : 1
		p_ZZN4nnet24compute_output_buffer_2dINS_5arrayI8ap_fixedILi12ELi6EL9ap_q_mode5EL9_473 : 1
		p_ZZN4nnet24compute_output_buffer_2dINS_5arrayI8ap_fixedILi12ELi6EL9ap_q_mode5EL9_474 : 1
		void_compute_output_buffer_2d_array_const_ap_shift_reg_n_chan_stream_weig_87 : 1
		void_compute_output_buffer_2d_array_const_ap_shift_reg_n_chan_stream_weig_88 : 1
		void_compute_output_buffer_2d_array_const_ap_shift_reg_n_chan_stream_weig_89 : 1
		void_compute_output_buffer_2d_array_const_ap_shift_reg_n_chan_stream_weig_90 : 1
		void_compute_output_buffer_2d_array_const_ap_shift_reg_n_chan_stream_weig_91 : 1
		void_compute_output_buffer_2d_array_const_ap_shift_reg_n_chan_stream_weig_92 : 1
		void_compute_output_buffer_2d_array_const_ap_shift_reg_n_chan_stream_weig_93 : 1
		void_compute_output_buffer_2d_array_const_ap_shift_reg_n_chan_stream_weig_94 : 1
		void_compute_output_buffer_2d_array_const_ap_shift_reg_n_chan_stream_weig_95 : 1
		void_compute_output_buffer_2d_array_const_ap_shift_reg_n_chan_stream_weig_96 : 1
		a : 2
		w : 1
		a_12 : 2
		w_1 : 1
		w_2 : 1
		w_3 : 1
		w_4 : 1
		w_5 : 1
		w_6 : 1
		w_7 : 1
		w_8 : 1
		w_9 : 1
		w_10 : 1
		tmp : 1
	State 3
		mul_ln58 : 1
		trunc_ln : 2
		mul_ln58_1 : 1
		trunc_ln58_1 : 2
		mul_ln58_2 : 1
		trunc_ln58_2 : 2
		mul_ln58_3 : 1
		trunc_ln58_3 : 2
		mul_ln58_4 : 1
		trunc_ln58_4 : 2
		mul_ln58_5 : 1
		trunc_ln58_5 : 2
		mul_ln58_6 : 1
		trunc_ln58_6 : 2
		mul_ln58_7 : 1
		trunc_ln58_7 : 2
		mul_ln58_8 : 1
		trunc_ln58_8 : 2
		mul_ln58_9 : 1
		trunc_ln58_9 : 2
		mul_ln58_10 : 1
		trunc_ln58_s : 2
		mul_ln58_11 : 1
		trunc_ln58_10 : 2
	State 4
		add_ln58_1 : 1
		add_ln58_3 : 1
		add_ln58_5 : 1
		add_ln58_7 : 1
		add_ln58_9 : 1
		add_ln58_11 : 1
		mrv_i : 2
		mrv_1_i : 3
		mrv_2_i : 4
		mrv_3_i : 5
		mrv_4_i : 6
		mrv_5_i : 7
		return_ln84 : 8


============================================================
+ Verbose Summary: Datapath Resource usage 
============================================================

* Functional unit list:
|----------|-----------------------|---------|---------|---------|
| Operation|    Functional Unit    |   DSP   |    FF   |   LUT   |
|----------|-----------------------|---------|---------|---------|
|          |    w_index_fu_1413    |    0    |    0    |    12   |
|          |    add_ln58_fu_1933   |    0    |    0    |    17   |
|          |   add_ln58_1_fu_1937  |    0    |    0    |    17   |
|          |   add_ln58_2_fu_1943  |    0    |    0    |    17   |
|          |   add_ln58_3_fu_1947  |    0    |    0    |    17   |
|          |   add_ln58_4_fu_1953  |    0    |    0    |    17   |
|    add   |   add_ln58_5_fu_1957  |    0    |    0    |    17   |
|          |   add_ln58_6_fu_1963  |    0    |    0    |    17   |
|          |   add_ln58_7_fu_1967  |    0    |    0    |    17   |
|          |   add_ln58_8_fu_1973  |    0    |    0    |    17   |
|          |   add_ln58_9_fu_1977  |    0    |    0    |    17   |
|          |  add_ln58_10_fu_1983  |    0    |    0    |    17   |
|          |  add_ln58_11_fu_1987  |    0    |    0    |    17   |
|----------|-----------------------|---------|---------|---------|
| sparsemux|       a_fu_1425       |    0    |    0    |    85   |
|          |      a_12_fu_1509     |    0    |    0    |    85   |
|----------|-----------------------|---------|---------|---------|
|          |    mul_ln58_fu_1705   |    1    |    0    |    5    |
|          |   mul_ln58_1_fu_1727  |    1    |    0    |    5    |
|          |   mul_ln58_2_fu_1746  |    1    |    0    |    5    |
|          |   mul_ln58_3_fu_1765  |    1    |    0    |    5    |
|          |   mul_ln58_4_fu_1784  |    1    |    0    |    5    |
|    mul   |   mul_ln58_5_fu_1803  |    1    |    0    |    5    |
|          |   mul_ln58_6_fu_1822  |    1    |    0    |    5    |
|          |   mul_ln58_7_fu_1841  |    1    |    0    |    5    |
|          |   mul_ln58_8_fu_1860  |    1    |    0    |    5    |
|          |   mul_ln58_9_fu_1879  |    1    |    0    |    5    |
|          |  mul_ln58_10_fu_1898  |    1    |    0    |    5    |
|          |  mul_ln58_11_fu_1917  |    1    |    0    |    5    |
|----------|-----------------------|---------|---------|---------|
|   icmp   |   icmp_ln46_fu_1419   |    0    |    0    |    12   |
|----------|-----------------------|---------|---------|---------|
|   zext   |   zext_ln46_fu_1408   |    0    |    0    |    0    |
|----------|-----------------------|---------|---------|---------|
|   trunc  |       w_fu_1505       |    0    |    0    |    0    |
|----------|-----------------------|---------|---------|---------|
|          |      w_1_fu_1589      |    0    |    0    |    0    |
|          |      w_2_fu_1599      |    0    |    0    |    0    |
|          |      w_3_fu_1609      |    0    |    0    |    0    |
|          |      w_4_fu_1619      |    0    |    0    |    0    |
|          |      w_5_fu_1629      |    0    |    0    |    0    |
|          |      w_6_fu_1639      |    0    |    0    |    0    |
|          |      w_7_fu_1649      |    0    |    0    |    0    |
|          |      w_8_fu_1659      |    0    |    0    |    0    |
|          |      w_9_fu_1669      |    0    |    0    |    0    |
|          |      w_10_fu_1679     |    0    |    0    |    0    |
|          |      tmp_fu_1689      |    0    |    0    |    0    |
|partselect|    trunc_ln_fu_1711   |    0    |    0    |    0    |
|          |  trunc_ln58_1_fu_1733 |    0    |    0    |    0    |
|          |  trunc_ln58_2_fu_1752 |    0    |    0    |    0    |
|          |  trunc_ln58_3_fu_1771 |    0    |    0    |    0    |
|          |  trunc_ln58_4_fu_1790 |    0    |    0    |    0    |
|          |  trunc_ln58_5_fu_1809 |    0    |    0    |    0    |
|          |  trunc_ln58_6_fu_1828 |    0    |    0    |    0    |
|          |  trunc_ln58_7_fu_1847 |    0    |    0    |    0    |
|          |  trunc_ln58_8_fu_1866 |    0    |    0    |    0    |
|          |  trunc_ln58_9_fu_1885 |    0    |    0    |    0    |
|          |  trunc_ln58_s_fu_1904 |    0    |    0    |    0    |
|          | trunc_ln58_10_fu_1923 |    0    |    0    |    0    |
|----------|-----------------------|---------|---------|---------|
|          |   sext_ln73_fu_1699   |    0    |    0    |    0    |
|          |  sext_ln73_7_fu_1702  |    0    |    0    |    0    |
|          |  sext_ln73_8_fu_1721  |    0    |    0    |    0    |
|          |  sext_ln73_9_fu_1724  |    0    |    0    |    0    |
|          |  sext_ln73_10_fu_1743 |    0    |    0    |    0    |
|          |  sext_ln73_11_fu_1762 |    0    |    0    |    0    |
|   sext   |  sext_ln73_12_fu_1781 |    0    |    0    |    0    |
|          |  sext_ln73_13_fu_1800 |    0    |    0    |    0    |
|          |  sext_ln73_14_fu_1819 |    0    |    0    |    0    |
|          |  sext_ln73_15_fu_1838 |    0    |    0    |    0    |
|          |  sext_ln73_16_fu_1857 |    0    |    0    |    0    |
|          |  sext_ln73_17_fu_1876 |    0    |    0    |    0    |
|          |  sext_ln73_18_fu_1895 |    0    |    0    |    0    |
|          |  sext_ln73_19_fu_1914 |    0    |    0    |    0    |
|----------|-----------------------|---------|---------|---------|
|          |     mrv_i_fu_1993     |    0    |    0    |    0    |
|          |    mrv_1_i_fu_1999    |    0    |    0    |    0    |
|insertvalue|    mrv_2_i_fu_2005    |    0    |    0    |    0    |
|          |    mrv_3_i_fu_2011    |    0    |    0    |    0    |
|          |    mrv_4_i_fu_2017    |    0    |    0    |    0    |
|          |    mrv_5_i_fu_2023    |    0    |    0    |    0    |
|----------|-----------------------|---------|---------|---------|
|  return  |  return_ln84_fu_2029  |    0    |    0    |    0    |
|----------|-----------------------|---------|---------|---------|
|   Total  |                       |    12   |    0    |   458   |
|----------|-----------------------|---------|---------|---------|

Memories:
N/A

* Register list:
+----------------------------------------------------------------------------------------------+--------+
|                                                                                              |   FF   |
+----------------------------------------------------------------------------------------------+--------+
|                                         a_12_reg_2237                                        |   12   |
|                                          a_reg_2227                                          |   12   |
|                                     add_ln58_11_reg_2382                                     |   12   |
|                                      add_ln58_1_reg_2357                                     |   12   |
|                                      add_ln58_3_reg_2362                                     |   12   |
|                                      add_ln58_5_reg_2367                                     |   12   |
|                                      add_ln58_7_reg_2372                                     |   12   |
|                                      add_ln58_9_reg_2377                                     |   12   |
|                                        do_init_reg_215                                       |    1   |
|                                      icmp_ln46_reg_2223                                      |    1   |
| p_ZZN4nnet24compute_output_buffer_2dINS_5arrayI8ap_fixedILi12ELi6EL9ap_q_mode5EL9_449_reg_748|   12   |
| p_ZZN4nnet24compute_output_buffer_2dINS_5arrayI8ap_fixedILi12ELi6EL9ap_q_mode5EL9_450_reg_760|   12   |
| p_ZZN4nnet24compute_output_buffer_2dINS_5arrayI8ap_fixedILi12ELi6EL9ap_q_mode5EL9_451_reg_772|   12   |
| p_ZZN4nnet24compute_output_buffer_2dINS_5arrayI8ap_fixedILi12ELi6EL9ap_q_mode5EL9_452_reg_784|   12   |
| p_ZZN4nnet24compute_output_buffer_2dINS_5arrayI8ap_fixedILi12ELi6EL9ap_q_mode5EL9_453_reg_796|   12   |
| p_ZZN4nnet24compute_output_buffer_2dINS_5arrayI8ap_fixedILi12ELi6EL9ap_q_mode5EL9_454_reg_808|   12   |
| p_ZZN4nnet24compute_output_buffer_2dINS_5arrayI8ap_fixedILi12ELi6EL9ap_q_mode5EL9_455_reg_820|   12   |
| p_ZZN4nnet24compute_output_buffer_2dINS_5arrayI8ap_fixedILi12ELi6EL9ap_q_mode5EL9_456_reg_832|   12   |
| p_ZZN4nnet24compute_output_buffer_2dINS_5arrayI8ap_fixedILi12ELi6EL9ap_q_mode5EL9_457_reg_844|   12   |
| p_ZZN4nnet24compute_output_buffer_2dINS_5arrayI8ap_fixedILi12ELi6EL9ap_q_mode5EL9_458_reg_856|   12   |
| p_ZZN4nnet24compute_output_buffer_2dINS_5arrayI8ap_fixedILi12ELi6EL9ap_q_mode5EL9_459_reg_868|   12   |
| p_ZZN4nnet24compute_output_buffer_2dINS_5arrayI8ap_fixedILi12ELi6EL9ap_q_mode5EL9_460_reg_880|   12   |
| p_ZZN4nnet24compute_output_buffer_2dINS_5arrayI8ap_fixedILi12ELi6EL9ap_q_mode5EL9_461_reg_892|   12   |
| p_ZZN4nnet24compute_output_buffer_2dINS_5arrayI8ap_fixedILi12ELi6EL9ap_q_mode5EL9_462_reg_904|   12   |
| p_ZZN4nnet24compute_output_buffer_2dINS_5arrayI8ap_fixedILi12ELi6EL9ap_q_mode5EL9_463_reg_916|   12   |
| p_ZZN4nnet24compute_output_buffer_2dINS_5arrayI8ap_fixedILi12ELi6EL9ap_q_mode5EL9_464_reg_928|   12   |
| p_ZZN4nnet24compute_output_buffer_2dINS_5arrayI8ap_fixedILi12ELi6EL9ap_q_mode5EL9_465_reg_940|   12   |
| p_ZZN4nnet24compute_output_buffer_2dINS_5arrayI8ap_fixedILi12ELi6EL9ap_q_mode5EL9_466_reg_952|   12   |
| p_ZZN4nnet24compute_output_buffer_2dINS_5arrayI8ap_fixedILi12ELi6EL9ap_q_mode5EL9_467_reg_964|   12   |
| p_ZZN4nnet24compute_output_buffer_2dINS_5arrayI8ap_fixedILi12ELi6EL9ap_q_mode5EL9_468_reg_976|   12   |
| p_ZZN4nnet24compute_output_buffer_2dINS_5arrayI8ap_fixedILi12ELi6EL9ap_q_mode5EL9_469_reg_988|   12   |
|p_ZZN4nnet24compute_output_buffer_2dINS_5arrayI8ap_fixedILi12ELi6EL9ap_q_mode5EL9_470_reg_1000|   12   |
|p_ZZN4nnet24compute_output_buffer_2dINS_5arrayI8ap_fixedILi12ELi6EL9ap_q_mode5EL9_471_reg_1012|   12   |
|p_ZZN4nnet24compute_output_buffer_2dINS_5arrayI8ap_fixedILi12ELi6EL9ap_q_mode5EL9_472_reg_1024|   12   |
|p_ZZN4nnet24compute_output_buffer_2dINS_5arrayI8ap_fixedILi12ELi6EL9ap_q_mode5EL9_473_reg_1036|   12   |
|p_ZZN4nnet24compute_output_buffer_2dINS_5arrayI8ap_fixedILi12ELi6EL9ap_q_mode5EL9_474_reg_1048|   12   |
|p_ZZN4nnet24compute_output_buffer_2dINS_5arrayI8ap_fixedILi12ELi6EL9ap_q_mode5EL9_475_reg_2083|   12   |
|p_ZZN4nnet24compute_output_buffer_2dINS_5arrayI8ap_fixedILi12ELi6EL9ap_q_mode5EL9_476_reg_2088|   12   |
|p_ZZN4nnet24compute_output_buffer_2dINS_5arrayI8ap_fixedILi12ELi6EL9ap_q_mode5EL9_477_reg_2093|   12   |
|p_ZZN4nnet24compute_output_buffer_2dINS_5arrayI8ap_fixedILi12ELi6EL9ap_q_mode5EL9_478_reg_2098|   12   |
|p_ZZN4nnet24compute_output_buffer_2dINS_5arrayI8ap_fixedILi12ELi6EL9ap_q_mode5EL9_479_reg_2103|   12   |
|p_ZZN4nnet24compute_output_buffer_2dINS_5arrayI8ap_fixedILi12ELi6EL9ap_q_mode5EL9_480_reg_2108|   12   |
|p_ZZN4nnet24compute_output_buffer_2dINS_5arrayI8ap_fixedILi12ELi6EL9ap_q_mode5EL9_481_reg_2113|   12   |
|p_ZZN4nnet24compute_output_buffer_2dINS_5arrayI8ap_fixedILi12ELi6EL9ap_q_mode5EL9_482_reg_2118|   12   |
|p_ZZN4nnet24compute_output_buffer_2dINS_5arrayI8ap_fixedILi12ELi6EL9ap_q_mode5EL9_483_reg_2123|   12   |
|p_ZZN4nnet24compute_output_buffer_2dINS_5arrayI8ap_fixedILi12ELi6EL9ap_q_mode5EL9_484_reg_2128|   12   |
|p_ZZN4nnet24compute_output_buffer_2dINS_5arrayI8ap_fixedILi12ELi6EL9ap_q_mode5EL9_485_reg_2133|   12   |
|p_ZZN4nnet24compute_output_buffer_2dINS_5arrayI8ap_fixedILi12ELi6EL9ap_q_mode5EL9_486_reg_2138|   12   |
|p_ZZN4nnet24compute_output_buffer_2dINS_5arrayI8ap_fixedILi12ELi6EL9ap_q_mode5EL9_487_reg_2143|   12   |
|p_ZZN4nnet24compute_output_buffer_2dINS_5arrayI8ap_fixedILi12ELi6EL9ap_q_mode5EL9_488_reg_2148|   12   |
|p_ZZN4nnet24compute_output_buffer_2dINS_5arrayI8ap_fixedILi12ELi6EL9ap_q_mode5EL9_489_reg_2153|   12   |
|p_ZZN4nnet24compute_output_buffer_2dINS_5arrayI8ap_fixedILi12ELi6EL9ap_q_mode5EL9_490_reg_2158|   12   |
|p_ZZN4nnet24compute_output_buffer_2dINS_5arrayI8ap_fixedILi12ELi6EL9ap_q_mode5EL9_491_reg_2163|   12   |
|p_ZZN4nnet24compute_output_buffer_2dINS_5arrayI8ap_fixedILi12ELi6EL9ap_q_mode5EL9_492_reg_2168|   12   |
|p_ZZN4nnet24compute_output_buffer_2dINS_5arrayI8ap_fixedILi12ELi6EL9ap_q_mode5EL9_493_reg_2173|   12   |
|p_ZZN4nnet24compute_output_buffer_2dINS_5arrayI8ap_fixedILi12ELi6EL9ap_q_mode5EL9_494_reg_2178|   12   |
|p_ZZN4nnet24compute_output_buffer_2dINS_5arrayI8ap_fixedILi12ELi6EL9ap_q_mode5EL9_495_reg_2183|   12   |
|p_ZZN4nnet24compute_output_buffer_2dINS_5arrayI8ap_fixedILi12ELi6EL9ap_q_mode5EL9_496_reg_2188|   12   |
|p_ZZN4nnet24compute_output_buffer_2dINS_5arrayI8ap_fixedILi12ELi6EL9ap_q_mode5EL9_497_reg_2193|   12   |
|p_ZZN4nnet24compute_output_buffer_2dINS_5arrayI8ap_fixedILi12ELi6EL9ap_q_mode5EL9_498_reg_2198|   12   |
|p_ZZN4nnet24compute_output_buffer_2dINS_5arrayI8ap_fixedILi12ELi6EL9ap_q_mode5EL9_499_reg_2203|   12   |
|p_ZZN4nnet24compute_output_buffer_2dINS_5arrayI8ap_fixedILi12ELi6EL9ap_q_mode5EL9_500_reg_2208|   12   |
| p_ZZN4nnet24compute_output_buffer_2dINS_5arrayI8ap_fixedILi12ELi6EL9ap_q_mode5EL9_501_reg_244|   12   |
| p_ZZN4nnet24compute_output_buffer_2dINS_5arrayI8ap_fixedILi12ELi6EL9ap_q_mode5EL9_502_reg_258|   12   |
| p_ZZN4nnet24compute_output_buffer_2dINS_5arrayI8ap_fixedILi12ELi6EL9ap_q_mode5EL9_503_reg_272|   12   |
| p_ZZN4nnet24compute_output_buffer_2dINS_5arrayI8ap_fixedILi12ELi6EL9ap_q_mode5EL9_504_reg_286|   12   |
| p_ZZN4nnet24compute_output_buffer_2dINS_5arrayI8ap_fixedILi12ELi6EL9ap_q_mode5EL9_505_reg_300|   12   |
| p_ZZN4nnet24compute_output_buffer_2dINS_5arrayI8ap_fixedILi12ELi6EL9ap_q_mode5EL9_506_reg_314|   12   |
| p_ZZN4nnet24compute_output_buffer_2dINS_5arrayI8ap_fixedILi12ELi6EL9ap_q_mode5EL9_507_reg_328|   12   |
| p_ZZN4nnet24compute_output_buffer_2dINS_5arrayI8ap_fixedILi12ELi6EL9ap_q_mode5EL9_508_reg_342|   12   |
| p_ZZN4nnet24compute_output_buffer_2dINS_5arrayI8ap_fixedILi12ELi6EL9ap_q_mode5EL9_509_reg_356|   12   |
| p_ZZN4nnet24compute_output_buffer_2dINS_5arrayI8ap_fixedILi12ELi6EL9ap_q_mode5EL9_510_reg_370|   12   |
| p_ZZN4nnet24compute_output_buffer_2dINS_5arrayI8ap_fixedILi12ELi6EL9ap_q_mode5EL9_511_reg_384|   12   |
| p_ZZN4nnet24compute_output_buffer_2dINS_5arrayI8ap_fixedILi12ELi6EL9ap_q_mode5EL9_512_reg_398|   12   |
| p_ZZN4nnet24compute_output_buffer_2dINS_5arrayI8ap_fixedILi12ELi6EL9ap_q_mode5EL9_513_reg_412|   12   |
| p_ZZN4nnet24compute_output_buffer_2dINS_5arrayI8ap_fixedILi12ELi6EL9ap_q_mode5EL9_514_reg_426|   12   |
| p_ZZN4nnet24compute_output_buffer_2dINS_5arrayI8ap_fixedILi12ELi6EL9ap_q_mode5EL9_515_reg_440|   12   |
| p_ZZN4nnet24compute_output_buffer_2dINS_5arrayI8ap_fixedILi12ELi6EL9ap_q_mode5EL9_516_reg_454|   12   |
| p_ZZN4nnet24compute_output_buffer_2dINS_5arrayI8ap_fixedILi12ELi6EL9ap_q_mode5EL9_517_reg_468|   12   |
| p_ZZN4nnet24compute_output_buffer_2dINS_5arrayI8ap_fixedILi12ELi6EL9ap_q_mode5EL9_518_reg_482|   12   |
| p_ZZN4nnet24compute_output_buffer_2dINS_5arrayI8ap_fixedILi12ELi6EL9ap_q_mode5EL9_519_reg_496|   12   |
| p_ZZN4nnet24compute_output_buffer_2dINS_5arrayI8ap_fixedILi12ELi6EL9ap_q_mode5EL9_520_reg_510|   12   |
| p_ZZN4nnet24compute_output_buffer_2dINS_5arrayI8ap_fixedILi12ELi6EL9ap_q_mode5EL9_521_reg_524|   12   |
| p_ZZN4nnet24compute_output_buffer_2dINS_5arrayI8ap_fixedILi12ELi6EL9ap_q_mode5EL9_522_reg_538|   12   |
| p_ZZN4nnet24compute_output_buffer_2dINS_5arrayI8ap_fixedILi12ELi6EL9ap_q_mode5EL9_523_reg_552|   12   |
| p_ZZN4nnet24compute_output_buffer_2dINS_5arrayI8ap_fixedILi12ELi6EL9ap_q_mode5EL9_524_reg_566|   12   |
| p_ZZN4nnet24compute_output_buffer_2dINS_5arrayI8ap_fixedILi12ELi6EL9ap_q_mode5EL9_525_reg_580|   12   |
| p_ZZN4nnet24compute_output_buffer_2dINS_5arrayI8ap_fixedILi12ELi6EL9ap_q_mode5EL9_526_reg_594|   12   |
|                                     res_0_0_i14_reg_1180                                     |   12   |
|                                     res_1_0_i12_reg_1194                                     |   12   |
|                                     res_2_0_i10_reg_1208                                     |   12   |
|                                      res_3_0_i8_reg_1222                                     |   12   |
|                                      res_4_0_i6_reg_1236                                     |   12   |
|                                      res_5_0_i4_reg_1250                                     |   12   |
|                                         tmp_reg_2292                                         |    6   |
|                                    trunc_ln58_10_reg_2352                                    |   12   |
|                                     trunc_ln58_1_reg_2302                                    |   12   |
|                                     trunc_ln58_2_reg_2307                                    |   12   |
|                                     trunc_ln58_3_reg_2312                                    |   12   |
|                                     trunc_ln58_4_reg_2317                                    |   12   |
|                                     trunc_ln58_5_reg_2322                                    |   12   |
|                                     trunc_ln58_6_reg_2327                                    |   12   |
|                                     trunc_ln58_7_reg_2332                                    |   12   |
|                                     trunc_ln58_8_reg_2337                                    |   12   |
|                                     trunc_ln58_9_reg_2342                                    |   12   |
|                                     trunc_ln58_s_reg_2347                                    |   12   |
|                                       trunc_ln_reg_2297                                      |   12   |
|    void_compute_output_buffer_2d_array_const_ap_shift_reg_n_chan_stream_weig_100_reg_2048    |   12   |
|    void_compute_output_buffer_2d_array_const_ap_shift_reg_n_chan_stream_weig_101_reg_2053    |   12   |
|    void_compute_output_buffer_2d_array_const_ap_shift_reg_n_chan_stream_weig_102_reg_2058    |   12   |
|    void_compute_output_buffer_2d_array_const_ap_shift_reg_n_chan_stream_weig_103_reg_2063    |   12   |
|    void_compute_output_buffer_2d_array_const_ap_shift_reg_n_chan_stream_weig_104_reg_2068    |   12   |
|    void_compute_output_buffer_2d_array_const_ap_shift_reg_n_chan_stream_weig_105_reg_2073    |   12   |
|    void_compute_output_buffer_2d_array_const_ap_shift_reg_n_chan_stream_weig_106_reg_2078    |   12   |
|     void_compute_output_buffer_2d_array_const_ap_shift_reg_n_chan_stream_weig_107_reg_608    |   12   |
|     void_compute_output_buffer_2d_array_const_ap_shift_reg_n_chan_stream_weig_108_reg_622    |   12   |
|     void_compute_output_buffer_2d_array_const_ap_shift_reg_n_chan_stream_weig_109_reg_636    |   12   |
|     void_compute_output_buffer_2d_array_const_ap_shift_reg_n_chan_stream_weig_110_reg_650    |   12   |
|     void_compute_output_buffer_2d_array_const_ap_shift_reg_n_chan_stream_weig_111_reg_664    |   12   |
|     void_compute_output_buffer_2d_array_const_ap_shift_reg_n_chan_stream_weig_112_reg_678    |   12   |
|     void_compute_output_buffer_2d_array_const_ap_shift_reg_n_chan_stream_weig_113_reg_692    |   12   |
|     void_compute_output_buffer_2d_array_const_ap_shift_reg_n_chan_stream_weig_114_reg_706    |   12   |
|     void_compute_output_buffer_2d_array_const_ap_shift_reg_n_chan_stream_weig_115_reg_720    |   12   |
|     void_compute_output_buffer_2d_array_const_ap_shift_reg_n_chan_stream_weig_116_reg_734    |   12   |
|     void_compute_output_buffer_2d_array_const_ap_shift_reg_n_chan_stream_weig_87_reg_1060    |   12   |
|     void_compute_output_buffer_2d_array_const_ap_shift_reg_n_chan_stream_weig_88_reg_1072    |   12   |
|     void_compute_output_buffer_2d_array_const_ap_shift_reg_n_chan_stream_weig_89_reg_1084    |   12   |
|     void_compute_output_buffer_2d_array_const_ap_shift_reg_n_chan_stream_weig_90_reg_1096    |   12   |
|     void_compute_output_buffer_2d_array_const_ap_shift_reg_n_chan_stream_weig_91_reg_1108    |   12   |
|     void_compute_output_buffer_2d_array_const_ap_shift_reg_n_chan_stream_weig_92_reg_1120    |   12   |
|     void_compute_output_buffer_2d_array_const_ap_shift_reg_n_chan_stream_weig_93_reg_1132    |   12   |
|     void_compute_output_buffer_2d_array_const_ap_shift_reg_n_chan_stream_weig_94_reg_1144    |   12   |
|     void_compute_output_buffer_2d_array_const_ap_shift_reg_n_chan_stream_weig_95_reg_1156    |   12   |
|     void_compute_output_buffer_2d_array_const_ap_shift_reg_n_chan_stream_weig_96_reg_1168    |   12   |
|     void_compute_output_buffer_2d_array_const_ap_shift_reg_n_chan_stream_weig_97_reg_2033    |   12   |
|     void_compute_output_buffer_2d_array_const_ap_shift_reg_n_chan_stream_weig_98_reg_2038    |   12   |
|     void_compute_output_buffer_2d_array_const_ap_shift_reg_n_chan_stream_weig_99_reg_2043    |   12   |
|                                       w9_addr_reg_2213                                       |    5   |
|                                         w_10_reg_2287                                        |   12   |
|                                         w_1_reg_2242                                         |   12   |
|                                         w_2_reg_2247                                         |   12   |
|                                         w_3_reg_2252                                         |   12   |
|                                         w_4_reg_2257                                         |   12   |
|                                         w_5_reg_2262                                         |   12   |
|                                         w_6_reg_2267                                         |   12   |
|                                         w_7_reg_2272                                         |   12   |
|                                         w_8_reg_2277                                         |   12   |
|                                         w_9_reg_2282                                         |   12   |
|                                       w_index3_reg_230                                       |    5   |
|                                       w_index_reg_2218                                       |    5   |
|                                          w_reg_2232                                          |   12   |
+----------------------------------------------------------------------------------------------+--------+
|                                             Total                                            |  1763  |
+----------------------------------------------------------------------------------------------+--------+

* Multiplexer (MUX) list: 
|-------------------|------|------|------|--------||---------||---------|
|        Comp       |  Pin | Size |  BW  | S x BW ||  Delay  ||   LUT   |
|-------------------|------|------|------|--------||---------||---------|
| grp_access_fu_209 |  p0  |   2  |   5  |   10   ||    9    |
|-------------------|------|------|------|--------||---------||---------|
|       Total       |      |      |      |   10   ||  0.538  ||    9    |
|-------------------|------|------|------|--------||---------||---------|



* Summary:
+-----------+--------+--------+--------+--------+
|           |   DSP  |  Delay |   FF   |   LUT  |
+-----------+--------+--------+--------+--------+
|  Function |   12   |    -   |    0   |   458  |
|   Memory  |    -   |    -   |    -   |    -   |
|Multiplexer|    -   |    0   |    -   |    9   |
|  Register |    -   |    -   |  1763  |    -   |
+-----------+--------+--------+--------+--------+
|   Total   |   12   |    0   |  1763  |   467  |
+-----------+--------+--------+--------+--------+
