

================================================================
== Vitis HLS Report for 'dense_resource_rf_leq_nin_ap_fixed_ap_fixed_12_6_5_3_0_config12_mult_s'
================================================================
* Date:           Wed Apr 22 16:01:59 2026

* Version:        2023.2 (Build 4023990 on Oct 11 2023)
* Project:        folo_prj
* Solution:       solution1 (Vivado IP Flow Target)
* Product family: kintexu
* Target device:  xcku035-fbva676-2-e


================================================================
== Performance Estimates
================================================================
+ Timing: 
    * Summary: 
    +--------+---------+----------+------------+
    |  Clock |  Target | Estimated| Uncertainty|
    +--------+---------+----------+------------+
    |ap_clk  |  5.00 ns|  3.434 ns|     1.35 ns|
    +--------+---------+----------+------------+

+ Latency: 
    * Summary: 
    +---------+---------+----------+----------+-----+-----+------------------------------------------+
    |  Latency (cycles) |  Latency (absolute) |  Interval |                 Pipeline                 |
    |   min   |   max   |    min   |    max   | min | max |                   Type                   |
    +---------+---------+----------+----------+-----+-----+------------------------------------------+
    |       20|       21|  0.100 us|  0.105 us|   18|   18|  loop rewind stp(delay=0 clock cycles(s))|
    +---------+---------+----------+----------+-----+-----+------------------------------------------+

    + Detail: 
        * Instance: 
        N/A

        * Loop: 
        +-------------+---------+---------+----------+-----------+-----------+------+----------+
        |             |  Latency (cycles) | Iteration|  Initiation Interval  | Trip |          |
        |  Loop Name  |   min   |   max   |  Latency |  achieved |   target  | Count| Pipelined|
        +-------------+---------+---------+----------+-----------+-----------+------+----------+
        |- ReuseLoop  |       20|       20|         4|          1|          1|    18|       yes|
        +-------------+---------+---------+----------+-----------+-----------+------+----------+

============================================================
+ Verbose Summary: Synthesis Manager
============================================================
InlineROM: 1
ExposeGlobal: 0
============================================================
+ Verbose Summary: CDFG Model
============================================================
IsTopModel: 0
ResetActiveHigh: 1
IsCombinational: 0
IsDatapathOnly: 0
HasWiredReturn: 1
HasMFsm: 2
HasVarLatency: 1
IsPipeline: 0
IsRtlPipelined: 0
IsInstanceOverlapped: 0
IsDontTouch: 0
HasImplIP: 0
IsGatedGlobalClock: 0

+ Individual pipeline summary: 
  * Pipeline-0: initiation interval (II) = 1, depth = 4


============================================================
+ Verbose Summary: Schedule
============================================================
* Number of FSM states : 4
* Pipeline : 1
  Pipeline-0 : II = 1, D = 4, States = { 1 2 3 4 }
* Dataflow Pipeline: 0

* FSM state transitions: 
1 --> 2 
2 --> 3 
3 --> 4 
4 --> 

* FSM state operations: 

State 1 <SV = 0> <Delay = 2.30>
ST_1 : Operation 6 [1/1] (0.53ns)   --->   "%br_ln46 = br void %rewind_header" [firmware/nnet_utils/nnet_dense_resource.h:46]   --->   Operation 6 'br' 'br_ln46' <Predicate = true> <Delay = 0.53>
ST_1 : Operation 7 [1/1] (0.00ns)   --->   "%do_init = phi i1 1, void %entry, i1 0, void %MultLoop.split.i, i1 1, void %dense_resource_rf_leq_nin<ap_fixed<12, 6, 5, 3, 0>, ap_fixed<12, 6, 5, 3, 0>, config12_mult>.exit"   --->   Operation 7 'phi' 'do_init' <Predicate = true> <Delay = 0.00>
ST_1 : Operation 8 [1/1] (0.00ns)   --->   "%w_index3 = phi i5 0, void %entry, i5 %w_index, void %MultLoop.split.i, i5 0, void %dense_resource_rf_leq_nin<ap_fixed<12, 6, 5, 3, 0>, ap_fixed<12, 6, 5, 3, 0>, config12_mult>.exit"   --->   Operation 8 'phi' 'w_index3' <Predicate = true> <Delay = 0.00>
ST_1 : Operation 9 [1/1] (0.00ns)   --->   "%specmemcore_ln0 = specmemcore void @_ssdm_op_SpecMemCore, i210 %w12, i64 666, i64 38, i64 18446744073709551615"   --->   Operation 9 'specmemcore' 'specmemcore_ln0' <Predicate = (do_init)> <Delay = 0.00>
ST_1 : Operation 10 [1/1] (0.00ns)   --->   "%void_compute_output_buffer_2d_array_const_ap_shift_reg_n_chan_stream_weig_217 = load i12 %void_compute_output_buffer_2d_array_const_ap_shift_reg_n_chan_stream_weig_29"   --->   Operation 10 'load' 'void_compute_output_buffer_2d_array_const_ap_shift_reg_n_chan_stream_weig_217' <Predicate = (do_init)> <Delay = 0.00>
ST_1 : Operation 11 [1/1] (0.00ns)   --->   "%void_compute_output_buffer_2d_array_const_ap_shift_reg_n_chan_stream_weig_218 = load i12 %void_compute_output_buffer_2d_array_const_ap_shift_reg_n_chan_stream_weig_28"   --->   Operation 11 'load' 'void_compute_output_buffer_2d_array_const_ap_shift_reg_n_chan_stream_weig_218' <Predicate = (do_init)> <Delay = 0.00>
ST_1 : Operation 12 [1/1] (0.00ns)   --->   "%void_compute_output_buffer_2d_array_const_ap_shift_reg_n_chan_stream_weig_219 = load i12 %void_compute_output_buffer_2d_array_const_ap_shift_reg_n_chan_stream_weig_27"   --->   Operation 12 'load' 'void_compute_output_buffer_2d_array_const_ap_shift_reg_n_chan_stream_weig_219' <Predicate = (do_init)> <Delay = 0.00>
ST_1 : Operation 13 [1/1] (0.00ns)   --->   "%void_compute_output_buffer_2d_array_const_ap_shift_reg_n_chan_stream_weig_220 = load i12 %void_compute_output_buffer_2d_array_const_ap_shift_reg_n_chan_stream_weig_26"   --->   Operation 13 'load' 'void_compute_output_buffer_2d_array_const_ap_shift_reg_n_chan_stream_weig_220' <Predicate = (do_init)> <Delay = 0.00>
ST_1 : Operation 14 [1/1] (0.00ns)   --->   "%void_compute_output_buffer_2d_array_const_ap_shift_reg_n_chan_stream_weig_221 = load i12 %void_compute_output_buffer_2d_array_const_ap_shift_reg_n_chan_stream_weig_25"   --->   Operation 14 'load' 'void_compute_output_buffer_2d_array_const_ap_shift_reg_n_chan_stream_weig_221' <Predicate = (do_init)> <Delay = 0.00>
ST_1 : Operation 15 [1/1] (0.00ns)   --->   "%void_compute_output_buffer_2d_array_const_ap_shift_reg_n_chan_stream_weig_222 = load i12 %void_compute_output_buffer_2d_array_const_ap_shift_reg_n_chan_stream_weig_24"   --->   Operation 15 'load' 'void_compute_output_buffer_2d_array_const_ap_shift_reg_n_chan_stream_weig_222' <Predicate = (do_init)> <Delay = 0.00>
ST_1 : Operation 16 [1/1] (0.00ns)   --->   "%void_compute_output_buffer_2d_array_const_ap_shift_reg_n_chan_stream_weig_223 = load i12 %void_compute_output_buffer_2d_array_const_ap_shift_reg_n_chan_stream_weig_23"   --->   Operation 16 'load' 'void_compute_output_buffer_2d_array_const_ap_shift_reg_n_chan_stream_weig_223' <Predicate = (do_init)> <Delay = 0.00>
ST_1 : Operation 17 [1/1] (0.00ns)   --->   "%void_compute_output_buffer_2d_array_const_ap_shift_reg_n_chan_stream_weig_224 = load i12 %void_compute_output_buffer_2d_array_const_ap_shift_reg_n_chan_stream_weig_22"   --->   Operation 17 'load' 'void_compute_output_buffer_2d_array_const_ap_shift_reg_n_chan_stream_weig_224' <Predicate = (do_init)> <Delay = 0.00>
ST_1 : Operation 18 [1/1] (0.00ns)   --->   "%void_compute_output_buffer_2d_array_const_ap_shift_reg_n_chan_stream_weig_225 = load i12 %void_compute_output_buffer_2d_array_const_ap_shift_reg_n_chan_stream_weig_21"   --->   Operation 18 'load' 'void_compute_output_buffer_2d_array_const_ap_shift_reg_n_chan_stream_weig_225' <Predicate = (do_init)> <Delay = 0.00>
ST_1 : Operation 19 [1/1] (0.00ns)   --->   "%void_compute_output_buffer_2d_array_const_ap_shift_reg_n_chan_stream_weig_226 = load i12 %void_compute_output_buffer_2d_array_const_ap_shift_reg_n_chan_stream_weig_20"   --->   Operation 19 'load' 'void_compute_output_buffer_2d_array_const_ap_shift_reg_n_chan_stream_weig_226' <Predicate = (do_init)> <Delay = 0.00>
ST_1 : Operation 20 [1/1] (0.00ns)   --->   "%p_ZZN4nnet24compute_output_buffer_2dINS_5arrayI8ap_fixedILi12ELi6EL9ap_q_mode5EL9_967 = load i12 %p_ZZN4nnet24compute_output_buffer_2dINS_5arrayI8ap_fixedILi12ELi6EL9ap_q_mode5EL9_297"   --->   Operation 20 'load' 'p_ZZN4nnet24compute_output_buffer_2dINS_5arrayI8ap_fixedILi12ELi6EL9ap_q_mode5EL9_967' <Predicate = (do_init)> <Delay = 0.00>
ST_1 : Operation 21 [1/1] (0.00ns)   --->   "%p_ZZN4nnet24compute_output_buffer_2dINS_5arrayI8ap_fixedILi12ELi6EL9ap_q_mode5EL9_968 = load i12 %p_ZZN4nnet24compute_output_buffer_2dINS_5arrayI8ap_fixedILi12ELi6EL9ap_q_mode5EL9_298"   --->   Operation 21 'load' 'p_ZZN4nnet24compute_output_buffer_2dINS_5arrayI8ap_fixedILi12ELi6EL9ap_q_mode5EL9_968' <Predicate = (do_init)> <Delay = 0.00>
ST_1 : Operation 22 [1/1] (0.00ns)   --->   "%p_ZZN4nnet24compute_output_buffer_2dINS_5arrayI8ap_fixedILi12ELi6EL9ap_q_mode5EL9_969 = load i12 %p_ZZN4nnet24compute_output_buffer_2dINS_5arrayI8ap_fixedILi12ELi6EL9ap_q_mode5EL9_299"   --->   Operation 22 'load' 'p_ZZN4nnet24compute_output_buffer_2dINS_5arrayI8ap_fixedILi12ELi6EL9ap_q_mode5EL9_969' <Predicate = (do_init)> <Delay = 0.00>
ST_1 : Operation 23 [1/1] (0.00ns)   --->   "%p_ZZN4nnet24compute_output_buffer_2dINS_5arrayI8ap_fixedILi12ELi6EL9ap_q_mode5EL9_970 = load i12 %p_ZZN4nnet24compute_output_buffer_2dINS_5arrayI8ap_fixedILi12ELi6EL9ap_q_mode5EL9_300"   --->   Operation 23 'load' 'p_ZZN4nnet24compute_output_buffer_2dINS_5arrayI8ap_fixedILi12ELi6EL9ap_q_mode5EL9_970' <Predicate = (do_init)> <Delay = 0.00>
ST_1 : Operation 24 [1/1] (0.00ns)   --->   "%p_ZZN4nnet24compute_output_buffer_2dINS_5arrayI8ap_fixedILi12ELi6EL9ap_q_mode5EL9_971 = load i12 %p_ZZN4nnet24compute_output_buffer_2dINS_5arrayI8ap_fixedILi12ELi6EL9ap_q_mode5EL9_301"   --->   Operation 24 'load' 'p_ZZN4nnet24compute_output_buffer_2dINS_5arrayI8ap_fixedILi12ELi6EL9ap_q_mode5EL9_971' <Predicate = (do_init)> <Delay = 0.00>
ST_1 : Operation 25 [1/1] (0.00ns)   --->   "%p_ZZN4nnet24compute_output_buffer_2dINS_5arrayI8ap_fixedILi12ELi6EL9ap_q_mode5EL9_972 = load i12 %p_ZZN4nnet24compute_output_buffer_2dINS_5arrayI8ap_fixedILi12ELi6EL9ap_q_mode5EL9_302"   --->   Operation 25 'load' 'p_ZZN4nnet24compute_output_buffer_2dINS_5arrayI8ap_fixedILi12ELi6EL9ap_q_mode5EL9_972' <Predicate = (do_init)> <Delay = 0.00>
ST_1 : Operation 26 [1/1] (0.00ns)   --->   "%p_ZZN4nnet24compute_output_buffer_2dINS_5arrayI8ap_fixedILi12ELi6EL9ap_q_mode5EL9_973 = load i12 %p_ZZN4nnet24compute_output_buffer_2dINS_5arrayI8ap_fixedILi12ELi6EL9ap_q_mode5EL9_99"   --->   Operation 26 'load' 'p_ZZN4nnet24compute_output_buffer_2dINS_5arrayI8ap_fixedILi12ELi6EL9ap_q_mode5EL9_973' <Predicate = (do_init)> <Delay = 0.00>
ST_1 : Operation 27 [1/1] (0.00ns)   --->   "%p_ZZN4nnet24compute_output_buffer_2dINS_5arrayI8ap_fixedILi12ELi6EL9ap_q_mode5EL9_974 = load i12 %p_ZZN4nnet24compute_output_buffer_2dINS_5arrayI8ap_fixedILi12ELi6EL9ap_q_mode5EL9_98"   --->   Operation 27 'load' 'p_ZZN4nnet24compute_output_buffer_2dINS_5arrayI8ap_fixedILi12ELi6EL9ap_q_mode5EL9_974' <Predicate = (do_init)> <Delay = 0.00>
ST_1 : Operation 28 [1/1] (0.00ns)   --->   "%p_ZZN4nnet24compute_output_buffer_2dINS_5arrayI8ap_fixedILi12ELi6EL9ap_q_mode5EL9_975 = load i12 %p_ZZN4nnet24compute_output_buffer_2dINS_5arrayI8ap_fixedILi12ELi6EL9ap_q_mode5EL9_97"   --->   Operation 28 'load' 'p_ZZN4nnet24compute_output_buffer_2dINS_5arrayI8ap_fixedILi12ELi6EL9ap_q_mode5EL9_975' <Predicate = (do_init)> <Delay = 0.00>
ST_1 : Operation 29 [1/1] (0.00ns)   --->   "%p_ZZN4nnet24compute_output_buffer_2dINS_5arrayI8ap_fixedILi12ELi6EL9ap_q_mode5EL9_976 = load i12 %p_ZZN4nnet24compute_output_buffer_2dINS_5arrayI8ap_fixedILi12ELi6EL9ap_q_mode5EL9_96"   --->   Operation 29 'load' 'p_ZZN4nnet24compute_output_buffer_2dINS_5arrayI8ap_fixedILi12ELi6EL9ap_q_mode5EL9_976' <Predicate = (do_init)> <Delay = 0.00>
ST_1 : Operation 30 [1/1] (0.00ns)   --->   "%p_ZZN4nnet24compute_output_buffer_2dINS_5arrayI8ap_fixedILi12ELi6EL9ap_q_mode5EL9_977 = load i12 %p_ZZN4nnet24compute_output_buffer_2dINS_5arrayI8ap_fixedILi12ELi6EL9ap_q_mode5EL9_95"   --->   Operation 30 'load' 'p_ZZN4nnet24compute_output_buffer_2dINS_5arrayI8ap_fixedILi12ELi6EL9ap_q_mode5EL9_977' <Predicate = (do_init)> <Delay = 0.00>
ST_1 : Operation 31 [1/1] (0.00ns)   --->   "%p_ZZN4nnet24compute_output_buffer_2dINS_5arrayI8ap_fixedILi12ELi6EL9ap_q_mode5EL9_978 = load i12 %p_ZZN4nnet24compute_output_buffer_2dINS_5arrayI8ap_fixedILi12ELi6EL9ap_q_mode5EL9_94"   --->   Operation 31 'load' 'p_ZZN4nnet24compute_output_buffer_2dINS_5arrayI8ap_fixedILi12ELi6EL9ap_q_mode5EL9_978' <Predicate = (do_init)> <Delay = 0.00>
ST_1 : Operation 32 [1/1] (0.00ns)   --->   "%p_ZZN4nnet24compute_output_buffer_2dINS_5arrayI8ap_fixedILi12ELi6EL9ap_q_mode5EL9_979 = load i12 %p_ZZN4nnet24compute_output_buffer_2dINS_5arrayI8ap_fixedILi12ELi6EL9ap_q_mode5EL9_93"   --->   Operation 32 'load' 'p_ZZN4nnet24compute_output_buffer_2dINS_5arrayI8ap_fixedILi12ELi6EL9ap_q_mode5EL9_979' <Predicate = (do_init)> <Delay = 0.00>
ST_1 : Operation 33 [1/1] (0.00ns)   --->   "%p_ZZN4nnet24compute_output_buffer_2dINS_5arrayI8ap_fixedILi12ELi6EL9ap_q_mode5EL9_980 = load i12 %p_ZZN4nnet24compute_output_buffer_2dINS_5arrayI8ap_fixedILi12ELi6EL9ap_q_mode5EL9_92"   --->   Operation 33 'load' 'p_ZZN4nnet24compute_output_buffer_2dINS_5arrayI8ap_fixedILi12ELi6EL9ap_q_mode5EL9_980' <Predicate = (do_init)> <Delay = 0.00>
ST_1 : Operation 34 [1/1] (0.00ns)   --->   "%p_ZZN4nnet24compute_output_buffer_2dINS_5arrayI8ap_fixedILi12ELi6EL9ap_q_mode5EL9_981 = load i12 %p_ZZN4nnet24compute_output_buffer_2dINS_5arrayI8ap_fixedILi12ELi6EL9ap_q_mode5EL9_91"   --->   Operation 34 'load' 'p_ZZN4nnet24compute_output_buffer_2dINS_5arrayI8ap_fixedILi12ELi6EL9ap_q_mode5EL9_981' <Predicate = (do_init)> <Delay = 0.00>
ST_1 : Operation 35 [1/1] (0.00ns)   --->   "%p_ZZN4nnet24compute_output_buffer_2dINS_5arrayI8ap_fixedILi12ELi6EL9ap_q_mode5EL9_982 = load i12 %p_ZZN4nnet24compute_output_buffer_2dINS_5arrayI8ap_fixedILi12ELi6EL9ap_q_mode5EL9_90"   --->   Operation 35 'load' 'p_ZZN4nnet24compute_output_buffer_2dINS_5arrayI8ap_fixedILi12ELi6EL9ap_q_mode5EL9_982' <Predicate = (do_init)> <Delay = 0.00>
ST_1 : Operation 36 [1/1] (0.00ns)   --->   "%p_ZZN4nnet24compute_output_buffer_2dINS_5arrayI8ap_fixedILi12ELi6EL9ap_q_mode5EL9_983 = load i12 %p_ZZN4nnet24compute_output_buffer_2dINS_5arrayI8ap_fixedILi12ELi6EL9ap_q_mode5EL9_89"   --->   Operation 36 'load' 'p_ZZN4nnet24compute_output_buffer_2dINS_5arrayI8ap_fixedILi12ELi6EL9ap_q_mode5EL9_983' <Predicate = (do_init)> <Delay = 0.00>
ST_1 : Operation 37 [1/1] (0.00ns)   --->   "%p_ZZN4nnet24compute_output_buffer_2dINS_5arrayI8ap_fixedILi12ELi6EL9ap_q_mode5EL9_984 = load i12 %p_ZZN4nnet24compute_output_buffer_2dINS_5arrayI8ap_fixedILi12ELi6EL9ap_q_mode5EL9_88"   --->   Operation 37 'load' 'p_ZZN4nnet24compute_output_buffer_2dINS_5arrayI8ap_fixedILi12ELi6EL9ap_q_mode5EL9_984' <Predicate = (do_init)> <Delay = 0.00>
ST_1 : Operation 38 [1/1] (0.00ns)   --->   "%p_ZZN4nnet24compute_output_buffer_2dINS_5arrayI8ap_fixedILi12ELi6EL9ap_q_mode5EL9_985 = load i12 %p_ZZN4nnet24compute_output_buffer_2dINS_5arrayI8ap_fixedILi12ELi6EL9ap_q_mode5EL9_87"   --->   Operation 38 'load' 'p_ZZN4nnet24compute_output_buffer_2dINS_5arrayI8ap_fixedILi12ELi6EL9ap_q_mode5EL9_985' <Predicate = (do_init)> <Delay = 0.00>
ST_1 : Operation 39 [1/1] (0.00ns)   --->   "%p_ZZN4nnet24compute_output_buffer_2dINS_5arrayI8ap_fixedILi12ELi6EL9ap_q_mode5EL9_986 = load i12 %p_ZZN4nnet24compute_output_buffer_2dINS_5arrayI8ap_fixedILi12ELi6EL9ap_q_mode5EL9_86"   --->   Operation 39 'load' 'p_ZZN4nnet24compute_output_buffer_2dINS_5arrayI8ap_fixedILi12ELi6EL9ap_q_mode5EL9_986' <Predicate = (do_init)> <Delay = 0.00>
ST_1 : Operation 40 [1/1] (0.00ns)   --->   "%p_ZZN4nnet24compute_output_buffer_2dINS_5arrayI8ap_fixedILi12ELi6EL9ap_q_mode5EL9_987 = load i12 %p_ZZN4nnet24compute_output_buffer_2dINS_5arrayI8ap_fixedILi12ELi6EL9ap_q_mode5EL9_85"   --->   Operation 40 'load' 'p_ZZN4nnet24compute_output_buffer_2dINS_5arrayI8ap_fixedILi12ELi6EL9ap_q_mode5EL9_987' <Predicate = (do_init)> <Delay = 0.00>
ST_1 : Operation 41 [1/1] (0.00ns)   --->   "%p_ZZN4nnet24compute_output_buffer_2dINS_5arrayI8ap_fixedILi12ELi6EL9ap_q_mode5EL9_988 = load i12 %p_ZZN4nnet24compute_output_buffer_2dINS_5arrayI8ap_fixedILi12ELi6EL9ap_q_mode5EL9_84"   --->   Operation 41 'load' 'p_ZZN4nnet24compute_output_buffer_2dINS_5arrayI8ap_fixedILi12ELi6EL9ap_q_mode5EL9_988' <Predicate = (do_init)> <Delay = 0.00>
ST_1 : Operation 42 [1/1] (0.00ns)   --->   "%p_ZZN4nnet24compute_output_buffer_2dINS_5arrayI8ap_fixedILi12ELi6EL9ap_q_mode5EL9_989 = load i12 %p_ZZN4nnet24compute_output_buffer_2dINS_5arrayI8ap_fixedILi12ELi6EL9ap_q_mode5EL9_83"   --->   Operation 42 'load' 'p_ZZN4nnet24compute_output_buffer_2dINS_5arrayI8ap_fixedILi12ELi6EL9ap_q_mode5EL9_989' <Predicate = (do_init)> <Delay = 0.00>
ST_1 : Operation 43 [1/1] (0.00ns)   --->   "%p_ZZN4nnet24compute_output_buffer_2dINS_5arrayI8ap_fixedILi12ELi6EL9ap_q_mode5EL9_990 = load i12 %p_ZZN4nnet24compute_output_buffer_2dINS_5arrayI8ap_fixedILi12ELi6EL9ap_q_mode5EL9_82"   --->   Operation 43 'load' 'p_ZZN4nnet24compute_output_buffer_2dINS_5arrayI8ap_fixedILi12ELi6EL9ap_q_mode5EL9_990' <Predicate = (do_init)> <Delay = 0.00>
ST_1 : Operation 44 [1/1] (0.00ns)   --->   "%p_ZZN4nnet24compute_output_buffer_2dINS_5arrayI8ap_fixedILi12ELi6EL9ap_q_mode5EL9_991 = load i12 %p_ZZN4nnet24compute_output_buffer_2dINS_5arrayI8ap_fixedILi12ELi6EL9ap_q_mode5EL9_81"   --->   Operation 44 'load' 'p_ZZN4nnet24compute_output_buffer_2dINS_5arrayI8ap_fixedILi12ELi6EL9ap_q_mode5EL9_991' <Predicate = (do_init)> <Delay = 0.00>
ST_1 : Operation 45 [1/1] (0.00ns)   --->   "%p_ZZN4nnet24compute_output_buffer_2dINS_5arrayI8ap_fixedILi12ELi6EL9ap_q_mode5EL9_992 = load i12 %p_ZZN4nnet24compute_output_buffer_2dINS_5arrayI8ap_fixedILi12ELi6EL9ap_q_mode5EL9_80"   --->   Operation 45 'load' 'p_ZZN4nnet24compute_output_buffer_2dINS_5arrayI8ap_fixedILi12ELi6EL9ap_q_mode5EL9_992' <Predicate = (do_init)> <Delay = 0.00>
ST_1 : Operation 46 [1/1] (0.00ns)   --->   "%p_ZZN4nnet24compute_output_buffer_2dINS_5arrayI8ap_fixedILi12ELi6EL9ap_q_mode5EL9_993 = load i12 %p_ZZN4nnet24compute_output_buffer_2dINS_5arrayI8ap_fixedILi12ELi6EL9ap_q_mode5EL9_79"   --->   Operation 46 'load' 'p_ZZN4nnet24compute_output_buffer_2dINS_5arrayI8ap_fixedILi12ELi6EL9ap_q_mode5EL9_993' <Predicate = (do_init)> <Delay = 0.00>
ST_1 : Operation 47 [1/1] (0.00ns)   --->   "%p_ZZN4nnet24compute_output_buffer_2dINS_5arrayI8ap_fixedILi12ELi6EL9ap_q_mode5EL9_994 = load i12 %p_ZZN4nnet24compute_output_buffer_2dINS_5arrayI8ap_fixedILi12ELi6EL9ap_q_mode5EL9_78"   --->   Operation 47 'load' 'p_ZZN4nnet24compute_output_buffer_2dINS_5arrayI8ap_fixedILi12ELi6EL9ap_q_mode5EL9_994' <Predicate = (do_init)> <Delay = 0.00>
ST_1 : Operation 48 [1/1] (0.00ns)   --->   "%p_ZZN4nnet24compute_output_buffer_2dINS_5arrayI8ap_fixedILi12ELi6EL9ap_q_mode5EL9_995 = load i12 %p_ZZN4nnet24compute_output_buffer_2dINS_5arrayI8ap_fixedILi12ELi6EL9ap_q_mode5EL9_77"   --->   Operation 48 'load' 'p_ZZN4nnet24compute_output_buffer_2dINS_5arrayI8ap_fixedILi12ELi6EL9ap_q_mode5EL9_995' <Predicate = (do_init)> <Delay = 0.00>
ST_1 : Operation 49 [1/1] (0.00ns)   --->   "%p_ZZN4nnet24compute_output_buffer_2dINS_5arrayI8ap_fixedILi12ELi6EL9ap_q_mode5EL9_996 = load i12 %p_ZZN4nnet24compute_output_buffer_2dINS_5arrayI8ap_fixedILi12ELi6EL9ap_q_mode5EL9_76"   --->   Operation 49 'load' 'p_ZZN4nnet24compute_output_buffer_2dINS_5arrayI8ap_fixedILi12ELi6EL9ap_q_mode5EL9_996' <Predicate = (do_init)> <Delay = 0.00>
ST_1 : Operation 50 [1/1] (0.00ns)   --->   "%p_ZZN4nnet24compute_output_buffer_2dINS_5arrayI8ap_fixedILi12ELi6EL9ap_q_mode5EL9_997 = load i12 %p_ZZN4nnet24compute_output_buffer_2dINS_5arrayI8ap_fixedILi12ELi6EL9ap_q_mode5EL9_75"   --->   Operation 50 'load' 'p_ZZN4nnet24compute_output_buffer_2dINS_5arrayI8ap_fixedILi12ELi6EL9ap_q_mode5EL9_997' <Predicate = (do_init)> <Delay = 0.00>
ST_1 : Operation 51 [1/1] (0.00ns)   --->   "%p_ZZN4nnet24compute_output_buffer_2dINS_5arrayI8ap_fixedILi12ELi6EL9ap_q_mode5EL9_998 = load i12 %p_ZZN4nnet24compute_output_buffer_2dINS_5arrayI8ap_fixedILi12ELi6EL9ap_q_mode5EL9_74"   --->   Operation 51 'load' 'p_ZZN4nnet24compute_output_buffer_2dINS_5arrayI8ap_fixedILi12ELi6EL9ap_q_mode5EL9_998' <Predicate = (do_init)> <Delay = 0.00>
ST_1 : Operation 52 [1/1] (0.00ns)   --->   "%p_ZZN4nnet24compute_output_buffer_2dINS_5arrayI8ap_fixedILi12ELi6EL9ap_q_mode5EL9_999 = load i12 %p_ZZN4nnet24compute_output_buffer_2dINS_5arrayI8ap_fixedILi12ELi6EL9ap_q_mode5EL9_73"   --->   Operation 52 'load' 'p_ZZN4nnet24compute_output_buffer_2dINS_5arrayI8ap_fixedILi12ELi6EL9ap_q_mode5EL9_999' <Predicate = (do_init)> <Delay = 0.00>
ST_1 : Operation 53 [1/1] (0.00ns)   --->   "%p_ZZN4nnet24compute_output_buffer_2dINS_5arrayI8ap_fixedILi12ELi6EL9ap_q_mode5EL9_1000 = load i12 %p_ZZN4nnet24compute_output_buffer_2dINS_5arrayI8ap_fixedILi12ELi6EL9ap_q_mode5EL9_72"   --->   Operation 53 'load' 'p_ZZN4nnet24compute_output_buffer_2dINS_5arrayI8ap_fixedILi12ELi6EL9ap_q_mode5EL9_1000' <Predicate = (do_init)> <Delay = 0.00>
ST_1 : Operation 54 [1/1] (0.00ns)   --->   "%p_ZZN4nnet24compute_output_buffer_2dINS_5arrayI8ap_fixedILi12ELi6EL9ap_q_mode5EL9_1001 = load i12 %p_ZZN4nnet24compute_output_buffer_2dINS_5arrayI8ap_fixedILi12ELi6EL9ap_q_mode5EL9_71"   --->   Operation 54 'load' 'p_ZZN4nnet24compute_output_buffer_2dINS_5arrayI8ap_fixedILi12ELi6EL9ap_q_mode5EL9_1001' <Predicate = (do_init)> <Delay = 0.00>
ST_1 : Operation 55 [1/1] (0.00ns)   --->   "%p_ZZN4nnet24compute_output_buffer_2dINS_5arrayI8ap_fixedILi12ELi6EL9ap_q_mode5EL9_1002 = load i12 %p_ZZN4nnet24compute_output_buffer_2dINS_5arrayI8ap_fixedILi12ELi6EL9ap_q_mode5EL9_70"   --->   Operation 55 'load' 'p_ZZN4nnet24compute_output_buffer_2dINS_5arrayI8ap_fixedILi12ELi6EL9ap_q_mode5EL9_1002' <Predicate = (do_init)> <Delay = 0.00>
ST_1 : Operation 56 [1/1] (0.00ns)   --->   "%p_ZZN4nnet24compute_output_buffer_2dINS_5arrayI8ap_fixedILi12ELi6EL9ap_q_mode5EL9_1003 = load i12 %p_ZZN4nnet24compute_output_buffer_2dINS_5arrayI8ap_fixedILi12ELi6EL9ap_q_mode5EL9_69"   --->   Operation 56 'load' 'p_ZZN4nnet24compute_output_buffer_2dINS_5arrayI8ap_fixedILi12ELi6EL9ap_q_mode5EL9_1003' <Predicate = (do_init)> <Delay = 0.00>
ST_1 : Operation 57 [1/1] (0.00ns)   --->   "%p_ZZN4nnet24compute_output_buffer_2dINS_5arrayI8ap_fixedILi12ELi6EL9ap_q_mode5EL9_1004 = load i12 %p_ZZN4nnet24compute_output_buffer_2dINS_5arrayI8ap_fixedILi12ELi6EL9ap_q_mode5EL9_68"   --->   Operation 57 'load' 'p_ZZN4nnet24compute_output_buffer_2dINS_5arrayI8ap_fixedILi12ELi6EL9ap_q_mode5EL9_1004' <Predicate = (do_init)> <Delay = 0.00>
ST_1 : Operation 58 [1/1] (0.00ns)   --->   "%p_ZZN4nnet24compute_output_buffer_2dINS_5arrayI8ap_fixedILi12ELi6EL9ap_q_mode5EL9_1005 = load i12 %p_ZZN4nnet24compute_output_buffer_2dINS_5arrayI8ap_fixedILi12ELi6EL9ap_q_mode5EL9_67"   --->   Operation 58 'load' 'p_ZZN4nnet24compute_output_buffer_2dINS_5arrayI8ap_fixedILi12ELi6EL9ap_q_mode5EL9_1005' <Predicate = (do_init)> <Delay = 0.00>
ST_1 : Operation 59 [1/1] (0.00ns)   --->   "%p_ZZN4nnet24compute_output_buffer_2dINS_5arrayI8ap_fixedILi12ELi6EL9ap_q_mode5EL9_1006 = load i12 %p_ZZN4nnet24compute_output_buffer_2dINS_5arrayI8ap_fixedILi12ELi6EL9ap_q_mode5EL9_66"   --->   Operation 59 'load' 'p_ZZN4nnet24compute_output_buffer_2dINS_5arrayI8ap_fixedILi12ELi6EL9ap_q_mode5EL9_1006' <Predicate = (do_init)> <Delay = 0.00>
ST_1 : Operation 60 [1/1] (0.00ns)   --->   "%p_ZZN4nnet24compute_output_buffer_2dINS_5arrayI8ap_fixedILi12ELi6EL9ap_q_mode5EL9_1007 = load i12 %p_ZZN4nnet24compute_output_buffer_2dINS_5arrayI8ap_fixedILi12ELi6EL9ap_q_mode5EL9_65"   --->   Operation 60 'load' 'p_ZZN4nnet24compute_output_buffer_2dINS_5arrayI8ap_fixedILi12ELi6EL9ap_q_mode5EL9_1007' <Predicate = (do_init)> <Delay = 0.00>
ST_1 : Operation 61 [1/1] (0.00ns)   --->   "%p_ZZN4nnet24compute_output_buffer_2dINS_5arrayI8ap_fixedILi12ELi6EL9ap_q_mode5EL9_1008 = load i12 %p_ZZN4nnet24compute_output_buffer_2dINS_5arrayI8ap_fixedILi12ELi6EL9ap_q_mode5EL9_64"   --->   Operation 61 'load' 'p_ZZN4nnet24compute_output_buffer_2dINS_5arrayI8ap_fixedILi12ELi6EL9ap_q_mode5EL9_1008' <Predicate = (do_init)> <Delay = 0.00>
ST_1 : Operation 62 [1/1] (0.00ns)   --->   "%p_ZZN4nnet24compute_output_buffer_2dINS_5arrayI8ap_fixedILi12ELi6EL9ap_q_mode5EL9_1009 = load i12 %p_ZZN4nnet24compute_output_buffer_2dINS_5arrayI8ap_fixedILi12ELi6EL9ap_q_mode5EL9_63"   --->   Operation 62 'load' 'p_ZZN4nnet24compute_output_buffer_2dINS_5arrayI8ap_fixedILi12ELi6EL9ap_q_mode5EL9_1009' <Predicate = (do_init)> <Delay = 0.00>
ST_1 : Operation 63 [1/1] (0.00ns)   --->   "%p_ZZN4nnet24compute_output_buffer_2dINS_5arrayI8ap_fixedILi12ELi6EL9ap_q_mode5EL9_1010 = load i12 %p_ZZN4nnet24compute_output_buffer_2dINS_5arrayI8ap_fixedILi12ELi6EL9ap_q_mode5EL9_62"   --->   Operation 63 'load' 'p_ZZN4nnet24compute_output_buffer_2dINS_5arrayI8ap_fixedILi12ELi6EL9ap_q_mode5EL9_1010' <Predicate = (do_init)> <Delay = 0.00>
ST_1 : Operation 64 [1/1] (0.53ns)   --->   "%br_ln46 = br void %MultLoop.split.i" [firmware/nnet_utils/nnet_dense_resource.h:46]   --->   Operation 64 'br' 'br_ln46' <Predicate = (do_init)> <Delay = 0.53>
ST_1 : Operation 65 [1/1] (0.00ns)   --->   "%zext_ln46 = zext i5 %w_index3" [firmware/nnet_utils/nnet_dense_resource.h:46]   --->   Operation 65 'zext' 'zext_ln46' <Predicate = true> <Delay = 0.00>
ST_1 : Operation 66 [1/1] (0.00ns)   --->   "%w12_addr = getelementptr i210 %w12, i64 0, i64 %zext_ln46" [firmware/nnet_utils/nnet_dense_resource.h:59]   --->   Operation 66 'getelementptr' 'w12_addr' <Predicate = true> <Delay = 0.00>
ST_1 : Operation 67 [2/2] (1.77ns)   --->   "%w12_load = load i5 %w12_addr" [firmware/nnet_utils/nnet_dense_resource.h:59]   --->   Operation 67 'load' 'w12_load' <Predicate = true> <Delay = 1.77> <CoreInst = "ROM_nP_BRAM">   --->   Core 109 'ROM_nP_BRAM' <Latency = 1> <II = 1> <Delay = 1.77> <Storage> <Opcode : 'load'> <Ports = 0> <Width = 210> <Depth = 18> <ROM>
ST_1 : Operation 68 [1/1] (1.03ns)   --->   "%w_index = add i5 %w_index3, i5 1" [firmware/nnet_utils/nnet_dense_resource.h:46]   --->   Operation 68 'add' 'w_index' <Predicate = true> <Delay = 1.03> <CoreInst = "Adder">   --->   Core 1 'Adder' <Latency = 0> <II = 1> <Delay = 1.03> <FuncUnit> <Opcode : 'add' 'sub'> <InPorts = 2> <OutPorts = 1>
ST_1 : Operation 69 [1/1] (1.03ns)   --->   "%icmp_ln46 = icmp_eq  i5 %w_index3, i5 17" [firmware/nnet_utils/nnet_dense_resource.h:46]   --->   Operation 69 'icmp' 'icmp_ln46' <Predicate = true> <Delay = 1.03> <CoreInst = "Cmp">   --->   Core 9 'Cmp' <Latency = 0> <II = 1> <Delay = 1.03> <FuncUnit> <Opcode : 'icmp'> <InPorts = 2> <OutPorts = 1>
ST_1 : Operation 70 [1/1] (0.00ns)   --->   "%br_ln46 = br i1 %icmp_ln46, void %rewind_header, void %dense_resource_rf_leq_nin<ap_fixed<12, 6, 5, 3, 0>, ap_fixed<12, 6, 5, 3, 0>, config12_mult>.exit" [firmware/nnet_utils/nnet_dense_resource.h:46]   --->   Operation 70 'br' 'br_ln46' <Predicate = true> <Delay = 0.00>
ST_1 : Operation 71 [1/1] (0.00ns)   --->   "%br_ln0 = br void %rewind_header"   --->   Operation 71 'br' 'br_ln0' <Predicate = (icmp_ln46)> <Delay = 0.00>

State 2 <SV = 1> <Delay = 1.77>
ST_2 : Operation 72 [1/1] (0.00ns)   --->   "%p_ZZN4nnet24compute_output_buffer_2dINS_5arrayI8ap_fixedILi12ELi6EL9ap_q_mode5EL9_1011 = phi i12 0, void %entry, i12 %p_ZZN4nnet24compute_output_buffer_2dINS_5arrayI8ap_fixedILi12ELi6EL9ap_q_mode5EL9_923, void %MultLoop.split.i, i12 0, void %dense_resource_rf_leq_nin<ap_fixed<12, 6, 5, 3, 0>, ap_fixed<12, 6, 5, 3, 0>, config12_mult>.exit"   --->   Operation 72 'phi' 'p_ZZN4nnet24compute_output_buffer_2dINS_5arrayI8ap_fixedILi12ELi6EL9ap_q_mode5EL9_1011' <Predicate = true> <Delay = 0.00>
ST_2 : Operation 73 [1/1] (0.00ns)   --->   "%p_ZZN4nnet24compute_output_buffer_2dINS_5arrayI8ap_fixedILi12ELi6EL9ap_q_mode5EL9_1012 = phi i12 0, void %entry, i12 %p_ZZN4nnet24compute_output_buffer_2dINS_5arrayI8ap_fixedILi12ELi6EL9ap_q_mode5EL9_924, void %MultLoop.split.i, i12 0, void %dense_resource_rf_leq_nin<ap_fixed<12, 6, 5, 3, 0>, ap_fixed<12, 6, 5, 3, 0>, config12_mult>.exit"   --->   Operation 73 'phi' 'p_ZZN4nnet24compute_output_buffer_2dINS_5arrayI8ap_fixedILi12ELi6EL9ap_q_mode5EL9_1012' <Predicate = true> <Delay = 0.00>
ST_2 : Operation 74 [1/1] (0.00ns)   --->   "%p_ZZN4nnet24compute_output_buffer_2dINS_5arrayI8ap_fixedILi12ELi6EL9ap_q_mode5EL9_1013 = phi i12 0, void %entry, i12 %p_ZZN4nnet24compute_output_buffer_2dINS_5arrayI8ap_fixedILi12ELi6EL9ap_q_mode5EL9_925, void %MultLoop.split.i, i12 0, void %dense_resource_rf_leq_nin<ap_fixed<12, 6, 5, 3, 0>, ap_fixed<12, 6, 5, 3, 0>, config12_mult>.exit"   --->   Operation 74 'phi' 'p_ZZN4nnet24compute_output_buffer_2dINS_5arrayI8ap_fixedILi12ELi6EL9ap_q_mode5EL9_1013' <Predicate = true> <Delay = 0.00>
ST_2 : Operation 75 [1/1] (0.00ns)   --->   "%p_ZZN4nnet24compute_output_buffer_2dINS_5arrayI8ap_fixedILi12ELi6EL9ap_q_mode5EL9_1014 = phi i12 0, void %entry, i12 %p_ZZN4nnet24compute_output_buffer_2dINS_5arrayI8ap_fixedILi12ELi6EL9ap_q_mode5EL9_926, void %MultLoop.split.i, i12 0, void %dense_resource_rf_leq_nin<ap_fixed<12, 6, 5, 3, 0>, ap_fixed<12, 6, 5, 3, 0>, config12_mult>.exit"   --->   Operation 75 'phi' 'p_ZZN4nnet24compute_output_buffer_2dINS_5arrayI8ap_fixedILi12ELi6EL9ap_q_mode5EL9_1014' <Predicate = true> <Delay = 0.00>
ST_2 : Operation 76 [1/1] (0.00ns)   --->   "%p_ZZN4nnet24compute_output_buffer_2dINS_5arrayI8ap_fixedILi12ELi6EL9ap_q_mode5EL9_1015 = phi i12 0, void %entry, i12 %p_ZZN4nnet24compute_output_buffer_2dINS_5arrayI8ap_fixedILi12ELi6EL9ap_q_mode5EL9_927, void %MultLoop.split.i, i12 0, void %dense_resource_rf_leq_nin<ap_fixed<12, 6, 5, 3, 0>, ap_fixed<12, 6, 5, 3, 0>, config12_mult>.exit"   --->   Operation 76 'phi' 'p_ZZN4nnet24compute_output_buffer_2dINS_5arrayI8ap_fixedILi12ELi6EL9ap_q_mode5EL9_1015' <Predicate = true> <Delay = 0.00>
ST_2 : Operation 77 [1/1] (0.00ns)   --->   "%p_ZZN4nnet24compute_output_buffer_2dINS_5arrayI8ap_fixedILi12ELi6EL9ap_q_mode5EL9_1016 = phi i12 0, void %entry, i12 %p_ZZN4nnet24compute_output_buffer_2dINS_5arrayI8ap_fixedILi12ELi6EL9ap_q_mode5EL9_928, void %MultLoop.split.i, i12 0, void %dense_resource_rf_leq_nin<ap_fixed<12, 6, 5, 3, 0>, ap_fixed<12, 6, 5, 3, 0>, config12_mult>.exit"   --->   Operation 77 'phi' 'p_ZZN4nnet24compute_output_buffer_2dINS_5arrayI8ap_fixedILi12ELi6EL9ap_q_mode5EL9_1016' <Predicate = true> <Delay = 0.00>
ST_2 : Operation 78 [1/1] (0.00ns)   --->   "%p_ZZN4nnet24compute_output_buffer_2dINS_5arrayI8ap_fixedILi12ELi6EL9ap_q_mode5EL9_1017 = phi i12 0, void %entry, i12 %p_ZZN4nnet24compute_output_buffer_2dINS_5arrayI8ap_fixedILi12ELi6EL9ap_q_mode5EL9_929, void %MultLoop.split.i, i12 0, void %dense_resource_rf_leq_nin<ap_fixed<12, 6, 5, 3, 0>, ap_fixed<12, 6, 5, 3, 0>, config12_mult>.exit"   --->   Operation 78 'phi' 'p_ZZN4nnet24compute_output_buffer_2dINS_5arrayI8ap_fixedILi12ELi6EL9ap_q_mode5EL9_1017' <Predicate = true> <Delay = 0.00>
ST_2 : Operation 79 [1/1] (0.00ns)   --->   "%p_ZZN4nnet24compute_output_buffer_2dINS_5arrayI8ap_fixedILi12ELi6EL9ap_q_mode5EL9_1018 = phi i12 0, void %entry, i12 %p_ZZN4nnet24compute_output_buffer_2dINS_5arrayI8ap_fixedILi12ELi6EL9ap_q_mode5EL9_930, void %MultLoop.split.i, i12 0, void %dense_resource_rf_leq_nin<ap_fixed<12, 6, 5, 3, 0>, ap_fixed<12, 6, 5, 3, 0>, config12_mult>.exit"   --->   Operation 79 'phi' 'p_ZZN4nnet24compute_output_buffer_2dINS_5arrayI8ap_fixedILi12ELi6EL9ap_q_mode5EL9_1018' <Predicate = true> <Delay = 0.00>
ST_2 : Operation 80 [1/1] (0.00ns)   --->   "%p_ZZN4nnet24compute_output_buffer_2dINS_5arrayI8ap_fixedILi12ELi6EL9ap_q_mode5EL9_1019 = phi i12 0, void %entry, i12 %p_ZZN4nnet24compute_output_buffer_2dINS_5arrayI8ap_fixedILi12ELi6EL9ap_q_mode5EL9_931, void %MultLoop.split.i, i12 0, void %dense_resource_rf_leq_nin<ap_fixed<12, 6, 5, 3, 0>, ap_fixed<12, 6, 5, 3, 0>, config12_mult>.exit"   --->   Operation 80 'phi' 'p_ZZN4nnet24compute_output_buffer_2dINS_5arrayI8ap_fixedILi12ELi6EL9ap_q_mode5EL9_1019' <Predicate = true> <Delay = 0.00>
ST_2 : Operation 81 [1/1] (0.00ns)   --->   "%p_ZZN4nnet24compute_output_buffer_2dINS_5arrayI8ap_fixedILi12ELi6EL9ap_q_mode5EL9_1020 = phi i12 0, void %entry, i12 %p_ZZN4nnet24compute_output_buffer_2dINS_5arrayI8ap_fixedILi12ELi6EL9ap_q_mode5EL9_932, void %MultLoop.split.i, i12 0, void %dense_resource_rf_leq_nin<ap_fixed<12, 6, 5, 3, 0>, ap_fixed<12, 6, 5, 3, 0>, config12_mult>.exit"   --->   Operation 81 'phi' 'p_ZZN4nnet24compute_output_buffer_2dINS_5arrayI8ap_fixedILi12ELi6EL9ap_q_mode5EL9_1020' <Predicate = true> <Delay = 0.00>
ST_2 : Operation 82 [1/1] (0.00ns)   --->   "%p_ZZN4nnet24compute_output_buffer_2dINS_5arrayI8ap_fixedILi12ELi6EL9ap_q_mode5EL9_1021 = phi i12 0, void %entry, i12 %p_ZZN4nnet24compute_output_buffer_2dINS_5arrayI8ap_fixedILi12ELi6EL9ap_q_mode5EL9_933, void %MultLoop.split.i, i12 0, void %dense_resource_rf_leq_nin<ap_fixed<12, 6, 5, 3, 0>, ap_fixed<12, 6, 5, 3, 0>, config12_mult>.exit"   --->   Operation 82 'phi' 'p_ZZN4nnet24compute_output_buffer_2dINS_5arrayI8ap_fixedILi12ELi6EL9ap_q_mode5EL9_1021' <Predicate = true> <Delay = 0.00>
ST_2 : Operation 83 [1/1] (0.00ns)   --->   "%p_ZZN4nnet24compute_output_buffer_2dINS_5arrayI8ap_fixedILi12ELi6EL9ap_q_mode5EL9_1022 = phi i12 0, void %entry, i12 %p_ZZN4nnet24compute_output_buffer_2dINS_5arrayI8ap_fixedILi12ELi6EL9ap_q_mode5EL9_934, void %MultLoop.split.i, i12 0, void %dense_resource_rf_leq_nin<ap_fixed<12, 6, 5, 3, 0>, ap_fixed<12, 6, 5, 3, 0>, config12_mult>.exit"   --->   Operation 83 'phi' 'p_ZZN4nnet24compute_output_buffer_2dINS_5arrayI8ap_fixedILi12ELi6EL9ap_q_mode5EL9_1022' <Predicate = true> <Delay = 0.00>
ST_2 : Operation 84 [1/1] (0.00ns)   --->   "%p_ZZN4nnet24compute_output_buffer_2dINS_5arrayI8ap_fixedILi12ELi6EL9ap_q_mode5EL9_1023 = phi i12 0, void %entry, i12 %p_ZZN4nnet24compute_output_buffer_2dINS_5arrayI8ap_fixedILi12ELi6EL9ap_q_mode5EL9_935, void %MultLoop.split.i, i12 0, void %dense_resource_rf_leq_nin<ap_fixed<12, 6, 5, 3, 0>, ap_fixed<12, 6, 5, 3, 0>, config12_mult>.exit"   --->   Operation 84 'phi' 'p_ZZN4nnet24compute_output_buffer_2dINS_5arrayI8ap_fixedILi12ELi6EL9ap_q_mode5EL9_1023' <Predicate = true> <Delay = 0.00>
ST_2 : Operation 85 [1/1] (0.00ns)   --->   "%p_ZZN4nnet24compute_output_buffer_2dINS_5arrayI8ap_fixedILi12ELi6EL9ap_q_mode5EL9_1024 = phi i12 0, void %entry, i12 %p_ZZN4nnet24compute_output_buffer_2dINS_5arrayI8ap_fixedILi12ELi6EL9ap_q_mode5EL9_936, void %MultLoop.split.i, i12 0, void %dense_resource_rf_leq_nin<ap_fixed<12, 6, 5, 3, 0>, ap_fixed<12, 6, 5, 3, 0>, config12_mult>.exit"   --->   Operation 85 'phi' 'p_ZZN4nnet24compute_output_buffer_2dINS_5arrayI8ap_fixedILi12ELi6EL9ap_q_mode5EL9_1024' <Predicate = true> <Delay = 0.00>
ST_2 : Operation 86 [1/1] (0.00ns)   --->   "%p_ZZN4nnet24compute_output_buffer_2dINS_5arrayI8ap_fixedILi12ELi6EL9ap_q_mode5EL9_1025 = phi i12 0, void %entry, i12 %p_ZZN4nnet24compute_output_buffer_2dINS_5arrayI8ap_fixedILi12ELi6EL9ap_q_mode5EL9_937, void %MultLoop.split.i, i12 0, void %dense_resource_rf_leq_nin<ap_fixed<12, 6, 5, 3, 0>, ap_fixed<12, 6, 5, 3, 0>, config12_mult>.exit"   --->   Operation 86 'phi' 'p_ZZN4nnet24compute_output_buffer_2dINS_5arrayI8ap_fixedILi12ELi6EL9ap_q_mode5EL9_1025' <Predicate = true> <Delay = 0.00>
ST_2 : Operation 87 [1/1] (0.00ns)   --->   "%p_ZZN4nnet24compute_output_buffer_2dINS_5arrayI8ap_fixedILi12ELi6EL9ap_q_mode5EL9_1026 = phi i12 0, void %entry, i12 %p_ZZN4nnet24compute_output_buffer_2dINS_5arrayI8ap_fixedILi12ELi6EL9ap_q_mode5EL9_938, void %MultLoop.split.i, i12 0, void %dense_resource_rf_leq_nin<ap_fixed<12, 6, 5, 3, 0>, ap_fixed<12, 6, 5, 3, 0>, config12_mult>.exit"   --->   Operation 87 'phi' 'p_ZZN4nnet24compute_output_buffer_2dINS_5arrayI8ap_fixedILi12ELi6EL9ap_q_mode5EL9_1026' <Predicate = true> <Delay = 0.00>
ST_2 : Operation 88 [1/1] (0.00ns)   --->   "%p_ZZN4nnet24compute_output_buffer_2dINS_5arrayI8ap_fixedILi12ELi6EL9ap_q_mode5EL9_1027 = phi i12 0, void %entry, i12 %p_ZZN4nnet24compute_output_buffer_2dINS_5arrayI8ap_fixedILi12ELi6EL9ap_q_mode5EL9_939, void %MultLoop.split.i, i12 0, void %dense_resource_rf_leq_nin<ap_fixed<12, 6, 5, 3, 0>, ap_fixed<12, 6, 5, 3, 0>, config12_mult>.exit"   --->   Operation 88 'phi' 'p_ZZN4nnet24compute_output_buffer_2dINS_5arrayI8ap_fixedILi12ELi6EL9ap_q_mode5EL9_1027' <Predicate = true> <Delay = 0.00>
ST_2 : Operation 89 [1/1] (0.00ns)   --->   "%p_ZZN4nnet24compute_output_buffer_2dINS_5arrayI8ap_fixedILi12ELi6EL9ap_q_mode5EL9_1028 = phi i12 0, void %entry, i12 %p_ZZN4nnet24compute_output_buffer_2dINS_5arrayI8ap_fixedILi12ELi6EL9ap_q_mode5EL9_940, void %MultLoop.split.i, i12 0, void %dense_resource_rf_leq_nin<ap_fixed<12, 6, 5, 3, 0>, ap_fixed<12, 6, 5, 3, 0>, config12_mult>.exit"   --->   Operation 89 'phi' 'p_ZZN4nnet24compute_output_buffer_2dINS_5arrayI8ap_fixedILi12ELi6EL9ap_q_mode5EL9_1028' <Predicate = true> <Delay = 0.00>
ST_2 : Operation 90 [1/1] (0.00ns)   --->   "%p_ZZN4nnet24compute_output_buffer_2dINS_5arrayI8ap_fixedILi12ELi6EL9ap_q_mode5EL9_1029 = phi i12 0, void %entry, i12 %p_ZZN4nnet24compute_output_buffer_2dINS_5arrayI8ap_fixedILi12ELi6EL9ap_q_mode5EL9_941, void %MultLoop.split.i, i12 0, void %dense_resource_rf_leq_nin<ap_fixed<12, 6, 5, 3, 0>, ap_fixed<12, 6, 5, 3, 0>, config12_mult>.exit"   --->   Operation 90 'phi' 'p_ZZN4nnet24compute_output_buffer_2dINS_5arrayI8ap_fixedILi12ELi6EL9ap_q_mode5EL9_1029' <Predicate = true> <Delay = 0.00>
ST_2 : Operation 91 [1/1] (0.00ns)   --->   "%p_ZZN4nnet24compute_output_buffer_2dINS_5arrayI8ap_fixedILi12ELi6EL9ap_q_mode5EL9_1030 = phi i12 0, void %entry, i12 %p_ZZN4nnet24compute_output_buffer_2dINS_5arrayI8ap_fixedILi12ELi6EL9ap_q_mode5EL9_942, void %MultLoop.split.i, i12 0, void %dense_resource_rf_leq_nin<ap_fixed<12, 6, 5, 3, 0>, ap_fixed<12, 6, 5, 3, 0>, config12_mult>.exit"   --->   Operation 91 'phi' 'p_ZZN4nnet24compute_output_buffer_2dINS_5arrayI8ap_fixedILi12ELi6EL9ap_q_mode5EL9_1030' <Predicate = true> <Delay = 0.00>
ST_2 : Operation 92 [1/1] (0.00ns)   --->   "%p_ZZN4nnet24compute_output_buffer_2dINS_5arrayI8ap_fixedILi12ELi6EL9ap_q_mode5EL9_1031 = phi i12 0, void %entry, i12 %p_ZZN4nnet24compute_output_buffer_2dINS_5arrayI8ap_fixedILi12ELi6EL9ap_q_mode5EL9_943, void %MultLoop.split.i, i12 0, void %dense_resource_rf_leq_nin<ap_fixed<12, 6, 5, 3, 0>, ap_fixed<12, 6, 5, 3, 0>, config12_mult>.exit"   --->   Operation 92 'phi' 'p_ZZN4nnet24compute_output_buffer_2dINS_5arrayI8ap_fixedILi12ELi6EL9ap_q_mode5EL9_1031' <Predicate = true> <Delay = 0.00>
ST_2 : Operation 93 [1/1] (0.00ns)   --->   "%p_ZZN4nnet24compute_output_buffer_2dINS_5arrayI8ap_fixedILi12ELi6EL9ap_q_mode5EL9_1032 = phi i12 0, void %entry, i12 %p_ZZN4nnet24compute_output_buffer_2dINS_5arrayI8ap_fixedILi12ELi6EL9ap_q_mode5EL9_944, void %MultLoop.split.i, i12 0, void %dense_resource_rf_leq_nin<ap_fixed<12, 6, 5, 3, 0>, ap_fixed<12, 6, 5, 3, 0>, config12_mult>.exit"   --->   Operation 93 'phi' 'p_ZZN4nnet24compute_output_buffer_2dINS_5arrayI8ap_fixedILi12ELi6EL9ap_q_mode5EL9_1032' <Predicate = true> <Delay = 0.00>
ST_2 : Operation 94 [1/1] (0.00ns)   --->   "%p_ZZN4nnet24compute_output_buffer_2dINS_5arrayI8ap_fixedILi12ELi6EL9ap_q_mode5EL9_1033 = phi i12 0, void %entry, i12 %p_ZZN4nnet24compute_output_buffer_2dINS_5arrayI8ap_fixedILi12ELi6EL9ap_q_mode5EL9_945, void %MultLoop.split.i, i12 0, void %dense_resource_rf_leq_nin<ap_fixed<12, 6, 5, 3, 0>, ap_fixed<12, 6, 5, 3, 0>, config12_mult>.exit"   --->   Operation 94 'phi' 'p_ZZN4nnet24compute_output_buffer_2dINS_5arrayI8ap_fixedILi12ELi6EL9ap_q_mode5EL9_1033' <Predicate = true> <Delay = 0.00>
ST_2 : Operation 95 [1/1] (0.00ns)   --->   "%p_ZZN4nnet24compute_output_buffer_2dINS_5arrayI8ap_fixedILi12ELi6EL9ap_q_mode5EL9_1034 = phi i12 0, void %entry, i12 %p_ZZN4nnet24compute_output_buffer_2dINS_5arrayI8ap_fixedILi12ELi6EL9ap_q_mode5EL9_946, void %MultLoop.split.i, i12 0, void %dense_resource_rf_leq_nin<ap_fixed<12, 6, 5, 3, 0>, ap_fixed<12, 6, 5, 3, 0>, config12_mult>.exit"   --->   Operation 95 'phi' 'p_ZZN4nnet24compute_output_buffer_2dINS_5arrayI8ap_fixedILi12ELi6EL9ap_q_mode5EL9_1034' <Predicate = true> <Delay = 0.00>
ST_2 : Operation 96 [1/1] (0.00ns)   --->   "%p_ZZN4nnet24compute_output_buffer_2dINS_5arrayI8ap_fixedILi12ELi6EL9ap_q_mode5EL9_1035 = phi i12 0, void %entry, i12 %p_ZZN4nnet24compute_output_buffer_2dINS_5arrayI8ap_fixedILi12ELi6EL9ap_q_mode5EL9_947, void %MultLoop.split.i, i12 0, void %dense_resource_rf_leq_nin<ap_fixed<12, 6, 5, 3, 0>, ap_fixed<12, 6, 5, 3, 0>, config12_mult>.exit"   --->   Operation 96 'phi' 'p_ZZN4nnet24compute_output_buffer_2dINS_5arrayI8ap_fixedILi12ELi6EL9ap_q_mode5EL9_1035' <Predicate = true> <Delay = 0.00>
ST_2 : Operation 97 [1/1] (0.00ns)   --->   "%p_ZZN4nnet24compute_output_buffer_2dINS_5arrayI8ap_fixedILi12ELi6EL9ap_q_mode5EL9_1036 = phi i12 0, void %entry, i12 %p_ZZN4nnet24compute_output_buffer_2dINS_5arrayI8ap_fixedILi12ELi6EL9ap_q_mode5EL9_948, void %MultLoop.split.i, i12 0, void %dense_resource_rf_leq_nin<ap_fixed<12, 6, 5, 3, 0>, ap_fixed<12, 6, 5, 3, 0>, config12_mult>.exit"   --->   Operation 97 'phi' 'p_ZZN4nnet24compute_output_buffer_2dINS_5arrayI8ap_fixedILi12ELi6EL9ap_q_mode5EL9_1036' <Predicate = true> <Delay = 0.00>
ST_2 : Operation 98 [1/1] (0.00ns)   --->   "%p_ZZN4nnet24compute_output_buffer_2dINS_5arrayI8ap_fixedILi12ELi6EL9ap_q_mode5EL9_1037 = phi i12 0, void %entry, i12 %p_ZZN4nnet24compute_output_buffer_2dINS_5arrayI8ap_fixedILi12ELi6EL9ap_q_mode5EL9_949, void %MultLoop.split.i, i12 0, void %dense_resource_rf_leq_nin<ap_fixed<12, 6, 5, 3, 0>, ap_fixed<12, 6, 5, 3, 0>, config12_mult>.exit"   --->   Operation 98 'phi' 'p_ZZN4nnet24compute_output_buffer_2dINS_5arrayI8ap_fixedILi12ELi6EL9ap_q_mode5EL9_1037' <Predicate = true> <Delay = 0.00>
ST_2 : Operation 99 [1/1] (0.00ns)   --->   "%p_ZZN4nnet24compute_output_buffer_2dINS_5arrayI8ap_fixedILi12ELi6EL9ap_q_mode5EL9_1038 = phi i12 0, void %entry, i12 %p_ZZN4nnet24compute_output_buffer_2dINS_5arrayI8ap_fixedILi12ELi6EL9ap_q_mode5EL9_950, void %MultLoop.split.i, i12 0, void %dense_resource_rf_leq_nin<ap_fixed<12, 6, 5, 3, 0>, ap_fixed<12, 6, 5, 3, 0>, config12_mult>.exit"   --->   Operation 99 'phi' 'p_ZZN4nnet24compute_output_buffer_2dINS_5arrayI8ap_fixedILi12ELi6EL9ap_q_mode5EL9_1038' <Predicate = true> <Delay = 0.00>
ST_2 : Operation 100 [1/1] (0.00ns)   --->   "%p_ZZN4nnet24compute_output_buffer_2dINS_5arrayI8ap_fixedILi12ELi6EL9ap_q_mode5EL9_1039 = phi i12 0, void %entry, i12 %p_ZZN4nnet24compute_output_buffer_2dINS_5arrayI8ap_fixedILi12ELi6EL9ap_q_mode5EL9_951, void %MultLoop.split.i, i12 0, void %dense_resource_rf_leq_nin<ap_fixed<12, 6, 5, 3, 0>, ap_fixed<12, 6, 5, 3, 0>, config12_mult>.exit"   --->   Operation 100 'phi' 'p_ZZN4nnet24compute_output_buffer_2dINS_5arrayI8ap_fixedILi12ELi6EL9ap_q_mode5EL9_1039' <Predicate = true> <Delay = 0.00>
ST_2 : Operation 101 [1/1] (0.00ns)   --->   "%p_ZZN4nnet24compute_output_buffer_2dINS_5arrayI8ap_fixedILi12ELi6EL9ap_q_mode5EL9_1040 = phi i12 0, void %entry, i12 %p_ZZN4nnet24compute_output_buffer_2dINS_5arrayI8ap_fixedILi12ELi6EL9ap_q_mode5EL9_952, void %MultLoop.split.i, i12 0, void %dense_resource_rf_leq_nin<ap_fixed<12, 6, 5, 3, 0>, ap_fixed<12, 6, 5, 3, 0>, config12_mult>.exit"   --->   Operation 101 'phi' 'p_ZZN4nnet24compute_output_buffer_2dINS_5arrayI8ap_fixedILi12ELi6EL9ap_q_mode5EL9_1040' <Predicate = true> <Delay = 0.00>
ST_2 : Operation 102 [1/1] (0.00ns)   --->   "%p_ZZN4nnet24compute_output_buffer_2dINS_5arrayI8ap_fixedILi12ELi6EL9ap_q_mode5EL9_1041 = phi i12 0, void %entry, i12 %p_ZZN4nnet24compute_output_buffer_2dINS_5arrayI8ap_fixedILi12ELi6EL9ap_q_mode5EL9_953, void %MultLoop.split.i, i12 0, void %dense_resource_rf_leq_nin<ap_fixed<12, 6, 5, 3, 0>, ap_fixed<12, 6, 5, 3, 0>, config12_mult>.exit"   --->   Operation 102 'phi' 'p_ZZN4nnet24compute_output_buffer_2dINS_5arrayI8ap_fixedILi12ELi6EL9ap_q_mode5EL9_1041' <Predicate = true> <Delay = 0.00>
ST_2 : Operation 103 [1/1] (0.00ns)   --->   "%p_ZZN4nnet24compute_output_buffer_2dINS_5arrayI8ap_fixedILi12ELi6EL9ap_q_mode5EL9_1042 = phi i12 0, void %entry, i12 %p_ZZN4nnet24compute_output_buffer_2dINS_5arrayI8ap_fixedILi12ELi6EL9ap_q_mode5EL9_954, void %MultLoop.split.i, i12 0, void %dense_resource_rf_leq_nin<ap_fixed<12, 6, 5, 3, 0>, ap_fixed<12, 6, 5, 3, 0>, config12_mult>.exit"   --->   Operation 103 'phi' 'p_ZZN4nnet24compute_output_buffer_2dINS_5arrayI8ap_fixedILi12ELi6EL9ap_q_mode5EL9_1042' <Predicate = true> <Delay = 0.00>
ST_2 : Operation 104 [1/1] (0.00ns)   --->   "%p_ZZN4nnet24compute_output_buffer_2dINS_5arrayI8ap_fixedILi12ELi6EL9ap_q_mode5EL9_1043 = phi i12 0, void %entry, i12 %p_ZZN4nnet24compute_output_buffer_2dINS_5arrayI8ap_fixedILi12ELi6EL9ap_q_mode5EL9_955, void %MultLoop.split.i, i12 0, void %dense_resource_rf_leq_nin<ap_fixed<12, 6, 5, 3, 0>, ap_fixed<12, 6, 5, 3, 0>, config12_mult>.exit"   --->   Operation 104 'phi' 'p_ZZN4nnet24compute_output_buffer_2dINS_5arrayI8ap_fixedILi12ELi6EL9ap_q_mode5EL9_1043' <Predicate = true> <Delay = 0.00>
ST_2 : Operation 105 [1/1] (0.00ns)   --->   "%p_ZZN4nnet24compute_output_buffer_2dINS_5arrayI8ap_fixedILi12ELi6EL9ap_q_mode5EL9_1044 = phi i12 0, void %entry, i12 %p_ZZN4nnet24compute_output_buffer_2dINS_5arrayI8ap_fixedILi12ELi6EL9ap_q_mode5EL9_956, void %MultLoop.split.i, i12 0, void %dense_resource_rf_leq_nin<ap_fixed<12, 6, 5, 3, 0>, ap_fixed<12, 6, 5, 3, 0>, config12_mult>.exit"   --->   Operation 105 'phi' 'p_ZZN4nnet24compute_output_buffer_2dINS_5arrayI8ap_fixedILi12ELi6EL9ap_q_mode5EL9_1044' <Predicate = true> <Delay = 0.00>
ST_2 : Operation 106 [1/1] (0.00ns)   --->   "%p_ZZN4nnet24compute_output_buffer_2dINS_5arrayI8ap_fixedILi12ELi6EL9ap_q_mode5EL9_1045 = phi i12 0, void %entry, i12 %p_ZZN4nnet24compute_output_buffer_2dINS_5arrayI8ap_fixedILi12ELi6EL9ap_q_mode5EL9_957, void %MultLoop.split.i, i12 0, void %dense_resource_rf_leq_nin<ap_fixed<12, 6, 5, 3, 0>, ap_fixed<12, 6, 5, 3, 0>, config12_mult>.exit"   --->   Operation 106 'phi' 'p_ZZN4nnet24compute_output_buffer_2dINS_5arrayI8ap_fixedILi12ELi6EL9ap_q_mode5EL9_1045' <Predicate = true> <Delay = 0.00>
ST_2 : Operation 107 [1/1] (0.00ns)   --->   "%p_ZZN4nnet24compute_output_buffer_2dINS_5arrayI8ap_fixedILi12ELi6EL9ap_q_mode5EL9_1046 = phi i12 0, void %entry, i12 %p_ZZN4nnet24compute_output_buffer_2dINS_5arrayI8ap_fixedILi12ELi6EL9ap_q_mode5EL9_958, void %MultLoop.split.i, i12 0, void %dense_resource_rf_leq_nin<ap_fixed<12, 6, 5, 3, 0>, ap_fixed<12, 6, 5, 3, 0>, config12_mult>.exit"   --->   Operation 107 'phi' 'p_ZZN4nnet24compute_output_buffer_2dINS_5arrayI8ap_fixedILi12ELi6EL9ap_q_mode5EL9_1046' <Predicate = true> <Delay = 0.00>
ST_2 : Operation 108 [1/1] (0.00ns)   --->   "%p_ZZN4nnet24compute_output_buffer_2dINS_5arrayI8ap_fixedILi12ELi6EL9ap_q_mode5EL9_1047 = phi i12 0, void %entry, i12 %p_ZZN4nnet24compute_output_buffer_2dINS_5arrayI8ap_fixedILi12ELi6EL9ap_q_mode5EL9_959, void %MultLoop.split.i, i12 0, void %dense_resource_rf_leq_nin<ap_fixed<12, 6, 5, 3, 0>, ap_fixed<12, 6, 5, 3, 0>, config12_mult>.exit"   --->   Operation 108 'phi' 'p_ZZN4nnet24compute_output_buffer_2dINS_5arrayI8ap_fixedILi12ELi6EL9ap_q_mode5EL9_1047' <Predicate = true> <Delay = 0.00>
ST_2 : Operation 109 [1/1] (0.00ns)   --->   "%p_ZZN4nnet24compute_output_buffer_2dINS_5arrayI8ap_fixedILi12ELi6EL9ap_q_mode5EL9_1048 = phi i12 0, void %entry, i12 %p_ZZN4nnet24compute_output_buffer_2dINS_5arrayI8ap_fixedILi12ELi6EL9ap_q_mode5EL9_960, void %MultLoop.split.i, i12 0, void %dense_resource_rf_leq_nin<ap_fixed<12, 6, 5, 3, 0>, ap_fixed<12, 6, 5, 3, 0>, config12_mult>.exit"   --->   Operation 109 'phi' 'p_ZZN4nnet24compute_output_buffer_2dINS_5arrayI8ap_fixedILi12ELi6EL9ap_q_mode5EL9_1048' <Predicate = true> <Delay = 0.00>
ST_2 : Operation 110 [1/1] (0.00ns)   --->   "%p_ZZN4nnet24compute_output_buffer_2dINS_5arrayI8ap_fixedILi12ELi6EL9ap_q_mode5EL9_1049 = phi i12 0, void %entry, i12 %p_ZZN4nnet24compute_output_buffer_2dINS_5arrayI8ap_fixedILi12ELi6EL9ap_q_mode5EL9_961, void %MultLoop.split.i, i12 0, void %dense_resource_rf_leq_nin<ap_fixed<12, 6, 5, 3, 0>, ap_fixed<12, 6, 5, 3, 0>, config12_mult>.exit"   --->   Operation 110 'phi' 'p_ZZN4nnet24compute_output_buffer_2dINS_5arrayI8ap_fixedILi12ELi6EL9ap_q_mode5EL9_1049' <Predicate = true> <Delay = 0.00>
ST_2 : Operation 111 [1/1] (0.00ns)   --->   "%p_ZZN4nnet24compute_output_buffer_2dINS_5arrayI8ap_fixedILi12ELi6EL9ap_q_mode5EL9_1050 = phi i12 0, void %entry, i12 %p_ZZN4nnet24compute_output_buffer_2dINS_5arrayI8ap_fixedILi12ELi6EL9ap_q_mode5EL9_962, void %MultLoop.split.i, i12 0, void %dense_resource_rf_leq_nin<ap_fixed<12, 6, 5, 3, 0>, ap_fixed<12, 6, 5, 3, 0>, config12_mult>.exit"   --->   Operation 111 'phi' 'p_ZZN4nnet24compute_output_buffer_2dINS_5arrayI8ap_fixedILi12ELi6EL9ap_q_mode5EL9_1050' <Predicate = true> <Delay = 0.00>
ST_2 : Operation 112 [1/1] (0.00ns)   --->   "%p_ZZN4nnet24compute_output_buffer_2dINS_5arrayI8ap_fixedILi12ELi6EL9ap_q_mode5EL9_1051 = phi i12 0, void %entry, i12 %p_ZZN4nnet24compute_output_buffer_2dINS_5arrayI8ap_fixedILi12ELi6EL9ap_q_mode5EL9_963, void %MultLoop.split.i, i12 0, void %dense_resource_rf_leq_nin<ap_fixed<12, 6, 5, 3, 0>, ap_fixed<12, 6, 5, 3, 0>, config12_mult>.exit"   --->   Operation 112 'phi' 'p_ZZN4nnet24compute_output_buffer_2dINS_5arrayI8ap_fixedILi12ELi6EL9ap_q_mode5EL9_1051' <Predicate = true> <Delay = 0.00>
ST_2 : Operation 113 [1/1] (0.00ns)   --->   "%p_ZZN4nnet24compute_output_buffer_2dINS_5arrayI8ap_fixedILi12ELi6EL9ap_q_mode5EL9_1052 = phi i12 0, void %entry, i12 %p_ZZN4nnet24compute_output_buffer_2dINS_5arrayI8ap_fixedILi12ELi6EL9ap_q_mode5EL9_964, void %MultLoop.split.i, i12 0, void %dense_resource_rf_leq_nin<ap_fixed<12, 6, 5, 3, 0>, ap_fixed<12, 6, 5, 3, 0>, config12_mult>.exit"   --->   Operation 113 'phi' 'p_ZZN4nnet24compute_output_buffer_2dINS_5arrayI8ap_fixedILi12ELi6EL9ap_q_mode5EL9_1052' <Predicate = true> <Delay = 0.00>
ST_2 : Operation 114 [1/1] (0.00ns)   --->   "%p_ZZN4nnet24compute_output_buffer_2dINS_5arrayI8ap_fixedILi12ELi6EL9ap_q_mode5EL9_1053 = phi i12 0, void %entry, i12 %p_ZZN4nnet24compute_output_buffer_2dINS_5arrayI8ap_fixedILi12ELi6EL9ap_q_mode5EL9_965, void %MultLoop.split.i, i12 0, void %dense_resource_rf_leq_nin<ap_fixed<12, 6, 5, 3, 0>, ap_fixed<12, 6, 5, 3, 0>, config12_mult>.exit"   --->   Operation 114 'phi' 'p_ZZN4nnet24compute_output_buffer_2dINS_5arrayI8ap_fixedILi12ELi6EL9ap_q_mode5EL9_1053' <Predicate = true> <Delay = 0.00>
ST_2 : Operation 115 [1/1] (0.00ns)   --->   "%p_ZZN4nnet24compute_output_buffer_2dINS_5arrayI8ap_fixedILi12ELi6EL9ap_q_mode5EL9_1054 = phi i12 0, void %entry, i12 %p_ZZN4nnet24compute_output_buffer_2dINS_5arrayI8ap_fixedILi12ELi6EL9ap_q_mode5EL9_966, void %MultLoop.split.i, i12 0, void %dense_resource_rf_leq_nin<ap_fixed<12, 6, 5, 3, 0>, ap_fixed<12, 6, 5, 3, 0>, config12_mult>.exit"   --->   Operation 115 'phi' 'p_ZZN4nnet24compute_output_buffer_2dINS_5arrayI8ap_fixedILi12ELi6EL9ap_q_mode5EL9_1054' <Predicate = true> <Delay = 0.00>
ST_2 : Operation 116 [1/1] (0.00ns)   --->   "%void_compute_output_buffer_2d_array_const_ap_shift_reg_n_chan_stream_weig_227 = phi i12 0, void %entry, i12 %void_compute_output_buffer_2d_array_const_ap_shift_reg_n_chan_stream_weig_207, void %MultLoop.split.i, i12 0, void %dense_resource_rf_leq_nin<ap_fixed<12, 6, 5, 3, 0>, ap_fixed<12, 6, 5, 3, 0>, config12_mult>.exit"   --->   Operation 116 'phi' 'void_compute_output_buffer_2d_array_const_ap_shift_reg_n_chan_stream_weig_227' <Predicate = true> <Delay = 0.00>
ST_2 : Operation 117 [1/1] (0.00ns)   --->   "%void_compute_output_buffer_2d_array_const_ap_shift_reg_n_chan_stream_weig_228 = phi i12 0, void %entry, i12 %void_compute_output_buffer_2d_array_const_ap_shift_reg_n_chan_stream_weig_208, void %MultLoop.split.i, i12 0, void %dense_resource_rf_leq_nin<ap_fixed<12, 6, 5, 3, 0>, ap_fixed<12, 6, 5, 3, 0>, config12_mult>.exit"   --->   Operation 117 'phi' 'void_compute_output_buffer_2d_array_const_ap_shift_reg_n_chan_stream_weig_228' <Predicate = true> <Delay = 0.00>
ST_2 : Operation 118 [1/1] (0.00ns)   --->   "%void_compute_output_buffer_2d_array_const_ap_shift_reg_n_chan_stream_weig_229 = phi i12 0, void %entry, i12 %void_compute_output_buffer_2d_array_const_ap_shift_reg_n_chan_stream_weig_209, void %MultLoop.split.i, i12 0, void %dense_resource_rf_leq_nin<ap_fixed<12, 6, 5, 3, 0>, ap_fixed<12, 6, 5, 3, 0>, config12_mult>.exit"   --->   Operation 118 'phi' 'void_compute_output_buffer_2d_array_const_ap_shift_reg_n_chan_stream_weig_229' <Predicate = true> <Delay = 0.00>
ST_2 : Operation 119 [1/1] (0.00ns)   --->   "%void_compute_output_buffer_2d_array_const_ap_shift_reg_n_chan_stream_weig_230 = phi i12 0, void %entry, i12 %void_compute_output_buffer_2d_array_const_ap_shift_reg_n_chan_stream_weig_210, void %MultLoop.split.i, i12 0, void %dense_resource_rf_leq_nin<ap_fixed<12, 6, 5, 3, 0>, ap_fixed<12, 6, 5, 3, 0>, config12_mult>.exit"   --->   Operation 119 'phi' 'void_compute_output_buffer_2d_array_const_ap_shift_reg_n_chan_stream_weig_230' <Predicate = true> <Delay = 0.00>
ST_2 : Operation 120 [1/1] (0.00ns)   --->   "%void_compute_output_buffer_2d_array_const_ap_shift_reg_n_chan_stream_weig_231 = phi i12 0, void %entry, i12 %void_compute_output_buffer_2d_array_const_ap_shift_reg_n_chan_stream_weig_211, void %MultLoop.split.i, i12 0, void %dense_resource_rf_leq_nin<ap_fixed<12, 6, 5, 3, 0>, ap_fixed<12, 6, 5, 3, 0>, config12_mult>.exit"   --->   Operation 120 'phi' 'void_compute_output_buffer_2d_array_const_ap_shift_reg_n_chan_stream_weig_231' <Predicate = true> <Delay = 0.00>
ST_2 : Operation 121 [1/1] (0.00ns)   --->   "%void_compute_output_buffer_2d_array_const_ap_shift_reg_n_chan_stream_weig_232 = phi i12 0, void %entry, i12 %void_compute_output_buffer_2d_array_const_ap_shift_reg_n_chan_stream_weig_212, void %MultLoop.split.i, i12 0, void %dense_resource_rf_leq_nin<ap_fixed<12, 6, 5, 3, 0>, ap_fixed<12, 6, 5, 3, 0>, config12_mult>.exit"   --->   Operation 121 'phi' 'void_compute_output_buffer_2d_array_const_ap_shift_reg_n_chan_stream_weig_232' <Predicate = true> <Delay = 0.00>
ST_2 : Operation 122 [1/1] (0.00ns)   --->   "%void_compute_output_buffer_2d_array_const_ap_shift_reg_n_chan_stream_weig_233 = phi i12 0, void %entry, i12 %void_compute_output_buffer_2d_array_const_ap_shift_reg_n_chan_stream_weig_213, void %MultLoop.split.i, i12 0, void %dense_resource_rf_leq_nin<ap_fixed<12, 6, 5, 3, 0>, ap_fixed<12, 6, 5, 3, 0>, config12_mult>.exit"   --->   Operation 122 'phi' 'void_compute_output_buffer_2d_array_const_ap_shift_reg_n_chan_stream_weig_233' <Predicate = true> <Delay = 0.00>
ST_2 : Operation 123 [1/1] (0.00ns)   --->   "%void_compute_output_buffer_2d_array_const_ap_shift_reg_n_chan_stream_weig_234 = phi i12 0, void %entry, i12 %void_compute_output_buffer_2d_array_const_ap_shift_reg_n_chan_stream_weig_214, void %MultLoop.split.i, i12 0, void %dense_resource_rf_leq_nin<ap_fixed<12, 6, 5, 3, 0>, ap_fixed<12, 6, 5, 3, 0>, config12_mult>.exit"   --->   Operation 123 'phi' 'void_compute_output_buffer_2d_array_const_ap_shift_reg_n_chan_stream_weig_234' <Predicate = true> <Delay = 0.00>
ST_2 : Operation 124 [1/1] (0.00ns)   --->   "%void_compute_output_buffer_2d_array_const_ap_shift_reg_n_chan_stream_weig_235 = phi i12 0, void %entry, i12 %void_compute_output_buffer_2d_array_const_ap_shift_reg_n_chan_stream_weig_215, void %MultLoop.split.i, i12 0, void %dense_resource_rf_leq_nin<ap_fixed<12, 6, 5, 3, 0>, ap_fixed<12, 6, 5, 3, 0>, config12_mult>.exit"   --->   Operation 124 'phi' 'void_compute_output_buffer_2d_array_const_ap_shift_reg_n_chan_stream_weig_235' <Predicate = true> <Delay = 0.00>
ST_2 : Operation 125 [1/1] (0.00ns)   --->   "%void_compute_output_buffer_2d_array_const_ap_shift_reg_n_chan_stream_weig_236 = phi i12 0, void %entry, i12 %void_compute_output_buffer_2d_array_const_ap_shift_reg_n_chan_stream_weig_216, void %MultLoop.split.i, i12 0, void %dense_resource_rf_leq_nin<ap_fixed<12, 6, 5, 3, 0>, ap_fixed<12, 6, 5, 3, 0>, config12_mult>.exit"   --->   Operation 125 'phi' 'void_compute_output_buffer_2d_array_const_ap_shift_reg_n_chan_stream_weig_236' <Predicate = true> <Delay = 0.00>
ST_2 : Operation 126 [1/1] (0.53ns)   --->   "%br_ln0 = br i1 %do_init, void %MultLoop.split.i, void %rewind_init"   --->   Operation 126 'br' 'br_ln0' <Predicate = true> <Delay = 0.53>
ST_2 : Operation 127 [1/1] (0.00ns)   --->   "%p_ZZN4nnet24compute_output_buffer_2dINS_5arrayI8ap_fixedILi12ELi6EL9ap_q_mode5EL9_923 = phi i12 %p_ZZN4nnet24compute_output_buffer_2dINS_5arrayI8ap_fixedILi12ELi6EL9ap_q_mode5EL9_1010, void %rewind_init, i12 %p_ZZN4nnet24compute_output_buffer_2dINS_5arrayI8ap_fixedILi12ELi6EL9ap_q_mode5EL9_1011, void %rewind_header"   --->   Operation 127 'phi' 'p_ZZN4nnet24compute_output_buffer_2dINS_5arrayI8ap_fixedILi12ELi6EL9ap_q_mode5EL9_923' <Predicate = true> <Delay = 0.00>
ST_2 : Operation 128 [1/1] (0.00ns)   --->   "%p_ZZN4nnet24compute_output_buffer_2dINS_5arrayI8ap_fixedILi12ELi6EL9ap_q_mode5EL9_924 = phi i12 %p_ZZN4nnet24compute_output_buffer_2dINS_5arrayI8ap_fixedILi12ELi6EL9ap_q_mode5EL9_1009, void %rewind_init, i12 %p_ZZN4nnet24compute_output_buffer_2dINS_5arrayI8ap_fixedILi12ELi6EL9ap_q_mode5EL9_1012, void %rewind_header"   --->   Operation 128 'phi' 'p_ZZN4nnet24compute_output_buffer_2dINS_5arrayI8ap_fixedILi12ELi6EL9ap_q_mode5EL9_924' <Predicate = true> <Delay = 0.00>
ST_2 : Operation 129 [1/1] (0.00ns)   --->   "%p_ZZN4nnet24compute_output_buffer_2dINS_5arrayI8ap_fixedILi12ELi6EL9ap_q_mode5EL9_925 = phi i12 %p_ZZN4nnet24compute_output_buffer_2dINS_5arrayI8ap_fixedILi12ELi6EL9ap_q_mode5EL9_1008, void %rewind_init, i12 %p_ZZN4nnet24compute_output_buffer_2dINS_5arrayI8ap_fixedILi12ELi6EL9ap_q_mode5EL9_1013, void %rewind_header"   --->   Operation 129 'phi' 'p_ZZN4nnet24compute_output_buffer_2dINS_5arrayI8ap_fixedILi12ELi6EL9ap_q_mode5EL9_925' <Predicate = true> <Delay = 0.00>
ST_2 : Operation 130 [1/1] (0.00ns)   --->   "%p_ZZN4nnet24compute_output_buffer_2dINS_5arrayI8ap_fixedILi12ELi6EL9ap_q_mode5EL9_926 = phi i12 %p_ZZN4nnet24compute_output_buffer_2dINS_5arrayI8ap_fixedILi12ELi6EL9ap_q_mode5EL9_1007, void %rewind_init, i12 %p_ZZN4nnet24compute_output_buffer_2dINS_5arrayI8ap_fixedILi12ELi6EL9ap_q_mode5EL9_1014, void %rewind_header"   --->   Operation 130 'phi' 'p_ZZN4nnet24compute_output_buffer_2dINS_5arrayI8ap_fixedILi12ELi6EL9ap_q_mode5EL9_926' <Predicate = true> <Delay = 0.00>
ST_2 : Operation 131 [1/1] (0.00ns)   --->   "%p_ZZN4nnet24compute_output_buffer_2dINS_5arrayI8ap_fixedILi12ELi6EL9ap_q_mode5EL9_927 = phi i12 %p_ZZN4nnet24compute_output_buffer_2dINS_5arrayI8ap_fixedILi12ELi6EL9ap_q_mode5EL9_1006, void %rewind_init, i12 %p_ZZN4nnet24compute_output_buffer_2dINS_5arrayI8ap_fixedILi12ELi6EL9ap_q_mode5EL9_1015, void %rewind_header"   --->   Operation 131 'phi' 'p_ZZN4nnet24compute_output_buffer_2dINS_5arrayI8ap_fixedILi12ELi6EL9ap_q_mode5EL9_927' <Predicate = true> <Delay = 0.00>
ST_2 : Operation 132 [1/1] (0.00ns)   --->   "%p_ZZN4nnet24compute_output_buffer_2dINS_5arrayI8ap_fixedILi12ELi6EL9ap_q_mode5EL9_928 = phi i12 %p_ZZN4nnet24compute_output_buffer_2dINS_5arrayI8ap_fixedILi12ELi6EL9ap_q_mode5EL9_1005, void %rewind_init, i12 %p_ZZN4nnet24compute_output_buffer_2dINS_5arrayI8ap_fixedILi12ELi6EL9ap_q_mode5EL9_1016, void %rewind_header"   --->   Operation 132 'phi' 'p_ZZN4nnet24compute_output_buffer_2dINS_5arrayI8ap_fixedILi12ELi6EL9ap_q_mode5EL9_928' <Predicate = true> <Delay = 0.00>
ST_2 : Operation 133 [1/1] (0.00ns)   --->   "%p_ZZN4nnet24compute_output_buffer_2dINS_5arrayI8ap_fixedILi12ELi6EL9ap_q_mode5EL9_929 = phi i12 %p_ZZN4nnet24compute_output_buffer_2dINS_5arrayI8ap_fixedILi12ELi6EL9ap_q_mode5EL9_1004, void %rewind_init, i12 %p_ZZN4nnet24compute_output_buffer_2dINS_5arrayI8ap_fixedILi12ELi6EL9ap_q_mode5EL9_1017, void %rewind_header"   --->   Operation 133 'phi' 'p_ZZN4nnet24compute_output_buffer_2dINS_5arrayI8ap_fixedILi12ELi6EL9ap_q_mode5EL9_929' <Predicate = true> <Delay = 0.00>
ST_2 : Operation 134 [1/1] (0.00ns)   --->   "%p_ZZN4nnet24compute_output_buffer_2dINS_5arrayI8ap_fixedILi12ELi6EL9ap_q_mode5EL9_930 = phi i12 %p_ZZN4nnet24compute_output_buffer_2dINS_5arrayI8ap_fixedILi12ELi6EL9ap_q_mode5EL9_1003, void %rewind_init, i12 %p_ZZN4nnet24compute_output_buffer_2dINS_5arrayI8ap_fixedILi12ELi6EL9ap_q_mode5EL9_1018, void %rewind_header"   --->   Operation 134 'phi' 'p_ZZN4nnet24compute_output_buffer_2dINS_5arrayI8ap_fixedILi12ELi6EL9ap_q_mode5EL9_930' <Predicate = true> <Delay = 0.00>
ST_2 : Operation 135 [1/1] (0.00ns)   --->   "%p_ZZN4nnet24compute_output_buffer_2dINS_5arrayI8ap_fixedILi12ELi6EL9ap_q_mode5EL9_931 = phi i12 %p_ZZN4nnet24compute_output_buffer_2dINS_5arrayI8ap_fixedILi12ELi6EL9ap_q_mode5EL9_1002, void %rewind_init, i12 %p_ZZN4nnet24compute_output_buffer_2dINS_5arrayI8ap_fixedILi12ELi6EL9ap_q_mode5EL9_1019, void %rewind_header"   --->   Operation 135 'phi' 'p_ZZN4nnet24compute_output_buffer_2dINS_5arrayI8ap_fixedILi12ELi6EL9ap_q_mode5EL9_931' <Predicate = true> <Delay = 0.00>
ST_2 : Operation 136 [1/1] (0.00ns)   --->   "%p_ZZN4nnet24compute_output_buffer_2dINS_5arrayI8ap_fixedILi12ELi6EL9ap_q_mode5EL9_932 = phi i12 %p_ZZN4nnet24compute_output_buffer_2dINS_5arrayI8ap_fixedILi12ELi6EL9ap_q_mode5EL9_1001, void %rewind_init, i12 %p_ZZN4nnet24compute_output_buffer_2dINS_5arrayI8ap_fixedILi12ELi6EL9ap_q_mode5EL9_1020, void %rewind_header"   --->   Operation 136 'phi' 'p_ZZN4nnet24compute_output_buffer_2dINS_5arrayI8ap_fixedILi12ELi6EL9ap_q_mode5EL9_932' <Predicate = true> <Delay = 0.00>
ST_2 : Operation 137 [1/1] (0.00ns)   --->   "%p_ZZN4nnet24compute_output_buffer_2dINS_5arrayI8ap_fixedILi12ELi6EL9ap_q_mode5EL9_933 = phi i12 %p_ZZN4nnet24compute_output_buffer_2dINS_5arrayI8ap_fixedILi12ELi6EL9ap_q_mode5EL9_1000, void %rewind_init, i12 %p_ZZN4nnet24compute_output_buffer_2dINS_5arrayI8ap_fixedILi12ELi6EL9ap_q_mode5EL9_1021, void %rewind_header"   --->   Operation 137 'phi' 'p_ZZN4nnet24compute_output_buffer_2dINS_5arrayI8ap_fixedILi12ELi6EL9ap_q_mode5EL9_933' <Predicate = true> <Delay = 0.00>
ST_2 : Operation 138 [1/1] (0.00ns)   --->   "%p_ZZN4nnet24compute_output_buffer_2dINS_5arrayI8ap_fixedILi12ELi6EL9ap_q_mode5EL9_934 = phi i12 %p_ZZN4nnet24compute_output_buffer_2dINS_5arrayI8ap_fixedILi12ELi6EL9ap_q_mode5EL9_999, void %rewind_init, i12 %p_ZZN4nnet24compute_output_buffer_2dINS_5arrayI8ap_fixedILi12ELi6EL9ap_q_mode5EL9_1022, void %rewind_header"   --->   Operation 138 'phi' 'p_ZZN4nnet24compute_output_buffer_2dINS_5arrayI8ap_fixedILi12ELi6EL9ap_q_mode5EL9_934' <Predicate = true> <Delay = 0.00>
ST_2 : Operation 139 [1/1] (0.00ns)   --->   "%p_ZZN4nnet24compute_output_buffer_2dINS_5arrayI8ap_fixedILi12ELi6EL9ap_q_mode5EL9_935 = phi i12 %p_ZZN4nnet24compute_output_buffer_2dINS_5arrayI8ap_fixedILi12ELi6EL9ap_q_mode5EL9_998, void %rewind_init, i12 %p_ZZN4nnet24compute_output_buffer_2dINS_5arrayI8ap_fixedILi12ELi6EL9ap_q_mode5EL9_1023, void %rewind_header"   --->   Operation 139 'phi' 'p_ZZN4nnet24compute_output_buffer_2dINS_5arrayI8ap_fixedILi12ELi6EL9ap_q_mode5EL9_935' <Predicate = true> <Delay = 0.00>
ST_2 : Operation 140 [1/1] (0.00ns)   --->   "%p_ZZN4nnet24compute_output_buffer_2dINS_5arrayI8ap_fixedILi12ELi6EL9ap_q_mode5EL9_936 = phi i12 %p_ZZN4nnet24compute_output_buffer_2dINS_5arrayI8ap_fixedILi12ELi6EL9ap_q_mode5EL9_997, void %rewind_init, i12 %p_ZZN4nnet24compute_output_buffer_2dINS_5arrayI8ap_fixedILi12ELi6EL9ap_q_mode5EL9_1024, void %rewind_header"   --->   Operation 140 'phi' 'p_ZZN4nnet24compute_output_buffer_2dINS_5arrayI8ap_fixedILi12ELi6EL9ap_q_mode5EL9_936' <Predicate = true> <Delay = 0.00>
ST_2 : Operation 141 [1/1] (0.00ns)   --->   "%p_ZZN4nnet24compute_output_buffer_2dINS_5arrayI8ap_fixedILi12ELi6EL9ap_q_mode5EL9_937 = phi i12 %p_ZZN4nnet24compute_output_buffer_2dINS_5arrayI8ap_fixedILi12ELi6EL9ap_q_mode5EL9_996, void %rewind_init, i12 %p_ZZN4nnet24compute_output_buffer_2dINS_5arrayI8ap_fixedILi12ELi6EL9ap_q_mode5EL9_1025, void %rewind_header"   --->   Operation 141 'phi' 'p_ZZN4nnet24compute_output_buffer_2dINS_5arrayI8ap_fixedILi12ELi6EL9ap_q_mode5EL9_937' <Predicate = true> <Delay = 0.00>
ST_2 : Operation 142 [1/1] (0.00ns)   --->   "%p_ZZN4nnet24compute_output_buffer_2dINS_5arrayI8ap_fixedILi12ELi6EL9ap_q_mode5EL9_938 = phi i12 %p_ZZN4nnet24compute_output_buffer_2dINS_5arrayI8ap_fixedILi12ELi6EL9ap_q_mode5EL9_995, void %rewind_init, i12 %p_ZZN4nnet24compute_output_buffer_2dINS_5arrayI8ap_fixedILi12ELi6EL9ap_q_mode5EL9_1026, void %rewind_header"   --->   Operation 142 'phi' 'p_ZZN4nnet24compute_output_buffer_2dINS_5arrayI8ap_fixedILi12ELi6EL9ap_q_mode5EL9_938' <Predicate = true> <Delay = 0.00>
ST_2 : Operation 143 [1/1] (0.00ns)   --->   "%p_ZZN4nnet24compute_output_buffer_2dINS_5arrayI8ap_fixedILi12ELi6EL9ap_q_mode5EL9_939 = phi i12 %p_ZZN4nnet24compute_output_buffer_2dINS_5arrayI8ap_fixedILi12ELi6EL9ap_q_mode5EL9_994, void %rewind_init, i12 %p_ZZN4nnet24compute_output_buffer_2dINS_5arrayI8ap_fixedILi12ELi6EL9ap_q_mode5EL9_1027, void %rewind_header"   --->   Operation 143 'phi' 'p_ZZN4nnet24compute_output_buffer_2dINS_5arrayI8ap_fixedILi12ELi6EL9ap_q_mode5EL9_939' <Predicate = true> <Delay = 0.00>
ST_2 : Operation 144 [1/1] (0.00ns)   --->   "%p_ZZN4nnet24compute_output_buffer_2dINS_5arrayI8ap_fixedILi12ELi6EL9ap_q_mode5EL9_940 = phi i12 %p_ZZN4nnet24compute_output_buffer_2dINS_5arrayI8ap_fixedILi12ELi6EL9ap_q_mode5EL9_993, void %rewind_init, i12 %p_ZZN4nnet24compute_output_buffer_2dINS_5arrayI8ap_fixedILi12ELi6EL9ap_q_mode5EL9_1028, void %rewind_header"   --->   Operation 144 'phi' 'p_ZZN4nnet24compute_output_buffer_2dINS_5arrayI8ap_fixedILi12ELi6EL9ap_q_mode5EL9_940' <Predicate = true> <Delay = 0.00>
ST_2 : Operation 145 [1/1] (0.00ns)   --->   "%p_ZZN4nnet24compute_output_buffer_2dINS_5arrayI8ap_fixedILi12ELi6EL9ap_q_mode5EL9_941 = phi i12 %p_ZZN4nnet24compute_output_buffer_2dINS_5arrayI8ap_fixedILi12ELi6EL9ap_q_mode5EL9_992, void %rewind_init, i12 %p_ZZN4nnet24compute_output_buffer_2dINS_5arrayI8ap_fixedILi12ELi6EL9ap_q_mode5EL9_1029, void %rewind_header"   --->   Operation 145 'phi' 'p_ZZN4nnet24compute_output_buffer_2dINS_5arrayI8ap_fixedILi12ELi6EL9ap_q_mode5EL9_941' <Predicate = true> <Delay = 0.00>
ST_2 : Operation 146 [1/1] (0.00ns)   --->   "%p_ZZN4nnet24compute_output_buffer_2dINS_5arrayI8ap_fixedILi12ELi6EL9ap_q_mode5EL9_942 = phi i12 %p_ZZN4nnet24compute_output_buffer_2dINS_5arrayI8ap_fixedILi12ELi6EL9ap_q_mode5EL9_991, void %rewind_init, i12 %p_ZZN4nnet24compute_output_buffer_2dINS_5arrayI8ap_fixedILi12ELi6EL9ap_q_mode5EL9_1030, void %rewind_header"   --->   Operation 146 'phi' 'p_ZZN4nnet24compute_output_buffer_2dINS_5arrayI8ap_fixedILi12ELi6EL9ap_q_mode5EL9_942' <Predicate = true> <Delay = 0.00>
ST_2 : Operation 147 [1/1] (0.00ns)   --->   "%p_ZZN4nnet24compute_output_buffer_2dINS_5arrayI8ap_fixedILi12ELi6EL9ap_q_mode5EL9_943 = phi i12 %p_ZZN4nnet24compute_output_buffer_2dINS_5arrayI8ap_fixedILi12ELi6EL9ap_q_mode5EL9_990, void %rewind_init, i12 %p_ZZN4nnet24compute_output_buffer_2dINS_5arrayI8ap_fixedILi12ELi6EL9ap_q_mode5EL9_1031, void %rewind_header"   --->   Operation 147 'phi' 'p_ZZN4nnet24compute_output_buffer_2dINS_5arrayI8ap_fixedILi12ELi6EL9ap_q_mode5EL9_943' <Predicate = true> <Delay = 0.00>
ST_2 : Operation 148 [1/1] (0.00ns)   --->   "%p_ZZN4nnet24compute_output_buffer_2dINS_5arrayI8ap_fixedILi12ELi6EL9ap_q_mode5EL9_944 = phi i12 %p_ZZN4nnet24compute_output_buffer_2dINS_5arrayI8ap_fixedILi12ELi6EL9ap_q_mode5EL9_989, void %rewind_init, i12 %p_ZZN4nnet24compute_output_buffer_2dINS_5arrayI8ap_fixedILi12ELi6EL9ap_q_mode5EL9_1032, void %rewind_header"   --->   Operation 148 'phi' 'p_ZZN4nnet24compute_output_buffer_2dINS_5arrayI8ap_fixedILi12ELi6EL9ap_q_mode5EL9_944' <Predicate = true> <Delay = 0.00>
ST_2 : Operation 149 [1/1] (0.00ns)   --->   "%p_ZZN4nnet24compute_output_buffer_2dINS_5arrayI8ap_fixedILi12ELi6EL9ap_q_mode5EL9_945 = phi i12 %p_ZZN4nnet24compute_output_buffer_2dINS_5arrayI8ap_fixedILi12ELi6EL9ap_q_mode5EL9_988, void %rewind_init, i12 %p_ZZN4nnet24compute_output_buffer_2dINS_5arrayI8ap_fixedILi12ELi6EL9ap_q_mode5EL9_1033, void %rewind_header"   --->   Operation 149 'phi' 'p_ZZN4nnet24compute_output_buffer_2dINS_5arrayI8ap_fixedILi12ELi6EL9ap_q_mode5EL9_945' <Predicate = true> <Delay = 0.00>
ST_2 : Operation 150 [1/1] (0.00ns)   --->   "%p_ZZN4nnet24compute_output_buffer_2dINS_5arrayI8ap_fixedILi12ELi6EL9ap_q_mode5EL9_946 = phi i12 %p_ZZN4nnet24compute_output_buffer_2dINS_5arrayI8ap_fixedILi12ELi6EL9ap_q_mode5EL9_987, void %rewind_init, i12 %p_ZZN4nnet24compute_output_buffer_2dINS_5arrayI8ap_fixedILi12ELi6EL9ap_q_mode5EL9_1034, void %rewind_header"   --->   Operation 150 'phi' 'p_ZZN4nnet24compute_output_buffer_2dINS_5arrayI8ap_fixedILi12ELi6EL9ap_q_mode5EL9_946' <Predicate = true> <Delay = 0.00>
ST_2 : Operation 151 [1/1] (0.00ns)   --->   "%p_ZZN4nnet24compute_output_buffer_2dINS_5arrayI8ap_fixedILi12ELi6EL9ap_q_mode5EL9_947 = phi i12 %p_ZZN4nnet24compute_output_buffer_2dINS_5arrayI8ap_fixedILi12ELi6EL9ap_q_mode5EL9_986, void %rewind_init, i12 %p_ZZN4nnet24compute_output_buffer_2dINS_5arrayI8ap_fixedILi12ELi6EL9ap_q_mode5EL9_1035, void %rewind_header"   --->   Operation 151 'phi' 'p_ZZN4nnet24compute_output_buffer_2dINS_5arrayI8ap_fixedILi12ELi6EL9ap_q_mode5EL9_947' <Predicate = true> <Delay = 0.00>
ST_2 : Operation 152 [1/1] (0.00ns)   --->   "%p_ZZN4nnet24compute_output_buffer_2dINS_5arrayI8ap_fixedILi12ELi6EL9ap_q_mode5EL9_948 = phi i12 %p_ZZN4nnet24compute_output_buffer_2dINS_5arrayI8ap_fixedILi12ELi6EL9ap_q_mode5EL9_985, void %rewind_init, i12 %p_ZZN4nnet24compute_output_buffer_2dINS_5arrayI8ap_fixedILi12ELi6EL9ap_q_mode5EL9_1036, void %rewind_header"   --->   Operation 152 'phi' 'p_ZZN4nnet24compute_output_buffer_2dINS_5arrayI8ap_fixedILi12ELi6EL9ap_q_mode5EL9_948' <Predicate = true> <Delay = 0.00>
ST_2 : Operation 153 [1/1] (0.00ns)   --->   "%p_ZZN4nnet24compute_output_buffer_2dINS_5arrayI8ap_fixedILi12ELi6EL9ap_q_mode5EL9_949 = phi i12 %p_ZZN4nnet24compute_output_buffer_2dINS_5arrayI8ap_fixedILi12ELi6EL9ap_q_mode5EL9_984, void %rewind_init, i12 %p_ZZN4nnet24compute_output_buffer_2dINS_5arrayI8ap_fixedILi12ELi6EL9ap_q_mode5EL9_1037, void %rewind_header"   --->   Operation 153 'phi' 'p_ZZN4nnet24compute_output_buffer_2dINS_5arrayI8ap_fixedILi12ELi6EL9ap_q_mode5EL9_949' <Predicate = true> <Delay = 0.00>
ST_2 : Operation 154 [1/1] (0.00ns)   --->   "%p_ZZN4nnet24compute_output_buffer_2dINS_5arrayI8ap_fixedILi12ELi6EL9ap_q_mode5EL9_950 = phi i12 %p_ZZN4nnet24compute_output_buffer_2dINS_5arrayI8ap_fixedILi12ELi6EL9ap_q_mode5EL9_983, void %rewind_init, i12 %p_ZZN4nnet24compute_output_buffer_2dINS_5arrayI8ap_fixedILi12ELi6EL9ap_q_mode5EL9_1038, void %rewind_header"   --->   Operation 154 'phi' 'p_ZZN4nnet24compute_output_buffer_2dINS_5arrayI8ap_fixedILi12ELi6EL9ap_q_mode5EL9_950' <Predicate = true> <Delay = 0.00>
ST_2 : Operation 155 [1/1] (0.00ns)   --->   "%p_ZZN4nnet24compute_output_buffer_2dINS_5arrayI8ap_fixedILi12ELi6EL9ap_q_mode5EL9_951 = phi i12 %p_ZZN4nnet24compute_output_buffer_2dINS_5arrayI8ap_fixedILi12ELi6EL9ap_q_mode5EL9_982, void %rewind_init, i12 %p_ZZN4nnet24compute_output_buffer_2dINS_5arrayI8ap_fixedILi12ELi6EL9ap_q_mode5EL9_1039, void %rewind_header"   --->   Operation 155 'phi' 'p_ZZN4nnet24compute_output_buffer_2dINS_5arrayI8ap_fixedILi12ELi6EL9ap_q_mode5EL9_951' <Predicate = true> <Delay = 0.00>
ST_2 : Operation 156 [1/1] (0.00ns)   --->   "%p_ZZN4nnet24compute_output_buffer_2dINS_5arrayI8ap_fixedILi12ELi6EL9ap_q_mode5EL9_952 = phi i12 %p_ZZN4nnet24compute_output_buffer_2dINS_5arrayI8ap_fixedILi12ELi6EL9ap_q_mode5EL9_981, void %rewind_init, i12 %p_ZZN4nnet24compute_output_buffer_2dINS_5arrayI8ap_fixedILi12ELi6EL9ap_q_mode5EL9_1040, void %rewind_header"   --->   Operation 156 'phi' 'p_ZZN4nnet24compute_output_buffer_2dINS_5arrayI8ap_fixedILi12ELi6EL9ap_q_mode5EL9_952' <Predicate = true> <Delay = 0.00>
ST_2 : Operation 157 [1/1] (0.00ns)   --->   "%p_ZZN4nnet24compute_output_buffer_2dINS_5arrayI8ap_fixedILi12ELi6EL9ap_q_mode5EL9_953 = phi i12 %p_ZZN4nnet24compute_output_buffer_2dINS_5arrayI8ap_fixedILi12ELi6EL9ap_q_mode5EL9_980, void %rewind_init, i12 %p_ZZN4nnet24compute_output_buffer_2dINS_5arrayI8ap_fixedILi12ELi6EL9ap_q_mode5EL9_1041, void %rewind_header"   --->   Operation 157 'phi' 'p_ZZN4nnet24compute_output_buffer_2dINS_5arrayI8ap_fixedILi12ELi6EL9ap_q_mode5EL9_953' <Predicate = true> <Delay = 0.00>
ST_2 : Operation 158 [1/1] (0.00ns)   --->   "%p_ZZN4nnet24compute_output_buffer_2dINS_5arrayI8ap_fixedILi12ELi6EL9ap_q_mode5EL9_954 = phi i12 %p_ZZN4nnet24compute_output_buffer_2dINS_5arrayI8ap_fixedILi12ELi6EL9ap_q_mode5EL9_979, void %rewind_init, i12 %p_ZZN4nnet24compute_output_buffer_2dINS_5arrayI8ap_fixedILi12ELi6EL9ap_q_mode5EL9_1042, void %rewind_header"   --->   Operation 158 'phi' 'p_ZZN4nnet24compute_output_buffer_2dINS_5arrayI8ap_fixedILi12ELi6EL9ap_q_mode5EL9_954' <Predicate = true> <Delay = 0.00>
ST_2 : Operation 159 [1/1] (0.00ns)   --->   "%p_ZZN4nnet24compute_output_buffer_2dINS_5arrayI8ap_fixedILi12ELi6EL9ap_q_mode5EL9_955 = phi i12 %p_ZZN4nnet24compute_output_buffer_2dINS_5arrayI8ap_fixedILi12ELi6EL9ap_q_mode5EL9_978, void %rewind_init, i12 %p_ZZN4nnet24compute_output_buffer_2dINS_5arrayI8ap_fixedILi12ELi6EL9ap_q_mode5EL9_1043, void %rewind_header"   --->   Operation 159 'phi' 'p_ZZN4nnet24compute_output_buffer_2dINS_5arrayI8ap_fixedILi12ELi6EL9ap_q_mode5EL9_955' <Predicate = true> <Delay = 0.00>
ST_2 : Operation 160 [1/1] (0.00ns)   --->   "%p_ZZN4nnet24compute_output_buffer_2dINS_5arrayI8ap_fixedILi12ELi6EL9ap_q_mode5EL9_956 = phi i12 %p_ZZN4nnet24compute_output_buffer_2dINS_5arrayI8ap_fixedILi12ELi6EL9ap_q_mode5EL9_977, void %rewind_init, i12 %p_ZZN4nnet24compute_output_buffer_2dINS_5arrayI8ap_fixedILi12ELi6EL9ap_q_mode5EL9_1044, void %rewind_header"   --->   Operation 160 'phi' 'p_ZZN4nnet24compute_output_buffer_2dINS_5arrayI8ap_fixedILi12ELi6EL9ap_q_mode5EL9_956' <Predicate = true> <Delay = 0.00>
ST_2 : Operation 161 [1/1] (0.00ns)   --->   "%p_ZZN4nnet24compute_output_buffer_2dINS_5arrayI8ap_fixedILi12ELi6EL9ap_q_mode5EL9_957 = phi i12 %p_ZZN4nnet24compute_output_buffer_2dINS_5arrayI8ap_fixedILi12ELi6EL9ap_q_mode5EL9_976, void %rewind_init, i12 %p_ZZN4nnet24compute_output_buffer_2dINS_5arrayI8ap_fixedILi12ELi6EL9ap_q_mode5EL9_1045, void %rewind_header"   --->   Operation 161 'phi' 'p_ZZN4nnet24compute_output_buffer_2dINS_5arrayI8ap_fixedILi12ELi6EL9ap_q_mode5EL9_957' <Predicate = true> <Delay = 0.00>
ST_2 : Operation 162 [1/1] (0.00ns)   --->   "%p_ZZN4nnet24compute_output_buffer_2dINS_5arrayI8ap_fixedILi12ELi6EL9ap_q_mode5EL9_958 = phi i12 %p_ZZN4nnet24compute_output_buffer_2dINS_5arrayI8ap_fixedILi12ELi6EL9ap_q_mode5EL9_975, void %rewind_init, i12 %p_ZZN4nnet24compute_output_buffer_2dINS_5arrayI8ap_fixedILi12ELi6EL9ap_q_mode5EL9_1046, void %rewind_header"   --->   Operation 162 'phi' 'p_ZZN4nnet24compute_output_buffer_2dINS_5arrayI8ap_fixedILi12ELi6EL9ap_q_mode5EL9_958' <Predicate = true> <Delay = 0.00>
ST_2 : Operation 163 [1/1] (0.00ns)   --->   "%p_ZZN4nnet24compute_output_buffer_2dINS_5arrayI8ap_fixedILi12ELi6EL9ap_q_mode5EL9_959 = phi i12 %p_ZZN4nnet24compute_output_buffer_2dINS_5arrayI8ap_fixedILi12ELi6EL9ap_q_mode5EL9_974, void %rewind_init, i12 %p_ZZN4nnet24compute_output_buffer_2dINS_5arrayI8ap_fixedILi12ELi6EL9ap_q_mode5EL9_1047, void %rewind_header"   --->   Operation 163 'phi' 'p_ZZN4nnet24compute_output_buffer_2dINS_5arrayI8ap_fixedILi12ELi6EL9ap_q_mode5EL9_959' <Predicate = true> <Delay = 0.00>
ST_2 : Operation 164 [1/1] (0.00ns)   --->   "%p_ZZN4nnet24compute_output_buffer_2dINS_5arrayI8ap_fixedILi12ELi6EL9ap_q_mode5EL9_960 = phi i12 %p_ZZN4nnet24compute_output_buffer_2dINS_5arrayI8ap_fixedILi12ELi6EL9ap_q_mode5EL9_973, void %rewind_init, i12 %p_ZZN4nnet24compute_output_buffer_2dINS_5arrayI8ap_fixedILi12ELi6EL9ap_q_mode5EL9_1048, void %rewind_header"   --->   Operation 164 'phi' 'p_ZZN4nnet24compute_output_buffer_2dINS_5arrayI8ap_fixedILi12ELi6EL9ap_q_mode5EL9_960' <Predicate = true> <Delay = 0.00>
ST_2 : Operation 165 [1/1] (0.00ns)   --->   "%p_ZZN4nnet24compute_output_buffer_2dINS_5arrayI8ap_fixedILi12ELi6EL9ap_q_mode5EL9_961 = phi i12 %p_ZZN4nnet24compute_output_buffer_2dINS_5arrayI8ap_fixedILi12ELi6EL9ap_q_mode5EL9_972, void %rewind_init, i12 %p_ZZN4nnet24compute_output_buffer_2dINS_5arrayI8ap_fixedILi12ELi6EL9ap_q_mode5EL9_1049, void %rewind_header"   --->   Operation 165 'phi' 'p_ZZN4nnet24compute_output_buffer_2dINS_5arrayI8ap_fixedILi12ELi6EL9ap_q_mode5EL9_961' <Predicate = true> <Delay = 0.00>
ST_2 : Operation 166 [1/1] (0.00ns)   --->   "%p_ZZN4nnet24compute_output_buffer_2dINS_5arrayI8ap_fixedILi12ELi6EL9ap_q_mode5EL9_962 = phi i12 %p_ZZN4nnet24compute_output_buffer_2dINS_5arrayI8ap_fixedILi12ELi6EL9ap_q_mode5EL9_971, void %rewind_init, i12 %p_ZZN4nnet24compute_output_buffer_2dINS_5arrayI8ap_fixedILi12ELi6EL9ap_q_mode5EL9_1050, void %rewind_header"   --->   Operation 166 'phi' 'p_ZZN4nnet24compute_output_buffer_2dINS_5arrayI8ap_fixedILi12ELi6EL9ap_q_mode5EL9_962' <Predicate = true> <Delay = 0.00>
ST_2 : Operation 167 [1/1] (0.00ns)   --->   "%p_ZZN4nnet24compute_output_buffer_2dINS_5arrayI8ap_fixedILi12ELi6EL9ap_q_mode5EL9_963 = phi i12 %p_ZZN4nnet24compute_output_buffer_2dINS_5arrayI8ap_fixedILi12ELi6EL9ap_q_mode5EL9_970, void %rewind_init, i12 %p_ZZN4nnet24compute_output_buffer_2dINS_5arrayI8ap_fixedILi12ELi6EL9ap_q_mode5EL9_1051, void %rewind_header"   --->   Operation 167 'phi' 'p_ZZN4nnet24compute_output_buffer_2dINS_5arrayI8ap_fixedILi12ELi6EL9ap_q_mode5EL9_963' <Predicate = true> <Delay = 0.00>
ST_2 : Operation 168 [1/1] (0.00ns)   --->   "%p_ZZN4nnet24compute_output_buffer_2dINS_5arrayI8ap_fixedILi12ELi6EL9ap_q_mode5EL9_964 = phi i12 %p_ZZN4nnet24compute_output_buffer_2dINS_5arrayI8ap_fixedILi12ELi6EL9ap_q_mode5EL9_969, void %rewind_init, i12 %p_ZZN4nnet24compute_output_buffer_2dINS_5arrayI8ap_fixedILi12ELi6EL9ap_q_mode5EL9_1052, void %rewind_header"   --->   Operation 168 'phi' 'p_ZZN4nnet24compute_output_buffer_2dINS_5arrayI8ap_fixedILi12ELi6EL9ap_q_mode5EL9_964' <Predicate = true> <Delay = 0.00>
ST_2 : Operation 169 [1/1] (0.00ns)   --->   "%p_ZZN4nnet24compute_output_buffer_2dINS_5arrayI8ap_fixedILi12ELi6EL9ap_q_mode5EL9_965 = phi i12 %p_ZZN4nnet24compute_output_buffer_2dINS_5arrayI8ap_fixedILi12ELi6EL9ap_q_mode5EL9_968, void %rewind_init, i12 %p_ZZN4nnet24compute_output_buffer_2dINS_5arrayI8ap_fixedILi12ELi6EL9ap_q_mode5EL9_1053, void %rewind_header"   --->   Operation 169 'phi' 'p_ZZN4nnet24compute_output_buffer_2dINS_5arrayI8ap_fixedILi12ELi6EL9ap_q_mode5EL9_965' <Predicate = true> <Delay = 0.00>
ST_2 : Operation 170 [1/1] (0.00ns)   --->   "%p_ZZN4nnet24compute_output_buffer_2dINS_5arrayI8ap_fixedILi12ELi6EL9ap_q_mode5EL9_966 = phi i12 %p_ZZN4nnet24compute_output_buffer_2dINS_5arrayI8ap_fixedILi12ELi6EL9ap_q_mode5EL9_967, void %rewind_init, i12 %p_ZZN4nnet24compute_output_buffer_2dINS_5arrayI8ap_fixedILi12ELi6EL9ap_q_mode5EL9_1054, void %rewind_header"   --->   Operation 170 'phi' 'p_ZZN4nnet24compute_output_buffer_2dINS_5arrayI8ap_fixedILi12ELi6EL9ap_q_mode5EL9_966' <Predicate = true> <Delay = 0.00>
ST_2 : Operation 171 [1/1] (0.00ns)   --->   "%void_compute_output_buffer_2d_array_const_ap_shift_reg_n_chan_stream_weig_207 = phi i12 %void_compute_output_buffer_2d_array_const_ap_shift_reg_n_chan_stream_weig_226, void %rewind_init, i12 %void_compute_output_buffer_2d_array_const_ap_shift_reg_n_chan_stream_weig_227, void %rewind_header"   --->   Operation 171 'phi' 'void_compute_output_buffer_2d_array_const_ap_shift_reg_n_chan_stream_weig_207' <Predicate = true> <Delay = 0.00>
ST_2 : Operation 172 [1/1] (0.00ns)   --->   "%void_compute_output_buffer_2d_array_const_ap_shift_reg_n_chan_stream_weig_208 = phi i12 %void_compute_output_buffer_2d_array_const_ap_shift_reg_n_chan_stream_weig_225, void %rewind_init, i12 %void_compute_output_buffer_2d_array_const_ap_shift_reg_n_chan_stream_weig_228, void %rewind_header"   --->   Operation 172 'phi' 'void_compute_output_buffer_2d_array_const_ap_shift_reg_n_chan_stream_weig_208' <Predicate = true> <Delay = 0.00>
ST_2 : Operation 173 [1/1] (0.00ns)   --->   "%void_compute_output_buffer_2d_array_const_ap_shift_reg_n_chan_stream_weig_209 = phi i12 %void_compute_output_buffer_2d_array_const_ap_shift_reg_n_chan_stream_weig_224, void %rewind_init, i12 %void_compute_output_buffer_2d_array_const_ap_shift_reg_n_chan_stream_weig_229, void %rewind_header"   --->   Operation 173 'phi' 'void_compute_output_buffer_2d_array_const_ap_shift_reg_n_chan_stream_weig_209' <Predicate = true> <Delay = 0.00>
ST_2 : Operation 174 [1/1] (0.00ns)   --->   "%void_compute_output_buffer_2d_array_const_ap_shift_reg_n_chan_stream_weig_210 = phi i12 %void_compute_output_buffer_2d_array_const_ap_shift_reg_n_chan_stream_weig_223, void %rewind_init, i12 %void_compute_output_buffer_2d_array_const_ap_shift_reg_n_chan_stream_weig_230, void %rewind_header"   --->   Operation 174 'phi' 'void_compute_output_buffer_2d_array_const_ap_shift_reg_n_chan_stream_weig_210' <Predicate = true> <Delay = 0.00>
ST_2 : Operation 175 [1/1] (0.00ns)   --->   "%void_compute_output_buffer_2d_array_const_ap_shift_reg_n_chan_stream_weig_211 = phi i12 %void_compute_output_buffer_2d_array_const_ap_shift_reg_n_chan_stream_weig_222, void %rewind_init, i12 %void_compute_output_buffer_2d_array_const_ap_shift_reg_n_chan_stream_weig_231, void %rewind_header"   --->   Operation 175 'phi' 'void_compute_output_buffer_2d_array_const_ap_shift_reg_n_chan_stream_weig_211' <Predicate = true> <Delay = 0.00>
ST_2 : Operation 176 [1/1] (0.00ns)   --->   "%void_compute_output_buffer_2d_array_const_ap_shift_reg_n_chan_stream_weig_212 = phi i12 %void_compute_output_buffer_2d_array_const_ap_shift_reg_n_chan_stream_weig_221, void %rewind_init, i12 %void_compute_output_buffer_2d_array_const_ap_shift_reg_n_chan_stream_weig_232, void %rewind_header"   --->   Operation 176 'phi' 'void_compute_output_buffer_2d_array_const_ap_shift_reg_n_chan_stream_weig_212' <Predicate = true> <Delay = 0.00>
ST_2 : Operation 177 [1/1] (0.00ns)   --->   "%void_compute_output_buffer_2d_array_const_ap_shift_reg_n_chan_stream_weig_213 = phi i12 %void_compute_output_buffer_2d_array_const_ap_shift_reg_n_chan_stream_weig_220, void %rewind_init, i12 %void_compute_output_buffer_2d_array_const_ap_shift_reg_n_chan_stream_weig_233, void %rewind_header"   --->   Operation 177 'phi' 'void_compute_output_buffer_2d_array_const_ap_shift_reg_n_chan_stream_weig_213' <Predicate = true> <Delay = 0.00>
ST_2 : Operation 178 [1/1] (0.00ns)   --->   "%void_compute_output_buffer_2d_array_const_ap_shift_reg_n_chan_stream_weig_214 = phi i12 %void_compute_output_buffer_2d_array_const_ap_shift_reg_n_chan_stream_weig_219, void %rewind_init, i12 %void_compute_output_buffer_2d_array_const_ap_shift_reg_n_chan_stream_weig_234, void %rewind_header"   --->   Operation 178 'phi' 'void_compute_output_buffer_2d_array_const_ap_shift_reg_n_chan_stream_weig_214' <Predicate = true> <Delay = 0.00>
ST_2 : Operation 179 [1/1] (0.00ns)   --->   "%void_compute_output_buffer_2d_array_const_ap_shift_reg_n_chan_stream_weig_215 = phi i12 %void_compute_output_buffer_2d_array_const_ap_shift_reg_n_chan_stream_weig_218, void %rewind_init, i12 %void_compute_output_buffer_2d_array_const_ap_shift_reg_n_chan_stream_weig_235, void %rewind_header"   --->   Operation 179 'phi' 'void_compute_output_buffer_2d_array_const_ap_shift_reg_n_chan_stream_weig_215' <Predicate = true> <Delay = 0.00>
ST_2 : Operation 180 [1/1] (0.00ns)   --->   "%void_compute_output_buffer_2d_array_const_ap_shift_reg_n_chan_stream_weig_216 = phi i12 %void_compute_output_buffer_2d_array_const_ap_shift_reg_n_chan_stream_weig_217, void %rewind_init, i12 %void_compute_output_buffer_2d_array_const_ap_shift_reg_n_chan_stream_weig_236, void %rewind_header"   --->   Operation 180 'phi' 'void_compute_output_buffer_2d_array_const_ap_shift_reg_n_chan_stream_weig_216' <Predicate = true> <Delay = 0.00>
ST_2 : Operation 181 [1/1] (0.92ns)   --->   "%a = sparsemux i12 @_ssdm_op_SparseMux.ap_auto.18i12.i12.i5, i5 0, i12 %void_compute_output_buffer_2d_array_const_ap_shift_reg_n_chan_stream_weig_216, i5 1, i12 %void_compute_output_buffer_2d_array_const_ap_shift_reg_n_chan_stream_weig_215, i5 2, i12 %void_compute_output_buffer_2d_array_const_ap_shift_reg_n_chan_stream_weig_214, i5 3, i12 %void_compute_output_buffer_2d_array_const_ap_shift_reg_n_chan_stream_weig_213, i5 4, i12 %void_compute_output_buffer_2d_array_const_ap_shift_reg_n_chan_stream_weig_212, i5 5, i12 %void_compute_output_buffer_2d_array_const_ap_shift_reg_n_chan_stream_weig_211, i5 6, i12 %void_compute_output_buffer_2d_array_const_ap_shift_reg_n_chan_stream_weig_210, i5 7, i12 %void_compute_output_buffer_2d_array_const_ap_shift_reg_n_chan_stream_weig_209, i5 8, i12 %void_compute_output_buffer_2d_array_const_ap_shift_reg_n_chan_stream_weig_208, i5 9, i12 %void_compute_output_buffer_2d_array_const_ap_shift_reg_n_chan_stream_weig_207, i5 10, i12 %p_ZZN4nnet24compute_output_buffer_2dINS_5arrayI8ap_fixedILi12ELi6EL9ap_q_mode5EL9_966, i5 11, i12 %p_ZZN4nnet24compute_output_buffer_2dINS_5arrayI8ap_fixedILi12ELi6EL9ap_q_mode5EL9_965, i5 12, i12 %p_ZZN4nnet24compute_output_buffer_2dINS_5arrayI8ap_fixedILi12ELi6EL9ap_q_mode5EL9_964, i5 13, i12 %p_ZZN4nnet24compute_output_buffer_2dINS_5arrayI8ap_fixedILi12ELi6EL9ap_q_mode5EL9_963, i5 14, i12 %p_ZZN4nnet24compute_output_buffer_2dINS_5arrayI8ap_fixedILi12ELi6EL9ap_q_mode5EL9_962, i5 15, i12 %p_ZZN4nnet24compute_output_buffer_2dINS_5arrayI8ap_fixedILi12ELi6EL9ap_q_mode5EL9_961, i5 16, i12 %p_ZZN4nnet24compute_output_buffer_2dINS_5arrayI8ap_fixedILi12ELi6EL9ap_q_mode5EL9_960, i5 17, i12 %p_ZZN4nnet24compute_output_buffer_2dINS_5arrayI8ap_fixedILi12ELi6EL9ap_q_mode5EL9_959, i12 0, i5 %w_index3" [firmware/nnet_utils/nnet_dense_resource.h:46]   --->   Operation 181 'sparsemux' 'a' <Predicate = true> <Delay = 0.92> <CoreInst = "SparseMux">   --->   Core 143 'SparseMux' <Latency = 0> <II = 1> <Delay = 0.92> <FuncUnit> <Opcode : 'sparsemux'> <InPorts = 2> <OutPorts = 1>
ST_2 : Operation 182 [1/2] (1.77ns)   --->   "%w12_load = load i5 %w12_addr" [firmware/nnet_utils/nnet_dense_resource.h:59]   --->   Operation 182 'load' 'w12_load' <Predicate = true> <Delay = 1.77> <CoreInst = "ROM_nP_BRAM">   --->   Core 109 'ROM_nP_BRAM' <Latency = 1> <II = 1> <Delay = 1.77> <Storage> <Opcode : 'load'> <Ports = 0> <Width = 210> <Depth = 18> <ROM>
ST_2 : Operation 183 [1/1] (0.00ns)   --->   "%w = trunc i210 %w12_load" [firmware/nnet_utils/nnet_dense_resource.h:59]   --->   Operation 183 'trunc' 'w' <Predicate = true> <Delay = 0.00>
ST_2 : Operation 184 [1/1] (0.92ns)   --->   "%a_19 = sparsemux i12 @_ssdm_op_SparseMux.ap_auto.18i12.i12.i5, i5 0, i12 %p_ZZN4nnet24compute_output_buffer_2dINS_5arrayI8ap_fixedILi12ELi6EL9ap_q_mode5EL9_958, i5 1, i12 %p_ZZN4nnet24compute_output_buffer_2dINS_5arrayI8ap_fixedILi12ELi6EL9ap_q_mode5EL9_957, i5 2, i12 %p_ZZN4nnet24compute_output_buffer_2dINS_5arrayI8ap_fixedILi12ELi6EL9ap_q_mode5EL9_956, i5 3, i12 %p_ZZN4nnet24compute_output_buffer_2dINS_5arrayI8ap_fixedILi12ELi6EL9ap_q_mode5EL9_955, i5 4, i12 %p_ZZN4nnet24compute_output_buffer_2dINS_5arrayI8ap_fixedILi12ELi6EL9ap_q_mode5EL9_954, i5 5, i12 %p_ZZN4nnet24compute_output_buffer_2dINS_5arrayI8ap_fixedILi12ELi6EL9ap_q_mode5EL9_953, i5 6, i12 %p_ZZN4nnet24compute_output_buffer_2dINS_5arrayI8ap_fixedILi12ELi6EL9ap_q_mode5EL9_952, i5 7, i12 %p_ZZN4nnet24compute_output_buffer_2dINS_5arrayI8ap_fixedILi12ELi6EL9ap_q_mode5EL9_951, i5 8, i12 %p_ZZN4nnet24compute_output_buffer_2dINS_5arrayI8ap_fixedILi12ELi6EL9ap_q_mode5EL9_950, i5 9, i12 %p_ZZN4nnet24compute_output_buffer_2dINS_5arrayI8ap_fixedILi12ELi6EL9ap_q_mode5EL9_949, i5 10, i12 %p_ZZN4nnet24compute_output_buffer_2dINS_5arrayI8ap_fixedILi12ELi6EL9ap_q_mode5EL9_948, i5 11, i12 %p_ZZN4nnet24compute_output_buffer_2dINS_5arrayI8ap_fixedILi12ELi6EL9ap_q_mode5EL9_947, i5 12, i12 %p_ZZN4nnet24compute_output_buffer_2dINS_5arrayI8ap_fixedILi12ELi6EL9ap_q_mode5EL9_946, i5 13, i12 %p_ZZN4nnet24compute_output_buffer_2dINS_5arrayI8ap_fixedILi12ELi6EL9ap_q_mode5EL9_945, i5 14, i12 %p_ZZN4nnet24compute_output_buffer_2dINS_5arrayI8ap_fixedILi12ELi6EL9ap_q_mode5EL9_944, i5 15, i12 %p_ZZN4nnet24compute_output_buffer_2dINS_5arrayI8ap_fixedILi12ELi6EL9ap_q_mode5EL9_943, i5 16, i12 %p_ZZN4nnet24compute_output_buffer_2dINS_5arrayI8ap_fixedILi12ELi6EL9ap_q_mode5EL9_942, i5 17, i12 %p_ZZN4nnet24compute_output_buffer_2dINS_5arrayI8ap_fixedILi12ELi6EL9ap_q_mode5EL9_941, i12 0, i5 %w_index3" [firmware/nnet_utils/nnet_dense_resource.h:46]   --->   Operation 184 'sparsemux' 'a_19' <Predicate = true> <Delay = 0.92> <CoreInst = "SparseMux">   --->   Core 143 'SparseMux' <Latency = 0> <II = 1> <Delay = 0.92> <FuncUnit> <Opcode : 'sparsemux'> <InPorts = 2> <OutPorts = 1>
ST_2 : Operation 185 [1/1] (0.00ns)   --->   "%w_69 = partselect i12 @_ssdm_op_PartSelect.i12.i210.i32.i32, i210 %w12_load, i32 12, i32 23" [firmware/nnet_utils/nnet_dense_resource.h:59]   --->   Operation 185 'partselect' 'w_69' <Predicate = true> <Delay = 0.00>
ST_2 : Operation 186 [1/1] (0.92ns)   --->   "%a_20 = sparsemux i12 @_ssdm_op_SparseMux.ap_auto.18i12.i12.i5, i5 0, i12 %p_ZZN4nnet24compute_output_buffer_2dINS_5arrayI8ap_fixedILi12ELi6EL9ap_q_mode5EL9_940, i5 1, i12 %p_ZZN4nnet24compute_output_buffer_2dINS_5arrayI8ap_fixedILi12ELi6EL9ap_q_mode5EL9_939, i5 2, i12 %p_ZZN4nnet24compute_output_buffer_2dINS_5arrayI8ap_fixedILi12ELi6EL9ap_q_mode5EL9_938, i5 3, i12 %p_ZZN4nnet24compute_output_buffer_2dINS_5arrayI8ap_fixedILi12ELi6EL9ap_q_mode5EL9_937, i5 4, i12 %p_ZZN4nnet24compute_output_buffer_2dINS_5arrayI8ap_fixedILi12ELi6EL9ap_q_mode5EL9_936, i5 5, i12 %p_ZZN4nnet24compute_output_buffer_2dINS_5arrayI8ap_fixedILi12ELi6EL9ap_q_mode5EL9_935, i5 6, i12 %p_ZZN4nnet24compute_output_buffer_2dINS_5arrayI8ap_fixedILi12ELi6EL9ap_q_mode5EL9_934, i5 7, i12 %p_ZZN4nnet24compute_output_buffer_2dINS_5arrayI8ap_fixedILi12ELi6EL9ap_q_mode5EL9_933, i5 8, i12 %p_ZZN4nnet24compute_output_buffer_2dINS_5arrayI8ap_fixedILi12ELi6EL9ap_q_mode5EL9_932, i5 9, i12 %p_ZZN4nnet24compute_output_buffer_2dINS_5arrayI8ap_fixedILi12ELi6EL9ap_q_mode5EL9_931, i5 10, i12 %p_ZZN4nnet24compute_output_buffer_2dINS_5arrayI8ap_fixedILi12ELi6EL9ap_q_mode5EL9_930, i5 11, i12 %p_ZZN4nnet24compute_output_buffer_2dINS_5arrayI8ap_fixedILi12ELi6EL9ap_q_mode5EL9_929, i5 12, i12 %p_ZZN4nnet24compute_output_buffer_2dINS_5arrayI8ap_fixedILi12ELi6EL9ap_q_mode5EL9_928, i5 13, i12 %p_ZZN4nnet24compute_output_buffer_2dINS_5arrayI8ap_fixedILi12ELi6EL9ap_q_mode5EL9_927, i5 14, i12 %p_ZZN4nnet24compute_output_buffer_2dINS_5arrayI8ap_fixedILi12ELi6EL9ap_q_mode5EL9_926, i5 15, i12 %p_ZZN4nnet24compute_output_buffer_2dINS_5arrayI8ap_fixedILi12ELi6EL9ap_q_mode5EL9_925, i5 16, i12 %p_ZZN4nnet24compute_output_buffer_2dINS_5arrayI8ap_fixedILi12ELi6EL9ap_q_mode5EL9_924, i5 17, i12 %p_ZZN4nnet24compute_output_buffer_2dINS_5arrayI8ap_fixedILi12ELi6EL9ap_q_mode5EL9_923, i12 0, i5 %w_index3" [firmware/nnet_utils/nnet_dense_resource.h:46]   --->   Operation 186 'sparsemux' 'a_20' <Predicate = true> <Delay = 0.92> <CoreInst = "SparseMux">   --->   Core 143 'SparseMux' <Latency = 0> <II = 1> <Delay = 0.92> <FuncUnit> <Opcode : 'sparsemux'> <InPorts = 2> <OutPorts = 1>
ST_2 : Operation 187 [1/1] (0.00ns)   --->   "%w_70 = partselect i12 @_ssdm_op_PartSelect.i12.i210.i32.i32, i210 %w12_load, i32 24, i32 35" [firmware/nnet_utils/nnet_dense_resource.h:59]   --->   Operation 187 'partselect' 'w_70' <Predicate = true> <Delay = 0.00>
ST_2 : Operation 188 [1/1] (0.00ns)   --->   "%w_71 = partselect i12 @_ssdm_op_PartSelect.i12.i210.i32.i32, i210 %w12_load, i32 36, i32 47" [firmware/nnet_utils/nnet_dense_resource.h:59]   --->   Operation 188 'partselect' 'w_71' <Predicate = true> <Delay = 0.00>
ST_2 : Operation 189 [1/1] (0.00ns)   --->   "%w_72 = partselect i12 @_ssdm_op_PartSelect.i12.i210.i32.i32, i210 %w12_load, i32 48, i32 59" [firmware/nnet_utils/nnet_dense_resource.h:59]   --->   Operation 189 'partselect' 'w_72' <Predicate = true> <Delay = 0.00>
ST_2 : Operation 190 [1/1] (0.00ns)   --->   "%w_73 = partselect i12 @_ssdm_op_PartSelect.i12.i210.i32.i32, i210 %w12_load, i32 60, i32 71" [firmware/nnet_utils/nnet_dense_resource.h:59]   --->   Operation 190 'partselect' 'w_73' <Predicate = true> <Delay = 0.00>
ST_2 : Operation 191 [1/1] (0.00ns)   --->   "%w_74 = partselect i12 @_ssdm_op_PartSelect.i12.i210.i32.i32, i210 %w12_load, i32 72, i32 83" [firmware/nnet_utils/nnet_dense_resource.h:59]   --->   Operation 191 'partselect' 'w_74' <Predicate = true> <Delay = 0.00>
ST_2 : Operation 192 [1/1] (0.00ns)   --->   "%w_75 = partselect i12 @_ssdm_op_PartSelect.i12.i210.i32.i32, i210 %w12_load, i32 84, i32 95" [firmware/nnet_utils/nnet_dense_resource.h:59]   --->   Operation 192 'partselect' 'w_75' <Predicate = true> <Delay = 0.00>
ST_2 : Operation 193 [1/1] (0.00ns)   --->   "%w_76 = partselect i12 @_ssdm_op_PartSelect.i12.i210.i32.i32, i210 %w12_load, i32 96, i32 107" [firmware/nnet_utils/nnet_dense_resource.h:59]   --->   Operation 193 'partselect' 'w_76' <Predicate = true> <Delay = 0.00>
ST_2 : Operation 194 [1/1] (0.00ns)   --->   "%w_77 = partselect i12 @_ssdm_op_PartSelect.i12.i210.i32.i32, i210 %w12_load, i32 108, i32 119" [firmware/nnet_utils/nnet_dense_resource.h:59]   --->   Operation 194 'partselect' 'w_77' <Predicate = true> <Delay = 0.00>
ST_2 : Operation 195 [1/1] (0.00ns)   --->   "%w_78 = partselect i12 @_ssdm_op_PartSelect.i12.i210.i32.i32, i210 %w12_load, i32 120, i32 131" [firmware/nnet_utils/nnet_dense_resource.h:59]   --->   Operation 195 'partselect' 'w_78' <Predicate = true> <Delay = 0.00>
ST_2 : Operation 196 [1/1] (0.00ns)   --->   "%w_79 = partselect i12 @_ssdm_op_PartSelect.i12.i210.i32.i32, i210 %w12_load, i32 132, i32 143" [firmware/nnet_utils/nnet_dense_resource.h:59]   --->   Operation 196 'partselect' 'w_79' <Predicate = true> <Delay = 0.00>
ST_2 : Operation 197 [1/1] (0.00ns)   --->   "%w_80 = partselect i12 @_ssdm_op_PartSelect.i12.i210.i32.i32, i210 %w12_load, i32 144, i32 155" [firmware/nnet_utils/nnet_dense_resource.h:59]   --->   Operation 197 'partselect' 'w_80' <Predicate = true> <Delay = 0.00>
ST_2 : Operation 198 [1/1] (0.00ns)   --->   "%w_81 = partselect i12 @_ssdm_op_PartSelect.i12.i210.i32.i32, i210 %w12_load, i32 156, i32 167" [firmware/nnet_utils/nnet_dense_resource.h:59]   --->   Operation 198 'partselect' 'w_81' <Predicate = true> <Delay = 0.00>
ST_2 : Operation 199 [1/1] (0.00ns)   --->   "%w_82 = partselect i12 @_ssdm_op_PartSelect.i12.i210.i32.i32, i210 %w12_load, i32 168, i32 179" [firmware/nnet_utils/nnet_dense_resource.h:59]   --->   Operation 199 'partselect' 'w_82' <Predicate = true> <Delay = 0.00>
ST_2 : Operation 200 [1/1] (0.00ns)   --->   "%w_83 = partselect i12 @_ssdm_op_PartSelect.i12.i210.i32.i32, i210 %w12_load, i32 180, i32 191" [firmware/nnet_utils/nnet_dense_resource.h:59]   --->   Operation 200 'partselect' 'w_83' <Predicate = true> <Delay = 0.00>
ST_2 : Operation 201 [1/1] (0.00ns)   --->   "%w_84 = partselect i12 @_ssdm_op_PartSelect.i12.i210.i32.i32, i210 %w12_load, i32 192, i32 203" [firmware/nnet_utils/nnet_dense_resource.h:59]   --->   Operation 201 'partselect' 'w_84' <Predicate = true> <Delay = 0.00>
ST_2 : Operation 202 [1/1] (0.00ns)   --->   "%tmp = partselect i6 @_ssdm_op_PartSelect.i6.i210.i32.i32, i210 %w12_load, i32 204, i32 209" [firmware/nnet_utils/nnet_dense_resource.h:59]   --->   Operation 202 'partselect' 'tmp' <Predicate = true> <Delay = 0.00>

State 3 <SV = 2> <Delay = 3.43>
ST_3 : Operation 203 [1/1] (0.00ns)   --->   "%sext_ln73 = sext i12 %w" [firmware/nnet_utils/nnet_mult.h:73->firmware/nnet_utils/nnet_dense_resource.h:59]   --->   Operation 203 'sext' 'sext_ln73' <Predicate = true> <Delay = 0.00>
ST_3 : Operation 204 [1/1] (0.00ns)   --->   "%sext_ln73_89 = sext i12 %a" [firmware/nnet_utils/nnet_mult.h:73->firmware/nnet_utils/nnet_dense_resource.h:59]   --->   Operation 204 'sext' 'sext_ln73_89' <Predicate = true> <Delay = 0.00>
ST_3 : Operation 205 [1/1] (3.43ns)   --->   "%mul_ln58 = mul i18 %sext_ln73, i18 %sext_ln73_89" [firmware/nnet_utils/nnet_dense_resource.h:58]   --->   Operation 205 'mul' 'mul_ln58' <Predicate = true> <Delay = 3.43> <CoreInst = "Multiplier">   --->   Core 3 'Multiplier' <Latency = 0> <II = 1> <Delay = 3.43> <FuncUnit> <Opcode : 'mul'> <InPorts = 2> <OutPorts = 1>
ST_3 : Operation 206 [1/1] (0.00ns)   --->   "%trunc_ln = partselect i12 @_ssdm_op_PartSelect.i12.i18.i32.i32, i18 %mul_ln58, i32 6, i32 17" [firmware/nnet_utils/nnet_dense_resource.h:58]   --->   Operation 206 'partselect' 'trunc_ln' <Predicate = true> <Delay = 0.00>
ST_3 : Operation 207 [1/1] (0.00ns)   --->   "%sext_ln73_90 = sext i12 %w_69" [firmware/nnet_utils/nnet_mult.h:73->firmware/nnet_utils/nnet_dense_resource.h:59]   --->   Operation 207 'sext' 'sext_ln73_90' <Predicate = true> <Delay = 0.00>
ST_3 : Operation 208 [1/1] (0.00ns)   --->   "%sext_ln73_91 = sext i12 %a_19" [firmware/nnet_utils/nnet_mult.h:73->firmware/nnet_utils/nnet_dense_resource.h:59]   --->   Operation 208 'sext' 'sext_ln73_91' <Predicate = true> <Delay = 0.00>
ST_3 : Operation 209 [1/1] (3.43ns)   --->   "%mul_ln58_73 = mul i18 %sext_ln73_90, i18 %sext_ln73_91" [firmware/nnet_utils/nnet_dense_resource.h:58]   --->   Operation 209 'mul' 'mul_ln58_73' <Predicate = true> <Delay = 3.43> <CoreInst = "Multiplier">   --->   Core 3 'Multiplier' <Latency = 0> <II = 1> <Delay = 3.43> <FuncUnit> <Opcode : 'mul'> <InPorts = 2> <OutPorts = 1>
ST_3 : Operation 210 [1/1] (0.00ns)   --->   "%trunc_ln58_s = partselect i12 @_ssdm_op_PartSelect.i12.i18.i32.i32, i18 %mul_ln58_73, i32 6, i32 17" [firmware/nnet_utils/nnet_dense_resource.h:58]   --->   Operation 210 'partselect' 'trunc_ln58_s' <Predicate = true> <Delay = 0.00>
ST_3 : Operation 211 [1/1] (0.00ns)   --->   "%sext_ln73_92 = sext i12 %w_70" [firmware/nnet_utils/nnet_mult.h:73->firmware/nnet_utils/nnet_dense_resource.h:59]   --->   Operation 211 'sext' 'sext_ln73_92' <Predicate = true> <Delay = 0.00>
ST_3 : Operation 212 [1/1] (0.00ns)   --->   "%sext_ln73_93 = sext i12 %a_20" [firmware/nnet_utils/nnet_mult.h:73->firmware/nnet_utils/nnet_dense_resource.h:59]   --->   Operation 212 'sext' 'sext_ln73_93' <Predicate = true> <Delay = 0.00>
ST_3 : Operation 213 [1/1] (3.43ns)   --->   "%mul_ln58_74 = mul i18 %sext_ln73_92, i18 %sext_ln73_93" [firmware/nnet_utils/nnet_dense_resource.h:58]   --->   Operation 213 'mul' 'mul_ln58_74' <Predicate = true> <Delay = 3.43> <CoreInst = "Multiplier">   --->   Core 3 'Multiplier' <Latency = 0> <II = 1> <Delay = 3.43> <FuncUnit> <Opcode : 'mul'> <InPorts = 2> <OutPorts = 1>
ST_3 : Operation 214 [1/1] (0.00ns)   --->   "%trunc_ln58_69 = partselect i12 @_ssdm_op_PartSelect.i12.i18.i32.i32, i18 %mul_ln58_74, i32 6, i32 17" [firmware/nnet_utils/nnet_dense_resource.h:58]   --->   Operation 214 'partselect' 'trunc_ln58_69' <Predicate = true> <Delay = 0.00>
ST_3 : Operation 215 [1/1] (0.00ns)   --->   "%sext_ln73_94 = sext i12 %w_71" [firmware/nnet_utils/nnet_mult.h:73->firmware/nnet_utils/nnet_dense_resource.h:59]   --->   Operation 215 'sext' 'sext_ln73_94' <Predicate = true> <Delay = 0.00>
ST_3 : Operation 216 [1/1] (3.43ns)   --->   "%mul_ln58_75 = mul i18 %sext_ln73_94, i18 %sext_ln73_89" [firmware/nnet_utils/nnet_dense_resource.h:58]   --->   Operation 216 'mul' 'mul_ln58_75' <Predicate = true> <Delay = 3.43> <CoreInst = "Multiplier">   --->   Core 3 'Multiplier' <Latency = 0> <II = 1> <Delay = 3.43> <FuncUnit> <Opcode : 'mul'> <InPorts = 2> <OutPorts = 1>
ST_3 : Operation 217 [1/1] (0.00ns)   --->   "%trunc_ln58_70 = partselect i12 @_ssdm_op_PartSelect.i12.i18.i32.i32, i18 %mul_ln58_75, i32 6, i32 17" [firmware/nnet_utils/nnet_dense_resource.h:58]   --->   Operation 217 'partselect' 'trunc_ln58_70' <Predicate = true> <Delay = 0.00>
ST_3 : Operation 218 [1/1] (0.00ns)   --->   "%sext_ln73_95 = sext i12 %w_72" [firmware/nnet_utils/nnet_mult.h:73->firmware/nnet_utils/nnet_dense_resource.h:59]   --->   Operation 218 'sext' 'sext_ln73_95' <Predicate = true> <Delay = 0.00>
ST_3 : Operation 219 [1/1] (3.43ns)   --->   "%mul_ln58_76 = mul i18 %sext_ln73_95, i18 %sext_ln73_91" [firmware/nnet_utils/nnet_dense_resource.h:58]   --->   Operation 219 'mul' 'mul_ln58_76' <Predicate = true> <Delay = 3.43> <CoreInst = "Multiplier">   --->   Core 3 'Multiplier' <Latency = 0> <II = 1> <Delay = 3.43> <FuncUnit> <Opcode : 'mul'> <InPorts = 2> <OutPorts = 1>
ST_3 : Operation 220 [1/1] (0.00ns)   --->   "%trunc_ln58_71 = partselect i12 @_ssdm_op_PartSelect.i12.i18.i32.i32, i18 %mul_ln58_76, i32 6, i32 17" [firmware/nnet_utils/nnet_dense_resource.h:58]   --->   Operation 220 'partselect' 'trunc_ln58_71' <Predicate = true> <Delay = 0.00>
ST_3 : Operation 221 [1/1] (0.00ns)   --->   "%sext_ln73_96 = sext i12 %w_73" [firmware/nnet_utils/nnet_mult.h:73->firmware/nnet_utils/nnet_dense_resource.h:59]   --->   Operation 221 'sext' 'sext_ln73_96' <Predicate = true> <Delay = 0.00>
ST_3 : Operation 222 [1/1] (3.43ns)   --->   "%mul_ln58_77 = mul i18 %sext_ln73_96, i18 %sext_ln73_93" [firmware/nnet_utils/nnet_dense_resource.h:58]   --->   Operation 222 'mul' 'mul_ln58_77' <Predicate = true> <Delay = 3.43> <CoreInst = "Multiplier">   --->   Core 3 'Multiplier' <Latency = 0> <II = 1> <Delay = 3.43> <FuncUnit> <Opcode : 'mul'> <InPorts = 2> <OutPorts = 1>
ST_3 : Operation 223 [1/1] (0.00ns)   --->   "%trunc_ln58_72 = partselect i12 @_ssdm_op_PartSelect.i12.i18.i32.i32, i18 %mul_ln58_77, i32 6, i32 17" [firmware/nnet_utils/nnet_dense_resource.h:58]   --->   Operation 223 'partselect' 'trunc_ln58_72' <Predicate = true> <Delay = 0.00>
ST_3 : Operation 224 [1/1] (0.00ns)   --->   "%sext_ln73_97 = sext i12 %w_74" [firmware/nnet_utils/nnet_mult.h:73->firmware/nnet_utils/nnet_dense_resource.h:59]   --->   Operation 224 'sext' 'sext_ln73_97' <Predicate = true> <Delay = 0.00>
ST_3 : Operation 225 [1/1] (3.43ns)   --->   "%mul_ln58_78 = mul i18 %sext_ln73_97, i18 %sext_ln73_89" [firmware/nnet_utils/nnet_dense_resource.h:58]   --->   Operation 225 'mul' 'mul_ln58_78' <Predicate = true> <Delay = 3.43> <CoreInst = "Multiplier">   --->   Core 3 'Multiplier' <Latency = 0> <II = 1> <Delay = 3.43> <FuncUnit> <Opcode : 'mul'> <InPorts = 2> <OutPorts = 1>
ST_3 : Operation 226 [1/1] (0.00ns)   --->   "%trunc_ln58_73 = partselect i12 @_ssdm_op_PartSelect.i12.i18.i32.i32, i18 %mul_ln58_78, i32 6, i32 17" [firmware/nnet_utils/nnet_dense_resource.h:58]   --->   Operation 226 'partselect' 'trunc_ln58_73' <Predicate = true> <Delay = 0.00>
ST_3 : Operation 227 [1/1] (0.00ns)   --->   "%sext_ln73_98 = sext i12 %w_75" [firmware/nnet_utils/nnet_mult.h:73->firmware/nnet_utils/nnet_dense_resource.h:59]   --->   Operation 227 'sext' 'sext_ln73_98' <Predicate = true> <Delay = 0.00>
ST_3 : Operation 228 [1/1] (3.43ns)   --->   "%mul_ln58_79 = mul i18 %sext_ln73_98, i18 %sext_ln73_91" [firmware/nnet_utils/nnet_dense_resource.h:58]   --->   Operation 228 'mul' 'mul_ln58_79' <Predicate = true> <Delay = 3.43> <CoreInst = "Multiplier">   --->   Core 3 'Multiplier' <Latency = 0> <II = 1> <Delay = 3.43> <FuncUnit> <Opcode : 'mul'> <InPorts = 2> <OutPorts = 1>
ST_3 : Operation 229 [1/1] (0.00ns)   --->   "%trunc_ln58_74 = partselect i12 @_ssdm_op_PartSelect.i12.i18.i32.i32, i18 %mul_ln58_79, i32 6, i32 17" [firmware/nnet_utils/nnet_dense_resource.h:58]   --->   Operation 229 'partselect' 'trunc_ln58_74' <Predicate = true> <Delay = 0.00>
ST_3 : Operation 230 [1/1] (0.00ns)   --->   "%sext_ln73_99 = sext i12 %w_76" [firmware/nnet_utils/nnet_mult.h:73->firmware/nnet_utils/nnet_dense_resource.h:59]   --->   Operation 230 'sext' 'sext_ln73_99' <Predicate = true> <Delay = 0.00>
ST_3 : Operation 231 [1/1] (3.43ns)   --->   "%mul_ln58_80 = mul i18 %sext_ln73_99, i18 %sext_ln73_93" [firmware/nnet_utils/nnet_dense_resource.h:58]   --->   Operation 231 'mul' 'mul_ln58_80' <Predicate = true> <Delay = 3.43> <CoreInst = "Multiplier">   --->   Core 3 'Multiplier' <Latency = 0> <II = 1> <Delay = 3.43> <FuncUnit> <Opcode : 'mul'> <InPorts = 2> <OutPorts = 1>
ST_3 : Operation 232 [1/1] (0.00ns)   --->   "%trunc_ln58_75 = partselect i12 @_ssdm_op_PartSelect.i12.i18.i32.i32, i18 %mul_ln58_80, i32 6, i32 17" [firmware/nnet_utils/nnet_dense_resource.h:58]   --->   Operation 232 'partselect' 'trunc_ln58_75' <Predicate = true> <Delay = 0.00>
ST_3 : Operation 233 [1/1] (0.00ns)   --->   "%sext_ln73_100 = sext i12 %w_77" [firmware/nnet_utils/nnet_mult.h:73->firmware/nnet_utils/nnet_dense_resource.h:59]   --->   Operation 233 'sext' 'sext_ln73_100' <Predicate = true> <Delay = 0.00>
ST_3 : Operation 234 [1/1] (3.43ns)   --->   "%mul_ln58_81 = mul i18 %sext_ln73_100, i18 %sext_ln73_89" [firmware/nnet_utils/nnet_dense_resource.h:58]   --->   Operation 234 'mul' 'mul_ln58_81' <Predicate = true> <Delay = 3.43> <CoreInst = "Multiplier">   --->   Core 3 'Multiplier' <Latency = 0> <II = 1> <Delay = 3.43> <FuncUnit> <Opcode : 'mul'> <InPorts = 2> <OutPorts = 1>
ST_3 : Operation 235 [1/1] (0.00ns)   --->   "%trunc_ln58_76 = partselect i12 @_ssdm_op_PartSelect.i12.i18.i32.i32, i18 %mul_ln58_81, i32 6, i32 17" [firmware/nnet_utils/nnet_dense_resource.h:58]   --->   Operation 235 'partselect' 'trunc_ln58_76' <Predicate = true> <Delay = 0.00>
ST_3 : Operation 236 [1/1] (0.00ns)   --->   "%sext_ln73_101 = sext i12 %w_78" [firmware/nnet_utils/nnet_mult.h:73->firmware/nnet_utils/nnet_dense_resource.h:59]   --->   Operation 236 'sext' 'sext_ln73_101' <Predicate = true> <Delay = 0.00>
ST_3 : Operation 237 [1/1] (3.43ns)   --->   "%mul_ln58_82 = mul i18 %sext_ln73_101, i18 %sext_ln73_91" [firmware/nnet_utils/nnet_dense_resource.h:58]   --->   Operation 237 'mul' 'mul_ln58_82' <Predicate = true> <Delay = 3.43> <CoreInst = "Multiplier">   --->   Core 3 'Multiplier' <Latency = 0> <II = 1> <Delay = 3.43> <FuncUnit> <Opcode : 'mul'> <InPorts = 2> <OutPorts = 1>
ST_3 : Operation 238 [1/1] (0.00ns)   --->   "%trunc_ln58_77 = partselect i12 @_ssdm_op_PartSelect.i12.i18.i32.i32, i18 %mul_ln58_82, i32 6, i32 17" [firmware/nnet_utils/nnet_dense_resource.h:58]   --->   Operation 238 'partselect' 'trunc_ln58_77' <Predicate = true> <Delay = 0.00>
ST_3 : Operation 239 [1/1] (0.00ns)   --->   "%sext_ln73_102 = sext i12 %w_79" [firmware/nnet_utils/nnet_mult.h:73->firmware/nnet_utils/nnet_dense_resource.h:59]   --->   Operation 239 'sext' 'sext_ln73_102' <Predicate = true> <Delay = 0.00>
ST_3 : Operation 240 [1/1] (3.43ns)   --->   "%mul_ln58_83 = mul i18 %sext_ln73_102, i18 %sext_ln73_93" [firmware/nnet_utils/nnet_dense_resource.h:58]   --->   Operation 240 'mul' 'mul_ln58_83' <Predicate = true> <Delay = 3.43> <CoreInst = "Multiplier">   --->   Core 3 'Multiplier' <Latency = 0> <II = 1> <Delay = 3.43> <FuncUnit> <Opcode : 'mul'> <InPorts = 2> <OutPorts = 1>
ST_3 : Operation 241 [1/1] (0.00ns)   --->   "%trunc_ln58_78 = partselect i12 @_ssdm_op_PartSelect.i12.i18.i32.i32, i18 %mul_ln58_83, i32 6, i32 17" [firmware/nnet_utils/nnet_dense_resource.h:58]   --->   Operation 241 'partselect' 'trunc_ln58_78' <Predicate = true> <Delay = 0.00>
ST_3 : Operation 242 [1/1] (0.00ns)   --->   "%sext_ln73_103 = sext i12 %w_80" [firmware/nnet_utils/nnet_mult.h:73->firmware/nnet_utils/nnet_dense_resource.h:59]   --->   Operation 242 'sext' 'sext_ln73_103' <Predicate = true> <Delay = 0.00>
ST_3 : Operation 243 [1/1] (3.43ns)   --->   "%mul_ln58_84 = mul i18 %sext_ln73_103, i18 %sext_ln73_89" [firmware/nnet_utils/nnet_dense_resource.h:58]   --->   Operation 243 'mul' 'mul_ln58_84' <Predicate = true> <Delay = 3.43> <CoreInst = "Multiplier">   --->   Core 3 'Multiplier' <Latency = 0> <II = 1> <Delay = 3.43> <FuncUnit> <Opcode : 'mul'> <InPorts = 2> <OutPorts = 1>
ST_3 : Operation 244 [1/1] (0.00ns)   --->   "%trunc_ln58_79 = partselect i12 @_ssdm_op_PartSelect.i12.i18.i32.i32, i18 %mul_ln58_84, i32 6, i32 17" [firmware/nnet_utils/nnet_dense_resource.h:58]   --->   Operation 244 'partselect' 'trunc_ln58_79' <Predicate = true> <Delay = 0.00>
ST_3 : Operation 245 [1/1] (0.00ns)   --->   "%sext_ln73_104 = sext i12 %w_81" [firmware/nnet_utils/nnet_mult.h:73->firmware/nnet_utils/nnet_dense_resource.h:59]   --->   Operation 245 'sext' 'sext_ln73_104' <Predicate = true> <Delay = 0.00>
ST_3 : Operation 246 [1/1] (3.43ns)   --->   "%mul_ln58_85 = mul i18 %sext_ln73_104, i18 %sext_ln73_91" [firmware/nnet_utils/nnet_dense_resource.h:58]   --->   Operation 246 'mul' 'mul_ln58_85' <Predicate = true> <Delay = 3.43> <CoreInst = "Multiplier">   --->   Core 3 'Multiplier' <Latency = 0> <II = 1> <Delay = 3.43> <FuncUnit> <Opcode : 'mul'> <InPorts = 2> <OutPorts = 1>
ST_3 : Operation 247 [1/1] (0.00ns)   --->   "%trunc_ln58_80 = partselect i12 @_ssdm_op_PartSelect.i12.i18.i32.i32, i18 %mul_ln58_85, i32 6, i32 17" [firmware/nnet_utils/nnet_dense_resource.h:58]   --->   Operation 247 'partselect' 'trunc_ln58_80' <Predicate = true> <Delay = 0.00>
ST_3 : Operation 248 [1/1] (0.00ns)   --->   "%sext_ln73_105 = sext i12 %w_82" [firmware/nnet_utils/nnet_mult.h:73->firmware/nnet_utils/nnet_dense_resource.h:59]   --->   Operation 248 'sext' 'sext_ln73_105' <Predicate = true> <Delay = 0.00>
ST_3 : Operation 249 [1/1] (3.43ns)   --->   "%mul_ln58_86 = mul i18 %sext_ln73_105, i18 %sext_ln73_93" [firmware/nnet_utils/nnet_dense_resource.h:58]   --->   Operation 249 'mul' 'mul_ln58_86' <Predicate = true> <Delay = 3.43> <CoreInst = "Multiplier">   --->   Core 3 'Multiplier' <Latency = 0> <II = 1> <Delay = 3.43> <FuncUnit> <Opcode : 'mul'> <InPorts = 2> <OutPorts = 1>
ST_3 : Operation 250 [1/1] (0.00ns)   --->   "%trunc_ln58_81 = partselect i12 @_ssdm_op_PartSelect.i12.i18.i32.i32, i18 %mul_ln58_86, i32 6, i32 17" [firmware/nnet_utils/nnet_dense_resource.h:58]   --->   Operation 250 'partselect' 'trunc_ln58_81' <Predicate = true> <Delay = 0.00>
ST_3 : Operation 251 [1/1] (0.00ns)   --->   "%sext_ln73_106 = sext i12 %w_83" [firmware/nnet_utils/nnet_mult.h:73->firmware/nnet_utils/nnet_dense_resource.h:59]   --->   Operation 251 'sext' 'sext_ln73_106' <Predicate = true> <Delay = 0.00>
ST_3 : Operation 252 [1/1] (3.43ns)   --->   "%mul_ln58_87 = mul i18 %sext_ln73_106, i18 %sext_ln73_89" [firmware/nnet_utils/nnet_dense_resource.h:58]   --->   Operation 252 'mul' 'mul_ln58_87' <Predicate = true> <Delay = 3.43> <CoreInst = "Multiplier">   --->   Core 3 'Multiplier' <Latency = 0> <II = 1> <Delay = 3.43> <FuncUnit> <Opcode : 'mul'> <InPorts = 2> <OutPorts = 1>
ST_3 : Operation 253 [1/1] (0.00ns)   --->   "%trunc_ln58_82 = partselect i12 @_ssdm_op_PartSelect.i12.i18.i32.i32, i18 %mul_ln58_87, i32 6, i32 17" [firmware/nnet_utils/nnet_dense_resource.h:58]   --->   Operation 253 'partselect' 'trunc_ln58_82' <Predicate = true> <Delay = 0.00>
ST_3 : Operation 254 [1/1] (0.00ns)   --->   "%sext_ln73_107 = sext i12 %w_84" [firmware/nnet_utils/nnet_mult.h:73->firmware/nnet_utils/nnet_dense_resource.h:59]   --->   Operation 254 'sext' 'sext_ln73_107' <Predicate = true> <Delay = 0.00>
ST_3 : Operation 255 [1/1] (3.43ns)   --->   "%mul_ln58_88 = mul i18 %sext_ln73_107, i18 %sext_ln73_91" [firmware/nnet_utils/nnet_dense_resource.h:58]   --->   Operation 255 'mul' 'mul_ln58_88' <Predicate = true> <Delay = 3.43> <CoreInst = "Multiplier">   --->   Core 3 'Multiplier' <Latency = 0> <II = 1> <Delay = 3.43> <FuncUnit> <Opcode : 'mul'> <InPorts = 2> <OutPorts = 1>
ST_3 : Operation 256 [1/1] (0.00ns)   --->   "%trunc_ln58_83 = partselect i12 @_ssdm_op_PartSelect.i12.i18.i32.i32, i18 %mul_ln58_88, i32 6, i32 17" [firmware/nnet_utils/nnet_dense_resource.h:58]   --->   Operation 256 'partselect' 'trunc_ln58_83' <Predicate = true> <Delay = 0.00>
ST_3 : Operation 257 [1/1] (0.00ns)   --->   "%sext_ln73_108 = sext i6 %tmp" [firmware/nnet_utils/nnet_mult.h:73->firmware/nnet_utils/nnet_dense_resource.h:59]   --->   Operation 257 'sext' 'sext_ln73_108' <Predicate = true> <Delay = 0.00>
ST_3 : Operation 258 [1/1] (3.43ns)   --->   "%mul_ln58_89 = mul i18 %sext_ln73_93, i18 %sext_ln73_108" [firmware/nnet_utils/nnet_dense_resource.h:58]   --->   Operation 258 'mul' 'mul_ln58_89' <Predicate = true> <Delay = 3.43> <CoreInst = "Multiplier">   --->   Core 3 'Multiplier' <Latency = 0> <II = 1> <Delay = 3.43> <FuncUnit> <Opcode : 'mul'> <InPorts = 2> <OutPorts = 1>
ST_3 : Operation 259 [1/1] (0.00ns)   --->   "%trunc_ln58_84 = partselect i12 @_ssdm_op_PartSelect.i12.i18.i32.i32, i18 %mul_ln58_89, i32 6, i32 17" [firmware/nnet_utils/nnet_dense_resource.h:58]   --->   Operation 259 'partselect' 'trunc_ln58_84' <Predicate = true> <Delay = 0.00>

State 4 <SV = 3> <Delay = 2.45>
ST_4 : Operation 260 [1/1] (0.00ns)   --->   "%res_0_0_i14 = phi i12 0, void %entry, i12 %add_ln58_74, void %MultLoop.split.i, i12 0, void %dense_resource_rf_leq_nin<ap_fixed<12, 6, 5, 3, 0>, ap_fixed<12, 6, 5, 3, 0>, config12_mult>.exit" [firmware/nnet_utils/nnet_dense_resource.h:58]   --->   Operation 260 'phi' 'res_0_0_i14' <Predicate = true> <Delay = 0.00>
ST_4 : Operation 261 [1/1] (0.00ns)   --->   "%res_1_0_i12 = phi i12 0, void %entry, i12 %add_ln58_77, void %MultLoop.split.i, i12 0, void %dense_resource_rf_leq_nin<ap_fixed<12, 6, 5, 3, 0>, ap_fixed<12, 6, 5, 3, 0>, config12_mult>.exit" [firmware/nnet_utils/nnet_dense_resource.h:58]   --->   Operation 261 'phi' 'res_1_0_i12' <Predicate = true> <Delay = 0.00>
ST_4 : Operation 262 [1/1] (0.00ns)   --->   "%res_2_0_i10 = phi i12 0, void %entry, i12 %add_ln58_80, void %MultLoop.split.i, i12 0, void %dense_resource_rf_leq_nin<ap_fixed<12, 6, 5, 3, 0>, ap_fixed<12, 6, 5, 3, 0>, config12_mult>.exit" [firmware/nnet_utils/nnet_dense_resource.h:58]   --->   Operation 262 'phi' 'res_2_0_i10' <Predicate = true> <Delay = 0.00>
ST_4 : Operation 263 [1/1] (0.00ns)   --->   "%res_3_0_i8 = phi i12 0, void %entry, i12 %add_ln58_83, void %MultLoop.split.i, i12 0, void %dense_resource_rf_leq_nin<ap_fixed<12, 6, 5, 3, 0>, ap_fixed<12, 6, 5, 3, 0>, config12_mult>.exit" [firmware/nnet_utils/nnet_dense_resource.h:58]   --->   Operation 263 'phi' 'res_3_0_i8' <Predicate = true> <Delay = 0.00>
ST_4 : Operation 264 [1/1] (0.00ns)   --->   "%res_4_0_i6 = phi i12 0, void %entry, i12 %add_ln58_86, void %MultLoop.split.i, i12 0, void %dense_resource_rf_leq_nin<ap_fixed<12, 6, 5, 3, 0>, ap_fixed<12, 6, 5, 3, 0>, config12_mult>.exit" [firmware/nnet_utils/nnet_dense_resource.h:58]   --->   Operation 264 'phi' 'res_4_0_i6' <Predicate = true> <Delay = 0.00>
ST_4 : Operation 265 [1/1] (0.00ns)   --->   "%res_5_0_i4 = phi i12 0, void %entry, i12 %add_ln58_89, void %MultLoop.split.i, i12 0, void %dense_resource_rf_leq_nin<ap_fixed<12, 6, 5, 3, 0>, ap_fixed<12, 6, 5, 3, 0>, config12_mult>.exit" [firmware/nnet_utils/nnet_dense_resource.h:58]   --->   Operation 265 'phi' 'res_5_0_i4' <Predicate = true> <Delay = 0.00>
ST_4 : Operation 266 [1/1] (0.00ns)   --->   "%specpipeline_ln47 = specpipeline void @_ssdm_op_SpecPipeline, i32 1, i32 0, i32 0, i32 1, void @empty_8" [firmware/nnet_utils/nnet_dense_resource.h:47]   --->   Operation 266 'specpipeline' 'specpipeline_ln47' <Predicate = true> <Delay = 0.00>
ST_4 : Operation 267 [1/1] (0.00ns)   --->   "%speclooptripcount_ln49 = speclooptripcount void @_ssdm_op_SpecLoopTripCount, i64 18, i64 18, i64 18" [firmware/nnet_utils/nnet_dense_resource.h:49]   --->   Operation 267 'speclooptripcount' 'speclooptripcount_ln49' <Predicate = true> <Delay = 0.00>
ST_4 : Operation 268 [1/1] (0.00ns)   --->   "%specloopname_ln46 = specloopname void @_ssdm_op_SpecLoopName, void @empty_9" [firmware/nnet_utils/nnet_dense_resource.h:46]   --->   Operation 268 'specloopname' 'specloopname_ln46' <Predicate = true> <Delay = 0.00>
ST_4 : Operation 269 [1/1] (1.35ns)   --->   "%add_ln58 = add i12 %trunc_ln58_s, i12 %trunc_ln58_69" [firmware/nnet_utils/nnet_dense_resource.h:58]   --->   Operation 269 'add' 'add_ln58' <Predicate = true> <Delay = 1.35> <CoreInst = "Adder">   --->   Core 1 'Adder' <Latency = 0> <II = 1> <Delay = 1.35> <FuncUnit> <Opcode : 'add' 'sub'> <InPorts = 2> <OutPorts = 1>
ST_4 : Operation 270 [1/1] (0.00ns) (grouped into TernaryAdder)   --->   "%add_ln58_73 = add i12 %add_ln58, i12 %trunc_ln" [firmware/nnet_utils/nnet_dense_resource.h:58]   --->   Operation 270 'add' 'add_ln58_73' <Predicate = true> <Delay = 0.00> <CoreInst = "TAddSub">   --->   Core 10 'TAddSub' <Latency = 0> <II = 1> <Delay = 0.55> <IPBlock> <Opcode : '' 'add' 'sub'> <InPorts = 3> <OutPorts = 1> <Sync> <CReg>
ST_4 : Operation 271 [1/1] (1.10ns) (root node of TernaryAdder)   --->   "%add_ln58_74 = add i12 %res_0_0_i14, i12 %add_ln58_73" [firmware/nnet_utils/nnet_dense_resource.h:58]   --->   Operation 271 'add' 'add_ln58_74' <Predicate = true> <Delay = 1.10> <CoreInst = "TAddSub">   --->   Core 10 'TAddSub' <Latency = 0> <II = 1> <Delay = 0.55> <IPBlock> <Opcode : '' 'add' 'sub'> <InPorts = 3> <OutPorts = 1> <Sync> <CReg>
ST_4 : Operation 272 [1/1] (1.35ns)   --->   "%add_ln58_75 = add i12 %trunc_ln58_71, i12 %trunc_ln58_72" [firmware/nnet_utils/nnet_dense_resource.h:58]   --->   Operation 272 'add' 'add_ln58_75' <Predicate = true> <Delay = 1.35> <CoreInst = "Adder">   --->   Core 1 'Adder' <Latency = 0> <II = 1> <Delay = 1.35> <FuncUnit> <Opcode : 'add' 'sub'> <InPorts = 2> <OutPorts = 1>
ST_4 : Operation 273 [1/1] (0.00ns) (grouped into TernaryAdder)   --->   "%add_ln58_76 = add i12 %add_ln58_75, i12 %trunc_ln58_70" [firmware/nnet_utils/nnet_dense_resource.h:58]   --->   Operation 273 'add' 'add_ln58_76' <Predicate = true> <Delay = 0.00> <CoreInst = "TAddSub">   --->   Core 10 'TAddSub' <Latency = 0> <II = 1> <Delay = 0.55> <IPBlock> <Opcode : '' 'add' 'sub'> <InPorts = 3> <OutPorts = 1> <Sync> <CReg>
ST_4 : Operation 274 [1/1] (1.10ns) (root node of TernaryAdder)   --->   "%add_ln58_77 = add i12 %res_1_0_i12, i12 %add_ln58_76" [firmware/nnet_utils/nnet_dense_resource.h:58]   --->   Operation 274 'add' 'add_ln58_77' <Predicate = true> <Delay = 1.10> <CoreInst = "TAddSub">   --->   Core 10 'TAddSub' <Latency = 0> <II = 1> <Delay = 0.55> <IPBlock> <Opcode : '' 'add' 'sub'> <InPorts = 3> <OutPorts = 1> <Sync> <CReg>
ST_4 : Operation 275 [1/1] (1.35ns)   --->   "%add_ln58_78 = add i12 %trunc_ln58_74, i12 %trunc_ln58_75" [firmware/nnet_utils/nnet_dense_resource.h:58]   --->   Operation 275 'add' 'add_ln58_78' <Predicate = true> <Delay = 1.35> <CoreInst = "Adder">   --->   Core 1 'Adder' <Latency = 0> <II = 1> <Delay = 1.35> <FuncUnit> <Opcode : 'add' 'sub'> <InPorts = 2> <OutPorts = 1>
ST_4 : Operation 276 [1/1] (0.00ns) (grouped into TernaryAdder)   --->   "%add_ln58_79 = add i12 %add_ln58_78, i12 %trunc_ln58_73" [firmware/nnet_utils/nnet_dense_resource.h:58]   --->   Operation 276 'add' 'add_ln58_79' <Predicate = true> <Delay = 0.00> <CoreInst = "TAddSub">   --->   Core 10 'TAddSub' <Latency = 0> <II = 1> <Delay = 0.55> <IPBlock> <Opcode : '' 'add' 'sub'> <InPorts = 3> <OutPorts = 1> <Sync> <CReg>
ST_4 : Operation 277 [1/1] (1.10ns) (root node of TernaryAdder)   --->   "%add_ln58_80 = add i12 %res_2_0_i10, i12 %add_ln58_79" [firmware/nnet_utils/nnet_dense_resource.h:58]   --->   Operation 277 'add' 'add_ln58_80' <Predicate = true> <Delay = 1.10> <CoreInst = "TAddSub">   --->   Core 10 'TAddSub' <Latency = 0> <II = 1> <Delay = 0.55> <IPBlock> <Opcode : '' 'add' 'sub'> <InPorts = 3> <OutPorts = 1> <Sync> <CReg>
ST_4 : Operation 278 [1/1] (1.35ns)   --->   "%add_ln58_81 = add i12 %trunc_ln58_77, i12 %trunc_ln58_78" [firmware/nnet_utils/nnet_dense_resource.h:58]   --->   Operation 278 'add' 'add_ln58_81' <Predicate = true> <Delay = 1.35> <CoreInst = "Adder">   --->   Core 1 'Adder' <Latency = 0> <II = 1> <Delay = 1.35> <FuncUnit> <Opcode : 'add' 'sub'> <InPorts = 2> <OutPorts = 1>
ST_4 : Operation 279 [1/1] (0.00ns) (grouped into TernaryAdder)   --->   "%add_ln58_82 = add i12 %add_ln58_81, i12 %trunc_ln58_76" [firmware/nnet_utils/nnet_dense_resource.h:58]   --->   Operation 279 'add' 'add_ln58_82' <Predicate = true> <Delay = 0.00> <CoreInst = "TAddSub">   --->   Core 10 'TAddSub' <Latency = 0> <II = 1> <Delay = 0.55> <IPBlock> <Opcode : '' 'add' 'sub'> <InPorts = 3> <OutPorts = 1> <Sync> <CReg>
ST_4 : Operation 280 [1/1] (1.10ns) (root node of TernaryAdder)   --->   "%add_ln58_83 = add i12 %res_3_0_i8, i12 %add_ln58_82" [firmware/nnet_utils/nnet_dense_resource.h:58]   --->   Operation 280 'add' 'add_ln58_83' <Predicate = true> <Delay = 1.10> <CoreInst = "TAddSub">   --->   Core 10 'TAddSub' <Latency = 0> <II = 1> <Delay = 0.55> <IPBlock> <Opcode : '' 'add' 'sub'> <InPorts = 3> <OutPorts = 1> <Sync> <CReg>
ST_4 : Operation 281 [1/1] (1.35ns)   --->   "%add_ln58_84 = add i12 %trunc_ln58_80, i12 %trunc_ln58_81" [firmware/nnet_utils/nnet_dense_resource.h:58]   --->   Operation 281 'add' 'add_ln58_84' <Predicate = true> <Delay = 1.35> <CoreInst = "Adder">   --->   Core 1 'Adder' <Latency = 0> <II = 1> <Delay = 1.35> <FuncUnit> <Opcode : 'add' 'sub'> <InPorts = 2> <OutPorts = 1>
ST_4 : Operation 282 [1/1] (0.00ns) (grouped into TernaryAdder)   --->   "%add_ln58_85 = add i12 %add_ln58_84, i12 %trunc_ln58_79" [firmware/nnet_utils/nnet_dense_resource.h:58]   --->   Operation 282 'add' 'add_ln58_85' <Predicate = true> <Delay = 0.00> <CoreInst = "TAddSub">   --->   Core 10 'TAddSub' <Latency = 0> <II = 1> <Delay = 0.55> <IPBlock> <Opcode : '' 'add' 'sub'> <InPorts = 3> <OutPorts = 1> <Sync> <CReg>
ST_4 : Operation 283 [1/1] (1.10ns) (root node of TernaryAdder)   --->   "%add_ln58_86 = add i12 %res_4_0_i6, i12 %add_ln58_85" [firmware/nnet_utils/nnet_dense_resource.h:58]   --->   Operation 283 'add' 'add_ln58_86' <Predicate = true> <Delay = 1.10> <CoreInst = "TAddSub">   --->   Core 10 'TAddSub' <Latency = 0> <II = 1> <Delay = 0.55> <IPBlock> <Opcode : '' 'add' 'sub'> <InPorts = 3> <OutPorts = 1> <Sync> <CReg>
ST_4 : Operation 284 [1/1] (1.35ns)   --->   "%add_ln58_87 = add i12 %trunc_ln58_83, i12 %trunc_ln58_84" [firmware/nnet_utils/nnet_dense_resource.h:58]   --->   Operation 284 'add' 'add_ln58_87' <Predicate = true> <Delay = 1.35> <CoreInst = "Adder">   --->   Core 1 'Adder' <Latency = 0> <II = 1> <Delay = 1.35> <FuncUnit> <Opcode : 'add' 'sub'> <InPorts = 2> <OutPorts = 1>
ST_4 : Operation 285 [1/1] (0.00ns) (grouped into TernaryAdder)   --->   "%add_ln58_88 = add i12 %add_ln58_87, i12 %trunc_ln58_82" [firmware/nnet_utils/nnet_dense_resource.h:58]   --->   Operation 285 'add' 'add_ln58_88' <Predicate = true> <Delay = 0.00> <CoreInst = "TAddSub">   --->   Core 10 'TAddSub' <Latency = 0> <II = 1> <Delay = 0.55> <IPBlock> <Opcode : '' 'add' 'sub'> <InPorts = 3> <OutPorts = 1> <Sync> <CReg>
ST_4 : Operation 286 [1/1] (1.10ns) (root node of TernaryAdder)   --->   "%add_ln58_89 = add i12 %res_5_0_i4, i12 %add_ln58_88" [firmware/nnet_utils/nnet_dense_resource.h:58]   --->   Operation 286 'add' 'add_ln58_89' <Predicate = true> <Delay = 1.10> <CoreInst = "TAddSub">   --->   Core 10 'TAddSub' <Latency = 0> <II = 1> <Delay = 0.55> <IPBlock> <Opcode : '' 'add' 'sub'> <InPorts = 3> <OutPorts = 1> <Sync> <CReg>
ST_4 : Operation 287 [1/1] (0.00ns)   --->   "%mrv_i = insertvalue i72 <undef>, i12 %add_ln58_74" [firmware/nnet_utils/nnet_dense_resource.h:84]   --->   Operation 287 'insertvalue' 'mrv_i' <Predicate = (icmp_ln46)> <Delay = 0.00>
ST_4 : Operation 288 [1/1] (0.00ns)   --->   "%mrv_1_i = insertvalue i72 %mrv_i, i12 %add_ln58_77" [firmware/nnet_utils/nnet_dense_resource.h:84]   --->   Operation 288 'insertvalue' 'mrv_1_i' <Predicate = (icmp_ln46)> <Delay = 0.00>
ST_4 : Operation 289 [1/1] (0.00ns)   --->   "%mrv_2_i = insertvalue i72 %mrv_1_i, i12 %add_ln58_80" [firmware/nnet_utils/nnet_dense_resource.h:84]   --->   Operation 289 'insertvalue' 'mrv_2_i' <Predicate = (icmp_ln46)> <Delay = 0.00>
ST_4 : Operation 290 [1/1] (0.00ns)   --->   "%mrv_3_i = insertvalue i72 %mrv_2_i, i12 %add_ln58_83" [firmware/nnet_utils/nnet_dense_resource.h:84]   --->   Operation 290 'insertvalue' 'mrv_3_i' <Predicate = (icmp_ln46)> <Delay = 0.00>
ST_4 : Operation 291 [1/1] (0.00ns)   --->   "%mrv_4_i = insertvalue i72 %mrv_3_i, i12 %add_ln58_86" [firmware/nnet_utils/nnet_dense_resource.h:84]   --->   Operation 291 'insertvalue' 'mrv_4_i' <Predicate = (icmp_ln46)> <Delay = 0.00>
ST_4 : Operation 292 [1/1] (0.00ns)   --->   "%mrv_5_i = insertvalue i72 %mrv_4_i, i12 %add_ln58_89" [firmware/nnet_utils/nnet_dense_resource.h:84]   --->   Operation 292 'insertvalue' 'mrv_5_i' <Predicate = (icmp_ln46)> <Delay = 0.00>
ST_4 : Operation 293 [1/1] (0.00ns)   --->   "%return_ln84 = return void @_ssdm_op_Return, i72 %mrv_5_i" [firmware/nnet_utils/nnet_dense_resource.h:84]   --->   Operation 293 'return' 'return_ln84' <Predicate = (icmp_ln46)> <Delay = 0.00>


============================================================
+ Verbose Summary: Timing violations
============================================================
Target clock period: 5.000ns, clock uncertainty: 1.350ns.

 <State 1>: 2.309ns
The critical path consists of the following:
	multiplexor before 'phi' operation 5 bit ('w_index') with incoming values : ('w_index', firmware/nnet_utils/nnet_dense_resource.h:46) [119]  (0.538 ns)
	'phi' operation 5 bit ('w_index') with incoming values : ('w_index', firmware/nnet_utils/nnet_dense_resource.h:46) [119]  (0.000 ns)
	'getelementptr' operation 5 bit ('w12_addr', firmware/nnet_utils/nnet_dense_resource.h:59) [238]  (0.000 ns)
	'load' operation 210 bit ('w12_load', firmware/nnet_utils/nnet_dense_resource.h:59) on array 'w12' [239]  (1.771 ns)

 <State 2>: 1.771ns
The critical path consists of the following:
	'load' operation 210 bit ('w12_load', firmware/nnet_utils/nnet_dense_resource.h:59) on array 'w12' [239]  (1.771 ns)

 <State 3>: 3.434ns
The critical path consists of the following:
	'mul' operation 18 bit ('mul_ln58', firmware/nnet_utils/nnet_dense_resource.h:58) [243]  (3.434 ns)

 <State 4>: 2.458ns
The critical path consists of the following:
	'add' operation 12 bit ('add_ln58', firmware/nnet_utils/nnet_dense_resource.h:58) [257]  (1.352 ns)
	'add' operation 12 bit ('add_ln58_73', firmware/nnet_utils/nnet_dense_resource.h:58) [258]  (0.000 ns)
	'add' operation 12 bit ('add_ln58_74', firmware/nnet_utils/nnet_dense_resource.h:58) [259]  (1.107 ns)
	'insertvalue' operation 72 bit ('mrv_i', firmware/nnet_utils/nnet_dense_resource.h:84) [339]  (0.000 ns)


============================================================
+ Verbose Summary: Binding
============================================================
N/A
* FSMD analyzer results:
  - Output states:
 - Input state : 
  - Chain level:
	State 1
	State 2
	State 3
	State 4


============================================================
+ Verbose Summary: Datapath Resource usage 
============================================================
N/A
