

================================================================
== Vitis HLS Report for 'pointwise_conv_2d_cl_array_array_ap_fixed_16_6_5_3_0_8u_config36_s'
================================================================
* Date:           Thu Apr 23 22:46:37 2026

* Version:        2025.2 (Build 6295257 on Nov 14 2025)
* Project:        folo_prj
* Solution:       solution1 (Vivado IP Flow Target)
* Product family: kintexu
* Target device:  xcku035-fbva676-2-e


================================================================
== Performance Estimates
================================================================
+ Timing: 
    * Summary: 
    +--------+---------+----------+------------+
    |  Clock |  Target | Estimated| Uncertainty|
    +--------+---------+----------+------------+
    |ap_clk  |  5.00 ns|  3.570 ns|     1.35 ns|
    +--------+---------+----------+------------+

+ Latency: 
    * Summary: 
    +---------+---------+----------+----------+------+------+------------------------------------------------+
    |  Latency (cycles) |  Latency (absolute) |   Interval  |                    Pipeline                    |
    |   min   |   max   |    min   |    max   |  min |  max |                      Type                      |
    +---------+---------+----------+----------+------+------+------------------------------------------------+
    |     1029|     1029|  5.145 us|  5.145 us|  1024|  1024|  loop auto-rewind stp (delay=0 clock cycles(s))|
    +---------+---------+----------+----------+------+------+------------------------------------------------+

    + Detail: 
        * Instance: 
        N/A

        * Loop: 
        +----------------------------------+---------+---------+----------+-----------+-----------+------+----------+
        |                                  |  Latency (cycles) | Iteration|  Initiation Interval  | Trip |          |
        |             Loop Name            |   min   |   max   |  Latency |  achieved |   target  | Count| Pipelined|
        +----------------------------------+---------+---------+----------+-----------+-----------+------+----------+
        |- ReadInputHeight_ReadInputWidth  |     1027|     1027|         5|          1|          1|  1024|       yes|
        +----------------------------------+---------+---------+----------+-----------+-----------+------+----------+

============================================================
+ Verbose Summary: Synthesis Manager
============================================================
InlineROM: 1
ExposeGlobal: 0
============================================================
+ Verbose Summary: CDFG Model
============================================================
IsTopModel: 0
ResetActiveHigh: 1
IsCombinational: 2
IsDatapathOnly: 0
HasWiredReturn: 1
HasMFsm: 2
HasVarLatency: 1
IsPipeline: 0
IsRtlPipelined: 0
IsInstanceOverlapped: 0
IsDontTouch: 0
HasImplIP: 0
IsGatedGlobalClock: 0

+ Individual pipeline summary: 
  * Pipeline-0: initiation interval (II) = 1, depth = 5


============================================================
+ Verbose Summary: Schedule
============================================================
* Number of FSM states : 5
* Pipeline : 1
  Pipeline-0 : II = 1, D = 5, States = { 1 2 3 4 5 }
* Dataflow Pipeline: 0

* FSM state transitions: 
1 --> 2 
2 --> 3 
3 --> 4 
4 --> 5 
5 --> 

* FSM state operations: 

State 1 <SV = 0> <Delay = 2.39>
ST_1 : Operation 8 [1/1] (0.00ns)   --->   "%indvar_flatten2 = alloca i32 1"   --->   Operation 8 'alloca' 'indvar_flatten2' <Predicate = true> <Delay = 0.00>
ST_1 : Operation 9 [1/1] (0.00ns)   --->   "%specinterface_ln0 = specinterface void @_ssdm_op_SpecInterface, i128 %layer23_out, void @empty_2, i32 0, i32 0, void @empty_1, i32 0, i32 0, void @empty_1, void @empty_1, void @empty_1, i32 0, i32 0, i32 0, i32 0, void @empty_1, void @empty_1, i32 4294967295, i32 0, i32 0, i32 0"   --->   Operation 9 'specinterface' 'specinterface_ln0' <Predicate = true> <Delay = 0.00>
ST_1 : Operation 10 [1/1] (0.00ns)   --->   "%specinterface_ln0 = specinterface void @_ssdm_op_SpecInterface, i128 %layer22_out, void @empty_2, i32 0, i32 0, void @empty_1, i32 0, i32 0, void @empty_1, void @empty_1, void @empty_1, i32 0, i32 0, i32 0, i32 0, void @empty_1, void @empty_1, i32 4294967295, i32 0, i32 0, i32 0"   --->   Operation 10 'specinterface' 'specinterface_ln0' <Predicate = true> <Delay = 0.00>
ST_1 : Operation 11 [1/1] (0.53ns)   --->   "%store_ln0 = store i10 0, i10 %indvar_flatten2"   --->   Operation 11 'store' 'store_ln0' <Predicate = true> <Delay = 0.53>
ST_1 : Operation 12 [1/1] (0.00ns)   --->   "%br_ln0 = br void %for.inc10"   --->   Operation 12 'br' 'br_ln0' <Predicate = true> <Delay = 0.00>
ST_1 : Operation 13 [1/1] (0.00ns)   --->   "%indvar_flatten2_load = load i10 %indvar_flatten2" [firmware/nnet_utils/nnet_sepconv2d_stream.h:67]   --->   Operation 13 'load' 'indvar_flatten2_load' <Predicate = true> <Delay = 0.00>
ST_1 : Operation 14 [1/1] ( I:1.82ns O:1.82ns )   --->   "%layer22_out_read = read i128 @_ssdm_op_Read.ap_fifo.volatile.i128P0A, i128 %layer22_out" [firmware/nnet_utils/nnet_sepconv2d_stream.h:73]   --->   Operation 14 'read' 'layer22_out_read' <Predicate = true> <Delay = 1.82> <CoreInst = "FIFO_SRL">   --->   Core 80 'FIFO_SRL' <Latency = 0> <II = 1> <Delay = 2.26> <Storage> <Opcode : 'read' 'write' 'nbread' 'nbwrite'> <Ports = 0> <Width = 128> <Depth = 2> <FIFO>
ST_1 : Operation 15 [1/1] (0.00ns)   --->   "%data = trunc i128 %layer22_out_read" [firmware/nnet_utils/nnet_sepconv2d_stream.h:73]   --->   Operation 15 'trunc' 'data' <Predicate = true> <Delay = 0.00>
ST_1 : Operation 16 [1/1] (0.00ns)   --->   "%data_8 = partselect i16 @_ssdm_op_PartSelect.i16.i128.i32.i32, i128 %layer22_out_read, i32 16, i32 31" [firmware/nnet_utils/nnet_sepconv2d_stream.h:73]   --->   Operation 16 'partselect' 'data_8' <Predicate = true> <Delay = 0.00>
ST_1 : Operation 17 [1/1] (0.00ns)   --->   "%data_9 = partselect i16 @_ssdm_op_PartSelect.i16.i128.i32.i32, i128 %layer22_out_read, i32 32, i32 47" [firmware/nnet_utils/nnet_sepconv2d_stream.h:73]   --->   Operation 17 'partselect' 'data_9' <Predicate = true> <Delay = 0.00>
ST_1 : Operation 18 [1/1] (0.00ns)   --->   "%data_10 = partselect i16 @_ssdm_op_PartSelect.i16.i128.i32.i32, i128 %layer22_out_read, i32 48, i32 63" [firmware/nnet_utils/nnet_sepconv2d_stream.h:73]   --->   Operation 18 'partselect' 'data_10' <Predicate = true> <Delay = 0.00>
ST_1 : Operation 19 [1/1] (0.00ns)   --->   "%data_11 = partselect i16 @_ssdm_op_PartSelect.i16.i128.i32.i32, i128 %layer22_out_read, i32 64, i32 79" [firmware/nnet_utils/nnet_sepconv2d_stream.h:73]   --->   Operation 19 'partselect' 'data_11' <Predicate = true> <Delay = 0.00>
ST_1 : Operation 20 [1/1] (0.00ns)   --->   "%data_12 = partselect i16 @_ssdm_op_PartSelect.i16.i128.i32.i32, i128 %layer22_out_read, i32 80, i32 95" [firmware/nnet_utils/nnet_sepconv2d_stream.h:73]   --->   Operation 20 'partselect' 'data_12' <Predicate = true> <Delay = 0.00>
ST_1 : Operation 21 [1/1] (0.00ns)   --->   "%data_13 = partselect i16 @_ssdm_op_PartSelect.i16.i128.i32.i32, i128 %layer22_out_read, i32 96, i32 111" [firmware/nnet_utils/nnet_sepconv2d_stream.h:73]   --->   Operation 21 'partselect' 'data_13' <Predicate = true> <Delay = 0.00>
ST_1 : Operation 22 [1/1] (0.00ns)   --->   "%data_14 = partselect i16 @_ssdm_op_PartSelect.i16.i128.i32.i32, i128 %layer22_out_read, i32 112, i32 127" [firmware/nnet_utils/nnet_sepconv2d_stream.h:73]   --->   Operation 22 'partselect' 'data_14' <Predicate = true> <Delay = 0.00>
ST_1 : Operation 23 [1/1] (1.31ns)   --->   "%add_ln67 = add i10 %indvar_flatten2_load, i10 1" [firmware/nnet_utils/nnet_sepconv2d_stream.h:67]   --->   Operation 23 'add' 'add_ln67' <Predicate = true> <Delay = 1.31> <CoreInst = "Adder">   --->   Core 1 'Adder' <Latency = 0> <II = 1> <Delay = 1.31> <FuncUnit> <Opcode : 'add' 'sub'> <InPorts = 2> <OutPorts = 1>
ST_1 : Operation 24 [1/1] (1.31ns)   --->   "%icmp_ln67 = icmp_eq  i10 %indvar_flatten2_load, i10 1023" [firmware/nnet_utils/nnet_sepconv2d_stream.h:67]   --->   Operation 24 'icmp' 'icmp_ln67' <Predicate = true> <Delay = 1.31> <CoreInst = "Cmp">   --->   Core 9 'Cmp' <Latency = 0> <II = 1> <Delay = 1.31> <FuncUnit> <Opcode : 'seteq' 'setne' 'setle' 'setge' 'setlt' 'setgt'> <InPorts = 2> <OutPorts = 1>
ST_1 : Operation 25 [1/1] (0.53ns)   --->   "%store_ln67 = store i10 %add_ln67, i10 %indvar_flatten2" [firmware/nnet_utils/nnet_sepconv2d_stream.h:67]   --->   Operation 25 'store' 'store_ln67' <Predicate = true> <Delay = 0.53>
ST_1 : Operation 26 [1/1] (0.00ns)   --->   "%br_ln67 = br i1 %icmp_ln67, void %for.inc10, void %if.end40" [firmware/nnet_utils/nnet_sepconv2d_stream.h:67]   --->   Operation 26 'br' 'br_ln67' <Predicate = true> <Delay = 0.00>

State 2 <SV = 1> <Delay = 3.57>
ST_2 : Operation 27 [1/1] (0.00ns)   --->   "%sext_ln70_2 = sext i16 %data" [firmware/nnet_utils/nnet_mult.h:70->firmware/nnet_utils/nnet_dense_latency.h:42->firmware/nnet_utils/nnet_dense.h:54->firmware/nnet_utils/nnet_sepconv_stream.h:104->firmware/nnet_utils/nnet_sepconv2d_stream.h:73]   --->   Operation 27 'sext' 'sext_ln70_2' <Predicate = true> <Delay = 0.00>
ST_2 : Operation 28 [1/1] (3.57ns)   --->   "%mul_ln73 = mul i24 %sext_ln70_2, i24 122" [firmware/nnet_utils/nnet_mult.h:73->firmware/nnet_utils/nnet_dense_latency.h:42->firmware/nnet_utils/nnet_dense.h:54->firmware/nnet_utils/nnet_sepconv_stream.h:104->firmware/nnet_utils/nnet_sepconv2d_stream.h:73]   --->   Operation 28 'mul' 'mul_ln73' <Predicate = true> <Delay = 3.57> <CoreInst = "Multiplier">   --->   Core 3 'Multiplier' <Latency = 0> <II = 1> <Delay = 3.57> <FuncUnit> <Opcode : 'mul'> <InPorts = 2> <OutPorts = 1>
ST_2 : Operation 29 [1/1] (0.00ns)   --->   "%trunc_ln = partselect i14 @_ssdm_op_PartSelect.i14.i24.i32.i32, i24 %mul_ln73, i32 10, i32 23" [firmware/nnet_utils/nnet_dense_latency.h:42->firmware/nnet_utils/nnet_dense.h:54->firmware/nnet_utils/nnet_sepconv_stream.h:104->firmware/nnet_utils/nnet_sepconv2d_stream.h:73]   --->   Operation 29 'partselect' 'trunc_ln' <Predicate = true> <Delay = 0.00>
ST_2 : Operation 30 [1/1] (0.00ns)   --->   "%sext_ln70_11 = sext i16 %data_11" [firmware/nnet_utils/nnet_mult.h:70->firmware/nnet_utils/nnet_dense_latency.h:42->firmware/nnet_utils/nnet_dense.h:54->firmware/nnet_utils/nnet_sepconv_stream.h:104->firmware/nnet_utils/nnet_sepconv2d_stream.h:73]   --->   Operation 30 'sext' 'sext_ln70_11' <Predicate = true> <Delay = 0.00>
ST_2 : Operation 31 [1/1] (3.57ns)   --->   "%mul_ln73_20 = mul i23 %sext_ln70_11, i23 8388551" [firmware/nnet_utils/nnet_mult.h:73->firmware/nnet_utils/nnet_dense_latency.h:42->firmware/nnet_utils/nnet_dense.h:54->firmware/nnet_utils/nnet_sepconv_stream.h:104->firmware/nnet_utils/nnet_sepconv2d_stream.h:73]   --->   Operation 31 'mul' 'mul_ln73_20' <Predicate = true> <Delay = 3.57> <CoreInst = "Multiplier">   --->   Core 3 'Multiplier' <Latency = 0> <II = 1> <Delay = 3.57> <FuncUnit> <Opcode : 'mul'> <InPorts = 2> <OutPorts = 1>
ST_2 : Operation 32 [1/1] (0.00ns)   --->   "%trunc_ln42_38 = partselect i13 @_ssdm_op_PartSelect.i13.i23.i32.i32, i23 %mul_ln73_20, i32 10, i32 22" [firmware/nnet_utils/nnet_dense_latency.h:42->firmware/nnet_utils/nnet_dense.h:54->firmware/nnet_utils/nnet_sepconv_stream.h:104->firmware/nnet_utils/nnet_sepconv2d_stream.h:73]   --->   Operation 32 'partselect' 'trunc_ln42_38' <Predicate = true> <Delay = 0.00>

State 3 <SV = 2> <Delay = 3.57>
ST_3 : Operation 33 [1/1] (0.00ns)   --->   "%sext_ln70 = sext i16 %data" [firmware/nnet_utils/nnet_mult.h:70->firmware/nnet_utils/nnet_dense_latency.h:42->firmware/nnet_utils/nnet_dense.h:54->firmware/nnet_utils/nnet_sepconv_stream.h:104->firmware/nnet_utils/nnet_sepconv2d_stream.h:73]   --->   Operation 33 'sext' 'sext_ln70' <Predicate = true> <Delay = 0.00>
ST_3 : Operation 34 [1/1] (0.00ns)   --->   "%sext_ln70_1 = sext i16 %data" [firmware/nnet_utils/nnet_mult.h:70->firmware/nnet_utils/nnet_dense_latency.h:42->firmware/nnet_utils/nnet_dense.h:54->firmware/nnet_utils/nnet_sepconv_stream.h:104->firmware/nnet_utils/nnet_sepconv2d_stream.h:73]   --->   Operation 34 'sext' 'sext_ln70_1' <Predicate = true> <Delay = 0.00>
ST_3 : Operation 35 [1/1] (0.00ns)   --->   "%sext_ln73 = sext i14 %trunc_ln" [firmware/nnet_utils/nnet_mult.h:73->firmware/nnet_utils/nnet_dense_latency.h:42->firmware/nnet_utils/nnet_dense.h:54->firmware/nnet_utils/nnet_sepconv_stream.h:104->firmware/nnet_utils/nnet_sepconv2d_stream.h:73]   --->   Operation 35 'sext' 'sext_ln73' <Predicate = true> <Delay = 0.00>
ST_3 : Operation 36 [1/1] (0.00ns)   --->   "%tmp = bitconcatenate i22 @_ssdm_op_BitConcatenate.i22.i16.i6, i16 %data, i6 0" [firmware/nnet_utils/nnet_mult.h:73->firmware/nnet_utils/nnet_dense_latency.h:42->firmware/nnet_utils/nnet_dense.h:54->firmware/nnet_utils/nnet_sepconv_stream.h:104->firmware/nnet_utils/nnet_sepconv2d_stream.h:73]   --->   Operation 36 'bitconcatenate' 'tmp' <Predicate = true> <Delay = 0.00>
ST_3 : Operation 37 [1/1] (0.00ns)   --->   "%sext_ln73_5 = sext i22 %tmp" [firmware/nnet_utils/nnet_mult.h:73->firmware/nnet_utils/nnet_dense_latency.h:42->firmware/nnet_utils/nnet_dense.h:54->firmware/nnet_utils/nnet_sepconv_stream.h:104->firmware/nnet_utils/nnet_sepconv2d_stream.h:73]   --->   Operation 37 'sext' 'sext_ln73_5' <Predicate = true> <Delay = 0.00>
ST_3 : Operation 38 [1/1] (0.00ns)   --->   "%tmp_5 = bitconcatenate i19 @_ssdm_op_BitConcatenate.i19.i16.i3, i16 %data, i3 0" [firmware/nnet_utils/nnet_mult.h:73->firmware/nnet_utils/nnet_dense_latency.h:42->firmware/nnet_utils/nnet_dense.h:54->firmware/nnet_utils/nnet_sepconv_stream.h:104->firmware/nnet_utils/nnet_sepconv2d_stream.h:73]   --->   Operation 38 'bitconcatenate' 'tmp_5' <Predicate = true> <Delay = 0.00>
ST_3 : Operation 39 [1/1] (0.00ns)   --->   "%sext_ln73_6 = sext i19 %tmp_5" [firmware/nnet_utils/nnet_mult.h:73->firmware/nnet_utils/nnet_dense_latency.h:42->firmware/nnet_utils/nnet_dense.h:54->firmware/nnet_utils/nnet_sepconv_stream.h:104->firmware/nnet_utils/nnet_sepconv2d_stream.h:73]   --->   Operation 39 'sext' 'sext_ln73_6' <Predicate = true> <Delay = 0.00>
ST_3 : Operation 40 [1/1] (1.44ns)   --->   "%sub_ln73 = sub i23 %sext_ln73_6, i23 %sext_ln73_5" [firmware/nnet_utils/nnet_mult.h:73->firmware/nnet_utils/nnet_dense_latency.h:42->firmware/nnet_utils/nnet_dense.h:54->firmware/nnet_utils/nnet_sepconv_stream.h:104->firmware/nnet_utils/nnet_sepconv2d_stream.h:73]   --->   Operation 40 'sub' 'sub_ln73' <Predicate = true> <Delay = 1.44> <CoreInst = "Adder">   --->   Core 1 'Adder' <Latency = 0> <II = 1> <Delay = 1.44> <FuncUnit> <Opcode : 'add' 'sub'> <InPorts = 2> <OutPorts = 1>
ST_3 : Operation 41 [1/1] (0.00ns)   --->   "%trunc_ln42_1 = partselect i13 @_ssdm_op_PartSelect.i13.i23.i32.i32, i23 %sub_ln73, i32 10, i32 22" [firmware/nnet_utils/nnet_dense_latency.h:42->firmware/nnet_utils/nnet_dense.h:54->firmware/nnet_utils/nnet_sepconv_stream.h:104->firmware/nnet_utils/nnet_sepconv2d_stream.h:73]   --->   Operation 41 'partselect' 'trunc_ln42_1' <Predicate = true> <Delay = 0.00>
ST_3 : Operation 42 [1/1] (0.00ns)   --->   "%sext_ln73_1 = sext i13 %trunc_ln42_1" [firmware/nnet_utils/nnet_mult.h:73->firmware/nnet_utils/nnet_dense_latency.h:42->firmware/nnet_utils/nnet_dense.h:54->firmware/nnet_utils/nnet_sepconv_stream.h:104->firmware/nnet_utils/nnet_sepconv2d_stream.h:73]   --->   Operation 42 'sext' 'sext_ln73_1' <Predicate = true> <Delay = 0.00>
ST_3 : Operation 43 [1/1] (3.57ns)   --->   "%mul_ln73_1 = mul i26 %sext_ln70_1, i26 442" [firmware/nnet_utils/nnet_mult.h:73->firmware/nnet_utils/nnet_dense_latency.h:42->firmware/nnet_utils/nnet_dense.h:54->firmware/nnet_utils/nnet_sepconv_stream.h:104->firmware/nnet_utils/nnet_sepconv2d_stream.h:73]   --->   Operation 43 'mul' 'mul_ln73_1' <Predicate = true> <Delay = 3.57> <CoreInst = "Multiplier">   --->   Core 3 'Multiplier' <Latency = 0> <II = 1> <Delay = 3.57> <FuncUnit> <Opcode : 'mul'> <InPorts = 2> <OutPorts = 1>
ST_3 : Operation 44 [1/1] (0.00ns)   --->   "%trunc_ln42_2 = partselect i16 @_ssdm_op_PartSelect.i16.i26.i32.i32, i26 %mul_ln73_1, i32 10, i32 25" [firmware/nnet_utils/nnet_dense_latency.h:42->firmware/nnet_utils/nnet_dense.h:54->firmware/nnet_utils/nnet_sepconv_stream.h:104->firmware/nnet_utils/nnet_sepconv2d_stream.h:73]   --->   Operation 44 'partselect' 'trunc_ln42_2' <Predicate = true> <Delay = 0.00>
ST_3 : Operation 45 [1/1] (3.57ns)   --->   "%mul_ln42 = mul i26 %sext_ln70_1, i26 856" [firmware/nnet_utils/nnet_dense_latency.h:42->firmware/nnet_utils/nnet_dense.h:54->firmware/nnet_utils/nnet_sepconv_stream.h:104->firmware/nnet_utils/nnet_sepconv2d_stream.h:73]   --->   Operation 45 'mul' 'mul_ln42' <Predicate = true> <Delay = 3.57> <CoreInst = "Multiplier">   --->   Core 3 'Multiplier' <Latency = 0> <II = 1> <Delay = 3.57> <FuncUnit> <Opcode : 'mul'> <InPorts = 2> <OutPorts = 1>
ST_3 : Operation 46 [1/1] (0.00ns)   --->   "%trunc_ln42_3 = partselect i16 @_ssdm_op_PartSelect.i16.i26.i32.i32, i26 %mul_ln42, i32 10, i32 25" [firmware/nnet_utils/nnet_dense_latency.h:42->firmware/nnet_utils/nnet_dense.h:54->firmware/nnet_utils/nnet_sepconv_stream.h:104->firmware/nnet_utils/nnet_sepconv2d_stream.h:73]   --->   Operation 46 'partselect' 'trunc_ln42_3' <Predicate = true> <Delay = 0.00>
ST_3 : Operation 47 [1/1] (3.57ns)   --->   "%mul_ln73_2 = mul i26 %sext_ln70_1, i26 479" [firmware/nnet_utils/nnet_mult.h:73->firmware/nnet_utils/nnet_dense_latency.h:42->firmware/nnet_utils/nnet_dense.h:54->firmware/nnet_utils/nnet_sepconv_stream.h:104->firmware/nnet_utils/nnet_sepconv2d_stream.h:73]   --->   Operation 47 'mul' 'mul_ln73_2' <Predicate = true> <Delay = 3.57> <CoreInst = "Multiplier">   --->   Core 3 'Multiplier' <Latency = 0> <II = 1> <Delay = 3.57> <FuncUnit> <Opcode : 'mul'> <InPorts = 2> <OutPorts = 1>
ST_3 : Operation 48 [1/1] (0.00ns)   --->   "%trunc_ln42_4 = partselect i16 @_ssdm_op_PartSelect.i16.i26.i32.i32, i26 %mul_ln73_2, i32 10, i32 25" [firmware/nnet_utils/nnet_dense_latency.h:42->firmware/nnet_utils/nnet_dense.h:54->firmware/nnet_utils/nnet_sepconv_stream.h:104->firmware/nnet_utils/nnet_sepconv2d_stream.h:73]   --->   Operation 48 'partselect' 'trunc_ln42_4' <Predicate = true> <Delay = 0.00>
ST_3 : Operation 49 [1/1] (3.57ns)   --->   "%mul_ln73_3 = mul i25 %sext_ln70, i25 155" [firmware/nnet_utils/nnet_mult.h:73->firmware/nnet_utils/nnet_dense_latency.h:42->firmware/nnet_utils/nnet_dense.h:54->firmware/nnet_utils/nnet_sepconv_stream.h:104->firmware/nnet_utils/nnet_sepconv2d_stream.h:73]   --->   Operation 49 'mul' 'mul_ln73_3' <Predicate = true> <Delay = 3.57> <CoreInst = "Multiplier">   --->   Core 3 'Multiplier' <Latency = 0> <II = 1> <Delay = 3.57> <FuncUnit> <Opcode : 'mul'> <InPorts = 2> <OutPorts = 1>
ST_3 : Operation 50 [1/1] (0.00ns)   --->   "%trunc_ln42_5 = partselect i15 @_ssdm_op_PartSelect.i15.i25.i32.i32, i25 %mul_ln73_3, i32 10, i32 24" [firmware/nnet_utils/nnet_dense_latency.h:42->firmware/nnet_utils/nnet_dense.h:54->firmware/nnet_utils/nnet_sepconv_stream.h:104->firmware/nnet_utils/nnet_sepconv2d_stream.h:73]   --->   Operation 50 'partselect' 'trunc_ln42_5' <Predicate = true> <Delay = 0.00>
ST_3 : Operation 51 [1/1] (3.57ns)   --->   "%mul_ln42_1 = mul i26 %sext_ln70_1, i26 837" [firmware/nnet_utils/nnet_dense_latency.h:42->firmware/nnet_utils/nnet_dense.h:54->firmware/nnet_utils/nnet_sepconv_stream.h:104->firmware/nnet_utils/nnet_sepconv2d_stream.h:73]   --->   Operation 51 'mul' 'mul_ln42_1' <Predicate = true> <Delay = 3.57> <CoreInst = "Multiplier">   --->   Core 3 'Multiplier' <Latency = 0> <II = 1> <Delay = 3.57> <FuncUnit> <Opcode : 'mul'> <InPorts = 2> <OutPorts = 1>
ST_3 : Operation 52 [1/1] (0.00ns)   --->   "%trunc_ln42_6 = partselect i16 @_ssdm_op_PartSelect.i16.i26.i32.i32, i26 %mul_ln42_1, i32 10, i32 25" [firmware/nnet_utils/nnet_dense_latency.h:42->firmware/nnet_utils/nnet_dense.h:54->firmware/nnet_utils/nnet_sepconv_stream.h:104->firmware/nnet_utils/nnet_sepconv2d_stream.h:73]   --->   Operation 52 'partselect' 'trunc_ln42_6' <Predicate = true> <Delay = 0.00>
ST_3 : Operation 53 [1/1] (3.57ns)   --->   "%mul_ln73_4 = mul i25 %sext_ln70, i25 141" [firmware/nnet_utils/nnet_mult.h:73->firmware/nnet_utils/nnet_dense_latency.h:42->firmware/nnet_utils/nnet_dense.h:54->firmware/nnet_utils/nnet_sepconv_stream.h:104->firmware/nnet_utils/nnet_sepconv2d_stream.h:73]   --->   Operation 53 'mul' 'mul_ln73_4' <Predicate = true> <Delay = 3.57> <CoreInst = "Multiplier">   --->   Core 3 'Multiplier' <Latency = 0> <II = 1> <Delay = 3.57> <FuncUnit> <Opcode : 'mul'> <InPorts = 2> <OutPorts = 1>
ST_3 : Operation 54 [1/1] (0.00ns)   --->   "%trunc_ln42_7 = partselect i15 @_ssdm_op_PartSelect.i15.i25.i32.i32, i25 %mul_ln73_4, i32 10, i32 24" [firmware/nnet_utils/nnet_dense_latency.h:42->firmware/nnet_utils/nnet_dense.h:54->firmware/nnet_utils/nnet_sepconv_stream.h:104->firmware/nnet_utils/nnet_sepconv2d_stream.h:73]   --->   Operation 54 'partselect' 'trunc_ln42_7' <Predicate = true> <Delay = 0.00>
ST_3 : Operation 55 [1/1] (0.00ns)   --->   "%sext_ln42_2 = sext i16 %data_8" [firmware/nnet_utils/nnet_dense_latency.h:42->firmware/nnet_utils/nnet_dense.h:54->firmware/nnet_utils/nnet_sepconv_stream.h:104->firmware/nnet_utils/nnet_sepconv2d_stream.h:73]   --->   Operation 55 'sext' 'sext_ln42_2' <Predicate = true> <Delay = 0.00>
ST_3 : Operation 56 [1/1] (0.00ns)   --->   "%sext_ln70_3 = sext i16 %data_8" [firmware/nnet_utils/nnet_mult.h:70->firmware/nnet_utils/nnet_dense_latency.h:42->firmware/nnet_utils/nnet_dense.h:54->firmware/nnet_utils/nnet_sepconv_stream.h:104->firmware/nnet_utils/nnet_sepconv2d_stream.h:73]   --->   Operation 56 'sext' 'sext_ln70_3' <Predicate = true> <Delay = 0.00>
ST_3 : Operation 57 [1/1] (0.00ns)   --->   "%sext_ln70_4 = sext i16 %data_8" [firmware/nnet_utils/nnet_mult.h:70->firmware/nnet_utils/nnet_dense_latency.h:42->firmware/nnet_utils/nnet_dense.h:54->firmware/nnet_utils/nnet_sepconv_stream.h:104->firmware/nnet_utils/nnet_sepconv2d_stream.h:73]   --->   Operation 57 'sext' 'sext_ln70_4' <Predicate = true> <Delay = 0.00>
ST_3 : Operation 58 [1/1] (0.00ns)   --->   "%sext_ln70_5 = sext i16 %data_8" [firmware/nnet_utils/nnet_mult.h:70->firmware/nnet_utils/nnet_dense_latency.h:42->firmware/nnet_utils/nnet_dense.h:54->firmware/nnet_utils/nnet_sepconv_stream.h:104->firmware/nnet_utils/nnet_sepconv2d_stream.h:73]   --->   Operation 58 'sext' 'sext_ln70_5' <Predicate = true> <Delay = 0.00>
ST_3 : Operation 59 [1/1] (3.57ns)   --->   "%mul_ln73_5 = mul i26 %sext_ln42_2, i26 468" [firmware/nnet_utils/nnet_mult.h:73->firmware/nnet_utils/nnet_dense_latency.h:42->firmware/nnet_utils/nnet_dense.h:54->firmware/nnet_utils/nnet_sepconv_stream.h:104->firmware/nnet_utils/nnet_sepconv2d_stream.h:73]   --->   Operation 59 'mul' 'mul_ln73_5' <Predicate = true> <Delay = 3.57> <CoreInst = "Multiplier">   --->   Core 3 'Multiplier' <Latency = 0> <II = 1> <Delay = 3.57> <FuncUnit> <Opcode : 'mul'> <InPorts = 2> <OutPorts = 1>
ST_3 : Operation 60 [1/1] (0.00ns)   --->   "%trunc_ln42_8 = partselect i16 @_ssdm_op_PartSelect.i16.i26.i32.i32, i26 %mul_ln73_5, i32 10, i32 25" [firmware/nnet_utils/nnet_dense_latency.h:42->firmware/nnet_utils/nnet_dense.h:54->firmware/nnet_utils/nnet_sepconv_stream.h:104->firmware/nnet_utils/nnet_sepconv2d_stream.h:73]   --->   Operation 60 'partselect' 'trunc_ln42_8' <Predicate = true> <Delay = 0.00>
ST_3 : Operation 61 [1/1] (3.57ns)   --->   "%mul_ln73_6 = mul i25 %sext_ln70_5, i25 220" [firmware/nnet_utils/nnet_mult.h:73->firmware/nnet_utils/nnet_dense_latency.h:42->firmware/nnet_utils/nnet_dense.h:54->firmware/nnet_utils/nnet_sepconv_stream.h:104->firmware/nnet_utils/nnet_sepconv2d_stream.h:73]   --->   Operation 61 'mul' 'mul_ln73_6' <Predicate = true> <Delay = 3.57> <CoreInst = "Multiplier">   --->   Core 3 'Multiplier' <Latency = 0> <II = 1> <Delay = 3.57> <FuncUnit> <Opcode : 'mul'> <InPorts = 2> <OutPorts = 1>
ST_3 : Operation 62 [1/1] (0.00ns)   --->   "%trunc_ln42_9 = partselect i15 @_ssdm_op_PartSelect.i15.i25.i32.i32, i25 %mul_ln73_6, i32 10, i32 24" [firmware/nnet_utils/nnet_dense_latency.h:42->firmware/nnet_utils/nnet_dense.h:54->firmware/nnet_utils/nnet_sepconv_stream.h:104->firmware/nnet_utils/nnet_sepconv2d_stream.h:73]   --->   Operation 62 'partselect' 'trunc_ln42_9' <Predicate = true> <Delay = 0.00>
ST_3 : Operation 63 [1/1] (0.00ns)   --->   "%tmp_6 = bitconcatenate i20 @_ssdm_op_BitConcatenate.i20.i16.i4, i16 %data_8, i4 0" [firmware/nnet_utils/nnet_mult.h:73->firmware/nnet_utils/nnet_dense_latency.h:42->firmware/nnet_utils/nnet_dense.h:54->firmware/nnet_utils/nnet_sepconv_stream.h:104->firmware/nnet_utils/nnet_sepconv2d_stream.h:73]   --->   Operation 63 'bitconcatenate' 'tmp_6' <Predicate = true> <Delay = 0.00>
ST_3 : Operation 64 [1/1] (0.00ns)   --->   "%sext_ln73_7 = sext i20 %tmp_6" [firmware/nnet_utils/nnet_mult.h:73->firmware/nnet_utils/nnet_dense_latency.h:42->firmware/nnet_utils/nnet_dense.h:54->firmware/nnet_utils/nnet_sepconv_stream.h:104->firmware/nnet_utils/nnet_sepconv2d_stream.h:73]   --->   Operation 64 'sext' 'sext_ln73_7' <Predicate = true> <Delay = 0.00>
ST_3 : Operation 65 [1/1] (0.00ns) (grouped into TernaryAdder)   --->   "%sub_ln73_1 = sub i22 0, i22 %sext_ln73_7" [firmware/nnet_utils/nnet_mult.h:73->firmware/nnet_utils/nnet_dense_latency.h:42->firmware/nnet_utils/nnet_dense.h:54->firmware/nnet_utils/nnet_sepconv_stream.h:104->firmware/nnet_utils/nnet_sepconv2d_stream.h:73]   --->   Operation 65 'sub' 'sub_ln73_1' <Predicate = true> <Delay = 0.00> <CoreInst = "TAddSub">   --->   Core 10 'TAddSub' <Latency = 0> <II = 1> <Delay = 0.49> <IPBlock> <Opcode : 'add' 'sub'> <InPorts = 3> <OutPorts = 1> <Sync> <CReg>
ST_3 : Operation 66 [1/1] (1.02ns) (root node of TernaryAdder)   --->   "%sub_ln73_2 = sub i22 %sub_ln73_1, i22 %sext_ln70_4" [firmware/nnet_utils/nnet_mult.h:73->firmware/nnet_utils/nnet_dense_latency.h:42->firmware/nnet_utils/nnet_dense.h:54->firmware/nnet_utils/nnet_sepconv_stream.h:104->firmware/nnet_utils/nnet_sepconv2d_stream.h:73]   --->   Operation 66 'sub' 'sub_ln73_2' <Predicate = true> <Delay = 1.02> <CoreInst = "TAddSub">   --->   Core 10 'TAddSub' <Latency = 0> <II = 1> <Delay = 0.49> <IPBlock> <Opcode : 'add' 'sub'> <InPorts = 3> <OutPorts = 1> <Sync> <CReg>
ST_3 : Operation 67 [1/1] (0.00ns)   --->   "%trunc_ln42_s = partselect i12 @_ssdm_op_PartSelect.i12.i22.i32.i32, i22 %sub_ln73_2, i32 10, i32 21" [firmware/nnet_utils/nnet_dense_latency.h:42->firmware/nnet_utils/nnet_dense.h:54->firmware/nnet_utils/nnet_sepconv_stream.h:104->firmware/nnet_utils/nnet_sepconv2d_stream.h:73]   --->   Operation 67 'partselect' 'trunc_ln42_s' <Predicate = true> <Delay = 0.00>
ST_3 : Operation 68 [1/1] (3.57ns)   --->   "%mul_ln73_7 = mul i26 %sext_ln42_2, i26 67108578" [firmware/nnet_utils/nnet_mult.h:73->firmware/nnet_utils/nnet_dense_latency.h:42->firmware/nnet_utils/nnet_dense.h:54->firmware/nnet_utils/nnet_sepconv_stream.h:104->firmware/nnet_utils/nnet_sepconv2d_stream.h:73]   --->   Operation 68 'mul' 'mul_ln73_7' <Predicate = true> <Delay = 3.57> <CoreInst = "Multiplier">   --->   Core 3 'Multiplier' <Latency = 0> <II = 1> <Delay = 3.57> <FuncUnit> <Opcode : 'mul'> <InPorts = 2> <OutPorts = 1>
ST_3 : Operation 69 [1/1] (0.00ns)   --->   "%trunc_ln42_10 = partselect i16 @_ssdm_op_PartSelect.i16.i26.i32.i32, i26 %mul_ln73_7, i32 10, i32 25" [firmware/nnet_utils/nnet_dense_latency.h:42->firmware/nnet_utils/nnet_dense.h:54->firmware/nnet_utils/nnet_sepconv_stream.h:104->firmware/nnet_utils/nnet_sepconv2d_stream.h:73]   --->   Operation 69 'partselect' 'trunc_ln42_10' <Predicate = true> <Delay = 0.00>
ST_3 : Operation 70 [1/1] (3.57ns)   --->   "%mul_ln73_8 = mul i23 %sext_ln70_3, i23 8388557" [firmware/nnet_utils/nnet_mult.h:73->firmware/nnet_utils/nnet_dense_latency.h:42->firmware/nnet_utils/nnet_dense.h:54->firmware/nnet_utils/nnet_sepconv_stream.h:104->firmware/nnet_utils/nnet_sepconv2d_stream.h:73]   --->   Operation 70 'mul' 'mul_ln73_8' <Predicate = true> <Delay = 3.57> <CoreInst = "Multiplier">   --->   Core 3 'Multiplier' <Latency = 0> <II = 1> <Delay = 3.57> <FuncUnit> <Opcode : 'mul'> <InPorts = 2> <OutPorts = 1>
ST_3 : Operation 71 [1/1] (0.00ns)   --->   "%trunc_ln42_11 = partselect i13 @_ssdm_op_PartSelect.i13.i23.i32.i32, i23 %mul_ln73_8, i32 10, i32 22" [firmware/nnet_utils/nnet_dense_latency.h:42->firmware/nnet_utils/nnet_dense.h:54->firmware/nnet_utils/nnet_sepconv_stream.h:104->firmware/nnet_utils/nnet_sepconv2d_stream.h:73]   --->   Operation 71 'partselect' 'trunc_ln42_11' <Predicate = true> <Delay = 0.00>
ST_3 : Operation 72 [1/1] (3.57ns)   --->   "%mul_ln73_9 = mul i25 %sext_ln70_5, i25 33554236" [firmware/nnet_utils/nnet_mult.h:73->firmware/nnet_utils/nnet_dense_latency.h:42->firmware/nnet_utils/nnet_dense.h:54->firmware/nnet_utils/nnet_sepconv_stream.h:104->firmware/nnet_utils/nnet_sepconv2d_stream.h:73]   --->   Operation 72 'mul' 'mul_ln73_9' <Predicate = true> <Delay = 3.57> <CoreInst = "Multiplier">   --->   Core 3 'Multiplier' <Latency = 0> <II = 1> <Delay = 3.57> <FuncUnit> <Opcode : 'mul'> <InPorts = 2> <OutPorts = 1>
ST_3 : Operation 73 [1/1] (0.00ns)   --->   "%trunc_ln42_12 = partselect i15 @_ssdm_op_PartSelect.i15.i25.i32.i32, i25 %mul_ln73_9, i32 10, i32 24" [firmware/nnet_utils/nnet_dense_latency.h:42->firmware/nnet_utils/nnet_dense.h:54->firmware/nnet_utils/nnet_sepconv_stream.h:104->firmware/nnet_utils/nnet_sepconv2d_stream.h:73]   --->   Operation 73 'partselect' 'trunc_ln42_12' <Predicate = true> <Delay = 0.00>
ST_3 : Operation 74 [1/1] (3.57ns)   --->   "%mul_ln73_10 = mul i25 %sext_ln70_5, i25 33554217" [firmware/nnet_utils/nnet_mult.h:73->firmware/nnet_utils/nnet_dense_latency.h:42->firmware/nnet_utils/nnet_dense.h:54->firmware/nnet_utils/nnet_sepconv_stream.h:104->firmware/nnet_utils/nnet_sepconv2d_stream.h:73]   --->   Operation 74 'mul' 'mul_ln73_10' <Predicate = true> <Delay = 3.57> <CoreInst = "Multiplier">   --->   Core 3 'Multiplier' <Latency = 0> <II = 1> <Delay = 3.57> <FuncUnit> <Opcode : 'mul'> <InPorts = 2> <OutPorts = 1>
ST_3 : Operation 75 [1/1] (0.00ns)   --->   "%trunc_ln42_13 = partselect i15 @_ssdm_op_PartSelect.i15.i25.i32.i32, i25 %mul_ln73_10, i32 10, i32 24" [firmware/nnet_utils/nnet_dense_latency.h:42->firmware/nnet_utils/nnet_dense.h:54->firmware/nnet_utils/nnet_sepconv_stream.h:104->firmware/nnet_utils/nnet_sepconv2d_stream.h:73]   --->   Operation 75 'partselect' 'trunc_ln42_13' <Predicate = true> <Delay = 0.00>
ST_3 : Operation 76 [1/1] (3.57ns)   --->   "%mul_ln42_2 = mul i26 %sext_ln42_2, i26 758" [firmware/nnet_utils/nnet_dense_latency.h:42->firmware/nnet_utils/nnet_dense.h:54->firmware/nnet_utils/nnet_sepconv_stream.h:104->firmware/nnet_utils/nnet_sepconv2d_stream.h:73]   --->   Operation 76 'mul' 'mul_ln42_2' <Predicate = true> <Delay = 3.57> <CoreInst = "Multiplier">   --->   Core 3 'Multiplier' <Latency = 0> <II = 1> <Delay = 3.57> <FuncUnit> <Opcode : 'mul'> <InPorts = 2> <OutPorts = 1>
ST_3 : Operation 77 [1/1] (0.00ns)   --->   "%trunc_ln42_14 = partselect i16 @_ssdm_op_PartSelect.i16.i26.i32.i32, i26 %mul_ln42_2, i32 10, i32 25" [firmware/nnet_utils/nnet_dense_latency.h:42->firmware/nnet_utils/nnet_dense.h:54->firmware/nnet_utils/nnet_sepconv_stream.h:104->firmware/nnet_utils/nnet_sepconv2d_stream.h:73]   --->   Operation 77 'partselect' 'trunc_ln42_14' <Predicate = true> <Delay = 0.00>
ST_3 : Operation 78 [1/1] (0.00ns)   --->   "%sext_ln70_6 = sext i16 %data_9" [firmware/nnet_utils/nnet_mult.h:70->firmware/nnet_utils/nnet_dense_latency.h:42->firmware/nnet_utils/nnet_dense.h:54->firmware/nnet_utils/nnet_sepconv_stream.h:104->firmware/nnet_utils/nnet_sepconv2d_stream.h:73]   --->   Operation 78 'sext' 'sext_ln70_6' <Predicate = true> <Delay = 0.00>
ST_3 : Operation 79 [1/1] (0.00ns)   --->   "%sext_ln70_7 = sext i16 %data_9" [firmware/nnet_utils/nnet_mult.h:70->firmware/nnet_utils/nnet_dense_latency.h:42->firmware/nnet_utils/nnet_dense.h:54->firmware/nnet_utils/nnet_sepconv_stream.h:104->firmware/nnet_utils/nnet_sepconv2d_stream.h:73]   --->   Operation 79 'sext' 'sext_ln70_7' <Predicate = true> <Delay = 0.00>
ST_3 : Operation 80 [1/1] (3.57ns)   --->   "%mul_ln73_11 = mul i25 %sext_ln70_7, i25 33554223" [firmware/nnet_utils/nnet_mult.h:73->firmware/nnet_utils/nnet_dense_latency.h:42->firmware/nnet_utils/nnet_dense.h:54->firmware/nnet_utils/nnet_sepconv_stream.h:104->firmware/nnet_utils/nnet_sepconv2d_stream.h:73]   --->   Operation 80 'mul' 'mul_ln73_11' <Predicate = true> <Delay = 3.57> <CoreInst = "Multiplier">   --->   Core 3 'Multiplier' <Latency = 0> <II = 1> <Delay = 3.57> <FuncUnit> <Opcode : 'mul'> <InPorts = 2> <OutPorts = 1>
ST_3 : Operation 81 [1/1] (0.00ns)   --->   "%trunc_ln42_15 = partselect i15 @_ssdm_op_PartSelect.i15.i25.i32.i32, i25 %mul_ln73_11, i32 10, i32 24" [firmware/nnet_utils/nnet_dense_latency.h:42->firmware/nnet_utils/nnet_dense.h:54->firmware/nnet_utils/nnet_sepconv_stream.h:104->firmware/nnet_utils/nnet_sepconv2d_stream.h:73]   --->   Operation 81 'partselect' 'trunc_ln42_15' <Predicate = true> <Delay = 0.00>
ST_3 : Operation 82 [1/1] (3.57ns)   --->   "%mul_ln42_3 = mul i26 %sext_ln70_6, i26 67108231" [firmware/nnet_utils/nnet_dense_latency.h:42->firmware/nnet_utils/nnet_dense.h:54->firmware/nnet_utils/nnet_sepconv_stream.h:104->firmware/nnet_utils/nnet_sepconv2d_stream.h:73]   --->   Operation 82 'mul' 'mul_ln42_3' <Predicate = true> <Delay = 3.57> <CoreInst = "Multiplier">   --->   Core 3 'Multiplier' <Latency = 0> <II = 1> <Delay = 3.57> <FuncUnit> <Opcode : 'mul'> <InPorts = 2> <OutPorts = 1>
ST_3 : Operation 83 [1/1] (0.00ns)   --->   "%trunc_ln42_16 = partselect i16 @_ssdm_op_PartSelect.i16.i26.i32.i32, i26 %mul_ln42_3, i32 10, i32 25" [firmware/nnet_utils/nnet_dense_latency.h:42->firmware/nnet_utils/nnet_dense.h:54->firmware/nnet_utils/nnet_sepconv_stream.h:104->firmware/nnet_utils/nnet_sepconv2d_stream.h:73]   --->   Operation 83 'partselect' 'trunc_ln42_16' <Predicate = true> <Delay = 0.00>
ST_3 : Operation 84 [1/1] (3.57ns)   --->   "%mul_ln42_4 = mul i26 %sext_ln70_6, i26 545" [firmware/nnet_utils/nnet_dense_latency.h:42->firmware/nnet_utils/nnet_dense.h:54->firmware/nnet_utils/nnet_sepconv_stream.h:104->firmware/nnet_utils/nnet_sepconv2d_stream.h:73]   --->   Operation 84 'mul' 'mul_ln42_4' <Predicate = true> <Delay = 3.57> <CoreInst = "Multiplier">   --->   Core 3 'Multiplier' <Latency = 0> <II = 1> <Delay = 3.57> <FuncUnit> <Opcode : 'mul'> <InPorts = 2> <OutPorts = 1>
ST_3 : Operation 85 [1/1] (0.00ns)   --->   "%trunc_ln42_17 = partselect i16 @_ssdm_op_PartSelect.i16.i26.i32.i32, i26 %mul_ln42_4, i32 10, i32 25" [firmware/nnet_utils/nnet_dense_latency.h:42->firmware/nnet_utils/nnet_dense.h:54->firmware/nnet_utils/nnet_sepconv_stream.h:104->firmware/nnet_utils/nnet_sepconv2d_stream.h:73]   --->   Operation 85 'partselect' 'trunc_ln42_17' <Predicate = true> <Delay = 0.00>
ST_3 : Operation 86 [1/1] (3.57ns)   --->   "%mul_ln42_5 = mul i26 %sext_ln70_6, i26 662" [firmware/nnet_utils/nnet_dense_latency.h:42->firmware/nnet_utils/nnet_dense.h:54->firmware/nnet_utils/nnet_sepconv_stream.h:104->firmware/nnet_utils/nnet_sepconv2d_stream.h:73]   --->   Operation 86 'mul' 'mul_ln42_5' <Predicate = true> <Delay = 3.57> <CoreInst = "Multiplier">   --->   Core 3 'Multiplier' <Latency = 0> <II = 1> <Delay = 3.57> <FuncUnit> <Opcode : 'mul'> <InPorts = 2> <OutPorts = 1>
ST_3 : Operation 87 [1/1] (0.00ns)   --->   "%trunc_ln42_18 = partselect i16 @_ssdm_op_PartSelect.i16.i26.i32.i32, i26 %mul_ln42_5, i32 10, i32 25" [firmware/nnet_utils/nnet_dense_latency.h:42->firmware/nnet_utils/nnet_dense.h:54->firmware/nnet_utils/nnet_sepconv_stream.h:104->firmware/nnet_utils/nnet_sepconv2d_stream.h:73]   --->   Operation 87 'partselect' 'trunc_ln42_18' <Predicate = true> <Delay = 0.00>
ST_3 : Operation 88 [1/1] (3.57ns)   --->   "%mul_ln42_6 = mul i26 %sext_ln70_6, i26 672" [firmware/nnet_utils/nnet_dense_latency.h:42->firmware/nnet_utils/nnet_dense.h:54->firmware/nnet_utils/nnet_sepconv_stream.h:104->firmware/nnet_utils/nnet_sepconv2d_stream.h:73]   --->   Operation 88 'mul' 'mul_ln42_6' <Predicate = true> <Delay = 3.57> <CoreInst = "Multiplier">   --->   Core 3 'Multiplier' <Latency = 0> <II = 1> <Delay = 3.57> <FuncUnit> <Opcode : 'mul'> <InPorts = 2> <OutPorts = 1>
ST_3 : Operation 89 [1/1] (0.00ns)   --->   "%trunc_ln42_19 = partselect i16 @_ssdm_op_PartSelect.i16.i26.i32.i32, i26 %mul_ln42_6, i32 10, i32 25" [firmware/nnet_utils/nnet_dense_latency.h:42->firmware/nnet_utils/nnet_dense.h:54->firmware/nnet_utils/nnet_sepconv_stream.h:104->firmware/nnet_utils/nnet_sepconv2d_stream.h:73]   --->   Operation 89 'partselect' 'trunc_ln42_19' <Predicate = true> <Delay = 0.00>
ST_3 : Operation 90 [1/1] (3.57ns)   --->   "%mul_ln42_7 = mul i26 %sext_ln70_6, i26 1070" [firmware/nnet_utils/nnet_dense_latency.h:42->firmware/nnet_utils/nnet_dense.h:54->firmware/nnet_utils/nnet_sepconv_stream.h:104->firmware/nnet_utils/nnet_sepconv2d_stream.h:73]   --->   Operation 90 'mul' 'mul_ln42_7' <Predicate = true> <Delay = 3.57> <CoreInst = "Multiplier">   --->   Core 3 'Multiplier' <Latency = 0> <II = 1> <Delay = 3.57> <FuncUnit> <Opcode : 'mul'> <InPorts = 2> <OutPorts = 1>
ST_3 : Operation 91 [1/1] (0.00ns)   --->   "%trunc_ln42_20 = partselect i16 @_ssdm_op_PartSelect.i16.i26.i32.i32, i26 %mul_ln42_7, i32 10, i32 25" [firmware/nnet_utils/nnet_dense_latency.h:42->firmware/nnet_utils/nnet_dense.h:54->firmware/nnet_utils/nnet_sepconv_stream.h:104->firmware/nnet_utils/nnet_sepconv2d_stream.h:73]   --->   Operation 91 'partselect' 'trunc_ln42_20' <Predicate = true> <Delay = 0.00>
ST_3 : Operation 92 [1/1] (3.57ns)   --->   "%mul_ln73_12 = mul i26 %sext_ln70_6, i26 393" [firmware/nnet_utils/nnet_mult.h:73->firmware/nnet_utils/nnet_dense_latency.h:42->firmware/nnet_utils/nnet_dense.h:54->firmware/nnet_utils/nnet_sepconv_stream.h:104->firmware/nnet_utils/nnet_sepconv2d_stream.h:73]   --->   Operation 92 'mul' 'mul_ln73_12' <Predicate = true> <Delay = 3.57> <CoreInst = "Multiplier">   --->   Core 3 'Multiplier' <Latency = 0> <II = 1> <Delay = 3.57> <FuncUnit> <Opcode : 'mul'> <InPorts = 2> <OutPorts = 1>
ST_3 : Operation 93 [1/1] (0.00ns)   --->   "%trunc_ln42_21 = partselect i16 @_ssdm_op_PartSelect.i16.i26.i32.i32, i26 %mul_ln73_12, i32 10, i32 25" [firmware/nnet_utils/nnet_dense_latency.h:42->firmware/nnet_utils/nnet_dense.h:54->firmware/nnet_utils/nnet_sepconv_stream.h:104->firmware/nnet_utils/nnet_sepconv2d_stream.h:73]   --->   Operation 93 'partselect' 'trunc_ln42_21' <Predicate = true> <Delay = 0.00>
ST_3 : Operation 94 [1/1] (3.57ns)   --->   "%mul_ln42_8 = mul i26 %sext_ln70_6, i26 779" [firmware/nnet_utils/nnet_dense_latency.h:42->firmware/nnet_utils/nnet_dense.h:54->firmware/nnet_utils/nnet_sepconv_stream.h:104->firmware/nnet_utils/nnet_sepconv2d_stream.h:73]   --->   Operation 94 'mul' 'mul_ln42_8' <Predicate = true> <Delay = 3.57> <CoreInst = "Multiplier">   --->   Core 3 'Multiplier' <Latency = 0> <II = 1> <Delay = 3.57> <FuncUnit> <Opcode : 'mul'> <InPorts = 2> <OutPorts = 1>
ST_3 : Operation 95 [1/1] (0.00ns)   --->   "%trunc_ln42_22 = partselect i16 @_ssdm_op_PartSelect.i16.i26.i32.i32, i26 %mul_ln42_8, i32 10, i32 25" [firmware/nnet_utils/nnet_dense_latency.h:42->firmware/nnet_utils/nnet_dense.h:54->firmware/nnet_utils/nnet_sepconv_stream.h:104->firmware/nnet_utils/nnet_sepconv2d_stream.h:73]   --->   Operation 95 'partselect' 'trunc_ln42_22' <Predicate = true> <Delay = 0.00>
ST_3 : Operation 96 [1/1] (0.00ns)   --->   "%sext_ln70_8 = sext i16 %data_10" [firmware/nnet_utils/nnet_mult.h:70->firmware/nnet_utils/nnet_dense_latency.h:42->firmware/nnet_utils/nnet_dense.h:54->firmware/nnet_utils/nnet_sepconv_stream.h:104->firmware/nnet_utils/nnet_sepconv2d_stream.h:73]   --->   Operation 96 'sext' 'sext_ln70_8' <Predicate = true> <Delay = 0.00>
ST_3 : Operation 97 [1/1] (0.00ns)   --->   "%sext_ln70_9 = sext i16 %data_10" [firmware/nnet_utils/nnet_mult.h:70->firmware/nnet_utils/nnet_dense_latency.h:42->firmware/nnet_utils/nnet_dense.h:54->firmware/nnet_utils/nnet_sepconv_stream.h:104->firmware/nnet_utils/nnet_sepconv2d_stream.h:73]   --->   Operation 97 'sext' 'sext_ln70_9' <Predicate = true> <Delay = 0.00>
ST_3 : Operation 98 [1/1] (0.00ns)   --->   "%sext_ln70_10 = sext i16 %data_10" [firmware/nnet_utils/nnet_mult.h:70->firmware/nnet_utils/nnet_dense_latency.h:42->firmware/nnet_utils/nnet_dense.h:54->firmware/nnet_utils/nnet_sepconv_stream.h:104->firmware/nnet_utils/nnet_sepconv2d_stream.h:73]   --->   Operation 98 'sext' 'sext_ln70_10' <Predicate = true> <Delay = 0.00>
ST_3 : Operation 99 [1/1] (3.57ns)   --->   "%mul_ln73_13 = mul i25 %sext_ln70_10, i25 33554294" [firmware/nnet_utils/nnet_mult.h:73->firmware/nnet_utils/nnet_dense_latency.h:42->firmware/nnet_utils/nnet_dense.h:54->firmware/nnet_utils/nnet_sepconv_stream.h:104->firmware/nnet_utils/nnet_sepconv2d_stream.h:73]   --->   Operation 99 'mul' 'mul_ln73_13' <Predicate = true> <Delay = 3.57> <CoreInst = "Multiplier">   --->   Core 3 'Multiplier' <Latency = 0> <II = 1> <Delay = 3.57> <FuncUnit> <Opcode : 'mul'> <InPorts = 2> <OutPorts = 1>
ST_3 : Operation 100 [1/1] (0.00ns)   --->   "%trunc_ln42_23 = partselect i15 @_ssdm_op_PartSelect.i15.i25.i32.i32, i25 %mul_ln73_13, i32 10, i32 24" [firmware/nnet_utils/nnet_dense_latency.h:42->firmware/nnet_utils/nnet_dense.h:54->firmware/nnet_utils/nnet_sepconv_stream.h:104->firmware/nnet_utils/nnet_sepconv2d_stream.h:73]   --->   Operation 100 'partselect' 'trunc_ln42_23' <Predicate = true> <Delay = 0.00>
ST_3 : Operation 101 [1/1] (3.57ns)   --->   "%mul_ln73_14 = mul i26 %sext_ln70_9, i26 67108589" [firmware/nnet_utils/nnet_mult.h:73->firmware/nnet_utils/nnet_dense_latency.h:42->firmware/nnet_utils/nnet_dense.h:54->firmware/nnet_utils/nnet_sepconv_stream.h:104->firmware/nnet_utils/nnet_sepconv2d_stream.h:73]   --->   Operation 101 'mul' 'mul_ln73_14' <Predicate = true> <Delay = 3.57> <CoreInst = "Multiplier">   --->   Core 3 'Multiplier' <Latency = 0> <II = 1> <Delay = 3.57> <FuncUnit> <Opcode : 'mul'> <InPorts = 2> <OutPorts = 1>
ST_3 : Operation 102 [1/1] (0.00ns)   --->   "%trunc_ln42_24 = partselect i16 @_ssdm_op_PartSelect.i16.i26.i32.i32, i26 %mul_ln73_14, i32 10, i32 25" [firmware/nnet_utils/nnet_dense_latency.h:42->firmware/nnet_utils/nnet_dense.h:54->firmware/nnet_utils/nnet_sepconv_stream.h:104->firmware/nnet_utils/nnet_sepconv2d_stream.h:73]   --->   Operation 102 'partselect' 'trunc_ln42_24' <Predicate = true> <Delay = 0.00>
ST_3 : Operation 103 [1/1] (0.00ns)   --->   "%tmp_7 = bitconcatenate i19 @_ssdm_op_BitConcatenate.i19.i16.i3, i16 %data_10, i3 0" [firmware/nnet_utils/nnet_mult.h:73->firmware/nnet_utils/nnet_dense_latency.h:42->firmware/nnet_utils/nnet_dense.h:54->firmware/nnet_utils/nnet_sepconv_stream.h:104->firmware/nnet_utils/nnet_sepconv2d_stream.h:73]   --->   Operation 103 'bitconcatenate' 'tmp_7' <Predicate = true> <Delay = 0.00>
ST_3 : Operation 104 [1/1] (0.00ns)   --->   "%sext_ln73_8 = sext i19 %tmp_7" [firmware/nnet_utils/nnet_mult.h:73->firmware/nnet_utils/nnet_dense_latency.h:42->firmware/nnet_utils/nnet_dense.h:54->firmware/nnet_utils/nnet_sepconv_stream.h:104->firmware/nnet_utils/nnet_sepconv2d_stream.h:73]   --->   Operation 104 'sext' 'sext_ln73_8' <Predicate = true> <Delay = 0.00>
ST_3 : Operation 105 [1/1] (1.43ns)   --->   "%sub_ln73_3 = sub i20 %sext_ln73_8, i20 %sext_ln70_8" [firmware/nnet_utils/nnet_mult.h:73->firmware/nnet_utils/nnet_dense_latency.h:42->firmware/nnet_utils/nnet_dense.h:54->firmware/nnet_utils/nnet_sepconv_stream.h:104->firmware/nnet_utils/nnet_sepconv2d_stream.h:73]   --->   Operation 105 'sub' 'sub_ln73_3' <Predicate = true> <Delay = 1.43> <CoreInst = "Adder">   --->   Core 1 'Adder' <Latency = 0> <II = 1> <Delay = 1.43> <FuncUnit> <Opcode : 'add' 'sub'> <InPorts = 2> <OutPorts = 1>
ST_3 : Operation 106 [1/1] (0.00ns)   --->   "%trunc_ln42_25 = partselect i10 @_ssdm_op_PartSelect.i10.i20.i32.i32, i20 %sub_ln73_3, i32 10, i32 19" [firmware/nnet_utils/nnet_dense_latency.h:42->firmware/nnet_utils/nnet_dense.h:54->firmware/nnet_utils/nnet_sepconv_stream.h:104->firmware/nnet_utils/nnet_sepconv2d_stream.h:73]   --->   Operation 106 'partselect' 'trunc_ln42_25' <Predicate = true> <Delay = 0.00>
ST_3 : Operation 107 [1/1] (0.00ns)   --->   "%sext_ln73_4 = sext i10 %trunc_ln42_25" [firmware/nnet_utils/nnet_mult.h:73->firmware/nnet_utils/nnet_dense_latency.h:42->firmware/nnet_utils/nnet_dense.h:54->firmware/nnet_utils/nnet_sepconv_stream.h:104->firmware/nnet_utils/nnet_sepconv2d_stream.h:73]   --->   Operation 107 'sext' 'sext_ln73_4' <Predicate = true> <Delay = 0.00>
ST_3 : Operation 108 [1/1] (3.57ns)   --->   "%mul_ln73_15 = mul i26 %sext_ln70_9, i26 278" [firmware/nnet_utils/nnet_mult.h:73->firmware/nnet_utils/nnet_dense_latency.h:42->firmware/nnet_utils/nnet_dense.h:54->firmware/nnet_utils/nnet_sepconv_stream.h:104->firmware/nnet_utils/nnet_sepconv2d_stream.h:73]   --->   Operation 108 'mul' 'mul_ln73_15' <Predicate = true> <Delay = 3.57> <CoreInst = "Multiplier">   --->   Core 3 'Multiplier' <Latency = 0> <II = 1> <Delay = 3.57> <FuncUnit> <Opcode : 'mul'> <InPorts = 2> <OutPorts = 1>
ST_3 : Operation 109 [1/1] (0.00ns)   --->   "%trunc_ln42_26 = partselect i16 @_ssdm_op_PartSelect.i16.i26.i32.i32, i26 %mul_ln73_15, i32 10, i32 25" [firmware/nnet_utils/nnet_dense_latency.h:42->firmware/nnet_utils/nnet_dense.h:54->firmware/nnet_utils/nnet_sepconv_stream.h:104->firmware/nnet_utils/nnet_sepconv2d_stream.h:73]   --->   Operation 109 'partselect' 'trunc_ln42_26' <Predicate = true> <Delay = 0.00>
ST_3 : Operation 110 [1/1] (3.57ns)   --->   "%mul_ln42_9 = mul i26 %sext_ln70_9, i26 620" [firmware/nnet_utils/nnet_dense_latency.h:42->firmware/nnet_utils/nnet_dense.h:54->firmware/nnet_utils/nnet_sepconv_stream.h:104->firmware/nnet_utils/nnet_sepconv2d_stream.h:73]   --->   Operation 110 'mul' 'mul_ln42_9' <Predicate = true> <Delay = 3.57> <CoreInst = "Multiplier">   --->   Core 3 'Multiplier' <Latency = 0> <II = 1> <Delay = 3.57> <FuncUnit> <Opcode : 'mul'> <InPorts = 2> <OutPorts = 1>
ST_3 : Operation 111 [1/1] (0.00ns)   --->   "%trunc_ln42_27 = partselect i16 @_ssdm_op_PartSelect.i16.i26.i32.i32, i26 %mul_ln42_9, i32 10, i32 25" [firmware/nnet_utils/nnet_dense_latency.h:42->firmware/nnet_utils/nnet_dense.h:54->firmware/nnet_utils/nnet_sepconv_stream.h:104->firmware/nnet_utils/nnet_sepconv2d_stream.h:73]   --->   Operation 111 'partselect' 'trunc_ln42_27' <Predicate = true> <Delay = 0.00>
ST_3 : Operation 112 [1/1] (3.57ns)   --->   "%mul_ln42_10 = mul i26 %sext_ln70_9, i26 943" [firmware/nnet_utils/nnet_dense_latency.h:42->firmware/nnet_utils/nnet_dense.h:54->firmware/nnet_utils/nnet_sepconv_stream.h:104->firmware/nnet_utils/nnet_sepconv2d_stream.h:73]   --->   Operation 112 'mul' 'mul_ln42_10' <Predicate = true> <Delay = 3.57> <CoreInst = "Multiplier">   --->   Core 3 'Multiplier' <Latency = 0> <II = 1> <Delay = 3.57> <FuncUnit> <Opcode : 'mul'> <InPorts = 2> <OutPorts = 1>
ST_3 : Operation 113 [1/1] (0.00ns)   --->   "%trunc_ln42_28 = partselect i16 @_ssdm_op_PartSelect.i16.i26.i32.i32, i26 %mul_ln42_10, i32 10, i32 25" [firmware/nnet_utils/nnet_dense_latency.h:42->firmware/nnet_utils/nnet_dense.h:54->firmware/nnet_utils/nnet_sepconv_stream.h:104->firmware/nnet_utils/nnet_sepconv2d_stream.h:73]   --->   Operation 113 'partselect' 'trunc_ln42_28' <Predicate = true> <Delay = 0.00>
ST_3 : Operation 114 [1/1] (3.57ns)   --->   "%mul_ln73_16 = mul i26 %sext_ln70_9, i26 337" [firmware/nnet_utils/nnet_mult.h:73->firmware/nnet_utils/nnet_dense_latency.h:42->firmware/nnet_utils/nnet_dense.h:54->firmware/nnet_utils/nnet_sepconv_stream.h:104->firmware/nnet_utils/nnet_sepconv2d_stream.h:73]   --->   Operation 114 'mul' 'mul_ln73_16' <Predicate = true> <Delay = 3.57> <CoreInst = "Multiplier">   --->   Core 3 'Multiplier' <Latency = 0> <II = 1> <Delay = 3.57> <FuncUnit> <Opcode : 'mul'> <InPorts = 2> <OutPorts = 1>
ST_3 : Operation 115 [1/1] (0.00ns)   --->   "%trunc_ln42_29 = partselect i16 @_ssdm_op_PartSelect.i16.i26.i32.i32, i26 %mul_ln73_16, i32 10, i32 25" [firmware/nnet_utils/nnet_dense_latency.h:42->firmware/nnet_utils/nnet_dense.h:54->firmware/nnet_utils/nnet_sepconv_stream.h:104->firmware/nnet_utils/nnet_sepconv2d_stream.h:73]   --->   Operation 115 'partselect' 'trunc_ln42_29' <Predicate = true> <Delay = 0.00>
ST_3 : Operation 116 [1/1] (3.57ns)   --->   "%mul_ln42_11 = mul i26 %sext_ln70_9, i26 631" [firmware/nnet_utils/nnet_dense_latency.h:42->firmware/nnet_utils/nnet_dense.h:54->firmware/nnet_utils/nnet_sepconv_stream.h:104->firmware/nnet_utils/nnet_sepconv2d_stream.h:73]   --->   Operation 116 'mul' 'mul_ln42_11' <Predicate = true> <Delay = 3.57> <CoreInst = "Multiplier">   --->   Core 3 'Multiplier' <Latency = 0> <II = 1> <Delay = 3.57> <FuncUnit> <Opcode : 'mul'> <InPorts = 2> <OutPorts = 1>
ST_3 : Operation 117 [1/1] (0.00ns)   --->   "%trunc_ln42_30 = partselect i16 @_ssdm_op_PartSelect.i16.i26.i32.i32, i26 %mul_ln42_11, i32 10, i32 25" [firmware/nnet_utils/nnet_dense_latency.h:42->firmware/nnet_utils/nnet_dense.h:54->firmware/nnet_utils/nnet_sepconv_stream.h:104->firmware/nnet_utils/nnet_sepconv2d_stream.h:73]   --->   Operation 117 'partselect' 'trunc_ln42_30' <Predicate = true> <Delay = 0.00>
ST_3 : Operation 118 [1/1] (0.00ns)   --->   "%sext_ln70_12 = sext i16 %data_11" [firmware/nnet_utils/nnet_mult.h:70->firmware/nnet_utils/nnet_dense_latency.h:42->firmware/nnet_utils/nnet_dense.h:54->firmware/nnet_utils/nnet_sepconv_stream.h:104->firmware/nnet_utils/nnet_sepconv2d_stream.h:73]   --->   Operation 118 'sext' 'sext_ln70_12' <Predicate = true> <Delay = 0.00>
ST_3 : Operation 119 [1/1] (3.57ns)   --->   "%mul_ln42_12 = mul i26 %sext_ln70_12, i26 578" [firmware/nnet_utils/nnet_dense_latency.h:42->firmware/nnet_utils/nnet_dense.h:54->firmware/nnet_utils/nnet_sepconv_stream.h:104->firmware/nnet_utils/nnet_sepconv2d_stream.h:73]   --->   Operation 119 'mul' 'mul_ln42_12' <Predicate = true> <Delay = 3.57> <CoreInst = "Multiplier">   --->   Core 3 'Multiplier' <Latency = 0> <II = 1> <Delay = 3.57> <FuncUnit> <Opcode : 'mul'> <InPorts = 2> <OutPorts = 1>
ST_3 : Operation 120 [1/1] (0.00ns)   --->   "%trunc_ln42_31 = partselect i16 @_ssdm_op_PartSelect.i16.i26.i32.i32, i26 %mul_ln42_12, i32 10, i32 25" [firmware/nnet_utils/nnet_dense_latency.h:42->firmware/nnet_utils/nnet_dense.h:54->firmware/nnet_utils/nnet_sepconv_stream.h:104->firmware/nnet_utils/nnet_sepconv2d_stream.h:73]   --->   Operation 120 'partselect' 'trunc_ln42_31' <Predicate = true> <Delay = 0.00>
ST_3 : Operation 121 [1/1] (3.57ns)   --->   "%mul_ln42_13 = mul i26 %sext_ln70_12, i26 67108131" [firmware/nnet_utils/nnet_dense_latency.h:42->firmware/nnet_utils/nnet_dense.h:54->firmware/nnet_utils/nnet_sepconv_stream.h:104->firmware/nnet_utils/nnet_sepconv2d_stream.h:73]   --->   Operation 121 'mul' 'mul_ln42_13' <Predicate = true> <Delay = 3.57> <CoreInst = "Multiplier">   --->   Core 3 'Multiplier' <Latency = 0> <II = 1> <Delay = 3.57> <FuncUnit> <Opcode : 'mul'> <InPorts = 2> <OutPorts = 1>
ST_3 : Operation 122 [1/1] (0.00ns)   --->   "%trunc_ln42_32 = partselect i16 @_ssdm_op_PartSelect.i16.i26.i32.i32, i26 %mul_ln42_13, i32 10, i32 25" [firmware/nnet_utils/nnet_dense_latency.h:42->firmware/nnet_utils/nnet_dense.h:54->firmware/nnet_utils/nnet_sepconv_stream.h:104->firmware/nnet_utils/nnet_sepconv2d_stream.h:73]   --->   Operation 122 'partselect' 'trunc_ln42_32' <Predicate = true> <Delay = 0.00>
ST_3 : Operation 123 [1/1] (3.57ns)   --->   "%mul_ln73_17 = mul i26 %sext_ln70_12, i26 401" [firmware/nnet_utils/nnet_mult.h:73->firmware/nnet_utils/nnet_dense_latency.h:42->firmware/nnet_utils/nnet_dense.h:54->firmware/nnet_utils/nnet_sepconv_stream.h:104->firmware/nnet_utils/nnet_sepconv2d_stream.h:73]   --->   Operation 123 'mul' 'mul_ln73_17' <Predicate = true> <Delay = 3.57> <CoreInst = "Multiplier">   --->   Core 3 'Multiplier' <Latency = 0> <II = 1> <Delay = 3.57> <FuncUnit> <Opcode : 'mul'> <InPorts = 2> <OutPorts = 1>
ST_3 : Operation 124 [1/1] (0.00ns)   --->   "%trunc_ln42_33 = partselect i16 @_ssdm_op_PartSelect.i16.i26.i32.i32, i26 %mul_ln73_17, i32 10, i32 25" [firmware/nnet_utils/nnet_dense_latency.h:42->firmware/nnet_utils/nnet_dense.h:54->firmware/nnet_utils/nnet_sepconv_stream.h:104->firmware/nnet_utils/nnet_sepconv2d_stream.h:73]   --->   Operation 124 'partselect' 'trunc_ln42_33' <Predicate = true> <Delay = 0.00>
ST_3 : Operation 125 [1/1] (3.57ns)   --->   "%mul_ln73_18 = mul i26 %sext_ln70_12, i26 312" [firmware/nnet_utils/nnet_mult.h:73->firmware/nnet_utils/nnet_dense_latency.h:42->firmware/nnet_utils/nnet_dense.h:54->firmware/nnet_utils/nnet_sepconv_stream.h:104->firmware/nnet_utils/nnet_sepconv2d_stream.h:73]   --->   Operation 125 'mul' 'mul_ln73_18' <Predicate = true> <Delay = 3.57> <CoreInst = "Multiplier">   --->   Core 3 'Multiplier' <Latency = 0> <II = 1> <Delay = 3.57> <FuncUnit> <Opcode : 'mul'> <InPorts = 2> <OutPorts = 1>
ST_3 : Operation 126 [1/1] (0.00ns)   --->   "%trunc_ln42_34 = partselect i16 @_ssdm_op_PartSelect.i16.i26.i32.i32, i26 %mul_ln73_18, i32 10, i32 25" [firmware/nnet_utils/nnet_dense_latency.h:42->firmware/nnet_utils/nnet_dense.h:54->firmware/nnet_utils/nnet_sepconv_stream.h:104->firmware/nnet_utils/nnet_sepconv2d_stream.h:73]   --->   Operation 126 'partselect' 'trunc_ln42_34' <Predicate = true> <Delay = 0.00>
ST_3 : Operation 127 [1/1] (3.57ns)   --->   "%mul_ln42_14 = mul i26 %sext_ln70_12, i26 67108318" [firmware/nnet_utils/nnet_dense_latency.h:42->firmware/nnet_utils/nnet_dense.h:54->firmware/nnet_utils/nnet_sepconv_stream.h:104->firmware/nnet_utils/nnet_sepconv2d_stream.h:73]   --->   Operation 127 'mul' 'mul_ln42_14' <Predicate = true> <Delay = 3.57> <CoreInst = "Multiplier">   --->   Core 3 'Multiplier' <Latency = 0> <II = 1> <Delay = 3.57> <FuncUnit> <Opcode : 'mul'> <InPorts = 2> <OutPorts = 1>
ST_3 : Operation 128 [1/1] (0.00ns)   --->   "%trunc_ln42_35 = partselect i16 @_ssdm_op_PartSelect.i16.i26.i32.i32, i26 %mul_ln42_14, i32 10, i32 25" [firmware/nnet_utils/nnet_dense_latency.h:42->firmware/nnet_utils/nnet_dense.h:54->firmware/nnet_utils/nnet_sepconv_stream.h:104->firmware/nnet_utils/nnet_sepconv2d_stream.h:73]   --->   Operation 128 'partselect' 'trunc_ln42_35' <Predicate = true> <Delay = 0.00>
ST_3 : Operation 129 [1/1] (3.57ns)   --->   "%mul_ln42_15 = mul i26 %sext_ln70_12, i26 907" [firmware/nnet_utils/nnet_dense_latency.h:42->firmware/nnet_utils/nnet_dense.h:54->firmware/nnet_utils/nnet_sepconv_stream.h:104->firmware/nnet_utils/nnet_sepconv2d_stream.h:73]   --->   Operation 129 'mul' 'mul_ln42_15' <Predicate = true> <Delay = 3.57> <CoreInst = "Multiplier">   --->   Core 3 'Multiplier' <Latency = 0> <II = 1> <Delay = 3.57> <FuncUnit> <Opcode : 'mul'> <InPorts = 2> <OutPorts = 1>
ST_3 : Operation 130 [1/1] (0.00ns)   --->   "%trunc_ln42_36 = partselect i16 @_ssdm_op_PartSelect.i16.i26.i32.i32, i26 %mul_ln42_15, i32 10, i32 25" [firmware/nnet_utils/nnet_dense_latency.h:42->firmware/nnet_utils/nnet_dense.h:54->firmware/nnet_utils/nnet_sepconv_stream.h:104->firmware/nnet_utils/nnet_sepconv2d_stream.h:73]   --->   Operation 130 'partselect' 'trunc_ln42_36' <Predicate = true> <Delay = 0.00>
ST_3 : Operation 131 [1/1] (3.57ns)   --->   "%mul_ln73_19 = mul i26 %sext_ln70_12, i26 67108509" [firmware/nnet_utils/nnet_mult.h:73->firmware/nnet_utils/nnet_dense_latency.h:42->firmware/nnet_utils/nnet_dense.h:54->firmware/nnet_utils/nnet_sepconv_stream.h:104->firmware/nnet_utils/nnet_sepconv2d_stream.h:73]   --->   Operation 131 'mul' 'mul_ln73_19' <Predicate = true> <Delay = 3.57> <CoreInst = "Multiplier">   --->   Core 3 'Multiplier' <Latency = 0> <II = 1> <Delay = 3.57> <FuncUnit> <Opcode : 'mul'> <InPorts = 2> <OutPorts = 1>
ST_3 : Operation 132 [1/1] (0.00ns)   --->   "%trunc_ln42_37 = partselect i16 @_ssdm_op_PartSelect.i16.i26.i32.i32, i26 %mul_ln73_19, i32 10, i32 25" [firmware/nnet_utils/nnet_dense_latency.h:42->firmware/nnet_utils/nnet_dense.h:54->firmware/nnet_utils/nnet_sepconv_stream.h:104->firmware/nnet_utils/nnet_sepconv2d_stream.h:73]   --->   Operation 132 'partselect' 'trunc_ln42_37' <Predicate = true> <Delay = 0.00>
ST_3 : Operation 133 [1/1] (0.00ns)   --->   "%sext_ln70_13 = sext i13 %trunc_ln42_38" [firmware/nnet_utils/nnet_mult.h:70->firmware/nnet_utils/nnet_dense_latency.h:42->firmware/nnet_utils/nnet_dense.h:54->firmware/nnet_utils/nnet_sepconv_stream.h:104->firmware/nnet_utils/nnet_sepconv2d_stream.h:73]   --->   Operation 133 'sext' 'sext_ln70_13' <Predicate = true> <Delay = 0.00>
ST_3 : Operation 134 [1/1] (0.00ns)   --->   "%sext_ln70_14 = sext i16 %data_12" [firmware/nnet_utils/nnet_mult.h:70->firmware/nnet_utils/nnet_dense_latency.h:42->firmware/nnet_utils/nnet_dense.h:54->firmware/nnet_utils/nnet_sepconv_stream.h:104->firmware/nnet_utils/nnet_sepconv2d_stream.h:73]   --->   Operation 134 'sext' 'sext_ln70_14' <Predicate = true> <Delay = 0.00>
ST_3 : Operation 135 [1/1] (0.00ns)   --->   "%sext_ln70_15 = sext i16 %data_12" [firmware/nnet_utils/nnet_mult.h:70->firmware/nnet_utils/nnet_dense_latency.h:42->firmware/nnet_utils/nnet_dense.h:54->firmware/nnet_utils/nnet_sepconv_stream.h:104->firmware/nnet_utils/nnet_sepconv2d_stream.h:73]   --->   Operation 135 'sext' 'sext_ln70_15' <Predicate = true> <Delay = 0.00>
ST_3 : Operation 136 [1/1] (3.57ns)   --->   "%mul_ln42_16 = mul i26 %sext_ln70_15, i26 67108345" [firmware/nnet_utils/nnet_dense_latency.h:42->firmware/nnet_utils/nnet_dense.h:54->firmware/nnet_utils/nnet_sepconv_stream.h:104->firmware/nnet_utils/nnet_sepconv2d_stream.h:73]   --->   Operation 136 'mul' 'mul_ln42_16' <Predicate = true> <Delay = 3.57> <CoreInst = "Multiplier">   --->   Core 3 'Multiplier' <Latency = 0> <II = 1> <Delay = 3.57> <FuncUnit> <Opcode : 'mul'> <InPorts = 2> <OutPorts = 1>
ST_3 : Operation 137 [1/1] (0.00ns)   --->   "%trunc_ln42_39 = partselect i16 @_ssdm_op_PartSelect.i16.i26.i32.i32, i26 %mul_ln42_16, i32 10, i32 25" [firmware/nnet_utils/nnet_dense_latency.h:42->firmware/nnet_utils/nnet_dense.h:54->firmware/nnet_utils/nnet_sepconv_stream.h:104->firmware/nnet_utils/nnet_sepconv2d_stream.h:73]   --->   Operation 137 'partselect' 'trunc_ln42_39' <Predicate = true> <Delay = 0.00>
ST_3 : Operation 138 [1/1] (3.57ns)   --->   "%mul_ln73_21 = mul i26 %sext_ln70_15, i26 67108553" [firmware/nnet_utils/nnet_mult.h:73->firmware/nnet_utils/nnet_dense_latency.h:42->firmware/nnet_utils/nnet_dense.h:54->firmware/nnet_utils/nnet_sepconv_stream.h:104->firmware/nnet_utils/nnet_sepconv2d_stream.h:73]   --->   Operation 138 'mul' 'mul_ln73_21' <Predicate = true> <Delay = 3.57> <CoreInst = "Multiplier">   --->   Core 3 'Multiplier' <Latency = 0> <II = 1> <Delay = 3.57> <FuncUnit> <Opcode : 'mul'> <InPorts = 2> <OutPorts = 1>
ST_3 : Operation 139 [1/1] (0.00ns)   --->   "%trunc_ln42_40 = partselect i16 @_ssdm_op_PartSelect.i16.i26.i32.i32, i26 %mul_ln73_21, i32 10, i32 25" [firmware/nnet_utils/nnet_dense_latency.h:42->firmware/nnet_utils/nnet_dense.h:54->firmware/nnet_utils/nnet_sepconv_stream.h:104->firmware/nnet_utils/nnet_sepconv2d_stream.h:73]   --->   Operation 139 'partselect' 'trunc_ln42_40' <Predicate = true> <Delay = 0.00>
ST_3 : Operation 140 [1/1] (3.57ns)   --->   "%mul_ln73_22 = mul i25 %sext_ln70_14, i25 198" [firmware/nnet_utils/nnet_mult.h:73->firmware/nnet_utils/nnet_dense_latency.h:42->firmware/nnet_utils/nnet_dense.h:54->firmware/nnet_utils/nnet_sepconv_stream.h:104->firmware/nnet_utils/nnet_sepconv2d_stream.h:73]   --->   Operation 140 'mul' 'mul_ln73_22' <Predicate = true> <Delay = 3.57> <CoreInst = "Multiplier">   --->   Core 3 'Multiplier' <Latency = 0> <II = 1> <Delay = 3.57> <FuncUnit> <Opcode : 'mul'> <InPorts = 2> <OutPorts = 1>
ST_3 : Operation 141 [1/1] (0.00ns)   --->   "%trunc_ln42_41 = partselect i15 @_ssdm_op_PartSelect.i15.i25.i32.i32, i25 %mul_ln73_22, i32 10, i32 24" [firmware/nnet_utils/nnet_dense_latency.h:42->firmware/nnet_utils/nnet_dense.h:54->firmware/nnet_utils/nnet_sepconv_stream.h:104->firmware/nnet_utils/nnet_sepconv2d_stream.h:73]   --->   Operation 141 'partselect' 'trunc_ln42_41' <Predicate = true> <Delay = 0.00>
ST_3 : Operation 142 [1/1] (3.57ns)   --->   "%mul_ln42_17 = mul i26 %sext_ln70_15, i26 521" [firmware/nnet_utils/nnet_dense_latency.h:42->firmware/nnet_utils/nnet_dense.h:54->firmware/nnet_utils/nnet_sepconv_stream.h:104->firmware/nnet_utils/nnet_sepconv2d_stream.h:73]   --->   Operation 142 'mul' 'mul_ln42_17' <Predicate = true> <Delay = 3.57> <CoreInst = "Multiplier">   --->   Core 3 'Multiplier' <Latency = 0> <II = 1> <Delay = 3.57> <FuncUnit> <Opcode : 'mul'> <InPorts = 2> <OutPorts = 1>
ST_3 : Operation 143 [1/1] (0.00ns)   --->   "%trunc_ln42_42 = partselect i16 @_ssdm_op_PartSelect.i16.i26.i32.i32, i26 %mul_ln42_17, i32 10, i32 25" [firmware/nnet_utils/nnet_dense_latency.h:42->firmware/nnet_utils/nnet_dense.h:54->firmware/nnet_utils/nnet_sepconv_stream.h:104->firmware/nnet_utils/nnet_sepconv2d_stream.h:73]   --->   Operation 143 'partselect' 'trunc_ln42_42' <Predicate = true> <Delay = 0.00>
ST_3 : Operation 144 [1/1] (3.57ns)   --->   "%mul_ln73_23 = mul i26 %sext_ln70_15, i26 349" [firmware/nnet_utils/nnet_mult.h:73->firmware/nnet_utils/nnet_dense_latency.h:42->firmware/nnet_utils/nnet_dense.h:54->firmware/nnet_utils/nnet_sepconv_stream.h:104->firmware/nnet_utils/nnet_sepconv2d_stream.h:73]   --->   Operation 144 'mul' 'mul_ln73_23' <Predicate = true> <Delay = 3.57> <CoreInst = "Multiplier">   --->   Core 3 'Multiplier' <Latency = 0> <II = 1> <Delay = 3.57> <FuncUnit> <Opcode : 'mul'> <InPorts = 2> <OutPorts = 1>
ST_3 : Operation 145 [1/1] (0.00ns)   --->   "%trunc_ln42_43 = partselect i16 @_ssdm_op_PartSelect.i16.i26.i32.i32, i26 %mul_ln73_23, i32 10, i32 25" [firmware/nnet_utils/nnet_dense_latency.h:42->firmware/nnet_utils/nnet_dense.h:54->firmware/nnet_utils/nnet_sepconv_stream.h:104->firmware/nnet_utils/nnet_sepconv2d_stream.h:73]   --->   Operation 145 'partselect' 'trunc_ln42_43' <Predicate = true> <Delay = 0.00>
ST_3 : Operation 146 [1/1] (0.00ns)   --->   "%p_shl1 = bitconcatenate i26 @_ssdm_op_BitConcatenate.i26.i16.i10, i16 %data_12, i10 0" [firmware/nnet_utils/nnet_dense_latency.h:42->firmware/nnet_utils/nnet_dense.h:54->firmware/nnet_utils/nnet_sepconv_stream.h:104->firmware/nnet_utils/nnet_sepconv2d_stream.h:73]   --->   Operation 146 'bitconcatenate' 'p_shl1' <Predicate = true> <Delay = 0.00>
ST_3 : Operation 147 [1/1] (0.00ns)   --->   "%tmp_8 = bitconcatenate i24 @_ssdm_op_BitConcatenate.i24.i16.i8, i16 %data_12, i8 0" [firmware/nnet_utils/nnet_dense_latency.h:42->firmware/nnet_utils/nnet_dense.h:54->firmware/nnet_utils/nnet_sepconv_stream.h:104->firmware/nnet_utils/nnet_sepconv2d_stream.h:73]   --->   Operation 147 'bitconcatenate' 'tmp_8' <Predicate = true> <Delay = 0.00>
ST_3 : Operation 148 [1/1] (0.00ns)   --->   "%sext_ln42_16 = sext i24 %tmp_8" [firmware/nnet_utils/nnet_dense_latency.h:42->firmware/nnet_utils/nnet_dense.h:54->firmware/nnet_utils/nnet_sepconv_stream.h:104->firmware/nnet_utils/nnet_sepconv2d_stream.h:73]   --->   Operation 148 'sext' 'sext_ln42_16' <Predicate = true> <Delay = 0.00>
ST_3 : Operation 149 [1/1] (1.46ns)   --->   "%sub_ln42 = sub i26 %p_shl1, i26 %sext_ln42_16" [firmware/nnet_utils/nnet_dense_latency.h:42->firmware/nnet_utils/nnet_dense.h:54->firmware/nnet_utils/nnet_sepconv_stream.h:104->firmware/nnet_utils/nnet_sepconv2d_stream.h:73]   --->   Operation 149 'sub' 'sub_ln42' <Predicate = true> <Delay = 1.46> <CoreInst = "Adder">   --->   Core 1 'Adder' <Latency = 0> <II = 1> <Delay = 1.46> <FuncUnit> <Opcode : 'add' 'sub'> <InPorts = 2> <OutPorts = 1>
ST_3 : Operation 150 [1/1] (0.00ns)   --->   "%trunc_ln42_44 = partselect i16 @_ssdm_op_PartSelect.i16.i26.i32.i32, i26 %sub_ln42, i32 10, i32 25" [firmware/nnet_utils/nnet_dense_latency.h:42->firmware/nnet_utils/nnet_dense.h:54->firmware/nnet_utils/nnet_sepconv_stream.h:104->firmware/nnet_utils/nnet_sepconv2d_stream.h:73]   --->   Operation 150 'partselect' 'trunc_ln42_44' <Predicate = true> <Delay = 0.00>
ST_3 : Operation 151 [1/1] (0.00ns)   --->   "%tmp_9 = bitconcatenate i22 @_ssdm_op_BitConcatenate.i22.i16.i6, i16 %data_12, i6 0" [firmware/nnet_utils/nnet_mult.h:73->firmware/nnet_utils/nnet_dense_latency.h:42->firmware/nnet_utils/nnet_dense.h:54->firmware/nnet_utils/nnet_sepconv_stream.h:104->firmware/nnet_utils/nnet_sepconv2d_stream.h:73]   --->   Operation 151 'bitconcatenate' 'tmp_9' <Predicate = true> <Delay = 0.00>
ST_3 : Operation 152 [1/1] (0.00ns)   --->   "%sext_ln73_9 = sext i22 %tmp_9" [firmware/nnet_utils/nnet_mult.h:73->firmware/nnet_utils/nnet_dense_latency.h:42->firmware/nnet_utils/nnet_dense.h:54->firmware/nnet_utils/nnet_sepconv_stream.h:104->firmware/nnet_utils/nnet_sepconv2d_stream.h:73]   --->   Operation 152 'sext' 'sext_ln73_9' <Predicate = true> <Delay = 0.00>
ST_3 : Operation 153 [1/1] (0.00ns)   --->   "%tmp_10 = bitconcatenate i20 @_ssdm_op_BitConcatenate.i20.i16.i4, i16 %data_12, i4 0" [firmware/nnet_utils/nnet_mult.h:73->firmware/nnet_utils/nnet_dense_latency.h:42->firmware/nnet_utils/nnet_dense.h:54->firmware/nnet_utils/nnet_sepconv_stream.h:104->firmware/nnet_utils/nnet_sepconv2d_stream.h:73]   --->   Operation 153 'bitconcatenate' 'tmp_10' <Predicate = true> <Delay = 0.00>
ST_3 : Operation 154 [1/1] (0.00ns)   --->   "%sext_ln73_10 = sext i20 %tmp_10" [firmware/nnet_utils/nnet_mult.h:73->firmware/nnet_utils/nnet_dense_latency.h:42->firmware/nnet_utils/nnet_dense.h:54->firmware/nnet_utils/nnet_sepconv_stream.h:104->firmware/nnet_utils/nnet_sepconv2d_stream.h:73]   --->   Operation 154 'sext' 'sext_ln73_10' <Predicate = true> <Delay = 0.00>
ST_3 : Operation 155 [1/1] (1.44ns)   --->   "%sub_ln73_4 = sub i23 %sext_ln73_10, i23 %sext_ln73_9" [firmware/nnet_utils/nnet_mult.h:73->firmware/nnet_utils/nnet_dense_latency.h:42->firmware/nnet_utils/nnet_dense.h:54->firmware/nnet_utils/nnet_sepconv_stream.h:104->firmware/nnet_utils/nnet_sepconv2d_stream.h:73]   --->   Operation 155 'sub' 'sub_ln73_4' <Predicate = true> <Delay = 1.44> <CoreInst = "Adder">   --->   Core 1 'Adder' <Latency = 0> <II = 1> <Delay = 1.44> <FuncUnit> <Opcode : 'add' 'sub'> <InPorts = 2> <OutPorts = 1>
ST_3 : Operation 156 [1/1] (0.00ns)   --->   "%trunc_ln42_45 = partselect i13 @_ssdm_op_PartSelect.i13.i23.i32.i32, i23 %sub_ln73_4, i32 10, i32 22" [firmware/nnet_utils/nnet_dense_latency.h:42->firmware/nnet_utils/nnet_dense.h:54->firmware/nnet_utils/nnet_sepconv_stream.h:104->firmware/nnet_utils/nnet_sepconv2d_stream.h:73]   --->   Operation 156 'partselect' 'trunc_ln42_45' <Predicate = true> <Delay = 0.00>
ST_3 : Operation 157 [1/1] (0.00ns)   --->   "%sext_ln42_9 = sext i13 %trunc_ln42_45" [firmware/nnet_utils/nnet_dense_latency.h:42->firmware/nnet_utils/nnet_dense.h:54->firmware/nnet_utils/nnet_sepconv_stream.h:104->firmware/nnet_utils/nnet_sepconv2d_stream.h:73]   --->   Operation 157 'sext' 'sext_ln42_9' <Predicate = true> <Delay = 0.00>
ST_3 : Operation 158 [1/1] (3.57ns)   --->   "%mul_ln42_18 = mul i26 %sext_ln70_15, i26 784" [firmware/nnet_utils/nnet_dense_latency.h:42->firmware/nnet_utils/nnet_dense.h:54->firmware/nnet_utils/nnet_sepconv_stream.h:104->firmware/nnet_utils/nnet_sepconv2d_stream.h:73]   --->   Operation 158 'mul' 'mul_ln42_18' <Predicate = true> <Delay = 3.57> <CoreInst = "Multiplier">   --->   Core 3 'Multiplier' <Latency = 0> <II = 1> <Delay = 3.57> <FuncUnit> <Opcode : 'mul'> <InPorts = 2> <OutPorts = 1>
ST_3 : Operation 159 [1/1] (0.00ns)   --->   "%trunc_ln42_46 = partselect i16 @_ssdm_op_PartSelect.i16.i26.i32.i32, i26 %mul_ln42_18, i32 10, i32 25" [firmware/nnet_utils/nnet_dense_latency.h:42->firmware/nnet_utils/nnet_dense.h:54->firmware/nnet_utils/nnet_sepconv_stream.h:104->firmware/nnet_utils/nnet_sepconv2d_stream.h:73]   --->   Operation 159 'partselect' 'trunc_ln42_46' <Predicate = true> <Delay = 0.00>
ST_3 : Operation 160 [1/1] (0.00ns)   --->   "%sext_ln70_16 = sext i16 %data_13" [firmware/nnet_utils/nnet_mult.h:70->firmware/nnet_utils/nnet_dense_latency.h:42->firmware/nnet_utils/nnet_dense.h:54->firmware/nnet_utils/nnet_sepconv_stream.h:104->firmware/nnet_utils/nnet_sepconv2d_stream.h:73]   --->   Operation 160 'sext' 'sext_ln70_16' <Predicate = true> <Delay = 0.00>
ST_3 : Operation 161 [1/1] (0.00ns)   --->   "%sext_ln70_17 = sext i16 %data_13" [firmware/nnet_utils/nnet_mult.h:70->firmware/nnet_utils/nnet_dense_latency.h:42->firmware/nnet_utils/nnet_dense.h:54->firmware/nnet_utils/nnet_sepconv_stream.h:104->firmware/nnet_utils/nnet_sepconv2d_stream.h:73]   --->   Operation 161 'sext' 'sext_ln70_17' <Predicate = true> <Delay = 0.00>
ST_3 : Operation 162 [1/1] (3.57ns)   --->   "%mul_ln73_24 = mul i25 %sext_ln70_17, i25 204" [firmware/nnet_utils/nnet_mult.h:73->firmware/nnet_utils/nnet_dense_latency.h:42->firmware/nnet_utils/nnet_dense.h:54->firmware/nnet_utils/nnet_sepconv_stream.h:104->firmware/nnet_utils/nnet_sepconv2d_stream.h:73]   --->   Operation 162 'mul' 'mul_ln73_24' <Predicate = true> <Delay = 3.57> <CoreInst = "Multiplier">   --->   Core 3 'Multiplier' <Latency = 0> <II = 1> <Delay = 3.57> <FuncUnit> <Opcode : 'mul'> <InPorts = 2> <OutPorts = 1>
ST_3 : Operation 163 [1/1] (0.00ns)   --->   "%trunc_ln42_47 = partselect i15 @_ssdm_op_PartSelect.i15.i25.i32.i32, i25 %mul_ln73_24, i32 10, i32 24" [firmware/nnet_utils/nnet_dense_latency.h:42->firmware/nnet_utils/nnet_dense.h:54->firmware/nnet_utils/nnet_sepconv_stream.h:104->firmware/nnet_utils/nnet_sepconv2d_stream.h:73]   --->   Operation 163 'partselect' 'trunc_ln42_47' <Predicate = true> <Delay = 0.00>
ST_3 : Operation 164 [1/1] (3.57ns)   --->   "%mul_ln42_19 = mul i26 %sext_ln70_16, i26 67108113" [firmware/nnet_utils/nnet_dense_latency.h:42->firmware/nnet_utils/nnet_dense.h:54->firmware/nnet_utils/nnet_sepconv_stream.h:104->firmware/nnet_utils/nnet_sepconv2d_stream.h:73]   --->   Operation 164 'mul' 'mul_ln42_19' <Predicate = true> <Delay = 3.57> <CoreInst = "Multiplier">   --->   Core 3 'Multiplier' <Latency = 0> <II = 1> <Delay = 3.57> <FuncUnit> <Opcode : 'mul'> <InPorts = 2> <OutPorts = 1>
ST_3 : Operation 165 [1/1] (0.00ns)   --->   "%trunc_ln42_48 = partselect i16 @_ssdm_op_PartSelect.i16.i26.i32.i32, i26 %mul_ln42_19, i32 10, i32 25" [firmware/nnet_utils/nnet_dense_latency.h:42->firmware/nnet_utils/nnet_dense.h:54->firmware/nnet_utils/nnet_sepconv_stream.h:104->firmware/nnet_utils/nnet_sepconv2d_stream.h:73]   --->   Operation 165 'partselect' 'trunc_ln42_48' <Predicate = true> <Delay = 0.00>
ST_3 : Operation 166 [1/1] (3.57ns)   --->   "%mul_ln73_25 = mul i25 %sext_ln70_17, i25 33554217" [firmware/nnet_utils/nnet_mult.h:73->firmware/nnet_utils/nnet_dense_latency.h:42->firmware/nnet_utils/nnet_dense.h:54->firmware/nnet_utils/nnet_sepconv_stream.h:104->firmware/nnet_utils/nnet_sepconv2d_stream.h:73]   --->   Operation 166 'mul' 'mul_ln73_25' <Predicate = true> <Delay = 3.57> <CoreInst = "Multiplier">   --->   Core 3 'Multiplier' <Latency = 0> <II = 1> <Delay = 3.57> <FuncUnit> <Opcode : 'mul'> <InPorts = 2> <OutPorts = 1>
ST_3 : Operation 167 [1/1] (0.00ns)   --->   "%trunc_ln42_49 = partselect i15 @_ssdm_op_PartSelect.i15.i25.i32.i32, i25 %mul_ln73_25, i32 10, i32 24" [firmware/nnet_utils/nnet_dense_latency.h:42->firmware/nnet_utils/nnet_dense.h:54->firmware/nnet_utils/nnet_sepconv_stream.h:104->firmware/nnet_utils/nnet_sepconv2d_stream.h:73]   --->   Operation 167 'partselect' 'trunc_ln42_49' <Predicate = true> <Delay = 0.00>
ST_3 : Operation 168 [1/1] (3.57ns)   --->   "%mul_ln73_26 = mul i26 %sext_ln70_16, i26 67108441" [firmware/nnet_utils/nnet_mult.h:73->firmware/nnet_utils/nnet_dense_latency.h:42->firmware/nnet_utils/nnet_dense.h:54->firmware/nnet_utils/nnet_sepconv_stream.h:104->firmware/nnet_utils/nnet_sepconv2d_stream.h:73]   --->   Operation 168 'mul' 'mul_ln73_26' <Predicate = true> <Delay = 3.57> <CoreInst = "Multiplier">   --->   Core 3 'Multiplier' <Latency = 0> <II = 1> <Delay = 3.57> <FuncUnit> <Opcode : 'mul'> <InPorts = 2> <OutPorts = 1>
ST_3 : Operation 169 [1/1] (0.00ns)   --->   "%trunc_ln42_50 = partselect i16 @_ssdm_op_PartSelect.i16.i26.i32.i32, i26 %mul_ln73_26, i32 10, i32 25" [firmware/nnet_utils/nnet_dense_latency.h:42->firmware/nnet_utils/nnet_dense.h:54->firmware/nnet_utils/nnet_sepconv_stream.h:104->firmware/nnet_utils/nnet_sepconv2d_stream.h:73]   --->   Operation 169 'partselect' 'trunc_ln42_50' <Predicate = true> <Delay = 0.00>
ST_3 : Operation 170 [1/1] (0.00ns)   --->   "%tmp_11 = bitconcatenate i20 @_ssdm_op_BitConcatenate.i20.i16.i4, i16 %data_13, i4 0" [firmware/nnet_utils/nnet_mult.h:73->firmware/nnet_utils/nnet_dense_latency.h:42->firmware/nnet_utils/nnet_dense.h:54->firmware/nnet_utils/nnet_sepconv_stream.h:104->firmware/nnet_utils/nnet_sepconv2d_stream.h:73]   --->   Operation 170 'bitconcatenate' 'tmp_11' <Predicate = true> <Delay = 0.00>
ST_3 : Operation 171 [1/1] (0.00ns)   --->   "%sext_ln73_11 = sext i20 %tmp_11" [firmware/nnet_utils/nnet_mult.h:73->firmware/nnet_utils/nnet_dense_latency.h:42->firmware/nnet_utils/nnet_dense.h:54->firmware/nnet_utils/nnet_sepconv_stream.h:104->firmware/nnet_utils/nnet_sepconv2d_stream.h:73]   --->   Operation 171 'sext' 'sext_ln73_11' <Predicate = true> <Delay = 0.00>
ST_3 : Operation 172 [1/1] (0.00ns)   --->   "%tmp_12 = bitconcatenate i17 @_ssdm_op_BitConcatenate.i17.i16.i1, i16 %data_13, i1 0" [firmware/nnet_utils/nnet_mult.h:73->firmware/nnet_utils/nnet_dense_latency.h:42->firmware/nnet_utils/nnet_dense.h:54->firmware/nnet_utils/nnet_sepconv_stream.h:104->firmware/nnet_utils/nnet_sepconv2d_stream.h:73]   --->   Operation 172 'bitconcatenate' 'tmp_12' <Predicate = true> <Delay = 0.00>
ST_3 : Operation 173 [1/1] (0.00ns)   --->   "%sext_ln73_12 = sext i17 %tmp_12" [firmware/nnet_utils/nnet_mult.h:73->firmware/nnet_utils/nnet_dense_latency.h:42->firmware/nnet_utils/nnet_dense.h:54->firmware/nnet_utils/nnet_sepconv_stream.h:104->firmware/nnet_utils/nnet_sepconv2d_stream.h:73]   --->   Operation 173 'sext' 'sext_ln73_12' <Predicate = true> <Delay = 0.00>
ST_3 : Operation 174 [1/1] (1.43ns)   --->   "%add_ln73 = add i22 %sext_ln73_11, i22 %sext_ln73_12" [firmware/nnet_utils/nnet_mult.h:73->firmware/nnet_utils/nnet_dense_latency.h:42->firmware/nnet_utils/nnet_dense.h:54->firmware/nnet_utils/nnet_sepconv_stream.h:104->firmware/nnet_utils/nnet_sepconv2d_stream.h:73]   --->   Operation 174 'add' 'add_ln73' <Predicate = true> <Delay = 1.43> <CoreInst = "Adder">   --->   Core 1 'Adder' <Latency = 0> <II = 1> <Delay = 1.43> <FuncUnit> <Opcode : 'add' 'sub'> <InPorts = 2> <OutPorts = 1>
ST_3 : Operation 175 [1/1] (0.00ns)   --->   "%trunc_ln42_51 = partselect i12 @_ssdm_op_PartSelect.i12.i22.i32.i32, i22 %add_ln73, i32 10, i32 21" [firmware/nnet_utils/nnet_dense_latency.h:42->firmware/nnet_utils/nnet_dense.h:54->firmware/nnet_utils/nnet_sepconv_stream.h:104->firmware/nnet_utils/nnet_sepconv2d_stream.h:73]   --->   Operation 175 'partselect' 'trunc_ln42_51' <Predicate = true> <Delay = 0.00>
ST_3 : Operation 176 [1/1] (0.00ns)   --->   "%sext_ln42_12 = sext i12 %trunc_ln42_51" [firmware/nnet_utils/nnet_dense_latency.h:42->firmware/nnet_utils/nnet_dense.h:54->firmware/nnet_utils/nnet_sepconv_stream.h:104->firmware/nnet_utils/nnet_sepconv2d_stream.h:73]   --->   Operation 176 'sext' 'sext_ln42_12' <Predicate = true> <Delay = 0.00>
ST_3 : Operation 177 [1/1] (3.57ns)   --->   "%mul_ln42_20 = mul i26 %sext_ln70_16, i26 67108263" [firmware/nnet_utils/nnet_dense_latency.h:42->firmware/nnet_utils/nnet_dense.h:54->firmware/nnet_utils/nnet_sepconv_stream.h:104->firmware/nnet_utils/nnet_sepconv2d_stream.h:73]   --->   Operation 177 'mul' 'mul_ln42_20' <Predicate = true> <Delay = 3.57> <CoreInst = "Multiplier">   --->   Core 3 'Multiplier' <Latency = 0> <II = 1> <Delay = 3.57> <FuncUnit> <Opcode : 'mul'> <InPorts = 2> <OutPorts = 1>
ST_3 : Operation 178 [1/1] (0.00ns)   --->   "%trunc_ln42_52 = partselect i16 @_ssdm_op_PartSelect.i16.i26.i32.i32, i26 %mul_ln42_20, i32 10, i32 25" [firmware/nnet_utils/nnet_dense_latency.h:42->firmware/nnet_utils/nnet_dense.h:54->firmware/nnet_utils/nnet_sepconv_stream.h:104->firmware/nnet_utils/nnet_sepconv2d_stream.h:73]   --->   Operation 178 'partselect' 'trunc_ln42_52' <Predicate = true> <Delay = 0.00>
ST_3 : Operation 179 [1/1] (3.57ns)   --->   "%mul_ln73_27 = mul i26 %sext_ln70_16, i26 67108531" [firmware/nnet_utils/nnet_mult.h:73->firmware/nnet_utils/nnet_dense_latency.h:42->firmware/nnet_utils/nnet_dense.h:54->firmware/nnet_utils/nnet_sepconv_stream.h:104->firmware/nnet_utils/nnet_sepconv2d_stream.h:73]   --->   Operation 179 'mul' 'mul_ln73_27' <Predicate = true> <Delay = 3.57> <CoreInst = "Multiplier">   --->   Core 3 'Multiplier' <Latency = 0> <II = 1> <Delay = 3.57> <FuncUnit> <Opcode : 'mul'> <InPorts = 2> <OutPorts = 1>
ST_3 : Operation 180 [1/1] (0.00ns)   --->   "%trunc_ln42_53 = partselect i16 @_ssdm_op_PartSelect.i16.i26.i32.i32, i26 %mul_ln73_27, i32 10, i32 25" [firmware/nnet_utils/nnet_dense_latency.h:42->firmware/nnet_utils/nnet_dense.h:54->firmware/nnet_utils/nnet_sepconv_stream.h:104->firmware/nnet_utils/nnet_sepconv2d_stream.h:73]   --->   Operation 180 'partselect' 'trunc_ln42_53' <Predicate = true> <Delay = 0.00>
ST_3 : Operation 181 [1/1] (3.57ns)   --->   "%mul_ln73_28 = mul i26 %sext_ln70_16, i26 67108471" [firmware/nnet_utils/nnet_mult.h:73->firmware/nnet_utils/nnet_dense_latency.h:42->firmware/nnet_utils/nnet_dense.h:54->firmware/nnet_utils/nnet_sepconv_stream.h:104->firmware/nnet_utils/nnet_sepconv2d_stream.h:73]   --->   Operation 181 'mul' 'mul_ln73_28' <Predicate = true> <Delay = 3.57> <CoreInst = "Multiplier">   --->   Core 3 'Multiplier' <Latency = 0> <II = 1> <Delay = 3.57> <FuncUnit> <Opcode : 'mul'> <InPorts = 2> <OutPorts = 1>
ST_3 : Operation 182 [1/1] (0.00ns)   --->   "%trunc_ln42_54 = partselect i16 @_ssdm_op_PartSelect.i16.i26.i32.i32, i26 %mul_ln73_28, i32 10, i32 25" [firmware/nnet_utils/nnet_dense_latency.h:42->firmware/nnet_utils/nnet_dense.h:54->firmware/nnet_utils/nnet_sepconv_stream.h:104->firmware/nnet_utils/nnet_sepconv2d_stream.h:73]   --->   Operation 182 'partselect' 'trunc_ln42_54' <Predicate = true> <Delay = 0.00>
ST_3 : Operation 183 [1/1] (0.00ns)   --->   "%sext_ln42_13 = sext i16 %data_14" [firmware/nnet_utils/nnet_dense_latency.h:42->firmware/nnet_utils/nnet_dense.h:54->firmware/nnet_utils/nnet_sepconv_stream.h:104->firmware/nnet_utils/nnet_sepconv2d_stream.h:73]   --->   Operation 183 'sext' 'sext_ln42_13' <Predicate = true> <Delay = 0.00>
ST_3 : Operation 184 [1/1] (0.00ns)   --->   "%sext_ln70_18 = sext i16 %data_14" [firmware/nnet_utils/nnet_mult.h:70->firmware/nnet_utils/nnet_dense_latency.h:42->firmware/nnet_utils/nnet_dense.h:54->firmware/nnet_utils/nnet_sepconv_stream.h:104->firmware/nnet_utils/nnet_sepconv2d_stream.h:73]   --->   Operation 184 'sext' 'sext_ln70_18' <Predicate = true> <Delay = 0.00>
ST_3 : Operation 185 [1/1] (3.57ns)   --->   "%mul_ln73_29 = mul i26 %sext_ln42_13, i26 265" [firmware/nnet_utils/nnet_mult.h:73->firmware/nnet_utils/nnet_dense_latency.h:42->firmware/nnet_utils/nnet_dense.h:54->firmware/nnet_utils/nnet_sepconv_stream.h:104->firmware/nnet_utils/nnet_sepconv2d_stream.h:73]   --->   Operation 185 'mul' 'mul_ln73_29' <Predicate = true> <Delay = 3.57> <CoreInst = "Multiplier">   --->   Core 3 'Multiplier' <Latency = 0> <II = 1> <Delay = 3.57> <FuncUnit> <Opcode : 'mul'> <InPorts = 2> <OutPorts = 1>
ST_3 : Operation 186 [1/1] (0.00ns)   --->   "%trunc_ln42_55 = partselect i16 @_ssdm_op_PartSelect.i16.i26.i32.i32, i26 %mul_ln73_29, i32 10, i32 25" [firmware/nnet_utils/nnet_dense_latency.h:42->firmware/nnet_utils/nnet_dense.h:54->firmware/nnet_utils/nnet_sepconv_stream.h:104->firmware/nnet_utils/nnet_sepconv2d_stream.h:73]   --->   Operation 186 'partselect' 'trunc_ln42_55' <Predicate = true> <Delay = 0.00>
ST_3 : Operation 187 [1/1] (3.57ns)   --->   "%mul_ln73_30 = mul i26 %sext_ln42_13, i26 67108532" [firmware/nnet_utils/nnet_mult.h:73->firmware/nnet_utils/nnet_dense_latency.h:42->firmware/nnet_utils/nnet_dense.h:54->firmware/nnet_utils/nnet_sepconv_stream.h:104->firmware/nnet_utils/nnet_sepconv2d_stream.h:73]   --->   Operation 187 'mul' 'mul_ln73_30' <Predicate = true> <Delay = 3.57> <CoreInst = "Multiplier">   --->   Core 3 'Multiplier' <Latency = 0> <II = 1> <Delay = 3.57> <FuncUnit> <Opcode : 'mul'> <InPorts = 2> <OutPorts = 1>
ST_3 : Operation 188 [1/1] (0.00ns)   --->   "%trunc_ln42_56 = partselect i16 @_ssdm_op_PartSelect.i16.i26.i32.i32, i26 %mul_ln73_30, i32 10, i32 25" [firmware/nnet_utils/nnet_dense_latency.h:42->firmware/nnet_utils/nnet_dense.h:54->firmware/nnet_utils/nnet_sepconv_stream.h:104->firmware/nnet_utils/nnet_sepconv2d_stream.h:73]   --->   Operation 188 'partselect' 'trunc_ln42_56' <Predicate = true> <Delay = 0.00>
ST_3 : Operation 189 [1/1] (3.57ns)   --->   "%mul_ln73_31 = mul i25 %sext_ln70_18, i25 191" [firmware/nnet_utils/nnet_mult.h:73->firmware/nnet_utils/nnet_dense_latency.h:42->firmware/nnet_utils/nnet_dense.h:54->firmware/nnet_utils/nnet_sepconv_stream.h:104->firmware/nnet_utils/nnet_sepconv2d_stream.h:73]   --->   Operation 189 'mul' 'mul_ln73_31' <Predicate = true> <Delay = 3.57> <CoreInst = "Multiplier">   --->   Core 3 'Multiplier' <Latency = 0> <II = 1> <Delay = 3.57> <FuncUnit> <Opcode : 'mul'> <InPorts = 2> <OutPorts = 1>
ST_3 : Operation 190 [1/1] (0.00ns)   --->   "%trunc_ln42_57 = partselect i15 @_ssdm_op_PartSelect.i15.i25.i32.i32, i25 %mul_ln73_31, i32 10, i32 24" [firmware/nnet_utils/nnet_dense_latency.h:42->firmware/nnet_utils/nnet_dense.h:54->firmware/nnet_utils/nnet_sepconv_stream.h:104->firmware/nnet_utils/nnet_sepconv2d_stream.h:73]   --->   Operation 190 'partselect' 'trunc_ln42_57' <Predicate = true> <Delay = 0.00>
ST_3 : Operation 191 [1/1] (3.57ns)   --->   "%mul_ln73_32 = mul i25 %sext_ln70_18, i25 229" [firmware/nnet_utils/nnet_mult.h:73->firmware/nnet_utils/nnet_dense_latency.h:42->firmware/nnet_utils/nnet_dense.h:54->firmware/nnet_utils/nnet_sepconv_stream.h:104->firmware/nnet_utils/nnet_sepconv2d_stream.h:73]   --->   Operation 191 'mul' 'mul_ln73_32' <Predicate = true> <Delay = 3.57> <CoreInst = "Multiplier">   --->   Core 3 'Multiplier' <Latency = 0> <II = 1> <Delay = 3.57> <FuncUnit> <Opcode : 'mul'> <InPorts = 2> <OutPorts = 1>
ST_3 : Operation 192 [1/1] (0.00ns)   --->   "%trunc_ln42_58 = partselect i15 @_ssdm_op_PartSelect.i15.i25.i32.i32, i25 %mul_ln73_32, i32 10, i32 24" [firmware/nnet_utils/nnet_dense_latency.h:42->firmware/nnet_utils/nnet_dense.h:54->firmware/nnet_utils/nnet_sepconv_stream.h:104->firmware/nnet_utils/nnet_sepconv2d_stream.h:73]   --->   Operation 192 'partselect' 'trunc_ln42_58' <Predicate = true> <Delay = 0.00>
ST_3 : Operation 193 [1/1] (3.57ns)   --->   "%mul_ln42_21 = mul i26 %sext_ln42_13, i26 572" [firmware/nnet_utils/nnet_dense_latency.h:42->firmware/nnet_utils/nnet_dense.h:54->firmware/nnet_utils/nnet_sepconv_stream.h:104->firmware/nnet_utils/nnet_sepconv2d_stream.h:73]   --->   Operation 193 'mul' 'mul_ln42_21' <Predicate = true> <Delay = 3.57> <CoreInst = "Multiplier">   --->   Core 3 'Multiplier' <Latency = 0> <II = 1> <Delay = 3.57> <FuncUnit> <Opcode : 'mul'> <InPorts = 2> <OutPorts = 1>
ST_3 : Operation 194 [1/1] (0.00ns)   --->   "%trunc_ln42_60 = partselect i16 @_ssdm_op_PartSelect.i16.i26.i32.i32, i26 %mul_ln42_21, i32 10, i32 25" [firmware/nnet_utils/nnet_dense_latency.h:42->firmware/nnet_utils/nnet_dense.h:54->firmware/nnet_utils/nnet_sepconv_stream.h:104->firmware/nnet_utils/nnet_sepconv2d_stream.h:73]   --->   Operation 194 'partselect' 'trunc_ln42_60' <Predicate = true> <Delay = 0.00>
ST_3 : Operation 195 [1/1] (3.57ns)   --->   "%mul_ln73_33 = mul i26 %sext_ln42_13, i26 67108436" [firmware/nnet_utils/nnet_mult.h:73->firmware/nnet_utils/nnet_dense_latency.h:42->firmware/nnet_utils/nnet_dense.h:54->firmware/nnet_utils/nnet_sepconv_stream.h:104->firmware/nnet_utils/nnet_sepconv2d_stream.h:73]   --->   Operation 195 'mul' 'mul_ln73_33' <Predicate = true> <Delay = 3.57> <CoreInst = "Multiplier">   --->   Core 3 'Multiplier' <Latency = 0> <II = 1> <Delay = 3.57> <FuncUnit> <Opcode : 'mul'> <InPorts = 2> <OutPorts = 1>
ST_3 : Operation 196 [1/1] (0.00ns)   --->   "%trunc_ln42_61 = partselect i16 @_ssdm_op_PartSelect.i16.i26.i32.i32, i26 %mul_ln73_33, i32 10, i32 25" [firmware/nnet_utils/nnet_dense_latency.h:42->firmware/nnet_utils/nnet_dense.h:54->firmware/nnet_utils/nnet_sepconv_stream.h:104->firmware/nnet_utils/nnet_sepconv2d_stream.h:73]   --->   Operation 196 'partselect' 'trunc_ln42_61' <Predicate = true> <Delay = 0.00>
ST_3 : Operation 197 [1/1] (1.38ns)   --->   "%add_ln58_4 = add i15 %sext_ln73, i15 32629" [firmware/nnet_utils/nnet_dense_latency.h:58->firmware/nnet_utils/nnet_dense.h:54->firmware/nnet_utils/nnet_sepconv_stream.h:104->firmware/nnet_utils/nnet_sepconv2d_stream.h:73]   --->   Operation 197 'add' 'add_ln58_4' <Predicate = true> <Delay = 1.38> <CoreInst = "Adder">   --->   Core 1 'Adder' <Latency = 0> <II = 1> <Delay = 1.38> <FuncUnit> <Opcode : 'add' 'sub'> <InPorts = 2> <OutPorts = 1>
ST_3 : Operation 198 [1/1] (1.36ns)   --->   "%add_ln58_12 = add i14 %sext_ln73_1, i14 16273" [firmware/nnet_utils/nnet_dense_latency.h:58->firmware/nnet_utils/nnet_dense.h:54->firmware/nnet_utils/nnet_sepconv_stream.h:104->firmware/nnet_utils/nnet_sepconv2d_stream.h:73]   --->   Operation 198 'add' 'add_ln58_12' <Predicate = true> <Delay = 1.36> <CoreInst = "Adder">   --->   Core 1 'Adder' <Latency = 0> <II = 1> <Delay = 1.36> <FuncUnit> <Opcode : 'add' 'sub'> <InPorts = 2> <OutPorts = 1>
ST_3 : Operation 199 [1/1] (1.33ns)   --->   "%add_ln58_20 = add i11 %sext_ln73_4, i11 591" [firmware/nnet_utils/nnet_dense_latency.h:58->firmware/nnet_utils/nnet_dense.h:54->firmware/nnet_utils/nnet_sepconv_stream.h:104->firmware/nnet_utils/nnet_sepconv2d_stream.h:73]   --->   Operation 199 'add' 'add_ln58_20' <Predicate = true> <Delay = 1.33> <CoreInst = "Adder">   --->   Core 1 'Adder' <Latency = 0> <II = 1> <Delay = 1.33> <FuncUnit> <Opcode : 'add' 'sub'> <InPorts = 2> <OutPorts = 1>
ST_3 : Operation 200 [1/1] (1.35ns)   --->   "%add_ln58_36 = add i13 %sext_ln42_12, i13 8169" [firmware/nnet_utils/nnet_dense_latency.h:58->firmware/nnet_utils/nnet_dense.h:54->firmware/nnet_utils/nnet_sepconv_stream.h:104->firmware/nnet_utils/nnet_sepconv2d_stream.h:73]   --->   Operation 200 'add' 'add_ln58_36' <Predicate = true> <Delay = 1.35> <CoreInst = "Adder">   --->   Core 1 'Adder' <Latency = 0> <II = 1> <Delay = 1.35> <FuncUnit> <Opcode : 'add' 'sub'> <InPorts = 2> <OutPorts = 1>
ST_3 : Operation 201 [1/1] (1.36ns)   --->   "%add_ln58_52 = add i14 %sext_ln42_9, i14 451" [firmware/nnet_utils/nnet_dense_latency.h:58->firmware/nnet_utils/nnet_dense.h:54->firmware/nnet_utils/nnet_sepconv_stream.h:104->firmware/nnet_utils/nnet_sepconv2d_stream.h:73]   --->   Operation 201 'add' 'add_ln58_52' <Predicate = true> <Delay = 1.36> <CoreInst = "Adder">   --->   Core 1 'Adder' <Latency = 0> <II = 1> <Delay = 1.36> <FuncUnit> <Opcode : 'add' 'sub'> <InPorts = 2> <OutPorts = 1>
ST_3 : Operation 202 [1/1] (1.36ns)   --->   "%add_ln58_60 = add i14 %sext_ln70_13, i14 351" [firmware/nnet_utils/nnet_dense_latency.h:58->firmware/nnet_utils/nnet_dense.h:54->firmware/nnet_utils/nnet_sepconv_stream.h:104->firmware/nnet_utils/nnet_sepconv2d_stream.h:73]   --->   Operation 202 'add' 'add_ln58_60' <Predicate = true> <Delay = 1.36> <CoreInst = "Adder">   --->   Core 1 'Adder' <Latency = 0> <II = 1> <Delay = 1.36> <FuncUnit> <Opcode : 'add' 'sub'> <InPorts = 2> <OutPorts = 1>

State 4 <SV = 3> <Delay = 3.45>
ST_4 : Operation 203 [1/1] (0.00ns)   --->   "%sext_ln42 = sext i15 %trunc_ln42_5" [firmware/nnet_utils/nnet_dense_latency.h:42->firmware/nnet_utils/nnet_dense.h:54->firmware/nnet_utils/nnet_sepconv_stream.h:104->firmware/nnet_utils/nnet_sepconv2d_stream.h:73]   --->   Operation 203 'sext' 'sext_ln42' <Predicate = true> <Delay = 0.00>
ST_4 : Operation 204 [1/1] (0.00ns)   --->   "%sext_ln42_1 = sext i15 %trunc_ln42_7" [firmware/nnet_utils/nnet_dense_latency.h:42->firmware/nnet_utils/nnet_dense.h:54->firmware/nnet_utils/nnet_sepconv_stream.h:104->firmware/nnet_utils/nnet_sepconv2d_stream.h:73]   --->   Operation 204 'sext' 'sext_ln42_1' <Predicate = true> <Delay = 0.00>
ST_4 : Operation 205 [1/1] (0.00ns)   --->   "%sext_ln42_3 = sext i15 %trunc_ln42_9" [firmware/nnet_utils/nnet_dense_latency.h:42->firmware/nnet_utils/nnet_dense.h:54->firmware/nnet_utils/nnet_sepconv_stream.h:104->firmware/nnet_utils/nnet_sepconv2d_stream.h:73]   --->   Operation 205 'sext' 'sext_ln42_3' <Predicate = true> <Delay = 0.00>
ST_4 : Operation 206 [1/1] (0.00ns)   --->   "%sext_ln73_2 = sext i12 %trunc_ln42_s" [firmware/nnet_utils/nnet_mult.h:73->firmware/nnet_utils/nnet_dense_latency.h:42->firmware/nnet_utils/nnet_dense.h:54->firmware/nnet_utils/nnet_sepconv_stream.h:104->firmware/nnet_utils/nnet_sepconv2d_stream.h:73]   --->   Operation 206 'sext' 'sext_ln73_2' <Predicate = true> <Delay = 0.00>
ST_4 : Operation 207 [1/1] (0.00ns)   --->   "%sext_ln73_3 = sext i13 %trunc_ln42_11" [firmware/nnet_utils/nnet_mult.h:73->firmware/nnet_utils/nnet_dense_latency.h:42->firmware/nnet_utils/nnet_dense.h:54->firmware/nnet_utils/nnet_sepconv_stream.h:104->firmware/nnet_utils/nnet_sepconv2d_stream.h:73]   --->   Operation 207 'sext' 'sext_ln73_3' <Predicate = true> <Delay = 0.00>
ST_4 : Operation 208 [1/1] (0.00ns)   --->   "%sext_ln42_4 = sext i15 %trunc_ln42_12" [firmware/nnet_utils/nnet_dense_latency.h:42->firmware/nnet_utils/nnet_dense.h:54->firmware/nnet_utils/nnet_sepconv_stream.h:104->firmware/nnet_utils/nnet_sepconv2d_stream.h:73]   --->   Operation 208 'sext' 'sext_ln42_4' <Predicate = true> <Delay = 0.00>
ST_4 : Operation 209 [1/1] (0.00ns)   --->   "%sext_ln42_5 = sext i15 %trunc_ln42_13" [firmware/nnet_utils/nnet_dense_latency.h:42->firmware/nnet_utils/nnet_dense.h:54->firmware/nnet_utils/nnet_sepconv_stream.h:104->firmware/nnet_utils/nnet_sepconv2d_stream.h:73]   --->   Operation 209 'sext' 'sext_ln42_5' <Predicate = true> <Delay = 0.00>
ST_4 : Operation 210 [1/1] (0.00ns)   --->   "%sext_ln42_6 = sext i15 %trunc_ln42_15" [firmware/nnet_utils/nnet_dense_latency.h:42->firmware/nnet_utils/nnet_dense.h:54->firmware/nnet_utils/nnet_sepconv_stream.h:104->firmware/nnet_utils/nnet_sepconv2d_stream.h:73]   --->   Operation 210 'sext' 'sext_ln42_6' <Predicate = true> <Delay = 0.00>
ST_4 : Operation 211 [1/1] (0.00ns)   --->   "%sext_ln42_7 = sext i15 %trunc_ln42_23" [firmware/nnet_utils/nnet_dense_latency.h:42->firmware/nnet_utils/nnet_dense.h:54->firmware/nnet_utils/nnet_sepconv_stream.h:104->firmware/nnet_utils/nnet_sepconv2d_stream.h:73]   --->   Operation 211 'sext' 'sext_ln42_7' <Predicate = true> <Delay = 0.00>
ST_4 : Operation 212 [1/1] (0.00ns)   --->   "%sext_ln42_8 = sext i15 %trunc_ln42_41" [firmware/nnet_utils/nnet_dense_latency.h:42->firmware/nnet_utils/nnet_dense.h:54->firmware/nnet_utils/nnet_sepconv_stream.h:104->firmware/nnet_utils/nnet_sepconv2d_stream.h:73]   --->   Operation 212 'sext' 'sext_ln42_8' <Predicate = true> <Delay = 0.00>
ST_4 : Operation 213 [1/1] (0.00ns)   --->   "%sext_ln42_10 = sext i15 %trunc_ln42_47" [firmware/nnet_utils/nnet_dense_latency.h:42->firmware/nnet_utils/nnet_dense.h:54->firmware/nnet_utils/nnet_sepconv_stream.h:104->firmware/nnet_utils/nnet_sepconv2d_stream.h:73]   --->   Operation 213 'sext' 'sext_ln42_10' <Predicate = true> <Delay = 0.00>
ST_4 : Operation 214 [1/1] (0.00ns)   --->   "%sext_ln42_11 = sext i15 %trunc_ln42_49" [firmware/nnet_utils/nnet_dense_latency.h:42->firmware/nnet_utils/nnet_dense.h:54->firmware/nnet_utils/nnet_sepconv_stream.h:104->firmware/nnet_utils/nnet_sepconv2d_stream.h:73]   --->   Operation 214 'sext' 'sext_ln42_11' <Predicate = true> <Delay = 0.00>
ST_4 : Operation 215 [1/1] (0.00ns)   --->   "%sext_ln42_14 = sext i15 %trunc_ln42_57" [firmware/nnet_utils/nnet_dense_latency.h:42->firmware/nnet_utils/nnet_dense.h:54->firmware/nnet_utils/nnet_sepconv_stream.h:104->firmware/nnet_utils/nnet_sepconv2d_stream.h:73]   --->   Operation 215 'sext' 'sext_ln42_14' <Predicate = true> <Delay = 0.00>
ST_4 : Operation 216 [1/1] (0.00ns)   --->   "%sext_ln42_15 = sext i15 %trunc_ln42_58" [firmware/nnet_utils/nnet_dense_latency.h:42->firmware/nnet_utils/nnet_dense.h:54->firmware/nnet_utils/nnet_sepconv_stream.h:104->firmware/nnet_utils/nnet_sepconv2d_stream.h:73]   --->   Operation 216 'sext' 'sext_ln42_15' <Predicate = true> <Delay = 0.00>
ST_4 : Operation 217 [1/1] (0.00ns)   --->   "%tmp_13 = bitconcatenate i25 @_ssdm_op_BitConcatenate.i25.i16.i9, i16 %data_14, i9 0" [firmware/nnet_utils/nnet_mult.h:73->firmware/nnet_utils/nnet_dense_latency.h:42->firmware/nnet_utils/nnet_dense.h:54->firmware/nnet_utils/nnet_sepconv_stream.h:104->firmware/nnet_utils/nnet_sepconv2d_stream.h:73]   --->   Operation 217 'bitconcatenate' 'tmp_13' <Predicate = true> <Delay = 0.00>
ST_4 : Operation 218 [1/1] (0.00ns)   --->   "%sext_ln73_13 = sext i25 %tmp_13" [firmware/nnet_utils/nnet_mult.h:73->firmware/nnet_utils/nnet_dense_latency.h:42->firmware/nnet_utils/nnet_dense.h:54->firmware/nnet_utils/nnet_sepconv_stream.h:104->firmware/nnet_utils/nnet_sepconv2d_stream.h:73]   --->   Operation 218 'sext' 'sext_ln73_13' <Predicate = true> <Delay = 0.00>
ST_4 : Operation 219 [1/1] (0.00ns)   --->   "%tmp_14 = bitconcatenate i21 @_ssdm_op_BitConcatenate.i21.i16.i5, i16 %data_14, i5 0" [firmware/nnet_utils/nnet_mult.h:73->firmware/nnet_utils/nnet_dense_latency.h:42->firmware/nnet_utils/nnet_dense.h:54->firmware/nnet_utils/nnet_sepconv_stream.h:104->firmware/nnet_utils/nnet_sepconv2d_stream.h:73]   --->   Operation 219 'bitconcatenate' 'tmp_14' <Predicate = true> <Delay = 0.00>
ST_4 : Operation 220 [1/1] (0.00ns)   --->   "%sext_ln73_14 = sext i21 %tmp_14" [firmware/nnet_utils/nnet_mult.h:73->firmware/nnet_utils/nnet_dense_latency.h:42->firmware/nnet_utils/nnet_dense.h:54->firmware/nnet_utils/nnet_sepconv_stream.h:104->firmware/nnet_utils/nnet_sepconv2d_stream.h:73]   --->   Operation 220 'sext' 'sext_ln73_14' <Predicate = true> <Delay = 0.00>
ST_4 : Operation 221 [1/1] (1.45ns)   --->   "%sub_ln73_5 = sub i26 %sext_ln73_14, i26 %sext_ln73_13" [firmware/nnet_utils/nnet_mult.h:73->firmware/nnet_utils/nnet_dense_latency.h:42->firmware/nnet_utils/nnet_dense.h:54->firmware/nnet_utils/nnet_sepconv_stream.h:104->firmware/nnet_utils/nnet_sepconv2d_stream.h:73]   --->   Operation 221 'sub' 'sub_ln73_5' <Predicate = true> <Delay = 1.45> <CoreInst = "Adder">   --->   Core 1 'Adder' <Latency = 0> <II = 1> <Delay = 1.45> <FuncUnit> <Opcode : 'add' 'sub'> <InPorts = 2> <OutPorts = 1>
ST_4 : Operation 222 [1/1] (0.00ns)   --->   "%trunc_ln42_59 = partselect i16 @_ssdm_op_PartSelect.i16.i26.i32.i32, i26 %sub_ln73_5, i32 10, i32 25" [firmware/nnet_utils/nnet_dense_latency.h:42->firmware/nnet_utils/nnet_dense.h:54->firmware/nnet_utils/nnet_sepconv_stream.h:104->firmware/nnet_utils/nnet_sepconv2d_stream.h:73]   --->   Operation 222 'partselect' 'trunc_ln42_59' <Predicate = true> <Delay = 0.00>
ST_4 : Operation 223 [1/1] (1.41ns)   --->   "%add_ln58 = add i16 %trunc_ln42_8, i16 %trunc_ln42_31" [firmware/nnet_utils/nnet_dense_latency.h:58->firmware/nnet_utils/nnet_dense.h:54->firmware/nnet_utils/nnet_sepconv_stream.h:104->firmware/nnet_utils/nnet_sepconv2d_stream.h:73]   --->   Operation 223 'add' 'add_ln58' <Predicate = true> <Delay = 1.41> <CoreInst = "Adder">   --->   Core 1 'Adder' <Latency = 0> <II = 1> <Delay = 1.41> <FuncUnit> <Opcode : 'add' 'sub'> <InPorts = 2> <OutPorts = 1>
ST_4 : Operation 224 [1/1] (1.41ns)   --->   "%add_ln58_1 = add i16 %trunc_ln42_39, i16 %trunc_ln42_55" [firmware/nnet_utils/nnet_dense_latency.h:58->firmware/nnet_utils/nnet_dense.h:54->firmware/nnet_utils/nnet_sepconv_stream.h:104->firmware/nnet_utils/nnet_sepconv2d_stream.h:73]   --->   Operation 224 'add' 'add_ln58_1' <Predicate = true> <Delay = 1.41> <CoreInst = "Adder">   --->   Core 1 'Adder' <Latency = 0> <II = 1> <Delay = 1.41> <FuncUnit> <Opcode : 'add' 'sub'> <InPorts = 2> <OutPorts = 1>
ST_4 : Operation 225 [1/1] (0.00ns) (grouped into TernaryAdder)   --->   "%add_ln58_2 = add i16 %add_ln58_1, i16 %add_ln58" [firmware/nnet_utils/nnet_dense_latency.h:58->firmware/nnet_utils/nnet_dense.h:54->firmware/nnet_utils/nnet_sepconv_stream.h:104->firmware/nnet_utils/nnet_sepconv2d_stream.h:73]   --->   Operation 225 'add' 'add_ln58_2' <Predicate = true> <Delay = 0.00> <CoreInst = "TAddSub">   --->   Core 10 'TAddSub' <Latency = 0> <II = 1> <Delay = 0.49> <IPBlock> <Opcode : 'add' 'sub'> <InPorts = 3> <OutPorts = 1> <Sync> <CReg>
ST_4 : Operation 226 [1/1] (0.00ns) (grouped into TernaryAdder)   --->   "%add_ln58_3 = add i16 %sext_ln42_6, i16 %sext_ln42_7" [firmware/nnet_utils/nnet_dense_latency.h:58->firmware/nnet_utils/nnet_dense.h:54->firmware/nnet_utils/nnet_sepconv_stream.h:104->firmware/nnet_utils/nnet_sepconv2d_stream.h:73]   --->   Operation 226 'add' 'add_ln58_3' <Predicate = true> <Delay = 0.00> <CoreInst = "TAddSub">   --->   Core 10 'TAddSub' <Latency = 0> <II = 1> <Delay = 0.49> <IPBlock> <Opcode : 'add' 'sub'> <InPorts = 3> <OutPorts = 1> <Sync> <CReg>
ST_4 : Operation 227 [1/1] (0.00ns)   --->   "%sext_ln58 = sext i15 %add_ln58_4" [firmware/nnet_utils/nnet_dense_latency.h:58->firmware/nnet_utils/nnet_dense.h:54->firmware/nnet_utils/nnet_sepconv_stream.h:104->firmware/nnet_utils/nnet_sepconv2d_stream.h:73]   --->   Operation 227 'sext' 'sext_ln58' <Predicate = true> <Delay = 0.00>
ST_4 : Operation 228 [1/1] (1.40ns)   --->   "%add_ln58_5 = add i16 %sext_ln58, i16 %sext_ln42_10" [firmware/nnet_utils/nnet_dense_latency.h:58->firmware/nnet_utils/nnet_dense.h:54->firmware/nnet_utils/nnet_sepconv_stream.h:104->firmware/nnet_utils/nnet_sepconv2d_stream.h:73]   --->   Operation 228 'add' 'add_ln58_5' <Predicate = true> <Delay = 1.40> <CoreInst = "Adder">   --->   Core 1 'Adder' <Latency = 0> <II = 1> <Delay = 1.40> <FuncUnit> <Opcode : 'add' 'sub'> <InPorts = 2> <OutPorts = 1>
ST_4 : Operation 229 [1/1] (0.99ns) (root node of TernaryAdder)   --->   "%add_ln58_6 = add i16 %add_ln58_5, i16 %add_ln58_3" [firmware/nnet_utils/nnet_dense_latency.h:58->firmware/nnet_utils/nnet_dense.h:54->firmware/nnet_utils/nnet_sepconv_stream.h:104->firmware/nnet_utils/nnet_sepconv2d_stream.h:73]   --->   Operation 229 'add' 'add_ln58_6' <Predicate = true> <Delay = 0.99> <CoreInst = "TAddSub">   --->   Core 10 'TAddSub' <Latency = 0> <II = 1> <Delay = 0.49> <IPBlock> <Opcode : 'add' 'sub'> <InPorts = 3> <OutPorts = 1> <Sync> <CReg>
ST_4 : Operation 230 [1/1] (0.99ns) (root node of TernaryAdder)   --->   "%add_ln58_7 = add i16 %add_ln58_6, i16 %add_ln58_2" [firmware/nnet_utils/nnet_dense_latency.h:58->firmware/nnet_utils/nnet_dense.h:54->firmware/nnet_utils/nnet_sepconv_stream.h:104->firmware/nnet_utils/nnet_sepconv2d_stream.h:73]   --->   Operation 230 'add' 'add_ln58_7' <Predicate = true> <Delay = 0.99> <CoreInst = "TAddSub">   --->   Core 10 'TAddSub' <Latency = 0> <II = 1> <Delay = 0.49> <IPBlock> <Opcode : 'add' 'sub'> <InPorts = 3> <OutPorts = 1> <Sync> <CReg>
ST_4 : Operation 231 [1/1] (1.41ns)   --->   "%add_ln58_8 = add i16 %trunc_ln42_16, i16 %trunc_ln42_24" [firmware/nnet_utils/nnet_dense_latency.h:58->firmware/nnet_utils/nnet_dense.h:54->firmware/nnet_utils/nnet_sepconv_stream.h:104->firmware/nnet_utils/nnet_sepconv2d_stream.h:73]   --->   Operation 231 'add' 'add_ln58_8' <Predicate = true> <Delay = 1.41> <CoreInst = "Adder">   --->   Core 1 'Adder' <Latency = 0> <II = 1> <Delay = 1.41> <FuncUnit> <Opcode : 'add' 'sub'> <InPorts = 2> <OutPorts = 1>
ST_4 : Operation 232 [1/1] (1.41ns)   --->   "%add_ln58_9 = add i16 %trunc_ln42_32, i16 %trunc_ln42_40" [firmware/nnet_utils/nnet_dense_latency.h:58->firmware/nnet_utils/nnet_dense.h:54->firmware/nnet_utils/nnet_sepconv_stream.h:104->firmware/nnet_utils/nnet_sepconv2d_stream.h:73]   --->   Operation 232 'add' 'add_ln58_9' <Predicate = true> <Delay = 1.41> <CoreInst = "Adder">   --->   Core 1 'Adder' <Latency = 0> <II = 1> <Delay = 1.41> <FuncUnit> <Opcode : 'add' 'sub'> <InPorts = 2> <OutPorts = 1>
ST_4 : Operation 233 [1/1] (0.00ns) (grouped into TernaryAdder)   --->   "%add_ln58_10 = add i16 %add_ln58_9, i16 %add_ln58_8" [firmware/nnet_utils/nnet_dense_latency.h:58->firmware/nnet_utils/nnet_dense.h:54->firmware/nnet_utils/nnet_sepconv_stream.h:104->firmware/nnet_utils/nnet_sepconv2d_stream.h:73]   --->   Operation 233 'add' 'add_ln58_10' <Predicate = true> <Delay = 0.00> <CoreInst = "TAddSub">   --->   Core 10 'TAddSub' <Latency = 0> <II = 1> <Delay = 0.49> <IPBlock> <Opcode : 'add' 'sub'> <InPorts = 3> <OutPorts = 1> <Sync> <CReg>
ST_4 : Operation 234 [1/1] (0.00ns) (grouped into TernaryAdder)   --->   "%add_ln58_11 = add i16 %trunc_ln42_48, i16 %trunc_ln42_55" [firmware/nnet_utils/nnet_dense_latency.h:58->firmware/nnet_utils/nnet_dense.h:54->firmware/nnet_utils/nnet_sepconv_stream.h:104->firmware/nnet_utils/nnet_sepconv2d_stream.h:73]   --->   Operation 234 'add' 'add_ln58_11' <Predicate = true> <Delay = 0.00> <CoreInst = "TAddSub">   --->   Core 10 'TAddSub' <Latency = 0> <II = 1> <Delay = 0.49> <IPBlock> <Opcode : 'add' 'sub'> <InPorts = 3> <OutPorts = 1> <Sync> <CReg>
ST_4 : Operation 235 [1/1] (0.00ns)   --->   "%sext_ln58_1 = sext i14 %add_ln58_12" [firmware/nnet_utils/nnet_dense_latency.h:58->firmware/nnet_utils/nnet_dense.h:54->firmware/nnet_utils/nnet_sepconv_stream.h:104->firmware/nnet_utils/nnet_sepconv2d_stream.h:73]   --->   Operation 235 'sext' 'sext_ln58_1' <Predicate = true> <Delay = 0.00>
ST_4 : Operation 236 [1/1] (1.40ns)   --->   "%add_ln58_13 = add i16 %sext_ln58_1, i16 %sext_ln42_3" [firmware/nnet_utils/nnet_dense_latency.h:58->firmware/nnet_utils/nnet_dense.h:54->firmware/nnet_utils/nnet_sepconv_stream.h:104->firmware/nnet_utils/nnet_sepconv2d_stream.h:73]   --->   Operation 236 'add' 'add_ln58_13' <Predicate = true> <Delay = 1.40> <CoreInst = "Adder">   --->   Core 1 'Adder' <Latency = 0> <II = 1> <Delay = 1.40> <FuncUnit> <Opcode : 'add' 'sub'> <InPorts = 2> <OutPorts = 1>
ST_4 : Operation 237 [1/1] (0.99ns) (root node of TernaryAdder)   --->   "%add_ln58_14 = add i16 %add_ln58_13, i16 %add_ln58_11" [firmware/nnet_utils/nnet_dense_latency.h:58->firmware/nnet_utils/nnet_dense.h:54->firmware/nnet_utils/nnet_sepconv_stream.h:104->firmware/nnet_utils/nnet_sepconv2d_stream.h:73]   --->   Operation 237 'add' 'add_ln58_14' <Predicate = true> <Delay = 0.99> <CoreInst = "TAddSub">   --->   Core 10 'TAddSub' <Latency = 0> <II = 1> <Delay = 0.49> <IPBlock> <Opcode : 'add' 'sub'> <InPorts = 3> <OutPorts = 1> <Sync> <CReg>
ST_4 : Operation 238 [1/1] (0.99ns) (root node of TernaryAdder)   --->   "%add_ln58_15 = add i16 %add_ln58_14, i16 %add_ln58_10" [firmware/nnet_utils/nnet_dense_latency.h:58->firmware/nnet_utils/nnet_dense.h:54->firmware/nnet_utils/nnet_sepconv_stream.h:104->firmware/nnet_utils/nnet_sepconv2d_stream.h:73]   --->   Operation 238 'add' 'add_ln58_15' <Predicate = true> <Delay = 0.99> <CoreInst = "TAddSub">   --->   Core 10 'TAddSub' <Latency = 0> <II = 1> <Delay = 0.49> <IPBlock> <Opcode : 'add' 'sub'> <InPorts = 3> <OutPorts = 1> <Sync> <CReg>
ST_4 : Operation 239 [1/1] (1.41ns)   --->   "%add_ln58_16 = add i16 %trunc_ln42_2, i16 %trunc_ln42_17" [firmware/nnet_utils/nnet_dense_latency.h:58->firmware/nnet_utils/nnet_dense.h:54->firmware/nnet_utils/nnet_sepconv_stream.h:104->firmware/nnet_utils/nnet_sepconv2d_stream.h:73]   --->   Operation 239 'add' 'add_ln58_16' <Predicate = true> <Delay = 1.41> <CoreInst = "Adder">   --->   Core 1 'Adder' <Latency = 0> <II = 1> <Delay = 1.41> <FuncUnit> <Opcode : 'add' 'sub'> <InPorts = 2> <OutPorts = 1>
ST_4 : Operation 240 [1/1] (1.41ns)   --->   "%add_ln58_17 = add i16 %trunc_ln42_33, i16 %trunc_ln42_56" [firmware/nnet_utils/nnet_dense_latency.h:58->firmware/nnet_utils/nnet_dense.h:54->firmware/nnet_utils/nnet_sepconv_stream.h:104->firmware/nnet_utils/nnet_sepconv2d_stream.h:73]   --->   Operation 240 'add' 'add_ln58_17' <Predicate = true> <Delay = 1.41> <CoreInst = "Adder">   --->   Core 1 'Adder' <Latency = 0> <II = 1> <Delay = 1.41> <FuncUnit> <Opcode : 'add' 'sub'> <InPorts = 2> <OutPorts = 1>
ST_4 : Operation 241 [1/1] (0.00ns) (grouped into TernaryAdder)   --->   "%add_ln58_18 = add i16 %add_ln58_17, i16 %add_ln58_16" [firmware/nnet_utils/nnet_dense_latency.h:58->firmware/nnet_utils/nnet_dense.h:54->firmware/nnet_utils/nnet_sepconv_stream.h:104->firmware/nnet_utils/nnet_sepconv2d_stream.h:73]   --->   Operation 241 'add' 'add_ln58_18' <Predicate = true> <Delay = 0.00> <CoreInst = "TAddSub">   --->   Core 10 'TAddSub' <Latency = 0> <II = 1> <Delay = 0.49> <IPBlock> <Opcode : 'add' 'sub'> <InPorts = 3> <OutPorts = 1> <Sync> <CReg>
ST_4 : Operation 242 [1/1] (0.00ns) (grouped into TernaryAdder)   --->   "%add_ln58_19 = add i16 %sext_ln42_8, i16 %sext_ln42_11" [firmware/nnet_utils/nnet_dense_latency.h:58->firmware/nnet_utils/nnet_dense.h:54->firmware/nnet_utils/nnet_sepconv_stream.h:104->firmware/nnet_utils/nnet_sepconv2d_stream.h:73]   --->   Operation 242 'add' 'add_ln58_19' <Predicate = true> <Delay = 0.00> <CoreInst = "TAddSub">   --->   Core 10 'TAddSub' <Latency = 0> <II = 1> <Delay = 0.49> <IPBlock> <Opcode : 'add' 'sub'> <InPorts = 3> <OutPorts = 1> <Sync> <CReg>
ST_4 : Operation 243 [1/1] (0.00ns)   --->   "%zext_ln58 = zext i11 %add_ln58_20" [firmware/nnet_utils/nnet_dense_latency.h:58->firmware/nnet_utils/nnet_dense.h:54->firmware/nnet_utils/nnet_sepconv_stream.h:104->firmware/nnet_utils/nnet_sepconv2d_stream.h:73]   --->   Operation 243 'zext' 'zext_ln58' <Predicate = true> <Delay = 0.00>
ST_4 : Operation 244 [1/1] (1.35ns)   --->   "%add_ln58_21 = add i13 %zext_ln58, i13 %sext_ln73_2" [firmware/nnet_utils/nnet_dense_latency.h:58->firmware/nnet_utils/nnet_dense.h:54->firmware/nnet_utils/nnet_sepconv_stream.h:104->firmware/nnet_utils/nnet_sepconv2d_stream.h:73]   --->   Operation 244 'add' 'add_ln58_21' <Predicate = true> <Delay = 1.35> <CoreInst = "Adder">   --->   Core 1 'Adder' <Latency = 0> <II = 1> <Delay = 1.35> <FuncUnit> <Opcode : 'add' 'sub'> <InPorts = 2> <OutPorts = 1>
ST_4 : Operation 245 [1/1] (0.00ns)   --->   "%sext_ln58_2 = sext i13 %add_ln58_21" [firmware/nnet_utils/nnet_dense_latency.h:58->firmware/nnet_utils/nnet_dense.h:54->firmware/nnet_utils/nnet_sepconv_stream.h:104->firmware/nnet_utils/nnet_sepconv2d_stream.h:73]   --->   Operation 245 'sext' 'sext_ln58_2' <Predicate = true> <Delay = 0.00>
ST_4 : Operation 246 [1/1] (0.99ns) (root node of TernaryAdder)   --->   "%add_ln58_22 = add i16 %sext_ln58_2, i16 %add_ln58_19" [firmware/nnet_utils/nnet_dense_latency.h:58->firmware/nnet_utils/nnet_dense.h:54->firmware/nnet_utils/nnet_sepconv_stream.h:104->firmware/nnet_utils/nnet_sepconv2d_stream.h:73]   --->   Operation 246 'add' 'add_ln58_22' <Predicate = true> <Delay = 0.99> <CoreInst = "TAddSub">   --->   Core 10 'TAddSub' <Latency = 0> <II = 1> <Delay = 0.49> <IPBlock> <Opcode : 'add' 'sub'> <InPorts = 3> <OutPorts = 1> <Sync> <CReg>
ST_4 : Operation 247 [1/1] (0.99ns) (root node of TernaryAdder)   --->   "%add_ln58_23 = add i16 %add_ln58_22, i16 %add_ln58_18" [firmware/nnet_utils/nnet_dense_latency.h:58->firmware/nnet_utils/nnet_dense.h:54->firmware/nnet_utils/nnet_sepconv_stream.h:104->firmware/nnet_utils/nnet_sepconv2d_stream.h:73]   --->   Operation 247 'add' 'add_ln58_23' <Predicate = true> <Delay = 0.99> <CoreInst = "TAddSub">   --->   Core 10 'TAddSub' <Latency = 0> <II = 1> <Delay = 0.49> <IPBlock> <Opcode : 'add' 'sub'> <InPorts = 3> <OutPorts = 1> <Sync> <CReg>
ST_4 : Operation 248 [1/1] (1.41ns)   --->   "%add_ln58_24 = add i16 %trunc_ln42_3, i16 %trunc_ln42_10" [firmware/nnet_utils/nnet_dense_latency.h:58->firmware/nnet_utils/nnet_dense.h:54->firmware/nnet_utils/nnet_sepconv_stream.h:104->firmware/nnet_utils/nnet_sepconv2d_stream.h:73]   --->   Operation 248 'add' 'add_ln58_24' <Predicate = true> <Delay = 1.41> <CoreInst = "Adder">   --->   Core 1 'Adder' <Latency = 0> <II = 1> <Delay = 1.41> <FuncUnit> <Opcode : 'add' 'sub'> <InPorts = 2> <OutPorts = 1>
ST_4 : Operation 249 [1/1] (1.41ns)   --->   "%add_ln58_25 = add i16 %trunc_ln42_18, i16 %trunc_ln42_26" [firmware/nnet_utils/nnet_dense_latency.h:58->firmware/nnet_utils/nnet_dense.h:54->firmware/nnet_utils/nnet_sepconv_stream.h:104->firmware/nnet_utils/nnet_sepconv2d_stream.h:73]   --->   Operation 249 'add' 'add_ln58_25' <Predicate = true> <Delay = 1.41> <CoreInst = "Adder">   --->   Core 1 'Adder' <Latency = 0> <II = 1> <Delay = 1.41> <FuncUnit> <Opcode : 'add' 'sub'> <InPorts = 2> <OutPorts = 1>
ST_4 : Operation 250 [1/1] (0.00ns) (grouped into TernaryAdder)   --->   "%add_ln58_26 = add i16 %add_ln58_25, i16 %add_ln58_24" [firmware/nnet_utils/nnet_dense_latency.h:58->firmware/nnet_utils/nnet_dense.h:54->firmware/nnet_utils/nnet_sepconv_stream.h:104->firmware/nnet_utils/nnet_sepconv2d_stream.h:73]   --->   Operation 250 'add' 'add_ln58_26' <Predicate = true> <Delay = 0.00> <CoreInst = "TAddSub">   --->   Core 10 'TAddSub' <Latency = 0> <II = 1> <Delay = 0.49> <IPBlock> <Opcode : 'add' 'sub'> <InPorts = 3> <OutPorts = 1> <Sync> <CReg>
ST_4 : Operation 251 [1/1] (0.00ns) (grouped into TernaryAdder)   --->   "%add_ln58_27 = add i16 %trunc_ln42_34, i16 %trunc_ln42_42" [firmware/nnet_utils/nnet_dense_latency.h:58->firmware/nnet_utils/nnet_dense.h:54->firmware/nnet_utils/nnet_sepconv_stream.h:104->firmware/nnet_utils/nnet_sepconv2d_stream.h:73]   --->   Operation 251 'add' 'add_ln58_27' <Predicate = true> <Delay = 0.00> <CoreInst = "TAddSub">   --->   Core 10 'TAddSub' <Latency = 0> <II = 1> <Delay = 0.49> <IPBlock> <Opcode : 'add' 'sub'> <InPorts = 3> <OutPorts = 1> <Sync> <CReg>
ST_4 : Operation 252 [1/1] (0.00ns) (grouped into TernaryAdder)   --->   "%add_ln58_28 = add i16 %sext_ln42_14, i16 659" [firmware/nnet_utils/nnet_dense_latency.h:58->firmware/nnet_utils/nnet_dense.h:54->firmware/nnet_utils/nnet_sepconv_stream.h:104->firmware/nnet_utils/nnet_sepconv2d_stream.h:73]   --->   Operation 252 'add' 'add_ln58_28' <Predicate = true> <Delay = 0.00> <CoreInst = "TAddSub">   --->   Core 10 'TAddSub' <Latency = 0> <II = 1> <Delay = 0.49> <IPBlock> <Opcode : 'add' 'sub'> <InPorts = 3> <OutPorts = 1> <Sync> <CReg>
ST_4 : Operation 253 [1/1] (0.99ns) (root node of TernaryAdder)   --->   "%add_ln58_29 = add i16 %add_ln58_28, i16 %trunc_ln42_50" [firmware/nnet_utils/nnet_dense_latency.h:58->firmware/nnet_utils/nnet_dense.h:54->firmware/nnet_utils/nnet_sepconv_stream.h:104->firmware/nnet_utils/nnet_sepconv2d_stream.h:73]   --->   Operation 253 'add' 'add_ln58_29' <Predicate = true> <Delay = 0.99> <CoreInst = "TAddSub">   --->   Core 10 'TAddSub' <Latency = 0> <II = 1> <Delay = 0.49> <IPBlock> <Opcode : 'add' 'sub'> <InPorts = 3> <OutPorts = 1> <Sync> <CReg>
ST_4 : Operation 254 [1/1] (0.99ns) (root node of TernaryAdder)   --->   "%add_ln58_30 = add i16 %add_ln58_29, i16 %add_ln58_27" [firmware/nnet_utils/nnet_dense_latency.h:58->firmware/nnet_utils/nnet_dense.h:54->firmware/nnet_utils/nnet_sepconv_stream.h:104->firmware/nnet_utils/nnet_sepconv2d_stream.h:73]   --->   Operation 254 'add' 'add_ln58_30' <Predicate = true> <Delay = 0.99> <CoreInst = "TAddSub">   --->   Core 10 'TAddSub' <Latency = 0> <II = 1> <Delay = 0.49> <IPBlock> <Opcode : 'add' 'sub'> <InPorts = 3> <OutPorts = 1> <Sync> <CReg>
ST_4 : Operation 255 [1/1] (0.99ns) (root node of TernaryAdder)   --->   "%add_ln58_31 = add i16 %add_ln58_30, i16 %add_ln58_26" [firmware/nnet_utils/nnet_dense_latency.h:58->firmware/nnet_utils/nnet_dense.h:54->firmware/nnet_utils/nnet_sepconv_stream.h:104->firmware/nnet_utils/nnet_sepconv2d_stream.h:73]   --->   Operation 255 'add' 'add_ln58_31' <Predicate = true> <Delay = 0.99> <CoreInst = "TAddSub">   --->   Core 10 'TAddSub' <Latency = 0> <II = 1> <Delay = 0.49> <IPBlock> <Opcode : 'add' 'sub'> <InPorts = 3> <OutPorts = 1> <Sync> <CReg>
ST_4 : Operation 256 [1/1] (1.41ns)   --->   "%add_ln58_32 = add i16 %trunc_ln42_4, i16 %trunc_ln42_19" [firmware/nnet_utils/nnet_dense_latency.h:58->firmware/nnet_utils/nnet_dense.h:54->firmware/nnet_utils/nnet_sepconv_stream.h:104->firmware/nnet_utils/nnet_sepconv2d_stream.h:73]   --->   Operation 256 'add' 'add_ln58_32' <Predicate = true> <Delay = 1.41> <CoreInst = "Adder">   --->   Core 1 'Adder' <Latency = 0> <II = 1> <Delay = 1.41> <FuncUnit> <Opcode : 'add' 'sub'> <InPorts = 2> <OutPorts = 1>
ST_4 : Operation 257 [1/1] (1.41ns)   --->   "%add_ln58_33 = add i16 %trunc_ln42_27, i16 %trunc_ln42_35" [firmware/nnet_utils/nnet_dense_latency.h:58->firmware/nnet_utils/nnet_dense.h:54->firmware/nnet_utils/nnet_sepconv_stream.h:104->firmware/nnet_utils/nnet_sepconv2d_stream.h:73]   --->   Operation 257 'add' 'add_ln58_33' <Predicate = true> <Delay = 1.41> <CoreInst = "Adder">   --->   Core 1 'Adder' <Latency = 0> <II = 1> <Delay = 1.41> <FuncUnit> <Opcode : 'add' 'sub'> <InPorts = 2> <OutPorts = 1>
ST_4 : Operation 258 [1/1] (0.00ns) (grouped into TernaryAdder)   --->   "%add_ln58_34 = add i16 %add_ln58_33, i16 %add_ln58_32" [firmware/nnet_utils/nnet_dense_latency.h:58->firmware/nnet_utils/nnet_dense.h:54->firmware/nnet_utils/nnet_sepconv_stream.h:104->firmware/nnet_utils/nnet_sepconv2d_stream.h:73]   --->   Operation 258 'add' 'add_ln58_34' <Predicate = true> <Delay = 0.00> <CoreInst = "TAddSub">   --->   Core 10 'TAddSub' <Latency = 0> <II = 1> <Delay = 0.49> <IPBlock> <Opcode : 'add' 'sub'> <InPorts = 3> <OutPorts = 1> <Sync> <CReg>
ST_4 : Operation 259 [1/1] (0.00ns) (grouped into TernaryAdder)   --->   "%add_ln58_35 = add i16 %trunc_ln42_43, i16 %sext_ln42_15" [firmware/nnet_utils/nnet_dense_latency.h:58->firmware/nnet_utils/nnet_dense.h:54->firmware/nnet_utils/nnet_sepconv_stream.h:104->firmware/nnet_utils/nnet_sepconv2d_stream.h:73]   --->   Operation 259 'add' 'add_ln58_35' <Predicate = true> <Delay = 0.00> <CoreInst = "TAddSub">   --->   Core 10 'TAddSub' <Latency = 0> <II = 1> <Delay = 0.49> <IPBlock> <Opcode : 'add' 'sub'> <InPorts = 3> <OutPorts = 1> <Sync> <CReg>
ST_4 : Operation 260 [1/1] (0.00ns)   --->   "%sext_ln58_3 = sext i13 %add_ln58_36" [firmware/nnet_utils/nnet_dense_latency.h:58->firmware/nnet_utils/nnet_dense.h:54->firmware/nnet_utils/nnet_sepconv_stream.h:104->firmware/nnet_utils/nnet_sepconv2d_stream.h:73]   --->   Operation 260 'sext' 'sext_ln58_3' <Predicate = true> <Delay = 0.00>
ST_4 : Operation 261 [1/1] (1.36ns)   --->   "%add_ln58_37 = add i14 %sext_ln58_3, i14 %sext_ln73_3" [firmware/nnet_utils/nnet_dense_latency.h:58->firmware/nnet_utils/nnet_dense.h:54->firmware/nnet_utils/nnet_sepconv_stream.h:104->firmware/nnet_utils/nnet_sepconv2d_stream.h:73]   --->   Operation 261 'add' 'add_ln58_37' <Predicate = true> <Delay = 1.36> <CoreInst = "Adder">   --->   Core 1 'Adder' <Latency = 0> <II = 1> <Delay = 1.36> <FuncUnit> <Opcode : 'add' 'sub'> <InPorts = 2> <OutPorts = 1>
ST_4 : Operation 262 [1/1] (0.00ns)   --->   "%sext_ln58_4 = sext i14 %add_ln58_37" [firmware/nnet_utils/nnet_dense_latency.h:58->firmware/nnet_utils/nnet_dense.h:54->firmware/nnet_utils/nnet_sepconv_stream.h:104->firmware/nnet_utils/nnet_sepconv2d_stream.h:73]   --->   Operation 262 'sext' 'sext_ln58_4' <Predicate = true> <Delay = 0.00>
ST_4 : Operation 263 [1/1] (0.99ns) (root node of TernaryAdder)   --->   "%add_ln58_38 = add i16 %sext_ln58_4, i16 %add_ln58_35" [firmware/nnet_utils/nnet_dense_latency.h:58->firmware/nnet_utils/nnet_dense.h:54->firmware/nnet_utils/nnet_sepconv_stream.h:104->firmware/nnet_utils/nnet_sepconv2d_stream.h:73]   --->   Operation 263 'add' 'add_ln58_38' <Predicate = true> <Delay = 0.99> <CoreInst = "TAddSub">   --->   Core 10 'TAddSub' <Latency = 0> <II = 1> <Delay = 0.49> <IPBlock> <Opcode : 'add' 'sub'> <InPorts = 3> <OutPorts = 1> <Sync> <CReg>
ST_4 : Operation 264 [1/1] (0.99ns) (root node of TernaryAdder)   --->   "%add_ln58_39 = add i16 %add_ln58_38, i16 %add_ln58_34" [firmware/nnet_utils/nnet_dense_latency.h:58->firmware/nnet_utils/nnet_dense.h:54->firmware/nnet_utils/nnet_sepconv_stream.h:104->firmware/nnet_utils/nnet_sepconv2d_stream.h:73]   --->   Operation 264 'add' 'add_ln58_39' <Predicate = true> <Delay = 0.99> <CoreInst = "TAddSub">   --->   Core 10 'TAddSub' <Latency = 0> <II = 1> <Delay = 0.49> <IPBlock> <Opcode : 'add' 'sub'> <InPorts = 3> <OutPorts = 1> <Sync> <CReg>
ST_4 : Operation 265 [1/1] (1.41ns)   --->   "%add_ln58_40 = add i16 %trunc_ln42_20, i16 %trunc_ln42_28" [firmware/nnet_utils/nnet_dense_latency.h:58->firmware/nnet_utils/nnet_dense.h:54->firmware/nnet_utils/nnet_sepconv_stream.h:104->firmware/nnet_utils/nnet_sepconv2d_stream.h:73]   --->   Operation 265 'add' 'add_ln58_40' <Predicate = true> <Delay = 1.41> <CoreInst = "Adder">   --->   Core 1 'Adder' <Latency = 0> <II = 1> <Delay = 1.41> <FuncUnit> <Opcode : 'add' 'sub'> <InPorts = 2> <OutPorts = 1>
ST_4 : Operation 266 [1/1] (1.41ns)   --->   "%add_ln58_41 = add i16 %trunc_ln42_36, i16 %trunc_ln42_44" [firmware/nnet_utils/nnet_dense_latency.h:58->firmware/nnet_utils/nnet_dense.h:54->firmware/nnet_utils/nnet_sepconv_stream.h:104->firmware/nnet_utils/nnet_sepconv2d_stream.h:73]   --->   Operation 266 'add' 'add_ln58_41' <Predicate = true> <Delay = 1.41> <CoreInst = "Adder">   --->   Core 1 'Adder' <Latency = 0> <II = 1> <Delay = 1.41> <FuncUnit> <Opcode : 'add' 'sub'> <InPorts = 2> <OutPorts = 1>
ST_4 : Operation 267 [1/1] (0.00ns) (grouped into TernaryAdder)   --->   "%add_ln58_42 = add i16 %add_ln58_41, i16 %add_ln58_40" [firmware/nnet_utils/nnet_dense_latency.h:58->firmware/nnet_utils/nnet_dense.h:54->firmware/nnet_utils/nnet_sepconv_stream.h:104->firmware/nnet_utils/nnet_sepconv2d_stream.h:73]   --->   Operation 267 'add' 'add_ln58_42' <Predicate = true> <Delay = 0.00> <CoreInst = "TAddSub">   --->   Core 10 'TAddSub' <Latency = 0> <II = 1> <Delay = 0.49> <IPBlock> <Opcode : 'add' 'sub'> <InPorts = 3> <OutPorts = 1> <Sync> <CReg>
ST_4 : Operation 268 [1/1] (0.00ns) (grouped into TernaryAdder)   --->   "%add_ln58_43 = add i16 %trunc_ln42_52, i16 %trunc_ln42_59" [firmware/nnet_utils/nnet_dense_latency.h:58->firmware/nnet_utils/nnet_dense.h:54->firmware/nnet_utils/nnet_sepconv_stream.h:104->firmware/nnet_utils/nnet_sepconv2d_stream.h:73]   --->   Operation 268 'add' 'add_ln58_43' <Predicate = true> <Delay = 0.00> <CoreInst = "TAddSub">   --->   Core 10 'TAddSub' <Latency = 0> <II = 1> <Delay = 0.49> <IPBlock> <Opcode : 'add' 'sub'> <InPorts = 3> <OutPorts = 1> <Sync> <CReg>
ST_4 : Operation 269 [1/1] (0.00ns) (grouped into TernaryAdder)   --->   "%add_ln58_44 = add i16 %sext_ln42_4, i16 387" [firmware/nnet_utils/nnet_dense_latency.h:58->firmware/nnet_utils/nnet_dense.h:54->firmware/nnet_utils/nnet_sepconv_stream.h:104->firmware/nnet_utils/nnet_sepconv2d_stream.h:73]   --->   Operation 269 'add' 'add_ln58_44' <Predicate = true> <Delay = 0.00> <CoreInst = "TAddSub">   --->   Core 10 'TAddSub' <Latency = 0> <II = 1> <Delay = 0.49> <IPBlock> <Opcode : 'add' 'sub'> <InPorts = 3> <OutPorts = 1> <Sync> <CReg>
ST_4 : Operation 270 [1/1] (0.99ns) (root node of TernaryAdder)   --->   "%add_ln58_45 = add i16 %add_ln58_44, i16 %sext_ln42" [firmware/nnet_utils/nnet_dense_latency.h:58->firmware/nnet_utils/nnet_dense.h:54->firmware/nnet_utils/nnet_sepconv_stream.h:104->firmware/nnet_utils/nnet_sepconv2d_stream.h:73]   --->   Operation 270 'add' 'add_ln58_45' <Predicate = true> <Delay = 0.99> <CoreInst = "TAddSub">   --->   Core 10 'TAddSub' <Latency = 0> <II = 1> <Delay = 0.49> <IPBlock> <Opcode : 'add' 'sub'> <InPorts = 3> <OutPorts = 1> <Sync> <CReg>
ST_4 : Operation 271 [1/1] (0.99ns) (root node of TernaryAdder)   --->   "%add_ln58_46 = add i16 %add_ln58_45, i16 %add_ln58_43" [firmware/nnet_utils/nnet_dense_latency.h:58->firmware/nnet_utils/nnet_dense.h:54->firmware/nnet_utils/nnet_sepconv_stream.h:104->firmware/nnet_utils/nnet_sepconv2d_stream.h:73]   --->   Operation 271 'add' 'add_ln58_46' <Predicate = true> <Delay = 0.99> <CoreInst = "TAddSub">   --->   Core 10 'TAddSub' <Latency = 0> <II = 1> <Delay = 0.49> <IPBlock> <Opcode : 'add' 'sub'> <InPorts = 3> <OutPorts = 1> <Sync> <CReg>
ST_4 : Operation 272 [1/1] (0.99ns) (root node of TernaryAdder)   --->   "%add_ln58_47 = add i16 %add_ln58_46, i16 %add_ln58_42" [firmware/nnet_utils/nnet_dense_latency.h:58->firmware/nnet_utils/nnet_dense.h:54->firmware/nnet_utils/nnet_sepconv_stream.h:104->firmware/nnet_utils/nnet_sepconv2d_stream.h:73]   --->   Operation 272 'add' 'add_ln58_47' <Predicate = true> <Delay = 0.99> <CoreInst = "TAddSub">   --->   Core 10 'TAddSub' <Latency = 0> <II = 1> <Delay = 0.49> <IPBlock> <Opcode : 'add' 'sub'> <InPorts = 3> <OutPorts = 1> <Sync> <CReg>
ST_4 : Operation 273 [1/1] (1.41ns)   --->   "%add_ln58_48 = add i16 %trunc_ln42_6, i16 %trunc_ln42_21" [firmware/nnet_utils/nnet_dense_latency.h:58->firmware/nnet_utils/nnet_dense.h:54->firmware/nnet_utils/nnet_sepconv_stream.h:104->firmware/nnet_utils/nnet_sepconv2d_stream.h:73]   --->   Operation 273 'add' 'add_ln58_48' <Predicate = true> <Delay = 1.41> <CoreInst = "Adder">   --->   Core 1 'Adder' <Latency = 0> <II = 1> <Delay = 1.41> <FuncUnit> <Opcode : 'add' 'sub'> <InPorts = 2> <OutPorts = 1>
ST_4 : Operation 274 [1/1] (1.41ns)   --->   "%add_ln58_49 = add i16 %trunc_ln42_29, i16 %trunc_ln42_37" [firmware/nnet_utils/nnet_dense_latency.h:58->firmware/nnet_utils/nnet_dense.h:54->firmware/nnet_utils/nnet_sepconv_stream.h:104->firmware/nnet_utils/nnet_sepconv2d_stream.h:73]   --->   Operation 274 'add' 'add_ln58_49' <Predicate = true> <Delay = 1.41> <CoreInst = "Adder">   --->   Core 1 'Adder' <Latency = 0> <II = 1> <Delay = 1.41> <FuncUnit> <Opcode : 'add' 'sub'> <InPorts = 2> <OutPorts = 1>
ST_4 : Operation 275 [1/1] (0.00ns) (grouped into TernaryAdder)   --->   "%add_ln58_50 = add i16 %add_ln58_49, i16 %add_ln58_48" [firmware/nnet_utils/nnet_dense_latency.h:58->firmware/nnet_utils/nnet_dense.h:54->firmware/nnet_utils/nnet_sepconv_stream.h:104->firmware/nnet_utils/nnet_sepconv2d_stream.h:73]   --->   Operation 275 'add' 'add_ln58_50' <Predicate = true> <Delay = 0.00> <CoreInst = "TAddSub">   --->   Core 10 'TAddSub' <Latency = 0> <II = 1> <Delay = 0.49> <IPBlock> <Opcode : 'add' 'sub'> <InPorts = 3> <OutPorts = 1> <Sync> <CReg>
ST_4 : Operation 276 [1/1] (0.00ns) (grouped into TernaryAdder)   --->   "%add_ln58_51 = add i16 %trunc_ln42_53, i16 %trunc_ln42_60" [firmware/nnet_utils/nnet_dense_latency.h:58->firmware/nnet_utils/nnet_dense.h:54->firmware/nnet_utils/nnet_sepconv_stream.h:104->firmware/nnet_utils/nnet_sepconv2d_stream.h:73]   --->   Operation 276 'add' 'add_ln58_51' <Predicate = true> <Delay = 0.00> <CoreInst = "TAddSub">   --->   Core 10 'TAddSub' <Latency = 0> <II = 1> <Delay = 0.49> <IPBlock> <Opcode : 'add' 'sub'> <InPorts = 3> <OutPorts = 1> <Sync> <CReg>
ST_4 : Operation 277 [1/1] (0.00ns)   --->   "%sext_ln58_5 = sext i14 %add_ln58_52" [firmware/nnet_utils/nnet_dense_latency.h:58->firmware/nnet_utils/nnet_dense.h:54->firmware/nnet_utils/nnet_sepconv_stream.h:104->firmware/nnet_utils/nnet_sepconv2d_stream.h:73]   --->   Operation 277 'sext' 'sext_ln58_5' <Predicate = true> <Delay = 0.00>
ST_4 : Operation 278 [1/1] (1.40ns)   --->   "%add_ln58_53 = add i16 %sext_ln58_5, i16 %sext_ln42_5" [firmware/nnet_utils/nnet_dense_latency.h:58->firmware/nnet_utils/nnet_dense.h:54->firmware/nnet_utils/nnet_sepconv_stream.h:104->firmware/nnet_utils/nnet_sepconv2d_stream.h:73]   --->   Operation 278 'add' 'add_ln58_53' <Predicate = true> <Delay = 1.40> <CoreInst = "Adder">   --->   Core 1 'Adder' <Latency = 0> <II = 1> <Delay = 1.40> <FuncUnit> <Opcode : 'add' 'sub'> <InPorts = 2> <OutPorts = 1>
ST_4 : Operation 279 [1/1] (0.99ns) (root node of TernaryAdder)   --->   "%add_ln58_54 = add i16 %add_ln58_53, i16 %add_ln58_51" [firmware/nnet_utils/nnet_dense_latency.h:58->firmware/nnet_utils/nnet_dense.h:54->firmware/nnet_utils/nnet_sepconv_stream.h:104->firmware/nnet_utils/nnet_sepconv2d_stream.h:73]   --->   Operation 279 'add' 'add_ln58_54' <Predicate = true> <Delay = 0.99> <CoreInst = "TAddSub">   --->   Core 10 'TAddSub' <Latency = 0> <II = 1> <Delay = 0.49> <IPBlock> <Opcode : 'add' 'sub'> <InPorts = 3> <OutPorts = 1> <Sync> <CReg>
ST_4 : Operation 280 [1/1] (0.99ns) (root node of TernaryAdder)   --->   "%add_ln58_55 = add i16 %add_ln58_54, i16 %add_ln58_50" [firmware/nnet_utils/nnet_dense_latency.h:58->firmware/nnet_utils/nnet_dense.h:54->firmware/nnet_utils/nnet_sepconv_stream.h:104->firmware/nnet_utils/nnet_sepconv2d_stream.h:73]   --->   Operation 280 'add' 'add_ln58_55' <Predicate = true> <Delay = 0.99> <CoreInst = "TAddSub">   --->   Core 10 'TAddSub' <Latency = 0> <II = 1> <Delay = 0.49> <IPBlock> <Opcode : 'add' 'sub'> <InPorts = 3> <OutPorts = 1> <Sync> <CReg>
ST_4 : Operation 281 [1/1] (1.41ns)   --->   "%add_ln58_56 = add i16 %trunc_ln42_14, i16 %trunc_ln42_22" [firmware/nnet_utils/nnet_dense_latency.h:58->firmware/nnet_utils/nnet_dense.h:54->firmware/nnet_utils/nnet_sepconv_stream.h:104->firmware/nnet_utils/nnet_sepconv2d_stream.h:73]   --->   Operation 281 'add' 'add_ln58_56' <Predicate = true> <Delay = 1.41> <CoreInst = "Adder">   --->   Core 1 'Adder' <Latency = 0> <II = 1> <Delay = 1.41> <FuncUnit> <Opcode : 'add' 'sub'> <InPorts = 2> <OutPorts = 1>
ST_4 : Operation 282 [1/1] (1.41ns)   --->   "%add_ln58_57 = add i16 %trunc_ln42_30, i16 %trunc_ln42_46" [firmware/nnet_utils/nnet_dense_latency.h:58->firmware/nnet_utils/nnet_dense.h:54->firmware/nnet_utils/nnet_sepconv_stream.h:104->firmware/nnet_utils/nnet_sepconv2d_stream.h:73]   --->   Operation 282 'add' 'add_ln58_57' <Predicate = true> <Delay = 1.41> <CoreInst = "Adder">   --->   Core 1 'Adder' <Latency = 0> <II = 1> <Delay = 1.41> <FuncUnit> <Opcode : 'add' 'sub'> <InPorts = 2> <OutPorts = 1>
ST_4 : Operation 283 [1/1] (0.00ns) (grouped into TernaryAdder)   --->   "%add_ln58_58 = add i16 %add_ln58_57, i16 %add_ln58_56" [firmware/nnet_utils/nnet_dense_latency.h:58->firmware/nnet_utils/nnet_dense.h:54->firmware/nnet_utils/nnet_sepconv_stream.h:104->firmware/nnet_utils/nnet_sepconv2d_stream.h:73]   --->   Operation 283 'add' 'add_ln58_58' <Predicate = true> <Delay = 0.00> <CoreInst = "TAddSub">   --->   Core 10 'TAddSub' <Latency = 0> <II = 1> <Delay = 0.49> <IPBlock> <Opcode : 'add' 'sub'> <InPorts = 3> <OutPorts = 1> <Sync> <CReg>
ST_4 : Operation 284 [1/1] (0.00ns) (grouped into TernaryAdder)   --->   "%add_ln58_59 = add i16 %trunc_ln42_54, i16 %trunc_ln42_61" [firmware/nnet_utils/nnet_dense_latency.h:58->firmware/nnet_utils/nnet_dense.h:54->firmware/nnet_utils/nnet_sepconv_stream.h:104->firmware/nnet_utils/nnet_sepconv2d_stream.h:73]   --->   Operation 284 'add' 'add_ln58_59' <Predicate = true> <Delay = 0.00> <CoreInst = "TAddSub">   --->   Core 10 'TAddSub' <Latency = 0> <II = 1> <Delay = 0.49> <IPBlock> <Opcode : 'add' 'sub'> <InPorts = 3> <OutPorts = 1> <Sync> <CReg>
ST_4 : Operation 285 [1/1] (0.00ns)   --->   "%sext_ln58_6 = sext i14 %add_ln58_60" [firmware/nnet_utils/nnet_dense_latency.h:58->firmware/nnet_utils/nnet_dense.h:54->firmware/nnet_utils/nnet_sepconv_stream.h:104->firmware/nnet_utils/nnet_sepconv2d_stream.h:73]   --->   Operation 285 'sext' 'sext_ln58_6' <Predicate = true> <Delay = 0.00>
ST_4 : Operation 286 [1/1] (1.40ns)   --->   "%add_ln58_61 = add i16 %sext_ln58_6, i16 %sext_ln42_1" [firmware/nnet_utils/nnet_dense_latency.h:58->firmware/nnet_utils/nnet_dense.h:54->firmware/nnet_utils/nnet_sepconv_stream.h:104->firmware/nnet_utils/nnet_sepconv2d_stream.h:73]   --->   Operation 286 'add' 'add_ln58_61' <Predicate = true> <Delay = 1.40> <CoreInst = "Adder">   --->   Core 1 'Adder' <Latency = 0> <II = 1> <Delay = 1.40> <FuncUnit> <Opcode : 'add' 'sub'> <InPorts = 2> <OutPorts = 1>
ST_4 : Operation 287 [1/1] (0.99ns) (root node of TernaryAdder)   --->   "%add_ln58_62 = add i16 %add_ln58_61, i16 %add_ln58_59" [firmware/nnet_utils/nnet_dense_latency.h:58->firmware/nnet_utils/nnet_dense.h:54->firmware/nnet_utils/nnet_sepconv_stream.h:104->firmware/nnet_utils/nnet_sepconv2d_stream.h:73]   --->   Operation 287 'add' 'add_ln58_62' <Predicate = true> <Delay = 0.99> <CoreInst = "TAddSub">   --->   Core 10 'TAddSub' <Latency = 0> <II = 1> <Delay = 0.49> <IPBlock> <Opcode : 'add' 'sub'> <InPorts = 3> <OutPorts = 1> <Sync> <CReg>
ST_4 : Operation 288 [1/1] (0.99ns) (root node of TernaryAdder)   --->   "%add_ln58_63 = add i16 %add_ln58_62, i16 %add_ln58_58" [firmware/nnet_utils/nnet_dense_latency.h:58->firmware/nnet_utils/nnet_dense.h:54->firmware/nnet_utils/nnet_sepconv_stream.h:104->firmware/nnet_utils/nnet_sepconv2d_stream.h:73]   --->   Operation 288 'add' 'add_ln58_63' <Predicate = true> <Delay = 0.99> <CoreInst = "TAddSub">   --->   Core 10 'TAddSub' <Latency = 0> <II = 1> <Delay = 0.49> <IPBlock> <Opcode : 'add' 'sub'> <InPorts = 3> <OutPorts = 1> <Sync> <CReg>

State 5 <SV = 4> <Delay = 1.82>
ST_5 : Operation 289 [1/1] (0.00ns)   --->   "%specloopname_ln0 = specloopname void @_ssdm_op_SpecLoopName, void @ReadInputHeight_ReadInputWidth_str"   --->   Operation 289 'specloopname' 'specloopname_ln0' <Predicate = true> <Delay = 0.00>
ST_5 : Operation 290 [1/1] (0.00ns)   --->   "%speclooptripcount_ln0 = speclooptripcount void @_ssdm_op_SpecLoopTripCount, i64 1024, i64 1024, i64 1024"   --->   Operation 290 'speclooptripcount' 'speclooptripcount_ln0' <Predicate = true> <Delay = 0.00>
ST_5 : Operation 291 [1/1] (0.00ns)   --->   "%specpipeline_ln71 = specpipeline void @_ssdm_op_SpecPipeline, i32 1, i32 0, i32 0, i32 0, i32 4294967295, void @empty_1" [firmware/nnet_utils/nnet_sepconv2d_stream.h:71]   --->   Operation 291 'specpipeline' 'specpipeline_ln71' <Predicate = true> <Delay = 0.00>
ST_5 : Operation 292 [1/1] (0.00ns)   --->   "%specresourcelimit_ln33 = specresourcelimit void @_ssdm_op_SpecResourceLimit, i64 64, void @empty_3, void @empty_1, void @empty_1, void @empty_1" [firmware/nnet_utils/nnet_dense_latency.h:33->firmware/nnet_utils/nnet_dense.h:54->firmware/nnet_utils/nnet_sepconv_stream.h:104->firmware/nnet_utils/nnet_sepconv2d_stream.h:73]   --->   Operation 292 'specresourcelimit' 'specresourcelimit_ln33' <Predicate = true> <Delay = 0.00>
ST_5 : Operation 293 [1/1] (0.00ns)   --->   "%or_ln113_7 = bitconcatenate i128 @_ssdm_op_BitConcatenate.i128.i16.i16.i16.i16.i16.i16.i16.i16, i16 %add_ln58_63, i16 %add_ln58_55, i16 %add_ln58_47, i16 %add_ln58_39, i16 %add_ln58_31, i16 %add_ln58_23, i16 %add_ln58_15, i16 %add_ln58_7" [firmware/nnet_utils/nnet_sepconv_stream.h:113->firmware/nnet_utils/nnet_sepconv2d_stream.h:73]   --->   Operation 293 'bitconcatenate' 'or_ln113_7' <Predicate = true> <Delay = 0.00>
ST_5 : Operation 294 [1/1] ( I:1.82ns O:1.82ns )   --->   "%write_ln113 = write void @_ssdm_op_Write.ap_fifo.volatile.i128P0A, i128 %layer23_out, i128 %or_ln113_7" [firmware/nnet_utils/nnet_sepconv_stream.h:113->firmware/nnet_utils/nnet_sepconv2d_stream.h:73]   --->   Operation 294 'write' 'write_ln113' <Predicate = true> <Delay = 1.82> <CoreInst = "FIFO_SRL">   --->   Core 80 'FIFO_SRL' <Latency = 0> <II = 1> <Delay = 2.26> <Storage> <Opcode : 'read' 'write' 'nbread' 'nbwrite'> <Ports = 0> <Width = 128> <Depth = 2> <FIFO>
ST_5 : Operation 295 [1/1] (0.53ns)   --->   "%ret_ln93 = ret" [firmware/nnet_utils/nnet_sepconv2d_stream.h:93]   --->   Operation 295 'ret' 'ret_ln93' <Predicate = (icmp_ln67)> <Delay = 0.53>


============================================================
+ Verbose Summary: Binding
============================================================
STG Binding: 
---------------- STG Properties BEGIN ----------------
- Is combinational: 0
- Is one-state seq: 0
- Is datapath-only: 0
- Is pipelined: 0
- Is top level: 0
Port [ Return ] is wired: 1; IO mode=ap_ctrl_hs:ce=0
Port [ layer22_out]:  wired=1; compound=1; hidden=0; nouse=0; global=0; static=0; extern=0; dir=0; type=3; pingpong=0; private_global=0; IO mode=ap_fifo:ce=0
Port [ layer23_out]:  wired=1; compound=1; hidden=0; nouse=0; global=0; static=0; extern=0; dir=1; type=3; pingpong=0; private_global=0; IO mode=ap_fifo:ce=0
---------------- STG Properties END ------------------

---------------- Datapath Model BEGIN ----------------

<LifeTime>
<method=bitvector/>
indvar_flatten2        (alloca           ) [ 010000]
specinterface_ln0      (specinterface    ) [ 000000]
specinterface_ln0      (specinterface    ) [ 000000]
store_ln0              (store            ) [ 000000]
br_ln0                 (br               ) [ 000000]
indvar_flatten2_load   (load             ) [ 000000]
layer22_out_read       (read             ) [ 000000]
data                   (trunc            ) [ 011100]
data_8                 (partselect       ) [ 011100]
data_9                 (partselect       ) [ 011100]
data_10                (partselect       ) [ 011100]
data_11                (partselect       ) [ 011100]
data_12                (partselect       ) [ 011100]
data_13                (partselect       ) [ 011100]
data_14                (partselect       ) [ 011110]
add_ln67               (add              ) [ 000000]
icmp_ln67              (icmp             ) [ 011111]
store_ln67             (store            ) [ 000000]
br_ln67                (br               ) [ 000000]
sext_ln70_2            (sext             ) [ 000000]
mul_ln73               (mul              ) [ 000000]
trunc_ln               (partselect       ) [ 010100]
sext_ln70_11           (sext             ) [ 000000]
mul_ln73_20            (mul              ) [ 000000]
trunc_ln42_38          (partselect       ) [ 010100]
sext_ln70              (sext             ) [ 000000]
sext_ln70_1            (sext             ) [ 000000]
sext_ln73              (sext             ) [ 000000]
tmp                    (bitconcatenate   ) [ 000000]
sext_ln73_5            (sext             ) [ 000000]
tmp_5                  (bitconcatenate   ) [ 000000]
sext_ln73_6            (sext             ) [ 000000]
sub_ln73               (sub              ) [ 000000]
trunc_ln42_1           (partselect       ) [ 000000]
sext_ln73_1            (sext             ) [ 000000]
mul_ln73_1             (mul              ) [ 000000]
trunc_ln42_2           (partselect       ) [ 010010]
mul_ln42               (mul              ) [ 000000]
trunc_ln42_3           (partselect       ) [ 010010]
mul_ln73_2             (mul              ) [ 000000]
trunc_ln42_4           (partselect       ) [ 010010]
mul_ln73_3             (mul              ) [ 000000]
trunc_ln42_5           (partselect       ) [ 010010]
mul_ln42_1             (mul              ) [ 000000]
trunc_ln42_6           (partselect       ) [ 010010]
mul_ln73_4             (mul              ) [ 000000]
trunc_ln42_7           (partselect       ) [ 010010]
sext_ln42_2            (sext             ) [ 000000]
sext_ln70_3            (sext             ) [ 000000]
sext_ln70_4            (sext             ) [ 000000]
sext_ln70_5            (sext             ) [ 000000]
mul_ln73_5             (mul              ) [ 000000]
trunc_ln42_8           (partselect       ) [ 010010]
mul_ln73_6             (mul              ) [ 000000]
trunc_ln42_9           (partselect       ) [ 010010]
tmp_6                  (bitconcatenate   ) [ 000000]
sext_ln73_7            (sext             ) [ 000000]
sub_ln73_1             (sub              ) [ 000000]
sub_ln73_2             (sub              ) [ 000000]
trunc_ln42_s           (partselect       ) [ 010010]
mul_ln73_7             (mul              ) [ 000000]
trunc_ln42_10          (partselect       ) [ 010010]
mul_ln73_8             (mul              ) [ 000000]
trunc_ln42_11          (partselect       ) [ 010010]
mul_ln73_9             (mul              ) [ 000000]
trunc_ln42_12          (partselect       ) [ 010010]
mul_ln73_10            (mul              ) [ 000000]
trunc_ln42_13          (partselect       ) [ 010010]
mul_ln42_2             (mul              ) [ 000000]
trunc_ln42_14          (partselect       ) [ 010010]
sext_ln70_6            (sext             ) [ 000000]
sext_ln70_7            (sext             ) [ 000000]
mul_ln73_11            (mul              ) [ 000000]
trunc_ln42_15          (partselect       ) [ 010010]
mul_ln42_3             (mul              ) [ 000000]
trunc_ln42_16          (partselect       ) [ 010010]
mul_ln42_4             (mul              ) [ 000000]
trunc_ln42_17          (partselect       ) [ 010010]
mul_ln42_5             (mul              ) [ 000000]
trunc_ln42_18          (partselect       ) [ 010010]
mul_ln42_6             (mul              ) [ 000000]
trunc_ln42_19          (partselect       ) [ 010010]
mul_ln42_7             (mul              ) [ 000000]
trunc_ln42_20          (partselect       ) [ 010010]
mul_ln73_12            (mul              ) [ 000000]
trunc_ln42_21          (partselect       ) [ 010010]
mul_ln42_8             (mul              ) [ 000000]
trunc_ln42_22          (partselect       ) [ 010010]
sext_ln70_8            (sext             ) [ 000000]
sext_ln70_9            (sext             ) [ 000000]
sext_ln70_10           (sext             ) [ 000000]
mul_ln73_13            (mul              ) [ 000000]
trunc_ln42_23          (partselect       ) [ 010010]
mul_ln73_14            (mul              ) [ 000000]
trunc_ln42_24          (partselect       ) [ 010010]
tmp_7                  (bitconcatenate   ) [ 000000]
sext_ln73_8            (sext             ) [ 000000]
sub_ln73_3             (sub              ) [ 000000]
trunc_ln42_25          (partselect       ) [ 000000]
sext_ln73_4            (sext             ) [ 000000]
mul_ln73_15            (mul              ) [ 000000]
trunc_ln42_26          (partselect       ) [ 010010]
mul_ln42_9             (mul              ) [ 000000]
trunc_ln42_27          (partselect       ) [ 010010]
mul_ln42_10            (mul              ) [ 000000]
trunc_ln42_28          (partselect       ) [ 010010]
mul_ln73_16            (mul              ) [ 000000]
trunc_ln42_29          (partselect       ) [ 010010]
mul_ln42_11            (mul              ) [ 000000]
trunc_ln42_30          (partselect       ) [ 010010]
sext_ln70_12           (sext             ) [ 000000]
mul_ln42_12            (mul              ) [ 000000]
trunc_ln42_31          (partselect       ) [ 010010]
mul_ln42_13            (mul              ) [ 000000]
trunc_ln42_32          (partselect       ) [ 010010]
mul_ln73_17            (mul              ) [ 000000]
trunc_ln42_33          (partselect       ) [ 010010]
mul_ln73_18            (mul              ) [ 000000]
trunc_ln42_34          (partselect       ) [ 010010]
mul_ln42_14            (mul              ) [ 000000]
trunc_ln42_35          (partselect       ) [ 010010]
mul_ln42_15            (mul              ) [ 000000]
trunc_ln42_36          (partselect       ) [ 010010]
mul_ln73_19            (mul              ) [ 000000]
trunc_ln42_37          (partselect       ) [ 010010]
sext_ln70_13           (sext             ) [ 000000]
sext_ln70_14           (sext             ) [ 000000]
sext_ln70_15           (sext             ) [ 000000]
mul_ln42_16            (mul              ) [ 000000]
trunc_ln42_39          (partselect       ) [ 010010]
mul_ln73_21            (mul              ) [ 000000]
trunc_ln42_40          (partselect       ) [ 010010]
mul_ln73_22            (mul              ) [ 000000]
trunc_ln42_41          (partselect       ) [ 010010]
mul_ln42_17            (mul              ) [ 000000]
trunc_ln42_42          (partselect       ) [ 010010]
mul_ln73_23            (mul              ) [ 000000]
trunc_ln42_43          (partselect       ) [ 010010]
p_shl1                 (bitconcatenate   ) [ 000000]
tmp_8                  (bitconcatenate   ) [ 000000]
sext_ln42_16           (sext             ) [ 000000]
sub_ln42               (sub              ) [ 000000]
trunc_ln42_44          (partselect       ) [ 010010]
tmp_9                  (bitconcatenate   ) [ 000000]
sext_ln73_9            (sext             ) [ 000000]
tmp_10                 (bitconcatenate   ) [ 000000]
sext_ln73_10           (sext             ) [ 000000]
sub_ln73_4             (sub              ) [ 000000]
trunc_ln42_45          (partselect       ) [ 000000]
sext_ln42_9            (sext             ) [ 000000]
mul_ln42_18            (mul              ) [ 000000]
trunc_ln42_46          (partselect       ) [ 010010]
sext_ln70_16           (sext             ) [ 000000]
sext_ln70_17           (sext             ) [ 000000]
mul_ln73_24            (mul              ) [ 000000]
trunc_ln42_47          (partselect       ) [ 010010]
mul_ln42_19            (mul              ) [ 000000]
trunc_ln42_48          (partselect       ) [ 010010]
mul_ln73_25            (mul              ) [ 000000]
trunc_ln42_49          (partselect       ) [ 010010]
mul_ln73_26            (mul              ) [ 000000]
trunc_ln42_50          (partselect       ) [ 010010]
tmp_11                 (bitconcatenate   ) [ 000000]
sext_ln73_11           (sext             ) [ 000000]
tmp_12                 (bitconcatenate   ) [ 000000]
sext_ln73_12           (sext             ) [ 000000]
add_ln73               (add              ) [ 000000]
trunc_ln42_51          (partselect       ) [ 000000]
sext_ln42_12           (sext             ) [ 000000]
mul_ln42_20            (mul              ) [ 000000]
trunc_ln42_52          (partselect       ) [ 010010]
mul_ln73_27            (mul              ) [ 000000]
trunc_ln42_53          (partselect       ) [ 010010]
mul_ln73_28            (mul              ) [ 000000]
trunc_ln42_54          (partselect       ) [ 010010]
sext_ln42_13           (sext             ) [ 000000]
sext_ln70_18           (sext             ) [ 000000]
mul_ln73_29            (mul              ) [ 000000]
trunc_ln42_55          (partselect       ) [ 010010]
mul_ln73_30            (mul              ) [ 000000]
trunc_ln42_56          (partselect       ) [ 010010]
mul_ln73_31            (mul              ) [ 000000]
trunc_ln42_57          (partselect       ) [ 010010]
mul_ln73_32            (mul              ) [ 000000]
trunc_ln42_58          (partselect       ) [ 010010]
mul_ln42_21            (mul              ) [ 000000]
trunc_ln42_60          (partselect       ) [ 010010]
mul_ln73_33            (mul              ) [ 000000]
trunc_ln42_61          (partselect       ) [ 010010]
add_ln58_4             (add              ) [ 010010]
add_ln58_12            (add              ) [ 010010]
add_ln58_20            (add              ) [ 010010]
add_ln58_36            (add              ) [ 010010]
add_ln58_52            (add              ) [ 010010]
add_ln58_60            (add              ) [ 010010]
sext_ln42              (sext             ) [ 000000]
sext_ln42_1            (sext             ) [ 000000]
sext_ln42_3            (sext             ) [ 000000]
sext_ln73_2            (sext             ) [ 000000]
sext_ln73_3            (sext             ) [ 000000]
sext_ln42_4            (sext             ) [ 000000]
sext_ln42_5            (sext             ) [ 000000]
sext_ln42_6            (sext             ) [ 000000]
sext_ln42_7            (sext             ) [ 000000]
sext_ln42_8            (sext             ) [ 000000]
sext_ln42_10           (sext             ) [ 000000]
sext_ln42_11           (sext             ) [ 000000]
sext_ln42_14           (sext             ) [ 000000]
sext_ln42_15           (sext             ) [ 000000]
tmp_13                 (bitconcatenate   ) [ 000000]
sext_ln73_13           (sext             ) [ 000000]
tmp_14                 (bitconcatenate   ) [ 000000]
sext_ln73_14           (sext             ) [ 000000]
sub_ln73_5             (sub              ) [ 000000]
trunc_ln42_59          (partselect       ) [ 000000]
add_ln58               (add              ) [ 000000]
add_ln58_1             (add              ) [ 000000]
add_ln58_2             (add              ) [ 000000]
add_ln58_3             (add              ) [ 000000]
sext_ln58              (sext             ) [ 000000]
add_ln58_5             (add              ) [ 000000]
add_ln58_6             (add              ) [ 000000]
add_ln58_7             (add              ) [ 010001]
add_ln58_8             (add              ) [ 000000]
add_ln58_9             (add              ) [ 000000]
add_ln58_10            (add              ) [ 000000]
add_ln58_11            (add              ) [ 000000]
sext_ln58_1            (sext             ) [ 000000]
add_ln58_13            (add              ) [ 000000]
add_ln58_14            (add              ) [ 000000]
add_ln58_15            (add              ) [ 010001]
add_ln58_16            (add              ) [ 000000]
add_ln58_17            (add              ) [ 000000]
add_ln58_18            (add              ) [ 000000]
add_ln58_19            (add              ) [ 000000]
zext_ln58              (zext             ) [ 000000]
add_ln58_21            (add              ) [ 000000]
sext_ln58_2            (sext             ) [ 000000]
add_ln58_22            (add              ) [ 000000]
add_ln58_23            (add              ) [ 010001]
add_ln58_24            (add              ) [ 000000]
add_ln58_25            (add              ) [ 000000]
add_ln58_26            (add              ) [ 000000]
add_ln58_27            (add              ) [ 000000]
add_ln58_28            (add              ) [ 000000]
add_ln58_29            (add              ) [ 000000]
add_ln58_30            (add              ) [ 000000]
add_ln58_31            (add              ) [ 010001]
add_ln58_32            (add              ) [ 000000]
add_ln58_33            (add              ) [ 000000]
add_ln58_34            (add              ) [ 000000]
add_ln58_35            (add              ) [ 000000]
sext_ln58_3            (sext             ) [ 000000]
add_ln58_37            (add              ) [ 000000]
sext_ln58_4            (sext             ) [ 000000]
add_ln58_38            (add              ) [ 000000]
add_ln58_39            (add              ) [ 010001]
add_ln58_40            (add              ) [ 000000]
add_ln58_41            (add              ) [ 000000]
add_ln58_42            (add              ) [ 000000]
add_ln58_43            (add              ) [ 000000]
add_ln58_44            (add              ) [ 000000]
add_ln58_45            (add              ) [ 000000]
add_ln58_46            (add              ) [ 000000]
add_ln58_47            (add              ) [ 010001]
add_ln58_48            (add              ) [ 000000]
add_ln58_49            (add              ) [ 000000]
add_ln58_50            (add              ) [ 000000]
add_ln58_51            (add              ) [ 000000]
sext_ln58_5            (sext             ) [ 000000]
add_ln58_53            (add              ) [ 000000]
add_ln58_54            (add              ) [ 000000]
add_ln58_55            (add              ) [ 010001]
add_ln58_56            (add              ) [ 000000]
add_ln58_57            (add              ) [ 000000]
add_ln58_58            (add              ) [ 000000]
add_ln58_59            (add              ) [ 000000]
sext_ln58_6            (sext             ) [ 000000]
add_ln58_61            (add              ) [ 000000]
add_ln58_62            (add              ) [ 000000]
add_ln58_63            (add              ) [ 010001]
specloopname_ln0       (specloopname     ) [ 000000]
speclooptripcount_ln0  (speclooptripcount) [ 000000]
specpipeline_ln71      (specpipeline     ) [ 000000]
specresourcelimit_ln33 (specresourcelimit) [ 000000]
or_ln113_7             (bitconcatenate   ) [ 000000]
write_ln113            (write            ) [ 000000]
ret_ln93               (ret              ) [ 000000]
</LifeTime>

<model>

<comp_list>
<comp id="0" class="1000" name="layer22_out">
<pin_list>
<pin id="1" dir="1" index="0" bw="1" slack="0"/>
</pin_list>
<bind>
<StgValue><ssdm name="layer22_out"/></StgValue>
</bind>
</comp>

<comp id="2" class="1000" name="layer23_out">
<pin_list>
<pin id="3" dir="1" index="0" bw="1" slack="0"/>
</pin_list>
<bind>
<StgValue><ssdm name="layer23_out"/></StgValue>
</bind>
</comp>

<comp id="4" class="1001" name="const_4">
<pin_list>
<pin id="5" dir="1" index="0" bw="1" slack="0"/>
</pin_list>
<bind>
<StgValue><ssdm name=""/></StgValue>
</bind>
</comp>

<comp id="6" class="1001" name="const_6">
<pin_list>
<pin id="7" dir="1" index="0" bw="1" slack="2147483647"/>
</pin_list>
<bind>
<StgValue><ssdm name="_ssdm_op_SpecInterface"/></StgValue>
</bind>
</comp>

<comp id="8" class="1001" name="const_8">
<pin_list>
<pin id="9" dir="1" index="0" bw="1" slack="2147483647"/>
</pin_list>
<bind>
<StgValue><ssdm name="empty_2"/></StgValue>
</bind>
</comp>

<comp id="10" class="1001" name="const_10">
<pin_list>
<pin id="11" dir="1" index="0" bw="1" slack="2147483647"/>
</pin_list>
<bind>
<StgValue><ssdm name=""/></StgValue>
</bind>
</comp>

<comp id="12" class="1001" name="const_12">
<pin_list>
<pin id="13" dir="1" index="0" bw="1" slack="2147483647"/>
</pin_list>
<bind>
<StgValue><ssdm name="empty_1"/></StgValue>
</bind>
</comp>

<comp id="14" class="1001" name="const_14">
<pin_list>
<pin id="15" dir="1" index="0" bw="1" slack="2147483647"/>
</pin_list>
<bind>
<StgValue><ssdm name=""/></StgValue>
</bind>
</comp>

<comp id="16" class="1001" name="const_16">
<pin_list>
<pin id="17" dir="1" index="0" bw="1" slack="0"/>
</pin_list>
<bind>
<StgValue><ssdm name=""/></StgValue>
</bind>
</comp>

<comp id="18" class="1001" name="const_18">
<pin_list>
<pin id="19" dir="1" index="0" bw="1" slack="0"/>
</pin_list>
<bind>
<StgValue><ssdm name="_ssdm_op_Read.ap_fifo.volatile.i128P0A"/></StgValue>
</bind>
</comp>

<comp id="20" class="1001" name="const_20">
<pin_list>
<pin id="21" dir="1" index="0" bw="1" slack="0"/>
</pin_list>
<bind>
<StgValue><ssdm name="_ssdm_op_PartSelect.i16.i128.i32.i32"/></StgValue>
</bind>
</comp>

<comp id="22" class="1001" name="const_22">
<pin_list>
<pin id="23" dir="1" index="0" bw="1" slack="0"/>
</pin_list>
<bind>
<StgValue><ssdm name=""/></StgValue>
</bind>
</comp>

<comp id="24" class="1001" name="const_24">
<pin_list>
<pin id="25" dir="1" index="0" bw="1" slack="0"/>
</pin_list>
<bind>
<StgValue><ssdm name=""/></StgValue>
</bind>
</comp>

<comp id="26" class="1001" name="const_26">
<pin_list>
<pin id="27" dir="1" index="0" bw="1" slack="0"/>
</pin_list>
<bind>
<StgValue><ssdm name=""/></StgValue>
</bind>
</comp>

<comp id="28" class="1001" name="const_28">
<pin_list>
<pin id="29" dir="1" index="0" bw="1" slack="0"/>
</pin_list>
<bind>
<StgValue><ssdm name=""/></StgValue>
</bind>
</comp>

<comp id="30" class="1001" name="const_30">
<pin_list>
<pin id="31" dir="1" index="0" bw="1" slack="0"/>
</pin_list>
<bind>
<StgValue><ssdm name=""/></StgValue>
</bind>
</comp>

<comp id="32" class="1001" name="const_32">
<pin_list>
<pin id="33" dir="1" index="0" bw="1" slack="0"/>
</pin_list>
<bind>
<StgValue><ssdm name=""/></StgValue>
</bind>
</comp>

<comp id="34" class="1001" name="const_34">
<pin_list>
<pin id="35" dir="1" index="0" bw="1" slack="0"/>
</pin_list>
<bind>
<StgValue><ssdm name=""/></StgValue>
</bind>
</comp>

<comp id="36" class="1001" name="const_36">
<pin_list>
<pin id="37" dir="1" index="0" bw="1" slack="0"/>
</pin_list>
<bind>
<StgValue><ssdm name=""/></StgValue>
</bind>
</comp>

<comp id="38" class="1001" name="const_38">
<pin_list>
<pin id="39" dir="1" index="0" bw="1" slack="0"/>
</pin_list>
<bind>
<StgValue><ssdm name=""/></StgValue>
</bind>
</comp>

<comp id="40" class="1001" name="const_40">
<pin_list>
<pin id="41" dir="1" index="0" bw="1" slack="0"/>
</pin_list>
<bind>
<StgValue><ssdm name=""/></StgValue>
</bind>
</comp>

<comp id="42" class="1001" name="const_42">
<pin_list>
<pin id="43" dir="1" index="0" bw="1" slack="0"/>
</pin_list>
<bind>
<StgValue><ssdm name=""/></StgValue>
</bind>
</comp>

<comp id="44" class="1001" name="const_44">
<pin_list>
<pin id="45" dir="1" index="0" bw="1" slack="0"/>
</pin_list>
<bind>
<StgValue><ssdm name=""/></StgValue>
</bind>
</comp>

<comp id="46" class="1001" name="const_46">
<pin_list>
<pin id="47" dir="1" index="0" bw="1" slack="0"/>
</pin_list>
<bind>
<StgValue><ssdm name=""/></StgValue>
</bind>
</comp>

<comp id="48" class="1001" name="const_48">
<pin_list>
<pin id="49" dir="1" index="0" bw="1" slack="0"/>
</pin_list>
<bind>
<StgValue><ssdm name=""/></StgValue>
</bind>
</comp>

<comp id="50" class="1001" name="const_50">
<pin_list>
<pin id="51" dir="1" index="0" bw="1" slack="0"/>
</pin_list>
<bind>
<StgValue><ssdm name=""/></StgValue>
</bind>
</comp>

<comp id="52" class="1001" name="const_52">
<pin_list>
<pin id="53" dir="1" index="0" bw="1" slack="0"/>
</pin_list>
<bind>
<StgValue><ssdm name=""/></StgValue>
</bind>
</comp>

<comp id="54" class="1001" name="const_54">
<pin_list>
<pin id="55" dir="1" index="0" bw="1" slack="0"/>
</pin_list>
<bind>
<StgValue><ssdm name=""/></StgValue>
</bind>
</comp>

<comp id="56" class="1001" name="const_56">
<pin_list>
<pin id="57" dir="1" index="0" bw="1" slack="0"/>
</pin_list>
<bind>
<StgValue><ssdm name="_ssdm_op_PartSelect.i14.i24.i32.i32"/></StgValue>
</bind>
</comp>

<comp id="58" class="1001" name="const_58">
<pin_list>
<pin id="59" dir="1" index="0" bw="1" slack="0"/>
</pin_list>
<bind>
<StgValue><ssdm name=""/></StgValue>
</bind>
</comp>

<comp id="60" class="1001" name="const_60">
<pin_list>
<pin id="61" dir="1" index="0" bw="1" slack="0"/>
</pin_list>
<bind>
<StgValue><ssdm name=""/></StgValue>
</bind>
</comp>

<comp id="62" class="1001" name="const_62">
<pin_list>
<pin id="63" dir="1" index="0" bw="1" slack="0"/>
</pin_list>
<bind>
<StgValue><ssdm name=""/></StgValue>
</bind>
</comp>

<comp id="64" class="1001" name="const_64">
<pin_list>
<pin id="65" dir="1" index="0" bw="1" slack="0"/>
</pin_list>
<bind>
<StgValue><ssdm name="_ssdm_op_PartSelect.i13.i23.i32.i32"/></StgValue>
</bind>
</comp>

<comp id="66" class="1001" name="const_66">
<pin_list>
<pin id="67" dir="1" index="0" bw="1" slack="0"/>
</pin_list>
<bind>
<StgValue><ssdm name=""/></StgValue>
</bind>
</comp>

<comp id="68" class="1001" name="const_68">
<pin_list>
<pin id="69" dir="1" index="0" bw="1" slack="0"/>
</pin_list>
<bind>
<StgValue><ssdm name="_ssdm_op_BitConcatenate.i22.i16.i6"/></StgValue>
</bind>
</comp>

<comp id="70" class="1001" name="const_70">
<pin_list>
<pin id="71" dir="1" index="0" bw="1" slack="0"/>
</pin_list>
<bind>
<StgValue><ssdm name=""/></StgValue>
</bind>
</comp>

<comp id="72" class="1001" name="const_72">
<pin_list>
<pin id="73" dir="1" index="0" bw="1" slack="0"/>
</pin_list>
<bind>
<StgValue><ssdm name="_ssdm_op_BitConcatenate.i19.i16.i3"/></StgValue>
</bind>
</comp>

<comp id="74" class="1001" name="const_74">
<pin_list>
<pin id="75" dir="1" index="0" bw="1" slack="0"/>
</pin_list>
<bind>
<StgValue><ssdm name=""/></StgValue>
</bind>
</comp>

<comp id="76" class="1001" name="const_76">
<pin_list>
<pin id="77" dir="1" index="0" bw="1" slack="0"/>
</pin_list>
<bind>
<StgValue><ssdm name=""/></StgValue>
</bind>
</comp>

<comp id="78" class="1001" name="const_78">
<pin_list>
<pin id="79" dir="1" index="0" bw="1" slack="0"/>
</pin_list>
<bind>
<StgValue><ssdm name="_ssdm_op_PartSelect.i16.i26.i32.i32"/></StgValue>
</bind>
</comp>

<comp id="80" class="1001" name="const_80">
<pin_list>
<pin id="81" dir="1" index="0" bw="1" slack="0"/>
</pin_list>
<bind>
<StgValue><ssdm name=""/></StgValue>
</bind>
</comp>

<comp id="82" class="1001" name="const_82">
<pin_list>
<pin id="83" dir="1" index="0" bw="1" slack="0"/>
</pin_list>
<bind>
<StgValue><ssdm name=""/></StgValue>
</bind>
</comp>

<comp id="84" class="1001" name="const_84">
<pin_list>
<pin id="85" dir="1" index="0" bw="1" slack="0"/>
</pin_list>
<bind>
<StgValue><ssdm name=""/></StgValue>
</bind>
</comp>

<comp id="86" class="1001" name="const_86">
<pin_list>
<pin id="87" dir="1" index="0" bw="1" slack="0"/>
</pin_list>
<bind>
<StgValue><ssdm name=""/></StgValue>
</bind>
</comp>

<comp id="88" class="1001" name="const_88">
<pin_list>
<pin id="89" dir="1" index="0" bw="1" slack="0"/>
</pin_list>
<bind>
<StgValue><ssdm name="_ssdm_op_PartSelect.i15.i25.i32.i32"/></StgValue>
</bind>
</comp>

<comp id="90" class="1001" name="const_90">
<pin_list>
<pin id="91" dir="1" index="0" bw="1" slack="0"/>
</pin_list>
<bind>
<StgValue><ssdm name=""/></StgValue>
</bind>
</comp>

<comp id="92" class="1001" name="const_92">
<pin_list>
<pin id="93" dir="1" index="0" bw="1" slack="0"/>
</pin_list>
<bind>
<StgValue><ssdm name=""/></StgValue>
</bind>
</comp>

<comp id="94" class="1001" name="const_94">
<pin_list>
<pin id="95" dir="1" index="0" bw="1" slack="0"/>
</pin_list>
<bind>
<StgValue><ssdm name=""/></StgValue>
</bind>
</comp>

<comp id="96" class="1001" name="const_96">
<pin_list>
<pin id="97" dir="1" index="0" bw="1" slack="0"/>
</pin_list>
<bind>
<StgValue><ssdm name=""/></StgValue>
</bind>
</comp>

<comp id="98" class="1001" name="const_98">
<pin_list>
<pin id="99" dir="1" index="0" bw="1" slack="0"/>
</pin_list>
<bind>
<StgValue><ssdm name=""/></StgValue>
</bind>
</comp>

<comp id="100" class="1001" name="const_100">
<pin_list>
<pin id="101" dir="1" index="0" bw="1" slack="0"/>
</pin_list>
<bind>
<StgValue><ssdm name="_ssdm_op_BitConcatenate.i20.i16.i4"/></StgValue>
</bind>
</comp>

<comp id="102" class="1001" name="const_102">
<pin_list>
<pin id="103" dir="1" index="0" bw="1" slack="0"/>
</pin_list>
<bind>
<StgValue><ssdm name=""/></StgValue>
</bind>
</comp>

<comp id="104" class="1001" name="const_104">
<pin_list>
<pin id="105" dir="1" index="0" bw="1" slack="0"/>
</pin_list>
<bind>
<StgValue><ssdm name=""/></StgValue>
</bind>
</comp>

<comp id="106" class="1001" name="const_106">
<pin_list>
<pin id="107" dir="1" index="0" bw="1" slack="0"/>
</pin_list>
<bind>
<StgValue><ssdm name="_ssdm_op_PartSelect.i12.i22.i32.i32"/></StgValue>
</bind>
</comp>

<comp id="108" class="1001" name="const_108">
<pin_list>
<pin id="109" dir="1" index="0" bw="1" slack="0"/>
</pin_list>
<bind>
<StgValue><ssdm name=""/></StgValue>
</bind>
</comp>

<comp id="110" class="1001" name="const_110">
<pin_list>
<pin id="111" dir="1" index="0" bw="1" slack="0"/>
</pin_list>
<bind>
<StgValue><ssdm name=""/></StgValue>
</bind>
</comp>

<comp id="112" class="1001" name="const_112">
<pin_list>
<pin id="113" dir="1" index="0" bw="1" slack="0"/>
</pin_list>
<bind>
<StgValue><ssdm name=""/></StgValue>
</bind>
</comp>

<comp id="114" class="1001" name="const_114">
<pin_list>
<pin id="115" dir="1" index="0" bw="1" slack="0"/>
</pin_list>
<bind>
<StgValue><ssdm name=""/></StgValue>
</bind>
</comp>

<comp id="116" class="1001" name="const_116">
<pin_list>
<pin id="117" dir="1" index="0" bw="1" slack="0"/>
</pin_list>
<bind>
<StgValue><ssdm name=""/></StgValue>
</bind>
</comp>

<comp id="118" class="1001" name="const_118">
<pin_list>
<pin id="119" dir="1" index="0" bw="1" slack="0"/>
</pin_list>
<bind>
<StgValue><ssdm name=""/></StgValue>
</bind>
</comp>

<comp id="120" class="1001" name="const_120">
<pin_list>
<pin id="121" dir="1" index="0" bw="1" slack="0"/>
</pin_list>
<bind>
<StgValue><ssdm name=""/></StgValue>
</bind>
</comp>

<comp id="122" class="1001" name="const_122">
<pin_list>
<pin id="123" dir="1" index="0" bw="1" slack="0"/>
</pin_list>
<bind>
<StgValue><ssdm name=""/></StgValue>
</bind>
</comp>

<comp id="124" class="1001" name="const_124">
<pin_list>
<pin id="125" dir="1" index="0" bw="1" slack="0"/>
</pin_list>
<bind>
<StgValue><ssdm name=""/></StgValue>
</bind>
</comp>

<comp id="126" class="1001" name="const_126">
<pin_list>
<pin id="127" dir="1" index="0" bw="1" slack="0"/>
</pin_list>
<bind>
<StgValue><ssdm name=""/></StgValue>
</bind>
</comp>

<comp id="128" class="1001" name="const_128">
<pin_list>
<pin id="129" dir="1" index="0" bw="1" slack="0"/>
</pin_list>
<bind>
<StgValue><ssdm name=""/></StgValue>
</bind>
</comp>

<comp id="130" class="1001" name="const_130">
<pin_list>
<pin id="131" dir="1" index="0" bw="1" slack="0"/>
</pin_list>
<bind>
<StgValue><ssdm name=""/></StgValue>
</bind>
</comp>

<comp id="132" class="1001" name="const_132">
<pin_list>
<pin id="133" dir="1" index="0" bw="1" slack="0"/>
</pin_list>
<bind>
<StgValue><ssdm name=""/></StgValue>
</bind>
</comp>

<comp id="134" class="1001" name="const_134">
<pin_list>
<pin id="135" dir="1" index="0" bw="1" slack="0"/>
</pin_list>
<bind>
<StgValue><ssdm name=""/></StgValue>
</bind>
</comp>

<comp id="136" class="1001" name="const_136">
<pin_list>
<pin id="137" dir="1" index="0" bw="1" slack="0"/>
</pin_list>
<bind>
<StgValue><ssdm name=""/></StgValue>
</bind>
</comp>

<comp id="138" class="1001" name="const_138">
<pin_list>
<pin id="139" dir="1" index="0" bw="1" slack="0"/>
</pin_list>
<bind>
<StgValue><ssdm name=""/></StgValue>
</bind>
</comp>

<comp id="140" class="1001" name="const_140">
<pin_list>
<pin id="141" dir="1" index="0" bw="1" slack="0"/>
</pin_list>
<bind>
<StgValue><ssdm name="_ssdm_op_PartSelect.i10.i20.i32.i32"/></StgValue>
</bind>
</comp>

<comp id="142" class="1001" name="const_142">
<pin_list>
<pin id="143" dir="1" index="0" bw="1" slack="0"/>
</pin_list>
<bind>
<StgValue><ssdm name=""/></StgValue>
</bind>
</comp>

<comp id="144" class="1001" name="const_144">
<pin_list>
<pin id="145" dir="1" index="0" bw="1" slack="0"/>
</pin_list>
<bind>
<StgValue><ssdm name=""/></StgValue>
</bind>
</comp>

<comp id="146" class="1001" name="const_146">
<pin_list>
<pin id="147" dir="1" index="0" bw="1" slack="0"/>
</pin_list>
<bind>
<StgValue><ssdm name=""/></StgValue>
</bind>
</comp>

<comp id="148" class="1001" name="const_148">
<pin_list>
<pin id="149" dir="1" index="0" bw="1" slack="0"/>
</pin_list>
<bind>
<StgValue><ssdm name=""/></StgValue>
</bind>
</comp>

<comp id="150" class="1001" name="const_150">
<pin_list>
<pin id="151" dir="1" index="0" bw="1" slack="0"/>
</pin_list>
<bind>
<StgValue><ssdm name=""/></StgValue>
</bind>
</comp>

<comp id="152" class="1001" name="const_152">
<pin_list>
<pin id="153" dir="1" index="0" bw="1" slack="0"/>
</pin_list>
<bind>
<StgValue><ssdm name=""/></StgValue>
</bind>
</comp>

<comp id="154" class="1001" name="const_154">
<pin_list>
<pin id="155" dir="1" index="0" bw="1" slack="0"/>
</pin_list>
<bind>
<StgValue><ssdm name=""/></StgValue>
</bind>
</comp>

<comp id="156" class="1001" name="const_156">
<pin_list>
<pin id="157" dir="1" index="0" bw="1" slack="0"/>
</pin_list>
<bind>
<StgValue><ssdm name=""/></StgValue>
</bind>
</comp>

<comp id="158" class="1001" name="const_158">
<pin_list>
<pin id="159" dir="1" index="0" bw="1" slack="0"/>
</pin_list>
<bind>
<StgValue><ssdm name=""/></StgValue>
</bind>
</comp>

<comp id="160" class="1001" name="const_160">
<pin_list>
<pin id="161" dir="1" index="0" bw="1" slack="0"/>
</pin_list>
<bind>
<StgValue><ssdm name=""/></StgValue>
</bind>
</comp>

<comp id="162" class="1001" name="const_162">
<pin_list>
<pin id="163" dir="1" index="0" bw="1" slack="0"/>
</pin_list>
<bind>
<StgValue><ssdm name=""/></StgValue>
</bind>
</comp>

<comp id="164" class="1001" name="const_164">
<pin_list>
<pin id="165" dir="1" index="0" bw="1" slack="0"/>
</pin_list>
<bind>
<StgValue><ssdm name=""/></StgValue>
</bind>
</comp>

<comp id="166" class="1001" name="const_166">
<pin_list>
<pin id="167" dir="1" index="0" bw="1" slack="0"/>
</pin_list>
<bind>
<StgValue><ssdm name=""/></StgValue>
</bind>
</comp>

<comp id="168" class="1001" name="const_168">
<pin_list>
<pin id="169" dir="1" index="0" bw="1" slack="0"/>
</pin_list>
<bind>
<StgValue><ssdm name=""/></StgValue>
</bind>
</comp>

<comp id="170" class="1001" name="const_170">
<pin_list>
<pin id="171" dir="1" index="0" bw="1" slack="0"/>
</pin_list>
<bind>
<StgValue><ssdm name=""/></StgValue>
</bind>
</comp>

<comp id="172" class="1001" name="const_172">
<pin_list>
<pin id="173" dir="1" index="0" bw="1" slack="0"/>
</pin_list>
<bind>
<StgValue><ssdm name=""/></StgValue>
</bind>
</comp>

<comp id="174" class="1001" name="const_174">
<pin_list>
<pin id="175" dir="1" index="0" bw="1" slack="0"/>
</pin_list>
<bind>
<StgValue><ssdm name=""/></StgValue>
</bind>
</comp>

<comp id="176" class="1001" name="const_176">
<pin_list>
<pin id="177" dir="1" index="0" bw="1" slack="0"/>
</pin_list>
<bind>
<StgValue><ssdm name=""/></StgValue>
</bind>
</comp>

<comp id="178" class="1001" name="const_178">
<pin_list>
<pin id="179" dir="1" index="0" bw="1" slack="0"/>
</pin_list>
<bind>
<StgValue><ssdm name="_ssdm_op_BitConcatenate.i26.i16.i10"/></StgValue>
</bind>
</comp>

<comp id="180" class="1001" name="const_180">
<pin_list>
<pin id="181" dir="1" index="0" bw="1" slack="0"/>
</pin_list>
<bind>
<StgValue><ssdm name="_ssdm_op_BitConcatenate.i24.i16.i8"/></StgValue>
</bind>
</comp>

<comp id="182" class="1001" name="const_182">
<pin_list>
<pin id="183" dir="1" index="0" bw="1" slack="0"/>
</pin_list>
<bind>
<StgValue><ssdm name=""/></StgValue>
</bind>
</comp>

<comp id="184" class="1001" name="const_184">
<pin_list>
<pin id="185" dir="1" index="0" bw="1" slack="0"/>
</pin_list>
<bind>
<StgValue><ssdm name=""/></StgValue>
</bind>
</comp>

<comp id="186" class="1001" name="const_186">
<pin_list>
<pin id="187" dir="1" index="0" bw="1" slack="0"/>
</pin_list>
<bind>
<StgValue><ssdm name=""/></StgValue>
</bind>
</comp>

<comp id="188" class="1001" name="const_188">
<pin_list>
<pin id="189" dir="1" index="0" bw="1" slack="0"/>
</pin_list>
<bind>
<StgValue><ssdm name=""/></StgValue>
</bind>
</comp>

<comp id="190" class="1001" name="const_190">
<pin_list>
<pin id="191" dir="1" index="0" bw="1" slack="0"/>
</pin_list>
<bind>
<StgValue><ssdm name=""/></StgValue>
</bind>
</comp>

<comp id="192" class="1001" name="const_192">
<pin_list>
<pin id="193" dir="1" index="0" bw="1" slack="0"/>
</pin_list>
<bind>
<StgValue><ssdm name="_ssdm_op_BitConcatenate.i17.i16.i1"/></StgValue>
</bind>
</comp>

<comp id="194" class="1001" name="const_194">
<pin_list>
<pin id="195" dir="1" index="0" bw="1" slack="0"/>
</pin_list>
<bind>
<StgValue><ssdm name=""/></StgValue>
</bind>
</comp>

<comp id="196" class="1001" name="const_196">
<pin_list>
<pin id="197" dir="1" index="0" bw="1" slack="0"/>
</pin_list>
<bind>
<StgValue><ssdm name=""/></StgValue>
</bind>
</comp>

<comp id="198" class="1001" name="const_198">
<pin_list>
<pin id="199" dir="1" index="0" bw="1" slack="0"/>
</pin_list>
<bind>
<StgValue><ssdm name=""/></StgValue>
</bind>
</comp>

<comp id="200" class="1001" name="const_200">
<pin_list>
<pin id="201" dir="1" index="0" bw="1" slack="0"/>
</pin_list>
<bind>
<StgValue><ssdm name=""/></StgValue>
</bind>
</comp>

<comp id="202" class="1001" name="const_202">
<pin_list>
<pin id="203" dir="1" index="0" bw="1" slack="0"/>
</pin_list>
<bind>
<StgValue><ssdm name=""/></StgValue>
</bind>
</comp>

<comp id="204" class="1001" name="const_204">
<pin_list>
<pin id="205" dir="1" index="0" bw="1" slack="0"/>
</pin_list>
<bind>
<StgValue><ssdm name=""/></StgValue>
</bind>
</comp>

<comp id="206" class="1001" name="const_206">
<pin_list>
<pin id="207" dir="1" index="0" bw="1" slack="0"/>
</pin_list>
<bind>
<StgValue><ssdm name=""/></StgValue>
</bind>
</comp>

<comp id="208" class="1001" name="const_208">
<pin_list>
<pin id="209" dir="1" index="0" bw="1" slack="0"/>
</pin_list>
<bind>
<StgValue><ssdm name=""/></StgValue>
</bind>
</comp>

<comp id="210" class="1001" name="const_210">
<pin_list>
<pin id="211" dir="1" index="0" bw="1" slack="0"/>
</pin_list>
<bind>
<StgValue><ssdm name=""/></StgValue>
</bind>
</comp>

<comp id="212" class="1001" name="const_212">
<pin_list>
<pin id="213" dir="1" index="0" bw="1" slack="0"/>
</pin_list>
<bind>
<StgValue><ssdm name=""/></StgValue>
</bind>
</comp>

<comp id="214" class="1001" name="const_214">
<pin_list>
<pin id="215" dir="1" index="0" bw="1" slack="0"/>
</pin_list>
<bind>
<StgValue><ssdm name=""/></StgValue>
</bind>
</comp>

<comp id="216" class="1001" name="const_216">
<pin_list>
<pin id="217" dir="1" index="0" bw="1" slack="0"/>
</pin_list>
<bind>
<StgValue><ssdm name=""/></StgValue>
</bind>
</comp>

<comp id="218" class="1001" name="const_218">
<pin_list>
<pin id="219" dir="1" index="0" bw="1" slack="0"/>
</pin_list>
<bind>
<StgValue><ssdm name=""/></StgValue>
</bind>
</comp>

<comp id="220" class="1001" name="const_220">
<pin_list>
<pin id="221" dir="1" index="0" bw="1" slack="0"/>
</pin_list>
<bind>
<StgValue><ssdm name=""/></StgValue>
</bind>
</comp>

<comp id="222" class="1001" name="const_222">
<pin_list>
<pin id="223" dir="1" index="0" bw="1" slack="0"/>
</pin_list>
<bind>
<StgValue><ssdm name=""/></StgValue>
</bind>
</comp>

<comp id="224" class="1001" name="const_224">
<pin_list>
<pin id="225" dir="1" index="0" bw="1" slack="0"/>
</pin_list>
<bind>
<StgValue><ssdm name=""/></StgValue>
</bind>
</comp>

<comp id="226" class="1001" name="const_226">
<pin_list>
<pin id="227" dir="1" index="0" bw="1" slack="0"/>
</pin_list>
<bind>
<StgValue><ssdm name="_ssdm_op_BitConcatenate.i25.i16.i9"/></StgValue>
</bind>
</comp>

<comp id="228" class="1001" name="const_228">
<pin_list>
<pin id="229" dir="1" index="0" bw="1" slack="0"/>
</pin_list>
<bind>
<StgValue><ssdm name=""/></StgValue>
</bind>
</comp>

<comp id="230" class="1001" name="const_230">
<pin_list>
<pin id="231" dir="1" index="0" bw="1" slack="0"/>
</pin_list>
<bind>
<StgValue><ssdm name="_ssdm_op_BitConcatenate.i21.i16.i5"/></StgValue>
</bind>
</comp>

<comp id="232" class="1001" name="const_232">
<pin_list>
<pin id="233" dir="1" index="0" bw="1" slack="0"/>
</pin_list>
<bind>
<StgValue><ssdm name=""/></StgValue>
</bind>
</comp>

<comp id="234" class="1001" name="const_234">
<pin_list>
<pin id="235" dir="1" index="0" bw="1" slack="0"/>
</pin_list>
<bind>
<StgValue><ssdm name=""/></StgValue>
</bind>
</comp>

<comp id="236" class="1001" name="const_236">
<pin_list>
<pin id="237" dir="1" index="0" bw="1" slack="0"/>
</pin_list>
<bind>
<StgValue><ssdm name=""/></StgValue>
</bind>
</comp>

<comp id="238" class="1001" name="const_238">
<pin_list>
<pin id="239" dir="1" index="0" bw="1" slack="2147483647"/>
</pin_list>
<bind>
<StgValue><ssdm name="_ssdm_op_SpecLoopName"/></StgValue>
</bind>
</comp>

<comp id="240" class="1001" name="const_240">
<pin_list>
<pin id="241" dir="1" index="0" bw="1" slack="2147483647"/>
</pin_list>
<bind>
<StgValue><ssdm name="ReadInputHeight_ReadInputWidth_str"/></StgValue>
</bind>
</comp>

<comp id="242" class="1001" name="const_242">
<pin_list>
<pin id="243" dir="1" index="0" bw="1" slack="2147483647"/>
</pin_list>
<bind>
<StgValue><ssdm name="_ssdm_op_SpecLoopTripCount"/></StgValue>
</bind>
</comp>

<comp id="244" class="1001" name="const_244">
<pin_list>
<pin id="245" dir="1" index="0" bw="1" slack="2147483647"/>
</pin_list>
<bind>
<StgValue><ssdm name=""/></StgValue>
</bind>
</comp>

<comp id="246" class="1001" name="const_246">
<pin_list>
<pin id="247" dir="1" index="0" bw="1" slack="2147483647"/>
</pin_list>
<bind>
<StgValue><ssdm name="_ssdm_op_SpecPipeline"/></StgValue>
</bind>
</comp>

<comp id="248" class="1001" name="const_248">
<pin_list>
<pin id="249" dir="1" index="0" bw="1" slack="2147483647"/>
</pin_list>
<bind>
<StgValue><ssdm name="_ssdm_op_SpecResourceLimit"/></StgValue>
</bind>
</comp>

<comp id="250" class="1001" name="const_250">
<pin_list>
<pin id="251" dir="1" index="0" bw="1" slack="2147483647"/>
</pin_list>
<bind>
<StgValue><ssdm name=""/></StgValue>
</bind>
</comp>

<comp id="252" class="1001" name="const_252">
<pin_list>
<pin id="253" dir="1" index="0" bw="1" slack="2147483647"/>
</pin_list>
<bind>
<StgValue><ssdm name="empty_3"/></StgValue>
</bind>
</comp>

<comp id="254" class="1001" name="const_254">
<pin_list>
<pin id="255" dir="1" index="0" bw="1" slack="0"/>
</pin_list>
<bind>
<StgValue><ssdm name="_ssdm_op_BitConcatenate.i128.i16.i16.i16.i16.i16.i16.i16.i16"/></StgValue>
</bind>
</comp>

<comp id="256" class="1001" name="const_256">
<pin_list>
<pin id="257" dir="1" index="0" bw="1" slack="0"/>
</pin_list>
<bind>
<StgValue><ssdm name="_ssdm_op_Write.ap_fifo.volatile.i128P0A"/></StgValue>
</bind>
</comp>

<comp id="258" class="1004" name="indvar_flatten2_fu_258">
<pin_list>
<pin id="259" dir="0" index="0" bw="1" slack="0"/>
<pin id="260" dir="1" index="1" bw="10" slack="0"/>
</pin_list>
<bind>
<opcode="alloca(26) " fcode="alloca"/>
<opset="indvar_flatten2/1 "/>
</bind>
</comp>

<comp id="262" class="1004" name="layer22_out_read_read_fu_262">
<pin_list>
<pin id="263" dir="0" index="0" bw="128" slack="0"/>
<pin id="264" dir="0" index="1" bw="128" slack="0"/>
<pin id="265" dir="1" index="2" bw="128" slack="0"/>
</pin_list>
<bind>
<opcode="read(1150) " fcode="read"/>
<opset="layer22_out_read/1 "/>
</bind>
</comp>

<comp id="268" class="1004" name="write_ln113_write_fu_268">
<pin_list>
<pin id="269" dir="0" index="0" bw="0" slack="0"/>
<pin id="270" dir="0" index="1" bw="128" slack="0"/>
<pin id="271" dir="0" index="2" bw="128" slack="0"/>
<pin id="272" dir="1" index="3" bw="0" slack="2147483647"/>
</pin_list>
<bind>
<opcode="write(1151) " fcode="write"/>
<opset="write_ln113/5 "/>
</bind>
</comp>

<comp id="275" class="1004" name="mul_ln42_3_fu_275">
<pin_list>
<pin id="14313" dir="0" index="0" bw="16" slack="0"/>
<pin id="14314" dir="0" index="1" bw="11" slack="0"/>
<pin id="14315" dir="1" index="2" bw="26" slack="0"/>
</pin_list>
<bind>
<opcode="mul(12) " fcode="mul"/>
<opset="mul_ln42_3/3 "/>
</bind>
</comp>

<comp id="276" class="1004" name="mul_ln73_24_fu_276">
<pin_list>
<pin id="14421" dir="0" index="0" bw="16" slack="0"/>
<pin id="14422" dir="0" index="1" bw="9" slack="0"/>
<pin id="14423" dir="1" index="2" bw="25" slack="0"/>
</pin_list>
<bind>
<opcode="mul(12) " fcode="mul"/>
<opset="mul_ln73_24/3 "/>
</bind>
</comp>

<comp id="277" class="1004" name="mul_ln42_19_fu_277">
<pin_list>
<pin id="14425" dir="0" index="0" bw="16" slack="0"/>
<pin id="14426" dir="0" index="1" bw="11" slack="0"/>
<pin id="14427" dir="1" index="2" bw="26" slack="0"/>
</pin_list>
<bind>
<opcode="mul(12) " fcode="mul"/>
<opset="mul_ln42_19/3 "/>
</bind>
</comp>

<comp id="278" class="1004" name="mul_ln42_16_fu_278">
<pin_list>
<pin id="14397" dir="0" index="0" bw="16" slack="0"/>
<pin id="14398" dir="0" index="1" bw="11" slack="0"/>
<pin id="14399" dir="1" index="2" bw="26" slack="0"/>
</pin_list>
<bind>
<opcode="mul(12) " fcode="mul"/>
<opset="mul_ln42_16/3 "/>
</bind>
</comp>

<comp id="279" class="1004" name="mul_ln42_6_fu_279">
<pin_list>
<pin id="14325" dir="0" index="0" bw="16" slack="0"/>
<pin id="14326" dir="0" index="1" bw="11" slack="0"/>
<pin id="14327" dir="1" index="2" bw="26" slack="0"/>
</pin_list>
<bind>
<opcode="mul(12) " fcode="mul"/>
<opset="mul_ln42_6/3 "/>
</bind>
</comp>

<comp id="280" class="1004" name="mul_ln73_26_fu_280">
<pin_list>
<pin id="14433" dir="0" index="0" bw="16" slack="0"/>
<pin id="14434" dir="0" index="1" bw="10" slack="0"/>
<pin id="14435" dir="1" index="2" bw="26" slack="0"/>
</pin_list>
<bind>
<opcode="mul(12) " fcode="mul"/>
<opset="mul_ln73_26/3 "/>
</bind>
</comp>

<comp id="281" class="1004" name="mul_ln73_15_fu_281">
<pin_list>
<pin id="14349" dir="0" index="0" bw="16" slack="0"/>
<pin id="14350" dir="0" index="1" bw="10" slack="0"/>
<pin id="14351" dir="1" index="2" bw="26" slack="0"/>
</pin_list>
<bind>
<opcode="mul(12) " fcode="mul"/>
<opset="mul_ln73_15/3 "/>
</bind>
</comp>

<comp id="282" class="1004" name="mul_ln73_2_fu_282">
<pin_list>
<pin id="14265" dir="0" index="0" bw="16" slack="0"/>
<pin id="14266" dir="0" index="1" bw="10" slack="0"/>
<pin id="14267" dir="1" index="2" bw="26" slack="0"/>
</pin_list>
<bind>
<opcode="mul(12) " fcode="mul"/>
<opset="mul_ln73_2/3 "/>
</bind>
</comp>

<comp id="283" class="1004" name="mul_ln73_8_fu_283">
<pin_list>
<pin id="14293" dir="0" index="0" bw="16" slack="0"/>
<pin id="14294" dir="0" index="1" bw="7" slack="0"/>
<pin id="14295" dir="1" index="2" bw="23" slack="0"/>
</pin_list>
<bind>
<opcode="mul(12) " fcode="mul"/>
<opset="mul_ln73_8/3 "/>
</bind>
</comp>

<comp id="284" class="1004" name="mul_ln73_9_fu_284">
<pin_list>
<pin id="14297" dir="0" index="0" bw="16" slack="0"/>
<pin id="14298" dir="0" index="1" bw="9" slack="0"/>
<pin id="14299" dir="1" index="2" bw="25" slack="0"/>
</pin_list>
<bind>
<opcode="mul(12) " fcode="mul"/>
<opset="mul_ln73_9/3 "/>
</bind>
</comp>

<comp id="286" class="1004" name="mul_ln73_fu_286">
<pin_list>
<pin id="851" dir="0" index="0" bw="16" slack="0"/>
<pin id="852" dir="0" index="1" bw="8" slack="0"/>
<pin id="853" dir="1" index="2" bw="24" slack="0"/>
</pin_list>
<bind>
<opcode="mul(12) " fcode="mul"/>
<opset="mul_ln73/2 "/>
</bind>
</comp>

<comp id="287" class="1004" name="mul_ln42_2_fu_287">
<pin_list>
<pin id="14305" dir="0" index="0" bw="16" slack="0"/>
<pin id="14306" dir="0" index="1" bw="11" slack="0"/>
<pin id="14307" dir="1" index="2" bw="26" slack="0"/>
</pin_list>
<bind>
<opcode="mul(12) " fcode="mul"/>
<opset="mul_ln42_2/3 "/>
</bind>
</comp>

<comp id="288" class="1004" name="mul_ln73_32_fu_288">
<pin_list>
<pin id="14461" dir="0" index="0" bw="16" slack="0"/>
<pin id="14462" dir="0" index="1" bw="9" slack="0"/>
<pin id="14463" dir="1" index="2" bw="25" slack="0"/>
</pin_list>
<bind>
<opcode="mul(12) " fcode="mul"/>
<opset="mul_ln73_32/3 "/>
</bind>
</comp>

<comp id="289" class="1004" name="mul_ln73_14_fu_289">
<pin_list>
<pin id="14345" dir="0" index="0" bw="16" slack="0"/>
<pin id="14346" dir="0" index="1" bw="10" slack="0"/>
<pin id="14347" dir="1" index="2" bw="26" slack="0"/>
</pin_list>
<bind>
<opcode="mul(12) " fcode="mul"/>
<opset="mul_ln73_14/3 "/>
</bind>
</comp>

<comp id="290" class="1004" name="mul_ln42_fu_290">
<pin_list>
<pin id="14261" dir="0" index="0" bw="16" slack="0"/>
<pin id="14262" dir="0" index="1" bw="11" slack="0"/>
<pin id="14263" dir="1" index="2" bw="26" slack="0"/>
</pin_list>
<bind>
<opcode="mul(12) " fcode="mul"/>
<opset="mul_ln42/3 "/>
</bind>
</comp>

<comp id="291" class="1004" name="mul_ln42_11_fu_291">
<pin_list>
<pin id="14365" dir="0" index="0" bw="16" slack="0"/>
<pin id="14366" dir="0" index="1" bw="11" slack="0"/>
<pin id="14367" dir="1" index="2" bw="26" slack="0"/>
</pin_list>
<bind>
<opcode="mul(12) " fcode="mul"/>
<opset="mul_ln42_11/3 "/>
</bind>
</comp>

<comp id="292" class="1004" name="mul_ln42_10_fu_292">
<pin_list>
<pin id="14357" dir="0" index="0" bw="16" slack="0"/>
<pin id="14358" dir="0" index="1" bw="11" slack="0"/>
<pin id="14359" dir="1" index="2" bw="26" slack="0"/>
</pin_list>
<bind>
<opcode="mul(12) " fcode="mul"/>
<opset="mul_ln42_10/3 "/>
</bind>
</comp>

<comp id="293" class="1004" name="mul_ln42_17_fu_293">
<pin_list>
<pin id="14409" dir="0" index="0" bw="16" slack="0"/>
<pin id="14410" dir="0" index="1" bw="11" slack="0"/>
<pin id="14411" dir="1" index="2" bw="26" slack="0"/>
</pin_list>
<bind>
<opcode="mul(12) " fcode="mul"/>
<opset="mul_ln42_17/3 "/>
</bind>
</comp>

<comp id="295" class="1004" name="mul_ln73_11_fu_295">
<pin_list>
<pin id="14309" dir="0" index="0" bw="16" slack="0"/>
<pin id="14310" dir="0" index="1" bw="9" slack="0"/>
<pin id="14311" dir="1" index="2" bw="25" slack="0"/>
</pin_list>
<bind>
<opcode="mul(12) " fcode="mul"/>
<opset="mul_ln73_11/3 "/>
</bind>
</comp>

<comp id="296" class="1004" name="mul_ln73_22_fu_296">
<pin_list>
<pin id="14405" dir="0" index="0" bw="16" slack="0"/>
<pin id="14406" dir="0" index="1" bw="9" slack="0"/>
<pin id="14407" dir="1" index="2" bw="25" slack="0"/>
</pin_list>
<bind>
<opcode="mul(12) " fcode="mul"/>
<opset="mul_ln73_22/3 "/>
</bind>
</comp>

<comp id="297" class="1004" name="mul_ln73_7_fu_297">
<pin_list>
<pin id="14289" dir="0" index="0" bw="16" slack="0"/>
<pin id="14290" dir="0" index="1" bw="10" slack="0"/>
<pin id="14291" dir="1" index="2" bw="26" slack="0"/>
</pin_list>
<bind>
<opcode="mul(12) " fcode="mul"/>
<opset="mul_ln73_7/3 "/>
</bind>
</comp>

<comp id="299" class="1004" name="mul_ln73_25_fu_299">
<pin_list>
<pin id="14429" dir="0" index="0" bw="16" slack="0"/>
<pin id="14430" dir="0" index="1" bw="9" slack="0"/>
<pin id="14431" dir="1" index="2" bw="25" slack="0"/>
</pin_list>
<bind>
<opcode="mul(12) " fcode="mul"/>
<opset="mul_ln73_25/3 "/>
</bind>
</comp>

<comp id="301" class="1004" name="mul_ln73_16_fu_301">
<pin_list>
<pin id="14361" dir="0" index="0" bw="16" slack="0"/>
<pin id="14362" dir="0" index="1" bw="10" slack="0"/>
<pin id="14363" dir="1" index="2" bw="26" slack="0"/>
</pin_list>
<bind>
<opcode="mul(12) " fcode="mul"/>
<opset="mul_ln73_16/3 "/>
</bind>
</comp>

<comp id="302" class="1004" name="mul_ln42_18_fu_302">
<pin_list>
<pin id="14417" dir="0" index="0" bw="16" slack="0"/>
<pin id="14418" dir="0" index="1" bw="11" slack="0"/>
<pin id="14419" dir="1" index="2" bw="26" slack="0"/>
</pin_list>
<bind>
<opcode="mul(12) " fcode="mul"/>
<opset="mul_ln42_18/3 "/>
</bind>
</comp>

<comp id="303" class="1004" name="mul_ln73_10_fu_303">
<pin_list>
<pin id="14301" dir="0" index="0" bw="16" slack="0"/>
<pin id="14302" dir="0" index="1" bw="9" slack="0"/>
<pin id="14303" dir="1" index="2" bw="25" slack="0"/>
</pin_list>
<bind>
<opcode="mul(12) " fcode="mul"/>
<opset="mul_ln73_10/3 "/>
</bind>
</comp>

<comp id="305" class="1004" name="mul_ln73_12_fu_305">
<pin_list>
<pin id="14333" dir="0" index="0" bw="16" slack="0"/>
<pin id="14334" dir="0" index="1" bw="10" slack="0"/>
<pin id="14335" dir="1" index="2" bw="26" slack="0"/>
</pin_list>
<bind>
<opcode="mul(12) " fcode="mul"/>
<opset="mul_ln73_12/3 "/>
</bind>
</comp>

<comp id="306" class="1004" name="mul_ln42_15_fu_306">
<pin_list>
<pin id="14389" dir="0" index="0" bw="16" slack="0"/>
<pin id="14390" dir="0" index="1" bw="11" slack="0"/>
<pin id="14391" dir="1" index="2" bw="26" slack="0"/>
</pin_list>
<bind>
<opcode="mul(12) " fcode="mul"/>
<opset="mul_ln42_15/3 "/>
</bind>
</comp>

<comp id="307" class="1004" name="mul_ln73_3_fu_307">
<pin_list>
<pin id="14269" dir="0" index="0" bw="16" slack="0"/>
<pin id="14270" dir="0" index="1" bw="9" slack="0"/>
<pin id="14271" dir="1" index="2" bw="25" slack="0"/>
</pin_list>
<bind>
<opcode="mul(12) " fcode="mul"/>
<opset="mul_ln73_3/3 "/>
</bind>
</comp>

<comp id="308" class="1004" name="mul_ln73_23_fu_308">
<pin_list>
<pin id="14413" dir="0" index="0" bw="16" slack="0"/>
<pin id="14414" dir="0" index="1" bw="10" slack="0"/>
<pin id="14415" dir="1" index="2" bw="26" slack="0"/>
</pin_list>
<bind>
<opcode="mul(12) " fcode="mul"/>
<opset="mul_ln73_23/3 "/>
</bind>
</comp>

<comp id="310" class="1004" name="mul_ln73_27_fu_310">
<pin_list>
<pin id="14441" dir="0" index="0" bw="16" slack="0"/>
<pin id="14442" dir="0" index="1" bw="10" slack="0"/>
<pin id="14443" dir="1" index="2" bw="26" slack="0"/>
</pin_list>
<bind>
<opcode="mul(12) " fcode="mul"/>
<opset="mul_ln73_27/3 "/>
</bind>
</comp>

<comp id="311" class="1004" name="mul_ln73_28_fu_311">
<pin_list>
<pin id="14445" dir="0" index="0" bw="16" slack="0"/>
<pin id="14446" dir="0" index="1" bw="10" slack="0"/>
<pin id="14447" dir="1" index="2" bw="26" slack="0"/>
</pin_list>
<bind>
<opcode="mul(12) " fcode="mul"/>
<opset="mul_ln73_28/3 "/>
</bind>
</comp>

<comp id="312" class="1004" name="mul_ln42_12_fu_312">
<pin_list>
<pin id="14369" dir="0" index="0" bw="16" slack="0"/>
<pin id="14370" dir="0" index="1" bw="11" slack="0"/>
<pin id="14371" dir="1" index="2" bw="26" slack="0"/>
</pin_list>
<bind>
<opcode="mul(12) " fcode="mul"/>
<opset="mul_ln42_12/3 "/>
</bind>
</comp>

<comp id="313" class="1004" name="mul_ln42_14_fu_313">
<pin_list>
<pin id="14385" dir="0" index="0" bw="16" slack="0"/>
<pin id="14386" dir="0" index="1" bw="11" slack="0"/>
<pin id="14387" dir="1" index="2" bw="26" slack="0"/>
</pin_list>
<bind>
<opcode="mul(12) " fcode="mul"/>
<opset="mul_ln42_14/3 "/>
</bind>
</comp>

<comp id="314" class="1004" name="mul_ln73_21_fu_314">
<pin_list>
<pin id="14401" dir="0" index="0" bw="16" slack="0"/>
<pin id="14402" dir="0" index="1" bw="10" slack="0"/>
<pin id="14403" dir="1" index="2" bw="26" slack="0"/>
</pin_list>
<bind>
<opcode="mul(12) " fcode="mul"/>
<opset="mul_ln73_21/3 "/>
</bind>
</comp>

<comp id="315" class="1004" name="mul_ln73_6_fu_315">
<pin_list>
<pin id="14285" dir="0" index="0" bw="16" slack="0"/>
<pin id="14286" dir="0" index="1" bw="9" slack="0"/>
<pin id="14287" dir="1" index="2" bw="25" slack="0"/>
</pin_list>
<bind>
<opcode="mul(12) " fcode="mul"/>
<opset="mul_ln73_6/3 "/>
</bind>
</comp>

<comp id="317" class="1004" name="mul_ln73_33_fu_317">
<pin_list>
<pin id="14469" dir="0" index="0" bw="16" slack="0"/>
<pin id="14470" dir="0" index="1" bw="10" slack="0"/>
<pin id="14471" dir="1" index="2" bw="26" slack="0"/>
</pin_list>
<bind>
<opcode="mul(12) " fcode="mul"/>
<opset="mul_ln73_33/3 "/>
</bind>
</comp>

<comp id="318" class="1004" name="mul_ln42_9_fu_318">
<pin_list>
<pin id="14353" dir="0" index="0" bw="16" slack="0"/>
<pin id="14354" dir="0" index="1" bw="11" slack="0"/>
<pin id="14355" dir="1" index="2" bw="26" slack="0"/>
</pin_list>
<bind>
<opcode="mul(12) " fcode="mul"/>
<opset="mul_ln42_9/3 "/>
</bind>
</comp>

<comp id="320" class="1004" name="mul_ln42_1_fu_320">
<pin_list>
<pin id="14273" dir="0" index="0" bw="16" slack="0"/>
<pin id="14274" dir="0" index="1" bw="11" slack="0"/>
<pin id="14275" dir="1" index="2" bw="26" slack="0"/>
</pin_list>
<bind>
<opcode="mul(12) " fcode="mul"/>
<opset="mul_ln42_1/3 "/>
</bind>
</comp>

<comp id="321" class="1004" name="mul_ln42_20_fu_321">
<pin_list>
<pin id="14437" dir="0" index="0" bw="16" slack="0"/>
<pin id="14438" dir="0" index="1" bw="11" slack="0"/>
<pin id="14439" dir="1" index="2" bw="26" slack="0"/>
</pin_list>
<bind>
<opcode="mul(12) " fcode="mul"/>
<opset="mul_ln42_20/3 "/>
</bind>
</comp>

<comp id="322" class="1004" name="mul_ln73_17_fu_322">
<pin_list>
<pin id="14377" dir="0" index="0" bw="16" slack="0"/>
<pin id="14378" dir="0" index="1" bw="10" slack="0"/>
<pin id="14379" dir="1" index="2" bw="26" slack="0"/>
</pin_list>
<bind>
<opcode="mul(12) " fcode="mul"/>
<opset="mul_ln73_17/3 "/>
</bind>
</comp>

<comp id="323" class="1004" name="mul_ln73_29_fu_323">
<pin_list>
<pin id="14449" dir="0" index="0" bw="16" slack="0"/>
<pin id="14450" dir="0" index="1" bw="10" slack="0"/>
<pin id="14451" dir="1" index="2" bw="26" slack="0"/>
</pin_list>
<bind>
<opcode="mul(12) " fcode="mul"/>
<opset="mul_ln73_29/3 "/>
</bind>
</comp>

<comp id="324" class="1004" name="mul_ln42_21_fu_324">
<pin_list>
<pin id="14465" dir="0" index="0" bw="16" slack="0"/>
<pin id="14466" dir="0" index="1" bw="11" slack="0"/>
<pin id="14467" dir="1" index="2" bw="26" slack="0"/>
</pin_list>
<bind>
<opcode="mul(12) " fcode="mul"/>
<opset="mul_ln42_21/3 "/>
</bind>
</comp>

<comp id="325" class="1004" name="mul_ln73_19_fu_325">
<pin_list>
<pin id="14393" dir="0" index="0" bw="16" slack="0"/>
<pin id="14394" dir="0" index="1" bw="10" slack="0"/>
<pin id="14395" dir="1" index="2" bw="26" slack="0"/>
</pin_list>
<bind>
<opcode="mul(12) " fcode="mul"/>
<opset="mul_ln73_19/3 "/>
</bind>
</comp>

<comp id="326" class="1004" name="mul_ln42_4_fu_326">
<pin_list>
<pin id="14317" dir="0" index="0" bw="16" slack="0"/>
<pin id="14318" dir="0" index="1" bw="11" slack="0"/>
<pin id="14319" dir="1" index="2" bw="26" slack="0"/>
</pin_list>
<bind>
<opcode="mul(12) " fcode="mul"/>
<opset="mul_ln42_4/3 "/>
</bind>
</comp>

<comp id="327" class="1004" name="mul_ln73_18_fu_327">
<pin_list>
<pin id="14381" dir="0" index="0" bw="16" slack="0"/>
<pin id="14382" dir="0" index="1" bw="10" slack="0"/>
<pin id="14383" dir="1" index="2" bw="26" slack="0"/>
</pin_list>
<bind>
<opcode="mul(12) " fcode="mul"/>
<opset="mul_ln73_18/3 "/>
</bind>
</comp>

<comp id="328" class="1004" name="mul_ln73_31_fu_328">
<pin_list>
<pin id="14457" dir="0" index="0" bw="16" slack="0"/>
<pin id="14458" dir="0" index="1" bw="9" slack="0"/>
<pin id="14459" dir="1" index="2" bw="25" slack="0"/>
</pin_list>
<bind>
<opcode="mul(12) " fcode="mul"/>
<opset="mul_ln73_31/3 "/>
</bind>
</comp>

<comp id="329" class="1004" name="mul_ln73_13_fu_329">
<pin_list>
<pin id="14341" dir="0" index="0" bw="16" slack="0"/>
<pin id="14342" dir="0" index="1" bw="9" slack="0"/>
<pin id="14343" dir="1" index="2" bw="25" slack="0"/>
</pin_list>
<bind>
<opcode="mul(12) " fcode="mul"/>
<opset="mul_ln73_13/3 "/>
</bind>
</comp>

<comp id="330" class="1004" name="mul_ln73_1_fu_330">
<pin_list>
<pin id="14257" dir="0" index="0" bw="16" slack="0"/>
<pin id="14258" dir="0" index="1" bw="10" slack="0"/>
<pin id="14259" dir="1" index="2" bw="26" slack="0"/>
</pin_list>
<bind>
<opcode="mul(12) " fcode="mul"/>
<opset="mul_ln73_1/3 "/>
</bind>
</comp>

<comp id="331" class="1004" name="mul_ln73_20_fu_331">
<pin_list>
<pin id="855" dir="0" index="0" bw="16" slack="0"/>
<pin id="856" dir="0" index="1" bw="7" slack="0"/>
<pin id="857" dir="1" index="2" bw="23" slack="0"/>
</pin_list>
<bind>
<opcode="mul(12) " fcode="mul"/>
<opset="mul_ln73_20/2 "/>
</bind>
</comp>

<comp id="332" class="1004" name="mul_ln42_13_fu_332">
<pin_list>
<pin id="14373" dir="0" index="0" bw="16" slack="0"/>
<pin id="14374" dir="0" index="1" bw="11" slack="0"/>
<pin id="14375" dir="1" index="2" bw="26" slack="0"/>
</pin_list>
<bind>
<opcode="mul(12) " fcode="mul"/>
<opset="mul_ln42_13/3 "/>
</bind>
</comp>

<comp id="333" class="1004" name="mul_ln42_5_fu_333">
<pin_list>
<pin id="14321" dir="0" index="0" bw="16" slack="0"/>
<pin id="14322" dir="0" index="1" bw="11" slack="0"/>
<pin id="14323" dir="1" index="2" bw="26" slack="0"/>
</pin_list>
<bind>
<opcode="mul(12) " fcode="mul"/>
<opset="mul_ln42_5/3 "/>
</bind>
</comp>

<comp id="334" class="1004" name="mul_ln73_5_fu_334">
<pin_list>
<pin id="14281" dir="0" index="0" bw="16" slack="0"/>
<pin id="14282" dir="0" index="1" bw="10" slack="0"/>
<pin id="14283" dir="1" index="2" bw="26" slack="0"/>
</pin_list>
<bind>
<opcode="mul(12) " fcode="mul"/>
<opset="mul_ln73_5/3 "/>
</bind>
</comp>

<comp id="335" class="1004" name="mul_ln73_4_fu_335">
<pin_list>
<pin id="14277" dir="0" index="0" bw="16" slack="0"/>
<pin id="14278" dir="0" index="1" bw="9" slack="0"/>
<pin id="14279" dir="1" index="2" bw="25" slack="0"/>
</pin_list>
<bind>
<opcode="mul(12) " fcode="mul"/>
<opset="mul_ln73_4/3 "/>
</bind>
</comp>

<comp id="336" class="1004" name="mul_ln73_30_fu_336">
<pin_list>
<pin id="14453" dir="0" index="0" bw="16" slack="0"/>
<pin id="14454" dir="0" index="1" bw="10" slack="0"/>
<pin id="14455" dir="1" index="2" bw="26" slack="0"/>
</pin_list>
<bind>
<opcode="mul(12) " fcode="mul"/>
<opset="mul_ln73_30/3 "/>
</bind>
</comp>

<comp id="337" class="1004" name="mul_ln42_7_fu_337">
<pin_list>
<pin id="14329" dir="0" index="0" bw="16" slack="0"/>
<pin id="14330" dir="0" index="1" bw="12" slack="0"/>
<pin id="14331" dir="1" index="2" bw="26" slack="0"/>
</pin_list>
<bind>
<opcode="mul(12) " fcode="mul"/>
<opset="mul_ln42_7/3 "/>
</bind>
</comp>

<comp id="338" class="1004" name="mul_ln42_8_fu_338">
<pin_list>
<pin id="14337" dir="0" index="0" bw="16" slack="0"/>
<pin id="14338" dir="0" index="1" bw="11" slack="0"/>
<pin id="14339" dir="1" index="2" bw="26" slack="0"/>
</pin_list>
<bind>
<opcode="mul(12) " fcode="mul"/>
<opset="mul_ln42_8/3 "/>
</bind>
</comp>

<comp id="14636" class="1004" name="store_ln0_store_fu_14636">
<pin_list>
<pin id="14637" dir="0" index="0" bw="1" slack="0"/>
<pin id="14638" dir="0" index="1" bw="10" slack="0"/>
<pin id="14639" dir="1" index="2" bw="0" slack="2147483647"/>
</pin_list>
<bind>
<opcode="store(28) " fcode="store"/>
<opset="store_ln0/1 "/>
</bind>
</comp>

<comp id="14641" class="1004" name="indvar_flatten2_load_load_fu_14641">
<pin_list>
<pin id="14642" dir="0" index="0" bw="10" slack="0"/>
<pin id="14643" dir="1" index="1" bw="10" slack="0"/>
</pin_list>
<bind>
<opcode="load(27) " fcode="load"/>
<opset="indvar_flatten2_load/1 "/>
</bind>
</comp>

<comp id="14644" class="1004" name="data_fu_14644">
<pin_list>
<pin id="14645" dir="0" index="0" bw="128" slack="0"/>
<pin id="14646" dir="1" index="1" bw="16" slack="1"/>
</pin_list>
<bind>
<opcode="trunc(33) " fcode="trunc"/>
<opset="data/1 "/>
</bind>
</comp>

<comp id="14648" class="1004" name="data_8_fu_14648">
<pin_list>
<pin id="14649" dir="0" index="0" bw="16" slack="0"/>
<pin id="14650" dir="0" index="1" bw="128" slack="0"/>
<pin id="14651" dir="0" index="2" bw="6" slack="0"/>
<pin id="14652" dir="0" index="3" bw="6" slack="0"/>
<pin id="14653" dir="1" index="4" bw="16" slack="2"/>
</pin_list>
<bind>
<opcode="partselect(1002) " fcode="partselect"/>
<opset="data_8/1 "/>
</bind>
</comp>

<comp id="14658" class="1004" name="data_9_fu_14658">
<pin_list>
<pin id="14659" dir="0" index="0" bw="16" slack="0"/>
<pin id="14660" dir="0" index="1" bw="128" slack="0"/>
<pin id="14661" dir="0" index="2" bw="7" slack="0"/>
<pin id="14662" dir="0" index="3" bw="7" slack="0"/>
<pin id="14663" dir="1" index="4" bw="16" slack="2"/>
</pin_list>
<bind>
<opcode="partselect(1002) " fcode="partselect"/>
<opset="data_9/1 "/>
</bind>
</comp>

<comp id="14668" class="1004" name="data_10_fu_14668">
<pin_list>
<pin id="14669" dir="0" index="0" bw="16" slack="0"/>
<pin id="14670" dir="0" index="1" bw="128" slack="0"/>
<pin id="14671" dir="0" index="2" bw="7" slack="0"/>
<pin id="14672" dir="0" index="3" bw="7" slack="0"/>
<pin id="14673" dir="1" index="4" bw="16" slack="2"/>
</pin_list>
<bind>
<opcode="partselect(1002) " fcode="partselect"/>
<opset="data_10/1 "/>
</bind>
</comp>

<comp id="14678" class="1004" name="data_11_fu_14678">
<pin_list>
<pin id="14679" dir="0" index="0" bw="16" slack="0"/>
<pin id="14680" dir="0" index="1" bw="128" slack="0"/>
<pin id="14681" dir="0" index="2" bw="8" slack="0"/>
<pin id="14682" dir="0" index="3" bw="8" slack="0"/>
<pin id="14683" dir="1" index="4" bw="16" slack="1"/>
</pin_list>
<bind>
<opcode="partselect(1002) " fcode="partselect"/>
<opset="data_11/1 "/>
</bind>
</comp>

<comp id="14688" class="1004" name="data_12_fu_14688">
<pin_list>
<pin id="14689" dir="0" index="0" bw="16" slack="0"/>
<pin id="14690" dir="0" index="1" bw="128" slack="0"/>
<pin id="14691" dir="0" index="2" bw="8" slack="0"/>
<pin id="14692" dir="0" index="3" bw="8" slack="0"/>
<pin id="14693" dir="1" index="4" bw="16" slack="2"/>
</pin_list>
<bind>
<opcode="partselect(1002) " fcode="partselect"/>
<opset="data_12/1 "/>
</bind>
</comp>

<comp id="14698" class="1004" name="data_13_fu_14698">
<pin_list>
<pin id="14699" dir="0" index="0" bw="16" slack="0"/>
<pin id="14700" dir="0" index="1" bw="128" slack="0"/>
<pin id="14701" dir="0" index="2" bw="8" slack="0"/>
<pin id="14702" dir="0" index="3" bw="8" slack="0"/>
<pin id="14703" dir="1" index="4" bw="16" slack="2"/>
</pin_list>
<bind>
<opcode="partselect(1002) " fcode="partselect"/>
<opset="data_13/1 "/>
</bind>
</comp>

<comp id="14708" class="1004" name="data_14_fu_14708">
<pin_list>
<pin id="14709" dir="0" index="0" bw="16" slack="0"/>
<pin id="14710" dir="0" index="1" bw="128" slack="0"/>
<pin id="14711" dir="0" index="2" bw="8" slack="0"/>
<pin id="14712" dir="0" index="3" bw="8" slack="0"/>
<pin id="14713" dir="1" index="4" bw="16" slack="2"/>
</pin_list>
<bind>
<opcode="partselect(1002) " fcode="partselect"/>
<opset="data_14/1 "/>
</bind>
</comp>

<comp id="14718" class="1004" name="add_ln67_fu_14718">
<pin_list>
<pin id="14719" dir="0" index="0" bw="10" slack="0"/>
<pin id="14720" dir="0" index="1" bw="1" slack="0"/>
<pin id="14721" dir="1" index="2" bw="10" slack="0"/>
</pin_list>
<bind>
<opcode="add(8) " fcode="add"/>
<opset="add_ln67/1 "/>
</bind>
</comp>

<comp id="14724" class="1004" name="icmp_ln67_fu_14724">
<pin_list>
<pin id="14725" dir="0" index="0" bw="10" slack="0"/>
<pin id="14726" dir="0" index="1" bw="1" slack="0"/>
<pin id="14727" dir="1" index="2" bw="1" slack="4"/>
</pin_list>
<bind>
<opcode="icmp(45) " fcode="icmp"/>
<opset="icmp_ln67/1 "/>
</bind>
</comp>

<comp id="14730" class="1004" name="store_ln67_store_fu_14730">
<pin_list>
<pin id="14731" dir="0" index="0" bw="10" slack="0"/>
<pin id="14732" dir="0" index="1" bw="10" slack="0"/>
<pin id="14733" dir="1" index="2" bw="0" slack="2147483647"/>
</pin_list>
<bind>
<opcode="store(28) " fcode="store"/>
<opset="store_ln67/1 "/>
</bind>
</comp>

<comp id="14735" class="1004" name="sext_ln70_2_fu_14735">
<pin_list>
<pin id="14736" dir="0" index="0" bw="16" slack="1"/>
<pin id="14737" dir="1" index="1" bw="24" slack="0"/>
</pin_list>
<bind>
<opcode="sext(35) " fcode="sext"/>
<opset="sext_ln70_2/2 "/>
</bind>
</comp>

<comp id="14739" class="1004" name="trunc_ln_fu_14739">
<pin_list>
<pin id="14740" dir="0" index="0" bw="14" slack="0"/>
<pin id="14741" dir="0" index="1" bw="24" slack="0"/>
<pin id="14742" dir="0" index="2" bw="5" slack="0"/>
<pin id="14743" dir="0" index="3" bw="6" slack="0"/>
<pin id="14744" dir="1" index="4" bw="14" slack="1"/>
</pin_list>
<bind>
<opcode="partselect(1002) " fcode="partselect"/>
<opset="trunc_ln/2 "/>
</bind>
</comp>

<comp id="14749" class="1004" name="sext_ln70_11_fu_14749">
<pin_list>
<pin id="14750" dir="0" index="0" bw="16" slack="1"/>
<pin id="14751" dir="1" index="1" bw="23" slack="0"/>
</pin_list>
<bind>
<opcode="sext(35) " fcode="sext"/>
<opset="sext_ln70_11/2 "/>
</bind>
</comp>

<comp id="14753" class="1004" name="trunc_ln42_38_fu_14753">
<pin_list>
<pin id="14754" dir="0" index="0" bw="13" slack="0"/>
<pin id="14755" dir="0" index="1" bw="23" slack="0"/>
<pin id="14756" dir="0" index="2" bw="5" slack="0"/>
<pin id="14757" dir="0" index="3" bw="6" slack="0"/>
<pin id="14758" dir="1" index="4" bw="13" slack="1"/>
</pin_list>
<bind>
<opcode="partselect(1002) " fcode="partselect"/>
<opset="trunc_ln42_38/2 "/>
</bind>
</comp>

<comp id="14763" class="1004" name="sext_ln70_fu_14763">
<pin_list>
<pin id="14764" dir="0" index="0" bw="16" slack="2"/>
<pin id="14765" dir="1" index="1" bw="25" slack="0"/>
</pin_list>
<bind>
<opcode="sext(35) " fcode="sext"/>
<opset="sext_ln70/3 "/>
</bind>
</comp>

<comp id="14768" class="1004" name="sext_ln70_1_fu_14768">
<pin_list>
<pin id="14769" dir="0" index="0" bw="16" slack="2"/>
<pin id="14770" dir="1" index="1" bw="26" slack="0"/>
</pin_list>
<bind>
<opcode="sext(35) " fcode="sext"/>
<opset="sext_ln70_1/3 "/>
</bind>
</comp>

<comp id="14775" class="1004" name="sext_ln73_fu_14775">
<pin_list>
<pin id="14776" dir="0" index="0" bw="14" slack="1"/>
<pin id="14777" dir="1" index="1" bw="15" slack="0"/>
</pin_list>
<bind>
<opcode="sext(35) " fcode="sext"/>
<opset="sext_ln73/3 "/>
</bind>
</comp>

<comp id="14778" class="1004" name="tmp_fu_14778">
<pin_list>
<pin id="14779" dir="0" index="0" bw="22" slack="0"/>
<pin id="14780" dir="0" index="1" bw="16" slack="2"/>
<pin id="14781" dir="0" index="2" bw="1" slack="0"/>
<pin id="14782" dir="1" index="3" bw="22" slack="0"/>
</pin_list>
<bind>
<opcode="bitconcatenate(1004) " fcode="bitconcatenate"/>
<opset="tmp/3 "/>
</bind>
</comp>

<comp id="14785" class="1004" name="sext_ln73_5_fu_14785">
<pin_list>
<pin id="14786" dir="0" index="0" bw="22" slack="0"/>
<pin id="14787" dir="1" index="1" bw="23" slack="0"/>
</pin_list>
<bind>
<opcode="sext(35) " fcode="sext"/>
<opset="sext_ln73_5/3 "/>
</bind>
</comp>

<comp id="14789" class="1004" name="tmp_5_fu_14789">
<pin_list>
<pin id="14790" dir="0" index="0" bw="19" slack="0"/>
<pin id="14791" dir="0" index="1" bw="16" slack="2"/>
<pin id="14792" dir="0" index="2" bw="1" slack="0"/>
<pin id="14793" dir="1" index="3" bw="19" slack="0"/>
</pin_list>
<bind>
<opcode="bitconcatenate(1004) " fcode="bitconcatenate"/>
<opset="tmp_5/3 "/>
</bind>
</comp>

<comp id="14796" class="1004" name="sext_ln73_6_fu_14796">
<pin_list>
<pin id="14797" dir="0" index="0" bw="19" slack="0"/>
<pin id="14798" dir="1" index="1" bw="23" slack="0"/>
</pin_list>
<bind>
<opcode="sext(35) " fcode="sext"/>
<opset="sext_ln73_6/3 "/>
</bind>
</comp>

<comp id="14800" class="1004" name="sub_ln73_fu_14800">
<pin_list>
<pin id="14801" dir="0" index="0" bw="19" slack="0"/>
<pin id="14802" dir="0" index="1" bw="22" slack="0"/>
<pin id="14803" dir="1" index="2" bw="23" slack="0"/>
</pin_list>
<bind>
<opcode="sub(10) " fcode="sub"/>
<opset="sub_ln73/3 "/>
</bind>
</comp>

<comp id="14806" class="1004" name="trunc_ln42_1_fu_14806">
<pin_list>
<pin id="14807" dir="0" index="0" bw="13" slack="0"/>
<pin id="14808" dir="0" index="1" bw="23" slack="0"/>
<pin id="14809" dir="0" index="2" bw="5" slack="0"/>
<pin id="14810" dir="0" index="3" bw="6" slack="0"/>
<pin id="14811" dir="1" index="4" bw="13" slack="0"/>
</pin_list>
<bind>
<opcode="partselect(1002) " fcode="partselect"/>
<opset="trunc_ln42_1/3 "/>
</bind>
</comp>

<comp id="14816" class="1004" name="sext_ln73_1_fu_14816">
<pin_list>
<pin id="14817" dir="0" index="0" bw="13" slack="0"/>
<pin id="14818" dir="1" index="1" bw="14" slack="0"/>
</pin_list>
<bind>
<opcode="sext(35) " fcode="sext"/>
<opset="sext_ln73_1/3 "/>
</bind>
</comp>

<comp id="14820" class="1004" name="trunc_ln42_2_fu_14820">
<pin_list>
<pin id="14821" dir="0" index="0" bw="16" slack="0"/>
<pin id="14822" dir="0" index="1" bw="26" slack="0"/>
<pin id="14823" dir="0" index="2" bw="5" slack="0"/>
<pin id="14824" dir="0" index="3" bw="6" slack="0"/>
<pin id="14825" dir="1" index="4" bw="16" slack="1"/>
</pin_list>
<bind>
<opcode="partselect(1002) " fcode="partselect"/>
<opset="trunc_ln42_2/3 "/>
</bind>
</comp>

<comp id="14830" class="1004" name="trunc_ln42_3_fu_14830">
<pin_list>
<pin id="14831" dir="0" index="0" bw="16" slack="0"/>
<pin id="14832" dir="0" index="1" bw="26" slack="0"/>
<pin id="14833" dir="0" index="2" bw="5" slack="0"/>
<pin id="14834" dir="0" index="3" bw="6" slack="0"/>
<pin id="14835" dir="1" index="4" bw="16" slack="1"/>
</pin_list>
<bind>
<opcode="partselect(1002) " fcode="partselect"/>
<opset="trunc_ln42_3/3 "/>
</bind>
</comp>

<comp id="14840" class="1004" name="trunc_ln42_4_fu_14840">
<pin_list>
<pin id="14841" dir="0" index="0" bw="16" slack="0"/>
<pin id="14842" dir="0" index="1" bw="26" slack="0"/>
<pin id="14843" dir="0" index="2" bw="5" slack="0"/>
<pin id="14844" dir="0" index="3" bw="6" slack="0"/>
<pin id="14845" dir="1" index="4" bw="16" slack="1"/>
</pin_list>
<bind>
<opcode="partselect(1002) " fcode="partselect"/>
<opset="trunc_ln42_4/3 "/>
</bind>
</comp>

<comp id="14850" class="1004" name="trunc_ln42_5_fu_14850">
<pin_list>
<pin id="14851" dir="0" index="0" bw="15" slack="0"/>
<pin id="14852" dir="0" index="1" bw="25" slack="0"/>
<pin id="14853" dir="0" index="2" bw="5" slack="0"/>
<pin id="14854" dir="0" index="3" bw="6" slack="0"/>
<pin id="14855" dir="1" index="4" bw="15" slack="1"/>
</pin_list>
<bind>
<opcode="partselect(1002) " fcode="partselect"/>
<opset="trunc_ln42_5/3 "/>
</bind>
</comp>

<comp id="14860" class="1004" name="trunc_ln42_6_fu_14860">
<pin_list>
<pin id="14861" dir="0" index="0" bw="16" slack="0"/>
<pin id="14862" dir="0" index="1" bw="26" slack="0"/>
<pin id="14863" dir="0" index="2" bw="5" slack="0"/>
<pin id="14864" dir="0" index="3" bw="6" slack="0"/>
<pin id="14865" dir="1" index="4" bw="16" slack="1"/>
</pin_list>
<bind>
<opcode="partselect(1002) " fcode="partselect"/>
<opset="trunc_ln42_6/3 "/>
</bind>
</comp>

<comp id="14870" class="1004" name="trunc_ln42_7_fu_14870">
<pin_list>
<pin id="14871" dir="0" index="0" bw="15" slack="0"/>
<pin id="14872" dir="0" index="1" bw="25" slack="0"/>
<pin id="14873" dir="0" index="2" bw="5" slack="0"/>
<pin id="14874" dir="0" index="3" bw="6" slack="0"/>
<pin id="14875" dir="1" index="4" bw="15" slack="1"/>
</pin_list>
<bind>
<opcode="partselect(1002) " fcode="partselect"/>
<opset="trunc_ln42_7/3 "/>
</bind>
</comp>

<comp id="14880" class="1004" name="sext_ln42_2_fu_14880">
<pin_list>
<pin id="14881" dir="0" index="0" bw="16" slack="2"/>
<pin id="14882" dir="1" index="1" bw="26" slack="0"/>
</pin_list>
<bind>
<opcode="sext(35) " fcode="sext"/>
<opset="sext_ln42_2/3 "/>
</bind>
</comp>

<comp id="14886" class="1004" name="sext_ln70_3_fu_14886">
<pin_list>
<pin id="14887" dir="0" index="0" bw="16" slack="2"/>
<pin id="14888" dir="1" index="1" bw="23" slack="0"/>
</pin_list>
<bind>
<opcode="sext(35) " fcode="sext"/>
<opset="sext_ln70_3/3 "/>
</bind>
</comp>

<comp id="14890" class="1004" name="sext_ln70_4_fu_14890">
<pin_list>
<pin id="14891" dir="0" index="0" bw="16" slack="2"/>
<pin id="14892" dir="1" index="1" bw="22" slack="0"/>
</pin_list>
<bind>
<opcode="sext(35) " fcode="sext"/>
<opset="sext_ln70_4/3 "/>
</bind>
</comp>

<comp id="14893" class="1004" name="sext_ln70_5_fu_14893">
<pin_list>
<pin id="14894" dir="0" index="0" bw="16" slack="2"/>
<pin id="14895" dir="1" index="1" bw="25" slack="0"/>
</pin_list>
<bind>
<opcode="sext(35) " fcode="sext"/>
<opset="sext_ln70_5/3 "/>
</bind>
</comp>

<comp id="14899" class="1004" name="trunc_ln42_8_fu_14899">
<pin_list>
<pin id="14900" dir="0" index="0" bw="16" slack="0"/>
<pin id="14901" dir="0" index="1" bw="26" slack="0"/>
<pin id="14902" dir="0" index="2" bw="5" slack="0"/>
<pin id="14903" dir="0" index="3" bw="6" slack="0"/>
<pin id="14904" dir="1" index="4" bw="16" slack="1"/>
</pin_list>
<bind>
<opcode="partselect(1002) " fcode="partselect"/>
<opset="trunc_ln42_8/3 "/>
</bind>
</comp>

<comp id="14909" class="1004" name="trunc_ln42_9_fu_14909">
<pin_list>
<pin id="14910" dir="0" index="0" bw="15" slack="0"/>
<pin id="14911" dir="0" index="1" bw="25" slack="0"/>
<pin id="14912" dir="0" index="2" bw="5" slack="0"/>
<pin id="14913" dir="0" index="3" bw="6" slack="0"/>
<pin id="14914" dir="1" index="4" bw="15" slack="1"/>
</pin_list>
<bind>
<opcode="partselect(1002) " fcode="partselect"/>
<opset="trunc_ln42_9/3 "/>
</bind>
</comp>

<comp id="14919" class="1004" name="tmp_6_fu_14919">
<pin_list>
<pin id="14920" dir="0" index="0" bw="20" slack="0"/>
<pin id="14921" dir="0" index="1" bw="16" slack="2"/>
<pin id="14922" dir="0" index="2" bw="1" slack="0"/>
<pin id="14923" dir="1" index="3" bw="20" slack="0"/>
</pin_list>
<bind>
<opcode="bitconcatenate(1004) " fcode="bitconcatenate"/>
<opset="tmp_6/3 "/>
</bind>
</comp>

<comp id="14926" class="1004" name="sext_ln73_7_fu_14926">
<pin_list>
<pin id="14927" dir="0" index="0" bw="20" slack="0"/>
<pin id="14928" dir="1" index="1" bw="22" slack="0"/>
</pin_list>
<bind>
<opcode="sext(35) " fcode="sext"/>
<opset="sext_ln73_7/3 "/>
</bind>
</comp>

<comp id="14930" class="1004" name="sub_ln73_1_fu_14930">
<pin_list>
<pin id="14931" dir="0" index="0" bw="1" slack="0"/>
<pin id="14932" dir="0" index="1" bw="20" slack="0"/>
<pin id="14933" dir="1" index="2" bw="22" slack="0"/>
</pin_list>
<bind>
<opcode="sub(10) " fcode="sub"/>
<opset="sub_ln73_1/3 "/>
</bind>
</comp>

<comp id="14936" class="1004" name="sub_ln73_2_fu_14936">
<pin_list>
<pin id="14937" dir="0" index="0" bw="22" slack="0"/>
<pin id="14938" dir="0" index="1" bw="16" slack="0"/>
<pin id="14939" dir="1" index="2" bw="22" slack="0"/>
</pin_list>
<bind>
<opcode="sub(10) " fcode="sub"/>
<opset="sub_ln73_2/3 "/>
</bind>
</comp>

<comp id="14942" class="1004" name="trunc_ln42_s_fu_14942">
<pin_list>
<pin id="14943" dir="0" index="0" bw="12" slack="0"/>
<pin id="14944" dir="0" index="1" bw="22" slack="0"/>
<pin id="14945" dir="0" index="2" bw="5" slack="0"/>
<pin id="14946" dir="0" index="3" bw="6" slack="0"/>
<pin id="14947" dir="1" index="4" bw="12" slack="1"/>
</pin_list>
<bind>
<opcode="partselect(1002) " fcode="partselect"/>
<opset="trunc_ln42_s/3 "/>
</bind>
</comp>

<comp id="14952" class="1004" name="trunc_ln42_10_fu_14952">
<pin_list>
<pin id="14953" dir="0" index="0" bw="16" slack="0"/>
<pin id="14954" dir="0" index="1" bw="26" slack="0"/>
<pin id="14955" dir="0" index="2" bw="5" slack="0"/>
<pin id="14956" dir="0" index="3" bw="6" slack="0"/>
<pin id="14957" dir="1" index="4" bw="16" slack="1"/>
</pin_list>
<bind>
<opcode="partselect(1002) " fcode="partselect"/>
<opset="trunc_ln42_10/3 "/>
</bind>
</comp>

<comp id="14962" class="1004" name="trunc_ln42_11_fu_14962">
<pin_list>
<pin id="14963" dir="0" index="0" bw="13" slack="0"/>
<pin id="14964" dir="0" index="1" bw="23" slack="0"/>
<pin id="14965" dir="0" index="2" bw="5" slack="0"/>
<pin id="14966" dir="0" index="3" bw="6" slack="0"/>
<pin id="14967" dir="1" index="4" bw="13" slack="1"/>
</pin_list>
<bind>
<opcode="partselect(1002) " fcode="partselect"/>
<opset="trunc_ln42_11/3 "/>
</bind>
</comp>

<comp id="14972" class="1004" name="trunc_ln42_12_fu_14972">
<pin_list>
<pin id="14973" dir="0" index="0" bw="15" slack="0"/>
<pin id="14974" dir="0" index="1" bw="25" slack="0"/>
<pin id="14975" dir="0" index="2" bw="5" slack="0"/>
<pin id="14976" dir="0" index="3" bw="6" slack="0"/>
<pin id="14977" dir="1" index="4" bw="15" slack="1"/>
</pin_list>
<bind>
<opcode="partselect(1002) " fcode="partselect"/>
<opset="trunc_ln42_12/3 "/>
</bind>
</comp>

<comp id="14982" class="1004" name="trunc_ln42_13_fu_14982">
<pin_list>
<pin id="14983" dir="0" index="0" bw="15" slack="0"/>
<pin id="14984" dir="0" index="1" bw="25" slack="0"/>
<pin id="14985" dir="0" index="2" bw="5" slack="0"/>
<pin id="14986" dir="0" index="3" bw="6" slack="0"/>
<pin id="14987" dir="1" index="4" bw="15" slack="1"/>
</pin_list>
<bind>
<opcode="partselect(1002) " fcode="partselect"/>
<opset="trunc_ln42_13/3 "/>
</bind>
</comp>

<comp id="14992" class="1004" name="trunc_ln42_14_fu_14992">
<pin_list>
<pin id="14993" dir="0" index="0" bw="16" slack="0"/>
<pin id="14994" dir="0" index="1" bw="26" slack="0"/>
<pin id="14995" dir="0" index="2" bw="5" slack="0"/>
<pin id="14996" dir="0" index="3" bw="6" slack="0"/>
<pin id="14997" dir="1" index="4" bw="16" slack="1"/>
</pin_list>
<bind>
<opcode="partselect(1002) " fcode="partselect"/>
<opset="trunc_ln42_14/3 "/>
</bind>
</comp>

<comp id="15002" class="1004" name="sext_ln70_6_fu_15002">
<pin_list>
<pin id="15003" dir="0" index="0" bw="16" slack="2"/>
<pin id="15004" dir="1" index="1" bw="26" slack="0"/>
</pin_list>
<bind>
<opcode="sext(35) " fcode="sext"/>
<opset="sext_ln70_6/3 "/>
</bind>
</comp>

<comp id="15012" class="1004" name="sext_ln70_7_fu_15012">
<pin_list>
<pin id="15013" dir="0" index="0" bw="16" slack="2"/>
<pin id="15014" dir="1" index="1" bw="25" slack="0"/>
</pin_list>
<bind>
<opcode="sext(35) " fcode="sext"/>
<opset="sext_ln70_7/3 "/>
</bind>
</comp>

<comp id="15016" class="1004" name="trunc_ln42_15_fu_15016">
<pin_list>
<pin id="15017" dir="0" index="0" bw="15" slack="0"/>
<pin id="15018" dir="0" index="1" bw="25" slack="0"/>
<pin id="15019" dir="0" index="2" bw="5" slack="0"/>
<pin id="15020" dir="0" index="3" bw="6" slack="0"/>
<pin id="15021" dir="1" index="4" bw="15" slack="1"/>
</pin_list>
<bind>
<opcode="partselect(1002) " fcode="partselect"/>
<opset="trunc_ln42_15/3 "/>
</bind>
</comp>

<comp id="15026" class="1004" name="trunc_ln42_16_fu_15026">
<pin_list>
<pin id="15027" dir="0" index="0" bw="16" slack="0"/>
<pin id="15028" dir="0" index="1" bw="26" slack="0"/>
<pin id="15029" dir="0" index="2" bw="5" slack="0"/>
<pin id="15030" dir="0" index="3" bw="6" slack="0"/>
<pin id="15031" dir="1" index="4" bw="16" slack="1"/>
</pin_list>
<bind>
<opcode="partselect(1002) " fcode="partselect"/>
<opset="trunc_ln42_16/3 "/>
</bind>
</comp>

<comp id="15036" class="1004" name="trunc_ln42_17_fu_15036">
<pin_list>
<pin id="15037" dir="0" index="0" bw="16" slack="0"/>
<pin id="15038" dir="0" index="1" bw="26" slack="0"/>
<pin id="15039" dir="0" index="2" bw="5" slack="0"/>
<pin id="15040" dir="0" index="3" bw="6" slack="0"/>
<pin id="15041" dir="1" index="4" bw="16" slack="1"/>
</pin_list>
<bind>
<opcode="partselect(1002) " fcode="partselect"/>
<opset="trunc_ln42_17/3 "/>
</bind>
</comp>

<comp id="15046" class="1004" name="trunc_ln42_18_fu_15046">
<pin_list>
<pin id="15047" dir="0" index="0" bw="16" slack="0"/>
<pin id="15048" dir="0" index="1" bw="26" slack="0"/>
<pin id="15049" dir="0" index="2" bw="5" slack="0"/>
<pin id="15050" dir="0" index="3" bw="6" slack="0"/>
<pin id="15051" dir="1" index="4" bw="16" slack="1"/>
</pin_list>
<bind>
<opcode="partselect(1002) " fcode="partselect"/>
<opset="trunc_ln42_18/3 "/>
</bind>
</comp>

<comp id="15056" class="1004" name="trunc_ln42_19_fu_15056">
<pin_list>
<pin id="15057" dir="0" index="0" bw="16" slack="0"/>
<pin id="15058" dir="0" index="1" bw="26" slack="0"/>
<pin id="15059" dir="0" index="2" bw="5" slack="0"/>
<pin id="15060" dir="0" index="3" bw="6" slack="0"/>
<pin id="15061" dir="1" index="4" bw="16" slack="1"/>
</pin_list>
<bind>
<opcode="partselect(1002) " fcode="partselect"/>
<opset="trunc_ln42_19/3 "/>
</bind>
</comp>

<comp id="15066" class="1004" name="trunc_ln42_20_fu_15066">
<pin_list>
<pin id="15067" dir="0" index="0" bw="16" slack="0"/>
<pin id="15068" dir="0" index="1" bw="26" slack="0"/>
<pin id="15069" dir="0" index="2" bw="5" slack="0"/>
<pin id="15070" dir="0" index="3" bw="6" slack="0"/>
<pin id="15071" dir="1" index="4" bw="16" slack="1"/>
</pin_list>
<bind>
<opcode="partselect(1002) " fcode="partselect"/>
<opset="trunc_ln42_20/3 "/>
</bind>
</comp>

<comp id="15076" class="1004" name="trunc_ln42_21_fu_15076">
<pin_list>
<pin id="15077" dir="0" index="0" bw="16" slack="0"/>
<pin id="15078" dir="0" index="1" bw="26" slack="0"/>
<pin id="15079" dir="0" index="2" bw="5" slack="0"/>
<pin id="15080" dir="0" index="3" bw="6" slack="0"/>
<pin id="15081" dir="1" index="4" bw="16" slack="1"/>
</pin_list>
<bind>
<opcode="partselect(1002) " fcode="partselect"/>
<opset="trunc_ln42_21/3 "/>
</bind>
</comp>

<comp id="15086" class="1004" name="trunc_ln42_22_fu_15086">
<pin_list>
<pin id="15087" dir="0" index="0" bw="16" slack="0"/>
<pin id="15088" dir="0" index="1" bw="26" slack="0"/>
<pin id="15089" dir="0" index="2" bw="5" slack="0"/>
<pin id="15090" dir="0" index="3" bw="6" slack="0"/>
<pin id="15091" dir="1" index="4" bw="16" slack="1"/>
</pin_list>
<bind>
<opcode="partselect(1002) " fcode="partselect"/>
<opset="trunc_ln42_22/3 "/>
</bind>
</comp>

<comp id="15096" class="1004" name="sext_ln70_8_fu_15096">
<pin_list>
<pin id="15097" dir="0" index="0" bw="16" slack="2"/>
<pin id="15098" dir="1" index="1" bw="20" slack="0"/>
</pin_list>
<bind>
<opcode="sext(35) " fcode="sext"/>
<opset="sext_ln70_8/3 "/>
</bind>
</comp>

<comp id="15099" class="1004" name="sext_ln70_9_fu_15099">
<pin_list>
<pin id="15100" dir="0" index="0" bw="16" slack="2"/>
<pin id="15101" dir="1" index="1" bw="26" slack="0"/>
</pin_list>
<bind>
<opcode="sext(35) " fcode="sext"/>
<opset="sext_ln70_9/3 "/>
</bind>
</comp>

<comp id="15108" class="1004" name="sext_ln70_10_fu_15108">
<pin_list>
<pin id="15109" dir="0" index="0" bw="16" slack="2"/>
<pin id="15110" dir="1" index="1" bw="25" slack="0"/>
</pin_list>
<bind>
<opcode="sext(35) " fcode="sext"/>
<opset="sext_ln70_10/3 "/>
</bind>
</comp>

<comp id="15112" class="1004" name="trunc_ln42_23_fu_15112">
<pin_list>
<pin id="15113" dir="0" index="0" bw="15" slack="0"/>
<pin id="15114" dir="0" index="1" bw="25" slack="0"/>
<pin id="15115" dir="0" index="2" bw="5" slack="0"/>
<pin id="15116" dir="0" index="3" bw="6" slack="0"/>
<pin id="15117" dir="1" index="4" bw="15" slack="1"/>
</pin_list>
<bind>
<opcode="partselect(1002) " fcode="partselect"/>
<opset="trunc_ln42_23/3 "/>
</bind>
</comp>

<comp id="15122" class="1004" name="trunc_ln42_24_fu_15122">
<pin_list>
<pin id="15123" dir="0" index="0" bw="16" slack="0"/>
<pin id="15124" dir="0" index="1" bw="26" slack="0"/>
<pin id="15125" dir="0" index="2" bw="5" slack="0"/>
<pin id="15126" dir="0" index="3" bw="6" slack="0"/>
<pin id="15127" dir="1" index="4" bw="16" slack="1"/>
</pin_list>
<bind>
<opcode="partselect(1002) " fcode="partselect"/>
<opset="trunc_ln42_24/3 "/>
</bind>
</comp>

<comp id="15132" class="1004" name="tmp_7_fu_15132">
<pin_list>
<pin id="15133" dir="0" index="0" bw="19" slack="0"/>
<pin id="15134" dir="0" index="1" bw="16" slack="2"/>
<pin id="15135" dir="0" index="2" bw="1" slack="0"/>
<pin id="15136" dir="1" index="3" bw="19" slack="0"/>
</pin_list>
<bind>
<opcode="bitconcatenate(1004) " fcode="bitconcatenate"/>
<opset="tmp_7/3 "/>
</bind>
</comp>

<comp id="15139" class="1004" name="sext_ln73_8_fu_15139">
<pin_list>
<pin id="15140" dir="0" index="0" bw="19" slack="0"/>
<pin id="15141" dir="1" index="1" bw="20" slack="0"/>
</pin_list>
<bind>
<opcode="sext(35) " fcode="sext"/>
<opset="sext_ln73_8/3 "/>
</bind>
</comp>

<comp id="15143" class="1004" name="sub_ln73_3_fu_15143">
<pin_list>
<pin id="15144" dir="0" index="0" bw="19" slack="0"/>
<pin id="15145" dir="0" index="1" bw="16" slack="0"/>
<pin id="15146" dir="1" index="2" bw="20" slack="0"/>
</pin_list>
<bind>
<opcode="sub(10) " fcode="sub"/>
<opset="sub_ln73_3/3 "/>
</bind>
</comp>

<comp id="15149" class="1004" name="trunc_ln42_25_fu_15149">
<pin_list>
<pin id="15150" dir="0" index="0" bw="10" slack="0"/>
<pin id="15151" dir="0" index="1" bw="20" slack="0"/>
<pin id="15152" dir="0" index="2" bw="5" slack="0"/>
<pin id="15153" dir="0" index="3" bw="6" slack="0"/>
<pin id="15154" dir="1" index="4" bw="10" slack="0"/>
</pin_list>
<bind>
<opcode="partselect(1002) " fcode="partselect"/>
<opset="trunc_ln42_25/3 "/>
</bind>
</comp>

<comp id="15159" class="1004" name="sext_ln73_4_fu_15159">
<pin_list>
<pin id="15160" dir="0" index="0" bw="10" slack="0"/>
<pin id="15161" dir="1" index="1" bw="11" slack="0"/>
</pin_list>
<bind>
<opcode="sext(35) " fcode="sext"/>
<opset="sext_ln73_4/3 "/>
</bind>
</comp>

<comp id="15163" class="1004" name="trunc_ln42_26_fu_15163">
<pin_list>
<pin id="15164" dir="0" index="0" bw="16" slack="0"/>
<pin id="15165" dir="0" index="1" bw="26" slack="0"/>
<pin id="15166" dir="0" index="2" bw="5" slack="0"/>
<pin id="15167" dir="0" index="3" bw="6" slack="0"/>
<pin id="15168" dir="1" index="4" bw="16" slack="1"/>
</pin_list>
<bind>
<opcode="partselect(1002) " fcode="partselect"/>
<opset="trunc_ln42_26/3 "/>
</bind>
</comp>

<comp id="15173" class="1004" name="trunc_ln42_27_fu_15173">
<pin_list>
<pin id="15174" dir="0" index="0" bw="16" slack="0"/>
<pin id="15175" dir="0" index="1" bw="26" slack="0"/>
<pin id="15176" dir="0" index="2" bw="5" slack="0"/>
<pin id="15177" dir="0" index="3" bw="6" slack="0"/>
<pin id="15178" dir="1" index="4" bw="16" slack="1"/>
</pin_list>
<bind>
<opcode="partselect(1002) " fcode="partselect"/>
<opset="trunc_ln42_27/3 "/>
</bind>
</comp>

<comp id="15183" class="1004" name="trunc_ln42_28_fu_15183">
<pin_list>
<pin id="15184" dir="0" index="0" bw="16" slack="0"/>
<pin id="15185" dir="0" index="1" bw="26" slack="0"/>
<pin id="15186" dir="0" index="2" bw="5" slack="0"/>
<pin id="15187" dir="0" index="3" bw="6" slack="0"/>
<pin id="15188" dir="1" index="4" bw="16" slack="1"/>
</pin_list>
<bind>
<opcode="partselect(1002) " fcode="partselect"/>
<opset="trunc_ln42_28/3 "/>
</bind>
</comp>

<comp id="15193" class="1004" name="trunc_ln42_29_fu_15193">
<pin_list>
<pin id="15194" dir="0" index="0" bw="16" slack="0"/>
<pin id="15195" dir="0" index="1" bw="26" slack="0"/>
<pin id="15196" dir="0" index="2" bw="5" slack="0"/>
<pin id="15197" dir="0" index="3" bw="6" slack="0"/>
<pin id="15198" dir="1" index="4" bw="16" slack="1"/>
</pin_list>
<bind>
<opcode="partselect(1002) " fcode="partselect"/>
<opset="trunc_ln42_29/3 "/>
</bind>
</comp>

<comp id="15203" class="1004" name="trunc_ln42_30_fu_15203">
<pin_list>
<pin id="15204" dir="0" index="0" bw="16" slack="0"/>
<pin id="15205" dir="0" index="1" bw="26" slack="0"/>
<pin id="15206" dir="0" index="2" bw="5" slack="0"/>
<pin id="15207" dir="0" index="3" bw="6" slack="0"/>
<pin id="15208" dir="1" index="4" bw="16" slack="1"/>
</pin_list>
<bind>
<opcode="partselect(1002) " fcode="partselect"/>
<opset="trunc_ln42_30/3 "/>
</bind>
</comp>

<comp id="15213" class="1004" name="sext_ln70_12_fu_15213">
<pin_list>
<pin id="15214" dir="0" index="0" bw="16" slack="2"/>
<pin id="15215" dir="1" index="1" bw="26" slack="0"/>
</pin_list>
<bind>
<opcode="sext(35) " fcode="sext"/>
<opset="sext_ln70_12/3 "/>
</bind>
</comp>

<comp id="15223" class="1004" name="trunc_ln42_31_fu_15223">
<pin_list>
<pin id="15224" dir="0" index="0" bw="16" slack="0"/>
<pin id="15225" dir="0" index="1" bw="26" slack="0"/>
<pin id="15226" dir="0" index="2" bw="5" slack="0"/>
<pin id="15227" dir="0" index="3" bw="6" slack="0"/>
<pin id="15228" dir="1" index="4" bw="16" slack="1"/>
</pin_list>
<bind>
<opcode="partselect(1002) " fcode="partselect"/>
<opset="trunc_ln42_31/3 "/>
</bind>
</comp>

<comp id="15233" class="1004" name="trunc_ln42_32_fu_15233">
<pin_list>
<pin id="15234" dir="0" index="0" bw="16" slack="0"/>
<pin id="15235" dir="0" index="1" bw="26" slack="0"/>
<pin id="15236" dir="0" index="2" bw="5" slack="0"/>
<pin id="15237" dir="0" index="3" bw="6" slack="0"/>
<pin id="15238" dir="1" index="4" bw="16" slack="1"/>
</pin_list>
<bind>
<opcode="partselect(1002) " fcode="partselect"/>
<opset="trunc_ln42_32/3 "/>
</bind>
</comp>

<comp id="15243" class="1004" name="trunc_ln42_33_fu_15243">
<pin_list>
<pin id="15244" dir="0" index="0" bw="16" slack="0"/>
<pin id="15245" dir="0" index="1" bw="26" slack="0"/>
<pin id="15246" dir="0" index="2" bw="5" slack="0"/>
<pin id="15247" dir="0" index="3" bw="6" slack="0"/>
<pin id="15248" dir="1" index="4" bw="16" slack="1"/>
</pin_list>
<bind>
<opcode="partselect(1002) " fcode="partselect"/>
<opset="trunc_ln42_33/3 "/>
</bind>
</comp>

<comp id="15253" class="1004" name="trunc_ln42_34_fu_15253">
<pin_list>
<pin id="15254" dir="0" index="0" bw="16" slack="0"/>
<pin id="15255" dir="0" index="1" bw="26" slack="0"/>
<pin id="15256" dir="0" index="2" bw="5" slack="0"/>
<pin id="15257" dir="0" index="3" bw="6" slack="0"/>
<pin id="15258" dir="1" index="4" bw="16" slack="1"/>
</pin_list>
<bind>
<opcode="partselect(1002) " fcode="partselect"/>
<opset="trunc_ln42_34/3 "/>
</bind>
</comp>

<comp id="15263" class="1004" name="trunc_ln42_35_fu_15263">
<pin_list>
<pin id="15264" dir="0" index="0" bw="16" slack="0"/>
<pin id="15265" dir="0" index="1" bw="26" slack="0"/>
<pin id="15266" dir="0" index="2" bw="5" slack="0"/>
<pin id="15267" dir="0" index="3" bw="6" slack="0"/>
<pin id="15268" dir="1" index="4" bw="16" slack="1"/>
</pin_list>
<bind>
<opcode="partselect(1002) " fcode="partselect"/>
<opset="trunc_ln42_35/3 "/>
</bind>
</comp>

<comp id="15273" class="1004" name="trunc_ln42_36_fu_15273">
<pin_list>
<pin id="15274" dir="0" index="0" bw="16" slack="0"/>
<pin id="15275" dir="0" index="1" bw="26" slack="0"/>
<pin id="15276" dir="0" index="2" bw="5" slack="0"/>
<pin id="15277" dir="0" index="3" bw="6" slack="0"/>
<pin id="15278" dir="1" index="4" bw="16" slack="1"/>
</pin_list>
<bind>
<opcode="partselect(1002) " fcode="partselect"/>
<opset="trunc_ln42_36/3 "/>
</bind>
</comp>

<comp id="15283" class="1004" name="trunc_ln42_37_fu_15283">
<pin_list>
<pin id="15284" dir="0" index="0" bw="16" slack="0"/>
<pin id="15285" dir="0" index="1" bw="26" slack="0"/>
<pin id="15286" dir="0" index="2" bw="5" slack="0"/>
<pin id="15287" dir="0" index="3" bw="6" slack="0"/>
<pin id="15288" dir="1" index="4" bw="16" slack="1"/>
</pin_list>
<bind>
<opcode="partselect(1002) " fcode="partselect"/>
<opset="trunc_ln42_37/3 "/>
</bind>
</comp>

<comp id="15293" class="1004" name="sext_ln70_13_fu_15293">
<pin_list>
<pin id="15294" dir="0" index="0" bw="13" slack="1"/>
<pin id="15295" dir="1" index="1" bw="14" slack="0"/>
</pin_list>
<bind>
<opcode="sext(35) " fcode="sext"/>
<opset="sext_ln70_13/3 "/>
</bind>
</comp>

<comp id="15296" class="1004" name="sext_ln70_14_fu_15296">
<pin_list>
<pin id="15297" dir="0" index="0" bw="16" slack="2"/>
<pin id="15298" dir="1" index="1" bw="25" slack="0"/>
</pin_list>
<bind>
<opcode="sext(35) " fcode="sext"/>
<opset="sext_ln70_14/3 "/>
</bind>
</comp>

<comp id="15300" class="1004" name="sext_ln70_15_fu_15300">
<pin_list>
<pin id="15301" dir="0" index="0" bw="16" slack="2"/>
<pin id="15302" dir="1" index="1" bw="26" slack="0"/>
</pin_list>
<bind>
<opcode="sext(35) " fcode="sext"/>
<opset="sext_ln70_15/3 "/>
</bind>
</comp>

<comp id="15308" class="1004" name="trunc_ln42_39_fu_15308">
<pin_list>
<pin id="15309" dir="0" index="0" bw="16" slack="0"/>
<pin id="15310" dir="0" index="1" bw="26" slack="0"/>
<pin id="15311" dir="0" index="2" bw="5" slack="0"/>
<pin id="15312" dir="0" index="3" bw="6" slack="0"/>
<pin id="15313" dir="1" index="4" bw="16" slack="1"/>
</pin_list>
<bind>
<opcode="partselect(1002) " fcode="partselect"/>
<opset="trunc_ln42_39/3 "/>
</bind>
</comp>

<comp id="15318" class="1004" name="trunc_ln42_40_fu_15318">
<pin_list>
<pin id="15319" dir="0" index="0" bw="16" slack="0"/>
<pin id="15320" dir="0" index="1" bw="26" slack="0"/>
<pin id="15321" dir="0" index="2" bw="5" slack="0"/>
<pin id="15322" dir="0" index="3" bw="6" slack="0"/>
<pin id="15323" dir="1" index="4" bw="16" slack="1"/>
</pin_list>
<bind>
<opcode="partselect(1002) " fcode="partselect"/>
<opset="trunc_ln42_40/3 "/>
</bind>
</comp>

<comp id="15328" class="1004" name="trunc_ln42_41_fu_15328">
<pin_list>
<pin id="15329" dir="0" index="0" bw="15" slack="0"/>
<pin id="15330" dir="0" index="1" bw="25" slack="0"/>
<pin id="15331" dir="0" index="2" bw="5" slack="0"/>
<pin id="15332" dir="0" index="3" bw="6" slack="0"/>
<pin id="15333" dir="1" index="4" bw="15" slack="1"/>
</pin_list>
<bind>
<opcode="partselect(1002) " fcode="partselect"/>
<opset="trunc_ln42_41/3 "/>
</bind>
</comp>

<comp id="15338" class="1004" name="trunc_ln42_42_fu_15338">
<pin_list>
<pin id="15339" dir="0" index="0" bw="16" slack="0"/>
<pin id="15340" dir="0" index="1" bw="26" slack="0"/>
<pin id="15341" dir="0" index="2" bw="5" slack="0"/>
<pin id="15342" dir="0" index="3" bw="6" slack="0"/>
<pin id="15343" dir="1" index="4" bw="16" slack="1"/>
</pin_list>
<bind>
<opcode="partselect(1002) " fcode="partselect"/>
<opset="trunc_ln42_42/3 "/>
</bind>
</comp>

<comp id="15348" class="1004" name="trunc_ln42_43_fu_15348">
<pin_list>
<pin id="15349" dir="0" index="0" bw="16" slack="0"/>
<pin id="15350" dir="0" index="1" bw="26" slack="0"/>
<pin id="15351" dir="0" index="2" bw="5" slack="0"/>
<pin id="15352" dir="0" index="3" bw="6" slack="0"/>
<pin id="15353" dir="1" index="4" bw="16" slack="1"/>
</pin_list>
<bind>
<opcode="partselect(1002) " fcode="partselect"/>
<opset="trunc_ln42_43/3 "/>
</bind>
</comp>

<comp id="15358" class="1004" name="p_shl1_fu_15358">
<pin_list>
<pin id="15359" dir="0" index="0" bw="26" slack="0"/>
<pin id="15360" dir="0" index="1" bw="16" slack="2"/>
<pin id="15361" dir="0" index="2" bw="1" slack="0"/>
<pin id="15362" dir="1" index="3" bw="26" slack="0"/>
</pin_list>
<bind>
<opcode="bitconcatenate(1004) " fcode="bitconcatenate"/>
<opset="p_shl1/3 "/>
</bind>
</comp>

<comp id="15365" class="1004" name="tmp_8_fu_15365">
<pin_list>
<pin id="15366" dir="0" index="0" bw="24" slack="0"/>
<pin id="15367" dir="0" index="1" bw="16" slack="2"/>
<pin id="15368" dir="0" index="2" bw="1" slack="0"/>
<pin id="15369" dir="1" index="3" bw="24" slack="0"/>
</pin_list>
<bind>
<opcode="bitconcatenate(1004) " fcode="bitconcatenate"/>
<opset="tmp_8/3 "/>
</bind>
</comp>

<comp id="15372" class="1004" name="sext_ln42_16_fu_15372">
<pin_list>
<pin id="15373" dir="0" index="0" bw="24" slack="0"/>
<pin id="15374" dir="1" index="1" bw="26" slack="0"/>
</pin_list>
<bind>
<opcode="sext(35) " fcode="sext"/>
<opset="sext_ln42_16/3 "/>
</bind>
</comp>

<comp id="15376" class="1004" name="sub_ln42_fu_15376">
<pin_list>
<pin id="15377" dir="0" index="0" bw="26" slack="0"/>
<pin id="15378" dir="0" index="1" bw="24" slack="0"/>
<pin id="15379" dir="1" index="2" bw="26" slack="0"/>
</pin_list>
<bind>
<opcode="sub(10) " fcode="sub"/>
<opset="sub_ln42/3 "/>
</bind>
</comp>

<comp id="15382" class="1004" name="trunc_ln42_44_fu_15382">
<pin_list>
<pin id="15383" dir="0" index="0" bw="16" slack="0"/>
<pin id="15384" dir="0" index="1" bw="26" slack="0"/>
<pin id="15385" dir="0" index="2" bw="5" slack="0"/>
<pin id="15386" dir="0" index="3" bw="6" slack="0"/>
<pin id="15387" dir="1" index="4" bw="16" slack="1"/>
</pin_list>
<bind>
<opcode="partselect(1002) " fcode="partselect"/>
<opset="trunc_ln42_44/3 "/>
</bind>
</comp>

<comp id="15392" class="1004" name="tmp_9_fu_15392">
<pin_list>
<pin id="15393" dir="0" index="0" bw="22" slack="0"/>
<pin id="15394" dir="0" index="1" bw="16" slack="2"/>
<pin id="15395" dir="0" index="2" bw="1" slack="0"/>
<pin id="15396" dir="1" index="3" bw="22" slack="0"/>
</pin_list>
<bind>
<opcode="bitconcatenate(1004) " fcode="bitconcatenate"/>
<opset="tmp_9/3 "/>
</bind>
</comp>

<comp id="15399" class="1004" name="sext_ln73_9_fu_15399">
<pin_list>
<pin id="15400" dir="0" index="0" bw="22" slack="0"/>
<pin id="15401" dir="1" index="1" bw="23" slack="0"/>
</pin_list>
<bind>
<opcode="sext(35) " fcode="sext"/>
<opset="sext_ln73_9/3 "/>
</bind>
</comp>

<comp id="15403" class="1004" name="tmp_10_fu_15403">
<pin_list>
<pin id="15404" dir="0" index="0" bw="20" slack="0"/>
<pin id="15405" dir="0" index="1" bw="16" slack="2"/>
<pin id="15406" dir="0" index="2" bw="1" slack="0"/>
<pin id="15407" dir="1" index="3" bw="20" slack="0"/>
</pin_list>
<bind>
<opcode="bitconcatenate(1004) " fcode="bitconcatenate"/>
<opset="tmp_10/3 "/>
</bind>
</comp>

<comp id="15410" class="1004" name="sext_ln73_10_fu_15410">
<pin_list>
<pin id="15411" dir="0" index="0" bw="20" slack="0"/>
<pin id="15412" dir="1" index="1" bw="23" slack="0"/>
</pin_list>
<bind>
<opcode="sext(35) " fcode="sext"/>
<opset="sext_ln73_10/3 "/>
</bind>
</comp>

<comp id="15414" class="1004" name="sub_ln73_4_fu_15414">
<pin_list>
<pin id="15415" dir="0" index="0" bw="20" slack="0"/>
<pin id="15416" dir="0" index="1" bw="22" slack="0"/>
<pin id="15417" dir="1" index="2" bw="23" slack="0"/>
</pin_list>
<bind>
<opcode="sub(10) " fcode="sub"/>
<opset="sub_ln73_4/3 "/>
</bind>
</comp>

<comp id="15420" class="1004" name="trunc_ln42_45_fu_15420">
<pin_list>
<pin id="15421" dir="0" index="0" bw="13" slack="0"/>
<pin id="15422" dir="0" index="1" bw="23" slack="0"/>
<pin id="15423" dir="0" index="2" bw="5" slack="0"/>
<pin id="15424" dir="0" index="3" bw="6" slack="0"/>
<pin id="15425" dir="1" index="4" bw="13" slack="0"/>
</pin_list>
<bind>
<opcode="partselect(1002) " fcode="partselect"/>
<opset="trunc_ln42_45/3 "/>
</bind>
</comp>

<comp id="15430" class="1004" name="sext_ln42_9_fu_15430">
<pin_list>
<pin id="15431" dir="0" index="0" bw="13" slack="0"/>
<pin id="15432" dir="1" index="1" bw="14" slack="0"/>
</pin_list>
<bind>
<opcode="sext(35) " fcode="sext"/>
<opset="sext_ln42_9/3 "/>
</bind>
</comp>

<comp id="15434" class="1004" name="trunc_ln42_46_fu_15434">
<pin_list>
<pin id="15435" dir="0" index="0" bw="16" slack="0"/>
<pin id="15436" dir="0" index="1" bw="26" slack="0"/>
<pin id="15437" dir="0" index="2" bw="5" slack="0"/>
<pin id="15438" dir="0" index="3" bw="6" slack="0"/>
<pin id="15439" dir="1" index="4" bw="16" slack="1"/>
</pin_list>
<bind>
<opcode="partselect(1002) " fcode="partselect"/>
<opset="trunc_ln42_46/3 "/>
</bind>
</comp>

<comp id="15444" class="1004" name="sext_ln70_16_fu_15444">
<pin_list>
<pin id="15445" dir="0" index="0" bw="16" slack="2"/>
<pin id="15446" dir="1" index="1" bw="26" slack="0"/>
</pin_list>
<bind>
<opcode="sext(35) " fcode="sext"/>
<opset="sext_ln70_16/3 "/>
</bind>
</comp>

<comp id="15452" class="1004" name="sext_ln70_17_fu_15452">
<pin_list>
<pin id="15453" dir="0" index="0" bw="16" slack="2"/>
<pin id="15454" dir="1" index="1" bw="25" slack="0"/>
</pin_list>
<bind>
<opcode="sext(35) " fcode="sext"/>
<opset="sext_ln70_17/3 "/>
</bind>
</comp>

<comp id="15457" class="1004" name="trunc_ln42_47_fu_15457">
<pin_list>
<pin id="15458" dir="0" index="0" bw="15" slack="0"/>
<pin id="15459" dir="0" index="1" bw="25" slack="0"/>
<pin id="15460" dir="0" index="2" bw="5" slack="0"/>
<pin id="15461" dir="0" index="3" bw="6" slack="0"/>
<pin id="15462" dir="1" index="4" bw="15" slack="1"/>
</pin_list>
<bind>
<opcode="partselect(1002) " fcode="partselect"/>
<opset="trunc_ln42_47/3 "/>
</bind>
</comp>

<comp id="15467" class="1004" name="trunc_ln42_48_fu_15467">
<pin_list>
<pin id="15468" dir="0" index="0" bw="16" slack="0"/>
<pin id="15469" dir="0" index="1" bw="26" slack="0"/>
<pin id="15470" dir="0" index="2" bw="5" slack="0"/>
<pin id="15471" dir="0" index="3" bw="6" slack="0"/>
<pin id="15472" dir="1" index="4" bw="16" slack="1"/>
</pin_list>
<bind>
<opcode="partselect(1002) " fcode="partselect"/>
<opset="trunc_ln42_48/3 "/>
</bind>
</comp>

<comp id="15477" class="1004" name="trunc_ln42_49_fu_15477">
<pin_list>
<pin id="15478" dir="0" index="0" bw="15" slack="0"/>
<pin id="15479" dir="0" index="1" bw="25" slack="0"/>
<pin id="15480" dir="0" index="2" bw="5" slack="0"/>
<pin id="15481" dir="0" index="3" bw="6" slack="0"/>
<pin id="15482" dir="1" index="4" bw="15" slack="1"/>
</pin_list>
<bind>
<opcode="partselect(1002) " fcode="partselect"/>
<opset="trunc_ln42_49/3 "/>
</bind>
</comp>

<comp id="15487" class="1004" name="trunc_ln42_50_fu_15487">
<pin_list>
<pin id="15488" dir="0" index="0" bw="16" slack="0"/>
<pin id="15489" dir="0" index="1" bw="26" slack="0"/>
<pin id="15490" dir="0" index="2" bw="5" slack="0"/>
<pin id="15491" dir="0" index="3" bw="6" slack="0"/>
<pin id="15492" dir="1" index="4" bw="16" slack="1"/>
</pin_list>
<bind>
<opcode="partselect(1002) " fcode="partselect"/>
<opset="trunc_ln42_50/3 "/>
</bind>
</comp>

<comp id="15497" class="1004" name="tmp_11_fu_15497">
<pin_list>
<pin id="15498" dir="0" index="0" bw="20" slack="0"/>
<pin id="15499" dir="0" index="1" bw="16" slack="2"/>
<pin id="15500" dir="0" index="2" bw="1" slack="0"/>
<pin id="15501" dir="1" index="3" bw="20" slack="0"/>
</pin_list>
<bind>
<opcode="bitconcatenate(1004) " fcode="bitconcatenate"/>
<opset="tmp_11/3 "/>
</bind>
</comp>

<comp id="15504" class="1004" name="sext_ln73_11_fu_15504">
<pin_list>
<pin id="15505" dir="0" index="0" bw="20" slack="0"/>
<pin id="15506" dir="1" index="1" bw="22" slack="0"/>
</pin_list>
<bind>
<opcode="sext(35) " fcode="sext"/>
<opset="sext_ln73_11/3 "/>
</bind>
</comp>

<comp id="15508" class="1004" name="tmp_12_fu_15508">
<pin_list>
<pin id="15509" dir="0" index="0" bw="17" slack="0"/>
<pin id="15510" dir="0" index="1" bw="16" slack="2"/>
<pin id="15511" dir="0" index="2" bw="1" slack="0"/>
<pin id="15512" dir="1" index="3" bw="17" slack="0"/>
</pin_list>
<bind>
<opcode="bitconcatenate(1004) " fcode="bitconcatenate"/>
<opset="tmp_12/3 "/>
</bind>
</comp>

<comp id="15515" class="1004" name="sext_ln73_12_fu_15515">
<pin_list>
<pin id="15516" dir="0" index="0" bw="17" slack="0"/>
<pin id="15517" dir="1" index="1" bw="22" slack="0"/>
</pin_list>
<bind>
<opcode="sext(35) " fcode="sext"/>
<opset="sext_ln73_12/3 "/>
</bind>
</comp>

<comp id="15519" class="1004" name="add_ln73_fu_15519">
<pin_list>
<pin id="15520" dir="0" index="0" bw="20" slack="0"/>
<pin id="15521" dir="0" index="1" bw="17" slack="0"/>
<pin id="15522" dir="1" index="2" bw="22" slack="0"/>
</pin_list>
<bind>
<opcode="add(8) " fcode="add"/>
<opset="add_ln73/3 "/>
</bind>
</comp>

<comp id="15525" class="1004" name="trunc_ln42_51_fu_15525">
<pin_list>
<pin id="15526" dir="0" index="0" bw="12" slack="0"/>
<pin id="15527" dir="0" index="1" bw="21" slack="0"/>
<pin id="15528" dir="0" index="2" bw="5" slack="0"/>
<pin id="15529" dir="0" index="3" bw="6" slack="0"/>
<pin id="15530" dir="1" index="4" bw="12" slack="0"/>
</pin_list>
<bind>
<opcode="partselect(1002) " fcode="partselect"/>
<opset="trunc_ln42_51/3 "/>
</bind>
</comp>

<comp id="15535" class="1004" name="sext_ln42_12_fu_15535">
<pin_list>
<pin id="15536" dir="0" index="0" bw="12" slack="0"/>
<pin id="15537" dir="1" index="1" bw="13" slack="0"/>
</pin_list>
<bind>
<opcode="sext(35) " fcode="sext"/>
<opset="sext_ln42_12/3 "/>
</bind>
</comp>

<comp id="15539" class="1004" name="trunc_ln42_52_fu_15539">
<pin_list>
<pin id="15540" dir="0" index="0" bw="16" slack="0"/>
<pin id="15541" dir="0" index="1" bw="26" slack="0"/>
<pin id="15542" dir="0" index="2" bw="5" slack="0"/>
<pin id="15543" dir="0" index="3" bw="6" slack="0"/>
<pin id="15544" dir="1" index="4" bw="16" slack="1"/>
</pin_list>
<bind>
<opcode="partselect(1002) " fcode="partselect"/>
<opset="trunc_ln42_52/3 "/>
</bind>
</comp>

<comp id="15549" class="1004" name="trunc_ln42_53_fu_15549">
<pin_list>
<pin id="15550" dir="0" index="0" bw="16" slack="0"/>
<pin id="15551" dir="0" index="1" bw="26" slack="0"/>
<pin id="15552" dir="0" index="2" bw="5" slack="0"/>
<pin id="15553" dir="0" index="3" bw="6" slack="0"/>
<pin id="15554" dir="1" index="4" bw="16" slack="1"/>
</pin_list>
<bind>
<opcode="partselect(1002) " fcode="partselect"/>
<opset="trunc_ln42_53/3 "/>
</bind>
</comp>

<comp id="15559" class="1004" name="trunc_ln42_54_fu_15559">
<pin_list>
<pin id="15560" dir="0" index="0" bw="16" slack="0"/>
<pin id="15561" dir="0" index="1" bw="26" slack="0"/>
<pin id="15562" dir="0" index="2" bw="5" slack="0"/>
<pin id="15563" dir="0" index="3" bw="6" slack="0"/>
<pin id="15564" dir="1" index="4" bw="16" slack="1"/>
</pin_list>
<bind>
<opcode="partselect(1002) " fcode="partselect"/>
<opset="trunc_ln42_54/3 "/>
</bind>
</comp>

<comp id="15569" class="1004" name="sext_ln42_13_fu_15569">
<pin_list>
<pin id="15570" dir="0" index="0" bw="16" slack="2"/>
<pin id="15571" dir="1" index="1" bw="26" slack="0"/>
</pin_list>
<bind>
<opcode="sext(35) " fcode="sext"/>
<opset="sext_ln42_13/3 "/>
</bind>
</comp>

<comp id="15576" class="1004" name="sext_ln70_18_fu_15576">
<pin_list>
<pin id="15577" dir="0" index="0" bw="16" slack="2"/>
<pin id="15578" dir="1" index="1" bw="25" slack="0"/>
</pin_list>
<bind>
<opcode="sext(35) " fcode="sext"/>
<opset="sext_ln70_18/3 "/>
</bind>
</comp>

<comp id="15581" class="1004" name="trunc_ln42_55_fu_15581">
<pin_list>
<pin id="15582" dir="0" index="0" bw="16" slack="0"/>
<pin id="15583" dir="0" index="1" bw="26" slack="0"/>
<pin id="15584" dir="0" index="2" bw="5" slack="0"/>
<pin id="15585" dir="0" index="3" bw="6" slack="0"/>
<pin id="15586" dir="1" index="4" bw="16" slack="1"/>
</pin_list>
<bind>
<opcode="partselect(1002) " fcode="partselect"/>
<opset="trunc_ln42_55/3 "/>
</bind>
</comp>

<comp id="15591" class="1004" name="trunc_ln42_56_fu_15591">
<pin_list>
<pin id="15592" dir="0" index="0" bw="16" slack="0"/>
<pin id="15593" dir="0" index="1" bw="26" slack="0"/>
<pin id="15594" dir="0" index="2" bw="5" slack="0"/>
<pin id="15595" dir="0" index="3" bw="6" slack="0"/>
<pin id="15596" dir="1" index="4" bw="16" slack="1"/>
</pin_list>
<bind>
<opcode="partselect(1002) " fcode="partselect"/>
<opset="trunc_ln42_56/3 "/>
</bind>
</comp>

<comp id="15601" class="1004" name="trunc_ln42_57_fu_15601">
<pin_list>
<pin id="15602" dir="0" index="0" bw="15" slack="0"/>
<pin id="15603" dir="0" index="1" bw="25" slack="0"/>
<pin id="15604" dir="0" index="2" bw="5" slack="0"/>
<pin id="15605" dir="0" index="3" bw="6" slack="0"/>
<pin id="15606" dir="1" index="4" bw="15" slack="1"/>
</pin_list>
<bind>
<opcode="partselect(1002) " fcode="partselect"/>
<opset="trunc_ln42_57/3 "/>
</bind>
</comp>

<comp id="15611" class="1004" name="trunc_ln42_58_fu_15611">
<pin_list>
<pin id="15612" dir="0" index="0" bw="15" slack="0"/>
<pin id="15613" dir="0" index="1" bw="25" slack="0"/>
<pin id="15614" dir="0" index="2" bw="5" slack="0"/>
<pin id="15615" dir="0" index="3" bw="6" slack="0"/>
<pin id="15616" dir="1" index="4" bw="15" slack="1"/>
</pin_list>
<bind>
<opcode="partselect(1002) " fcode="partselect"/>
<opset="trunc_ln42_58/3 "/>
</bind>
</comp>

<comp id="15621" class="1004" name="trunc_ln42_60_fu_15621">
<pin_list>
<pin id="15622" dir="0" index="0" bw="16" slack="0"/>
<pin id="15623" dir="0" index="1" bw="26" slack="0"/>
<pin id="15624" dir="0" index="2" bw="5" slack="0"/>
<pin id="15625" dir="0" index="3" bw="6" slack="0"/>
<pin id="15626" dir="1" index="4" bw="16" slack="1"/>
</pin_list>
<bind>
<opcode="partselect(1002) " fcode="partselect"/>
<opset="trunc_ln42_60/3 "/>
</bind>
</comp>

<comp id="15631" class="1004" name="trunc_ln42_61_fu_15631">
<pin_list>
<pin id="15632" dir="0" index="0" bw="16" slack="0"/>
<pin id="15633" dir="0" index="1" bw="26" slack="0"/>
<pin id="15634" dir="0" index="2" bw="5" slack="0"/>
<pin id="15635" dir="0" index="3" bw="6" slack="0"/>
<pin id="15636" dir="1" index="4" bw="16" slack="1"/>
</pin_list>
<bind>
<opcode="partselect(1002) " fcode="partselect"/>
<opset="trunc_ln42_61/3 "/>
</bind>
</comp>

<comp id="15641" class="1004" name="add_ln58_4_fu_15641">
<pin_list>
<pin id="15642" dir="0" index="0" bw="14" slack="0"/>
<pin id="15643" dir="0" index="1" bw="9" slack="0"/>
<pin id="15644" dir="1" index="2" bw="15" slack="1"/>
</pin_list>
<bind>
<opcode="add(8) " fcode="add"/>
<opset="add_ln58_4/3 "/>
</bind>
</comp>

<comp id="15647" class="1004" name="add_ln58_12_fu_15647">
<pin_list>
<pin id="15648" dir="0" index="0" bw="13" slack="0"/>
<pin id="15649" dir="0" index="1" bw="8" slack="0"/>
<pin id="15650" dir="1" index="2" bw="14" slack="1"/>
</pin_list>
<bind>
<opcode="add(8) " fcode="add"/>
<opset="add_ln58_12/3 "/>
</bind>
</comp>

<comp id="15653" class="1004" name="add_ln58_20_fu_15653">
<pin_list>
<pin id="15654" dir="0" index="0" bw="10" slack="0"/>
<pin id="15655" dir="0" index="1" bw="11" slack="0"/>
<pin id="15656" dir="1" index="2" bw="11" slack="1"/>
</pin_list>
<bind>
<opcode="add(8) " fcode="add"/>
<opset="add_ln58_20/3 "/>
</bind>
</comp>

<comp id="15659" class="1004" name="add_ln58_36_fu_15659">
<pin_list>
<pin id="15660" dir="0" index="0" bw="12" slack="0"/>
<pin id="15661" dir="0" index="1" bw="6" slack="0"/>
<pin id="15662" dir="1" index="2" bw="13" slack="1"/>
</pin_list>
<bind>
<opcode="add(8) " fcode="add"/>
<opset="add_ln58_36/3 "/>
</bind>
</comp>

<comp id="15665" class="1004" name="add_ln58_52_fu_15665">
<pin_list>
<pin id="15666" dir="0" index="0" bw="13" slack="0"/>
<pin id="15667" dir="0" index="1" bw="10" slack="0"/>
<pin id="15668" dir="1" index="2" bw="14" slack="1"/>
</pin_list>
<bind>
<opcode="add(8) " fcode="add"/>
<opset="add_ln58_52/3 "/>
</bind>
</comp>

<comp id="15671" class="1004" name="add_ln58_60_fu_15671">
<pin_list>
<pin id="15672" dir="0" index="0" bw="13" slack="0"/>
<pin id="15673" dir="0" index="1" bw="10" slack="0"/>
<pin id="15674" dir="1" index="2" bw="14" slack="1"/>
</pin_list>
<bind>
<opcode="add(8) " fcode="add"/>
<opset="add_ln58_60/3 "/>
</bind>
</comp>

<comp id="15677" class="1004" name="sext_ln42_fu_15677">
<pin_list>
<pin id="15678" dir="0" index="0" bw="15" slack="1"/>
<pin id="15679" dir="1" index="1" bw="16" slack="0"/>
</pin_list>
<bind>
<opcode="sext(35) " fcode="sext"/>
<opset="sext_ln42/4 "/>
</bind>
</comp>

<comp id="15680" class="1004" name="sext_ln42_1_fu_15680">
<pin_list>
<pin id="15681" dir="0" index="0" bw="15" slack="1"/>
<pin id="15682" dir="1" index="1" bw="16" slack="0"/>
</pin_list>
<bind>
<opcode="sext(35) " fcode="sext"/>
<opset="sext_ln42_1/4 "/>
</bind>
</comp>

<comp id="15683" class="1004" name="sext_ln42_3_fu_15683">
<pin_list>
<pin id="15684" dir="0" index="0" bw="15" slack="1"/>
<pin id="15685" dir="1" index="1" bw="16" slack="0"/>
</pin_list>
<bind>
<opcode="sext(35) " fcode="sext"/>
<opset="sext_ln42_3/4 "/>
</bind>
</comp>

<comp id="15686" class="1004" name="sext_ln73_2_fu_15686">
<pin_list>
<pin id="15687" dir="0" index="0" bw="12" slack="1"/>
<pin id="15688" dir="1" index="1" bw="13" slack="0"/>
</pin_list>
<bind>
<opcode="sext(35) " fcode="sext"/>
<opset="sext_ln73_2/4 "/>
</bind>
</comp>

<comp id="15689" class="1004" name="sext_ln73_3_fu_15689">
<pin_list>
<pin id="15690" dir="0" index="0" bw="13" slack="1"/>
<pin id="15691" dir="1" index="1" bw="14" slack="0"/>
</pin_list>
<bind>
<opcode="sext(35) " fcode="sext"/>
<opset="sext_ln73_3/4 "/>
</bind>
</comp>

<comp id="15692" class="1004" name="sext_ln42_4_fu_15692">
<pin_list>
<pin id="15693" dir="0" index="0" bw="15" slack="1"/>
<pin id="15694" dir="1" index="1" bw="16" slack="0"/>
</pin_list>
<bind>
<opcode="sext(35) " fcode="sext"/>
<opset="sext_ln42_4/4 "/>
</bind>
</comp>

<comp id="15695" class="1004" name="sext_ln42_5_fu_15695">
<pin_list>
<pin id="15696" dir="0" index="0" bw="15" slack="1"/>
<pin id="15697" dir="1" index="1" bw="16" slack="0"/>
</pin_list>
<bind>
<opcode="sext(35) " fcode="sext"/>
<opset="sext_ln42_5/4 "/>
</bind>
</comp>

<comp id="15698" class="1004" name="sext_ln42_6_fu_15698">
<pin_list>
<pin id="15699" dir="0" index="0" bw="15" slack="1"/>
<pin id="15700" dir="1" index="1" bw="16" slack="0"/>
</pin_list>
<bind>
<opcode="sext(35) " fcode="sext"/>
<opset="sext_ln42_6/4 "/>
</bind>
</comp>

<comp id="15701" class="1004" name="sext_ln42_7_fu_15701">
<pin_list>
<pin id="15702" dir="0" index="0" bw="15" slack="1"/>
<pin id="15703" dir="1" index="1" bw="16" slack="0"/>
</pin_list>
<bind>
<opcode="sext(35) " fcode="sext"/>
<opset="sext_ln42_7/4 "/>
</bind>
</comp>

<comp id="15704" class="1004" name="sext_ln42_8_fu_15704">
<pin_list>
<pin id="15705" dir="0" index="0" bw="15" slack="1"/>
<pin id="15706" dir="1" index="1" bw="16" slack="0"/>
</pin_list>
<bind>
<opcode="sext(35) " fcode="sext"/>
<opset="sext_ln42_8/4 "/>
</bind>
</comp>

<comp id="15707" class="1004" name="sext_ln42_10_fu_15707">
<pin_list>
<pin id="15708" dir="0" index="0" bw="15" slack="1"/>
<pin id="15709" dir="1" index="1" bw="16" slack="0"/>
</pin_list>
<bind>
<opcode="sext(35) " fcode="sext"/>
<opset="sext_ln42_10/4 "/>
</bind>
</comp>

<comp id="15710" class="1004" name="sext_ln42_11_fu_15710">
<pin_list>
<pin id="15711" dir="0" index="0" bw="15" slack="1"/>
<pin id="15712" dir="1" index="1" bw="16" slack="0"/>
</pin_list>
<bind>
<opcode="sext(35) " fcode="sext"/>
<opset="sext_ln42_11/4 "/>
</bind>
</comp>

<comp id="15713" class="1004" name="sext_ln42_14_fu_15713">
<pin_list>
<pin id="15714" dir="0" index="0" bw="15" slack="1"/>
<pin id="15715" dir="1" index="1" bw="16" slack="0"/>
</pin_list>
<bind>
<opcode="sext(35) " fcode="sext"/>
<opset="sext_ln42_14/4 "/>
</bind>
</comp>

<comp id="15716" class="1004" name="sext_ln42_15_fu_15716">
<pin_list>
<pin id="15717" dir="0" index="0" bw="15" slack="1"/>
<pin id="15718" dir="1" index="1" bw="16" slack="0"/>
</pin_list>
<bind>
<opcode="sext(35) " fcode="sext"/>
<opset="sext_ln42_15/4 "/>
</bind>
</comp>

<comp id="15719" class="1004" name="tmp_13_fu_15719">
<pin_list>
<pin id="15720" dir="0" index="0" bw="25" slack="0"/>
<pin id="15721" dir="0" index="1" bw="16" slack="3"/>
<pin id="15722" dir="0" index="2" bw="1" slack="0"/>
<pin id="15723" dir="1" index="3" bw="25" slack="0"/>
</pin_list>
<bind>
<opcode="bitconcatenate(1004) " fcode="bitconcatenate"/>
<opset="tmp_13/4 "/>
</bind>
</comp>

<comp id="15726" class="1004" name="sext_ln73_13_fu_15726">
<pin_list>
<pin id="15727" dir="0" index="0" bw="25" slack="0"/>
<pin id="15728" dir="1" index="1" bw="26" slack="0"/>
</pin_list>
<bind>
<opcode="sext(35) " fcode="sext"/>
<opset="sext_ln73_13/4 "/>
</bind>
</comp>

<comp id="15730" class="1004" name="tmp_14_fu_15730">
<pin_list>
<pin id="15731" dir="0" index="0" bw="21" slack="0"/>
<pin id="15732" dir="0" index="1" bw="16" slack="3"/>
<pin id="15733" dir="0" index="2" bw="1" slack="0"/>
<pin id="15734" dir="1" index="3" bw="21" slack="0"/>
</pin_list>
<bind>
<opcode="bitconcatenate(1004) " fcode="bitconcatenate"/>
<opset="tmp_14/4 "/>
</bind>
</comp>

<comp id="15737" class="1004" name="sext_ln73_14_fu_15737">
<pin_list>
<pin id="15738" dir="0" index="0" bw="21" slack="0"/>
<pin id="15739" dir="1" index="1" bw="26" slack="0"/>
</pin_list>
<bind>
<opcode="sext(35) " fcode="sext"/>
<opset="sext_ln73_14/4 "/>
</bind>
</comp>

<comp id="15741" class="1004" name="sub_ln73_5_fu_15741">
<pin_list>
<pin id="15742" dir="0" index="0" bw="21" slack="0"/>
<pin id="15743" dir="0" index="1" bw="25" slack="0"/>
<pin id="15744" dir="1" index="2" bw="26" slack="0"/>
</pin_list>
<bind>
<opcode="sub(10) " fcode="sub"/>
<opset="sub_ln73_5/4 "/>
</bind>
</comp>

<comp id="15747" class="1004" name="trunc_ln42_59_fu_15747">
<pin_list>
<pin id="15748" dir="0" index="0" bw="16" slack="0"/>
<pin id="15749" dir="0" index="1" bw="26" slack="0"/>
<pin id="15750" dir="0" index="2" bw="5" slack="0"/>
<pin id="15751" dir="0" index="3" bw="6" slack="0"/>
<pin id="15752" dir="1" index="4" bw="16" slack="0"/>
</pin_list>
<bind>
<opcode="partselect(1002) " fcode="partselect"/>
<opset="trunc_ln42_59/4 "/>
</bind>
</comp>

<comp id="15757" class="1004" name="add_ln58_fu_15757">
<pin_list>
<pin id="15758" dir="0" index="0" bw="16" slack="1"/>
<pin id="15759" dir="0" index="1" bw="16" slack="1"/>
<pin id="15760" dir="1" index="2" bw="16" slack="0"/>
</pin_list>
<bind>
<opcode="add(8) " fcode="add"/>
<opset="add_ln58/4 "/>
</bind>
</comp>

<comp id="15761" class="1004" name="add_ln58_1_fu_15761">
<pin_list>
<pin id="15762" dir="0" index="0" bw="16" slack="1"/>
<pin id="15763" dir="0" index="1" bw="16" slack="1"/>
<pin id="15764" dir="1" index="2" bw="16" slack="0"/>
</pin_list>
<bind>
<opcode="add(8) " fcode="add"/>
<opset="add_ln58_1/4 "/>
</bind>
</comp>

<comp id="15765" class="1004" name="add_ln58_2_fu_15765">
<pin_list>
<pin id="15766" dir="0" index="0" bw="16" slack="0"/>
<pin id="15767" dir="0" index="1" bw="16" slack="0"/>
<pin id="15768" dir="1" index="2" bw="16" slack="0"/>
</pin_list>
<bind>
<opcode="add(8) " fcode="add"/>
<opset="add_ln58_2/4 "/>
</bind>
</comp>

<comp id="15771" class="1004" name="add_ln58_3_fu_15771">
<pin_list>
<pin id="15772" dir="0" index="0" bw="15" slack="0"/>
<pin id="15773" dir="0" index="1" bw="15" slack="0"/>
<pin id="15774" dir="1" index="2" bw="16" slack="0"/>
</pin_list>
<bind>
<opcode="add(8) " fcode="add"/>
<opset="add_ln58_3/4 "/>
</bind>
</comp>

<comp id="15777" class="1004" name="sext_ln58_fu_15777">
<pin_list>
<pin id="15778" dir="0" index="0" bw="15" slack="1"/>
<pin id="15779" dir="1" index="1" bw="16" slack="0"/>
</pin_list>
<bind>
<opcode="sext(35) " fcode="sext"/>
<opset="sext_ln58/4 "/>
</bind>
</comp>

<comp id="15780" class="1004" name="add_ln58_5_fu_15780">
<pin_list>
<pin id="15781" dir="0" index="0" bw="15" slack="0"/>
<pin id="15782" dir="0" index="1" bw="15" slack="0"/>
<pin id="15783" dir="1" index="2" bw="16" slack="0"/>
</pin_list>
<bind>
<opcode="add(8) " fcode="add"/>
<opset="add_ln58_5/4 "/>
</bind>
</comp>

<comp id="15786" class="1004" name="add_ln58_6_fu_15786">
<pin_list>
<pin id="15787" dir="0" index="0" bw="16" slack="0"/>
<pin id="15788" dir="0" index="1" bw="16" slack="0"/>
<pin id="15789" dir="1" index="2" bw="16" slack="0"/>
</pin_list>
<bind>
<opcode="add(8) " fcode="add"/>
<opset="add_ln58_6/4 "/>
</bind>
</comp>

<comp id="15792" class="1004" name="add_ln58_7_fu_15792">
<pin_list>
<pin id="15793" dir="0" index="0" bw="16" slack="0"/>
<pin id="15794" dir="0" index="1" bw="16" slack="0"/>
<pin id="15795" dir="1" index="2" bw="16" slack="1"/>
</pin_list>
<bind>
<opcode="add(8) " fcode="add"/>
<opset="add_ln58_7/4 "/>
</bind>
</comp>

<comp id="15798" class="1004" name="add_ln58_8_fu_15798">
<pin_list>
<pin id="15799" dir="0" index="0" bw="16" slack="1"/>
<pin id="15800" dir="0" index="1" bw="16" slack="1"/>
<pin id="15801" dir="1" index="2" bw="16" slack="0"/>
</pin_list>
<bind>
<opcode="add(8) " fcode="add"/>
<opset="add_ln58_8/4 "/>
</bind>
</comp>

<comp id="15802" class="1004" name="add_ln58_9_fu_15802">
<pin_list>
<pin id="15803" dir="0" index="0" bw="16" slack="1"/>
<pin id="15804" dir="0" index="1" bw="16" slack="1"/>
<pin id="15805" dir="1" index="2" bw="16" slack="0"/>
</pin_list>
<bind>
<opcode="add(8) " fcode="add"/>
<opset="add_ln58_9/4 "/>
</bind>
</comp>

<comp id="15806" class="1004" name="add_ln58_10_fu_15806">
<pin_list>
<pin id="15807" dir="0" index="0" bw="16" slack="0"/>
<pin id="15808" dir="0" index="1" bw="16" slack="0"/>
<pin id="15809" dir="1" index="2" bw="16" slack="0"/>
</pin_list>
<bind>
<opcode="add(8) " fcode="add"/>
<opset="add_ln58_10/4 "/>
</bind>
</comp>

<comp id="15812" class="1004" name="add_ln58_11_fu_15812">
<pin_list>
<pin id="15813" dir="0" index="0" bw="16" slack="1"/>
<pin id="15814" dir="0" index="1" bw="16" slack="1"/>
<pin id="15815" dir="1" index="2" bw="16" slack="0"/>
</pin_list>
<bind>
<opcode="add(8) " fcode="add"/>
<opset="add_ln58_11/4 "/>
</bind>
</comp>

<comp id="15816" class="1004" name="sext_ln58_1_fu_15816">
<pin_list>
<pin id="15817" dir="0" index="0" bw="14" slack="1"/>
<pin id="15818" dir="1" index="1" bw="16" slack="0"/>
</pin_list>
<bind>
<opcode="sext(35) " fcode="sext"/>
<opset="sext_ln58_1/4 "/>
</bind>
</comp>

<comp id="15819" class="1004" name="add_ln58_13_fu_15819">
<pin_list>
<pin id="15820" dir="0" index="0" bw="14" slack="0"/>
<pin id="15821" dir="0" index="1" bw="15" slack="0"/>
<pin id="15822" dir="1" index="2" bw="16" slack="0"/>
</pin_list>
<bind>
<opcode="add(8) " fcode="add"/>
<opset="add_ln58_13/4 "/>
</bind>
</comp>

<comp id="15825" class="1004" name="add_ln58_14_fu_15825">
<pin_list>
<pin id="15826" dir="0" index="0" bw="16" slack="0"/>
<pin id="15827" dir="0" index="1" bw="16" slack="0"/>
<pin id="15828" dir="1" index="2" bw="16" slack="0"/>
</pin_list>
<bind>
<opcode="add(8) " fcode="add"/>
<opset="add_ln58_14/4 "/>
</bind>
</comp>

<comp id="15831" class="1004" name="add_ln58_15_fu_15831">
<pin_list>
<pin id="15832" dir="0" index="0" bw="16" slack="0"/>
<pin id="15833" dir="0" index="1" bw="16" slack="0"/>
<pin id="15834" dir="1" index="2" bw="16" slack="1"/>
</pin_list>
<bind>
<opcode="add(8) " fcode="add"/>
<opset="add_ln58_15/4 "/>
</bind>
</comp>

<comp id="15837" class="1004" name="add_ln58_16_fu_15837">
<pin_list>
<pin id="15838" dir="0" index="0" bw="16" slack="1"/>
<pin id="15839" dir="0" index="1" bw="16" slack="1"/>
<pin id="15840" dir="1" index="2" bw="16" slack="0"/>
</pin_list>
<bind>
<opcode="add(8) " fcode="add"/>
<opset="add_ln58_16/4 "/>
</bind>
</comp>

<comp id="15841" class="1004" name="add_ln58_17_fu_15841">
<pin_list>
<pin id="15842" dir="0" index="0" bw="16" slack="1"/>
<pin id="15843" dir="0" index="1" bw="16" slack="1"/>
<pin id="15844" dir="1" index="2" bw="16" slack="0"/>
</pin_list>
<bind>
<opcode="add(8) " fcode="add"/>
<opset="add_ln58_17/4 "/>
</bind>
</comp>

<comp id="15845" class="1004" name="add_ln58_18_fu_15845">
<pin_list>
<pin id="15846" dir="0" index="0" bw="16" slack="0"/>
<pin id="15847" dir="0" index="1" bw="16" slack="0"/>
<pin id="15848" dir="1" index="2" bw="16" slack="0"/>
</pin_list>
<bind>
<opcode="add(8) " fcode="add"/>
<opset="add_ln58_18/4 "/>
</bind>
</comp>

<comp id="15851" class="1004" name="add_ln58_19_fu_15851">
<pin_list>
<pin id="15852" dir="0" index="0" bw="15" slack="0"/>
<pin id="15853" dir="0" index="1" bw="15" slack="0"/>
<pin id="15854" dir="1" index="2" bw="16" slack="0"/>
</pin_list>
<bind>
<opcode="add(8) " fcode="add"/>
<opset="add_ln58_19/4 "/>
</bind>
</comp>

<comp id="15857" class="1004" name="zext_ln58_fu_15857">
<pin_list>
<pin id="15858" dir="0" index="0" bw="11" slack="1"/>
<pin id="15859" dir="1" index="1" bw="13" slack="0"/>
</pin_list>
<bind>
<opcode="zext(34) " fcode="zext"/>
<opset="zext_ln58/4 "/>
</bind>
</comp>

<comp id="15860" class="1004" name="add_ln58_21_fu_15860">
<pin_list>
<pin id="15861" dir="0" index="0" bw="11" slack="0"/>
<pin id="15862" dir="0" index="1" bw="12" slack="0"/>
<pin id="15863" dir="1" index="2" bw="13" slack="0"/>
</pin_list>
<bind>
<opcode="add(8) " fcode="add"/>
<opset="add_ln58_21/4 "/>
</bind>
</comp>

<comp id="15866" class="1004" name="sext_ln58_2_fu_15866">
<pin_list>
<pin id="15867" dir="0" index="0" bw="13" slack="0"/>
<pin id="15868" dir="1" index="1" bw="16" slack="0"/>
</pin_list>
<bind>
<opcode="sext(35) " fcode="sext"/>
<opset="sext_ln58_2/4 "/>
</bind>
</comp>

<comp id="15870" class="1004" name="add_ln58_22_fu_15870">
<pin_list>
<pin id="15871" dir="0" index="0" bw="13" slack="0"/>
<pin id="15872" dir="0" index="1" bw="16" slack="0"/>
<pin id="15873" dir="1" index="2" bw="16" slack="0"/>
</pin_list>
<bind>
<opcode="add(8) " fcode="add"/>
<opset="add_ln58_22/4 "/>
</bind>
</comp>

<comp id="15876" class="1004" name="add_ln58_23_fu_15876">
<pin_list>
<pin id="15877" dir="0" index="0" bw="16" slack="0"/>
<pin id="15878" dir="0" index="1" bw="16" slack="0"/>
<pin id="15879" dir="1" index="2" bw="16" slack="1"/>
</pin_list>
<bind>
<opcode="add(8) " fcode="add"/>
<opset="add_ln58_23/4 "/>
</bind>
</comp>

<comp id="15882" class="1004" name="add_ln58_24_fu_15882">
<pin_list>
<pin id="15883" dir="0" index="0" bw="16" slack="1"/>
<pin id="15884" dir="0" index="1" bw="16" slack="1"/>
<pin id="15885" dir="1" index="2" bw="16" slack="0"/>
</pin_list>
<bind>
<opcode="add(8) " fcode="add"/>
<opset="add_ln58_24/4 "/>
</bind>
</comp>

<comp id="15886" class="1004" name="add_ln58_25_fu_15886">
<pin_list>
<pin id="15887" dir="0" index="0" bw="16" slack="1"/>
<pin id="15888" dir="0" index="1" bw="16" slack="1"/>
<pin id="15889" dir="1" index="2" bw="16" slack="0"/>
</pin_list>
<bind>
<opcode="add(8) " fcode="add"/>
<opset="add_ln58_25/4 "/>
</bind>
</comp>

<comp id="15890" class="1004" name="add_ln58_26_fu_15890">
<pin_list>
<pin id="15891" dir="0" index="0" bw="16" slack="0"/>
<pin id="15892" dir="0" index="1" bw="16" slack="0"/>
<pin id="15893" dir="1" index="2" bw="16" slack="0"/>
</pin_list>
<bind>
<opcode="add(8) " fcode="add"/>
<opset="add_ln58_26/4 "/>
</bind>
</comp>

<comp id="15896" class="1004" name="add_ln58_27_fu_15896">
<pin_list>
<pin id="15897" dir="0" index="0" bw="16" slack="1"/>
<pin id="15898" dir="0" index="1" bw="16" slack="1"/>
<pin id="15899" dir="1" index="2" bw="16" slack="0"/>
</pin_list>
<bind>
<opcode="add(8) " fcode="add"/>
<opset="add_ln58_27/4 "/>
</bind>
</comp>

<comp id="15900" class="1004" name="add_ln58_28_fu_15900">
<pin_list>
<pin id="15901" dir="0" index="0" bw="15" slack="0"/>
<pin id="15902" dir="0" index="1" bw="11" slack="0"/>
<pin id="15903" dir="1" index="2" bw="16" slack="0"/>
</pin_list>
<bind>
<opcode="add(8) " fcode="add"/>
<opset="add_ln58_28/4 "/>
</bind>
</comp>

<comp id="15906" class="1004" name="add_ln58_29_fu_15906">
<pin_list>
<pin id="15907" dir="0" index="0" bw="16" slack="0"/>
<pin id="15908" dir="0" index="1" bw="16" slack="1"/>
<pin id="15909" dir="1" index="2" bw="16" slack="0"/>
</pin_list>
<bind>
<opcode="add(8) " fcode="add"/>
<opset="add_ln58_29/4 "/>
</bind>
</comp>

<comp id="15911" class="1004" name="add_ln58_30_fu_15911">
<pin_list>
<pin id="15912" dir="0" index="0" bw="16" slack="0"/>
<pin id="15913" dir="0" index="1" bw="16" slack="0"/>
<pin id="15914" dir="1" index="2" bw="16" slack="0"/>
</pin_list>
<bind>
<opcode="add(8) " fcode="add"/>
<opset="add_ln58_30/4 "/>
</bind>
</comp>

<comp id="15917" class="1004" name="add_ln58_31_fu_15917">
<pin_list>
<pin id="15918" dir="0" index="0" bw="16" slack="0"/>
<pin id="15919" dir="0" index="1" bw="16" slack="0"/>
<pin id="15920" dir="1" index="2" bw="16" slack="1"/>
</pin_list>
<bind>
<opcode="add(8) " fcode="add"/>
<opset="add_ln58_31/4 "/>
</bind>
</comp>

<comp id="15923" class="1004" name="add_ln58_32_fu_15923">
<pin_list>
<pin id="15924" dir="0" index="0" bw="16" slack="1"/>
<pin id="15925" dir="0" index="1" bw="16" slack="1"/>
<pin id="15926" dir="1" index="2" bw="16" slack="0"/>
</pin_list>
<bind>
<opcode="add(8) " fcode="add"/>
<opset="add_ln58_32/4 "/>
</bind>
</comp>

<comp id="15927" class="1004" name="add_ln58_33_fu_15927">
<pin_list>
<pin id="15928" dir="0" index="0" bw="16" slack="1"/>
<pin id="15929" dir="0" index="1" bw="16" slack="1"/>
<pin id="15930" dir="1" index="2" bw="16" slack="0"/>
</pin_list>
<bind>
<opcode="add(8) " fcode="add"/>
<opset="add_ln58_33/4 "/>
</bind>
</comp>

<comp id="15931" class="1004" name="add_ln58_34_fu_15931">
<pin_list>
<pin id="15932" dir="0" index="0" bw="16" slack="0"/>
<pin id="15933" dir="0" index="1" bw="16" slack="0"/>
<pin id="15934" dir="1" index="2" bw="16" slack="0"/>
</pin_list>
<bind>
<opcode="add(8) " fcode="add"/>
<opset="add_ln58_34/4 "/>
</bind>
</comp>

<comp id="15937" class="1004" name="add_ln58_35_fu_15937">
<pin_list>
<pin id="15938" dir="0" index="0" bw="16" slack="1"/>
<pin id="15939" dir="0" index="1" bw="15" slack="0"/>
<pin id="15940" dir="1" index="2" bw="16" slack="0"/>
</pin_list>
<bind>
<opcode="add(8) " fcode="add"/>
<opset="add_ln58_35/4 "/>
</bind>
</comp>

<comp id="15942" class="1004" name="sext_ln58_3_fu_15942">
<pin_list>
<pin id="15943" dir="0" index="0" bw="13" slack="1"/>
<pin id="15944" dir="1" index="1" bw="14" slack="0"/>
</pin_list>
<bind>
<opcode="sext(35) " fcode="sext"/>
<opset="sext_ln58_3/4 "/>
</bind>
</comp>

<comp id="15945" class="1004" name="add_ln58_37_fu_15945">
<pin_list>
<pin id="15946" dir="0" index="0" bw="13" slack="0"/>
<pin id="15947" dir="0" index="1" bw="13" slack="0"/>
<pin id="15948" dir="1" index="2" bw="14" slack="0"/>
</pin_list>
<bind>
<opcode="add(8) " fcode="add"/>
<opset="add_ln58_37/4 "/>
</bind>
</comp>

<comp id="15951" class="1004" name="sext_ln58_4_fu_15951">
<pin_list>
<pin id="15952" dir="0" index="0" bw="14" slack="0"/>
<pin id="15953" dir="1" index="1" bw="16" slack="0"/>
</pin_list>
<bind>
<opcode="sext(35) " fcode="sext"/>
<opset="sext_ln58_4/4 "/>
</bind>
</comp>

<comp id="15955" class="1004" name="add_ln58_38_fu_15955">
<pin_list>
<pin id="15956" dir="0" index="0" bw="14" slack="0"/>
<pin id="15957" dir="0" index="1" bw="16" slack="0"/>
<pin id="15958" dir="1" index="2" bw="16" slack="0"/>
</pin_list>
<bind>
<opcode="add(8) " fcode="add"/>
<opset="add_ln58_38/4 "/>
</bind>
</comp>

<comp id="15961" class="1004" name="add_ln58_39_fu_15961">
<pin_list>
<pin id="15962" dir="0" index="0" bw="16" slack="0"/>
<pin id="15963" dir="0" index="1" bw="16" slack="0"/>
<pin id="15964" dir="1" index="2" bw="16" slack="1"/>
</pin_list>
<bind>
<opcode="add(8) " fcode="add"/>
<opset="add_ln58_39/4 "/>
</bind>
</comp>

<comp id="15967" class="1004" name="add_ln58_40_fu_15967">
<pin_list>
<pin id="15968" dir="0" index="0" bw="16" slack="1"/>
<pin id="15969" dir="0" index="1" bw="16" slack="1"/>
<pin id="15970" dir="1" index="2" bw="16" slack="0"/>
</pin_list>
<bind>
<opcode="add(8) " fcode="add"/>
<opset="add_ln58_40/4 "/>
</bind>
</comp>

<comp id="15971" class="1004" name="add_ln58_41_fu_15971">
<pin_list>
<pin id="15972" dir="0" index="0" bw="16" slack="1"/>
<pin id="15973" dir="0" index="1" bw="16" slack="1"/>
<pin id="15974" dir="1" index="2" bw="16" slack="0"/>
</pin_list>
<bind>
<opcode="add(8) " fcode="add"/>
<opset="add_ln58_41/4 "/>
</bind>
</comp>

<comp id="15975" class="1004" name="add_ln58_42_fu_15975">
<pin_list>
<pin id="15976" dir="0" index="0" bw="16" slack="0"/>
<pin id="15977" dir="0" index="1" bw="16" slack="0"/>
<pin id="15978" dir="1" index="2" bw="16" slack="0"/>
</pin_list>
<bind>
<opcode="add(8) " fcode="add"/>
<opset="add_ln58_42/4 "/>
</bind>
</comp>

<comp id="15981" class="1004" name="add_ln58_43_fu_15981">
<pin_list>
<pin id="15982" dir="0" index="0" bw="16" slack="1"/>
<pin id="15983" dir="0" index="1" bw="16" slack="0"/>
<pin id="15984" dir="1" index="2" bw="16" slack="0"/>
</pin_list>
<bind>
<opcode="add(8) " fcode="add"/>
<opset="add_ln58_43/4 "/>
</bind>
</comp>

<comp id="15986" class="1004" name="add_ln58_44_fu_15986">
<pin_list>
<pin id="15987" dir="0" index="0" bw="15" slack="0"/>
<pin id="15988" dir="0" index="1" bw="10" slack="0"/>
<pin id="15989" dir="1" index="2" bw="16" slack="0"/>
</pin_list>
<bind>
<opcode="add(8) " fcode="add"/>
<opset="add_ln58_44/4 "/>
</bind>
</comp>

<comp id="15992" class="1004" name="add_ln58_45_fu_15992">
<pin_list>
<pin id="15993" dir="0" index="0" bw="16" slack="0"/>
<pin id="15994" dir="0" index="1" bw="15" slack="0"/>
<pin id="15995" dir="1" index="2" bw="16" slack="0"/>
</pin_list>
<bind>
<opcode="add(8) " fcode="add"/>
<opset="add_ln58_45/4 "/>
</bind>
</comp>

<comp id="15998" class="1004" name="add_ln58_46_fu_15998">
<pin_list>
<pin id="15999" dir="0" index="0" bw="16" slack="0"/>
<pin id="16000" dir="0" index="1" bw="16" slack="0"/>
<pin id="16001" dir="1" index="2" bw="16" slack="0"/>
</pin_list>
<bind>
<opcode="add(8) " fcode="add"/>
<opset="add_ln58_46/4 "/>
</bind>
</comp>

<comp id="16004" class="1004" name="add_ln58_47_fu_16004">
<pin_list>
<pin id="16005" dir="0" index="0" bw="16" slack="0"/>
<pin id="16006" dir="0" index="1" bw="16" slack="0"/>
<pin id="16007" dir="1" index="2" bw="16" slack="1"/>
</pin_list>
<bind>
<opcode="add(8) " fcode="add"/>
<opset="add_ln58_47/4 "/>
</bind>
</comp>

<comp id="16010" class="1004" name="add_ln58_48_fu_16010">
<pin_list>
<pin id="16011" dir="0" index="0" bw="16" slack="1"/>
<pin id="16012" dir="0" index="1" bw="16" slack="1"/>
<pin id="16013" dir="1" index="2" bw="16" slack="0"/>
</pin_list>
<bind>
<opcode="add(8) " fcode="add"/>
<opset="add_ln58_48/4 "/>
</bind>
</comp>

<comp id="16014" class="1004" name="add_ln58_49_fu_16014">
<pin_list>
<pin id="16015" dir="0" index="0" bw="16" slack="1"/>
<pin id="16016" dir="0" index="1" bw="16" slack="1"/>
<pin id="16017" dir="1" index="2" bw="16" slack="0"/>
</pin_list>
<bind>
<opcode="add(8) " fcode="add"/>
<opset="add_ln58_49/4 "/>
</bind>
</comp>

<comp id="16018" class="1004" name="add_ln58_50_fu_16018">
<pin_list>
<pin id="16019" dir="0" index="0" bw="16" slack="0"/>
<pin id="16020" dir="0" index="1" bw="16" slack="0"/>
<pin id="16021" dir="1" index="2" bw="16" slack="0"/>
</pin_list>
<bind>
<opcode="add(8) " fcode="add"/>
<opset="add_ln58_50/4 "/>
</bind>
</comp>

<comp id="16024" class="1004" name="add_ln58_51_fu_16024">
<pin_list>
<pin id="16025" dir="0" index="0" bw="16" slack="1"/>
<pin id="16026" dir="0" index="1" bw="16" slack="1"/>
<pin id="16027" dir="1" index="2" bw="16" slack="0"/>
</pin_list>
<bind>
<opcode="add(8) " fcode="add"/>
<opset="add_ln58_51/4 "/>
</bind>
</comp>

<comp id="16028" class="1004" name="sext_ln58_5_fu_16028">
<pin_list>
<pin id="16029" dir="0" index="0" bw="14" slack="1"/>
<pin id="16030" dir="1" index="1" bw="16" slack="0"/>
</pin_list>
<bind>
<opcode="sext(35) " fcode="sext"/>
<opset="sext_ln58_5/4 "/>
</bind>
</comp>

<comp id="16031" class="1004" name="add_ln58_53_fu_16031">
<pin_list>
<pin id="16032" dir="0" index="0" bw="14" slack="0"/>
<pin id="16033" dir="0" index="1" bw="15" slack="0"/>
<pin id="16034" dir="1" index="2" bw="16" slack="0"/>
</pin_list>
<bind>
<opcode="add(8) " fcode="add"/>
<opset="add_ln58_53/4 "/>
</bind>
</comp>

<comp id="16037" class="1004" name="add_ln58_54_fu_16037">
<pin_list>
<pin id="16038" dir="0" index="0" bw="16" slack="0"/>
<pin id="16039" dir="0" index="1" bw="16" slack="0"/>
<pin id="16040" dir="1" index="2" bw="16" slack="0"/>
</pin_list>
<bind>
<opcode="add(8) " fcode="add"/>
<opset="add_ln58_54/4 "/>
</bind>
</comp>

<comp id="16043" class="1004" name="add_ln58_55_fu_16043">
<pin_list>
<pin id="16044" dir="0" index="0" bw="16" slack="0"/>
<pin id="16045" dir="0" index="1" bw="16" slack="0"/>
<pin id="16046" dir="1" index="2" bw="16" slack="1"/>
</pin_list>
<bind>
<opcode="add(8) " fcode="add"/>
<opset="add_ln58_55/4 "/>
</bind>
</comp>

<comp id="16049" class="1004" name="add_ln58_56_fu_16049">
<pin_list>
<pin id="16050" dir="0" index="0" bw="16" slack="1"/>
<pin id="16051" dir="0" index="1" bw="16" slack="1"/>
<pin id="16052" dir="1" index="2" bw="16" slack="0"/>
</pin_list>
<bind>
<opcode="add(8) " fcode="add"/>
<opset="add_ln58_56/4 "/>
</bind>
</comp>

<comp id="16053" class="1004" name="add_ln58_57_fu_16053">
<pin_list>
<pin id="16054" dir="0" index="0" bw="16" slack="1"/>
<pin id="16055" dir="0" index="1" bw="16" slack="1"/>
<pin id="16056" dir="1" index="2" bw="16" slack="0"/>
</pin_list>
<bind>
<opcode="add(8) " fcode="add"/>
<opset="add_ln58_57/4 "/>
</bind>
</comp>

<comp id="16057" class="1004" name="add_ln58_58_fu_16057">
<pin_list>
<pin id="16058" dir="0" index="0" bw="16" slack="0"/>
<pin id="16059" dir="0" index="1" bw="16" slack="0"/>
<pin id="16060" dir="1" index="2" bw="16" slack="0"/>
</pin_list>
<bind>
<opcode="add(8) " fcode="add"/>
<opset="add_ln58_58/4 "/>
</bind>
</comp>

<comp id="16063" class="1004" name="add_ln58_59_fu_16063">
<pin_list>
<pin id="16064" dir="0" index="0" bw="16" slack="1"/>
<pin id="16065" dir="0" index="1" bw="16" slack="1"/>
<pin id="16066" dir="1" index="2" bw="16" slack="0"/>
</pin_list>
<bind>
<opcode="add(8) " fcode="add"/>
<opset="add_ln58_59/4 "/>
</bind>
</comp>

<comp id="16067" class="1004" name="sext_ln58_6_fu_16067">
<pin_list>
<pin id="16068" dir="0" index="0" bw="14" slack="1"/>
<pin id="16069" dir="1" index="1" bw="16" slack="0"/>
</pin_list>
<bind>
<opcode="sext(35) " fcode="sext"/>
<opset="sext_ln58_6/4 "/>
</bind>
</comp>

<comp id="16070" class="1004" name="add_ln58_61_fu_16070">
<pin_list>
<pin id="16071" dir="0" index="0" bw="14" slack="0"/>
<pin id="16072" dir="0" index="1" bw="15" slack="0"/>
<pin id="16073" dir="1" index="2" bw="16" slack="0"/>
</pin_list>
<bind>
<opcode="add(8) " fcode="add"/>
<opset="add_ln58_61/4 "/>
</bind>
</comp>

<comp id="16076" class="1004" name="add_ln58_62_fu_16076">
<pin_list>
<pin id="16077" dir="0" index="0" bw="16" slack="0"/>
<pin id="16078" dir="0" index="1" bw="16" slack="0"/>
<pin id="16079" dir="1" index="2" bw="16" slack="0"/>
</pin_list>
<bind>
<opcode="add(8) " fcode="add"/>
<opset="add_ln58_62/4 "/>
</bind>
</comp>

<comp id="16082" class="1004" name="add_ln58_63_fu_16082">
<pin_list>
<pin id="16083" dir="0" index="0" bw="16" slack="0"/>
<pin id="16084" dir="0" index="1" bw="16" slack="0"/>
<pin id="16085" dir="1" index="2" bw="16" slack="1"/>
</pin_list>
<bind>
<opcode="add(8) " fcode="add"/>
<opset="add_ln58_63/4 "/>
</bind>
</comp>

<comp id="16088" class="1004" name="or_ln113_7_fu_16088">
<pin_list>
<pin id="16089" dir="0" index="0" bw="128" slack="0"/>
<pin id="16090" dir="0" index="1" bw="16" slack="1"/>
<pin id="16091" dir="0" index="2" bw="16" slack="1"/>
<pin id="16092" dir="0" index="3" bw="16" slack="1"/>
<pin id="16093" dir="0" index="4" bw="16" slack="1"/>
<pin id="16094" dir="0" index="5" bw="16" slack="1"/>
<pin id="16095" dir="0" index="6" bw="16" slack="1"/>
<pin id="16096" dir="0" index="7" bw="16" slack="1"/>
<pin id="16097" dir="0" index="8" bw="16" slack="1"/>
<pin id="16098" dir="1" index="9" bw="128" slack="0"/>
</pin_list>
<bind>
<opcode="bitconcatenate(1004) " fcode="bitconcatenate"/>
<opset="or_ln113_7/5 "/>
</bind>
</comp>

<comp id="16101" class="1005" name="indvar_flatten2_reg_16101">
<pin_list>
<pin id="16102" dir="0" index="0" bw="10" slack="0"/>
<pin id="16103" dir="1" index="1" bw="10" slack="0"/>
</pin_list>
<bind>
<opset="indvar_flatten2 "/>
</bind>
</comp>

<comp id="16108" class="1005" name="data_reg_16108">
<pin_list>
<pin id="16109" dir="0" index="0" bw="16" slack="1"/>
<pin id="16110" dir="1" index="1" bw="16" slack="1"/>
</pin_list>
<bind>
<opset="data "/>
</bind>
</comp>

<comp id="16117" class="1005" name="data_8_reg_16117">
<pin_list>
<pin id="16118" dir="0" index="0" bw="16" slack="2"/>
<pin id="16119" dir="1" index="1" bw="16" slack="2"/>
</pin_list>
<bind>
<opset="data_8 "/>
</bind>
</comp>

<comp id="16126" class="1005" name="data_9_reg_16126">
<pin_list>
<pin id="16127" dir="0" index="0" bw="16" slack="2"/>
<pin id="16128" dir="1" index="1" bw="16" slack="2"/>
</pin_list>
<bind>
<opset="data_9 "/>
</bind>
</comp>

<comp id="16132" class="1005" name="data_10_reg_16132">
<pin_list>
<pin id="16133" dir="0" index="0" bw="16" slack="2"/>
<pin id="16134" dir="1" index="1" bw="16" slack="2"/>
</pin_list>
<bind>
<opset="data_10 "/>
</bind>
</comp>

<comp id="16140" class="1005" name="data_11_reg_16140">
<pin_list>
<pin id="16141" dir="0" index="0" bw="16" slack="1"/>
<pin id="16142" dir="1" index="1" bw="16" slack="1"/>
</pin_list>
<bind>
<opset="data_11 "/>
</bind>
</comp>

<comp id="16146" class="1005" name="data_12_reg_16146">
<pin_list>
<pin id="16147" dir="0" index="0" bw="16" slack="2"/>
<pin id="16148" dir="1" index="1" bw="16" slack="2"/>
</pin_list>
<bind>
<opset="data_12 "/>
</bind>
</comp>

<comp id="16156" class="1005" name="data_13_reg_16156">
<pin_list>
<pin id="16157" dir="0" index="0" bw="16" slack="2"/>
<pin id="16158" dir="1" index="1" bw="16" slack="2"/>
</pin_list>
<bind>
<opset="data_13 "/>
</bind>
</comp>

<comp id="16164" class="1005" name="data_14_reg_16164">
<pin_list>
<pin id="16165" dir="0" index="0" bw="16" slack="2"/>
<pin id="16166" dir="1" index="1" bw="16" slack="2"/>
</pin_list>
<bind>
<opset="data_14 "/>
</bind>
</comp>

<comp id="16172" class="1005" name="icmp_ln67_reg_16172">
<pin_list>
<pin id="16173" dir="0" index="0" bw="1" slack="4"/>
<pin id="16174" dir="1" index="1" bw="1" slack="2147483647"/>
</pin_list>
<bind>
<opset="icmp_ln67 "/>
</bind>
</comp>

<comp id="16176" class="1005" name="trunc_ln_reg_16176">
<pin_list>
<pin id="16177" dir="0" index="0" bw="14" slack="1"/>
<pin id="16178" dir="1" index="1" bw="14" slack="1"/>
</pin_list>
<bind>
<opset="trunc_ln "/>
</bind>
</comp>

<comp id="16181" class="1005" name="trunc_ln42_38_reg_16181">
<pin_list>
<pin id="16182" dir="0" index="0" bw="13" slack="1"/>
<pin id="16183" dir="1" index="1" bw="13" slack="1"/>
</pin_list>
<bind>
<opset="trunc_ln42_38 "/>
</bind>
</comp>

<comp id="16186" class="1005" name="trunc_ln42_2_reg_16186">
<pin_list>
<pin id="16187" dir="0" index="0" bw="16" slack="1"/>
<pin id="16188" dir="1" index="1" bw="16" slack="1"/>
</pin_list>
<bind>
<opset="trunc_ln42_2 "/>
</bind>
</comp>

<comp id="16191" class="1005" name="trunc_ln42_3_reg_16191">
<pin_list>
<pin id="16192" dir="0" index="0" bw="16" slack="1"/>
<pin id="16193" dir="1" index="1" bw="16" slack="1"/>
</pin_list>
<bind>
<opset="trunc_ln42_3 "/>
</bind>
</comp>

<comp id="16196" class="1005" name="trunc_ln42_4_reg_16196">
<pin_list>
<pin id="16197" dir="0" index="0" bw="16" slack="1"/>
<pin id="16198" dir="1" index="1" bw="16" slack="1"/>
</pin_list>
<bind>
<opset="trunc_ln42_4 "/>
</bind>
</comp>

<comp id="16201" class="1005" name="trunc_ln42_5_reg_16201">
<pin_list>
<pin id="16202" dir="0" index="0" bw="15" slack="1"/>
<pin id="16203" dir="1" index="1" bw="15" slack="1"/>
</pin_list>
<bind>
<opset="trunc_ln42_5 "/>
</bind>
</comp>

<comp id="16206" class="1005" name="trunc_ln42_6_reg_16206">
<pin_list>
<pin id="16207" dir="0" index="0" bw="16" slack="1"/>
<pin id="16208" dir="1" index="1" bw="16" slack="1"/>
</pin_list>
<bind>
<opset="trunc_ln42_6 "/>
</bind>
</comp>

<comp id="16211" class="1005" name="trunc_ln42_7_reg_16211">
<pin_list>
<pin id="16212" dir="0" index="0" bw="15" slack="1"/>
<pin id="16213" dir="1" index="1" bw="15" slack="1"/>
</pin_list>
<bind>
<opset="trunc_ln42_7 "/>
</bind>
</comp>

<comp id="16216" class="1005" name="trunc_ln42_8_reg_16216">
<pin_list>
<pin id="16217" dir="0" index="0" bw="16" slack="1"/>
<pin id="16218" dir="1" index="1" bw="16" slack="1"/>
</pin_list>
<bind>
<opset="trunc_ln42_8 "/>
</bind>
</comp>

<comp id="16221" class="1005" name="trunc_ln42_9_reg_16221">
<pin_list>
<pin id="16222" dir="0" index="0" bw="15" slack="1"/>
<pin id="16223" dir="1" index="1" bw="15" slack="1"/>
</pin_list>
<bind>
<opset="trunc_ln42_9 "/>
</bind>
</comp>

<comp id="16226" class="1005" name="trunc_ln42_s_reg_16226">
<pin_list>
<pin id="16227" dir="0" index="0" bw="12" slack="1"/>
<pin id="16228" dir="1" index="1" bw="12" slack="1"/>
</pin_list>
<bind>
<opset="trunc_ln42_s "/>
</bind>
</comp>

<comp id="16231" class="1005" name="trunc_ln42_10_reg_16231">
<pin_list>
<pin id="16232" dir="0" index="0" bw="16" slack="1"/>
<pin id="16233" dir="1" index="1" bw="16" slack="1"/>
</pin_list>
<bind>
<opset="trunc_ln42_10 "/>
</bind>
</comp>

<comp id="16236" class="1005" name="trunc_ln42_11_reg_16236">
<pin_list>
<pin id="16237" dir="0" index="0" bw="13" slack="1"/>
<pin id="16238" dir="1" index="1" bw="13" slack="1"/>
</pin_list>
<bind>
<opset="trunc_ln42_11 "/>
</bind>
</comp>

<comp id="16241" class="1005" name="trunc_ln42_12_reg_16241">
<pin_list>
<pin id="16242" dir="0" index="0" bw="15" slack="1"/>
<pin id="16243" dir="1" index="1" bw="15" slack="1"/>
</pin_list>
<bind>
<opset="trunc_ln42_12 "/>
</bind>
</comp>

<comp id="16246" class="1005" name="trunc_ln42_13_reg_16246">
<pin_list>
<pin id="16247" dir="0" index="0" bw="15" slack="1"/>
<pin id="16248" dir="1" index="1" bw="15" slack="1"/>
</pin_list>
<bind>
<opset="trunc_ln42_13 "/>
</bind>
</comp>

<comp id="16251" class="1005" name="trunc_ln42_14_reg_16251">
<pin_list>
<pin id="16252" dir="0" index="0" bw="16" slack="1"/>
<pin id="16253" dir="1" index="1" bw="16" slack="1"/>
</pin_list>
<bind>
<opset="trunc_ln42_14 "/>
</bind>
</comp>

<comp id="16256" class="1005" name="trunc_ln42_15_reg_16256">
<pin_list>
<pin id="16257" dir="0" index="0" bw="15" slack="1"/>
<pin id="16258" dir="1" index="1" bw="15" slack="1"/>
</pin_list>
<bind>
<opset="trunc_ln42_15 "/>
</bind>
</comp>

<comp id="16261" class="1005" name="trunc_ln42_16_reg_16261">
<pin_list>
<pin id="16262" dir="0" index="0" bw="16" slack="1"/>
<pin id="16263" dir="1" index="1" bw="16" slack="1"/>
</pin_list>
<bind>
<opset="trunc_ln42_16 "/>
</bind>
</comp>

<comp id="16266" class="1005" name="trunc_ln42_17_reg_16266">
<pin_list>
<pin id="16267" dir="0" index="0" bw="16" slack="1"/>
<pin id="16268" dir="1" index="1" bw="16" slack="1"/>
</pin_list>
<bind>
<opset="trunc_ln42_17 "/>
</bind>
</comp>

<comp id="16271" class="1005" name="trunc_ln42_18_reg_16271">
<pin_list>
<pin id="16272" dir="0" index="0" bw="16" slack="1"/>
<pin id="16273" dir="1" index="1" bw="16" slack="1"/>
</pin_list>
<bind>
<opset="trunc_ln42_18 "/>
</bind>
</comp>

<comp id="16276" class="1005" name="trunc_ln42_19_reg_16276">
<pin_list>
<pin id="16277" dir="0" index="0" bw="16" slack="1"/>
<pin id="16278" dir="1" index="1" bw="16" slack="1"/>
</pin_list>
<bind>
<opset="trunc_ln42_19 "/>
</bind>
</comp>

<comp id="16281" class="1005" name="trunc_ln42_20_reg_16281">
<pin_list>
<pin id="16282" dir="0" index="0" bw="16" slack="1"/>
<pin id="16283" dir="1" index="1" bw="16" slack="1"/>
</pin_list>
<bind>
<opset="trunc_ln42_20 "/>
</bind>
</comp>

<comp id="16286" class="1005" name="trunc_ln42_21_reg_16286">
<pin_list>
<pin id="16287" dir="0" index="0" bw="16" slack="1"/>
<pin id="16288" dir="1" index="1" bw="16" slack="1"/>
</pin_list>
<bind>
<opset="trunc_ln42_21 "/>
</bind>
</comp>

<comp id="16291" class="1005" name="trunc_ln42_22_reg_16291">
<pin_list>
<pin id="16292" dir="0" index="0" bw="16" slack="1"/>
<pin id="16293" dir="1" index="1" bw="16" slack="1"/>
</pin_list>
<bind>
<opset="trunc_ln42_22 "/>
</bind>
</comp>

<comp id="16296" class="1005" name="trunc_ln42_23_reg_16296">
<pin_list>
<pin id="16297" dir="0" index="0" bw="15" slack="1"/>
<pin id="16298" dir="1" index="1" bw="15" slack="1"/>
</pin_list>
<bind>
<opset="trunc_ln42_23 "/>
</bind>
</comp>

<comp id="16301" class="1005" name="trunc_ln42_24_reg_16301">
<pin_list>
<pin id="16302" dir="0" index="0" bw="16" slack="1"/>
<pin id="16303" dir="1" index="1" bw="16" slack="1"/>
</pin_list>
<bind>
<opset="trunc_ln42_24 "/>
</bind>
</comp>

<comp id="16306" class="1005" name="trunc_ln42_26_reg_16306">
<pin_list>
<pin id="16307" dir="0" index="0" bw="16" slack="1"/>
<pin id="16308" dir="1" index="1" bw="16" slack="1"/>
</pin_list>
<bind>
<opset="trunc_ln42_26 "/>
</bind>
</comp>

<comp id="16311" class="1005" name="trunc_ln42_27_reg_16311">
<pin_list>
<pin id="16312" dir="0" index="0" bw="16" slack="1"/>
<pin id="16313" dir="1" index="1" bw="16" slack="1"/>
</pin_list>
<bind>
<opset="trunc_ln42_27 "/>
</bind>
</comp>

<comp id="16316" class="1005" name="trunc_ln42_28_reg_16316">
<pin_list>
<pin id="16317" dir="0" index="0" bw="16" slack="1"/>
<pin id="16318" dir="1" index="1" bw="16" slack="1"/>
</pin_list>
<bind>
<opset="trunc_ln42_28 "/>
</bind>
</comp>

<comp id="16321" class="1005" name="trunc_ln42_29_reg_16321">
<pin_list>
<pin id="16322" dir="0" index="0" bw="16" slack="1"/>
<pin id="16323" dir="1" index="1" bw="16" slack="1"/>
</pin_list>
<bind>
<opset="trunc_ln42_29 "/>
</bind>
</comp>

<comp id="16326" class="1005" name="trunc_ln42_30_reg_16326">
<pin_list>
<pin id="16327" dir="0" index="0" bw="16" slack="1"/>
<pin id="16328" dir="1" index="1" bw="16" slack="1"/>
</pin_list>
<bind>
<opset="trunc_ln42_30 "/>
</bind>
</comp>

<comp id="16331" class="1005" name="trunc_ln42_31_reg_16331">
<pin_list>
<pin id="16332" dir="0" index="0" bw="16" slack="1"/>
<pin id="16333" dir="1" index="1" bw="16" slack="1"/>
</pin_list>
<bind>
<opset="trunc_ln42_31 "/>
</bind>
</comp>

<comp id="16336" class="1005" name="trunc_ln42_32_reg_16336">
<pin_list>
<pin id="16337" dir="0" index="0" bw="16" slack="1"/>
<pin id="16338" dir="1" index="1" bw="16" slack="1"/>
</pin_list>
<bind>
<opset="trunc_ln42_32 "/>
</bind>
</comp>

<comp id="16341" class="1005" name="trunc_ln42_33_reg_16341">
<pin_list>
<pin id="16342" dir="0" index="0" bw="16" slack="1"/>
<pin id="16343" dir="1" index="1" bw="16" slack="1"/>
</pin_list>
<bind>
<opset="trunc_ln42_33 "/>
</bind>
</comp>

<comp id="16346" class="1005" name="trunc_ln42_34_reg_16346">
<pin_list>
<pin id="16347" dir="0" index="0" bw="16" slack="1"/>
<pin id="16348" dir="1" index="1" bw="16" slack="1"/>
</pin_list>
<bind>
<opset="trunc_ln42_34 "/>
</bind>
</comp>

<comp id="16351" class="1005" name="trunc_ln42_35_reg_16351">
<pin_list>
<pin id="16352" dir="0" index="0" bw="16" slack="1"/>
<pin id="16353" dir="1" index="1" bw="16" slack="1"/>
</pin_list>
<bind>
<opset="trunc_ln42_35 "/>
</bind>
</comp>

<comp id="16356" class="1005" name="trunc_ln42_36_reg_16356">
<pin_list>
<pin id="16357" dir="0" index="0" bw="16" slack="1"/>
<pin id="16358" dir="1" index="1" bw="16" slack="1"/>
</pin_list>
<bind>
<opset="trunc_ln42_36 "/>
</bind>
</comp>

<comp id="16361" class="1005" name="trunc_ln42_37_reg_16361">
<pin_list>
<pin id="16362" dir="0" index="0" bw="16" slack="1"/>
<pin id="16363" dir="1" index="1" bw="16" slack="1"/>
</pin_list>
<bind>
<opset="trunc_ln42_37 "/>
</bind>
</comp>

<comp id="16366" class="1005" name="trunc_ln42_39_reg_16366">
<pin_list>
<pin id="16367" dir="0" index="0" bw="16" slack="1"/>
<pin id="16368" dir="1" index="1" bw="16" slack="1"/>
</pin_list>
<bind>
<opset="trunc_ln42_39 "/>
</bind>
</comp>

<comp id="16371" class="1005" name="trunc_ln42_40_reg_16371">
<pin_list>
<pin id="16372" dir="0" index="0" bw="16" slack="1"/>
<pin id="16373" dir="1" index="1" bw="16" slack="1"/>
</pin_list>
<bind>
<opset="trunc_ln42_40 "/>
</bind>
</comp>

<comp id="16376" class="1005" name="trunc_ln42_41_reg_16376">
<pin_list>
<pin id="16377" dir="0" index="0" bw="15" slack="1"/>
<pin id="16378" dir="1" index="1" bw="15" slack="1"/>
</pin_list>
<bind>
<opset="trunc_ln42_41 "/>
</bind>
</comp>

<comp id="16381" class="1005" name="trunc_ln42_42_reg_16381">
<pin_list>
<pin id="16382" dir="0" index="0" bw="16" slack="1"/>
<pin id="16383" dir="1" index="1" bw="16" slack="1"/>
</pin_list>
<bind>
<opset="trunc_ln42_42 "/>
</bind>
</comp>

<comp id="16386" class="1005" name="trunc_ln42_43_reg_16386">
<pin_list>
<pin id="16387" dir="0" index="0" bw="16" slack="1"/>
<pin id="16388" dir="1" index="1" bw="16" slack="1"/>
</pin_list>
<bind>
<opset="trunc_ln42_43 "/>
</bind>
</comp>

<comp id="16391" class="1005" name="trunc_ln42_44_reg_16391">
<pin_list>
<pin id="16392" dir="0" index="0" bw="16" slack="1"/>
<pin id="16393" dir="1" index="1" bw="16" slack="1"/>
</pin_list>
<bind>
<opset="trunc_ln42_44 "/>
</bind>
</comp>

<comp id="16396" class="1005" name="trunc_ln42_46_reg_16396">
<pin_list>
<pin id="16397" dir="0" index="0" bw="16" slack="1"/>
<pin id="16398" dir="1" index="1" bw="16" slack="1"/>
</pin_list>
<bind>
<opset="trunc_ln42_46 "/>
</bind>
</comp>

<comp id="16401" class="1005" name="trunc_ln42_47_reg_16401">
<pin_list>
<pin id="16402" dir="0" index="0" bw="15" slack="1"/>
<pin id="16403" dir="1" index="1" bw="15" slack="1"/>
</pin_list>
<bind>
<opset="trunc_ln42_47 "/>
</bind>
</comp>

<comp id="16406" class="1005" name="trunc_ln42_48_reg_16406">
<pin_list>
<pin id="16407" dir="0" index="0" bw="16" slack="1"/>
<pin id="16408" dir="1" index="1" bw="16" slack="1"/>
</pin_list>
<bind>
<opset="trunc_ln42_48 "/>
</bind>
</comp>

<comp id="16411" class="1005" name="trunc_ln42_49_reg_16411">
<pin_list>
<pin id="16412" dir="0" index="0" bw="15" slack="1"/>
<pin id="16413" dir="1" index="1" bw="15" slack="1"/>
</pin_list>
<bind>
<opset="trunc_ln42_49 "/>
</bind>
</comp>

<comp id="16416" class="1005" name="trunc_ln42_50_reg_16416">
<pin_list>
<pin id="16417" dir="0" index="0" bw="16" slack="1"/>
<pin id="16418" dir="1" index="1" bw="16" slack="1"/>
</pin_list>
<bind>
<opset="trunc_ln42_50 "/>
</bind>
</comp>

<comp id="16421" class="1005" name="trunc_ln42_52_reg_16421">
<pin_list>
<pin id="16422" dir="0" index="0" bw="16" slack="1"/>
<pin id="16423" dir="1" index="1" bw="16" slack="1"/>
</pin_list>
<bind>
<opset="trunc_ln42_52 "/>
</bind>
</comp>

<comp id="16426" class="1005" name="trunc_ln42_53_reg_16426">
<pin_list>
<pin id="16427" dir="0" index="0" bw="16" slack="1"/>
<pin id="16428" dir="1" index="1" bw="16" slack="1"/>
</pin_list>
<bind>
<opset="trunc_ln42_53 "/>
</bind>
</comp>

<comp id="16431" class="1005" name="trunc_ln42_54_reg_16431">
<pin_list>
<pin id="16432" dir="0" index="0" bw="16" slack="1"/>
<pin id="16433" dir="1" index="1" bw="16" slack="1"/>
</pin_list>
<bind>
<opset="trunc_ln42_54 "/>
</bind>
</comp>

<comp id="16436" class="1005" name="trunc_ln42_55_reg_16436">
<pin_list>
<pin id="16437" dir="0" index="0" bw="16" slack="1"/>
<pin id="16438" dir="1" index="1" bw="16" slack="1"/>
</pin_list>
<bind>
<opset="trunc_ln42_55 "/>
</bind>
</comp>

<comp id="16442" class="1005" name="trunc_ln42_56_reg_16442">
<pin_list>
<pin id="16443" dir="0" index="0" bw="16" slack="1"/>
<pin id="16444" dir="1" index="1" bw="16" slack="1"/>
</pin_list>
<bind>
<opset="trunc_ln42_56 "/>
</bind>
</comp>

<comp id="16447" class="1005" name="trunc_ln42_57_reg_16447">
<pin_list>
<pin id="16448" dir="0" index="0" bw="15" slack="1"/>
<pin id="16449" dir="1" index="1" bw="15" slack="1"/>
</pin_list>
<bind>
<opset="trunc_ln42_57 "/>
</bind>
</comp>

<comp id="16452" class="1005" name="trunc_ln42_58_reg_16452">
<pin_list>
<pin id="16453" dir="0" index="0" bw="15" slack="1"/>
<pin id="16454" dir="1" index="1" bw="15" slack="1"/>
</pin_list>
<bind>
<opset="trunc_ln42_58 "/>
</bind>
</comp>

<comp id="16457" class="1005" name="trunc_ln42_60_reg_16457">
<pin_list>
<pin id="16458" dir="0" index="0" bw="16" slack="1"/>
<pin id="16459" dir="1" index="1" bw="16" slack="1"/>
</pin_list>
<bind>
<opset="trunc_ln42_60 "/>
</bind>
</comp>

<comp id="16462" class="1005" name="trunc_ln42_61_reg_16462">
<pin_list>
<pin id="16463" dir="0" index="0" bw="16" slack="1"/>
<pin id="16464" dir="1" index="1" bw="16" slack="1"/>
</pin_list>
<bind>
<opset="trunc_ln42_61 "/>
</bind>
</comp>

<comp id="16467" class="1005" name="add_ln58_4_reg_16467">
<pin_list>
<pin id="16468" dir="0" index="0" bw="15" slack="1"/>
<pin id="16469" dir="1" index="1" bw="15" slack="1"/>
</pin_list>
<bind>
<opset="add_ln58_4 "/>
</bind>
</comp>

<comp id="16472" class="1005" name="add_ln58_12_reg_16472">
<pin_list>
<pin id="16473" dir="0" index="0" bw="14" slack="1"/>
<pin id="16474" dir="1" index="1" bw="14" slack="1"/>
</pin_list>
<bind>
<opset="add_ln58_12 "/>
</bind>
</comp>

<comp id="16477" class="1005" name="add_ln58_20_reg_16477">
<pin_list>
<pin id="16478" dir="0" index="0" bw="11" slack="1"/>
<pin id="16479" dir="1" index="1" bw="11" slack="1"/>
</pin_list>
<bind>
<opset="add_ln58_20 "/>
</bind>
</comp>

<comp id="16482" class="1005" name="add_ln58_36_reg_16482">
<pin_list>
<pin id="16483" dir="0" index="0" bw="13" slack="1"/>
<pin id="16484" dir="1" index="1" bw="13" slack="1"/>
</pin_list>
<bind>
<opset="add_ln58_36 "/>
</bind>
</comp>

<comp id="16487" class="1005" name="add_ln58_52_reg_16487">
<pin_list>
<pin id="16488" dir="0" index="0" bw="14" slack="1"/>
<pin id="16489" dir="1" index="1" bw="14" slack="1"/>
</pin_list>
<bind>
<opset="add_ln58_52 "/>
</bind>
</comp>

<comp id="16492" class="1005" name="add_ln58_60_reg_16492">
<pin_list>
<pin id="16493" dir="0" index="0" bw="14" slack="1"/>
<pin id="16494" dir="1" index="1" bw="14" slack="1"/>
</pin_list>
<bind>
<opset="add_ln58_60 "/>
</bind>
</comp>

<comp id="16497" class="1005" name="add_ln58_7_reg_16497">
<pin_list>
<pin id="16498" dir="0" index="0" bw="16" slack="1"/>
<pin id="16499" dir="1" index="1" bw="16" slack="1"/>
</pin_list>
<bind>
<opset="add_ln58_7 "/>
</bind>
</comp>

<comp id="16502" class="1005" name="add_ln58_15_reg_16502">
<pin_list>
<pin id="16503" dir="0" index="0" bw="16" slack="1"/>
<pin id="16504" dir="1" index="1" bw="16" slack="1"/>
</pin_list>
<bind>
<opset="add_ln58_15 "/>
</bind>
</comp>

<comp id="16507" class="1005" name="add_ln58_23_reg_16507">
<pin_list>
<pin id="16508" dir="0" index="0" bw="16" slack="1"/>
<pin id="16509" dir="1" index="1" bw="16" slack="1"/>
</pin_list>
<bind>
<opset="add_ln58_23 "/>
</bind>
</comp>

<comp id="16512" class="1005" name="add_ln58_31_reg_16512">
<pin_list>
<pin id="16513" dir="0" index="0" bw="16" slack="1"/>
<pin id="16514" dir="1" index="1" bw="16" slack="1"/>
</pin_list>
<bind>
<opset="add_ln58_31 "/>
</bind>
</comp>

<comp id="16517" class="1005" name="add_ln58_39_reg_16517">
<pin_list>
<pin id="16518" dir="0" index="0" bw="16" slack="1"/>
<pin id="16519" dir="1" index="1" bw="16" slack="1"/>
</pin_list>
<bind>
<opset="add_ln58_39 "/>
</bind>
</comp>

<comp id="16522" class="1005" name="add_ln58_47_reg_16522">
<pin_list>
<pin id="16523" dir="0" index="0" bw="16" slack="1"/>
<pin id="16524" dir="1" index="1" bw="16" slack="1"/>
</pin_list>
<bind>
<opset="add_ln58_47 "/>
</bind>
</comp>

<comp id="16527" class="1005" name="add_ln58_55_reg_16527">
<pin_list>
<pin id="16528" dir="0" index="0" bw="16" slack="1"/>
<pin id="16529" dir="1" index="1" bw="16" slack="1"/>
</pin_list>
<bind>
<opset="add_ln58_55 "/>
</bind>
</comp>

<comp id="16532" class="1005" name="add_ln58_63_reg_16532">
<pin_list>
<pin id="16533" dir="0" index="0" bw="16" slack="1"/>
<pin id="16534" dir="1" index="1" bw="16" slack="1"/>
</pin_list>
<bind>
<opset="add_ln58_63 "/>
</bind>
</comp>

</comp_list>

<net_list>
<net id="261"><net_src comp="4" pin="0"/><net_sink comp="258" pin=0"/></net>

<net id="266"><net_src comp="18" pin="0"/><net_sink comp="262" pin=0"/></net>

<net id="267"><net_src comp="0" pin="0"/><net_sink comp="262" pin=1"/></net>

<net id="273"><net_src comp="256" pin="0"/><net_sink comp="268" pin=0"/></net>

<net id="274"><net_src comp="2" pin="0"/><net_sink comp="268" pin=1"/></net>

<net id="854"><net_src comp="54" pin="0"/><net_sink comp="286" pin=1"/></net>

<net id="858"><net_src comp="62" pin="0"/><net_sink comp="331" pin=1"/></net>

<net id="14260"><net_src comp="76" pin="0"/><net_sink comp="330" pin=1"/></net>

<net id="14264"><net_src comp="82" pin="0"/><net_sink comp="290" pin=1"/></net>

<net id="14268"><net_src comp="84" pin="0"/><net_sink comp="282" pin=1"/></net>

<net id="14272"><net_src comp="86" pin="0"/><net_sink comp="307" pin=1"/></net>

<net id="14276"><net_src comp="92" pin="0"/><net_sink comp="320" pin=1"/></net>

<net id="14280"><net_src comp="94" pin="0"/><net_sink comp="335" pin=1"/></net>

<net id="14284"><net_src comp="96" pin="0"/><net_sink comp="334" pin=1"/></net>

<net id="14288"><net_src comp="98" pin="0"/><net_sink comp="315" pin=1"/></net>

<net id="14292"><net_src comp="110" pin="0"/><net_sink comp="297" pin=1"/></net>

<net id="14296"><net_src comp="112" pin="0"/><net_sink comp="283" pin=1"/></net>

<net id="14300"><net_src comp="114" pin="0"/><net_sink comp="284" pin=1"/></net>

<net id="14304"><net_src comp="116" pin="0"/><net_sink comp="303" pin=1"/></net>

<net id="14308"><net_src comp="118" pin="0"/><net_sink comp="287" pin=1"/></net>

<net id="14312"><net_src comp="120" pin="0"/><net_sink comp="295" pin=1"/></net>

<net id="14316"><net_src comp="122" pin="0"/><net_sink comp="275" pin=1"/></net>

<net id="14320"><net_src comp="124" pin="0"/><net_sink comp="326" pin=1"/></net>

<net id="14324"><net_src comp="126" pin="0"/><net_sink comp="333" pin=1"/></net>

<net id="14328"><net_src comp="128" pin="0"/><net_sink comp="279" pin=1"/></net>

<net id="14332"><net_src comp="130" pin="0"/><net_sink comp="337" pin=1"/></net>

<net id="14336"><net_src comp="132" pin="0"/><net_sink comp="305" pin=1"/></net>

<net id="14340"><net_src comp="134" pin="0"/><net_sink comp="338" pin=1"/></net>

<net id="14344"><net_src comp="136" pin="0"/><net_sink comp="329" pin=1"/></net>

<net id="14348"><net_src comp="138" pin="0"/><net_sink comp="289" pin=1"/></net>

<net id="14352"><net_src comp="144" pin="0"/><net_sink comp="281" pin=1"/></net>

<net id="14356"><net_src comp="146" pin="0"/><net_sink comp="318" pin=1"/></net>

<net id="14360"><net_src comp="148" pin="0"/><net_sink comp="292" pin=1"/></net>

<net id="14364"><net_src comp="150" pin="0"/><net_sink comp="301" pin=1"/></net>

<net id="14368"><net_src comp="152" pin="0"/><net_sink comp="291" pin=1"/></net>

<net id="14372"><net_src comp="154" pin="0"/><net_sink comp="312" pin=1"/></net>

<net id="14376"><net_src comp="156" pin="0"/><net_sink comp="332" pin=1"/></net>

<net id="14380"><net_src comp="158" pin="0"/><net_sink comp="322" pin=1"/></net>

<net id="14384"><net_src comp="160" pin="0"/><net_sink comp="327" pin=1"/></net>

<net id="14388"><net_src comp="162" pin="0"/><net_sink comp="313" pin=1"/></net>

<net id="14392"><net_src comp="164" pin="0"/><net_sink comp="306" pin=1"/></net>

<net id="14396"><net_src comp="166" pin="0"/><net_sink comp="325" pin=1"/></net>

<net id="14400"><net_src comp="168" pin="0"/><net_sink comp="278" pin=1"/></net>

<net id="14404"><net_src comp="170" pin="0"/><net_sink comp="314" pin=1"/></net>

<net id="14408"><net_src comp="172" pin="0"/><net_sink comp="296" pin=1"/></net>

<net id="14412"><net_src comp="174" pin="0"/><net_sink comp="293" pin=1"/></net>

<net id="14416"><net_src comp="176" pin="0"/><net_sink comp="308" pin=1"/></net>

<net id="14420"><net_src comp="184" pin="0"/><net_sink comp="302" pin=1"/></net>

<net id="14424"><net_src comp="186" pin="0"/><net_sink comp="276" pin=1"/></net>

<net id="14428"><net_src comp="188" pin="0"/><net_sink comp="277" pin=1"/></net>

<net id="14432"><net_src comp="116" pin="0"/><net_sink comp="299" pin=1"/></net>

<net id="14436"><net_src comp="190" pin="0"/><net_sink comp="280" pin=1"/></net>

<net id="14440"><net_src comp="196" pin="0"/><net_sink comp="321" pin=1"/></net>

<net id="14444"><net_src comp="198" pin="0"/><net_sink comp="310" pin=1"/></net>

<net id="14448"><net_src comp="200" pin="0"/><net_sink comp="311" pin=1"/></net>

<net id="14452"><net_src comp="202" pin="0"/><net_sink comp="323" pin=1"/></net>

<net id="14456"><net_src comp="204" pin="0"/><net_sink comp="336" pin=1"/></net>

<net id="14460"><net_src comp="206" pin="0"/><net_sink comp="328" pin=1"/></net>

<net id="14464"><net_src comp="208" pin="0"/><net_sink comp="288" pin=1"/></net>

<net id="14468"><net_src comp="210" pin="0"/><net_sink comp="324" pin=1"/></net>

<net id="14472"><net_src comp="212" pin="0"/><net_sink comp="317" pin=1"/></net>

<net id="14640"><net_src comp="16" pin="0"/><net_sink comp="14636" pin=0"/></net>

<net id="14647"><net_src comp="262" pin="2"/><net_sink comp="14644" pin=0"/></net>

<net id="14654"><net_src comp="20" pin="0"/><net_sink comp="14648" pin=0"/></net>

<net id="14655"><net_src comp="262" pin="2"/><net_sink comp="14648" pin=1"/></net>

<net id="14656"><net_src comp="22" pin="0"/><net_sink comp="14648" pin=2"/></net>

<net id="14657"><net_src comp="24" pin="0"/><net_sink comp="14648" pin=3"/></net>

<net id="14664"><net_src comp="20" pin="0"/><net_sink comp="14658" pin=0"/></net>

<net id="14665"><net_src comp="262" pin="2"/><net_sink comp="14658" pin=1"/></net>

<net id="14666"><net_src comp="26" pin="0"/><net_sink comp="14658" pin=2"/></net>

<net id="14667"><net_src comp="28" pin="0"/><net_sink comp="14658" pin=3"/></net>

<net id="14674"><net_src comp="20" pin="0"/><net_sink comp="14668" pin=0"/></net>

<net id="14675"><net_src comp="262" pin="2"/><net_sink comp="14668" pin=1"/></net>

<net id="14676"><net_src comp="30" pin="0"/><net_sink comp="14668" pin=2"/></net>

<net id="14677"><net_src comp="32" pin="0"/><net_sink comp="14668" pin=3"/></net>

<net id="14684"><net_src comp="20" pin="0"/><net_sink comp="14678" pin=0"/></net>

<net id="14685"><net_src comp="262" pin="2"/><net_sink comp="14678" pin=1"/></net>

<net id="14686"><net_src comp="34" pin="0"/><net_sink comp="14678" pin=2"/></net>

<net id="14687"><net_src comp="36" pin="0"/><net_sink comp="14678" pin=3"/></net>

<net id="14694"><net_src comp="20" pin="0"/><net_sink comp="14688" pin=0"/></net>

<net id="14695"><net_src comp="262" pin="2"/><net_sink comp="14688" pin=1"/></net>

<net id="14696"><net_src comp="38" pin="0"/><net_sink comp="14688" pin=2"/></net>

<net id="14697"><net_src comp="40" pin="0"/><net_sink comp="14688" pin=3"/></net>

<net id="14704"><net_src comp="20" pin="0"/><net_sink comp="14698" pin=0"/></net>

<net id="14705"><net_src comp="262" pin="2"/><net_sink comp="14698" pin=1"/></net>

<net id="14706"><net_src comp="42" pin="0"/><net_sink comp="14698" pin=2"/></net>

<net id="14707"><net_src comp="44" pin="0"/><net_sink comp="14698" pin=3"/></net>

<net id="14714"><net_src comp="20" pin="0"/><net_sink comp="14708" pin=0"/></net>

<net id="14715"><net_src comp="262" pin="2"/><net_sink comp="14708" pin=1"/></net>

<net id="14716"><net_src comp="46" pin="0"/><net_sink comp="14708" pin=2"/></net>

<net id="14717"><net_src comp="48" pin="0"/><net_sink comp="14708" pin=3"/></net>

<net id="14722"><net_src comp="14641" pin="1"/><net_sink comp="14718" pin=0"/></net>

<net id="14723"><net_src comp="50" pin="0"/><net_sink comp="14718" pin=1"/></net>

<net id="14728"><net_src comp="14641" pin="1"/><net_sink comp="14724" pin=0"/></net>

<net id="14729"><net_src comp="52" pin="0"/><net_sink comp="14724" pin=1"/></net>

<net id="14734"><net_src comp="14718" pin="2"/><net_sink comp="14730" pin=0"/></net>

<net id="14738"><net_src comp="14735" pin="1"/><net_sink comp="286" pin=0"/></net>

<net id="14745"><net_src comp="56" pin="0"/><net_sink comp="14739" pin=0"/></net>

<net id="14746"><net_src comp="286" pin="2"/><net_sink comp="14739" pin=1"/></net>

<net id="14747"><net_src comp="58" pin="0"/><net_sink comp="14739" pin=2"/></net>

<net id="14748"><net_src comp="60" pin="0"/><net_sink comp="14739" pin=3"/></net>

<net id="14752"><net_src comp="14749" pin="1"/><net_sink comp="331" pin=0"/></net>

<net id="14759"><net_src comp="64" pin="0"/><net_sink comp="14753" pin=0"/></net>

<net id="14760"><net_src comp="331" pin="2"/><net_sink comp="14753" pin=1"/></net>

<net id="14761"><net_src comp="58" pin="0"/><net_sink comp="14753" pin=2"/></net>

<net id="14762"><net_src comp="66" pin="0"/><net_sink comp="14753" pin=3"/></net>

<net id="14766"><net_src comp="14763" pin="1"/><net_sink comp="307" pin=0"/></net>

<net id="14767"><net_src comp="14763" pin="1"/><net_sink comp="335" pin=0"/></net>

<net id="14771"><net_src comp="14768" pin="1"/><net_sink comp="330" pin=0"/></net>

<net id="14772"><net_src comp="14768" pin="1"/><net_sink comp="290" pin=0"/></net>

<net id="14773"><net_src comp="14768" pin="1"/><net_sink comp="282" pin=0"/></net>

<net id="14774"><net_src comp="14768" pin="1"/><net_sink comp="320" pin=0"/></net>

<net id="14783"><net_src comp="68" pin="0"/><net_sink comp="14778" pin=0"/></net>

<net id="14784"><net_src comp="70" pin="0"/><net_sink comp="14778" pin=2"/></net>

<net id="14788"><net_src comp="14778" pin="3"/><net_sink comp="14785" pin=0"/></net>

<net id="14794"><net_src comp="72" pin="0"/><net_sink comp="14789" pin=0"/></net>

<net id="14795"><net_src comp="74" pin="0"/><net_sink comp="14789" pin=2"/></net>

<net id="14799"><net_src comp="14789" pin="3"/><net_sink comp="14796" pin=0"/></net>

<net id="14804"><net_src comp="14796" pin="1"/><net_sink comp="14800" pin=0"/></net>

<net id="14805"><net_src comp="14785" pin="1"/><net_sink comp="14800" pin=1"/></net>

<net id="14812"><net_src comp="64" pin="0"/><net_sink comp="14806" pin=0"/></net>

<net id="14813"><net_src comp="14800" pin="2"/><net_sink comp="14806" pin=1"/></net>

<net id="14814"><net_src comp="58" pin="0"/><net_sink comp="14806" pin=2"/></net>

<net id="14815"><net_src comp="66" pin="0"/><net_sink comp="14806" pin=3"/></net>

<net id="14819"><net_src comp="14806" pin="4"/><net_sink comp="14816" pin=0"/></net>

<net id="14826"><net_src comp="78" pin="0"/><net_sink comp="14820" pin=0"/></net>

<net id="14827"><net_src comp="330" pin="2"/><net_sink comp="14820" pin=1"/></net>

<net id="14828"><net_src comp="58" pin="0"/><net_sink comp="14820" pin=2"/></net>

<net id="14829"><net_src comp="80" pin="0"/><net_sink comp="14820" pin=3"/></net>

<net id="14836"><net_src comp="78" pin="0"/><net_sink comp="14830" pin=0"/></net>

<net id="14837"><net_src comp="290" pin="2"/><net_sink comp="14830" pin=1"/></net>

<net id="14838"><net_src comp="58" pin="0"/><net_sink comp="14830" pin=2"/></net>

<net id="14839"><net_src comp="80" pin="0"/><net_sink comp="14830" pin=3"/></net>

<net id="14846"><net_src comp="78" pin="0"/><net_sink comp="14840" pin=0"/></net>

<net id="14847"><net_src comp="282" pin="2"/><net_sink comp="14840" pin=1"/></net>

<net id="14848"><net_src comp="58" pin="0"/><net_sink comp="14840" pin=2"/></net>

<net id="14849"><net_src comp="80" pin="0"/><net_sink comp="14840" pin=3"/></net>

<net id="14856"><net_src comp="88" pin="0"/><net_sink comp="14850" pin=0"/></net>

<net id="14857"><net_src comp="307" pin="2"/><net_sink comp="14850" pin=1"/></net>

<net id="14858"><net_src comp="58" pin="0"/><net_sink comp="14850" pin=2"/></net>

<net id="14859"><net_src comp="90" pin="0"/><net_sink comp="14850" pin=3"/></net>

<net id="14866"><net_src comp="78" pin="0"/><net_sink comp="14860" pin=0"/></net>

<net id="14867"><net_src comp="320" pin="2"/><net_sink comp="14860" pin=1"/></net>

<net id="14868"><net_src comp="58" pin="0"/><net_sink comp="14860" pin=2"/></net>

<net id="14869"><net_src comp="80" pin="0"/><net_sink comp="14860" pin=3"/></net>

<net id="14876"><net_src comp="88" pin="0"/><net_sink comp="14870" pin=0"/></net>

<net id="14877"><net_src comp="335" pin="2"/><net_sink comp="14870" pin=1"/></net>

<net id="14878"><net_src comp="58" pin="0"/><net_sink comp="14870" pin=2"/></net>

<net id="14879"><net_src comp="90" pin="0"/><net_sink comp="14870" pin=3"/></net>

<net id="14883"><net_src comp="14880" pin="1"/><net_sink comp="334" pin=0"/></net>

<net id="14884"><net_src comp="14880" pin="1"/><net_sink comp="297" pin=0"/></net>

<net id="14885"><net_src comp="14880" pin="1"/><net_sink comp="287" pin=0"/></net>

<net id="14889"><net_src comp="14886" pin="1"/><net_sink comp="283" pin=0"/></net>

<net id="14896"><net_src comp="14893" pin="1"/><net_sink comp="315" pin=0"/></net>

<net id="14897"><net_src comp="14893" pin="1"/><net_sink comp="284" pin=0"/></net>

<net id="14898"><net_src comp="14893" pin="1"/><net_sink comp="303" pin=0"/></net>

<net id="14905"><net_src comp="78" pin="0"/><net_sink comp="14899" pin=0"/></net>

<net id="14906"><net_src comp="334" pin="2"/><net_sink comp="14899" pin=1"/></net>

<net id="14907"><net_src comp="58" pin="0"/><net_sink comp="14899" pin=2"/></net>

<net id="14908"><net_src comp="80" pin="0"/><net_sink comp="14899" pin=3"/></net>

<net id="14915"><net_src comp="88" pin="0"/><net_sink comp="14909" pin=0"/></net>

<net id="14916"><net_src comp="315" pin="2"/><net_sink comp="14909" pin=1"/></net>

<net id="14917"><net_src comp="58" pin="0"/><net_sink comp="14909" pin=2"/></net>

<net id="14918"><net_src comp="90" pin="0"/><net_sink comp="14909" pin=3"/></net>

<net id="14924"><net_src comp="100" pin="0"/><net_sink comp="14919" pin=0"/></net>

<net id="14925"><net_src comp="102" pin="0"/><net_sink comp="14919" pin=2"/></net>

<net id="14929"><net_src comp="14919" pin="3"/><net_sink comp="14926" pin=0"/></net>

<net id="14934"><net_src comp="104" pin="0"/><net_sink comp="14930" pin=0"/></net>

<net id="14935"><net_src comp="14926" pin="1"/><net_sink comp="14930" pin=1"/></net>

<net id="14940"><net_src comp="14930" pin="2"/><net_sink comp="14936" pin=0"/></net>

<net id="14941"><net_src comp="14890" pin="1"/><net_sink comp="14936" pin=1"/></net>

<net id="14948"><net_src comp="106" pin="0"/><net_sink comp="14942" pin=0"/></net>

<net id="14949"><net_src comp="14936" pin="2"/><net_sink comp="14942" pin=1"/></net>

<net id="14950"><net_src comp="58" pin="0"/><net_sink comp="14942" pin=2"/></net>

<net id="14951"><net_src comp="108" pin="0"/><net_sink comp="14942" pin=3"/></net>

<net id="14958"><net_src comp="78" pin="0"/><net_sink comp="14952" pin=0"/></net>

<net id="14959"><net_src comp="297" pin="2"/><net_sink comp="14952" pin=1"/></net>

<net id="14960"><net_src comp="58" pin="0"/><net_sink comp="14952" pin=2"/></net>

<net id="14961"><net_src comp="80" pin="0"/><net_sink comp="14952" pin=3"/></net>

<net id="14968"><net_src comp="64" pin="0"/><net_sink comp="14962" pin=0"/></net>

<net id="14969"><net_src comp="283" pin="2"/><net_sink comp="14962" pin=1"/></net>

<net id="14970"><net_src comp="58" pin="0"/><net_sink comp="14962" pin=2"/></net>

<net id="14971"><net_src comp="66" pin="0"/><net_sink comp="14962" pin=3"/></net>

<net id="14978"><net_src comp="88" pin="0"/><net_sink comp="14972" pin=0"/></net>

<net id="14979"><net_src comp="284" pin="2"/><net_sink comp="14972" pin=1"/></net>

<net id="14980"><net_src comp="58" pin="0"/><net_sink comp="14972" pin=2"/></net>

<net id="14981"><net_src comp="90" pin="0"/><net_sink comp="14972" pin=3"/></net>

<net id="14988"><net_src comp="88" pin="0"/><net_sink comp="14982" pin=0"/></net>

<net id="14989"><net_src comp="303" pin="2"/><net_sink comp="14982" pin=1"/></net>

<net id="14990"><net_src comp="58" pin="0"/><net_sink comp="14982" pin=2"/></net>

<net id="14991"><net_src comp="90" pin="0"/><net_sink comp="14982" pin=3"/></net>

<net id="14998"><net_src comp="78" pin="0"/><net_sink comp="14992" pin=0"/></net>

<net id="14999"><net_src comp="287" pin="2"/><net_sink comp="14992" pin=1"/></net>

<net id="15000"><net_src comp="58" pin="0"/><net_sink comp="14992" pin=2"/></net>

<net id="15001"><net_src comp="80" pin="0"/><net_sink comp="14992" pin=3"/></net>

<net id="15005"><net_src comp="15002" pin="1"/><net_sink comp="275" pin=0"/></net>

<net id="15006"><net_src comp="15002" pin="1"/><net_sink comp="326" pin=0"/></net>

<net id="15007"><net_src comp="15002" pin="1"/><net_sink comp="333" pin=0"/></net>

<net id="15008"><net_src comp="15002" pin="1"/><net_sink comp="279" pin=0"/></net>

<net id="15009"><net_src comp="15002" pin="1"/><net_sink comp="337" pin=0"/></net>

<net id="15010"><net_src comp="15002" pin="1"/><net_sink comp="305" pin=0"/></net>

<net id="15011"><net_src comp="15002" pin="1"/><net_sink comp="338" pin=0"/></net>

<net id="15015"><net_src comp="15012" pin="1"/><net_sink comp="295" pin=0"/></net>

<net id="15022"><net_src comp="88" pin="0"/><net_sink comp="15016" pin=0"/></net>

<net id="15023"><net_src comp="295" pin="2"/><net_sink comp="15016" pin=1"/></net>

<net id="15024"><net_src comp="58" pin="0"/><net_sink comp="15016" pin=2"/></net>

<net id="15025"><net_src comp="90" pin="0"/><net_sink comp="15016" pin=3"/></net>

<net id="15032"><net_src comp="78" pin="0"/><net_sink comp="15026" pin=0"/></net>

<net id="15033"><net_src comp="275" pin="2"/><net_sink comp="15026" pin=1"/></net>

<net id="15034"><net_src comp="58" pin="0"/><net_sink comp="15026" pin=2"/></net>

<net id="15035"><net_src comp="80" pin="0"/><net_sink comp="15026" pin=3"/></net>

<net id="15042"><net_src comp="78" pin="0"/><net_sink comp="15036" pin=0"/></net>

<net id="15043"><net_src comp="326" pin="2"/><net_sink comp="15036" pin=1"/></net>

<net id="15044"><net_src comp="58" pin="0"/><net_sink comp="15036" pin=2"/></net>

<net id="15045"><net_src comp="80" pin="0"/><net_sink comp="15036" pin=3"/></net>

<net id="15052"><net_src comp="78" pin="0"/><net_sink comp="15046" pin=0"/></net>

<net id="15053"><net_src comp="333" pin="2"/><net_sink comp="15046" pin=1"/></net>

<net id="15054"><net_src comp="58" pin="0"/><net_sink comp="15046" pin=2"/></net>

<net id="15055"><net_src comp="80" pin="0"/><net_sink comp="15046" pin=3"/></net>

<net id="15062"><net_src comp="78" pin="0"/><net_sink comp="15056" pin=0"/></net>

<net id="15063"><net_src comp="279" pin="2"/><net_sink comp="15056" pin=1"/></net>

<net id="15064"><net_src comp="58" pin="0"/><net_sink comp="15056" pin=2"/></net>

<net id="15065"><net_src comp="80" pin="0"/><net_sink comp="15056" pin=3"/></net>

<net id="15072"><net_src comp="78" pin="0"/><net_sink comp="15066" pin=0"/></net>

<net id="15073"><net_src comp="337" pin="2"/><net_sink comp="15066" pin=1"/></net>

<net id="15074"><net_src comp="58" pin="0"/><net_sink comp="15066" pin=2"/></net>

<net id="15075"><net_src comp="80" pin="0"/><net_sink comp="15066" pin=3"/></net>

<net id="15082"><net_src comp="78" pin="0"/><net_sink comp="15076" pin=0"/></net>

<net id="15083"><net_src comp="305" pin="2"/><net_sink comp="15076" pin=1"/></net>

<net id="15084"><net_src comp="58" pin="0"/><net_sink comp="15076" pin=2"/></net>

<net id="15085"><net_src comp="80" pin="0"/><net_sink comp="15076" pin=3"/></net>

<net id="15092"><net_src comp="78" pin="0"/><net_sink comp="15086" pin=0"/></net>

<net id="15093"><net_src comp="338" pin="2"/><net_sink comp="15086" pin=1"/></net>

<net id="15094"><net_src comp="58" pin="0"/><net_sink comp="15086" pin=2"/></net>

<net id="15095"><net_src comp="80" pin="0"/><net_sink comp="15086" pin=3"/></net>

<net id="15102"><net_src comp="15099" pin="1"/><net_sink comp="289" pin=0"/></net>

<net id="15103"><net_src comp="15099" pin="1"/><net_sink comp="281" pin=0"/></net>

<net id="15104"><net_src comp="15099" pin="1"/><net_sink comp="318" pin=0"/></net>

<net id="15105"><net_src comp="15099" pin="1"/><net_sink comp="292" pin=0"/></net>

<net id="15106"><net_src comp="15099" pin="1"/><net_sink comp="301" pin=0"/></net>

<net id="15107"><net_src comp="15099" pin="1"/><net_sink comp="291" pin=0"/></net>

<net id="15111"><net_src comp="15108" pin="1"/><net_sink comp="329" pin=0"/></net>

<net id="15118"><net_src comp="88" pin="0"/><net_sink comp="15112" pin=0"/></net>

<net id="15119"><net_src comp="329" pin="2"/><net_sink comp="15112" pin=1"/></net>

<net id="15120"><net_src comp="58" pin="0"/><net_sink comp="15112" pin=2"/></net>

<net id="15121"><net_src comp="90" pin="0"/><net_sink comp="15112" pin=3"/></net>

<net id="15128"><net_src comp="78" pin="0"/><net_sink comp="15122" pin=0"/></net>

<net id="15129"><net_src comp="289" pin="2"/><net_sink comp="15122" pin=1"/></net>

<net id="15130"><net_src comp="58" pin="0"/><net_sink comp="15122" pin=2"/></net>

<net id="15131"><net_src comp="80" pin="0"/><net_sink comp="15122" pin=3"/></net>

<net id="15137"><net_src comp="72" pin="0"/><net_sink comp="15132" pin=0"/></net>

<net id="15138"><net_src comp="74" pin="0"/><net_sink comp="15132" pin=2"/></net>

<net id="15142"><net_src comp="15132" pin="3"/><net_sink comp="15139" pin=0"/></net>

<net id="15147"><net_src comp="15139" pin="1"/><net_sink comp="15143" pin=0"/></net>

<net id="15148"><net_src comp="15096" pin="1"/><net_sink comp="15143" pin=1"/></net>

<net id="15155"><net_src comp="140" pin="0"/><net_sink comp="15149" pin=0"/></net>

<net id="15156"><net_src comp="15143" pin="2"/><net_sink comp="15149" pin=1"/></net>

<net id="15157"><net_src comp="58" pin="0"/><net_sink comp="15149" pin=2"/></net>

<net id="15158"><net_src comp="142" pin="0"/><net_sink comp="15149" pin=3"/></net>

<net id="15162"><net_src comp="15149" pin="4"/><net_sink comp="15159" pin=0"/></net>

<net id="15169"><net_src comp="78" pin="0"/><net_sink comp="15163" pin=0"/></net>

<net id="15170"><net_src comp="281" pin="2"/><net_sink comp="15163" pin=1"/></net>

<net id="15171"><net_src comp="58" pin="0"/><net_sink comp="15163" pin=2"/></net>

<net id="15172"><net_src comp="80" pin="0"/><net_sink comp="15163" pin=3"/></net>

<net id="15179"><net_src comp="78" pin="0"/><net_sink comp="15173" pin=0"/></net>

<net id="15180"><net_src comp="318" pin="2"/><net_sink comp="15173" pin=1"/></net>

<net id="15181"><net_src comp="58" pin="0"/><net_sink comp="15173" pin=2"/></net>

<net id="15182"><net_src comp="80" pin="0"/><net_sink comp="15173" pin=3"/></net>

<net id="15189"><net_src comp="78" pin="0"/><net_sink comp="15183" pin=0"/></net>

<net id="15190"><net_src comp="292" pin="2"/><net_sink comp="15183" pin=1"/></net>

<net id="15191"><net_src comp="58" pin="0"/><net_sink comp="15183" pin=2"/></net>

<net id="15192"><net_src comp="80" pin="0"/><net_sink comp="15183" pin=3"/></net>

<net id="15199"><net_src comp="78" pin="0"/><net_sink comp="15193" pin=0"/></net>

<net id="15200"><net_src comp="301" pin="2"/><net_sink comp="15193" pin=1"/></net>

<net id="15201"><net_src comp="58" pin="0"/><net_sink comp="15193" pin=2"/></net>

<net id="15202"><net_src comp="80" pin="0"/><net_sink comp="15193" pin=3"/></net>

<net id="15209"><net_src comp="78" pin="0"/><net_sink comp="15203" pin=0"/></net>

<net id="15210"><net_src comp="291" pin="2"/><net_sink comp="15203" pin=1"/></net>

<net id="15211"><net_src comp="58" pin="0"/><net_sink comp="15203" pin=2"/></net>

<net id="15212"><net_src comp="80" pin="0"/><net_sink comp="15203" pin=3"/></net>

<net id="15216"><net_src comp="15213" pin="1"/><net_sink comp="312" pin=0"/></net>

<net id="15217"><net_src comp="15213" pin="1"/><net_sink comp="332" pin=0"/></net>

<net id="15218"><net_src comp="15213" pin="1"/><net_sink comp="322" pin=0"/></net>

<net id="15219"><net_src comp="15213" pin="1"/><net_sink comp="327" pin=0"/></net>

<net id="15220"><net_src comp="15213" pin="1"/><net_sink comp="313" pin=0"/></net>

<net id="15221"><net_src comp="15213" pin="1"/><net_sink comp="306" pin=0"/></net>

<net id="15222"><net_src comp="15213" pin="1"/><net_sink comp="325" pin=0"/></net>

<net id="15229"><net_src comp="78" pin="0"/><net_sink comp="15223" pin=0"/></net>

<net id="15230"><net_src comp="312" pin="2"/><net_sink comp="15223" pin=1"/></net>

<net id="15231"><net_src comp="58" pin="0"/><net_sink comp="15223" pin=2"/></net>

<net id="15232"><net_src comp="80" pin="0"/><net_sink comp="15223" pin=3"/></net>

<net id="15239"><net_src comp="78" pin="0"/><net_sink comp="15233" pin=0"/></net>

<net id="15240"><net_src comp="332" pin="2"/><net_sink comp="15233" pin=1"/></net>

<net id="15241"><net_src comp="58" pin="0"/><net_sink comp="15233" pin=2"/></net>

<net id="15242"><net_src comp="80" pin="0"/><net_sink comp="15233" pin=3"/></net>

<net id="15249"><net_src comp="78" pin="0"/><net_sink comp="15243" pin=0"/></net>

<net id="15250"><net_src comp="322" pin="2"/><net_sink comp="15243" pin=1"/></net>

<net id="15251"><net_src comp="58" pin="0"/><net_sink comp="15243" pin=2"/></net>

<net id="15252"><net_src comp="80" pin="0"/><net_sink comp="15243" pin=3"/></net>

<net id="15259"><net_src comp="78" pin="0"/><net_sink comp="15253" pin=0"/></net>

<net id="15260"><net_src comp="327" pin="2"/><net_sink comp="15253" pin=1"/></net>

<net id="15261"><net_src comp="58" pin="0"/><net_sink comp="15253" pin=2"/></net>

<net id="15262"><net_src comp="80" pin="0"/><net_sink comp="15253" pin=3"/></net>

<net id="15269"><net_src comp="78" pin="0"/><net_sink comp="15263" pin=0"/></net>

<net id="15270"><net_src comp="313" pin="2"/><net_sink comp="15263" pin=1"/></net>

<net id="15271"><net_src comp="58" pin="0"/><net_sink comp="15263" pin=2"/></net>

<net id="15272"><net_src comp="80" pin="0"/><net_sink comp="15263" pin=3"/></net>

<net id="15279"><net_src comp="78" pin="0"/><net_sink comp="15273" pin=0"/></net>

<net id="15280"><net_src comp="306" pin="2"/><net_sink comp="15273" pin=1"/></net>

<net id="15281"><net_src comp="58" pin="0"/><net_sink comp="15273" pin=2"/></net>

<net id="15282"><net_src comp="80" pin="0"/><net_sink comp="15273" pin=3"/></net>

<net id="15289"><net_src comp="78" pin="0"/><net_sink comp="15283" pin=0"/></net>

<net id="15290"><net_src comp="325" pin="2"/><net_sink comp="15283" pin=1"/></net>

<net id="15291"><net_src comp="58" pin="0"/><net_sink comp="15283" pin=2"/></net>

<net id="15292"><net_src comp="80" pin="0"/><net_sink comp="15283" pin=3"/></net>

<net id="15299"><net_src comp="15296" pin="1"/><net_sink comp="296" pin=0"/></net>

<net id="15303"><net_src comp="15300" pin="1"/><net_sink comp="278" pin=0"/></net>

<net id="15304"><net_src comp="15300" pin="1"/><net_sink comp="314" pin=0"/></net>

<net id="15305"><net_src comp="15300" pin="1"/><net_sink comp="293" pin=0"/></net>

<net id="15306"><net_src comp="15300" pin="1"/><net_sink comp="308" pin=0"/></net>

<net id="15307"><net_src comp="15300" pin="1"/><net_sink comp="302" pin=0"/></net>

<net id="15314"><net_src comp="78" pin="0"/><net_sink comp="15308" pin=0"/></net>

<net id="15315"><net_src comp="278" pin="2"/><net_sink comp="15308" pin=1"/></net>

<net id="15316"><net_src comp="58" pin="0"/><net_sink comp="15308" pin=2"/></net>

<net id="15317"><net_src comp="80" pin="0"/><net_sink comp="15308" pin=3"/></net>

<net id="15324"><net_src comp="78" pin="0"/><net_sink comp="15318" pin=0"/></net>

<net id="15325"><net_src comp="314" pin="2"/><net_sink comp="15318" pin=1"/></net>

<net id="15326"><net_src comp="58" pin="0"/><net_sink comp="15318" pin=2"/></net>

<net id="15327"><net_src comp="80" pin="0"/><net_sink comp="15318" pin=3"/></net>

<net id="15334"><net_src comp="88" pin="0"/><net_sink comp="15328" pin=0"/></net>

<net id="15335"><net_src comp="296" pin="2"/><net_sink comp="15328" pin=1"/></net>

<net id="15336"><net_src comp="58" pin="0"/><net_sink comp="15328" pin=2"/></net>

<net id="15337"><net_src comp="90" pin="0"/><net_sink comp="15328" pin=3"/></net>

<net id="15344"><net_src comp="78" pin="0"/><net_sink comp="15338" pin=0"/></net>

<net id="15345"><net_src comp="293" pin="2"/><net_sink comp="15338" pin=1"/></net>

<net id="15346"><net_src comp="58" pin="0"/><net_sink comp="15338" pin=2"/></net>

<net id="15347"><net_src comp="80" pin="0"/><net_sink comp="15338" pin=3"/></net>

<net id="15354"><net_src comp="78" pin="0"/><net_sink comp="15348" pin=0"/></net>

<net id="15355"><net_src comp="308" pin="2"/><net_sink comp="15348" pin=1"/></net>

<net id="15356"><net_src comp="58" pin="0"/><net_sink comp="15348" pin=2"/></net>

<net id="15357"><net_src comp="80" pin="0"/><net_sink comp="15348" pin=3"/></net>

<net id="15363"><net_src comp="178" pin="0"/><net_sink comp="15358" pin=0"/></net>

<net id="15364"><net_src comp="16" pin="0"/><net_sink comp="15358" pin=2"/></net>

<net id="15370"><net_src comp="180" pin="0"/><net_sink comp="15365" pin=0"/></net>

<net id="15371"><net_src comp="182" pin="0"/><net_sink comp="15365" pin=2"/></net>

<net id="15375"><net_src comp="15365" pin="3"/><net_sink comp="15372" pin=0"/></net>

<net id="15380"><net_src comp="15358" pin="3"/><net_sink comp="15376" pin=0"/></net>

<net id="15381"><net_src comp="15372" pin="1"/><net_sink comp="15376" pin=1"/></net>

<net id="15388"><net_src comp="78" pin="0"/><net_sink comp="15382" pin=0"/></net>

<net id="15389"><net_src comp="15376" pin="2"/><net_sink comp="15382" pin=1"/></net>

<net id="15390"><net_src comp="58" pin="0"/><net_sink comp="15382" pin=2"/></net>

<net id="15391"><net_src comp="80" pin="0"/><net_sink comp="15382" pin=3"/></net>

<net id="15397"><net_src comp="68" pin="0"/><net_sink comp="15392" pin=0"/></net>

<net id="15398"><net_src comp="70" pin="0"/><net_sink comp="15392" pin=2"/></net>

<net id="15402"><net_src comp="15392" pin="3"/><net_sink comp="15399" pin=0"/></net>

<net id="15408"><net_src comp="100" pin="0"/><net_sink comp="15403" pin=0"/></net>

<net id="15409"><net_src comp="102" pin="0"/><net_sink comp="15403" pin=2"/></net>

<net id="15413"><net_src comp="15403" pin="3"/><net_sink comp="15410" pin=0"/></net>

<net id="15418"><net_src comp="15410" pin="1"/><net_sink comp="15414" pin=0"/></net>

<net id="15419"><net_src comp="15399" pin="1"/><net_sink comp="15414" pin=1"/></net>

<net id="15426"><net_src comp="64" pin="0"/><net_sink comp="15420" pin=0"/></net>

<net id="15427"><net_src comp="15414" pin="2"/><net_sink comp="15420" pin=1"/></net>

<net id="15428"><net_src comp="58" pin="0"/><net_sink comp="15420" pin=2"/></net>

<net id="15429"><net_src comp="66" pin="0"/><net_sink comp="15420" pin=3"/></net>

<net id="15433"><net_src comp="15420" pin="4"/><net_sink comp="15430" pin=0"/></net>

<net id="15440"><net_src comp="78" pin="0"/><net_sink comp="15434" pin=0"/></net>

<net id="15441"><net_src comp="302" pin="2"/><net_sink comp="15434" pin=1"/></net>

<net id="15442"><net_src comp="58" pin="0"/><net_sink comp="15434" pin=2"/></net>

<net id="15443"><net_src comp="80" pin="0"/><net_sink comp="15434" pin=3"/></net>

<net id="15447"><net_src comp="15444" pin="1"/><net_sink comp="277" pin=0"/></net>

<net id="15448"><net_src comp="15444" pin="1"/><net_sink comp="280" pin=0"/></net>

<net id="15449"><net_src comp="15444" pin="1"/><net_sink comp="321" pin=0"/></net>

<net id="15450"><net_src comp="15444" pin="1"/><net_sink comp="310" pin=0"/></net>

<net id="15451"><net_src comp="15444" pin="1"/><net_sink comp="311" pin=0"/></net>

<net id="15455"><net_src comp="15452" pin="1"/><net_sink comp="276" pin=0"/></net>

<net id="15456"><net_src comp="15452" pin="1"/><net_sink comp="299" pin=0"/></net>

<net id="15463"><net_src comp="88" pin="0"/><net_sink comp="15457" pin=0"/></net>

<net id="15464"><net_src comp="276" pin="2"/><net_sink comp="15457" pin=1"/></net>

<net id="15465"><net_src comp="58" pin="0"/><net_sink comp="15457" pin=2"/></net>

<net id="15466"><net_src comp="90" pin="0"/><net_sink comp="15457" pin=3"/></net>

<net id="15473"><net_src comp="78" pin="0"/><net_sink comp="15467" pin=0"/></net>

<net id="15474"><net_src comp="277" pin="2"/><net_sink comp="15467" pin=1"/></net>

<net id="15475"><net_src comp="58" pin="0"/><net_sink comp="15467" pin=2"/></net>

<net id="15476"><net_src comp="80" pin="0"/><net_sink comp="15467" pin=3"/></net>

<net id="15483"><net_src comp="88" pin="0"/><net_sink comp="15477" pin=0"/></net>

<net id="15484"><net_src comp="299" pin="2"/><net_sink comp="15477" pin=1"/></net>

<net id="15485"><net_src comp="58" pin="0"/><net_sink comp="15477" pin=2"/></net>

<net id="15486"><net_src comp="90" pin="0"/><net_sink comp="15477" pin=3"/></net>

<net id="15493"><net_src comp="78" pin="0"/><net_sink comp="15487" pin=0"/></net>

<net id="15494"><net_src comp="280" pin="2"/><net_sink comp="15487" pin=1"/></net>

<net id="15495"><net_src comp="58" pin="0"/><net_sink comp="15487" pin=2"/></net>

<net id="15496"><net_src comp="80" pin="0"/><net_sink comp="15487" pin=3"/></net>

<net id="15502"><net_src comp="100" pin="0"/><net_sink comp="15497" pin=0"/></net>

<net id="15503"><net_src comp="102" pin="0"/><net_sink comp="15497" pin=2"/></net>

<net id="15507"><net_src comp="15497" pin="3"/><net_sink comp="15504" pin=0"/></net>

<net id="15513"><net_src comp="192" pin="0"/><net_sink comp="15508" pin=0"/></net>

<net id="15514"><net_src comp="194" pin="0"/><net_sink comp="15508" pin=2"/></net>

<net id="15518"><net_src comp="15508" pin="3"/><net_sink comp="15515" pin=0"/></net>

<net id="15523"><net_src comp="15504" pin="1"/><net_sink comp="15519" pin=0"/></net>

<net id="15524"><net_src comp="15515" pin="1"/><net_sink comp="15519" pin=1"/></net>

<net id="15531"><net_src comp="106" pin="0"/><net_sink comp="15525" pin=0"/></net>

<net id="15532"><net_src comp="15519" pin="2"/><net_sink comp="15525" pin=1"/></net>

<net id="15533"><net_src comp="58" pin="0"/><net_sink comp="15525" pin=2"/></net>

<net id="15534"><net_src comp="108" pin="0"/><net_sink comp="15525" pin=3"/></net>

<net id="15538"><net_src comp="15525" pin="4"/><net_sink comp="15535" pin=0"/></net>

<net id="15545"><net_src comp="78" pin="0"/><net_sink comp="15539" pin=0"/></net>

<net id="15546"><net_src comp="321" pin="2"/><net_sink comp="15539" pin=1"/></net>

<net id="15547"><net_src comp="58" pin="0"/><net_sink comp="15539" pin=2"/></net>

<net id="15548"><net_src comp="80" pin="0"/><net_sink comp="15539" pin=3"/></net>

<net id="15555"><net_src comp="78" pin="0"/><net_sink comp="15549" pin=0"/></net>

<net id="15556"><net_src comp="310" pin="2"/><net_sink comp="15549" pin=1"/></net>

<net id="15557"><net_src comp="58" pin="0"/><net_sink comp="15549" pin=2"/></net>

<net id="15558"><net_src comp="80" pin="0"/><net_sink comp="15549" pin=3"/></net>

<net id="15565"><net_src comp="78" pin="0"/><net_sink comp="15559" pin=0"/></net>

<net id="15566"><net_src comp="311" pin="2"/><net_sink comp="15559" pin=1"/></net>

<net id="15567"><net_src comp="58" pin="0"/><net_sink comp="15559" pin=2"/></net>

<net id="15568"><net_src comp="80" pin="0"/><net_sink comp="15559" pin=3"/></net>

<net id="15572"><net_src comp="15569" pin="1"/><net_sink comp="323" pin=0"/></net>

<net id="15573"><net_src comp="15569" pin="1"/><net_sink comp="336" pin=0"/></net>

<net id="15574"><net_src comp="15569" pin="1"/><net_sink comp="324" pin=0"/></net>

<net id="15575"><net_src comp="15569" pin="1"/><net_sink comp="317" pin=0"/></net>

<net id="15579"><net_src comp="15576" pin="1"/><net_sink comp="328" pin=0"/></net>

<net id="15580"><net_src comp="15576" pin="1"/><net_sink comp="288" pin=0"/></net>

<net id="15587"><net_src comp="78" pin="0"/><net_sink comp="15581" pin=0"/></net>

<net id="15588"><net_src comp="323" pin="2"/><net_sink comp="15581" pin=1"/></net>

<net id="15589"><net_src comp="58" pin="0"/><net_sink comp="15581" pin=2"/></net>

<net id="15590"><net_src comp="80" pin="0"/><net_sink comp="15581" pin=3"/></net>

<net id="15597"><net_src comp="78" pin="0"/><net_sink comp="15591" pin=0"/></net>

<net id="15598"><net_src comp="336" pin="2"/><net_sink comp="15591" pin=1"/></net>

<net id="15599"><net_src comp="58" pin="0"/><net_sink comp="15591" pin=2"/></net>

<net id="15600"><net_src comp="80" pin="0"/><net_sink comp="15591" pin=3"/></net>

<net id="15607"><net_src comp="88" pin="0"/><net_sink comp="15601" pin=0"/></net>

<net id="15608"><net_src comp="328" pin="2"/><net_sink comp="15601" pin=1"/></net>

<net id="15609"><net_src comp="58" pin="0"/><net_sink comp="15601" pin=2"/></net>

<net id="15610"><net_src comp="90" pin="0"/><net_sink comp="15601" pin=3"/></net>

<net id="15617"><net_src comp="88" pin="0"/><net_sink comp="15611" pin=0"/></net>

<net id="15618"><net_src comp="288" pin="2"/><net_sink comp="15611" pin=1"/></net>

<net id="15619"><net_src comp="58" pin="0"/><net_sink comp="15611" pin=2"/></net>

<net id="15620"><net_src comp="90" pin="0"/><net_sink comp="15611" pin=3"/></net>

<net id="15627"><net_src comp="78" pin="0"/><net_sink comp="15621" pin=0"/></net>

<net id="15628"><net_src comp="324" pin="2"/><net_sink comp="15621" pin=1"/></net>

<net id="15629"><net_src comp="58" pin="0"/><net_sink comp="15621" pin=2"/></net>

<net id="15630"><net_src comp="80" pin="0"/><net_sink comp="15621" pin=3"/></net>

<net id="15637"><net_src comp="78" pin="0"/><net_sink comp="15631" pin=0"/></net>

<net id="15638"><net_src comp="317" pin="2"/><net_sink comp="15631" pin=1"/></net>

<net id="15639"><net_src comp="58" pin="0"/><net_sink comp="15631" pin=2"/></net>

<net id="15640"><net_src comp="80" pin="0"/><net_sink comp="15631" pin=3"/></net>

<net id="15645"><net_src comp="14775" pin="1"/><net_sink comp="15641" pin=0"/></net>

<net id="15646"><net_src comp="214" pin="0"/><net_sink comp="15641" pin=1"/></net>

<net id="15651"><net_src comp="14816" pin="1"/><net_sink comp="15647" pin=0"/></net>

<net id="15652"><net_src comp="216" pin="0"/><net_sink comp="15647" pin=1"/></net>

<net id="15657"><net_src comp="15159" pin="1"/><net_sink comp="15653" pin=0"/></net>

<net id="15658"><net_src comp="218" pin="0"/><net_sink comp="15653" pin=1"/></net>

<net id="15663"><net_src comp="15535" pin="1"/><net_sink comp="15659" pin=0"/></net>

<net id="15664"><net_src comp="220" pin="0"/><net_sink comp="15659" pin=1"/></net>

<net id="15669"><net_src comp="15430" pin="1"/><net_sink comp="15665" pin=0"/></net>

<net id="15670"><net_src comp="222" pin="0"/><net_sink comp="15665" pin=1"/></net>

<net id="15675"><net_src comp="15293" pin="1"/><net_sink comp="15671" pin=0"/></net>

<net id="15676"><net_src comp="224" pin="0"/><net_sink comp="15671" pin=1"/></net>

<net id="15724"><net_src comp="226" pin="0"/><net_sink comp="15719" pin=0"/></net>

<net id="15725"><net_src comp="228" pin="0"/><net_sink comp="15719" pin=2"/></net>

<net id="15729"><net_src comp="15719" pin="3"/><net_sink comp="15726" pin=0"/></net>

<net id="15735"><net_src comp="230" pin="0"/><net_sink comp="15730" pin=0"/></net>

<net id="15736"><net_src comp="232" pin="0"/><net_sink comp="15730" pin=2"/></net>

<net id="15740"><net_src comp="15730" pin="3"/><net_sink comp="15737" pin=0"/></net>

<net id="15745"><net_src comp="15737" pin="1"/><net_sink comp="15741" pin=0"/></net>

<net id="15746"><net_src comp="15726" pin="1"/><net_sink comp="15741" pin=1"/></net>

<net id="15753"><net_src comp="78" pin="0"/><net_sink comp="15747" pin=0"/></net>

<net id="15754"><net_src comp="15741" pin="2"/><net_sink comp="15747" pin=1"/></net>

<net id="15755"><net_src comp="58" pin="0"/><net_sink comp="15747" pin=2"/></net>

<net id="15756"><net_src comp="80" pin="0"/><net_sink comp="15747" pin=3"/></net>

<net id="15769"><net_src comp="15761" pin="2"/><net_sink comp="15765" pin=0"/></net>

<net id="15770"><net_src comp="15757" pin="2"/><net_sink comp="15765" pin=1"/></net>

<net id="15775"><net_src comp="15698" pin="1"/><net_sink comp="15771" pin=0"/></net>

<net id="15776"><net_src comp="15701" pin="1"/><net_sink comp="15771" pin=1"/></net>

<net id="15784"><net_src comp="15777" pin="1"/><net_sink comp="15780" pin=0"/></net>

<net id="15785"><net_src comp="15707" pin="1"/><net_sink comp="15780" pin=1"/></net>

<net id="15790"><net_src comp="15780" pin="2"/><net_sink comp="15786" pin=0"/></net>

<net id="15791"><net_src comp="15771" pin="2"/><net_sink comp="15786" pin=1"/></net>

<net id="15796"><net_src comp="15786" pin="2"/><net_sink comp="15792" pin=0"/></net>

<net id="15797"><net_src comp="15765" pin="2"/><net_sink comp="15792" pin=1"/></net>

<net id="15810"><net_src comp="15802" pin="2"/><net_sink comp="15806" pin=0"/></net>

<net id="15811"><net_src comp="15798" pin="2"/><net_sink comp="15806" pin=1"/></net>

<net id="15823"><net_src comp="15816" pin="1"/><net_sink comp="15819" pin=0"/></net>

<net id="15824"><net_src comp="15683" pin="1"/><net_sink comp="15819" pin=1"/></net>

<net id="15829"><net_src comp="15819" pin="2"/><net_sink comp="15825" pin=0"/></net>

<net id="15830"><net_src comp="15812" pin="2"/><net_sink comp="15825" pin=1"/></net>

<net id="15835"><net_src comp="15825" pin="2"/><net_sink comp="15831" pin=0"/></net>

<net id="15836"><net_src comp="15806" pin="2"/><net_sink comp="15831" pin=1"/></net>

<net id="15849"><net_src comp="15841" pin="2"/><net_sink comp="15845" pin=0"/></net>

<net id="15850"><net_src comp="15837" pin="2"/><net_sink comp="15845" pin=1"/></net>

<net id="15855"><net_src comp="15704" pin="1"/><net_sink comp="15851" pin=0"/></net>

<net id="15856"><net_src comp="15710" pin="1"/><net_sink comp="15851" pin=1"/></net>

<net id="15864"><net_src comp="15857" pin="1"/><net_sink comp="15860" pin=0"/></net>

<net id="15865"><net_src comp="15686" pin="1"/><net_sink comp="15860" pin=1"/></net>

<net id="15869"><net_src comp="15860" pin="2"/><net_sink comp="15866" pin=0"/></net>

<net id="15874"><net_src comp="15866" pin="1"/><net_sink comp="15870" pin=0"/></net>

<net id="15875"><net_src comp="15851" pin="2"/><net_sink comp="15870" pin=1"/></net>

<net id="15880"><net_src comp="15870" pin="2"/><net_sink comp="15876" pin=0"/></net>

<net id="15881"><net_src comp="15845" pin="2"/><net_sink comp="15876" pin=1"/></net>

<net id="15894"><net_src comp="15886" pin="2"/><net_sink comp="15890" pin=0"/></net>

<net id="15895"><net_src comp="15882" pin="2"/><net_sink comp="15890" pin=1"/></net>

<net id="15904"><net_src comp="15713" pin="1"/><net_sink comp="15900" pin=0"/></net>

<net id="15905"><net_src comp="234" pin="0"/><net_sink comp="15900" pin=1"/></net>

<net id="15910"><net_src comp="15900" pin="2"/><net_sink comp="15906" pin=0"/></net>

<net id="15915"><net_src comp="15906" pin="2"/><net_sink comp="15911" pin=0"/></net>

<net id="15916"><net_src comp="15896" pin="2"/><net_sink comp="15911" pin=1"/></net>

<net id="15921"><net_src comp="15911" pin="2"/><net_sink comp="15917" pin=0"/></net>

<net id="15922"><net_src comp="15890" pin="2"/><net_sink comp="15917" pin=1"/></net>

<net id="15935"><net_src comp="15927" pin="2"/><net_sink comp="15931" pin=0"/></net>

<net id="15936"><net_src comp="15923" pin="2"/><net_sink comp="15931" pin=1"/></net>

<net id="15941"><net_src comp="15716" pin="1"/><net_sink comp="15937" pin=1"/></net>

<net id="15949"><net_src comp="15942" pin="1"/><net_sink comp="15945" pin=0"/></net>

<net id="15950"><net_src comp="15689" pin="1"/><net_sink comp="15945" pin=1"/></net>

<net id="15954"><net_src comp="15945" pin="2"/><net_sink comp="15951" pin=0"/></net>

<net id="15959"><net_src comp="15951" pin="1"/><net_sink comp="15955" pin=0"/></net>

<net id="15960"><net_src comp="15937" pin="2"/><net_sink comp="15955" pin=1"/></net>

<net id="15965"><net_src comp="15955" pin="2"/><net_sink comp="15961" pin=0"/></net>

<net id="15966"><net_src comp="15931" pin="2"/><net_sink comp="15961" pin=1"/></net>

<net id="15979"><net_src comp="15971" pin="2"/><net_sink comp="15975" pin=0"/></net>

<net id="15980"><net_src comp="15967" pin="2"/><net_sink comp="15975" pin=1"/></net>

<net id="15985"><net_src comp="15747" pin="4"/><net_sink comp="15981" pin=1"/></net>

<net id="15990"><net_src comp="15692" pin="1"/><net_sink comp="15986" pin=0"/></net>

<net id="15991"><net_src comp="236" pin="0"/><net_sink comp="15986" pin=1"/></net>

<net id="15996"><net_src comp="15986" pin="2"/><net_sink comp="15992" pin=0"/></net>

<net id="15997"><net_src comp="15677" pin="1"/><net_sink comp="15992" pin=1"/></net>

<net id="16002"><net_src comp="15992" pin="2"/><net_sink comp="15998" pin=0"/></net>

<net id="16003"><net_src comp="15981" pin="2"/><net_sink comp="15998" pin=1"/></net>

<net id="16008"><net_src comp="15998" pin="2"/><net_sink comp="16004" pin=0"/></net>

<net id="16009"><net_src comp="15975" pin="2"/><net_sink comp="16004" pin=1"/></net>

<net id="16022"><net_src comp="16014" pin="2"/><net_sink comp="16018" pin=0"/></net>

<net id="16023"><net_src comp="16010" pin="2"/><net_sink comp="16018" pin=1"/></net>

<net id="16035"><net_src comp="16028" pin="1"/><net_sink comp="16031" pin=0"/></net>

<net id="16036"><net_src comp="15695" pin="1"/><net_sink comp="16031" pin=1"/></net>

<net id="16041"><net_src comp="16031" pin="2"/><net_sink comp="16037" pin=0"/></net>

<net id="16042"><net_src comp="16024" pin="2"/><net_sink comp="16037" pin=1"/></net>

<net id="16047"><net_src comp="16037" pin="2"/><net_sink comp="16043" pin=0"/></net>

<net id="16048"><net_src comp="16018" pin="2"/><net_sink comp="16043" pin=1"/></net>

<net id="16061"><net_src comp="16053" pin="2"/><net_sink comp="16057" pin=0"/></net>

<net id="16062"><net_src comp="16049" pin="2"/><net_sink comp="16057" pin=1"/></net>

<net id="16074"><net_src comp="16067" pin="1"/><net_sink comp="16070" pin=0"/></net>

<net id="16075"><net_src comp="15680" pin="1"/><net_sink comp="16070" pin=1"/></net>

<net id="16080"><net_src comp="16070" pin="2"/><net_sink comp="16076" pin=0"/></net>

<net id="16081"><net_src comp="16063" pin="2"/><net_sink comp="16076" pin=1"/></net>

<net id="16086"><net_src comp="16076" pin="2"/><net_sink comp="16082" pin=0"/></net>

<net id="16087"><net_src comp="16057" pin="2"/><net_sink comp="16082" pin=1"/></net>

<net id="16099"><net_src comp="254" pin="0"/><net_sink comp="16088" pin=0"/></net>

<net id="16100"><net_src comp="16088" pin="9"/><net_sink comp="268" pin=2"/></net>

<net id="16104"><net_src comp="258" pin="1"/><net_sink comp="16101" pin=0"/></net>

<net id="16105"><net_src comp="16101" pin="1"/><net_sink comp="14636" pin=1"/></net>

<net id="16106"><net_src comp="16101" pin="1"/><net_sink comp="14641" pin=0"/></net>

<net id="16107"><net_src comp="16101" pin="1"/><net_sink comp="14730" pin=1"/></net>

<net id="16111"><net_src comp="14644" pin="1"/><net_sink comp="16108" pin=0"/></net>

<net id="16112"><net_src comp="16108" pin="1"/><net_sink comp="14735" pin=0"/></net>

<net id="16113"><net_src comp="16108" pin="1"/><net_sink comp="14763" pin=0"/></net>

<net id="16114"><net_src comp="16108" pin="1"/><net_sink comp="14768" pin=0"/></net>

<net id="16115"><net_src comp="16108" pin="1"/><net_sink comp="14778" pin=1"/></net>

<net id="16116"><net_src comp="16108" pin="1"/><net_sink comp="14789" pin=1"/></net>

<net id="16120"><net_src comp="14648" pin="4"/><net_sink comp="16117" pin=0"/></net>

<net id="16121"><net_src comp="16117" pin="1"/><net_sink comp="14880" pin=0"/></net>

<net id="16122"><net_src comp="16117" pin="1"/><net_sink comp="14886" pin=0"/></net>

<net id="16123"><net_src comp="16117" pin="1"/><net_sink comp="14890" pin=0"/></net>

<net id="16124"><net_src comp="16117" pin="1"/><net_sink comp="14893" pin=0"/></net>

<net id="16125"><net_src comp="16117" pin="1"/><net_sink comp="14919" pin=1"/></net>

<net id="16129"><net_src comp="14658" pin="4"/><net_sink comp="16126" pin=0"/></net>

<net id="16130"><net_src comp="16126" pin="1"/><net_sink comp="15002" pin=0"/></net>

<net id="16131"><net_src comp="16126" pin="1"/><net_sink comp="15012" pin=0"/></net>

<net id="16135"><net_src comp="14668" pin="4"/><net_sink comp="16132" pin=0"/></net>

<net id="16136"><net_src comp="16132" pin="1"/><net_sink comp="15096" pin=0"/></net>

<net id="16137"><net_src comp="16132" pin="1"/><net_sink comp="15099" pin=0"/></net>

<net id="16138"><net_src comp="16132" pin="1"/><net_sink comp="15108" pin=0"/></net>

<net id="16139"><net_src comp="16132" pin="1"/><net_sink comp="15132" pin=1"/></net>

<net id="16143"><net_src comp="14678" pin="4"/><net_sink comp="16140" pin=0"/></net>

<net id="16144"><net_src comp="16140" pin="1"/><net_sink comp="14749" pin=0"/></net>

<net id="16145"><net_src comp="16140" pin="1"/><net_sink comp="15213" pin=0"/></net>

<net id="16149"><net_src comp="14688" pin="4"/><net_sink comp="16146" pin=0"/></net>

<net id="16150"><net_src comp="16146" pin="1"/><net_sink comp="15296" pin=0"/></net>

<net id="16151"><net_src comp="16146" pin="1"/><net_sink comp="15300" pin=0"/></net>

<net id="16152"><net_src comp="16146" pin="1"/><net_sink comp="15358" pin=1"/></net>

<net id="16153"><net_src comp="16146" pin="1"/><net_sink comp="15365" pin=1"/></net>

<net id="16154"><net_src comp="16146" pin="1"/><net_sink comp="15392" pin=1"/></net>

<net id="16155"><net_src comp="16146" pin="1"/><net_sink comp="15403" pin=1"/></net>

<net id="16159"><net_src comp="14698" pin="4"/><net_sink comp="16156" pin=0"/></net>

<net id="16160"><net_src comp="16156" pin="1"/><net_sink comp="15444" pin=0"/></net>

<net id="16161"><net_src comp="16156" pin="1"/><net_sink comp="15452" pin=0"/></net>

<net id="16162"><net_src comp="16156" pin="1"/><net_sink comp="15497" pin=1"/></net>

<net id="16163"><net_src comp="16156" pin="1"/><net_sink comp="15508" pin=1"/></net>

<net id="16167"><net_src comp="14708" pin="4"/><net_sink comp="16164" pin=0"/></net>

<net id="16168"><net_src comp="16164" pin="1"/><net_sink comp="15569" pin=0"/></net>

<net id="16169"><net_src comp="16164" pin="1"/><net_sink comp="15576" pin=0"/></net>

<net id="16170"><net_src comp="16164" pin="1"/><net_sink comp="15719" pin=1"/></net>

<net id="16171"><net_src comp="16164" pin="1"/><net_sink comp="15730" pin=1"/></net>

<net id="16175"><net_src comp="14724" pin="2"/><net_sink comp="16172" pin=0"/></net>

<net id="16179"><net_src comp="14739" pin="4"/><net_sink comp="16176" pin=0"/></net>

<net id="16180"><net_src comp="16176" pin="1"/><net_sink comp="14775" pin=0"/></net>

<net id="16184"><net_src comp="14753" pin="4"/><net_sink comp="16181" pin=0"/></net>

<net id="16185"><net_src comp="16181" pin="1"/><net_sink comp="15293" pin=0"/></net>

<net id="16189"><net_src comp="14820" pin="4"/><net_sink comp="16186" pin=0"/></net>

<net id="16190"><net_src comp="16186" pin="1"/><net_sink comp="15837" pin=0"/></net>

<net id="16194"><net_src comp="14830" pin="4"/><net_sink comp="16191" pin=0"/></net>

<net id="16195"><net_src comp="16191" pin="1"/><net_sink comp="15882" pin=0"/></net>

<net id="16199"><net_src comp="14840" pin="4"/><net_sink comp="16196" pin=0"/></net>

<net id="16200"><net_src comp="16196" pin="1"/><net_sink comp="15923" pin=0"/></net>

<net id="16204"><net_src comp="14850" pin="4"/><net_sink comp="16201" pin=0"/></net>

<net id="16205"><net_src comp="16201" pin="1"/><net_sink comp="15677" pin=0"/></net>

<net id="16209"><net_src comp="14860" pin="4"/><net_sink comp="16206" pin=0"/></net>

<net id="16210"><net_src comp="16206" pin="1"/><net_sink comp="16010" pin=0"/></net>

<net id="16214"><net_src comp="14870" pin="4"/><net_sink comp="16211" pin=0"/></net>

<net id="16215"><net_src comp="16211" pin="1"/><net_sink comp="15680" pin=0"/></net>

<net id="16219"><net_src comp="14899" pin="4"/><net_sink comp="16216" pin=0"/></net>

<net id="16220"><net_src comp="16216" pin="1"/><net_sink comp="15757" pin=0"/></net>

<net id="16224"><net_src comp="14909" pin="4"/><net_sink comp="16221" pin=0"/></net>

<net id="16225"><net_src comp="16221" pin="1"/><net_sink comp="15683" pin=0"/></net>

<net id="16229"><net_src comp="14942" pin="4"/><net_sink comp="16226" pin=0"/></net>

<net id="16230"><net_src comp="16226" pin="1"/><net_sink comp="15686" pin=0"/></net>

<net id="16234"><net_src comp="14952" pin="4"/><net_sink comp="16231" pin=0"/></net>

<net id="16235"><net_src comp="16231" pin="1"/><net_sink comp="15882" pin=1"/></net>

<net id="16239"><net_src comp="14962" pin="4"/><net_sink comp="16236" pin=0"/></net>

<net id="16240"><net_src comp="16236" pin="1"/><net_sink comp="15689" pin=0"/></net>

<net id="16244"><net_src comp="14972" pin="4"/><net_sink comp="16241" pin=0"/></net>

<net id="16245"><net_src comp="16241" pin="1"/><net_sink comp="15692" pin=0"/></net>

<net id="16249"><net_src comp="14982" pin="4"/><net_sink comp="16246" pin=0"/></net>

<net id="16250"><net_src comp="16246" pin="1"/><net_sink comp="15695" pin=0"/></net>

<net id="16254"><net_src comp="14992" pin="4"/><net_sink comp="16251" pin=0"/></net>

<net id="16255"><net_src comp="16251" pin="1"/><net_sink comp="16049" pin=0"/></net>

<net id="16259"><net_src comp="15016" pin="4"/><net_sink comp="16256" pin=0"/></net>

<net id="16260"><net_src comp="16256" pin="1"/><net_sink comp="15698" pin=0"/></net>

<net id="16264"><net_src comp="15026" pin="4"/><net_sink comp="16261" pin=0"/></net>

<net id="16265"><net_src comp="16261" pin="1"/><net_sink comp="15798" pin=0"/></net>

<net id="16269"><net_src comp="15036" pin="4"/><net_sink comp="16266" pin=0"/></net>

<net id="16270"><net_src comp="16266" pin="1"/><net_sink comp="15837" pin=1"/></net>

<net id="16274"><net_src comp="15046" pin="4"/><net_sink comp="16271" pin=0"/></net>

<net id="16275"><net_src comp="16271" pin="1"/><net_sink comp="15886" pin=0"/></net>

<net id="16279"><net_src comp="15056" pin="4"/><net_sink comp="16276" pin=0"/></net>

<net id="16280"><net_src comp="16276" pin="1"/><net_sink comp="15923" pin=1"/></net>

<net id="16284"><net_src comp="15066" pin="4"/><net_sink comp="16281" pin=0"/></net>

<net id="16285"><net_src comp="16281" pin="1"/><net_sink comp="15967" pin=0"/></net>

<net id="16289"><net_src comp="15076" pin="4"/><net_sink comp="16286" pin=0"/></net>

<net id="16290"><net_src comp="16286" pin="1"/><net_sink comp="16010" pin=1"/></net>

<net id="16294"><net_src comp="15086" pin="4"/><net_sink comp="16291" pin=0"/></net>

<net id="16295"><net_src comp="16291" pin="1"/><net_sink comp="16049" pin=1"/></net>

<net id="16299"><net_src comp="15112" pin="4"/><net_sink comp="16296" pin=0"/></net>

<net id="16300"><net_src comp="16296" pin="1"/><net_sink comp="15701" pin=0"/></net>

<net id="16304"><net_src comp="15122" pin="4"/><net_sink comp="16301" pin=0"/></net>

<net id="16305"><net_src comp="16301" pin="1"/><net_sink comp="15798" pin=1"/></net>

<net id="16309"><net_src comp="15163" pin="4"/><net_sink comp="16306" pin=0"/></net>

<net id="16310"><net_src comp="16306" pin="1"/><net_sink comp="15886" pin=1"/></net>

<net id="16314"><net_src comp="15173" pin="4"/><net_sink comp="16311" pin=0"/></net>

<net id="16315"><net_src comp="16311" pin="1"/><net_sink comp="15927" pin=0"/></net>

<net id="16319"><net_src comp="15183" pin="4"/><net_sink comp="16316" pin=0"/></net>

<net id="16320"><net_src comp="16316" pin="1"/><net_sink comp="15967" pin=1"/></net>

<net id="16324"><net_src comp="15193" pin="4"/><net_sink comp="16321" pin=0"/></net>

<net id="16325"><net_src comp="16321" pin="1"/><net_sink comp="16014" pin=0"/></net>

<net id="16329"><net_src comp="15203" pin="4"/><net_sink comp="16326" pin=0"/></net>

<net id="16330"><net_src comp="16326" pin="1"/><net_sink comp="16053" pin=0"/></net>

<net id="16334"><net_src comp="15223" pin="4"/><net_sink comp="16331" pin=0"/></net>

<net id="16335"><net_src comp="16331" pin="1"/><net_sink comp="15757" pin=1"/></net>

<net id="16339"><net_src comp="15233" pin="4"/><net_sink comp="16336" pin=0"/></net>

<net id="16340"><net_src comp="16336" pin="1"/><net_sink comp="15802" pin=0"/></net>

<net id="16344"><net_src comp="15243" pin="4"/><net_sink comp="16341" pin=0"/></net>

<net id="16345"><net_src comp="16341" pin="1"/><net_sink comp="15841" pin=0"/></net>

<net id="16349"><net_src comp="15253" pin="4"/><net_sink comp="16346" pin=0"/></net>

<net id="16350"><net_src comp="16346" pin="1"/><net_sink comp="15896" pin=0"/></net>

<net id="16354"><net_src comp="15263" pin="4"/><net_sink comp="16351" pin=0"/></net>

<net id="16355"><net_src comp="16351" pin="1"/><net_sink comp="15927" pin=1"/></net>

<net id="16359"><net_src comp="15273" pin="4"/><net_sink comp="16356" pin=0"/></net>

<net id="16360"><net_src comp="16356" pin="1"/><net_sink comp="15971" pin=0"/></net>

<net id="16364"><net_src comp="15283" pin="4"/><net_sink comp="16361" pin=0"/></net>

<net id="16365"><net_src comp="16361" pin="1"/><net_sink comp="16014" pin=1"/></net>

<net id="16369"><net_src comp="15308" pin="4"/><net_sink comp="16366" pin=0"/></net>

<net id="16370"><net_src comp="16366" pin="1"/><net_sink comp="15761" pin=0"/></net>

<net id="16374"><net_src comp="15318" pin="4"/><net_sink comp="16371" pin=0"/></net>

<net id="16375"><net_src comp="16371" pin="1"/><net_sink comp="15802" pin=1"/></net>

<net id="16379"><net_src comp="15328" pin="4"/><net_sink comp="16376" pin=0"/></net>

<net id="16380"><net_src comp="16376" pin="1"/><net_sink comp="15704" pin=0"/></net>

<net id="16384"><net_src comp="15338" pin="4"/><net_sink comp="16381" pin=0"/></net>

<net id="16385"><net_src comp="16381" pin="1"/><net_sink comp="15896" pin=1"/></net>

<net id="16389"><net_src comp="15348" pin="4"/><net_sink comp="16386" pin=0"/></net>

<net id="16390"><net_src comp="16386" pin="1"/><net_sink comp="15937" pin=0"/></net>

<net id="16394"><net_src comp="15382" pin="4"/><net_sink comp="16391" pin=0"/></net>

<net id="16395"><net_src comp="16391" pin="1"/><net_sink comp="15971" pin=1"/></net>

<net id="16399"><net_src comp="15434" pin="4"/><net_sink comp="16396" pin=0"/></net>

<net id="16400"><net_src comp="16396" pin="1"/><net_sink comp="16053" pin=1"/></net>

<net id="16404"><net_src comp="15457" pin="4"/><net_sink comp="16401" pin=0"/></net>

<net id="16405"><net_src comp="16401" pin="1"/><net_sink comp="15707" pin=0"/></net>

<net id="16409"><net_src comp="15467" pin="4"/><net_sink comp="16406" pin=0"/></net>

<net id="16410"><net_src comp="16406" pin="1"/><net_sink comp="15812" pin=0"/></net>

<net id="16414"><net_src comp="15477" pin="4"/><net_sink comp="16411" pin=0"/></net>

<net id="16415"><net_src comp="16411" pin="1"/><net_sink comp="15710" pin=0"/></net>

<net id="16419"><net_src comp="15487" pin="4"/><net_sink comp="16416" pin=0"/></net>

<net id="16420"><net_src comp="16416" pin="1"/><net_sink comp="15906" pin=1"/></net>

<net id="16424"><net_src comp="15539" pin="4"/><net_sink comp="16421" pin=0"/></net>

<net id="16425"><net_src comp="16421" pin="1"/><net_sink comp="15981" pin=0"/></net>

<net id="16429"><net_src comp="15549" pin="4"/><net_sink comp="16426" pin=0"/></net>

<net id="16430"><net_src comp="16426" pin="1"/><net_sink comp="16024" pin=0"/></net>

<net id="16434"><net_src comp="15559" pin="4"/><net_sink comp="16431" pin=0"/></net>

<net id="16435"><net_src comp="16431" pin="1"/><net_sink comp="16063" pin=0"/></net>

<net id="16439"><net_src comp="15581" pin="4"/><net_sink comp="16436" pin=0"/></net>

<net id="16440"><net_src comp="16436" pin="1"/><net_sink comp="15761" pin=1"/></net>

<net id="16441"><net_src comp="16436" pin="1"/><net_sink comp="15812" pin=1"/></net>

<net id="16445"><net_src comp="15591" pin="4"/><net_sink comp="16442" pin=0"/></net>

<net id="16446"><net_src comp="16442" pin="1"/><net_sink comp="15841" pin=1"/></net>

<net id="16450"><net_src comp="15601" pin="4"/><net_sink comp="16447" pin=0"/></net>

<net id="16451"><net_src comp="16447" pin="1"/><net_sink comp="15713" pin=0"/></net>

<net id="16455"><net_src comp="15611" pin="4"/><net_sink comp="16452" pin=0"/></net>

<net id="16456"><net_src comp="16452" pin="1"/><net_sink comp="15716" pin=0"/></net>

<net id="16460"><net_src comp="15621" pin="4"/><net_sink comp="16457" pin=0"/></net>

<net id="16461"><net_src comp="16457" pin="1"/><net_sink comp="16024" pin=1"/></net>

<net id="16465"><net_src comp="15631" pin="4"/><net_sink comp="16462" pin=0"/></net>

<net id="16466"><net_src comp="16462" pin="1"/><net_sink comp="16063" pin=1"/></net>

<net id="16470"><net_src comp="15641" pin="2"/><net_sink comp="16467" pin=0"/></net>

<net id="16471"><net_src comp="16467" pin="1"/><net_sink comp="15777" pin=0"/></net>

<net id="16475"><net_src comp="15647" pin="2"/><net_sink comp="16472" pin=0"/></net>

<net id="16476"><net_src comp="16472" pin="1"/><net_sink comp="15816" pin=0"/></net>

<net id="16480"><net_src comp="15653" pin="2"/><net_sink comp="16477" pin=0"/></net>

<net id="16481"><net_src comp="16477" pin="1"/><net_sink comp="15857" pin=0"/></net>

<net id="16485"><net_src comp="15659" pin="2"/><net_sink comp="16482" pin=0"/></net>

<net id="16486"><net_src comp="16482" pin="1"/><net_sink comp="15942" pin=0"/></net>

<net id="16490"><net_src comp="15665" pin="2"/><net_sink comp="16487" pin=0"/></net>

<net id="16491"><net_src comp="16487" pin="1"/><net_sink comp="16028" pin=0"/></net>

<net id="16495"><net_src comp="15671" pin="2"/><net_sink comp="16492" pin=0"/></net>

<net id="16496"><net_src comp="16492" pin="1"/><net_sink comp="16067" pin=0"/></net>

<net id="16500"><net_src comp="15792" pin="2"/><net_sink comp="16497" pin=0"/></net>

<net id="16501"><net_src comp="16497" pin="1"/><net_sink comp="16088" pin=8"/></net>

<net id="16505"><net_src comp="15831" pin="2"/><net_sink comp="16502" pin=0"/></net>

<net id="16506"><net_src comp="16502" pin="1"/><net_sink comp="16088" pin=7"/></net>

<net id="16510"><net_src comp="15876" pin="2"/><net_sink comp="16507" pin=0"/></net>

<net id="16511"><net_src comp="16507" pin="1"/><net_sink comp="16088" pin=6"/></net>

<net id="16515"><net_src comp="15917" pin="2"/><net_sink comp="16512" pin=0"/></net>

<net id="16516"><net_src comp="16512" pin="1"/><net_sink comp="16088" pin=5"/></net>

<net id="16520"><net_src comp="15961" pin="2"/><net_sink comp="16517" pin=0"/></net>

<net id="16521"><net_src comp="16517" pin="1"/><net_sink comp="16088" pin=4"/></net>

<net id="16525"><net_src comp="16004" pin="2"/><net_sink comp="16522" pin=0"/></net>

<net id="16526"><net_src comp="16522" pin="1"/><net_sink comp="16088" pin=3"/></net>

<net id="16530"><net_src comp="16043" pin="2"/><net_sink comp="16527" pin=0"/></net>

<net id="16531"><net_src comp="16527" pin="1"/><net_sink comp="16088" pin=2"/></net>

<net id="16535"><net_src comp="16082" pin="2"/><net_sink comp="16532" pin=0"/></net>

<net id="16536"><net_src comp="16532" pin="1"/><net_sink comp="16088" pin=1"/></net>

</net_list>

</model> 
---------------- Datapath Model END ------------------

* FSMD analyzer results:
  - Output states:
	Port: layer23_out | {5 }
 - Input state : 
	Port: pointwise_conv_2d_cl<array,array<ap_fixed<16,6,5,3,0>,8u>,config36> : layer22_out | {1 }
  - Chain level:
	State 1
		store_ln0 : 1
		indvar_flatten2_load : 1
		add_ln67 : 2
		icmp_ln67 : 2
		store_ln67 : 3
		br_ln67 : 3
	State 2
		mul_ln73 : 1
		trunc_ln : 2
		mul_ln73_20 : 1
		trunc_ln42_38 : 2
	State 3
		sext_ln73_5 : 1
		sext_ln73_6 : 1
		sub_ln73 : 2
		trunc_ln42_1 : 3
		sext_ln73_1 : 4
		mul_ln73_1 : 1
		trunc_ln42_2 : 2
		mul_ln42 : 1
		trunc_ln42_3 : 2
		mul_ln73_2 : 1
		trunc_ln42_4 : 2
		mul_ln73_3 : 1
		trunc_ln42_5 : 2
		mul_ln42_1 : 1
		trunc_ln42_6 : 2
		mul_ln73_4 : 1
		trunc_ln42_7 : 2
		mul_ln73_5 : 1
		trunc_ln42_8 : 2
		mul_ln73_6 : 1
		trunc_ln42_9 : 2
		sext_ln73_7 : 1
		sub_ln73_1 : 2
		sub_ln73_2 : 3
		trunc_ln42_s : 4
		mul_ln73_7 : 1
		trunc_ln42_10 : 2
		mul_ln73_8 : 1
		trunc_ln42_11 : 2
		mul_ln73_9 : 1
		trunc_ln42_12 : 2
		mul_ln73_10 : 1
		trunc_ln42_13 : 2
		mul_ln42_2 : 1
		trunc_ln42_14 : 2
		mul_ln73_11 : 1
		trunc_ln42_15 : 2
		mul_ln42_3 : 1
		trunc_ln42_16 : 2
		mul_ln42_4 : 1
		trunc_ln42_17 : 2
		mul_ln42_5 : 1
		trunc_ln42_18 : 2
		mul_ln42_6 : 1
		trunc_ln42_19 : 2
		mul_ln42_7 : 1
		trunc_ln42_20 : 2
		mul_ln73_12 : 1
		trunc_ln42_21 : 2
		mul_ln42_8 : 1
		trunc_ln42_22 : 2
		mul_ln73_13 : 1
		trunc_ln42_23 : 2
		mul_ln73_14 : 1
		trunc_ln42_24 : 2
		sext_ln73_8 : 1
		sub_ln73_3 : 2
		trunc_ln42_25 : 3
		sext_ln73_4 : 4
		mul_ln73_15 : 1
		trunc_ln42_26 : 2
		mul_ln42_9 : 1
		trunc_ln42_27 : 2
		mul_ln42_10 : 1
		trunc_ln42_28 : 2
		mul_ln73_16 : 1
		trunc_ln42_29 : 2
		mul_ln42_11 : 1
		trunc_ln42_30 : 2
		mul_ln42_12 : 1
		trunc_ln42_31 : 2
		mul_ln42_13 : 1
		trunc_ln42_32 : 2
		mul_ln73_17 : 1
		trunc_ln42_33 : 2
		mul_ln73_18 : 1
		trunc_ln42_34 : 2
		mul_ln42_14 : 1
		trunc_ln42_35 : 2
		mul_ln42_15 : 1
		trunc_ln42_36 : 2
		mul_ln73_19 : 1
		trunc_ln42_37 : 2
		mul_ln42_16 : 1
		trunc_ln42_39 : 2
		mul_ln73_21 : 1
		trunc_ln42_40 : 2
		mul_ln73_22 : 1
		trunc_ln42_41 : 2
		mul_ln42_17 : 1
		trunc_ln42_42 : 2
		mul_ln73_23 : 1
		trunc_ln42_43 : 2
		sext_ln42_16 : 1
		sub_ln42 : 2
		trunc_ln42_44 : 3
		sext_ln73_9 : 1
		sext_ln73_10 : 1
		sub_ln73_4 : 2
		trunc_ln42_45 : 3
		sext_ln42_9 : 4
		mul_ln42_18 : 1
		trunc_ln42_46 : 2
		mul_ln73_24 : 1
		trunc_ln42_47 : 2
		mul_ln42_19 : 1
		trunc_ln42_48 : 2
		mul_ln73_25 : 1
		trunc_ln42_49 : 2
		mul_ln73_26 : 1
		trunc_ln42_50 : 2
		sext_ln73_11 : 1
		sext_ln73_12 : 1
		add_ln73 : 2
		trunc_ln42_51 : 3
		sext_ln42_12 : 4
		mul_ln42_20 : 1
		trunc_ln42_52 : 2
		mul_ln73_27 : 1
		trunc_ln42_53 : 2
		mul_ln73_28 : 1
		trunc_ln42_54 : 2
		mul_ln73_29 : 1
		trunc_ln42_55 : 2
		mul_ln73_30 : 1
		trunc_ln42_56 : 2
		mul_ln73_31 : 1
		trunc_ln42_57 : 2
		mul_ln73_32 : 1
		trunc_ln42_58 : 2
		mul_ln42_21 : 1
		trunc_ln42_60 : 2
		mul_ln73_33 : 1
		trunc_ln42_61 : 2
		add_ln58_4 : 1
		add_ln58_12 : 5
		add_ln58_20 : 5
		add_ln58_36 : 5
		add_ln58_52 : 5
		add_ln58_60 : 1
	State 4
		sext_ln73_13 : 1
		sext_ln73_14 : 1
		sub_ln73_5 : 2
		trunc_ln42_59 : 3
		add_ln58_2 : 1
		add_ln58_3 : 1
		add_ln58_5 : 1
		add_ln58_6 : 2
		add_ln58_7 : 3
		add_ln58_10 : 1
		add_ln58_13 : 1
		add_ln58_14 : 2
		add_ln58_15 : 3
		add_ln58_18 : 1
		add_ln58_19 : 1
		add_ln58_21 : 1
		sext_ln58_2 : 2
		add_ln58_22 : 3
		add_ln58_23 : 4
		add_ln58_26 : 1
		add_ln58_28 : 1
		add_ln58_29 : 2
		add_ln58_30 : 3
		add_ln58_31 : 4
		add_ln58_34 : 1
		add_ln58_35 : 1
		add_ln58_37 : 1
		sext_ln58_4 : 2
		add_ln58_38 : 3
		add_ln58_39 : 4
		add_ln58_42 : 1
		add_ln58_43 : 4
		add_ln58_44 : 1
		add_ln58_45 : 2
		add_ln58_46 : 5
		add_ln58_47 : 6
		add_ln58_50 : 1
		add_ln58_53 : 1
		add_ln58_54 : 2
		add_ln58_55 : 3
		add_ln58_58 : 1
		add_ln58_61 : 1
		add_ln58_62 : 2
		add_ln58_63 : 3
	State 5
		write_ln113 : 1


============================================================
+ Verbose Summary: Datapath Resource usage 
============================================================

* Functional unit list:
|----------|------------------------------|---------|---------|---------|
| Operation|        Functional Unit       |   DSP   |    FF   |   LUT   |
|----------|------------------------------|---------|---------|---------|
|          |       add_ln67_fu_14718      |    0    |    0    |    17   |
|          |       add_ln73_fu_15519      |    0    |    0    |    27   |
|          |      add_ln58_4_fu_15641     |    0    |    0    |    21   |
|          |     add_ln58_12_fu_15647     |    0    |    0    |    20   |
|          |     add_ln58_20_fu_15653     |    0    |    0    |    18   |
|          |     add_ln58_36_fu_15659     |    0    |    0    |    19   |
|          |     add_ln58_52_fu_15665     |    0    |    0    |    20   |
|          |     add_ln58_60_fu_15671     |    0    |    0    |    20   |
|          |       add_ln58_fu_15757      |    0    |    0    |    23   |
|          |      add_ln58_1_fu_15761     |    0    |    0    |    23   |
|          |      add_ln58_2_fu_15765     |    0    |    0    |    16   |
|          |      add_ln58_3_fu_15771     |    0    |    0    |    16   |
|          |      add_ln58_5_fu_15780     |    0    |    0    |    22   |
|          |      add_ln58_6_fu_15786     |    0    |    0    |    16   |
|          |      add_ln58_7_fu_15792     |    0    |    0    |    16   |
|          |      add_ln58_8_fu_15798     |    0    |    0    |    23   |
|          |      add_ln58_9_fu_15802     |    0    |    0    |    23   |
|          |     add_ln58_10_fu_15806     |    0    |    0    |    16   |
|          |     add_ln58_11_fu_15812     |    0    |    0    |    16   |
|          |     add_ln58_13_fu_15819     |    0    |    0    |    22   |
|          |     add_ln58_14_fu_15825     |    0    |    0    |    16   |
|          |     add_ln58_15_fu_15831     |    0    |    0    |    16   |
|          |     add_ln58_16_fu_15837     |    0    |    0    |    23   |
|          |     add_ln58_17_fu_15841     |    0    |    0    |    23   |
|          |     add_ln58_18_fu_15845     |    0    |    0    |    16   |
|          |     add_ln58_19_fu_15851     |    0    |    0    |    16   |
|          |     add_ln58_21_fu_15860     |    0    |    0    |    19   |
|          |     add_ln58_22_fu_15870     |    0    |    0    |    16   |
|          |     add_ln58_23_fu_15876     |    0    |    0    |    16   |
|          |     add_ln58_24_fu_15882     |    0    |    0    |    23   |
|          |     add_ln58_25_fu_15886     |    0    |    0    |    23   |
|          |     add_ln58_26_fu_15890     |    0    |    0    |    16   |
|    add   |     add_ln58_27_fu_15896     |    0    |    0    |    16   |
|          |     add_ln58_28_fu_15900     |    0    |    0    |    16   |
|          |     add_ln58_29_fu_15906     |    0    |    0    |    16   |
|          |     add_ln58_30_fu_15911     |    0    |    0    |    16   |
|          |     add_ln58_31_fu_15917     |    0    |    0    |    16   |
|          |     add_ln58_32_fu_15923     |    0    |    0    |    23   |
|          |     add_ln58_33_fu_15927     |    0    |    0    |    23   |
|          |     add_ln58_34_fu_15931     |    0    |    0    |    16   |
|          |     add_ln58_35_fu_15937     |    0    |    0    |    16   |
|          |     add_ln58_37_fu_15945     |    0    |    0    |    20   |
|          |     add_ln58_38_fu_15955     |    0    |    0    |    16   |
|          |     add_ln58_39_fu_15961     |    0    |    0    |    16   |
|          |     add_ln58_40_fu_15967     |    0    |    0    |    23   |
|          |     add_ln58_41_fu_15971     |    0    |    0    |    23   |
|          |     add_ln58_42_fu_15975     |    0    |    0    |    16   |
|          |     add_ln58_43_fu_15981     |    0    |    0    |    16   |
|          |     add_ln58_44_fu_15986     |    0    |    0    |    16   |
|          |     add_ln58_45_fu_15992     |    0    |    0    |    16   |
|          |     add_ln58_46_fu_15998     |    0    |    0    |    16   |
|          |     add_ln58_47_fu_16004     |    0    |    0    |    16   |
|          |     add_ln58_48_fu_16010     |    0    |    0    |    23   |
|          |     add_ln58_49_fu_16014     |    0    |    0    |    23   |
|          |     add_ln58_50_fu_16018     |    0    |    0    |    16   |
|          |     add_ln58_51_fu_16024     |    0    |    0    |    16   |
|          |     add_ln58_53_fu_16031     |    0    |    0    |    22   |
|          |     add_ln58_54_fu_16037     |    0    |    0    |    16   |
|          |     add_ln58_55_fu_16043     |    0    |    0    |    16   |
|          |     add_ln58_56_fu_16049     |    0    |    0    |    23   |
|          |     add_ln58_57_fu_16053     |    0    |    0    |    23   |
|          |     add_ln58_58_fu_16057     |    0    |    0    |    16   |
|          |     add_ln58_59_fu_16063     |    0    |    0    |    16   |
|          |     add_ln58_61_fu_16070     |    0    |    0    |    22   |
|          |     add_ln58_62_fu_16076     |    0    |    0    |    16   |
|          |     add_ln58_63_fu_16082     |    0    |    0    |    16   |
|----------|------------------------------|---------|---------|---------|
|          |       mul_ln42_3_fu_275      |    1    |    0    |    4    |
|          |      mul_ln73_24_fu_276      |    1    |    0    |    4    |
|          |      mul_ln42_19_fu_277      |    1    |    0    |    4    |
|          |      mul_ln42_16_fu_278      |    1    |    0    |    4    |
|          |       mul_ln42_6_fu_279      |    1    |    0    |    4    |
|          |      mul_ln73_26_fu_280      |    1    |    0    |    4    |
|          |      mul_ln73_15_fu_281      |    1    |    0    |    4    |
|          |       mul_ln73_2_fu_282      |    1    |    0    |    4    |
|          |       mul_ln73_8_fu_283      |    1    |    0    |    4    |
|          |       mul_ln73_9_fu_284      |    1    |    0    |    4    |
|          |        mul_ln73_fu_286       |    1    |    0    |    4    |
|          |       mul_ln42_2_fu_287      |    1    |    0    |    4    |
|          |      mul_ln73_32_fu_288      |    1    |    0    |    4    |
|          |      mul_ln73_14_fu_289      |    1    |    0    |    4    |
|          |        mul_ln42_fu_290       |    1    |    0    |    4    |
|          |      mul_ln42_11_fu_291      |    1    |    0    |    4    |
|          |      mul_ln42_10_fu_292      |    1    |    0    |    4    |
|          |      mul_ln42_17_fu_293      |    1    |    0    |    4    |
|          |      mul_ln73_11_fu_295      |    1    |    0    |    4    |
|          |      mul_ln73_22_fu_296      |    1    |    0    |    4    |
|          |       mul_ln73_7_fu_297      |    1    |    0    |    4    |
|          |      mul_ln73_25_fu_299      |    1    |    0    |    4    |
|          |      mul_ln73_16_fu_301      |    1    |    0    |    4    |
|          |      mul_ln42_18_fu_302      |    1    |    0    |    4    |
|          |      mul_ln73_10_fu_303      |    1    |    0    |    4    |
|          |      mul_ln73_12_fu_305      |    1    |    0    |    4    |
|          |      mul_ln42_15_fu_306      |    1    |    0    |    4    |
|    mul   |       mul_ln73_3_fu_307      |    1    |    0    |    4    |
|          |      mul_ln73_23_fu_308      |    1    |    0    |    4    |
|          |      mul_ln73_27_fu_310      |    1    |    0    |    4    |
|          |      mul_ln73_28_fu_311      |    1    |    0    |    4    |
|          |      mul_ln42_12_fu_312      |    1    |    0    |    4    |
|          |      mul_ln42_14_fu_313      |    1    |    0    |    4    |
|          |      mul_ln73_21_fu_314      |    1    |    0    |    4    |
|          |       mul_ln73_6_fu_315      |    1    |    0    |    4    |
|          |      mul_ln73_33_fu_317      |    1    |    0    |    4    |
|          |       mul_ln42_9_fu_318      |    1    |    0    |    4    |
|          |       mul_ln42_1_fu_320      |    1    |    0    |    4    |
|          |      mul_ln42_20_fu_321      |    1    |    0    |    4    |
|          |      mul_ln73_17_fu_322      |    1    |    0    |    4    |
|          |      mul_ln73_29_fu_323      |    1    |    0    |    4    |
|          |      mul_ln42_21_fu_324      |    1    |    0    |    4    |
|          |      mul_ln73_19_fu_325      |    1    |    0    |    4    |
|          |       mul_ln42_4_fu_326      |    1    |    0    |    4    |
|          |      mul_ln73_18_fu_327      |    1    |    0    |    4    |
|          |      mul_ln73_31_fu_328      |    1    |    0    |    4    |
|          |      mul_ln73_13_fu_329      |    1    |    0    |    4    |
|          |       mul_ln73_1_fu_330      |    1    |    0    |    4    |
|          |      mul_ln73_20_fu_331      |    1    |    0    |    4    |
|          |      mul_ln42_13_fu_332      |    1    |    0    |    4    |
|          |       mul_ln42_5_fu_333      |    1    |    0    |    4    |
|          |       mul_ln73_5_fu_334      |    1    |    0    |    4    |
|          |       mul_ln73_4_fu_335      |    1    |    0    |    4    |
|          |      mul_ln73_30_fu_336      |    1    |    0    |    4    |
|          |       mul_ln42_7_fu_337      |    1    |    0    |    4    |
|          |       mul_ln42_8_fu_338      |    1    |    0    |    4    |
|----------|------------------------------|---------|---------|---------|
|          |       sub_ln73_fu_14800      |    0    |    0    |    29   |
|          |      sub_ln73_1_fu_14930     |    0    |    0    |    20   |
|          |      sub_ln73_2_fu_14936     |    0    |    0    |    22   |
|    sub   |      sub_ln73_3_fu_15143     |    0    |    0    |    26   |
|          |       sub_ln42_fu_15376      |    0    |    0    |    33   |
|          |      sub_ln73_4_fu_15414     |    0    |    0    |    29   |
|          |      sub_ln73_5_fu_15741     |    0    |    0    |    32   |
|----------|------------------------------|---------|---------|---------|
|   icmp   |      icmp_ln67_fu_14724      |    0    |    0    |    17   |
|----------|------------------------------|---------|---------|---------|
|   read   | layer22_out_read_read_fu_262 |    0    |    0    |    0    |
|----------|------------------------------|---------|---------|---------|
|   write  |   write_ln113_write_fu_268   |    0    |    0    |    0    |
|----------|------------------------------|---------|---------|---------|
|   trunc  |         data_fu_14644        |    0    |    0    |    0    |
|----------|------------------------------|---------|---------|---------|
|          |        data_8_fu_14648       |    0    |    0    |    0    |
|          |        data_9_fu_14658       |    0    |    0    |    0    |
|          |       data_10_fu_14668       |    0    |    0    |    0    |
|          |       data_11_fu_14678       |    0    |    0    |    0    |
|          |       data_12_fu_14688       |    0    |    0    |    0    |
|          |       data_13_fu_14698       |    0    |    0    |    0    |
|          |       data_14_fu_14708       |    0    |    0    |    0    |
|          |       trunc_ln_fu_14739      |    0    |    0    |    0    |
|          |    trunc_ln42_38_fu_14753    |    0    |    0    |    0    |
|          |     trunc_ln42_1_fu_14806    |    0    |    0    |    0    |
|          |     trunc_ln42_2_fu_14820    |    0    |    0    |    0    |
|          |     trunc_ln42_3_fu_14830    |    0    |    0    |    0    |
|          |     trunc_ln42_4_fu_14840    |    0    |    0    |    0    |
|          |     trunc_ln42_5_fu_14850    |    0    |    0    |    0    |
|          |     trunc_ln42_6_fu_14860    |    0    |    0    |    0    |
|          |     trunc_ln42_7_fu_14870    |    0    |    0    |    0    |
|          |     trunc_ln42_8_fu_14899    |    0    |    0    |    0    |
|          |     trunc_ln42_9_fu_14909    |    0    |    0    |    0    |
|          |     trunc_ln42_s_fu_14942    |    0    |    0    |    0    |
|          |    trunc_ln42_10_fu_14952    |    0    |    0    |    0    |
|          |    trunc_ln42_11_fu_14962    |    0    |    0    |    0    |
|          |    trunc_ln42_12_fu_14972    |    0    |    0    |    0    |
|          |    trunc_ln42_13_fu_14982    |    0    |    0    |    0    |
|          |    trunc_ln42_14_fu_14992    |    0    |    0    |    0    |
|          |    trunc_ln42_15_fu_15016    |    0    |    0    |    0    |
|          |    trunc_ln42_16_fu_15026    |    0    |    0    |    0    |
|          |    trunc_ln42_17_fu_15036    |    0    |    0    |    0    |
|          |    trunc_ln42_18_fu_15046    |    0    |    0    |    0    |
|          |    trunc_ln42_19_fu_15056    |    0    |    0    |    0    |
|          |    trunc_ln42_20_fu_15066    |    0    |    0    |    0    |
|          |    trunc_ln42_21_fu_15076    |    0    |    0    |    0    |
|          |    trunc_ln42_22_fu_15086    |    0    |    0    |    0    |
|          |    trunc_ln42_23_fu_15112    |    0    |    0    |    0    |
|          |    trunc_ln42_24_fu_15122    |    0    |    0    |    0    |
|partselect|    trunc_ln42_25_fu_15149    |    0    |    0    |    0    |
|          |    trunc_ln42_26_fu_15163    |    0    |    0    |    0    |
|          |    trunc_ln42_27_fu_15173    |    0    |    0    |    0    |
|          |    trunc_ln42_28_fu_15183    |    0    |    0    |    0    |
|          |    trunc_ln42_29_fu_15193    |    0    |    0    |    0    |
|          |    trunc_ln42_30_fu_15203    |    0    |    0    |    0    |
|          |    trunc_ln42_31_fu_15223    |    0    |    0    |    0    |
|          |    trunc_ln42_32_fu_15233    |    0    |    0    |    0    |
|          |    trunc_ln42_33_fu_15243    |    0    |    0    |    0    |
|          |    trunc_ln42_34_fu_15253    |    0    |    0    |    0    |
|          |    trunc_ln42_35_fu_15263    |    0    |    0    |    0    |
|          |    trunc_ln42_36_fu_15273    |    0    |    0    |    0    |
|          |    trunc_ln42_37_fu_15283    |    0    |    0    |    0    |
|          |    trunc_ln42_39_fu_15308    |    0    |    0    |    0    |
|          |    trunc_ln42_40_fu_15318    |    0    |    0    |    0    |
|          |    trunc_ln42_41_fu_15328    |    0    |    0    |    0    |
|          |    trunc_ln42_42_fu_15338    |    0    |    0    |    0    |
|          |    trunc_ln42_43_fu_15348    |    0    |    0    |    0    |
|          |    trunc_ln42_44_fu_15382    |    0    |    0    |    0    |
|          |    trunc_ln42_45_fu_15420    |    0    |    0    |    0    |
|          |    trunc_ln42_46_fu_15434    |    0    |    0    |    0    |
|          |    trunc_ln42_47_fu_15457    |    0    |    0    |    0    |
|          |    trunc_ln42_48_fu_15467    |    0    |    0    |    0    |
|          |    trunc_ln42_49_fu_15477    |    0    |    0    |    0    |
|          |    trunc_ln42_50_fu_15487    |    0    |    0    |    0    |
|          |    trunc_ln42_51_fu_15525    |    0    |    0    |    0    |
|          |    trunc_ln42_52_fu_15539    |    0    |    0    |    0    |
|          |    trunc_ln42_53_fu_15549    |    0    |    0    |    0    |
|          |    trunc_ln42_54_fu_15559    |    0    |    0    |    0    |
|          |    trunc_ln42_55_fu_15581    |    0    |    0    |    0    |
|          |    trunc_ln42_56_fu_15591    |    0    |    0    |    0    |
|          |    trunc_ln42_57_fu_15601    |    0    |    0    |    0    |
|          |    trunc_ln42_58_fu_15611    |    0    |    0    |    0    |
|          |    trunc_ln42_60_fu_15621    |    0    |    0    |    0    |
|          |    trunc_ln42_61_fu_15631    |    0    |    0    |    0    |
|          |    trunc_ln42_59_fu_15747    |    0    |    0    |    0    |
|----------|------------------------------|---------|---------|---------|
|          |     sext_ln70_2_fu_14735     |    0    |    0    |    0    |
|          |     sext_ln70_11_fu_14749    |    0    |    0    |    0    |
|          |      sext_ln70_fu_14763      |    0    |    0    |    0    |
|          |     sext_ln70_1_fu_14768     |    0    |    0    |    0    |
|          |      sext_ln73_fu_14775      |    0    |    0    |    0    |
|          |     sext_ln73_5_fu_14785     |    0    |    0    |    0    |
|          |     sext_ln73_6_fu_14796     |    0    |    0    |    0    |
|          |     sext_ln73_1_fu_14816     |    0    |    0    |    0    |
|          |     sext_ln42_2_fu_14880     |    0    |    0    |    0    |
|          |     sext_ln70_3_fu_14886     |    0    |    0    |    0    |
|          |     sext_ln70_4_fu_14890     |    0    |    0    |    0    |
|          |     sext_ln70_5_fu_14893     |    0    |    0    |    0    |
|          |     sext_ln73_7_fu_14926     |    0    |    0    |    0    |
|          |     sext_ln70_6_fu_15002     |    0    |    0    |    0    |
|          |     sext_ln70_7_fu_15012     |    0    |    0    |    0    |
|          |     sext_ln70_8_fu_15096     |    0    |    0    |    0    |
|          |     sext_ln70_9_fu_15099     |    0    |    0    |    0    |
|          |     sext_ln70_10_fu_15108    |    0    |    0    |    0    |
|          |     sext_ln73_8_fu_15139     |    0    |    0    |    0    |
|          |     sext_ln73_4_fu_15159     |    0    |    0    |    0    |
|          |     sext_ln70_12_fu_15213    |    0    |    0    |    0    |
|          |     sext_ln70_13_fu_15293    |    0    |    0    |    0    |
|          |     sext_ln70_14_fu_15296    |    0    |    0    |    0    |
|          |     sext_ln70_15_fu_15300    |    0    |    0    |    0    |
|          |     sext_ln42_16_fu_15372    |    0    |    0    |    0    |
|          |     sext_ln73_9_fu_15399     |    0    |    0    |    0    |
|          |     sext_ln73_10_fu_15410    |    0    |    0    |    0    |
|          |     sext_ln42_9_fu_15430     |    0    |    0    |    0    |
|   sext   |     sext_ln70_16_fu_15444    |    0    |    0    |    0    |
|          |     sext_ln70_17_fu_15452    |    0    |    0    |    0    |
|          |     sext_ln73_11_fu_15504    |    0    |    0    |    0    |
|          |     sext_ln73_12_fu_15515    |    0    |    0    |    0    |
|          |     sext_ln42_12_fu_15535    |    0    |    0    |    0    |
|          |     sext_ln42_13_fu_15569    |    0    |    0    |    0    |
|          |     sext_ln70_18_fu_15576    |    0    |    0    |    0    |
|          |      sext_ln42_fu_15677      |    0    |    0    |    0    |
|          |     sext_ln42_1_fu_15680     |    0    |    0    |    0    |
|          |     sext_ln42_3_fu_15683     |    0    |    0    |    0    |
|          |     sext_ln73_2_fu_15686     |    0    |    0    |    0    |
|          |     sext_ln73_3_fu_15689     |    0    |    0    |    0    |
|          |     sext_ln42_4_fu_15692     |    0    |    0    |    0    |
|          |     sext_ln42_5_fu_15695     |    0    |    0    |    0    |
|          |     sext_ln42_6_fu_15698     |    0    |    0    |    0    |
|          |     sext_ln42_7_fu_15701     |    0    |    0    |    0    |
|          |     sext_ln42_8_fu_15704     |    0    |    0    |    0    |
|          |     sext_ln42_10_fu_15707    |    0    |    0    |    0    |
|          |     sext_ln42_11_fu_15710    |    0    |    0    |    0    |
|          |     sext_ln42_14_fu_15713    |    0    |    0    |    0    |
|          |     sext_ln42_15_fu_15716    |    0    |    0    |    0    |
|          |     sext_ln73_13_fu_15726    |    0    |    0    |    0    |
|          |     sext_ln73_14_fu_15737    |    0    |    0    |    0    |
|          |      sext_ln58_fu_15777      |    0    |    0    |    0    |
|          |     sext_ln58_1_fu_15816     |    0    |    0    |    0    |
|          |     sext_ln58_2_fu_15866     |    0    |    0    |    0    |
|          |     sext_ln58_3_fu_15942     |    0    |    0    |    0    |
|          |     sext_ln58_4_fu_15951     |    0    |    0    |    0    |
|          |     sext_ln58_5_fu_16028     |    0    |    0    |    0    |
|          |     sext_ln58_6_fu_16067     |    0    |    0    |    0    |
|----------|------------------------------|---------|---------|---------|
|          |         tmp_fu_14778         |    0    |    0    |    0    |
|          |        tmp_5_fu_14789        |    0    |    0    |    0    |
|          |        tmp_6_fu_14919        |    0    |    0    |    0    |
|          |        tmp_7_fu_15132        |    0    |    0    |    0    |
|          |        p_shl1_fu_15358       |    0    |    0    |    0    |
|          |        tmp_8_fu_15365        |    0    |    0    |    0    |
|bitconcatenate|        tmp_9_fu_15392        |    0    |    0    |    0    |
|          |        tmp_10_fu_15403       |    0    |    0    |    0    |
|          |        tmp_11_fu_15497       |    0    |    0    |    0    |
|          |        tmp_12_fu_15508       |    0    |    0    |    0    |
|          |        tmp_13_fu_15719       |    0    |    0    |    0    |
|          |        tmp_14_fu_15730       |    0    |    0    |    0    |
|          |      or_ln113_7_fu_16088     |    0    |    0    |    0    |
|----------|------------------------------|---------|---------|---------|
|   zext   |      zext_ln58_fu_15857      |    0    |    0    |    0    |
|----------|------------------------------|---------|---------|---------|
|   Total  |                              |    56   |    0    |   1665  |
|----------|------------------------------|---------|---------|---------|

Memories:
N/A

* Register list:
+-------------------------+--------+
|                         |   FF   |
+-------------------------+--------+
|  add_ln58_12_reg_16472  |   14   |
|  add_ln58_15_reg_16502  |   16   |
|  add_ln58_20_reg_16477  |   11   |
|  add_ln58_23_reg_16507  |   16   |
|  add_ln58_31_reg_16512  |   16   |
|  add_ln58_36_reg_16482  |   13   |
|  add_ln58_39_reg_16517  |   16   |
|  add_ln58_47_reg_16522  |   16   |
|   add_ln58_4_reg_16467  |   15   |
|  add_ln58_52_reg_16487  |   14   |
|  add_ln58_55_reg_16527  |   16   |
|  add_ln58_60_reg_16492  |   14   |
|  add_ln58_63_reg_16532  |   16   |
|   add_ln58_7_reg_16497  |   16   |
|    data_10_reg_16132    |   16   |
|    data_11_reg_16140    |   16   |
|    data_12_reg_16146    |   16   |
|    data_13_reg_16156    |   16   |
|    data_14_reg_16164    |   16   |
|     data_8_reg_16117    |   16   |
|     data_9_reg_16126    |   16   |
|      data_reg_16108     |   16   |
|   icmp_ln67_reg_16172   |    1   |
|indvar_flatten2_reg_16101|   10   |
| trunc_ln42_10_reg_16231 |   16   |
| trunc_ln42_11_reg_16236 |   13   |
| trunc_ln42_12_reg_16241 |   15   |
| trunc_ln42_13_reg_16246 |   15   |
| trunc_ln42_14_reg_16251 |   16   |
| trunc_ln42_15_reg_16256 |   15   |
| trunc_ln42_16_reg_16261 |   16   |
| trunc_ln42_17_reg_16266 |   16   |
| trunc_ln42_18_reg_16271 |   16   |
| trunc_ln42_19_reg_16276 |   16   |
| trunc_ln42_20_reg_16281 |   16   |
| trunc_ln42_21_reg_16286 |   16   |
| trunc_ln42_22_reg_16291 |   16   |
| trunc_ln42_23_reg_16296 |   15   |
| trunc_ln42_24_reg_16301 |   16   |
| trunc_ln42_26_reg_16306 |   16   |
| trunc_ln42_27_reg_16311 |   16   |
| trunc_ln42_28_reg_16316 |   16   |
| trunc_ln42_29_reg_16321 |   16   |
|  trunc_ln42_2_reg_16186 |   16   |
| trunc_ln42_30_reg_16326 |   16   |
| trunc_ln42_31_reg_16331 |   16   |
| trunc_ln42_32_reg_16336 |   16   |
| trunc_ln42_33_reg_16341 |   16   |
| trunc_ln42_34_reg_16346 |   16   |
| trunc_ln42_35_reg_16351 |   16   |
| trunc_ln42_36_reg_16356 |   16   |
| trunc_ln42_37_reg_16361 |   16   |
| trunc_ln42_38_reg_16181 |   13   |
| trunc_ln42_39_reg_16366 |   16   |
|  trunc_ln42_3_reg_16191 |   16   |
| trunc_ln42_40_reg_16371 |   16   |
| trunc_ln42_41_reg_16376 |   15   |
| trunc_ln42_42_reg_16381 |   16   |
| trunc_ln42_43_reg_16386 |   16   |
| trunc_ln42_44_reg_16391 |   16   |
| trunc_ln42_46_reg_16396 |   16   |
| trunc_ln42_47_reg_16401 |   15   |
| trunc_ln42_48_reg_16406 |   16   |
| trunc_ln42_49_reg_16411 |   15   |
|  trunc_ln42_4_reg_16196 |   16   |
| trunc_ln42_50_reg_16416 |   16   |
| trunc_ln42_52_reg_16421 |   16   |
| trunc_ln42_53_reg_16426 |   16   |
| trunc_ln42_54_reg_16431 |   16   |
| trunc_ln42_55_reg_16436 |   16   |
| trunc_ln42_56_reg_16442 |   16   |
| trunc_ln42_57_reg_16447 |   15   |
| trunc_ln42_58_reg_16452 |   15   |
|  trunc_ln42_5_reg_16201 |   15   |
| trunc_ln42_60_reg_16457 |   16   |
| trunc_ln42_61_reg_16462 |   16   |
|  trunc_ln42_6_reg_16206 |   16   |
|  trunc_ln42_7_reg_16211 |   15   |
|  trunc_ln42_8_reg_16216 |   16   |
|  trunc_ln42_9_reg_16221 |   15   |
|  trunc_ln42_s_reg_16226 |   12   |
|    trunc_ln_reg_16176   |   14   |
+-------------------------+--------+
|          Total          |  1252  |
+-------------------------+--------+

* Multiplexer (MUX) list: 
|--------|------|------|------|--------|
|  Comp  |  Pin | Size |  BW  | S x BW |
|--------|------|------|------|--------|
|  Total |      |      |      |    0   |
|--------|------|------|------|--------|



* Summary:
+-----------+--------+--------+--------+
|           |   DSP  |   FF   |   LUT  |
+-----------+--------+--------+--------+
|  Function |   56   |    0   |  1665  |
|   Memory  |    -   |    -   |    -   |
|Multiplexer|    -   |    -   |    -   |
|  Register |    -   |  1252  |    -   |
+-----------+--------+--------+--------+
|   Total   |   56   |  1252  |  1665  |
+-----------+--------+--------+--------+
