

================================================================
== Vitis HLS Report for 'dense_latency_ap_fixed_16_6_5_3_0_ap_fixed_41_21_5_3_0_config7_mult_s'
================================================================
* Date:           Sat Apr  4 17:12:47 2026

* Version:        2023.2 (Build 4023990 on Oct 11 2023)
* Project:        folo_prj
* Solution:       solution1 (Vivado IP Flow Target)
* Product family: kintexu
* Target device:  xcku035-fbva676-2-e


================================================================
== Performance Estimates
================================================================
+ Timing: 
    * Summary: 
    +--------+---------+----------+------------+
    |  Clock |  Target | Estimated| Uncertainty|
    +--------+---------+----------+------------+
    |ap_clk  |  5.00 ns|  3.642 ns|     1.35 ns|
    +--------+---------+----------+------------+

+ Latency: 
    * Summary: 
    +---------+---------+-----------+-----------+-----+-----+---------+
    |  Latency (cycles) |   Latency (absolute)  |  Interval | Pipeline|
    |   min   |   max   |    min    |    max    | min | max |   Type  |
    +---------+---------+-----------+-----------+-----+-----+---------+
    |        7|        7|  35.000 ns|  35.000 ns|    1|    1|      yes|
    +---------+---------+-----------+-----------+-----+-----+---------+

    + Detail: 
        * Instance: 
        N/A

        * Loop: 
        N/A



================================================================
== Utilization Estimates
================================================================
* Summary: 
+-----------------+---------+------+--------+--------+-----+
|       Name      | BRAM_18K|  DSP |   FF   |   LUT  | URAM|
+-----------------+---------+------+--------+--------+-----+
|DSP              |        -|     -|       -|       -|    -|
|Expression       |        -|     -|       0|   82259|    -|
|FIFO             |        -|     -|       -|       -|    -|
|Instance         |        -|  1671|       0|    6684|    -|
|Memory           |        -|     -|       -|       -|    -|
|Multiplexer      |        -|     -|       -|     224|    -|
|Register         |        -|     -|   73619|       1|    -|
+-----------------+---------+------+--------+--------+-----+
|Total            |        0|  1671|   73619|   89168|    0|
+-----------------+---------+------+--------+--------+-----+
|Available        |     1080|  1700|  406256|  203128|    0|
+-----------------+---------+------+--------+--------+-----+
|Utilization (%)  |        0|    98|      18|      43|    0|
+-----------------+---------+------+--------+--------+-----+

+ Detail: 
    * Instance: 
    +---------------------------+---------------------+---------+----+---+----+-----+
    |          Instance         |        Module       | BRAM_18K| DSP| FF| LUT| URAM|
    +---------------------------+---------------------+---------+----+---+----+-----+
    |mul_16s_10ns_25_1_0_U543   |mul_16s_10ns_25_1_0  |        0|   1|  0|   4|    0|
    |mul_16s_10ns_25_1_0_U683   |mul_16s_10ns_25_1_0  |        0|   1|  0|   4|    0|
    |mul_16s_10ns_25_1_0_U909   |mul_16s_10ns_25_1_0  |        0|   1|  0|   4|    0|
    |mul_16s_10ns_25_1_0_U1363  |mul_16s_10ns_25_1_0  |        0|   1|  0|   4|    0|
    |mul_16s_10ns_25_1_0_U1493  |mul_16s_10ns_25_1_0  |        0|   1|  0|   4|    0|
    |mul_16s_10ns_25_1_0_U1559  |mul_16s_10ns_25_1_0  |        0|   1|  0|   4|    0|
    |mul_16s_10ns_26_1_0_U472   |mul_16s_10ns_26_1_0  |        0|   1|  0|   4|    0|
    |mul_16s_10ns_26_1_0_U476   |mul_16s_10ns_26_1_0  |        0|   1|  0|   4|    0|
    |mul_16s_10ns_26_1_0_U480   |mul_16s_10ns_26_1_0  |        0|   1|  0|   4|    0|
    |mul_16s_10ns_26_1_0_U524   |mul_16s_10ns_26_1_0  |        0|   1|  0|   4|    0|
    |mul_16s_10ns_26_1_0_U535   |mul_16s_10ns_26_1_0  |        0|   1|  0|   4|    0|
    |mul_16s_10ns_26_1_0_U592   |mul_16s_10ns_26_1_0  |        0|   1|  0|   4|    0|
    |mul_16s_10ns_26_1_0_U593   |mul_16s_10ns_26_1_0  |        0|   1|  0|   4|    0|
    |mul_16s_10ns_26_1_0_U602   |mul_16s_10ns_26_1_0  |        0|   1|  0|   4|    0|
    |mul_16s_10ns_26_1_0_U608   |mul_16s_10ns_26_1_0  |        0|   1|  0|   4|    0|
    |mul_16s_10ns_26_1_0_U609   |mul_16s_10ns_26_1_0  |        0|   1|  0|   4|    0|
    |mul_16s_10ns_26_1_0_U625   |mul_16s_10ns_26_1_0  |        0|   1|  0|   4|    0|
    |mul_16s_10ns_26_1_0_U655   |mul_16s_10ns_26_1_0  |        0|   1|  0|   4|    0|
    |mul_16s_10ns_26_1_0_U666   |mul_16s_10ns_26_1_0  |        0|   1|  0|   4|    0|
    |mul_16s_10ns_26_1_0_U696   |mul_16s_10ns_26_1_0  |        0|   1|  0|   4|    0|
    |mul_16s_10ns_26_1_0_U725   |mul_16s_10ns_26_1_0  |        0|   1|  0|   4|    0|
    |mul_16s_10ns_26_1_0_U757   |mul_16s_10ns_26_1_0  |        0|   1|  0|   4|    0|
    |mul_16s_10ns_26_1_0_U768   |mul_16s_10ns_26_1_0  |        0|   1|  0|   4|    0|
    |mul_16s_10ns_26_1_0_U771   |mul_16s_10ns_26_1_0  |        0|   1|  0|   4|    0|
    |mul_16s_10ns_26_1_0_U810   |mul_16s_10ns_26_1_0  |        0|   1|  0|   4|    0|
    |mul_16s_10ns_26_1_0_U862   |mul_16s_10ns_26_1_0  |        0|   1|  0|   4|    0|
    |mul_16s_10ns_26_1_0_U885   |mul_16s_10ns_26_1_0  |        0|   1|  0|   4|    0|
    |mul_16s_10ns_26_1_0_U891   |mul_16s_10ns_26_1_0  |        0|   1|  0|   4|    0|
    |mul_16s_10ns_26_1_0_U932   |mul_16s_10ns_26_1_0  |        0|   1|  0|   4|    0|
    |mul_16s_10ns_26_1_0_U970   |mul_16s_10ns_26_1_0  |        0|   1|  0|   4|    0|
    |mul_16s_10ns_26_1_0_U973   |mul_16s_10ns_26_1_0  |        0|   1|  0|   4|    0|
    |mul_16s_10ns_26_1_0_U996   |mul_16s_10ns_26_1_0  |        0|   1|  0|   4|    0|
    |mul_16s_10ns_26_1_0_U999   |mul_16s_10ns_26_1_0  |        0|   1|  0|   4|    0|
    |mul_16s_10ns_26_1_0_U1029  |mul_16s_10ns_26_1_0  |        0|   1|  0|   4|    0|
    |mul_16s_10ns_26_1_0_U1036  |mul_16s_10ns_26_1_0  |        0|   1|  0|   4|    0|
    |mul_16s_10ns_26_1_0_U1052  |mul_16s_10ns_26_1_0  |        0|   1|  0|   4|    0|
    |mul_16s_10ns_26_1_0_U1055  |mul_16s_10ns_26_1_0  |        0|   1|  0|   4|    0|
    |mul_16s_10ns_26_1_0_U1072  |mul_16s_10ns_26_1_0  |        0|   1|  0|   4|    0|
    |mul_16s_10ns_26_1_0_U1073  |mul_16s_10ns_26_1_0  |        0|   1|  0|   4|    0|
    |mul_16s_10ns_26_1_0_U1076  |mul_16s_10ns_26_1_0  |        0|   1|  0|   4|    0|
    |mul_16s_10ns_26_1_0_U1090  |mul_16s_10ns_26_1_0  |        0|   1|  0|   4|    0|
    |mul_16s_10ns_26_1_0_U1110  |mul_16s_10ns_26_1_0  |        0|   1|  0|   4|    0|
    |mul_16s_10ns_26_1_0_U1122  |mul_16s_10ns_26_1_0  |        0|   1|  0|   4|    0|
    |mul_16s_10ns_26_1_0_U1190  |mul_16s_10ns_26_1_0  |        0|   1|  0|   4|    0|
    |mul_16s_10ns_26_1_0_U1195  |mul_16s_10ns_26_1_0  |        0|   1|  0|   4|    0|
    |mul_16s_10ns_26_1_0_U1216  |mul_16s_10ns_26_1_0  |        0|   1|  0|   4|    0|
    |mul_16s_10ns_26_1_0_U1228  |mul_16s_10ns_26_1_0  |        0|   1|  0|   4|    0|
    |mul_16s_10ns_26_1_0_U1252  |mul_16s_10ns_26_1_0  |        0|   1|  0|   4|    0|
    |mul_16s_10ns_26_1_0_U1278  |mul_16s_10ns_26_1_0  |        0|   1|  0|   4|    0|
    |mul_16s_10ns_26_1_0_U1289  |mul_16s_10ns_26_1_0  |        0|   1|  0|   4|    0|
    |mul_16s_10ns_26_1_0_U1300  |mul_16s_10ns_26_1_0  |        0|   1|  0|   4|    0|
    |mul_16s_10ns_26_1_0_U1304  |mul_16s_10ns_26_1_0  |        0|   1|  0|   4|    0|
    |mul_16s_10ns_26_1_0_U1327  |mul_16s_10ns_26_1_0  |        0|   1|  0|   4|    0|
    |mul_16s_10ns_26_1_0_U1328  |mul_16s_10ns_26_1_0  |        0|   1|  0|   4|    0|
    |mul_16s_10ns_26_1_0_U1332  |mul_16s_10ns_26_1_0  |        0|   1|  0|   4|    0|
    |mul_16s_10ns_26_1_0_U1335  |mul_16s_10ns_26_1_0  |        0|   1|  0|   4|    0|
    |mul_16s_10ns_26_1_0_U1340  |mul_16s_10ns_26_1_0  |        0|   1|  0|   4|    0|
    |mul_16s_10ns_26_1_0_U1341  |mul_16s_10ns_26_1_0  |        0|   1|  0|   4|    0|
    |mul_16s_10ns_26_1_0_U1359  |mul_16s_10ns_26_1_0  |        0|   1|  0|   4|    0|
    |mul_16s_10ns_26_1_0_U1368  |mul_16s_10ns_26_1_0  |        0|   1|  0|   4|    0|
    |mul_16s_10ns_26_1_0_U1397  |mul_16s_10ns_26_1_0  |        0|   1|  0|   4|    0|
    |mul_16s_10ns_26_1_0_U1400  |mul_16s_10ns_26_1_0  |        0|   1|  0|   4|    0|
    |mul_16s_10ns_26_1_0_U1408  |mul_16s_10ns_26_1_0  |        0|   1|  0|   4|    0|
    |mul_16s_10ns_26_1_0_U1421  |mul_16s_10ns_26_1_0  |        0|   1|  0|   4|    0|
    |mul_16s_10ns_26_1_0_U1475  |mul_16s_10ns_26_1_0  |        0|   1|  0|   4|    0|
    |mul_16s_10ns_26_1_0_U1511  |mul_16s_10ns_26_1_0  |        0|   1|  0|   4|    0|
    |mul_16s_10ns_26_1_0_U1517  |mul_16s_10ns_26_1_0  |        0|   1|  0|   4|    0|
    |mul_16s_10ns_26_1_0_U1573  |mul_16s_10ns_26_1_0  |        0|   1|  0|   4|    0|
    |mul_16s_10ns_26_1_0_U1584  |mul_16s_10ns_26_1_0  |        0|   1|  0|   4|    0|
    |mul_16s_10ns_26_1_0_U1634  |mul_16s_10ns_26_1_0  |        0|   1|  0|   4|    0|
    |mul_16s_10ns_26_1_0_U1660  |mul_16s_10ns_26_1_0  |        0|   1|  0|   4|    0|
    |mul_16s_10ns_26_1_0_U1679  |mul_16s_10ns_26_1_0  |        0|   1|  0|   4|    0|
    |mul_16s_10ns_26_1_0_U1695  |mul_16s_10ns_26_1_0  |        0|   1|  0|   4|    0|
    |mul_16s_10ns_26_1_0_U1723  |mul_16s_10ns_26_1_0  |        0|   1|  0|   4|    0|
    |mul_16s_10ns_26_1_0_U1725  |mul_16s_10ns_26_1_0  |        0|   1|  0|   4|    0|
    |mul_16s_10ns_26_1_0_U1764  |mul_16s_10ns_26_1_0  |        0|   1|  0|   4|    0|
    |mul_16s_10ns_26_1_0_U1767  |mul_16s_10ns_26_1_0  |        0|   1|  0|   4|    0|
    |mul_16s_10ns_26_1_0_U1772  |mul_16s_10ns_26_1_0  |        0|   1|  0|   4|    0|
    |mul_16s_10ns_26_1_0_U1782  |mul_16s_10ns_26_1_0  |        0|   1|  0|   4|    0|
    |mul_16s_10ns_26_1_0_U1785  |mul_16s_10ns_26_1_0  |        0|   1|  0|   4|    0|
    |mul_16s_10ns_26_1_0_U1808  |mul_16s_10ns_26_1_0  |        0|   1|  0|   4|    0|
    |mul_16s_10ns_26_1_0_U1823  |mul_16s_10ns_26_1_0  |        0|   1|  0|   4|    0|
    |mul_16s_10ns_26_1_0_U1840  |mul_16s_10ns_26_1_0  |        0|   1|  0|   4|    0|
    |mul_16s_10ns_26_1_0_U1844  |mul_16s_10ns_26_1_0  |        0|   1|  0|   4|    0|
    |mul_16s_10ns_26_1_0_U1852  |mul_16s_10ns_26_1_0  |        0|   1|  0|   4|    0|
    |mul_16s_10ns_26_1_0_U1864  |mul_16s_10ns_26_1_0  |        0|   1|  0|   4|    0|
    |mul_16s_10ns_26_1_0_U1867  |mul_16s_10ns_26_1_0  |        0|   1|  0|   4|    0|
    |mul_16s_10ns_26_1_0_U1870  |mul_16s_10ns_26_1_0  |        0|   1|  0|   4|    0|
    |mul_16s_10ns_26_1_0_U1899  |mul_16s_10ns_26_1_0  |        0|   1|  0|   4|    0|
    |mul_16s_10ns_26_1_0_U1900  |mul_16s_10ns_26_1_0  |        0|   1|  0|   4|    0|
    |mul_16s_10ns_26_1_0_U1906  |mul_16s_10ns_26_1_0  |        0|   1|  0|   4|    0|
    |mul_16s_10ns_26_1_0_U1908  |mul_16s_10ns_26_1_0  |        0|   1|  0|   4|    0|
    |mul_16s_10ns_26_1_0_U1929  |mul_16s_10ns_26_1_0  |        0|   1|  0|   4|    0|
    |mul_16s_10ns_26_1_0_U1977  |mul_16s_10ns_26_1_0  |        0|   1|  0|   4|    0|
    |mul_16s_10ns_26_1_0_U2007  |mul_16s_10ns_26_1_0  |        0|   1|  0|   4|    0|
    |mul_16s_10ns_26_1_0_U2009  |mul_16s_10ns_26_1_0  |        0|   1|  0|   4|    0|
    |mul_16s_10ns_26_1_0_U2026  |mul_16s_10ns_26_1_0  |        0|   1|  0|   4|    0|
    |mul_16s_10ns_26_1_0_U2047  |mul_16s_10ns_26_1_0  |        0|   1|  0|   4|    0|
    |mul_16s_10ns_26_1_0_U2053  |mul_16s_10ns_26_1_0  |        0|   1|  0|   4|    0|
    |mul_16s_10ns_26_1_0_U2061  |mul_16s_10ns_26_1_0  |        0|   1|  0|   4|    0|
    |mul_16s_10ns_26_1_0_U2068  |mul_16s_10ns_26_1_0  |        0|   1|  0|   4|    0|
    |mul_16s_10ns_26_1_0_U2089  |mul_16s_10ns_26_1_0  |        0|   1|  0|   4|    0|
    |mul_16s_10ns_26_1_0_U2106  |mul_16s_10ns_26_1_0  |        0|   1|  0|   4|    0|
    |mul_16s_10s_25_1_0_U1079   |mul_16s_10s_25_1_0   |        0|   1|  0|   4|    0|
    |mul_16s_10s_25_1_0_U1639   |mul_16s_10s_25_1_0   |        0|   1|  0|   4|    0|
    |mul_16s_10s_26_1_0_U515    |mul_16s_10s_26_1_0   |        0|   1|  0|   4|    0|
    |mul_16s_10s_26_1_0_U534    |mul_16s_10s_26_1_0   |        0|   1|  0|   4|    0|
    |mul_16s_10s_26_1_0_U540    |mul_16s_10s_26_1_0   |        0|   1|  0|   4|    0|
    |mul_16s_10s_26_1_0_U671    |mul_16s_10s_26_1_0   |        0|   1|  0|   4|    0|
    |mul_16s_10s_26_1_0_U693    |mul_16s_10s_26_1_0   |        0|   1|  0|   4|    0|
    |mul_16s_10s_26_1_0_U765    |mul_16s_10s_26_1_0   |        0|   1|  0|   4|    0|
    |mul_16s_10s_26_1_0_U819    |mul_16s_10s_26_1_0   |        0|   1|  0|   4|    0|
    |mul_16s_10s_26_1_0_U886    |mul_16s_10s_26_1_0   |        0|   1|  0|   4|    0|
    |mul_16s_10s_26_1_0_U890    |mul_16s_10s_26_1_0   |        0|   1|  0|   4|    0|
    |mul_16s_10s_26_1_0_U897    |mul_16s_10s_26_1_0   |        0|   1|  0|   4|    0|
    |mul_16s_10s_26_1_0_U934    |mul_16s_10s_26_1_0   |        0|   1|  0|   4|    0|
    |mul_16s_10s_26_1_0_U942    |mul_16s_10s_26_1_0   |        0|   1|  0|   4|    0|
    |mul_16s_10s_26_1_0_U972    |mul_16s_10s_26_1_0   |        0|   1|  0|   4|    0|
    |mul_16s_10s_26_1_0_U1018   |mul_16s_10s_26_1_0   |        0|   1|  0|   4|    0|
    |mul_16s_10s_26_1_0_U1019   |mul_16s_10s_26_1_0   |        0|   1|  0|   4|    0|
    |mul_16s_10s_26_1_0_U1043   |mul_16s_10s_26_1_0   |        0|   1|  0|   4|    0|
    |mul_16s_10s_26_1_0_U1133   |mul_16s_10s_26_1_0   |        0|   1|  0|   4|    0|
    |mul_16s_10s_26_1_0_U1151   |mul_16s_10s_26_1_0   |        0|   1|  0|   4|    0|
    |mul_16s_10s_26_1_0_U1152   |mul_16s_10s_26_1_0   |        0|   1|  0|   4|    0|
    |mul_16s_10s_26_1_0_U1163   |mul_16s_10s_26_1_0   |        0|   1|  0|   4|    0|
    |mul_16s_10s_26_1_0_U1165   |mul_16s_10s_26_1_0   |        0|   1|  0|   4|    0|
    |mul_16s_10s_26_1_0_U1173   |mul_16s_10s_26_1_0   |        0|   1|  0|   4|    0|
    |mul_16s_10s_26_1_0_U1223   |mul_16s_10s_26_1_0   |        0|   1|  0|   4|    0|
    |mul_16s_10s_26_1_0_U1254   |mul_16s_10s_26_1_0   |        0|   1|  0|   4|    0|
    |mul_16s_10s_26_1_0_U1255   |mul_16s_10s_26_1_0   |        0|   1|  0|   4|    0|
    |mul_16s_10s_26_1_0_U1263   |mul_16s_10s_26_1_0   |        0|   1|  0|   4|    0|
    |mul_16s_10s_26_1_0_U1284   |mul_16s_10s_26_1_0   |        0|   1|  0|   4|    0|
    |mul_16s_10s_26_1_0_U1345   |mul_16s_10s_26_1_0   |        0|   1|  0|   4|    0|
    |mul_16s_10s_26_1_0_U1416   |mul_16s_10s_26_1_0   |        0|   1|  0|   4|    0|
    |mul_16s_10s_26_1_0_U1505   |mul_16s_10s_26_1_0   |        0|   1|  0|   4|    0|
    |mul_16s_10s_26_1_0_U1518   |mul_16s_10s_26_1_0   |        0|   1|  0|   4|    0|
    |mul_16s_10s_26_1_0_U1548   |mul_16s_10s_26_1_0   |        0|   1|  0|   4|    0|
    |mul_16s_10s_26_1_0_U1615   |mul_16s_10s_26_1_0   |        0|   1|  0|   4|    0|
    |mul_16s_10s_26_1_0_U1630   |mul_16s_10s_26_1_0   |        0|   1|  0|   4|    0|
    |mul_16s_10s_26_1_0_U1641   |mul_16s_10s_26_1_0   |        0|   1|  0|   4|    0|
    |mul_16s_10s_26_1_0_U1645   |mul_16s_10s_26_1_0   |        0|   1|  0|   4|    0|
    |mul_16s_10s_26_1_0_U1655   |mul_16s_10s_26_1_0   |        0|   1|  0|   4|    0|
    |mul_16s_10s_26_1_0_U1661   |mul_16s_10s_26_1_0   |        0|   1|  0|   4|    0|
    |mul_16s_10s_26_1_0_U1682   |mul_16s_10s_26_1_0   |        0|   1|  0|   4|    0|
    |mul_16s_10s_26_1_0_U1694   |mul_16s_10s_26_1_0   |        0|   1|  0|   4|    0|
    |mul_16s_10s_26_1_0_U1726   |mul_16s_10s_26_1_0   |        0|   1|  0|   4|    0|
    |mul_16s_10s_26_1_0_U1775   |mul_16s_10s_26_1_0   |        0|   1|  0|   4|    0|
    |mul_16s_10s_26_1_0_U1790   |mul_16s_10s_26_1_0   |        0|   1|  0|   4|    0|
    |mul_16s_10s_26_1_0_U1803   |mul_16s_10s_26_1_0   |        0|   1|  0|   4|    0|
    |mul_16s_10s_26_1_0_U1842   |mul_16s_10s_26_1_0   |        0|   1|  0|   4|    0|
    |mul_16s_10s_26_1_0_U1875   |mul_16s_10s_26_1_0   |        0|   1|  0|   4|    0|
    |mul_16s_10s_26_1_0_U1914   |mul_16s_10s_26_1_0   |        0|   1|  0|   4|    0|
    |mul_16s_10s_26_1_0_U1931   |mul_16s_10s_26_1_0   |        0|   1|  0|   4|    0|
    |mul_16s_10s_26_1_0_U1942   |mul_16s_10s_26_1_0   |        0|   1|  0|   4|    0|
    |mul_16s_10s_26_1_0_U1953   |mul_16s_10s_26_1_0   |        0|   1|  0|   4|    0|
    |mul_16s_10s_26_1_0_U2014   |mul_16s_10s_26_1_0   |        0|   1|  0|   4|    0|
    |mul_16s_10s_26_1_0_U2028   |mul_16s_10s_26_1_0   |        0|   1|  0|   4|    0|
    |mul_16s_10s_26_1_0_U2044   |mul_16s_10s_26_1_0   |        0|   1|  0|   4|    0|
    |mul_16s_10s_26_1_0_U2052   |mul_16s_10s_26_1_0   |        0|   1|  0|   4|    0|
    |mul_16s_10s_26_1_0_U2054   |mul_16s_10s_26_1_0   |        0|   1|  0|   4|    0|
    |mul_16s_10s_26_1_0_U2080   |mul_16s_10s_26_1_0   |        0|   1|  0|   4|    0|
    |mul_16s_10s_26_1_0_U2108   |mul_16s_10s_26_1_0   |        0|   1|  0|   4|    0|
    |mul_16s_10s_26_1_0_U2112   |mul_16s_10s_26_1_0   |        0|   1|  0|   4|    0|
    |mul_16s_11ns_26_1_0_U917   |mul_16s_11ns_26_1_0  |        0|   1|  0|   4|    0|
    |mul_16s_11ns_26_1_0_U1565  |mul_16s_11ns_26_1_0  |        0|   1|  0|   4|    0|
    |mul_16s_11ns_26_1_0_U1622  |mul_16s_11ns_26_1_0  |        0|   1|  0|   4|    0|
    |mul_16s_11ns_26_1_0_U1802  |mul_16s_11ns_26_1_0  |        0|   1|  0|   4|    0|
    |mul_16s_11ns_26_1_0_U2041  |mul_16s_11ns_26_1_0  |        0|   1|  0|   4|    0|
    |mul_16s_11ns_27_1_0_U465   |mul_16s_11ns_27_1_0  |        0|   1|  0|   4|    0|
    |mul_16s_11ns_27_1_0_U864   |mul_16s_11ns_27_1_0  |        0|   1|  0|   4|    0|
    |mul_16s_11ns_27_1_0_U898   |mul_16s_11ns_27_1_0  |        0|   1|  0|   4|    0|
    |mul_16s_11ns_27_1_0_U1182  |mul_16s_11ns_27_1_0  |        0|   1|  0|   4|    0|
    |mul_16s_11ns_27_1_0_U1430  |mul_16s_11ns_27_1_0  |        0|   1|  0|   4|    0|
    |mul_16s_11ns_27_1_0_U1598  |mul_16s_11ns_27_1_0  |        0|   1|  0|   4|    0|
    |mul_16s_11ns_27_1_0_U1620  |mul_16s_11ns_27_1_0  |        0|   1|  0|   4|    0|
    |mul_16s_11ns_27_1_0_U1716  |mul_16s_11ns_27_1_0  |        0|   1|  0|   4|    0|
    |mul_16s_11ns_27_1_0_U1868  |mul_16s_11ns_27_1_0  |        0|   1|  0|   4|    0|
    |mul_16s_11ns_27_1_0_U1874  |mul_16s_11ns_27_1_0  |        0|   1|  0|   4|    0|
    |mul_16s_11ns_27_1_0_U1964  |mul_16s_11ns_27_1_0  |        0|   1|  0|   4|    0|
    |mul_16s_11s_26_1_0_U490    |mul_16s_11s_26_1_0   |        0|   1|  0|   4|    0|
    |mul_16s_11s_26_1_0_U749    |mul_16s_11s_26_1_0   |        0|   1|  0|   4|    0|
    |mul_16s_11s_26_1_0_U760    |mul_16s_11s_26_1_0   |        0|   1|  0|   4|    0|
    |mul_16s_11s_26_1_0_U781    |mul_16s_11s_26_1_0   |        0|   1|  0|   4|    0|
    |mul_16s_11s_26_1_0_U1510   |mul_16s_11s_26_1_0   |        0|   1|  0|   4|    0|
    |mul_16s_11s_27_1_0_U449    |mul_16s_11s_27_1_0   |        0|   1|  0|   4|    0|
    |mul_16s_11s_27_1_0_U512    |mul_16s_11s_27_1_0   |        0|   1|  0|   4|    0|
    |mul_16s_11s_27_1_0_U708    |mul_16s_11s_27_1_0   |        0|   1|  0|   4|    0|
    |mul_16s_11s_27_1_0_U875    |mul_16s_11s_27_1_0   |        0|   1|  0|   4|    0|
    |mul_16s_11s_27_1_0_U887    |mul_16s_11s_27_1_0   |        0|   1|  0|   4|    0|
    |mul_16s_11s_27_1_0_U960    |mul_16s_11s_27_1_0   |        0|   1|  0|   4|    0|
    |mul_16s_11s_27_1_0_U961    |mul_16s_11s_27_1_0   |        0|   1|  0|   4|    0|
    |mul_16s_11s_27_1_0_U1134   |mul_16s_11s_27_1_0   |        0|   1|  0|   4|    0|
    |mul_16s_11s_27_1_0_U1205   |mul_16s_11s_27_1_0   |        0|   1|  0|   4|    0|
    |mul_16s_11s_27_1_0_U1211   |mul_16s_11s_27_1_0   |        0|   1|  0|   4|    0|
    |mul_16s_11s_27_1_0_U1234   |mul_16s_11s_27_1_0   |        0|   1|  0|   4|    0|
    |mul_16s_11s_27_1_0_U1282   |mul_16s_11s_27_1_0   |        0|   1|  0|   4|    0|
    |mul_16s_11s_27_1_0_U1331   |mul_16s_11s_27_1_0   |        0|   1|  0|   4|    0|
    |mul_16s_11s_27_1_0_U1519   |mul_16s_11s_27_1_0   |        0|   1|  0|   4|    0|
    |mul_16s_11s_27_1_0_U1557   |mul_16s_11s_27_1_0   |        0|   1|  0|   4|    0|
    |mul_16s_11s_27_1_0_U1580   |mul_16s_11s_27_1_0   |        0|   1|  0|   4|    0|
    |mul_16s_11s_27_1_0_U1671   |mul_16s_11s_27_1_0   |        0|   1|  0|   4|    0|
    |mul_16s_11s_27_1_0_U1740   |mul_16s_11s_27_1_0   |        0|   1|  0|   4|    0|
    |mul_16s_11s_27_1_0_U1836   |mul_16s_11s_27_1_0   |        0|   1|  0|   4|    0|
    |mul_16s_11s_27_1_0_U1895   |mul_16s_11s_27_1_0   |        0|   1|  0|   4|    0|
    |mul_16s_11s_27_1_0_U1981   |mul_16s_11s_27_1_0   |        0|   1|  0|   4|    0|
    |mul_16s_11s_27_1_0_U2029   |mul_16s_11s_27_1_0   |        0|   1|  0|   4|    0|
    |mul_16s_12ns_27_1_0_U918   |mul_16s_12ns_27_1_0  |        0|   1|  0|   4|    0|
    |mul_16s_12ns_27_1_0_U1389  |mul_16s_12ns_27_1_0  |        0|   1|  0|   4|    0|
    |mul_16s_12ns_27_1_0_U1454  |mul_16s_12ns_27_1_0  |        0|   1|  0|   4|    0|
    |mul_16s_12ns_28_1_0_U547   |mul_16s_12ns_28_1_0  |        0|   1|  0|   4|    0|
    |mul_16s_12ns_28_1_0_U675   |mul_16s_12ns_28_1_0  |        0|   1|  0|   4|    0|
    |mul_16s_12ns_28_1_0_U714   |mul_16s_12ns_28_1_0  |        0|   1|  0|   4|    0|
    |mul_16s_12ns_28_1_0_U1145  |mul_16s_12ns_28_1_0  |        0|   1|  0|   4|    0|
    |mul_16s_12ns_28_1_0_U1546  |mul_16s_12ns_28_1_0  |        0|   1|  0|   4|    0|
    |mul_16s_12ns_28_1_0_U1623  |mul_16s_12ns_28_1_0  |        0|   1|  0|   4|    0|
    |mul_16s_12s_27_1_0_U654    |mul_16s_12s_27_1_0   |        0|   1|  0|   4|    0|
    |mul_16s_12s_27_1_0_U759    |mul_16s_12s_27_1_0   |        0|   1|  0|   4|    0|
    |mul_16s_12s_27_1_0_U829    |mul_16s_12s_27_1_0   |        0|   1|  0|   4|    0|
    |mul_16s_12s_27_1_0_U1365   |mul_16s_12s_27_1_0   |        0|   1|  0|   4|    0|
    |mul_16s_12s_27_1_0_U1530   |mul_16s_12s_27_1_0   |        0|   1|  0|   4|    0|
    |mul_16s_12s_27_1_0_U1587   |mul_16s_12s_27_1_0   |        0|   1|  0|   4|    0|
    |mul_16s_12s_27_1_0_U1657   |mul_16s_12s_27_1_0   |        0|   1|  0|   4|    0|
    |mul_16s_12s_28_1_0_U564    |mul_16s_12s_28_1_0   |        0|   1|  0|   4|    0|
    |mul_16s_12s_28_1_0_U893    |mul_16s_12s_28_1_0   |        0|   1|  0|   4|    0|
    |mul_16s_12s_28_1_0_U1026   |mul_16s_12s_28_1_0   |        0|   1|  0|   4|    0|
    |mul_16s_12s_28_1_0_U1935   |mul_16s_12s_28_1_0   |        0|   1|  0|   4|    0|
    |mul_16s_13ns_28_1_0_U783   |mul_16s_13ns_28_1_0  |        0|   1|  0|   4|    0|
    |mul_16s_5ns_20_1_0_U1951   |mul_16s_5ns_20_1_0   |        0|   1|  0|   4|    0|
    |mul_16s_5ns_21_1_0_U952    |mul_16s_5ns_21_1_0   |        0|   1|  0|   4|    0|
    |mul_16s_5ns_21_1_0_U1474   |mul_16s_5ns_21_1_0   |        0|   1|  0|   4|    0|
    |mul_16s_5ns_21_1_0_U1576   |mul_16s_5ns_21_1_0   |        0|   1|  0|   4|    0|
    |mul_16s_5ns_21_1_0_U1719   |mul_16s_5ns_21_1_0   |        0|   1|  0|   4|    0|
    |mul_16s_5ns_21_1_0_U1894   |mul_16s_5ns_21_1_0   |        0|   1|  0|   4|    0|
    |mul_16s_5ns_21_1_0_U1915   |mul_16s_5ns_21_1_0   |        0|   1|  0|   4|    0|
    |mul_16s_5s_20_1_0_U677     |mul_16s_5s_20_1_0    |        0|   1|  0|   4|    0|
    |mul_16s_5s_21_1_0_U777     |mul_16s_5s_21_1_0    |        0|   1|  0|   4|    0|
    |mul_16s_5s_21_1_0_U1007    |mul_16s_5s_21_1_0    |        0|   1|  0|   4|    0|
    |mul_16s_5s_21_1_0_U1031    |mul_16s_5s_21_1_0    |        0|   1|  0|   4|    0|
    |mul_16s_5s_21_1_0_U1183    |mul_16s_5s_21_1_0    |        0|   1|  0|   4|    0|
    |mul_16s_5s_21_1_0_U1608    |mul_16s_5s_21_1_0    |        0|   1|  0|   4|    0|
    |mul_16s_5s_21_1_0_U1689    |mul_16s_5s_21_1_0    |        0|   1|  0|   4|    0|
    |mul_16s_5s_21_1_0_U1702    |mul_16s_5s_21_1_0    |        0|   1|  0|   4|    0|
    |mul_16s_5s_21_1_0_U1994    |mul_16s_5s_21_1_0    |        0|   1|  0|   4|    0|
    |mul_16s_5s_21_1_0_U2100    |mul_16s_5s_21_1_0    |        0|   1|  0|   4|    0|
    |mul_16s_5s_21_1_0_U2109    |mul_16s_5s_21_1_0    |        0|   1|  0|   4|    0|
    |mul_16s_6ns_21_1_0_U1437   |mul_16s_6ns_21_1_0   |        0|   1|  0|   4|    0|
    |mul_16s_6ns_21_1_0_U1728   |mul_16s_6ns_21_1_0   |        0|   1|  0|   4|    0|
    |mul_16s_6ns_22_1_0_U453    |mul_16s_6ns_22_1_0   |        0|   1|  0|   4|    0|
    |mul_16s_6ns_22_1_0_U461    |mul_16s_6ns_22_1_0   |        0|   1|  0|   4|    0|
    |mul_16s_6ns_22_1_0_U483    |mul_16s_6ns_22_1_0   |        0|   1|  0|   4|    0|
    |mul_16s_6ns_22_1_0_U557    |mul_16s_6ns_22_1_0   |        0|   1|  0|   4|    0|
    |mul_16s_6ns_22_1_0_U568    |mul_16s_6ns_22_1_0   |        0|   1|  0|   4|    0|
    |mul_16s_6ns_22_1_0_U605    |mul_16s_6ns_22_1_0   |        0|   1|  0|   4|    0|
    |mul_16s_6ns_22_1_0_U637    |mul_16s_6ns_22_1_0   |        0|   1|  0|   4|    0|
    |mul_16s_6ns_22_1_0_U639    |mul_16s_6ns_22_1_0   |        0|   1|  0|   4|    0|
    |mul_16s_6ns_22_1_0_U670    |mul_16s_6ns_22_1_0   |        0|   1|  0|   4|    0|
    |mul_16s_6ns_22_1_0_U692    |mul_16s_6ns_22_1_0   |        0|   1|  0|   4|    0|
    |mul_16s_6ns_22_1_0_U719    |mul_16s_6ns_22_1_0   |        0|   1|  0|   4|    0|
    |mul_16s_6ns_22_1_0_U727    |mul_16s_6ns_22_1_0   |        0|   1|  0|   4|    0|
    |mul_16s_6ns_22_1_0_U741    |mul_16s_6ns_22_1_0   |        0|   1|  0|   4|    0|
    |mul_16s_6ns_22_1_0_U779    |mul_16s_6ns_22_1_0   |        0|   1|  0|   4|    0|
    |mul_16s_6ns_22_1_0_U788    |mul_16s_6ns_22_1_0   |        0|   1|  0|   4|    0|
    |mul_16s_6ns_22_1_0_U872    |mul_16s_6ns_22_1_0   |        0|   1|  0|   4|    0|
    |mul_16s_6ns_22_1_0_U881    |mul_16s_6ns_22_1_0   |        0|   1|  0|   4|    0|
    |mul_16s_6ns_22_1_0_U931    |mul_16s_6ns_22_1_0   |        0|   1|  0|   4|    0|
    |mul_16s_6ns_22_1_0_U1011   |mul_16s_6ns_22_1_0   |        0|   1|  0|   4|    0|
    |mul_16s_6ns_22_1_0_U1101   |mul_16s_6ns_22_1_0   |        0|   1|  0|   4|    0|
    |mul_16s_6ns_22_1_0_U1131   |mul_16s_6ns_22_1_0   |        0|   1|  0|   4|    0|
    |mul_16s_6ns_22_1_0_U1171   |mul_16s_6ns_22_1_0   |        0|   1|  0|   4|    0|
    |mul_16s_6ns_22_1_0_U1188   |mul_16s_6ns_22_1_0   |        0|   1|  0|   4|    0|
    |mul_16s_6ns_22_1_0_U1191   |mul_16s_6ns_22_1_0   |        0|   1|  0|   4|    0|
    |mul_16s_6ns_22_1_0_U1233   |mul_16s_6ns_22_1_0   |        0|   1|  0|   4|    0|
    |mul_16s_6ns_22_1_0_U1256   |mul_16s_6ns_22_1_0   |        0|   1|  0|   4|    0|
    |mul_16s_6ns_22_1_0_U1302   |mul_16s_6ns_22_1_0   |        0|   1|  0|   4|    0|
    |mul_16s_6ns_22_1_0_U1342   |mul_16s_6ns_22_1_0   |        0|   1|  0|   4|    0|
    |mul_16s_6ns_22_1_0_U1401   |mul_16s_6ns_22_1_0   |        0|   1|  0|   4|    0|
    |mul_16s_6ns_22_1_0_U1439   |mul_16s_6ns_22_1_0   |        0|   1|  0|   4|    0|
    |mul_16s_6ns_22_1_0_U1440   |mul_16s_6ns_22_1_0   |        0|   1|  0|   4|    0|
    |mul_16s_6ns_22_1_0_U1459   |mul_16s_6ns_22_1_0   |        0|   1|  0|   4|    0|
    |mul_16s_6ns_22_1_0_U1460   |mul_16s_6ns_22_1_0   |        0|   1|  0|   4|    0|
    |mul_16s_6ns_22_1_0_U1491   |mul_16s_6ns_22_1_0   |        0|   1|  0|   4|    0|
    |mul_16s_6ns_22_1_0_U1514   |mul_16s_6ns_22_1_0   |        0|   1|  0|   4|    0|
    |mul_16s_6ns_22_1_0_U1536   |mul_16s_6ns_22_1_0   |        0|   1|  0|   4|    0|
    |mul_16s_6ns_22_1_0_U1600   |mul_16s_6ns_22_1_0   |        0|   1|  0|   4|    0|
    |mul_16s_6ns_22_1_0_U1611   |mul_16s_6ns_22_1_0   |        0|   1|  0|   4|    0|
    |mul_16s_6ns_22_1_0_U1625   |mul_16s_6ns_22_1_0   |        0|   1|  0|   4|    0|
    |mul_16s_6ns_22_1_0_U1693   |mul_16s_6ns_22_1_0   |        0|   1|  0|   4|    0|
    |mul_16s_6ns_22_1_0_U1704   |mul_16s_6ns_22_1_0   |        0|   1|  0|   4|    0|
    |mul_16s_6ns_22_1_0_U1722   |mul_16s_6ns_22_1_0   |        0|   1|  0|   4|    0|
    |mul_16s_6ns_22_1_0_U1773   |mul_16s_6ns_22_1_0   |        0|   1|  0|   4|    0|
    |mul_16s_6ns_22_1_0_U1806   |mul_16s_6ns_22_1_0   |        0|   1|  0|   4|    0|
    |mul_16s_6ns_22_1_0_U1876   |mul_16s_6ns_22_1_0   |        0|   1|  0|   4|    0|
    |mul_16s_6ns_22_1_0_U1877   |mul_16s_6ns_22_1_0   |        0|   1|  0|   4|    0|
    |mul_16s_6ns_22_1_0_U1889   |mul_16s_6ns_22_1_0   |        0|   1|  0|   4|    0|
    |mul_16s_6ns_22_1_0_U1911   |mul_16s_6ns_22_1_0   |        0|   1|  0|   4|    0|
    |mul_16s_6ns_22_1_0_U1975   |mul_16s_6ns_22_1_0   |        0|   1|  0|   4|    0|
    |mul_16s_6ns_22_1_0_U1997   |mul_16s_6ns_22_1_0   |        0|   1|  0|   4|    0|
    |mul_16s_6ns_22_1_0_U2018   |mul_16s_6ns_22_1_0   |        0|   1|  0|   4|    0|
    |mul_16s_6ns_22_1_0_U2032   |mul_16s_6ns_22_1_0   |        0|   1|  0|   4|    0|
    |mul_16s_6ns_22_1_0_U2084   |mul_16s_6ns_22_1_0   |        0|   1|  0|   4|    0|
    |mul_16s_6ns_22_1_0_U2087   |mul_16s_6ns_22_1_0   |        0|   1|  0|   4|    0|
    |mul_16s_6s_22_1_0_U482     |mul_16s_6s_22_1_0    |        0|   1|  0|   4|    0|
    |mul_16s_6s_22_1_0_U489     |mul_16s_6s_22_1_0    |        0|   1|  0|   4|    0|
    |mul_16s_6s_22_1_0_U498     |mul_16s_6s_22_1_0    |        0|   1|  0|   4|    0|
    |mul_16s_6s_22_1_0_U508     |mul_16s_6s_22_1_0    |        0|   1|  0|   4|    0|
    |mul_16s_6s_22_1_0_U521     |mul_16s_6s_22_1_0    |        0|   1|  0|   4|    0|
    |mul_16s_6s_22_1_0_U537     |mul_16s_6s_22_1_0    |        0|   1|  0|   4|    0|
    |mul_16s_6s_22_1_0_U553     |mul_16s_6s_22_1_0    |        0|   1|  0|   4|    0|
    |mul_16s_6s_22_1_0_U556     |mul_16s_6s_22_1_0    |        0|   1|  0|   4|    0|
    |mul_16s_6s_22_1_0_U573     |mul_16s_6s_22_1_0    |        0|   1|  0|   4|    0|
    |mul_16s_6s_22_1_0_U659     |mul_16s_6s_22_1_0    |        0|   1|  0|   4|    0|
    |mul_16s_6s_22_1_0_U665     |mul_16s_6s_22_1_0    |        0|   1|  0|   4|    0|
    |mul_16s_6s_22_1_0_U716     |mul_16s_6s_22_1_0    |        0|   1|  0|   4|    0|
    |mul_16s_6s_22_1_0_U738     |mul_16s_6s_22_1_0    |        0|   1|  0|   4|    0|
    |mul_16s_6s_22_1_0_U743     |mul_16s_6s_22_1_0    |        0|   1|  0|   4|    0|
    |mul_16s_6s_22_1_0_U762     |mul_16s_6s_22_1_0    |        0|   1|  0|   4|    0|
    |mul_16s_6s_22_1_0_U837     |mul_16s_6s_22_1_0    |        0|   1|  0|   4|    0|
    |mul_16s_6s_22_1_0_U904     |mul_16s_6s_22_1_0    |        0|   1|  0|   4|    0|
    |mul_16s_6s_22_1_0_U930     |mul_16s_6s_22_1_0    |        0|   1|  0|   4|    0|
    |mul_16s_6s_22_1_0_U975     |mul_16s_6s_22_1_0    |        0|   1|  0|   4|    0|
    |mul_16s_6s_22_1_0_U979     |mul_16s_6s_22_1_0    |        0|   1|  0|   4|    0|
    |mul_16s_6s_22_1_0_U1067    |mul_16s_6s_22_1_0    |        0|   1|  0|   4|    0|
    |mul_16s_6s_22_1_0_U1069    |mul_16s_6s_22_1_0    |        0|   1|  0|   4|    0|
    |mul_16s_6s_22_1_0_U1078    |mul_16s_6s_22_1_0    |        0|   1|  0|   4|    0|
    |mul_16s_6s_22_1_0_U1089    |mul_16s_6s_22_1_0    |        0|   1|  0|   4|    0|
    |mul_16s_6s_22_1_0_U1111    |mul_16s_6s_22_1_0    |        0|   1|  0|   4|    0|
    |mul_16s_6s_22_1_0_U1156    |mul_16s_6s_22_1_0    |        0|   1|  0|   4|    0|
    |mul_16s_6s_22_1_0_U1159    |mul_16s_6s_22_1_0    |        0|   1|  0|   4|    0|
    |mul_16s_6s_22_1_0_U1178    |mul_16s_6s_22_1_0    |        0|   1|  0|   4|    0|
    |mul_16s_6s_22_1_0_U1208    |mul_16s_6s_22_1_0    |        0|   1|  0|   4|    0|
    |mul_16s_6s_22_1_0_U1225    |mul_16s_6s_22_1_0    |        0|   1|  0|   4|    0|
    |mul_16s_6s_22_1_0_U1295    |mul_16s_6s_22_1_0    |        0|   1|  0|   4|    0|
    |mul_16s_6s_22_1_0_U1321    |mul_16s_6s_22_1_0    |        0|   1|  0|   4|    0|
    |mul_16s_6s_22_1_0_U1370    |mul_16s_6s_22_1_0    |        0|   1|  0|   4|    0|
    |mul_16s_6s_22_1_0_U1398    |mul_16s_6s_22_1_0    |        0|   1|  0|   4|    0|
    |mul_16s_6s_22_1_0_U1409    |mul_16s_6s_22_1_0    |        0|   1|  0|   4|    0|
    |mul_16s_6s_22_1_0_U1441    |mul_16s_6s_22_1_0    |        0|   1|  0|   4|    0|
    |mul_16s_6s_22_1_0_U1478    |mul_16s_6s_22_1_0    |        0|   1|  0|   4|    0|
    |mul_16s_6s_22_1_0_U1487    |mul_16s_6s_22_1_0    |        0|   1|  0|   4|    0|
    |mul_16s_6s_22_1_0_U1582    |mul_16s_6s_22_1_0    |        0|   1|  0|   4|    0|
    |mul_16s_6s_22_1_0_U1632    |mul_16s_6s_22_1_0    |        0|   1|  0|   4|    0|
    |mul_16s_6s_22_1_0_U1691    |mul_16s_6s_22_1_0    |        0|   1|  0|   4|    0|
    |mul_16s_6s_22_1_0_U1727    |mul_16s_6s_22_1_0    |        0|   1|  0|   4|    0|
    |mul_16s_6s_22_1_0_U1735    |mul_16s_6s_22_1_0    |        0|   1|  0|   4|    0|
    |mul_16s_6s_22_1_0_U1763    |mul_16s_6s_22_1_0    |        0|   1|  0|   4|    0|
    |mul_16s_6s_22_1_0_U1804    |mul_16s_6s_22_1_0    |        0|   1|  0|   4|    0|
    |mul_16s_6s_22_1_0_U1815    |mul_16s_6s_22_1_0    |        0|   1|  0|   4|    0|
    |mul_16s_6s_22_1_0_U1833    |mul_16s_6s_22_1_0    |        0|   1|  0|   4|    0|
    |mul_16s_6s_22_1_0_U1860    |mul_16s_6s_22_1_0    |        0|   1|  0|   4|    0|
    |mul_16s_6s_22_1_0_U1883    |mul_16s_6s_22_1_0    |        0|   1|  0|   4|    0|
    |mul_16s_6s_22_1_0_U1904    |mul_16s_6s_22_1_0    |        0|   1|  0|   4|    0|
    |mul_16s_6s_22_1_0_U1910    |mul_16s_6s_22_1_0    |        0|   1|  0|   4|    0|
    |mul_16s_6s_22_1_0_U1927    |mul_16s_6s_22_1_0    |        0|   1|  0|   4|    0|
    |mul_16s_6s_22_1_0_U1939    |mul_16s_6s_22_1_0    |        0|   1|  0|   4|    0|
    |mul_16s_6s_22_1_0_U1974    |mul_16s_6s_22_1_0    |        0|   1|  0|   4|    0|
    |mul_16s_6s_22_1_0_U2019    |mul_16s_6s_22_1_0    |        0|   1|  0|   4|    0|
    |mul_16s_6s_22_1_0_U2088    |mul_16s_6s_22_1_0    |        0|   1|  0|   4|    0|
    |mul_16s_6s_22_1_0_U2116    |mul_16s_6s_22_1_0    |        0|   1|  0|   4|    0|
    |mul_16s_7ns_22_1_0_U955    |mul_16s_7ns_22_1_0   |        0|   1|  0|   4|    0|
    |mul_16s_7ns_22_1_0_U2076   |mul_16s_7ns_22_1_0   |        0|   1|  0|   4|    0|
    |mul_16s_7ns_23_1_0_U447    |mul_16s_7ns_23_1_0   |        0|   1|  0|   4|    0|
    |mul_16s_7ns_23_1_0_U455    |mul_16s_7ns_23_1_0   |        0|   1|  0|   4|    0|
    |mul_16s_7ns_23_1_0_U463    |mul_16s_7ns_23_1_0   |        0|   1|  0|   4|    0|
    |mul_16s_7ns_23_1_0_U474    |mul_16s_7ns_23_1_0   |        0|   1|  0|   4|    0|
    |mul_16s_7ns_23_1_0_U484    |mul_16s_7ns_23_1_0   |        0|   1|  0|   4|    0|
    |mul_16s_7ns_23_1_0_U492    |mul_16s_7ns_23_1_0   |        0|   1|  0|   4|    0|
    |mul_16s_7ns_23_1_0_U500    |mul_16s_7ns_23_1_0   |        0|   1|  0|   4|    0|
    |mul_16s_7ns_23_1_0_U501    |mul_16s_7ns_23_1_0   |        0|   1|  0|   4|    0|
    |mul_16s_7ns_23_1_0_U513    |mul_16s_7ns_23_1_0   |        0|   1|  0|   4|    0|
    |mul_16s_7ns_23_1_0_U527    |mul_16s_7ns_23_1_0   |        0|   1|  0|   4|    0|
    |mul_16s_7ns_23_1_0_U530    |mul_16s_7ns_23_1_0   |        0|   1|  0|   4|    0|
    |mul_16s_7ns_23_1_0_U531    |mul_16s_7ns_23_1_0   |        0|   1|  0|   4|    0|
    |mul_16s_7ns_23_1_0_U542    |mul_16s_7ns_23_1_0   |        0|   1|  0|   4|    0|
    |mul_16s_7ns_23_1_0_U549    |mul_16s_7ns_23_1_0   |        0|   1|  0|   4|    0|
    |mul_16s_7ns_23_1_0_U572    |mul_16s_7ns_23_1_0   |        0|   1|  0|   4|    0|
    |mul_16s_7ns_23_1_0_U576    |mul_16s_7ns_23_1_0   |        0|   1|  0|   4|    0|
    |mul_16s_7ns_23_1_0_U594    |mul_16s_7ns_23_1_0   |        0|   1|  0|   4|    0|
    |mul_16s_7ns_23_1_0_U606    |mul_16s_7ns_23_1_0   |        0|   1|  0|   4|    0|
    |mul_16s_7ns_23_1_0_U610    |mul_16s_7ns_23_1_0   |        0|   1|  0|   4|    0|
    |mul_16s_7ns_23_1_0_U611    |mul_16s_7ns_23_1_0   |        0|   1|  0|   4|    0|
    |mul_16s_7ns_23_1_0_U613    |mul_16s_7ns_23_1_0   |        0|   1|  0|   4|    0|
    |mul_16s_7ns_23_1_0_U615    |mul_16s_7ns_23_1_0   |        0|   1|  0|   4|    0|
    |mul_16s_7ns_23_1_0_U627    |mul_16s_7ns_23_1_0   |        0|   1|  0|   4|    0|
    |mul_16s_7ns_23_1_0_U629    |mul_16s_7ns_23_1_0   |        0|   1|  0|   4|    0|
    |mul_16s_7ns_23_1_0_U642    |mul_16s_7ns_23_1_0   |        0|   1|  0|   4|    0|
    |mul_16s_7ns_23_1_0_U648    |mul_16s_7ns_23_1_0   |        0|   1|  0|   4|    0|
    |mul_16s_7ns_23_1_0_U664    |mul_16s_7ns_23_1_0   |        0|   1|  0|   4|    0|
    |mul_16s_7ns_23_1_0_U681    |mul_16s_7ns_23_1_0   |        0|   1|  0|   4|    0|
    |mul_16s_7ns_23_1_0_U700    |mul_16s_7ns_23_1_0   |        0|   1|  0|   4|    0|
    |mul_16s_7ns_23_1_0_U715    |mul_16s_7ns_23_1_0   |        0|   1|  0|   4|    0|
    |mul_16s_7ns_23_1_0_U721    |mul_16s_7ns_23_1_0   |        0|   1|  0|   4|    0|
    |mul_16s_7ns_23_1_0_U722    |mul_16s_7ns_23_1_0   |        0|   1|  0|   4|    0|
    |mul_16s_7ns_23_1_0_U726    |mul_16s_7ns_23_1_0   |        0|   1|  0|   4|    0|
    |mul_16s_7ns_23_1_0_U737    |mul_16s_7ns_23_1_0   |        0|   1|  0|   4|    0|
    |mul_16s_7ns_23_1_0_U769    |mul_16s_7ns_23_1_0   |        0|   1|  0|   4|    0|
    |mul_16s_7ns_23_1_0_U784    |mul_16s_7ns_23_1_0   |        0|   1|  0|   4|    0|
    |mul_16s_7ns_23_1_0_U800    |mul_16s_7ns_23_1_0   |        0|   1|  0|   4|    0|
    |mul_16s_7ns_23_1_0_U817    |mul_16s_7ns_23_1_0   |        0|   1|  0|   4|    0|
    |mul_16s_7ns_23_1_0_U821    |mul_16s_7ns_23_1_0   |        0|   1|  0|   4|    0|
    |mul_16s_7ns_23_1_0_U827    |mul_16s_7ns_23_1_0   |        0|   1|  0|   4|    0|
    |mul_16s_7ns_23_1_0_U846    |mul_16s_7ns_23_1_0   |        0|   1|  0|   4|    0|
    |mul_16s_7ns_23_1_0_U848    |mul_16s_7ns_23_1_0   |        0|   1|  0|   4|    0|
    |mul_16s_7ns_23_1_0_U858    |mul_16s_7ns_23_1_0   |        0|   1|  0|   4|    0|
    |mul_16s_7ns_23_1_0_U866    |mul_16s_7ns_23_1_0   |        0|   1|  0|   4|    0|
    |mul_16s_7ns_23_1_0_U868    |mul_16s_7ns_23_1_0   |        0|   1|  0|   4|    0|
    |mul_16s_7ns_23_1_0_U880    |mul_16s_7ns_23_1_0   |        0|   1|  0|   4|    0|
    |mul_16s_7ns_23_1_0_U923    |mul_16s_7ns_23_1_0   |        0|   1|  0|   4|    0|
    |mul_16s_7ns_23_1_0_U924    |mul_16s_7ns_23_1_0   |        0|   1|  0|   4|    0|
    |mul_16s_7ns_23_1_0_U933    |mul_16s_7ns_23_1_0   |        0|   1|  0|   4|    0|
    |mul_16s_7ns_23_1_0_U939    |mul_16s_7ns_23_1_0   |        0|   1|  0|   4|    0|
    |mul_16s_7ns_23_1_0_U953    |mul_16s_7ns_23_1_0   |        0|   1|  0|   4|    0|
    |mul_16s_7ns_23_1_0_U954    |mul_16s_7ns_23_1_0   |        0|   1|  0|   4|    0|
    |mul_16s_7ns_23_1_0_U1002   |mul_16s_7ns_23_1_0   |        0|   1|  0|   4|    0|
    |mul_16s_7ns_23_1_0_U1039   |mul_16s_7ns_23_1_0   |        0|   1|  0|   4|    0|
    |mul_16s_7ns_23_1_0_U1056   |mul_16s_7ns_23_1_0   |        0|   1|  0|   4|    0|
    |mul_16s_7ns_23_1_0_U1062   |mul_16s_7ns_23_1_0   |        0|   1|  0|   4|    0|
    |mul_16s_7ns_23_1_0_U1068   |mul_16s_7ns_23_1_0   |        0|   1|  0|   4|    0|
    |mul_16s_7ns_23_1_0_U1095   |mul_16s_7ns_23_1_0   |        0|   1|  0|   4|    0|
    |mul_16s_7ns_23_1_0_U1100   |mul_16s_7ns_23_1_0   |        0|   1|  0|   4|    0|
    |mul_16s_7ns_23_1_0_U1109   |mul_16s_7ns_23_1_0   |        0|   1|  0|   4|    0|
    |mul_16s_7ns_23_1_0_U1123   |mul_16s_7ns_23_1_0   |        0|   1|  0|   4|    0|
    |mul_16s_7ns_23_1_0_U1130   |mul_16s_7ns_23_1_0   |        0|   1|  0|   4|    0|
    |mul_16s_7ns_23_1_0_U1144   |mul_16s_7ns_23_1_0   |        0|   1|  0|   4|    0|
    |mul_16s_7ns_23_1_0_U1164   |mul_16s_7ns_23_1_0   |        0|   1|  0|   4|    0|
    |mul_16s_7ns_23_1_0_U1179   |mul_16s_7ns_23_1_0   |        0|   1|  0|   4|    0|
    |mul_16s_7ns_23_1_0_U1206   |mul_16s_7ns_23_1_0   |        0|   1|  0|   4|    0|
    |mul_16s_7ns_23_1_0_U1235   |mul_16s_7ns_23_1_0   |        0|   1|  0|   4|    0|
    |mul_16s_7ns_23_1_0_U1272   |mul_16s_7ns_23_1_0   |        0|   1|  0|   4|    0|
    |mul_16s_7ns_23_1_0_U1274   |mul_16s_7ns_23_1_0   |        0|   1|  0|   4|    0|
    |mul_16s_7ns_23_1_0_U1277   |mul_16s_7ns_23_1_0   |        0|   1|  0|   4|    0|
    |mul_16s_7ns_23_1_0_U1280   |mul_16s_7ns_23_1_0   |        0|   1|  0|   4|    0|
    |mul_16s_7ns_23_1_0_U1283   |mul_16s_7ns_23_1_0   |        0|   1|  0|   4|    0|
    |mul_16s_7ns_23_1_0_U1286   |mul_16s_7ns_23_1_0   |        0|   1|  0|   4|    0|
    |mul_16s_7ns_23_1_0_U1322   |mul_16s_7ns_23_1_0   |        0|   1|  0|   4|    0|
    |mul_16s_7ns_23_1_0_U1326   |mul_16s_7ns_23_1_0   |        0|   1|  0|   4|    0|
    |mul_16s_7ns_23_1_0_U1334   |mul_16s_7ns_23_1_0   |        0|   1|  0|   4|    0|
    |mul_16s_7ns_23_1_0_U1337   |mul_16s_7ns_23_1_0   |        0|   1|  0|   4|    0|
    |mul_16s_7ns_23_1_0_U1436   |mul_16s_7ns_23_1_0   |        0|   1|  0|   4|    0|
    |mul_16s_7ns_23_1_0_U1438   |mul_16s_7ns_23_1_0   |        0|   1|  0|   4|    0|
    |mul_16s_7ns_23_1_0_U1451   |mul_16s_7ns_23_1_0   |        0|   1|  0|   4|    0|
    |mul_16s_7ns_23_1_0_U1453   |mul_16s_7ns_23_1_0   |        0|   1|  0|   4|    0|
    |mul_16s_7ns_23_1_0_U1458   |mul_16s_7ns_23_1_0   |        0|   1|  0|   4|    0|
    |mul_16s_7ns_23_1_0_U1470   |mul_16s_7ns_23_1_0   |        0|   1|  0|   4|    0|
    |mul_16s_7ns_23_1_0_U1483   |mul_16s_7ns_23_1_0   |        0|   1|  0|   4|    0|
    |mul_16s_7ns_23_1_0_U1488   |mul_16s_7ns_23_1_0   |        0|   1|  0|   4|    0|
    |mul_16s_7ns_23_1_0_U1492   |mul_16s_7ns_23_1_0   |        0|   1|  0|   4|    0|
    |mul_16s_7ns_23_1_0_U1507   |mul_16s_7ns_23_1_0   |        0|   1|  0|   4|    0|
    |mul_16s_7ns_23_1_0_U1509   |mul_16s_7ns_23_1_0   |        0|   1|  0|   4|    0|
    |mul_16s_7ns_23_1_0_U1523   |mul_16s_7ns_23_1_0   |        0|   1|  0|   4|    0|
    |mul_16s_7ns_23_1_0_U1534   |mul_16s_7ns_23_1_0   |        0|   1|  0|   4|    0|
    |mul_16s_7ns_23_1_0_U1540   |mul_16s_7ns_23_1_0   |        0|   1|  0|   4|    0|
    |mul_16s_7ns_23_1_0_U1560   |mul_16s_7ns_23_1_0   |        0|   1|  0|   4|    0|
    |mul_16s_7ns_23_1_0_U1561   |mul_16s_7ns_23_1_0   |        0|   1|  0|   4|    0|
    |mul_16s_7ns_23_1_0_U1571   |mul_16s_7ns_23_1_0   |        0|   1|  0|   4|    0|
    |mul_16s_7ns_23_1_0_U1588   |mul_16s_7ns_23_1_0   |        0|   1|  0|   4|    0|
    |mul_16s_7ns_23_1_0_U1591   |mul_16s_7ns_23_1_0   |        0|   1|  0|   4|    0|
    |mul_16s_7ns_23_1_0_U1593   |mul_16s_7ns_23_1_0   |        0|   1|  0|   4|    0|
    |mul_16s_7ns_23_1_0_U1603   |mul_16s_7ns_23_1_0   |        0|   1|  0|   4|    0|
    |mul_16s_7ns_23_1_0_U1635   |mul_16s_7ns_23_1_0   |        0|   1|  0|   4|    0|
    |mul_16s_7ns_23_1_0_U1651   |mul_16s_7ns_23_1_0   |        0|   1|  0|   4|    0|
    |mul_16s_7ns_23_1_0_U1670   |mul_16s_7ns_23_1_0   |        0|   1|  0|   4|    0|
    |mul_16s_7ns_23_1_0_U1677   |mul_16s_7ns_23_1_0   |        0|   1|  0|   4|    0|
    |mul_16s_7ns_23_1_0_U1707   |mul_16s_7ns_23_1_0   |        0|   1|  0|   4|    0|
    |mul_16s_7ns_23_1_0_U1709   |mul_16s_7ns_23_1_0   |        0|   1|  0|   4|    0|
    |mul_16s_7ns_23_1_0_U1731   |mul_16s_7ns_23_1_0   |        0|   1|  0|   4|    0|
    |mul_16s_7ns_23_1_0_U1733   |mul_16s_7ns_23_1_0   |        0|   1|  0|   4|    0|
    |mul_16s_7ns_23_1_0_U1736   |mul_16s_7ns_23_1_0   |        0|   1|  0|   4|    0|
    |mul_16s_7ns_23_1_0_U1762   |mul_16s_7ns_23_1_0   |        0|   1|  0|   4|    0|
    |mul_16s_7ns_23_1_0_U1789   |mul_16s_7ns_23_1_0   |        0|   1|  0|   4|    0|
    |mul_16s_7ns_23_1_0_U1796   |mul_16s_7ns_23_1_0   |        0|   1|  0|   4|    0|
    |mul_16s_7ns_23_1_0_U1799   |mul_16s_7ns_23_1_0   |        0|   1|  0|   4|    0|
    |mul_16s_7ns_23_1_0_U1810   |mul_16s_7ns_23_1_0   |        0|   1|  0|   4|    0|
    |mul_16s_7ns_23_1_0_U1826   |mul_16s_7ns_23_1_0   |        0|   1|  0|   4|    0|
    |mul_16s_7ns_23_1_0_U1832   |mul_16s_7ns_23_1_0   |        0|   1|  0|   4|    0|
    |mul_16s_7ns_23_1_0_U1838   |mul_16s_7ns_23_1_0   |        0|   1|  0|   4|    0|
    |mul_16s_7ns_23_1_0_U1846   |mul_16s_7ns_23_1_0   |        0|   1|  0|   4|    0|
    |mul_16s_7ns_23_1_0_U1858   |mul_16s_7ns_23_1_0   |        0|   1|  0|   4|    0|
    |mul_16s_7ns_23_1_0_U1865   |mul_16s_7ns_23_1_0   |        0|   1|  0|   4|    0|
    |mul_16s_7ns_23_1_0_U1871   |mul_16s_7ns_23_1_0   |        0|   1|  0|   4|    0|
    |mul_16s_7ns_23_1_0_U1886   |mul_16s_7ns_23_1_0   |        0|   1|  0|   4|    0|
    |mul_16s_7ns_23_1_0_U1888   |mul_16s_7ns_23_1_0   |        0|   1|  0|   4|    0|
    |mul_16s_7ns_23_1_0_U1960   |mul_16s_7ns_23_1_0   |        0|   1|  0|   4|    0|
    |mul_16s_7ns_23_1_0_U1962   |mul_16s_7ns_23_1_0   |        0|   1|  0|   4|    0|
    |mul_16s_7ns_23_1_0_U1996   |mul_16s_7ns_23_1_0   |        0|   1|  0|   4|    0|
    |mul_16s_7ns_23_1_0_U2015   |mul_16s_7ns_23_1_0   |        0|   1|  0|   4|    0|
    |mul_16s_7ns_23_1_0_U2016   |mul_16s_7ns_23_1_0   |        0|   1|  0|   4|    0|
    |mul_16s_7ns_23_1_0_U2025   |mul_16s_7ns_23_1_0   |        0|   1|  0|   4|    0|
    |mul_16s_7ns_23_1_0_U2037   |mul_16s_7ns_23_1_0   |        0|   1|  0|   4|    0|
    |mul_16s_7ns_23_1_0_U2071   |mul_16s_7ns_23_1_0   |        0|   1|  0|   4|    0|
    |mul_16s_7ns_23_1_0_U2094   |mul_16s_7ns_23_1_0   |        0|   1|  0|   4|    0|
    |mul_16s_7ns_23_1_0_U2095   |mul_16s_7ns_23_1_0   |        0|   1|  0|   4|    0|
    |mul_16s_7ns_23_1_0_U2102   |mul_16s_7ns_23_1_0   |        0|   1|  0|   4|    0|
    |mul_16s_7ns_23_1_0_U2114   |mul_16s_7ns_23_1_0   |        0|   1|  0|   4|    0|
    |mul_16s_7s_22_1_0_U1299    |mul_16s_7s_22_1_0    |        0|   1|  0|   4|    0|
    |mul_16s_7s_22_1_0_U1424    |mul_16s_7s_22_1_0    |        0|   1|  0|   4|    0|
    |mul_16s_7s_23_1_0_U466     |mul_16s_7s_23_1_0    |        0|   1|  0|   4|    0|
    |mul_16s_7s_23_1_0_U468     |mul_16s_7s_23_1_0    |        0|   1|  0|   4|    0|
    |mul_16s_7s_23_1_0_U502     |mul_16s_7s_23_1_0    |        0|   1|  0|   4|    0|
    |mul_16s_7s_23_1_0_U516     |mul_16s_7s_23_1_0    |        0|   1|  0|   4|    0|
    |mul_16s_7s_23_1_0_U538     |mul_16s_7s_23_1_0    |        0|   1|  0|   4|    0|
    |mul_16s_7s_23_1_0_U566     |mul_16s_7s_23_1_0    |        0|   1|  0|   4|    0|
    |mul_16s_7s_23_1_0_U579     |mul_16s_7s_23_1_0    |        0|   1|  0|   4|    0|
    |mul_16s_7s_23_1_0_U582     |mul_16s_7s_23_1_0    |        0|   1|  0|   4|    0|
    |mul_16s_7s_23_1_0_U614     |mul_16s_7s_23_1_0    |        0|   1|  0|   4|    0|
    |mul_16s_7s_23_1_0_U621     |mul_16s_7s_23_1_0    |        0|   1|  0|   4|    0|
    |mul_16s_7s_23_1_0_U623     |mul_16s_7s_23_1_0    |        0|   1|  0|   4|    0|
    |mul_16s_7s_23_1_0_U641     |mul_16s_7s_23_1_0    |        0|   1|  0|   4|    0|
    |mul_16s_7s_23_1_0_U644     |mul_16s_7s_23_1_0    |        0|   1|  0|   4|    0|
    |mul_16s_7s_23_1_0_U645     |mul_16s_7s_23_1_0    |        0|   1|  0|   4|    0|
    |mul_16s_7s_23_1_0_U661     |mul_16s_7s_23_1_0    |        0|   1|  0|   4|    0|
    |mul_16s_7s_23_1_0_U667     |mul_16s_7s_23_1_0    |        0|   1|  0|   4|    0|
    |mul_16s_7s_23_1_0_U673     |mul_16s_7s_23_1_0    |        0|   1|  0|   4|    0|
    |mul_16s_7s_23_1_0_U678     |mul_16s_7s_23_1_0    |        0|   1|  0|   4|    0|
    |mul_16s_7s_23_1_0_U699     |mul_16s_7s_23_1_0    |        0|   1|  0|   4|    0|
    |mul_16s_7s_23_1_0_U701     |mul_16s_7s_23_1_0    |        0|   1|  0|   4|    0|
    |mul_16s_7s_23_1_0_U734     |mul_16s_7s_23_1_0    |        0|   1|  0|   4|    0|
    |mul_16s_7s_23_1_0_U754     |mul_16s_7s_23_1_0    |        0|   1|  0|   4|    0|
    |mul_16s_7s_23_1_0_U755     |mul_16s_7s_23_1_0    |        0|   1|  0|   4|    0|
    |mul_16s_7s_23_1_0_U763     |mul_16s_7s_23_1_0    |        0|   1|  0|   4|    0|
    |mul_16s_7s_23_1_0_U796     |mul_16s_7s_23_1_0    |        0|   1|  0|   4|    0|
    |mul_16s_7s_23_1_0_U799     |mul_16s_7s_23_1_0    |        0|   1|  0|   4|    0|
    |mul_16s_7s_23_1_0_U811     |mul_16s_7s_23_1_0    |        0|   1|  0|   4|    0|
    |mul_16s_7s_23_1_0_U820     |mul_16s_7s_23_1_0    |        0|   1|  0|   4|    0|
    |mul_16s_7s_23_1_0_U823     |mul_16s_7s_23_1_0    |        0|   1|  0|   4|    0|
    |mul_16s_7s_23_1_0_U833     |mul_16s_7s_23_1_0    |        0|   1|  0|   4|    0|
    |mul_16s_7s_23_1_0_U853     |mul_16s_7s_23_1_0    |        0|   1|  0|   4|    0|
    |mul_16s_7s_23_1_0_U855     |mul_16s_7s_23_1_0    |        0|   1|  0|   4|    0|
    |mul_16s_7s_23_1_0_U857     |mul_16s_7s_23_1_0    |        0|   1|  0|   4|    0|
    |mul_16s_7s_23_1_0_U860     |mul_16s_7s_23_1_0    |        0|   1|  0|   4|    0|
    |mul_16s_7s_23_1_0_U907     |mul_16s_7s_23_1_0    |        0|   1|  0|   4|    0|
    |mul_16s_7s_23_1_0_U910     |mul_16s_7s_23_1_0    |        0|   1|  0|   4|    0|
    |mul_16s_7s_23_1_0_U928     |mul_16s_7s_23_1_0    |        0|   1|  0|   4|    0|
    |mul_16s_7s_23_1_0_U936     |mul_16s_7s_23_1_0    |        0|   1|  0|   4|    0|
    |mul_16s_7s_23_1_0_U943     |mul_16s_7s_23_1_0    |        0|   1|  0|   4|    0|
    |mul_16s_7s_23_1_0_U984     |mul_16s_7s_23_1_0    |        0|   1|  0|   4|    0|
    |mul_16s_7s_23_1_0_U985     |mul_16s_7s_23_1_0    |        0|   1|  0|   4|    0|
    |mul_16s_7s_23_1_0_U986     |mul_16s_7s_23_1_0    |        0|   1|  0|   4|    0|
    |mul_16s_7s_23_1_0_U991     |mul_16s_7s_23_1_0    |        0|   1|  0|   4|    0|
    |mul_16s_7s_23_1_0_U1004    |mul_16s_7s_23_1_0    |        0|   1|  0|   4|    0|
    |mul_16s_7s_23_1_0_U1023    |mul_16s_7s_23_1_0    |        0|   1|  0|   4|    0|
    |mul_16s_7s_23_1_0_U1032    |mul_16s_7s_23_1_0    |        0|   1|  0|   4|    0|
    |mul_16s_7s_23_1_0_U1033    |mul_16s_7s_23_1_0    |        0|   1|  0|   4|    0|
    |mul_16s_7s_23_1_0_U1051    |mul_16s_7s_23_1_0    |        0|   1|  0|   4|    0|
    |mul_16s_7s_23_1_0_U1074    |mul_16s_7s_23_1_0    |        0|   1|  0|   4|    0|
    |mul_16s_7s_23_1_0_U1084    |mul_16s_7s_23_1_0    |        0|   1|  0|   4|    0|
    |mul_16s_7s_23_1_0_U1098    |mul_16s_7s_23_1_0    |        0|   1|  0|   4|    0|
    |mul_16s_7s_23_1_0_U1099    |mul_16s_7s_23_1_0    |        0|   1|  0|   4|    0|
    |mul_16s_7s_23_1_0_U1102    |mul_16s_7s_23_1_0    |        0|   1|  0|   4|    0|
    |mul_16s_7s_23_1_0_U1114    |mul_16s_7s_23_1_0    |        0|   1|  0|   4|    0|
    |mul_16s_7s_23_1_0_U1115    |mul_16s_7s_23_1_0    |        0|   1|  0|   4|    0|
    |mul_16s_7s_23_1_0_U1118    |mul_16s_7s_23_1_0    |        0|   1|  0|   4|    0|
    |mul_16s_7s_23_1_0_U1129    |mul_16s_7s_23_1_0    |        0|   1|  0|   4|    0|
    |mul_16s_7s_23_1_0_U1141    |mul_16s_7s_23_1_0    |        0|   1|  0|   4|    0|
    |mul_16s_7s_23_1_0_U1142    |mul_16s_7s_23_1_0    |        0|   1|  0|   4|    0|
    |mul_16s_7s_23_1_0_U1157    |mul_16s_7s_23_1_0    |        0|   1|  0|   4|    0|
    |mul_16s_7s_23_1_0_U1185    |mul_16s_7s_23_1_0    |        0|   1|  0|   4|    0|
    |mul_16s_7s_23_1_0_U1212    |mul_16s_7s_23_1_0    |        0|   1|  0|   4|    0|
    |mul_16s_7s_23_1_0_U1221    |mul_16s_7s_23_1_0    |        0|   1|  0|   4|    0|
    |mul_16s_7s_23_1_0_U1241    |mul_16s_7s_23_1_0    |        0|   1|  0|   4|    0|
    |mul_16s_7s_23_1_0_U1242    |mul_16s_7s_23_1_0    |        0|   1|  0|   4|    0|
    |mul_16s_7s_23_1_0_U1248    |mul_16s_7s_23_1_0    |        0|   1|  0|   4|    0|
    |mul_16s_7s_23_1_0_U1249    |mul_16s_7s_23_1_0    |        0|   1|  0|   4|    0|
    |mul_16s_7s_23_1_0_U1259    |mul_16s_7s_23_1_0    |        0|   1|  0|   4|    0|
    |mul_16s_7s_23_1_0_U1275    |mul_16s_7s_23_1_0    |        0|   1|  0|   4|    0|
    |mul_16s_7s_23_1_0_U1281    |mul_16s_7s_23_1_0    |        0|   1|  0|   4|    0|
    |mul_16s_7s_23_1_0_U1312    |mul_16s_7s_23_1_0    |        0|   1|  0|   4|    0|
    |mul_16s_7s_23_1_0_U1346    |mul_16s_7s_23_1_0    |        0|   1|  0|   4|    0|
    |mul_16s_7s_23_1_0_U1355    |mul_16s_7s_23_1_0    |        0|   1|  0|   4|    0|
    |mul_16s_7s_23_1_0_U1362    |mul_16s_7s_23_1_0    |        0|   1|  0|   4|    0|
    |mul_16s_7s_23_1_0_U1375    |mul_16s_7s_23_1_0    |        0|   1|  0|   4|    0|
    |mul_16s_7s_23_1_0_U1380    |mul_16s_7s_23_1_0    |        0|   1|  0|   4|    0|
    |mul_16s_7s_23_1_0_U1386    |mul_16s_7s_23_1_0    |        0|   1|  0|   4|    0|
    |mul_16s_7s_23_1_0_U1396    |mul_16s_7s_23_1_0    |        0|   1|  0|   4|    0|
    |mul_16s_7s_23_1_0_U1407    |mul_16s_7s_23_1_0    |        0|   1|  0|   4|    0|
    |mul_16s_7s_23_1_0_U1455    |mul_16s_7s_23_1_0    |        0|   1|  0|   4|    0|
    |mul_16s_7s_23_1_0_U1456    |mul_16s_7s_23_1_0    |        0|   1|  0|   4|    0|
    |mul_16s_7s_23_1_0_U1462    |mul_16s_7s_23_1_0    |        0|   1|  0|   4|    0|
    |mul_16s_7s_23_1_0_U1499    |mul_16s_7s_23_1_0    |        0|   1|  0|   4|    0|
    |mul_16s_7s_23_1_0_U1504    |mul_16s_7s_23_1_0    |        0|   1|  0|   4|    0|
    |mul_16s_7s_23_1_0_U1515    |mul_16s_7s_23_1_0    |        0|   1|  0|   4|    0|
    |mul_16s_7s_23_1_0_U1527    |mul_16s_7s_23_1_0    |        0|   1|  0|   4|    0|
    |mul_16s_7s_23_1_0_U1538    |mul_16s_7s_23_1_0    |        0|   1|  0|   4|    0|
    |mul_16s_7s_23_1_0_U1539    |mul_16s_7s_23_1_0    |        0|   1|  0|   4|    0|
    |mul_16s_7s_23_1_0_U1556    |mul_16s_7s_23_1_0    |        0|   1|  0|   4|    0|
    |mul_16s_7s_23_1_0_U1562    |mul_16s_7s_23_1_0    |        0|   1|  0|   4|    0|
    |mul_16s_7s_23_1_0_U1566    |mul_16s_7s_23_1_0    |        0|   1|  0|   4|    0|
    |mul_16s_7s_23_1_0_U1577    |mul_16s_7s_23_1_0    |        0|   1|  0|   4|    0|
    |mul_16s_7s_23_1_0_U1590    |mul_16s_7s_23_1_0    |        0|   1|  0|   4|    0|
    |mul_16s_7s_23_1_0_U1594    |mul_16s_7s_23_1_0    |        0|   1|  0|   4|    0|
    |mul_16s_7s_23_1_0_U1597    |mul_16s_7s_23_1_0    |        0|   1|  0|   4|    0|
    |mul_16s_7s_23_1_0_U1610    |mul_16s_7s_23_1_0    |        0|   1|  0|   4|    0|
    |mul_16s_7s_23_1_0_U1612    |mul_16s_7s_23_1_0    |        0|   1|  0|   4|    0|
    |mul_16s_7s_23_1_0_U1614    |mul_16s_7s_23_1_0    |        0|   1|  0|   4|    0|
    |mul_16s_7s_23_1_0_U1652    |mul_16s_7s_23_1_0    |        0|   1|  0|   4|    0|
    |mul_16s_7s_23_1_0_U1662    |mul_16s_7s_23_1_0    |        0|   1|  0|   4|    0|
    |mul_16s_7s_23_1_0_U1664    |mul_16s_7s_23_1_0    |        0|   1|  0|   4|    0|
    |mul_16s_7s_23_1_0_U1665    |mul_16s_7s_23_1_0    |        0|   1|  0|   4|    0|
    |mul_16s_7s_23_1_0_U1669    |mul_16s_7s_23_1_0    |        0|   1|  0|   4|    0|
    |mul_16s_7s_23_1_0_U1683    |mul_16s_7s_23_1_0    |        0|   1|  0|   4|    0|
    |mul_16s_7s_23_1_0_U1688    |mul_16s_7s_23_1_0    |        0|   1|  0|   4|    0|
    |mul_16s_7s_23_1_0_U1692    |mul_16s_7s_23_1_0    |        0|   1|  0|   4|    0|
    |mul_16s_7s_23_1_0_U1711    |mul_16s_7s_23_1_0    |        0|   1|  0|   4|    0|
    |mul_16s_7s_23_1_0_U1730    |mul_16s_7s_23_1_0    |        0|   1|  0|   4|    0|
    |mul_16s_7s_23_1_0_U1738    |mul_16s_7s_23_1_0    |        0|   1|  0|   4|    0|
    |mul_16s_7s_23_1_0_U1768    |mul_16s_7s_23_1_0    |        0|   1|  0|   4|    0|
    |mul_16s_7s_23_1_0_U1776    |mul_16s_7s_23_1_0    |        0|   1|  0|   4|    0|
    |mul_16s_7s_23_1_0_U1778    |mul_16s_7s_23_1_0    |        0|   1|  0|   4|    0|
    |mul_16s_7s_23_1_0_U1780    |mul_16s_7s_23_1_0    |        0|   1|  0|   4|    0|
    |mul_16s_7s_23_1_0_U1819    |mul_16s_7s_23_1_0    |        0|   1|  0|   4|    0|
    |mul_16s_7s_23_1_0_U1827    |mul_16s_7s_23_1_0    |        0|   1|  0|   4|    0|
    |mul_16s_7s_23_1_0_U1829    |mul_16s_7s_23_1_0    |        0|   1|  0|   4|    0|
    |mul_16s_7s_23_1_0_U1841    |mul_16s_7s_23_1_0    |        0|   1|  0|   4|    0|
    |mul_16s_7s_23_1_0_U1866    |mul_16s_7s_23_1_0    |        0|   1|  0|   4|    0|
    |mul_16s_7s_23_1_0_U1901    |mul_16s_7s_23_1_0    |        0|   1|  0|   4|    0|
    |mul_16s_7s_23_1_0_U1917    |mul_16s_7s_23_1_0    |        0|   1|  0|   4|    0|
    |mul_16s_7s_23_1_0_U1932    |mul_16s_7s_23_1_0    |        0|   1|  0|   4|    0|
    |mul_16s_7s_23_1_0_U1938    |mul_16s_7s_23_1_0    |        0|   1|  0|   4|    0|
    |mul_16s_7s_23_1_0_U1941    |mul_16s_7s_23_1_0    |        0|   1|  0|   4|    0|
    |mul_16s_7s_23_1_0_U1944    |mul_16s_7s_23_1_0    |        0|   1|  0|   4|    0|
    |mul_16s_7s_23_1_0_U1993    |mul_16s_7s_23_1_0    |        0|   1|  0|   4|    0|
    |mul_16s_7s_23_1_0_U2059    |mul_16s_7s_23_1_0    |        0|   1|  0|   4|    0|
    |mul_16s_7s_23_1_0_U2103    |mul_16s_7s_23_1_0    |        0|   1|  0|   4|    0|
    |mul_16s_7s_23_1_0_U2105    |mul_16s_7s_23_1_0    |        0|   1|  0|   4|    0|
    |mul_16s_7s_23_1_0_U2111    |mul_16s_7s_23_1_0    |        0|   1|  0|   4|    0|
    |mul_16s_8ns_24_1_0_U450    |mul_16s_8ns_24_1_0   |        0|   1|  0|   4|    0|
    |mul_16s_8ns_24_1_0_U457    |mul_16s_8ns_24_1_0   |        0|   1|  0|   4|    0|
    |mul_16s_8ns_24_1_0_U458    |mul_16s_8ns_24_1_0   |        0|   1|  0|   4|    0|
    |mul_16s_8ns_24_1_0_U464    |mul_16s_8ns_24_1_0   |        0|   1|  0|   4|    0|
    |mul_16s_8ns_24_1_0_U467    |mul_16s_8ns_24_1_0   |        0|   1|  0|   4|    0|
    |mul_16s_8ns_24_1_0_U469    |mul_16s_8ns_24_1_0   |        0|   1|  0|   4|    0|
    |mul_16s_8ns_24_1_0_U475    |mul_16s_8ns_24_1_0   |        0|   1|  0|   4|    0|
    |mul_16s_8ns_24_1_0_U479    |mul_16s_8ns_24_1_0   |        0|   1|  0|   4|    0|
    |mul_16s_8ns_24_1_0_U485    |mul_16s_8ns_24_1_0   |        0|   1|  0|   4|    0|
    |mul_16s_8ns_24_1_0_U536    |mul_16s_8ns_24_1_0   |        0|   1|  0|   4|    0|
    |mul_16s_8ns_24_1_0_U544    |mul_16s_8ns_24_1_0   |        0|   1|  0|   4|    0|
    |mul_16s_8ns_24_1_0_U546    |mul_16s_8ns_24_1_0   |        0|   1|  0|   4|    0|
    |mul_16s_8ns_24_1_0_U558    |mul_16s_8ns_24_1_0   |        0|   1|  0|   4|    0|
    |mul_16s_8ns_24_1_0_U560    |mul_16s_8ns_24_1_0   |        0|   1|  0|   4|    0|
    |mul_16s_8ns_24_1_0_U578    |mul_16s_8ns_24_1_0   |        0|   1|  0|   4|    0|
    |mul_16s_8ns_24_1_0_U586    |mul_16s_8ns_24_1_0   |        0|   1|  0|   4|    0|
    |mul_16s_8ns_24_1_0_U588    |mul_16s_8ns_24_1_0   |        0|   1|  0|   4|    0|
    |mul_16s_8ns_24_1_0_U591    |mul_16s_8ns_24_1_0   |        0|   1|  0|   4|    0|
    |mul_16s_8ns_24_1_0_U597    |mul_16s_8ns_24_1_0   |        0|   1|  0|   4|    0|
    |mul_16s_8ns_24_1_0_U603    |mul_16s_8ns_24_1_0   |        0|   1|  0|   4|    0|
    |mul_16s_8ns_24_1_0_U607    |mul_16s_8ns_24_1_0   |        0|   1|  0|   4|    0|
    |mul_16s_8ns_24_1_0_U617    |mul_16s_8ns_24_1_0   |        0|   1|  0|   4|    0|
    |mul_16s_8ns_24_1_0_U619    |mul_16s_8ns_24_1_0   |        0|   1|  0|   4|    0|
    |mul_16s_8ns_24_1_0_U620    |mul_16s_8ns_24_1_0   |        0|   1|  0|   4|    0|
    |mul_16s_8ns_24_1_0_U626    |mul_16s_8ns_24_1_0   |        0|   1|  0|   4|    0|
    |mul_16s_8ns_24_1_0_U628    |mul_16s_8ns_24_1_0   |        0|   1|  0|   4|    0|
    |mul_16s_8ns_24_1_0_U635    |mul_16s_8ns_24_1_0   |        0|   1|  0|   4|    0|
    |mul_16s_8ns_24_1_0_U646    |mul_16s_8ns_24_1_0   |        0|   1|  0|   4|    0|
    |mul_16s_8ns_24_1_0_U657    |mul_16s_8ns_24_1_0   |        0|   1|  0|   4|    0|
    |mul_16s_8ns_24_1_0_U669    |mul_16s_8ns_24_1_0   |        0|   1|  0|   4|    0|
    |mul_16s_8ns_24_1_0_U674    |mul_16s_8ns_24_1_0   |        0|   1|  0|   4|    0|
    |mul_16s_8ns_24_1_0_U680    |mul_16s_8ns_24_1_0   |        0|   1|  0|   4|    0|
    |mul_16s_8ns_24_1_0_U686    |mul_16s_8ns_24_1_0   |        0|   1|  0|   4|    0|
    |mul_16s_8ns_24_1_0_U689    |mul_16s_8ns_24_1_0   |        0|   1|  0|   4|    0|
    |mul_16s_8ns_24_1_0_U756    |mul_16s_8ns_24_1_0   |        0|   1|  0|   4|    0|
    |mul_16s_8ns_24_1_0_U761    |mul_16s_8ns_24_1_0   |        0|   1|  0|   4|    0|
    |mul_16s_8ns_24_1_0_U764    |mul_16s_8ns_24_1_0   |        0|   1|  0|   4|    0|
    |mul_16s_8ns_24_1_0_U772    |mul_16s_8ns_24_1_0   |        0|   1|  0|   4|    0|
    |mul_16s_8ns_24_1_0_U782    |mul_16s_8ns_24_1_0   |        0|   1|  0|   4|    0|
    |mul_16s_8ns_24_1_0_U792    |mul_16s_8ns_24_1_0   |        0|   1|  0|   4|    0|
    |mul_16s_8ns_24_1_0_U793    |mul_16s_8ns_24_1_0   |        0|   1|  0|   4|    0|
    |mul_16s_8ns_24_1_0_U812    |mul_16s_8ns_24_1_0   |        0|   1|  0|   4|    0|
    |mul_16s_8ns_24_1_0_U814    |mul_16s_8ns_24_1_0   |        0|   1|  0|   4|    0|
    |mul_16s_8ns_24_1_0_U816    |mul_16s_8ns_24_1_0   |        0|   1|  0|   4|    0|
    |mul_16s_8ns_24_1_0_U828    |mul_16s_8ns_24_1_0   |        0|   1|  0|   4|    0|
    |mul_16s_8ns_24_1_0_U831    |mul_16s_8ns_24_1_0   |        0|   1|  0|   4|    0|
    |mul_16s_8ns_24_1_0_U838    |mul_16s_8ns_24_1_0   |        0|   1|  0|   4|    0|
    |mul_16s_8ns_24_1_0_U839    |mul_16s_8ns_24_1_0   |        0|   1|  0|   4|    0|
    |mul_16s_8ns_24_1_0_U842    |mul_16s_8ns_24_1_0   |        0|   1|  0|   4|    0|
    |mul_16s_8ns_24_1_0_U852    |mul_16s_8ns_24_1_0   |        0|   1|  0|   4|    0|
    |mul_16s_8ns_24_1_0_U859    |mul_16s_8ns_24_1_0   |        0|   1|  0|   4|    0|
    |mul_16s_8ns_24_1_0_U863    |mul_16s_8ns_24_1_0   |        0|   1|  0|   4|    0|
    |mul_16s_8ns_24_1_0_U876    |mul_16s_8ns_24_1_0   |        0|   1|  0|   4|    0|
    |mul_16s_8ns_24_1_0_U879    |mul_16s_8ns_24_1_0   |        0|   1|  0|   4|    0|
    |mul_16s_8ns_24_1_0_U882    |mul_16s_8ns_24_1_0   |        0|   1|  0|   4|    0|
    |mul_16s_8ns_24_1_0_U889    |mul_16s_8ns_24_1_0   |        0|   1|  0|   4|    0|
    |mul_16s_8ns_24_1_0_U901    |mul_16s_8ns_24_1_0   |        0|   1|  0|   4|    0|
    |mul_16s_8ns_24_1_0_U905    |mul_16s_8ns_24_1_0   |        0|   1|  0|   4|    0|
    |mul_16s_8ns_24_1_0_U906    |mul_16s_8ns_24_1_0   |        0|   1|  0|   4|    0|
    |mul_16s_8ns_24_1_0_U937    |mul_16s_8ns_24_1_0   |        0|   1|  0|   4|    0|
    |mul_16s_8ns_24_1_0_U940    |mul_16s_8ns_24_1_0   |        0|   1|  0|   4|    0|
    |mul_16s_8ns_24_1_0_U988    |mul_16s_8ns_24_1_0   |        0|   1|  0|   4|    0|
    |mul_16s_8ns_24_1_0_U993    |mul_16s_8ns_24_1_0   |        0|   1|  0|   4|    0|
    |mul_16s_8ns_24_1_0_U995    |mul_16s_8ns_24_1_0   |        0|   1|  0|   4|    0|
    |mul_16s_8ns_24_1_0_U1005   |mul_16s_8ns_24_1_0   |        0|   1|  0|   4|    0|
    |mul_16s_8ns_24_1_0_U1020   |mul_16s_8ns_24_1_0   |        0|   1|  0|   4|    0|
    |mul_16s_8ns_24_1_0_U1047   |mul_16s_8ns_24_1_0   |        0|   1|  0|   4|    0|
    |mul_16s_8ns_24_1_0_U1049   |mul_16s_8ns_24_1_0   |        0|   1|  0|   4|    0|
    |mul_16s_8ns_24_1_0_U1058   |mul_16s_8ns_24_1_0   |        0|   1|  0|   4|    0|
    |mul_16s_8ns_24_1_0_U1077   |mul_16s_8ns_24_1_0   |        0|   1|  0|   4|    0|
    |mul_16s_8ns_24_1_0_U1080   |mul_16s_8ns_24_1_0   |        0|   1|  0|   4|    0|
    |mul_16s_8ns_24_1_0_U1087   |mul_16s_8ns_24_1_0   |        0|   1|  0|   4|    0|
    |mul_16s_8ns_24_1_0_U1103   |mul_16s_8ns_24_1_0   |        0|   1|  0|   4|    0|
    |mul_16s_8ns_24_1_0_U1105   |mul_16s_8ns_24_1_0   |        0|   1|  0|   4|    0|
    |mul_16s_8ns_24_1_0_U1113   |mul_16s_8ns_24_1_0   |        0|   1|  0|   4|    0|
    |mul_16s_8ns_24_1_0_U1121   |mul_16s_8ns_24_1_0   |        0|   1|  0|   4|    0|
    |mul_16s_8ns_24_1_0_U1125   |mul_16s_8ns_24_1_0   |        0|   1|  0|   4|    0|
    |mul_16s_8ns_24_1_0_U1128   |mul_16s_8ns_24_1_0   |        0|   1|  0|   4|    0|
    |mul_16s_8ns_24_1_0_U1135   |mul_16s_8ns_24_1_0   |        0|   1|  0|   4|    0|
    |mul_16s_8ns_24_1_0_U1143   |mul_16s_8ns_24_1_0   |        0|   1|  0|   4|    0|
    |mul_16s_8ns_24_1_0_U1149   |mul_16s_8ns_24_1_0   |        0|   1|  0|   4|    0|
    |mul_16s_8ns_24_1_0_U1162   |mul_16s_8ns_24_1_0   |        0|   1|  0|   4|    0|
    |mul_16s_8ns_24_1_0_U1166   |mul_16s_8ns_24_1_0   |        0|   1|  0|   4|    0|
    |mul_16s_8ns_24_1_0_U1172   |mul_16s_8ns_24_1_0   |        0|   1|  0|   4|    0|
    |mul_16s_8ns_24_1_0_U1187   |mul_16s_8ns_24_1_0   |        0|   1|  0|   4|    0|
    |mul_16s_8ns_24_1_0_U1189   |mul_16s_8ns_24_1_0   |        0|   1|  0|   4|    0|
    |mul_16s_8ns_24_1_0_U1192   |mul_16s_8ns_24_1_0   |        0|   1|  0|   4|    0|
    |mul_16s_8ns_24_1_0_U1194   |mul_16s_8ns_24_1_0   |        0|   1|  0|   4|    0|
    |mul_16s_8ns_24_1_0_U1214   |mul_16s_8ns_24_1_0   |        0|   1|  0|   4|    0|
    |mul_16s_8ns_24_1_0_U1215   |mul_16s_8ns_24_1_0   |        0|   1|  0|   4|    0|
    |mul_16s_8ns_24_1_0_U1218   |mul_16s_8ns_24_1_0   |        0|   1|  0|   4|    0|
    |mul_16s_8ns_24_1_0_U1229   |mul_16s_8ns_24_1_0   |        0|   1|  0|   4|    0|
    |mul_16s_8ns_24_1_0_U1230   |mul_16s_8ns_24_1_0   |        0|   1|  0|   4|    0|
    |mul_16s_8ns_24_1_0_U1238   |mul_16s_8ns_24_1_0   |        0|   1|  0|   4|    0|
    |mul_16s_8ns_24_1_0_U1251   |mul_16s_8ns_24_1_0   |        0|   1|  0|   4|    0|
    |mul_16s_8ns_24_1_0_U1267   |mul_16s_8ns_24_1_0   |        0|   1|  0|   4|    0|
    |mul_16s_8ns_24_1_0_U1290   |mul_16s_8ns_24_1_0   |        0|   1|  0|   4|    0|
    |mul_16s_8ns_24_1_0_U1306   |mul_16s_8ns_24_1_0   |        0|   1|  0|   4|    0|
    |mul_16s_8ns_24_1_0_U1320   |mul_16s_8ns_24_1_0   |        0|   1|  0|   4|    0|
    |mul_16s_8ns_24_1_0_U1336   |mul_16s_8ns_24_1_0   |        0|   1|  0|   4|    0|
    |mul_16s_8ns_24_1_0_U1338   |mul_16s_8ns_24_1_0   |        0|   1|  0|   4|    0|
    |mul_16s_8ns_24_1_0_U1350   |mul_16s_8ns_24_1_0   |        0|   1|  0|   4|    0|
    |mul_16s_8ns_24_1_0_U1356   |mul_16s_8ns_24_1_0   |        0|   1|  0|   4|    0|
    |mul_16s_8ns_24_1_0_U1364   |mul_16s_8ns_24_1_0   |        0|   1|  0|   4|    0|
    |mul_16s_8ns_24_1_0_U1366   |mul_16s_8ns_24_1_0   |        0|   1|  0|   4|    0|
    |mul_16s_8ns_24_1_0_U1371   |mul_16s_8ns_24_1_0   |        0|   1|  0|   4|    0|
    |mul_16s_8ns_24_1_0_U1385   |mul_16s_8ns_24_1_0   |        0|   1|  0|   4|    0|
    |mul_16s_8ns_24_1_0_U1391   |mul_16s_8ns_24_1_0   |        0|   1|  0|   4|    0|
    |mul_16s_8ns_24_1_0_U1403   |mul_16s_8ns_24_1_0   |        0|   1|  0|   4|    0|
    |mul_16s_8ns_24_1_0_U1404   |mul_16s_8ns_24_1_0   |        0|   1|  0|   4|    0|
    |mul_16s_8ns_24_1_0_U1412   |mul_16s_8ns_24_1_0   |        0|   1|  0|   4|    0|
    |mul_16s_8ns_24_1_0_U1414   |mul_16s_8ns_24_1_0   |        0|   1|  0|   4|    0|
    |mul_16s_8ns_24_1_0_U1415   |mul_16s_8ns_24_1_0   |        0|   1|  0|   4|    0|
    |mul_16s_8ns_24_1_0_U1418   |mul_16s_8ns_24_1_0   |        0|   1|  0|   4|    0|
    |mul_16s_8ns_24_1_0_U1422   |mul_16s_8ns_24_1_0   |        0|   1|  0|   4|    0|
    |mul_16s_8ns_24_1_0_U1423   |mul_16s_8ns_24_1_0   |        0|   1|  0|   4|    0|
    |mul_16s_8ns_24_1_0_U1428   |mul_16s_8ns_24_1_0   |        0|   1|  0|   4|    0|
    |mul_16s_8ns_24_1_0_U1432   |mul_16s_8ns_24_1_0   |        0|   1|  0|   4|    0|
    |mul_16s_8ns_24_1_0_U1434   |mul_16s_8ns_24_1_0   |        0|   1|  0|   4|    0|
    |mul_16s_8ns_24_1_0_U1435   |mul_16s_8ns_24_1_0   |        0|   1|  0|   4|    0|
    |mul_16s_8ns_24_1_0_U1442   |mul_16s_8ns_24_1_0   |        0|   1|  0|   4|    0|
    |mul_16s_8ns_24_1_0_U1446   |mul_16s_8ns_24_1_0   |        0|   1|  0|   4|    0|
    |mul_16s_8ns_24_1_0_U1448   |mul_16s_8ns_24_1_0   |        0|   1|  0|   4|    0|
    |mul_16s_8ns_24_1_0_U1461   |mul_16s_8ns_24_1_0   |        0|   1|  0|   4|    0|
    |mul_16s_8ns_24_1_0_U1466   |mul_16s_8ns_24_1_0   |        0|   1|  0|   4|    0|
    |mul_16s_8ns_24_1_0_U1469   |mul_16s_8ns_24_1_0   |        0|   1|  0|   4|    0|
    |mul_16s_8ns_24_1_0_U1477   |mul_16s_8ns_24_1_0   |        0|   1|  0|   4|    0|
    |mul_16s_8ns_24_1_0_U1486   |mul_16s_8ns_24_1_0   |        0|   1|  0|   4|    0|
    |mul_16s_8ns_24_1_0_U1489   |mul_16s_8ns_24_1_0   |        0|   1|  0|   4|    0|
    |mul_16s_8ns_24_1_0_U1495   |mul_16s_8ns_24_1_0   |        0|   1|  0|   4|    0|
    |mul_16s_8ns_24_1_0_U1512   |mul_16s_8ns_24_1_0   |        0|   1|  0|   4|    0|
    |mul_16s_8ns_24_1_0_U1516   |mul_16s_8ns_24_1_0   |        0|   1|  0|   4|    0|
    |mul_16s_8ns_24_1_0_U1528   |mul_16s_8ns_24_1_0   |        0|   1|  0|   4|    0|
    |mul_16s_8ns_24_1_0_U1535   |mul_16s_8ns_24_1_0   |        0|   1|  0|   4|    0|
    |mul_16s_8ns_24_1_0_U1545   |mul_16s_8ns_24_1_0   |        0|   1|  0|   4|    0|
    |mul_16s_8ns_24_1_0_U1555   |mul_16s_8ns_24_1_0   |        0|   1|  0|   4|    0|
    |mul_16s_8ns_24_1_0_U1558   |mul_16s_8ns_24_1_0   |        0|   1|  0|   4|    0|
    |mul_16s_8ns_24_1_0_U1570   |mul_16s_8ns_24_1_0   |        0|   1|  0|   4|    0|
    |mul_16s_8ns_24_1_0_U1585   |mul_16s_8ns_24_1_0   |        0|   1|  0|   4|    0|
    |mul_16s_8ns_24_1_0_U1589   |mul_16s_8ns_24_1_0   |        0|   1|  0|   4|    0|
    |mul_16s_8ns_24_1_0_U1602   |mul_16s_8ns_24_1_0   |        0|   1|  0|   4|    0|
    |mul_16s_8ns_24_1_0_U1604   |mul_16s_8ns_24_1_0   |        0|   1|  0|   4|    0|
    |mul_16s_8ns_24_1_0_U1627   |mul_16s_8ns_24_1_0   |        0|   1|  0|   4|    0|
    |mul_16s_8ns_24_1_0_U1628   |mul_16s_8ns_24_1_0   |        0|   1|  0|   4|    0|
    |mul_16s_8ns_24_1_0_U1633   |mul_16s_8ns_24_1_0   |        0|   1|  0|   4|    0|
    |mul_16s_8ns_24_1_0_U1674   |mul_16s_8ns_24_1_0   |        0|   1|  0|   4|    0|
    |mul_16s_8ns_24_1_0_U1680   |mul_16s_8ns_24_1_0   |        0|   1|  0|   4|    0|
    |mul_16s_8ns_24_1_0_U1681   |mul_16s_8ns_24_1_0   |        0|   1|  0|   4|    0|
    |mul_16s_8ns_24_1_0_U1687   |mul_16s_8ns_24_1_0   |        0|   1|  0|   4|    0|
    |mul_16s_8ns_24_1_0_U1698   |mul_16s_8ns_24_1_0   |        0|   1|  0|   4|    0|
    |mul_16s_8ns_24_1_0_U1705   |mul_16s_8ns_24_1_0   |        0|   1|  0|   4|    0|
    |mul_16s_8ns_24_1_0_U1712   |mul_16s_8ns_24_1_0   |        0|   1|  0|   4|    0|
    |mul_16s_8ns_24_1_0_U1739   |mul_16s_8ns_24_1_0   |        0|   1|  0|   4|    0|
    |mul_16s_8ns_24_1_0_U1744   |mul_16s_8ns_24_1_0   |        0|   1|  0|   4|    0|
    |mul_16s_8ns_24_1_0_U1748   |mul_16s_8ns_24_1_0   |        0|   1|  0|   4|    0|
    |mul_16s_8ns_24_1_0_U1751   |mul_16s_8ns_24_1_0   |        0|   1|  0|   4|    0|
    |mul_16s_8ns_24_1_0_U1754   |mul_16s_8ns_24_1_0   |        0|   1|  0|   4|    0|
    |mul_16s_8ns_24_1_0_U1755   |mul_16s_8ns_24_1_0   |        0|   1|  0|   4|    0|
    |mul_16s_8ns_24_1_0_U1761   |mul_16s_8ns_24_1_0   |        0|   1|  0|   4|    0|
    |mul_16s_8ns_24_1_0_U1784   |mul_16s_8ns_24_1_0   |        0|   1|  0|   4|    0|
    |mul_16s_8ns_24_1_0_U1787   |mul_16s_8ns_24_1_0   |        0|   1|  0|   4|    0|
    |mul_16s_8ns_24_1_0_U1798   |mul_16s_8ns_24_1_0   |        0|   1|  0|   4|    0|
    |mul_16s_8ns_24_1_0_U1807   |mul_16s_8ns_24_1_0   |        0|   1|  0|   4|    0|
    |mul_16s_8ns_24_1_0_U1809   |mul_16s_8ns_24_1_0   |        0|   1|  0|   4|    0|
    |mul_16s_8ns_24_1_0_U1822   |mul_16s_8ns_24_1_0   |        0|   1|  0|   4|    0|
    |mul_16s_8ns_24_1_0_U1853   |mul_16s_8ns_24_1_0   |        0|   1|  0|   4|    0|
    |mul_16s_8ns_24_1_0_U1856   |mul_16s_8ns_24_1_0   |        0|   1|  0|   4|    0|
    |mul_16s_8ns_24_1_0_U1897   |mul_16s_8ns_24_1_0   |        0|   1|  0|   4|    0|
    |mul_16s_8ns_24_1_0_U1909   |mul_16s_8ns_24_1_0   |        0|   1|  0|   4|    0|
    |mul_16s_8ns_24_1_0_U1918   |mul_16s_8ns_24_1_0   |        0|   1|  0|   4|    0|
    |mul_16s_8ns_24_1_0_U1943   |mul_16s_8ns_24_1_0   |        0|   1|  0|   4|    0|
    |mul_16s_8ns_24_1_0_U1946   |mul_16s_8ns_24_1_0   |        0|   1|  0|   4|    0|
    |mul_16s_8ns_24_1_0_U1947   |mul_16s_8ns_24_1_0   |        0|   1|  0|   4|    0|
    |mul_16s_8ns_24_1_0_U1954   |mul_16s_8ns_24_1_0   |        0|   1|  0|   4|    0|
    |mul_16s_8ns_24_1_0_U1971   |mul_16s_8ns_24_1_0   |        0|   1|  0|   4|    0|
    |mul_16s_8ns_24_1_0_U1972   |mul_16s_8ns_24_1_0   |        0|   1|  0|   4|    0|
    |mul_16s_8ns_24_1_0_U1973   |mul_16s_8ns_24_1_0   |        0|   1|  0|   4|    0|
    |mul_16s_8ns_24_1_0_U1976   |mul_16s_8ns_24_1_0   |        0|   1|  0|   4|    0|
    |mul_16s_8ns_24_1_0_U1984   |mul_16s_8ns_24_1_0   |        0|   1|  0|   4|    0|
    |mul_16s_8ns_24_1_0_U1995   |mul_16s_8ns_24_1_0   |        0|   1|  0|   4|    0|
    |mul_16s_8ns_24_1_0_U2002   |mul_16s_8ns_24_1_0   |        0|   1|  0|   4|    0|
    |mul_16s_8ns_24_1_0_U2003   |mul_16s_8ns_24_1_0   |        0|   1|  0|   4|    0|
    |mul_16s_8ns_24_1_0_U2012   |mul_16s_8ns_24_1_0   |        0|   1|  0|   4|    0|
    |mul_16s_8ns_24_1_0_U2020   |mul_16s_8ns_24_1_0   |        0|   1|  0|   4|    0|
    |mul_16s_8ns_24_1_0_U2024   |mul_16s_8ns_24_1_0   |        0|   1|  0|   4|    0|
    |mul_16s_8ns_24_1_0_U2043   |mul_16s_8ns_24_1_0   |        0|   1|  0|   4|    0|
    |mul_16s_8ns_24_1_0_U2046   |mul_16s_8ns_24_1_0   |        0|   1|  0|   4|    0|
    |mul_16s_8ns_24_1_0_U2049   |mul_16s_8ns_24_1_0   |        0|   1|  0|   4|    0|
    |mul_16s_8ns_24_1_0_U2073   |mul_16s_8ns_24_1_0   |        0|   1|  0|   4|    0|
    |mul_16s_8ns_24_1_0_U2079   |mul_16s_8ns_24_1_0   |        0|   1|  0|   4|    0|
    |mul_16s_8s_23_1_0_U565     |mul_16s_8s_23_1_0    |        0|   1|  0|   4|    0|
    |mul_16s_8s_23_1_0_U1201    |mul_16s_8s_23_1_0    |        0|   1|  0|   4|    0|
    |mul_16s_8s_23_1_0_U1296    |mul_16s_8s_23_1_0    |        0|   1|  0|   4|    0|
    |mul_16s_8s_23_1_0_U1503    |mul_16s_8s_23_1_0    |        0|   1|  0|   4|    0|
    |mul_16s_8s_24_1_0_U454     |mul_16s_8s_24_1_0    |        0|   1|  0|   4|    0|
    |mul_16s_8s_24_1_0_U459     |mul_16s_8s_24_1_0    |        0|   1|  0|   4|    0|
    |mul_16s_8s_24_1_0_U470     |mul_16s_8s_24_1_0    |        0|   1|  0|   4|    0|
    |mul_16s_8s_24_1_0_U481     |mul_16s_8s_24_1_0    |        0|   1|  0|   4|    0|
    |mul_16s_8s_24_1_0_U486     |mul_16s_8s_24_1_0    |        0|   1|  0|   4|    0|
    |mul_16s_8s_24_1_0_U487     |mul_16s_8s_24_1_0    |        0|   1|  0|   4|    0|
    |mul_16s_8s_24_1_0_U499     |mul_16s_8s_24_1_0    |        0|   1|  0|   4|    0|
    |mul_16s_8s_24_1_0_U509     |mul_16s_8s_24_1_0    |        0|   1|  0|   4|    0|
    |mul_16s_8s_24_1_0_U519     |mul_16s_8s_24_1_0    |        0|   1|  0|   4|    0|
    |mul_16s_8s_24_1_0_U529     |mul_16s_8s_24_1_0    |        0|   1|  0|   4|    0|
    |mul_16s_8s_24_1_0_U532     |mul_16s_8s_24_1_0    |        0|   1|  0|   4|    0|
    |mul_16s_8s_24_1_0_U541     |mul_16s_8s_24_1_0    |        0|   1|  0|   4|    0|
    |mul_16s_8s_24_1_0_U548     |mul_16s_8s_24_1_0    |        0|   1|  0|   4|    0|
    |mul_16s_8s_24_1_0_U551     |mul_16s_8s_24_1_0    |        0|   1|  0|   4|    0|
    |mul_16s_8s_24_1_0_U569     |mul_16s_8s_24_1_0    |        0|   1|  0|   4|    0|
    |mul_16s_8s_24_1_0_U587     |mul_16s_8s_24_1_0    |        0|   1|  0|   4|    0|
    |mul_16s_8s_24_1_0_U596     |mul_16s_8s_24_1_0    |        0|   1|  0|   4|    0|
    |mul_16s_8s_24_1_0_U599     |mul_16s_8s_24_1_0    |        0|   1|  0|   4|    0|
    |mul_16s_8s_24_1_0_U630     |mul_16s_8s_24_1_0    |        0|   1|  0|   4|    0|
    |mul_16s_8s_24_1_0_U632     |mul_16s_8s_24_1_0    |        0|   1|  0|   4|    0|
    |mul_16s_8s_24_1_0_U636     |mul_16s_8s_24_1_0    |        0|   1|  0|   4|    0|
    |mul_16s_8s_24_1_0_U638     |mul_16s_8s_24_1_0    |        0|   1|  0|   4|    0|
    |mul_16s_8s_24_1_0_U650     |mul_16s_8s_24_1_0    |        0|   1|  0|   4|    0|
    |mul_16s_8s_24_1_0_U651     |mul_16s_8s_24_1_0    |        0|   1|  0|   4|    0|
    |mul_16s_8s_24_1_0_U656     |mul_16s_8s_24_1_0    |        0|   1|  0|   4|    0|
    |mul_16s_8s_24_1_0_U663     |mul_16s_8s_24_1_0    |        0|   1|  0|   4|    0|
    |mul_16s_8s_24_1_0_U676     |mul_16s_8s_24_1_0    |        0|   1|  0|   4|    0|
    |mul_16s_8s_24_1_0_U682     |mul_16s_8s_24_1_0    |        0|   1|  0|   4|    0|
    |mul_16s_8s_24_1_0_U685     |mul_16s_8s_24_1_0    |        0|   1|  0|   4|    0|
    |mul_16s_8s_24_1_0_U687     |mul_16s_8s_24_1_0    |        0|   1|  0|   4|    0|
    |mul_16s_8s_24_1_0_U695     |mul_16s_8s_24_1_0    |        0|   1|  0|   4|    0|
    |mul_16s_8s_24_1_0_U703     |mul_16s_8s_24_1_0    |        0|   1|  0|   4|    0|
    |mul_16s_8s_24_1_0_U709     |mul_16s_8s_24_1_0    |        0|   1|  0|   4|    0|
    |mul_16s_8s_24_1_0_U713     |mul_16s_8s_24_1_0    |        0|   1|  0|   4|    0|
    |mul_16s_8s_24_1_0_U724     |mul_16s_8s_24_1_0    |        0|   1|  0|   4|    0|
    |mul_16s_8s_24_1_0_U728     |mul_16s_8s_24_1_0    |        0|   1|  0|   4|    0|
    |mul_16s_8s_24_1_0_U733     |mul_16s_8s_24_1_0    |        0|   1|  0|   4|    0|
    |mul_16s_8s_24_1_0_U742     |mul_16s_8s_24_1_0    |        0|   1|  0|   4|    0|
    |mul_16s_8s_24_1_0_U746     |mul_16s_8s_24_1_0    |        0|   1|  0|   4|    0|
    |mul_16s_8s_24_1_0_U766     |mul_16s_8s_24_1_0    |        0|   1|  0|   4|    0|
    |mul_16s_8s_24_1_0_U776     |mul_16s_8s_24_1_0    |        0|   1|  0|   4|    0|
    |mul_16s_8s_24_1_0_U778     |mul_16s_8s_24_1_0    |        0|   1|  0|   4|    0|
    |mul_16s_8s_24_1_0_U785     |mul_16s_8s_24_1_0    |        0|   1|  0|   4|    0|
    |mul_16s_8s_24_1_0_U787     |mul_16s_8s_24_1_0    |        0|   1|  0|   4|    0|
    |mul_16s_8s_24_1_0_U789     |mul_16s_8s_24_1_0    |        0|   1|  0|   4|    0|
    |mul_16s_8s_24_1_0_U798     |mul_16s_8s_24_1_0    |        0|   1|  0|   4|    0|
    |mul_16s_8s_24_1_0_U801     |mul_16s_8s_24_1_0    |        0|   1|  0|   4|    0|
    |mul_16s_8s_24_1_0_U803     |mul_16s_8s_24_1_0    |        0|   1|  0|   4|    0|
    |mul_16s_8s_24_1_0_U804     |mul_16s_8s_24_1_0    |        0|   1|  0|   4|    0|
    |mul_16s_8s_24_1_0_U805     |mul_16s_8s_24_1_0    |        0|   1|  0|   4|    0|
    |mul_16s_8s_24_1_0_U822     |mul_16s_8s_24_1_0    |        0|   1|  0|   4|    0|
    |mul_16s_8s_24_1_0_U824     |mul_16s_8s_24_1_0    |        0|   1|  0|   4|    0|
    |mul_16s_8s_24_1_0_U832     |mul_16s_8s_24_1_0    |        0|   1|  0|   4|    0|
    |mul_16s_8s_24_1_0_U851     |mul_16s_8s_24_1_0    |        0|   1|  0|   4|    0|
    |mul_16s_8s_24_1_0_U869     |mul_16s_8s_24_1_0    |        0|   1|  0|   4|    0|
    |mul_16s_8s_24_1_0_U870     |mul_16s_8s_24_1_0    |        0|   1|  0|   4|    0|
    |mul_16s_8s_24_1_0_U874     |mul_16s_8s_24_1_0    |        0|   1|  0|   4|    0|
    |mul_16s_8s_24_1_0_U883     |mul_16s_8s_24_1_0    |        0|   1|  0|   4|    0|
    |mul_16s_8s_24_1_0_U884     |mul_16s_8s_24_1_0    |        0|   1|  0|   4|    0|
    |mul_16s_8s_24_1_0_U903     |mul_16s_8s_24_1_0    |        0|   1|  0|   4|    0|
    |mul_16s_8s_24_1_0_U911     |mul_16s_8s_24_1_0    |        0|   1|  0|   4|    0|
    |mul_16s_8s_24_1_0_U919     |mul_16s_8s_24_1_0    |        0|   1|  0|   4|    0|
    |mul_16s_8s_24_1_0_U926     |mul_16s_8s_24_1_0    |        0|   1|  0|   4|    0|
    |mul_16s_8s_24_1_0_U929     |mul_16s_8s_24_1_0    |        0|   1|  0|   4|    0|
    |mul_16s_8s_24_1_0_U935     |mul_16s_8s_24_1_0    |        0|   1|  0|   4|    0|
    |mul_16s_8s_24_1_0_U938     |mul_16s_8s_24_1_0    |        0|   1|  0|   4|    0|
    |mul_16s_8s_24_1_0_U947     |mul_16s_8s_24_1_0    |        0|   1|  0|   4|    0|
    |mul_16s_8s_24_1_0_U948     |mul_16s_8s_24_1_0    |        0|   1|  0|   4|    0|
    |mul_16s_8s_24_1_0_U949     |mul_16s_8s_24_1_0    |        0|   1|  0|   4|    0|
    |mul_16s_8s_24_1_0_U958     |mul_16s_8s_24_1_0    |        0|   1|  0|   4|    0|
    |mul_16s_8s_24_1_0_U962     |mul_16s_8s_24_1_0    |        0|   1|  0|   4|    0|
    |mul_16s_8s_24_1_0_U974     |mul_16s_8s_24_1_0    |        0|   1|  0|   4|    0|
    |mul_16s_8s_24_1_0_U977     |mul_16s_8s_24_1_0    |        0|   1|  0|   4|    0|
    |mul_16s_8s_24_1_0_U989     |mul_16s_8s_24_1_0    |        0|   1|  0|   4|    0|
    |mul_16s_8s_24_1_0_U990     |mul_16s_8s_24_1_0    |        0|   1|  0|   4|    0|
    |mul_16s_8s_24_1_0_U994     |mul_16s_8s_24_1_0    |        0|   1|  0|   4|    0|
    |mul_16s_8s_24_1_0_U997     |mul_16s_8s_24_1_0    |        0|   1|  0|   4|    0|
    |mul_16s_8s_24_1_0_U1006    |mul_16s_8s_24_1_0    |        0|   1|  0|   4|    0|
    |mul_16s_8s_24_1_0_U1010    |mul_16s_8s_24_1_0    |        0|   1|  0|   4|    0|
    |mul_16s_8s_24_1_0_U1015    |mul_16s_8s_24_1_0    |        0|   1|  0|   4|    0|
    |mul_16s_8s_24_1_0_U1016    |mul_16s_8s_24_1_0    |        0|   1|  0|   4|    0|
    |mul_16s_8s_24_1_0_U1025    |mul_16s_8s_24_1_0    |        0|   1|  0|   4|    0|
    |mul_16s_8s_24_1_0_U1027    |mul_16s_8s_24_1_0    |        0|   1|  0|   4|    0|
    |mul_16s_8s_24_1_0_U1054    |mul_16s_8s_24_1_0    |        0|   1|  0|   4|    0|
    |mul_16s_8s_24_1_0_U1060    |mul_16s_8s_24_1_0    |        0|   1|  0|   4|    0|
    |mul_16s_8s_24_1_0_U1061    |mul_16s_8s_24_1_0    |        0|   1|  0|   4|    0|
    |mul_16s_8s_24_1_0_U1066    |mul_16s_8s_24_1_0    |        0|   1|  0|   4|    0|
    |mul_16s_8s_24_1_0_U1070    |mul_16s_8s_24_1_0    |        0|   1|  0|   4|    0|
    |mul_16s_8s_24_1_0_U1075    |mul_16s_8s_24_1_0    |        0|   1|  0|   4|    0|
    |mul_16s_8s_24_1_0_U1083    |mul_16s_8s_24_1_0    |        0|   1|  0|   4|    0|
    |mul_16s_8s_24_1_0_U1091    |mul_16s_8s_24_1_0    |        0|   1|  0|   4|    0|
    |mul_16s_8s_24_1_0_U1092    |mul_16s_8s_24_1_0    |        0|   1|  0|   4|    0|
    |mul_16s_8s_24_1_0_U1096    |mul_16s_8s_24_1_0    |        0|   1|  0|   4|    0|
    |mul_16s_8s_24_1_0_U1104    |mul_16s_8s_24_1_0    |        0|   1|  0|   4|    0|
    |mul_16s_8s_24_1_0_U1112    |mul_16s_8s_24_1_0    |        0|   1|  0|   4|    0|
    |mul_16s_8s_24_1_0_U1126    |mul_16s_8s_24_1_0    |        0|   1|  0|   4|    0|
    |mul_16s_8s_24_1_0_U1139    |mul_16s_8s_24_1_0    |        0|   1|  0|   4|    0|
    |mul_16s_8s_24_1_0_U1154    |mul_16s_8s_24_1_0    |        0|   1|  0|   4|    0|
    |mul_16s_8s_24_1_0_U1158    |mul_16s_8s_24_1_0    |        0|   1|  0|   4|    0|
    |mul_16s_8s_24_1_0_U1160    |mul_16s_8s_24_1_0    |        0|   1|  0|   4|    0|
    |mul_16s_8s_24_1_0_U1167    |mul_16s_8s_24_1_0    |        0|   1|  0|   4|    0|
    |mul_16s_8s_24_1_0_U1175    |mul_16s_8s_24_1_0    |        0|   1|  0|   4|    0|
    |mul_16s_8s_24_1_0_U1176    |mul_16s_8s_24_1_0    |        0|   1|  0|   4|    0|
    |mul_16s_8s_24_1_0_U1184    |mul_16s_8s_24_1_0    |        0|   1|  0|   4|    0|
    |mul_16s_8s_24_1_0_U1193    |mul_16s_8s_24_1_0    |        0|   1|  0|   4|    0|
    |mul_16s_8s_24_1_0_U1196    |mul_16s_8s_24_1_0    |        0|   1|  0|   4|    0|
    |mul_16s_8s_24_1_0_U1202    |mul_16s_8s_24_1_0    |        0|   1|  0|   4|    0|
    |mul_16s_8s_24_1_0_U1207    |mul_16s_8s_24_1_0    |        0|   1|  0|   4|    0|
    |mul_16s_8s_24_1_0_U1217    |mul_16s_8s_24_1_0    |        0|   1|  0|   4|    0|
    |mul_16s_8s_24_1_0_U1219    |mul_16s_8s_24_1_0    |        0|   1|  0|   4|    0|
    |mul_16s_8s_24_1_0_U1236    |mul_16s_8s_24_1_0    |        0|   1|  0|   4|    0|
    |mul_16s_8s_24_1_0_U1240    |mul_16s_8s_24_1_0    |        0|   1|  0|   4|    0|
    |mul_16s_8s_24_1_0_U1244    |mul_16s_8s_24_1_0    |        0|   1|  0|   4|    0|
    |mul_16s_8s_24_1_0_U1260    |mul_16s_8s_24_1_0    |        0|   1|  0|   4|    0|
    |mul_16s_8s_24_1_0_U1265    |mul_16s_8s_24_1_0    |        0|   1|  0|   4|    0|
    |mul_16s_8s_24_1_0_U1273    |mul_16s_8s_24_1_0    |        0|   1|  0|   4|    0|
    |mul_16s_8s_24_1_0_U1279    |mul_16s_8s_24_1_0    |        0|   1|  0|   4|    0|
    |mul_16s_8s_24_1_0_U1285    |mul_16s_8s_24_1_0    |        0|   1|  0|   4|    0|
    |mul_16s_8s_24_1_0_U1291    |mul_16s_8s_24_1_0    |        0|   1|  0|   4|    0|
    |mul_16s_8s_24_1_0_U1293    |mul_16s_8s_24_1_0    |        0|   1|  0|   4|    0|
    |mul_16s_8s_24_1_0_U1303    |mul_16s_8s_24_1_0    |        0|   1|  0|   4|    0|
    |mul_16s_8s_24_1_0_U1307    |mul_16s_8s_24_1_0    |        0|   1|  0|   4|    0|
    |mul_16s_8s_24_1_0_U1308    |mul_16s_8s_24_1_0    |        0|   1|  0|   4|    0|
    |mul_16s_8s_24_1_0_U1314    |mul_16s_8s_24_1_0    |        0|   1|  0|   4|    0|
    |mul_16s_8s_24_1_0_U1315    |mul_16s_8s_24_1_0    |        0|   1|  0|   4|    0|
    |mul_16s_8s_24_1_0_U1316    |mul_16s_8s_24_1_0    |        0|   1|  0|   4|    0|
    |mul_16s_8s_24_1_0_U1318    |mul_16s_8s_24_1_0    |        0|   1|  0|   4|    0|
    |mul_16s_8s_24_1_0_U1319    |mul_16s_8s_24_1_0    |        0|   1|  0|   4|    0|
    |mul_16s_8s_24_1_0_U1323    |mul_16s_8s_24_1_0    |        0|   1|  0|   4|    0|
    |mul_16s_8s_24_1_0_U1329    |mul_16s_8s_24_1_0    |        0|   1|  0|   4|    0|
    |mul_16s_8s_24_1_0_U1339    |mul_16s_8s_24_1_0    |        0|   1|  0|   4|    0|
    |mul_16s_8s_24_1_0_U1349    |mul_16s_8s_24_1_0    |        0|   1|  0|   4|    0|
    |mul_16s_8s_24_1_0_U1351    |mul_16s_8s_24_1_0    |        0|   1|  0|   4|    0|
    |mul_16s_8s_24_1_0_U1358    |mul_16s_8s_24_1_0    |        0|   1|  0|   4|    0|
    |mul_16s_8s_24_1_0_U1367    |mul_16s_8s_24_1_0    |        0|   1|  0|   4|    0|
    |mul_16s_8s_24_1_0_U1373    |mul_16s_8s_24_1_0    |        0|   1|  0|   4|    0|
    |mul_16s_8s_24_1_0_U1379    |mul_16s_8s_24_1_0    |        0|   1|  0|   4|    0|
    |mul_16s_8s_24_1_0_U1388    |mul_16s_8s_24_1_0    |        0|   1|  0|   4|    0|
    |mul_16s_8s_24_1_0_U1395    |mul_16s_8s_24_1_0    |        0|   1|  0|   4|    0|
    |mul_16s_8s_24_1_0_U1405    |mul_16s_8s_24_1_0    |        0|   1|  0|   4|    0|
    |mul_16s_8s_24_1_0_U1429    |mul_16s_8s_24_1_0    |        0|   1|  0|   4|    0|
    |mul_16s_8s_24_1_0_U1463    |mul_16s_8s_24_1_0    |        0|   1|  0|   4|    0|
    |mul_16s_8s_24_1_0_U1465    |mul_16s_8s_24_1_0    |        0|   1|  0|   4|    0|
    |mul_16s_8s_24_1_0_U1473    |mul_16s_8s_24_1_0    |        0|   1|  0|   4|    0|
    |mul_16s_8s_24_1_0_U1481    |mul_16s_8s_24_1_0    |        0|   1|  0|   4|    0|
    |mul_16s_8s_24_1_0_U1496    |mul_16s_8s_24_1_0    |        0|   1|  0|   4|    0|
    |mul_16s_8s_24_1_0_U1498    |mul_16s_8s_24_1_0    |        0|   1|  0|   4|    0|
    |mul_16s_8s_24_1_0_U1501    |mul_16s_8s_24_1_0    |        0|   1|  0|   4|    0|
    |mul_16s_8s_24_1_0_U1506    |mul_16s_8s_24_1_0    |        0|   1|  0|   4|    0|
    |mul_16s_8s_24_1_0_U1522    |mul_16s_8s_24_1_0    |        0|   1|  0|   4|    0|
    |mul_16s_8s_24_1_0_U1524    |mul_16s_8s_24_1_0    |        0|   1|  0|   4|    0|
    |mul_16s_8s_24_1_0_U1525    |mul_16s_8s_24_1_0    |        0|   1|  0|   4|    0|
    |mul_16s_8s_24_1_0_U1533    |mul_16s_8s_24_1_0    |        0|   1|  0|   4|    0|
    |mul_16s_8s_24_1_0_U1541    |mul_16s_8s_24_1_0    |        0|   1|  0|   4|    0|
    |mul_16s_8s_24_1_0_U1542    |mul_16s_8s_24_1_0    |        0|   1|  0|   4|    0|
    |mul_16s_8s_24_1_0_U1543    |mul_16s_8s_24_1_0    |        0|   1|  0|   4|    0|
    |mul_16s_8s_24_1_0_U1549    |mul_16s_8s_24_1_0    |        0|   1|  0|   4|    0|
    |mul_16s_8s_24_1_0_U1550    |mul_16s_8s_24_1_0    |        0|   1|  0|   4|    0|
    |mul_16s_8s_24_1_0_U1563    |mul_16s_8s_24_1_0    |        0|   1|  0|   4|    0|
    |mul_16s_8s_24_1_0_U1567    |mul_16s_8s_24_1_0    |        0|   1|  0|   4|    0|
    |mul_16s_8s_24_1_0_U1568    |mul_16s_8s_24_1_0    |        0|   1|  0|   4|    0|
    |mul_16s_8s_24_1_0_U1569    |mul_16s_8s_24_1_0    |        0|   1|  0|   4|    0|
    |mul_16s_8s_24_1_0_U1586    |mul_16s_8s_24_1_0    |        0|   1|  0|   4|    0|
    |mul_16s_8s_24_1_0_U1595    |mul_16s_8s_24_1_0    |        0|   1|  0|   4|    0|
    |mul_16s_8s_24_1_0_U1599    |mul_16s_8s_24_1_0    |        0|   1|  0|   4|    0|
    |mul_16s_8s_24_1_0_U1609    |mul_16s_8s_24_1_0    |        0|   1|  0|   4|    0|
    |mul_16s_8s_24_1_0_U1626    |mul_16s_8s_24_1_0    |        0|   1|  0|   4|    0|
    |mul_16s_8s_24_1_0_U1649    |mul_16s_8s_24_1_0    |        0|   1|  0|   4|    0|
    |mul_16s_8s_24_1_0_U1653    |mul_16s_8s_24_1_0    |        0|   1|  0|   4|    0|
    |mul_16s_8s_24_1_0_U1654    |mul_16s_8s_24_1_0    |        0|   1|  0|   4|    0|
    |mul_16s_8s_24_1_0_U1663    |mul_16s_8s_24_1_0    |        0|   1|  0|   4|    0|
    |mul_16s_8s_24_1_0_U1666    |mul_16s_8s_24_1_0    |        0|   1|  0|   4|    0|
    |mul_16s_8s_24_1_0_U1668    |mul_16s_8s_24_1_0    |        0|   1|  0|   4|    0|
    |mul_16s_8s_24_1_0_U1699    |mul_16s_8s_24_1_0    |        0|   1|  0|   4|    0|
    |mul_16s_8s_24_1_0_U1700    |mul_16s_8s_24_1_0    |        0|   1|  0|   4|    0|
    |mul_16s_8s_24_1_0_U1708    |mul_16s_8s_24_1_0    |        0|   1|  0|   4|    0|
    |mul_16s_8s_24_1_0_U1715    |mul_16s_8s_24_1_0    |        0|   1|  0|   4|    0|
    |mul_16s_8s_24_1_0_U1717    |mul_16s_8s_24_1_0    |        0|   1|  0|   4|    0|
    |mul_16s_8s_24_1_0_U1718    |mul_16s_8s_24_1_0    |        0|   1|  0|   4|    0|
    |mul_16s_8s_24_1_0_U1720    |mul_16s_8s_24_1_0    |        0|   1|  0|   4|    0|
    |mul_16s_8s_24_1_0_U1729    |mul_16s_8s_24_1_0    |        0|   1|  0|   4|    0|
    |mul_16s_8s_24_1_0_U1745    |mul_16s_8s_24_1_0    |        0|   1|  0|   4|    0|
    |mul_16s_8s_24_1_0_U1747    |mul_16s_8s_24_1_0    |        0|   1|  0|   4|    0|
    |mul_16s_8s_24_1_0_U1758    |mul_16s_8s_24_1_0    |        0|   1|  0|   4|    0|
    |mul_16s_8s_24_1_0_U1760    |mul_16s_8s_24_1_0    |        0|   1|  0|   4|    0|
    |mul_16s_8s_24_1_0_U1765    |mul_16s_8s_24_1_0    |        0|   1|  0|   4|    0|
    |mul_16s_8s_24_1_0_U1774    |mul_16s_8s_24_1_0    |        0|   1|  0|   4|    0|
    |mul_16s_8s_24_1_0_U1779    |mul_16s_8s_24_1_0    |        0|   1|  0|   4|    0|
    |mul_16s_8s_24_1_0_U1781    |mul_16s_8s_24_1_0    |        0|   1|  0|   4|    0|
    |mul_16s_8s_24_1_0_U1788    |mul_16s_8s_24_1_0    |        0|   1|  0|   4|    0|
    |mul_16s_8s_24_1_0_U1791    |mul_16s_8s_24_1_0    |        0|   1|  0|   4|    0|
    |mul_16s_8s_24_1_0_U1793    |mul_16s_8s_24_1_0    |        0|   1|  0|   4|    0|
    |mul_16s_8s_24_1_0_U1794    |mul_16s_8s_24_1_0    |        0|   1|  0|   4|    0|
    |mul_16s_8s_24_1_0_U1817    |mul_16s_8s_24_1_0    |        0|   1|  0|   4|    0|
    |mul_16s_8s_24_1_0_U1820    |mul_16s_8s_24_1_0    |        0|   1|  0|   4|    0|
    |mul_16s_8s_24_1_0_U1831    |mul_16s_8s_24_1_0    |        0|   1|  0|   4|    0|
    |mul_16s_8s_24_1_0_U1834    |mul_16s_8s_24_1_0    |        0|   1|  0|   4|    0|
    |mul_16s_8s_24_1_0_U1845    |mul_16s_8s_24_1_0    |        0|   1|  0|   4|    0|
    |mul_16s_8s_24_1_0_U1851    |mul_16s_8s_24_1_0    |        0|   1|  0|   4|    0|
    |mul_16s_8s_24_1_0_U1855    |mul_16s_8s_24_1_0    |        0|   1|  0|   4|    0|
    |mul_16s_8s_24_1_0_U1861    |mul_16s_8s_24_1_0    |        0|   1|  0|   4|    0|
    |mul_16s_8s_24_1_0_U1862    |mul_16s_8s_24_1_0    |        0|   1|  0|   4|    0|
    |mul_16s_8s_24_1_0_U1869    |mul_16s_8s_24_1_0    |        0|   1|  0|   4|    0|
    |mul_16s_8s_24_1_0_U1880    |mul_16s_8s_24_1_0    |        0|   1|  0|   4|    0|
    |mul_16s_8s_24_1_0_U1902    |mul_16s_8s_24_1_0    |        0|   1|  0|   4|    0|
    |mul_16s_8s_24_1_0_U1903    |mul_16s_8s_24_1_0    |        0|   1|  0|   4|    0|
    |mul_16s_8s_24_1_0_U1907    |mul_16s_8s_24_1_0    |        0|   1|  0|   4|    0|
    |mul_16s_8s_24_1_0_U1922    |mul_16s_8s_24_1_0    |        0|   1|  0|   4|    0|
    |mul_16s_8s_24_1_0_U1940    |mul_16s_8s_24_1_0    |        0|   1|  0|   4|    0|
    |mul_16s_8s_24_1_0_U1952    |mul_16s_8s_24_1_0    |        0|   1|  0|   4|    0|
    |mul_16s_8s_24_1_0_U1955    |mul_16s_8s_24_1_0    |        0|   1|  0|   4|    0|
    |mul_16s_8s_24_1_0_U1956    |mul_16s_8s_24_1_0    |        0|   1|  0|   4|    0|
    |mul_16s_8s_24_1_0_U1957    |mul_16s_8s_24_1_0    |        0|   1|  0|   4|    0|
    |mul_16s_8s_24_1_0_U1958    |mul_16s_8s_24_1_0    |        0|   1|  0|   4|    0|
    |mul_16s_8s_24_1_0_U1961    |mul_16s_8s_24_1_0    |        0|   1|  0|   4|    0|
    |mul_16s_8s_24_1_0_U1963    |mul_16s_8s_24_1_0    |        0|   1|  0|   4|    0|
    |mul_16s_8s_24_1_0_U1978    |mul_16s_8s_24_1_0    |        0|   1|  0|   4|    0|
    |mul_16s_8s_24_1_0_U1987    |mul_16s_8s_24_1_0    |        0|   1|  0|   4|    0|
    |mul_16s_8s_24_1_0_U1988    |mul_16s_8s_24_1_0    |        0|   1|  0|   4|    0|
    |mul_16s_8s_24_1_0_U1990    |mul_16s_8s_24_1_0    |        0|   1|  0|   4|    0|
    |mul_16s_8s_24_1_0_U1992    |mul_16s_8s_24_1_0    |        0|   1|  0|   4|    0|
    |mul_16s_8s_24_1_0_U2004    |mul_16s_8s_24_1_0    |        0|   1|  0|   4|    0|
    |mul_16s_8s_24_1_0_U2022    |mul_16s_8s_24_1_0    |        0|   1|  0|   4|    0|
    |mul_16s_8s_24_1_0_U2027    |mul_16s_8s_24_1_0    |        0|   1|  0|   4|    0|
    |mul_16s_8s_24_1_0_U2038    |mul_16s_8s_24_1_0    |        0|   1|  0|   4|    0|
    |mul_16s_8s_24_1_0_U2065    |mul_16s_8s_24_1_0    |        0|   1|  0|   4|    0|
    |mul_16s_8s_24_1_0_U2066    |mul_16s_8s_24_1_0    |        0|   1|  0|   4|    0|
    |mul_16s_8s_24_1_0_U2067    |mul_16s_8s_24_1_0    |        0|   1|  0|   4|    0|
    |mul_16s_8s_24_1_0_U2069    |mul_16s_8s_24_1_0    |        0|   1|  0|   4|    0|
    |mul_16s_8s_24_1_0_U2075    |mul_16s_8s_24_1_0    |        0|   1|  0|   4|    0|
    |mul_16s_8s_24_1_0_U2082    |mul_16s_8s_24_1_0    |        0|   1|  0|   4|    0|
    |mul_16s_8s_24_1_0_U2083    |mul_16s_8s_24_1_0    |        0|   1|  0|   4|    0|
    |mul_16s_8s_24_1_0_U2086    |mul_16s_8s_24_1_0    |        0|   1|  0|   4|    0|
    |mul_16s_8s_24_1_0_U2090    |mul_16s_8s_24_1_0    |        0|   1|  0|   4|    0|
    |mul_16s_8s_24_1_0_U2117    |mul_16s_8s_24_1_0    |        0|   1|  0|   4|    0|
    |mul_16s_9ns_24_1_0_U1085   |mul_16s_9ns_24_1_0   |        0|   1|  0|   4|    0|
    |mul_16s_9ns_24_1_0_U1245   |mul_16s_9ns_24_1_0   |        0|   1|  0|   4|    0|
    |mul_16s_9ns_24_1_0_U1891   |mul_16s_9ns_24_1_0   |        0|   1|  0|   4|    0|
    |mul_16s_9ns_25_1_0_U451    |mul_16s_9ns_25_1_0   |        0|   1|  0|   4|    0|
    |mul_16s_9ns_25_1_0_U462    |mul_16s_9ns_25_1_0   |        0|   1|  0|   4|    0|
    |mul_16s_9ns_25_1_0_U471    |mul_16s_9ns_25_1_0   |        0|   1|  0|   4|    0|
    |mul_16s_9ns_25_1_0_U477    |mul_16s_9ns_25_1_0   |        0|   1|  0|   4|    0|
    |mul_16s_9ns_25_1_0_U478    |mul_16s_9ns_25_1_0   |        0|   1|  0|   4|    0|
    |mul_16s_9ns_25_1_0_U488    |mul_16s_9ns_25_1_0   |        0|   1|  0|   4|    0|
    |mul_16s_9ns_25_1_0_U495    |mul_16s_9ns_25_1_0   |        0|   1|  0|   4|    0|
    |mul_16s_9ns_25_1_0_U496    |mul_16s_9ns_25_1_0   |        0|   1|  0|   4|    0|
    |mul_16s_9ns_25_1_0_U497    |mul_16s_9ns_25_1_0   |        0|   1|  0|   4|    0|
    |mul_16s_9ns_25_1_0_U503    |mul_16s_9ns_25_1_0   |        0|   1|  0|   4|    0|
    |mul_16s_9ns_25_1_0_U504    |mul_16s_9ns_25_1_0   |        0|   1|  0|   4|    0|
    |mul_16s_9ns_25_1_0_U505    |mul_16s_9ns_25_1_0   |        0|   1|  0|   4|    0|
    |mul_16s_9ns_25_1_0_U506    |mul_16s_9ns_25_1_0   |        0|   1|  0|   4|    0|
    |mul_16s_9ns_25_1_0_U507    |mul_16s_9ns_25_1_0   |        0|   1|  0|   4|    0|
    |mul_16s_9ns_25_1_0_U510    |mul_16s_9ns_25_1_0   |        0|   1|  0|   4|    0|
    |mul_16s_9ns_25_1_0_U511    |mul_16s_9ns_25_1_0   |        0|   1|  0|   4|    0|
    |mul_16s_9ns_25_1_0_U514    |mul_16s_9ns_25_1_0   |        0|   1|  0|   4|    0|
    |mul_16s_9ns_25_1_0_U518    |mul_16s_9ns_25_1_0   |        0|   1|  0|   4|    0|
    |mul_16s_9ns_25_1_0_U522    |mul_16s_9ns_25_1_0   |        0|   1|  0|   4|    0|
    |mul_16s_9ns_25_1_0_U533    |mul_16s_9ns_25_1_0   |        0|   1|  0|   4|    0|
    |mul_16s_9ns_25_1_0_U550    |mul_16s_9ns_25_1_0   |        0|   1|  0|   4|    0|
    |mul_16s_9ns_25_1_0_U552    |mul_16s_9ns_25_1_0   |        0|   1|  0|   4|    0|
    |mul_16s_9ns_25_1_0_U554    |mul_16s_9ns_25_1_0   |        0|   1|  0|   4|    0|
    |mul_16s_9ns_25_1_0_U562    |mul_16s_9ns_25_1_0   |        0|   1|  0|   4|    0|
    |mul_16s_9ns_25_1_0_U563    |mul_16s_9ns_25_1_0   |        0|   1|  0|   4|    0|
    |mul_16s_9ns_25_1_0_U567    |mul_16s_9ns_25_1_0   |        0|   1|  0|   4|    0|
    |mul_16s_9ns_25_1_0_U570    |mul_16s_9ns_25_1_0   |        0|   1|  0|   4|    0|
    |mul_16s_9ns_25_1_0_U577    |mul_16s_9ns_25_1_0   |        0|   1|  0|   4|    0|
    |mul_16s_9ns_25_1_0_U584    |mul_16s_9ns_25_1_0   |        0|   1|  0|   4|    0|
    |mul_16s_9ns_25_1_0_U612    |mul_16s_9ns_25_1_0   |        0|   1|  0|   4|    0|
    |mul_16s_9ns_25_1_0_U622    |mul_16s_9ns_25_1_0   |        0|   1|  0|   4|    0|
    |mul_16s_9ns_25_1_0_U624    |mul_16s_9ns_25_1_0   |        0|   1|  0|   4|    0|
    |mul_16s_9ns_25_1_0_U631    |mul_16s_9ns_25_1_0   |        0|   1|  0|   4|    0|
    |mul_16s_9ns_25_1_0_U633    |mul_16s_9ns_25_1_0   |        0|   1|  0|   4|    0|
    |mul_16s_9ns_25_1_0_U634    |mul_16s_9ns_25_1_0   |        0|   1|  0|   4|    0|
    |mul_16s_9ns_25_1_0_U640    |mul_16s_9ns_25_1_0   |        0|   1|  0|   4|    0|
    |mul_16s_9ns_25_1_0_U647    |mul_16s_9ns_25_1_0   |        0|   1|  0|   4|    0|
    |mul_16s_9ns_25_1_0_U649    |mul_16s_9ns_25_1_0   |        0|   1|  0|   4|    0|
    |mul_16s_9ns_25_1_0_U652    |mul_16s_9ns_25_1_0   |        0|   1|  0|   4|    0|
    |mul_16s_9ns_25_1_0_U660    |mul_16s_9ns_25_1_0   |        0|   1|  0|   4|    0|
    |mul_16s_9ns_25_1_0_U679    |mul_16s_9ns_25_1_0   |        0|   1|  0|   4|    0|
    |mul_16s_9ns_25_1_0_U688    |mul_16s_9ns_25_1_0   |        0|   1|  0|   4|    0|
    |mul_16s_9ns_25_1_0_U691    |mul_16s_9ns_25_1_0   |        0|   1|  0|   4|    0|
    |mul_16s_9ns_25_1_0_U697    |mul_16s_9ns_25_1_0   |        0|   1|  0|   4|    0|
    |mul_16s_9ns_25_1_0_U698    |mul_16s_9ns_25_1_0   |        0|   1|  0|   4|    0|
    |mul_16s_9ns_25_1_0_U704    |mul_16s_9ns_25_1_0   |        0|   1|  0|   4|    0|
    |mul_16s_9ns_25_1_0_U705    |mul_16s_9ns_25_1_0   |        0|   1|  0|   4|    0|
    |mul_16s_9ns_25_1_0_U706    |mul_16s_9ns_25_1_0   |        0|   1|  0|   4|    0|
    |mul_16s_9ns_25_1_0_U711    |mul_16s_9ns_25_1_0   |        0|   1|  0|   4|    0|
    |mul_16s_9ns_25_1_0_U718    |mul_16s_9ns_25_1_0   |        0|   1|  0|   4|    0|
    |mul_16s_9ns_25_1_0_U720    |mul_16s_9ns_25_1_0   |        0|   1|  0|   4|    0|
    |mul_16s_9ns_25_1_0_U729    |mul_16s_9ns_25_1_0   |        0|   1|  0|   4|    0|
    |mul_16s_9ns_25_1_0_U730    |mul_16s_9ns_25_1_0   |        0|   1|  0|   4|    0|
    |mul_16s_9ns_25_1_0_U731    |mul_16s_9ns_25_1_0   |        0|   1|  0|   4|    0|
    |mul_16s_9ns_25_1_0_U732    |mul_16s_9ns_25_1_0   |        0|   1|  0|   4|    0|
    |mul_16s_9ns_25_1_0_U736    |mul_16s_9ns_25_1_0   |        0|   1|  0|   4|    0|
    |mul_16s_9ns_25_1_0_U744    |mul_16s_9ns_25_1_0   |        0|   1|  0|   4|    0|
    |mul_16s_9ns_25_1_0_U747    |mul_16s_9ns_25_1_0   |        0|   1|  0|   4|    0|
    |mul_16s_9ns_25_1_0_U750    |mul_16s_9ns_25_1_0   |        0|   1|  0|   4|    0|
    |mul_16s_9ns_25_1_0_U751    |mul_16s_9ns_25_1_0   |        0|   1|  0|   4|    0|
    |mul_16s_9ns_25_1_0_U753    |mul_16s_9ns_25_1_0   |        0|   1|  0|   4|    0|
    |mul_16s_9ns_25_1_0_U758    |mul_16s_9ns_25_1_0   |        0|   1|  0|   4|    0|
    |mul_16s_9ns_25_1_0_U767    |mul_16s_9ns_25_1_0   |        0|   1|  0|   4|    0|
    |mul_16s_9ns_25_1_0_U770    |mul_16s_9ns_25_1_0   |        0|   1|  0|   4|    0|
    |mul_16s_9ns_25_1_0_U802    |mul_16s_9ns_25_1_0   |        0|   1|  0|   4|    0|
    |mul_16s_9ns_25_1_0_U807    |mul_16s_9ns_25_1_0   |        0|   1|  0|   4|    0|
    |mul_16s_9ns_25_1_0_U808    |mul_16s_9ns_25_1_0   |        0|   1|  0|   4|    0|
    |mul_16s_9ns_25_1_0_U809    |mul_16s_9ns_25_1_0   |        0|   1|  0|   4|    0|
    |mul_16s_9ns_25_1_0_U813    |mul_16s_9ns_25_1_0   |        0|   1|  0|   4|    0|
    |mul_16s_9ns_25_1_0_U826    |mul_16s_9ns_25_1_0   |        0|   1|  0|   4|    0|
    |mul_16s_9ns_25_1_0_U830    |mul_16s_9ns_25_1_0   |        0|   1|  0|   4|    0|
    |mul_16s_9ns_25_1_0_U835    |mul_16s_9ns_25_1_0   |        0|   1|  0|   4|    0|
    |mul_16s_9ns_25_1_0_U836    |mul_16s_9ns_25_1_0   |        0|   1|  0|   4|    0|
    |mul_16s_9ns_25_1_0_U840    |mul_16s_9ns_25_1_0   |        0|   1|  0|   4|    0|
    |mul_16s_9ns_25_1_0_U844    |mul_16s_9ns_25_1_0   |        0|   1|  0|   4|    0|
    |mul_16s_9ns_25_1_0_U847    |mul_16s_9ns_25_1_0   |        0|   1|  0|   4|    0|
    |mul_16s_9ns_25_1_0_U850    |mul_16s_9ns_25_1_0   |        0|   1|  0|   4|    0|
    |mul_16s_9ns_25_1_0_U856    |mul_16s_9ns_25_1_0   |        0|   1|  0|   4|    0|
    |mul_16s_9ns_25_1_0_U861    |mul_16s_9ns_25_1_0   |        0|   1|  0|   4|    0|
    |mul_16s_9ns_25_1_0_U865    |mul_16s_9ns_25_1_0   |        0|   1|  0|   4|    0|
    |mul_16s_9ns_25_1_0_U867    |mul_16s_9ns_25_1_0   |        0|   1|  0|   4|    0|
    |mul_16s_9ns_25_1_0_U871    |mul_16s_9ns_25_1_0   |        0|   1|  0|   4|    0|
    |mul_16s_9ns_25_1_0_U873    |mul_16s_9ns_25_1_0   |        0|   1|  0|   4|    0|
    |mul_16s_9ns_25_1_0_U877    |mul_16s_9ns_25_1_0   |        0|   1|  0|   4|    0|
    |mul_16s_9ns_25_1_0_U878    |mul_16s_9ns_25_1_0   |        0|   1|  0|   4|    0|
    |mul_16s_9ns_25_1_0_U888    |mul_16s_9ns_25_1_0   |        0|   1|  0|   4|    0|
    |mul_16s_9ns_25_1_0_U892    |mul_16s_9ns_25_1_0   |        0|   1|  0|   4|    0|
    |mul_16s_9ns_25_1_0_U894    |mul_16s_9ns_25_1_0   |        0|   1|  0|   4|    0|
    |mul_16s_9ns_25_1_0_U902    |mul_16s_9ns_25_1_0   |        0|   1|  0|   4|    0|
    |mul_16s_9ns_25_1_0_U916    |mul_16s_9ns_25_1_0   |        0|   1|  0|   4|    0|
    |mul_16s_9ns_25_1_0_U922    |mul_16s_9ns_25_1_0   |        0|   1|  0|   4|    0|
    |mul_16s_9ns_25_1_0_U927    |mul_16s_9ns_25_1_0   |        0|   1|  0|   4|    0|
    |mul_16s_9ns_25_1_0_U944    |mul_16s_9ns_25_1_0   |        0|   1|  0|   4|    0|
    |mul_16s_9ns_25_1_0_U945    |mul_16s_9ns_25_1_0   |        0|   1|  0|   4|    0|
    |mul_16s_9ns_25_1_0_U956    |mul_16s_9ns_25_1_0   |        0|   1|  0|   4|    0|
    |mul_16s_9ns_25_1_0_U963    |mul_16s_9ns_25_1_0   |        0|   1|  0|   4|    0|
    |mul_16s_9ns_25_1_0_U967    |mul_16s_9ns_25_1_0   |        0|   1|  0|   4|    0|
    |mul_16s_9ns_25_1_0_U969    |mul_16s_9ns_25_1_0   |        0|   1|  0|   4|    0|
    |mul_16s_9ns_25_1_0_U971    |mul_16s_9ns_25_1_0   |        0|   1|  0|   4|    0|
    |mul_16s_9ns_25_1_0_U983    |mul_16s_9ns_25_1_0   |        0|   1|  0|   4|    0|
    |mul_16s_9ns_25_1_0_U987    |mul_16s_9ns_25_1_0   |        0|   1|  0|   4|    0|
    |mul_16s_9ns_25_1_0_U992    |mul_16s_9ns_25_1_0   |        0|   1|  0|   4|    0|
    |mul_16s_9ns_25_1_0_U1003   |mul_16s_9ns_25_1_0   |        0|   1|  0|   4|    0|
    |mul_16s_9ns_25_1_0_U1008   |mul_16s_9ns_25_1_0   |        0|   1|  0|   4|    0|
    |mul_16s_9ns_25_1_0_U1012   |mul_16s_9ns_25_1_0   |        0|   1|  0|   4|    0|
    |mul_16s_9ns_25_1_0_U1022   |mul_16s_9ns_25_1_0   |        0|   1|  0|   4|    0|
    |mul_16s_9ns_25_1_0_U1024   |mul_16s_9ns_25_1_0   |        0|   1|  0|   4|    0|
    |mul_16s_9ns_25_1_0_U1035   |mul_16s_9ns_25_1_0   |        0|   1|  0|   4|    0|
    |mul_16s_9ns_25_1_0_U1037   |mul_16s_9ns_25_1_0   |        0|   1|  0|   4|    0|
    |mul_16s_9ns_25_1_0_U1038   |mul_16s_9ns_25_1_0   |        0|   1|  0|   4|    0|
    |mul_16s_9ns_25_1_0_U1040   |mul_16s_9ns_25_1_0   |        0|   1|  0|   4|    0|
    |mul_16s_9ns_25_1_0_U1042   |mul_16s_9ns_25_1_0   |        0|   1|  0|   4|    0|
    |mul_16s_9ns_25_1_0_U1045   |mul_16s_9ns_25_1_0   |        0|   1|  0|   4|    0|
    |mul_16s_9ns_25_1_0_U1046   |mul_16s_9ns_25_1_0   |        0|   1|  0|   4|    0|
    |mul_16s_9ns_25_1_0_U1053   |mul_16s_9ns_25_1_0   |        0|   1|  0|   4|    0|
    |mul_16s_9ns_25_1_0_U1057   |mul_16s_9ns_25_1_0   |        0|   1|  0|   4|    0|
    |mul_16s_9ns_25_1_0_U1071   |mul_16s_9ns_25_1_0   |        0|   1|  0|   4|    0|
    |mul_16s_9ns_25_1_0_U1082   |mul_16s_9ns_25_1_0   |        0|   1|  0|   4|    0|
    |mul_16s_9ns_25_1_0_U1086   |mul_16s_9ns_25_1_0   |        0|   1|  0|   4|    0|
    |mul_16s_9ns_25_1_0_U1108   |mul_16s_9ns_25_1_0   |        0|   1|  0|   4|    0|
    |mul_16s_9ns_25_1_0_U1127   |mul_16s_9ns_25_1_0   |        0|   1|  0|   4|    0|
    |mul_16s_9ns_25_1_0_U1138   |mul_16s_9ns_25_1_0   |        0|   1|  0|   4|    0|
    |mul_16s_9ns_25_1_0_U1146   |mul_16s_9ns_25_1_0   |        0|   1|  0|   4|    0|
    |mul_16s_9ns_25_1_0_U1147   |mul_16s_9ns_25_1_0   |        0|   1|  0|   4|    0|
    |mul_16s_9ns_25_1_0_U1148   |mul_16s_9ns_25_1_0   |        0|   1|  0|   4|    0|
    |mul_16s_9ns_25_1_0_U1150   |mul_16s_9ns_25_1_0   |        0|   1|  0|   4|    0|
    |mul_16s_9ns_25_1_0_U1153   |mul_16s_9ns_25_1_0   |        0|   1|  0|   4|    0|
    |mul_16s_9ns_25_1_0_U1155   |mul_16s_9ns_25_1_0   |        0|   1|  0|   4|    0|
    |mul_16s_9ns_25_1_0_U1168   |mul_16s_9ns_25_1_0   |        0|   1|  0|   4|    0|
    |mul_16s_9ns_25_1_0_U1180   |mul_16s_9ns_25_1_0   |        0|   1|  0|   4|    0|
    |mul_16s_9ns_25_1_0_U1181   |mul_16s_9ns_25_1_0   |        0|   1|  0|   4|    0|
    |mul_16s_9ns_25_1_0_U1186   |mul_16s_9ns_25_1_0   |        0|   1|  0|   4|    0|
    |mul_16s_9ns_25_1_0_U1197   |mul_16s_9ns_25_1_0   |        0|   1|  0|   4|    0|
    |mul_16s_9ns_25_1_0_U1199   |mul_16s_9ns_25_1_0   |        0|   1|  0|   4|    0|
    |mul_16s_9ns_25_1_0_U1203   |mul_16s_9ns_25_1_0   |        0|   1|  0|   4|    0|
    |mul_16s_9ns_25_1_0_U1209   |mul_16s_9ns_25_1_0   |        0|   1|  0|   4|    0|
    |mul_16s_9ns_25_1_0_U1210   |mul_16s_9ns_25_1_0   |        0|   1|  0|   4|    0|
    |mul_16s_9ns_25_1_0_U1220   |mul_16s_9ns_25_1_0   |        0|   1|  0|   4|    0|
    |mul_16s_9ns_25_1_0_U1222   |mul_16s_9ns_25_1_0   |        0|   1|  0|   4|    0|
    |mul_16s_9ns_25_1_0_U1224   |mul_16s_9ns_25_1_0   |        0|   1|  0|   4|    0|
    |mul_16s_9ns_25_1_0_U1227   |mul_16s_9ns_25_1_0   |        0|   1|  0|   4|    0|
    |mul_16s_9ns_25_1_0_U1239   |mul_16s_9ns_25_1_0   |        0|   1|  0|   4|    0|
    |mul_16s_9ns_25_1_0_U1243   |mul_16s_9ns_25_1_0   |        0|   1|  0|   4|    0|
    |mul_16s_9ns_25_1_0_U1247   |mul_16s_9ns_25_1_0   |        0|   1|  0|   4|    0|
    |mul_16s_9ns_25_1_0_U1258   |mul_16s_9ns_25_1_0   |        0|   1|  0|   4|    0|
    |mul_16s_9ns_25_1_0_U1261   |mul_16s_9ns_25_1_0   |        0|   1|  0|   4|    0|
    |mul_16s_9ns_25_1_0_U1268   |mul_16s_9ns_25_1_0   |        0|   1|  0|   4|    0|
    |mul_16s_9ns_25_1_0_U1269   |mul_16s_9ns_25_1_0   |        0|   1|  0|   4|    0|
    |mul_16s_9ns_25_1_0_U1270   |mul_16s_9ns_25_1_0   |        0|   1|  0|   4|    0|
    |mul_16s_9ns_25_1_0_U1287   |mul_16s_9ns_25_1_0   |        0|   1|  0|   4|    0|
    |mul_16s_9ns_25_1_0_U1288   |mul_16s_9ns_25_1_0   |        0|   1|  0|   4|    0|
    |mul_16s_9ns_25_1_0_U1292   |mul_16s_9ns_25_1_0   |        0|   1|  0|   4|    0|
    |mul_16s_9ns_25_1_0_U1294   |mul_16s_9ns_25_1_0   |        0|   1|  0|   4|    0|
    |mul_16s_9ns_25_1_0_U1297   |mul_16s_9ns_25_1_0   |        0|   1|  0|   4|    0|
    |mul_16s_9ns_25_1_0_U1310   |mul_16s_9ns_25_1_0   |        0|   1|  0|   4|    0|
    |mul_16s_9ns_25_1_0_U1313   |mul_16s_9ns_25_1_0   |        0|   1|  0|   4|    0|
    |mul_16s_9ns_25_1_0_U1324   |mul_16s_9ns_25_1_0   |        0|   1|  0|   4|    0|
    |mul_16s_9ns_25_1_0_U1325   |mul_16s_9ns_25_1_0   |        0|   1|  0|   4|    0|
    |mul_16s_9ns_25_1_0_U1333   |mul_16s_9ns_25_1_0   |        0|   1|  0|   4|    0|
    |mul_16s_9ns_25_1_0_U1343   |mul_16s_9ns_25_1_0   |        0|   1|  0|   4|    0|
    |mul_16s_9ns_25_1_0_U1348   |mul_16s_9ns_25_1_0   |        0|   1|  0|   4|    0|
    |mul_16s_9ns_25_1_0_U1352   |mul_16s_9ns_25_1_0   |        0|   1|  0|   4|    0|
    |mul_16s_9ns_25_1_0_U1357   |mul_16s_9ns_25_1_0   |        0|   1|  0|   4|    0|
    |mul_16s_9ns_25_1_0_U1360   |mul_16s_9ns_25_1_0   |        0|   1|  0|   4|    0|
    |mul_16s_9ns_25_1_0_U1369   |mul_16s_9ns_25_1_0   |        0|   1|  0|   4|    0|
    |mul_16s_9ns_25_1_0_U1372   |mul_16s_9ns_25_1_0   |        0|   1|  0|   4|    0|
    |mul_16s_9ns_25_1_0_U1377   |mul_16s_9ns_25_1_0   |        0|   1|  0|   4|    0|
    |mul_16s_9ns_25_1_0_U1383   |mul_16s_9ns_25_1_0   |        0|   1|  0|   4|    0|
    |mul_16s_9ns_25_1_0_U1384   |mul_16s_9ns_25_1_0   |        0|   1|  0|   4|    0|
    |mul_16s_9ns_25_1_0_U1390   |mul_16s_9ns_25_1_0   |        0|   1|  0|   4|    0|
    |mul_16s_9ns_25_1_0_U1394   |mul_16s_9ns_25_1_0   |        0|   1|  0|   4|    0|
    |mul_16s_9ns_25_1_0_U1402   |mul_16s_9ns_25_1_0   |        0|   1|  0|   4|    0|
    |mul_16s_9ns_25_1_0_U1411   |mul_16s_9ns_25_1_0   |        0|   1|  0|   4|    0|
    |mul_16s_9ns_25_1_0_U1417   |mul_16s_9ns_25_1_0   |        0|   1|  0|   4|    0|
    |mul_16s_9ns_25_1_0_U1419   |mul_16s_9ns_25_1_0   |        0|   1|  0|   4|    0|
    |mul_16s_9ns_25_1_0_U1420   |mul_16s_9ns_25_1_0   |        0|   1|  0|   4|    0|
    |mul_16s_9ns_25_1_0_U1425   |mul_16s_9ns_25_1_0   |        0|   1|  0|   4|    0|
    |mul_16s_9ns_25_1_0_U1427   |mul_16s_9ns_25_1_0   |        0|   1|  0|   4|    0|
    |mul_16s_9ns_25_1_0_U1443   |mul_16s_9ns_25_1_0   |        0|   1|  0|   4|    0|
    |mul_16s_9ns_25_1_0_U1449   |mul_16s_9ns_25_1_0   |        0|   1|  0|   4|    0|
    |mul_16s_9ns_25_1_0_U1452   |mul_16s_9ns_25_1_0   |        0|   1|  0|   4|    0|
    |mul_16s_9ns_25_1_0_U1457   |mul_16s_9ns_25_1_0   |        0|   1|  0|   4|    0|
    |mul_16s_9ns_25_1_0_U1471   |mul_16s_9ns_25_1_0   |        0|   1|  0|   4|    0|
    |mul_16s_9ns_25_1_0_U1484   |mul_16s_9ns_25_1_0   |        0|   1|  0|   4|    0|
    |mul_16s_9ns_25_1_0_U1485   |mul_16s_9ns_25_1_0   |        0|   1|  0|   4|    0|
    |mul_16s_9ns_25_1_0_U1490   |mul_16s_9ns_25_1_0   |        0|   1|  0|   4|    0|
    |mul_16s_9ns_25_1_0_U1494   |mul_16s_9ns_25_1_0   |        0|   1|  0|   4|    0|
    |mul_16s_9ns_25_1_0_U1502   |mul_16s_9ns_25_1_0   |        0|   1|  0|   4|    0|
    |mul_16s_9ns_25_1_0_U1513   |mul_16s_9ns_25_1_0   |        0|   1|  0|   4|    0|
    |mul_16s_9ns_25_1_0_U1520   |mul_16s_9ns_25_1_0   |        0|   1|  0|   4|    0|
    |mul_16s_9ns_25_1_0_U1521   |mul_16s_9ns_25_1_0   |        0|   1|  0|   4|    0|
    |mul_16s_9ns_25_1_0_U1526   |mul_16s_9ns_25_1_0   |        0|   1|  0|   4|    0|
    |mul_16s_9ns_25_1_0_U1529   |mul_16s_9ns_25_1_0   |        0|   1|  0|   4|    0|
    |mul_16s_9ns_25_1_0_U1532   |mul_16s_9ns_25_1_0   |        0|   1|  0|   4|    0|
    |mul_16s_9ns_25_1_0_U1544   |mul_16s_9ns_25_1_0   |        0|   1|  0|   4|    0|
    |mul_16s_9ns_25_1_0_U1551   |mul_16s_9ns_25_1_0   |        0|   1|  0|   4|    0|
    |mul_16s_9ns_25_1_0_U1554   |mul_16s_9ns_25_1_0   |        0|   1|  0|   4|    0|
    |mul_16s_9ns_25_1_0_U1564   |mul_16s_9ns_25_1_0   |        0|   1|  0|   4|    0|
    |mul_16s_9ns_25_1_0_U1572   |mul_16s_9ns_25_1_0   |        0|   1|  0|   4|    0|
    |mul_16s_9ns_25_1_0_U1574   |mul_16s_9ns_25_1_0   |        0|   1|  0|   4|    0|
    |mul_16s_9ns_25_1_0_U1575   |mul_16s_9ns_25_1_0   |        0|   1|  0|   4|    0|
    |mul_16s_9ns_25_1_0_U1578   |mul_16s_9ns_25_1_0   |        0|   1|  0|   4|    0|
    |mul_16s_9ns_25_1_0_U1583   |mul_16s_9ns_25_1_0   |        0|   1|  0|   4|    0|
    |mul_16s_9ns_25_1_0_U1601   |mul_16s_9ns_25_1_0   |        0|   1|  0|   4|    0|
    |mul_16s_9ns_25_1_0_U1607   |mul_16s_9ns_25_1_0   |        0|   1|  0|   4|    0|
    |mul_16s_9ns_25_1_0_U1617   |mul_16s_9ns_25_1_0   |        0|   1|  0|   4|    0|
    |mul_16s_9ns_25_1_0_U1621   |mul_16s_9ns_25_1_0   |        0|   1|  0|   4|    0|
    |mul_16s_9ns_25_1_0_U1636   |mul_16s_9ns_25_1_0   |        0|   1|  0|   4|    0|
    |mul_16s_9ns_25_1_0_U1637   |mul_16s_9ns_25_1_0   |        0|   1|  0|   4|    0|
    |mul_16s_9ns_25_1_0_U1640   |mul_16s_9ns_25_1_0   |        0|   1|  0|   4|    0|
    |mul_16s_9ns_25_1_0_U1642   |mul_16s_9ns_25_1_0   |        0|   1|  0|   4|    0|
    |mul_16s_9ns_25_1_0_U1650   |mul_16s_9ns_25_1_0   |        0|   1|  0|   4|    0|
    |mul_16s_9ns_25_1_0_U1656   |mul_16s_9ns_25_1_0   |        0|   1|  0|   4|    0|
    |mul_16s_9ns_25_1_0_U1659   |mul_16s_9ns_25_1_0   |        0|   1|  0|   4|    0|
    |mul_16s_9ns_25_1_0_U1672   |mul_16s_9ns_25_1_0   |        0|   1|  0|   4|    0|
    |mul_16s_9ns_25_1_0_U1685   |mul_16s_9ns_25_1_0   |        0|   1|  0|   4|    0|
    |mul_16s_9ns_25_1_0_U1690   |mul_16s_9ns_25_1_0   |        0|   1|  0|   4|    0|
    |mul_16s_9ns_25_1_0_U1703   |mul_16s_9ns_25_1_0   |        0|   1|  0|   4|    0|
    |mul_16s_9ns_25_1_0_U1714   |mul_16s_9ns_25_1_0   |        0|   1|  0|   4|    0|
    |mul_16s_9ns_25_1_0_U1721   |mul_16s_9ns_25_1_0   |        0|   1|  0|   4|    0|
    |mul_16s_9ns_25_1_0_U1734   |mul_16s_9ns_25_1_0   |        0|   1|  0|   4|    0|
    |mul_16s_9ns_25_1_0_U1737   |mul_16s_9ns_25_1_0   |        0|   1|  0|   4|    0|
    |mul_16s_9ns_25_1_0_U1741   |mul_16s_9ns_25_1_0   |        0|   1|  0|   4|    0|
    |mul_16s_9ns_25_1_0_U1742   |mul_16s_9ns_25_1_0   |        0|   1|  0|   4|    0|
    |mul_16s_9ns_25_1_0_U1743   |mul_16s_9ns_25_1_0   |        0|   1|  0|   4|    0|
    |mul_16s_9ns_25_1_0_U1749   |mul_16s_9ns_25_1_0   |        0|   1|  0|   4|    0|
    |mul_16s_9ns_25_1_0_U1750   |mul_16s_9ns_25_1_0   |        0|   1|  0|   4|    0|
    |mul_16s_9ns_25_1_0_U1752   |mul_16s_9ns_25_1_0   |        0|   1|  0|   4|    0|
    |mul_16s_9ns_25_1_0_U1756   |mul_16s_9ns_25_1_0   |        0|   1|  0|   4|    0|
    |mul_16s_9ns_25_1_0_U1766   |mul_16s_9ns_25_1_0   |        0|   1|  0|   4|    0|
    |mul_16s_9ns_25_1_0_U1770   |mul_16s_9ns_25_1_0   |        0|   1|  0|   4|    0|
    |mul_16s_9ns_25_1_0_U1771   |mul_16s_9ns_25_1_0   |        0|   1|  0|   4|    0|
    |mul_16s_9ns_25_1_0_U1777   |mul_16s_9ns_25_1_0   |        0|   1|  0|   4|    0|
    |mul_16s_9ns_25_1_0_U1786   |mul_16s_9ns_25_1_0   |        0|   1|  0|   4|    0|
    |mul_16s_9ns_25_1_0_U1800   |mul_16s_9ns_25_1_0   |        0|   1|  0|   4|    0|
    |mul_16s_9ns_25_1_0_U1805   |mul_16s_9ns_25_1_0   |        0|   1|  0|   4|    0|
    |mul_16s_9ns_25_1_0_U1811   |mul_16s_9ns_25_1_0   |        0|   1|  0|   4|    0|
    |mul_16s_9ns_25_1_0_U1812   |mul_16s_9ns_25_1_0   |        0|   1|  0|   4|    0|
    |mul_16s_9ns_25_1_0_U1813   |mul_16s_9ns_25_1_0   |        0|   1|  0|   4|    0|
    |mul_16s_9ns_25_1_0_U1814   |mul_16s_9ns_25_1_0   |        0|   1|  0|   4|    0|
    |mul_16s_9ns_25_1_0_U1816   |mul_16s_9ns_25_1_0   |        0|   1|  0|   4|    0|
    |mul_16s_9ns_25_1_0_U1818   |mul_16s_9ns_25_1_0   |        0|   1|  0|   4|    0|
    |mul_16s_9ns_25_1_0_U1821   |mul_16s_9ns_25_1_0   |        0|   1|  0|   4|    0|
    |mul_16s_9ns_25_1_0_U1824   |mul_16s_9ns_25_1_0   |        0|   1|  0|   4|    0|
    |mul_16s_9ns_25_1_0_U1825   |mul_16s_9ns_25_1_0   |        0|   1|  0|   4|    0|
    |mul_16s_9ns_25_1_0_U1835   |mul_16s_9ns_25_1_0   |        0|   1|  0|   4|    0|
    |mul_16s_9ns_25_1_0_U1837   |mul_16s_9ns_25_1_0   |        0|   1|  0|   4|    0|
    |mul_16s_9ns_25_1_0_U1843   |mul_16s_9ns_25_1_0   |        0|   1|  0|   4|    0|
    |mul_16s_9ns_25_1_0_U1847   |mul_16s_9ns_25_1_0   |        0|   1|  0|   4|    0|
    |mul_16s_9ns_25_1_0_U1849   |mul_16s_9ns_25_1_0   |        0|   1|  0|   4|    0|
    |mul_16s_9ns_25_1_0_U1850   |mul_16s_9ns_25_1_0   |        0|   1|  0|   4|    0|
    |mul_16s_9ns_25_1_0_U1854   |mul_16s_9ns_25_1_0   |        0|   1|  0|   4|    0|
    |mul_16s_9ns_25_1_0_U1873   |mul_16s_9ns_25_1_0   |        0|   1|  0|   4|    0|
    |mul_16s_9ns_25_1_0_U1878   |mul_16s_9ns_25_1_0   |        0|   1|  0|   4|    0|
    |mul_16s_9ns_25_1_0_U1879   |mul_16s_9ns_25_1_0   |        0|   1|  0|   4|    0|
    |mul_16s_9ns_25_1_0_U1884   |mul_16s_9ns_25_1_0   |        0|   1|  0|   4|    0|
    |mul_16s_9ns_25_1_0_U1885   |mul_16s_9ns_25_1_0   |        0|   1|  0|   4|    0|
    |mul_16s_9ns_25_1_0_U1890   |mul_16s_9ns_25_1_0   |        0|   1|  0|   4|    0|
    |mul_16s_9ns_25_1_0_U1892   |mul_16s_9ns_25_1_0   |        0|   1|  0|   4|    0|
    |mul_16s_9ns_25_1_0_U1893   |mul_16s_9ns_25_1_0   |        0|   1|  0|   4|    0|
    |mul_16s_9ns_25_1_0_U1905   |mul_16s_9ns_25_1_0   |        0|   1|  0|   4|    0|
    |mul_16s_9ns_25_1_0_U1913   |mul_16s_9ns_25_1_0   |        0|   1|  0|   4|    0|
    |mul_16s_9ns_25_1_0_U1920   |mul_16s_9ns_25_1_0   |        0|   1|  0|   4|    0|
    |mul_16s_9ns_25_1_0_U1921   |mul_16s_9ns_25_1_0   |        0|   1|  0|   4|    0|
    |mul_16s_9ns_25_1_0_U1923   |mul_16s_9ns_25_1_0   |        0|   1|  0|   4|    0|
    |mul_16s_9ns_25_1_0_U1925   |mul_16s_9ns_25_1_0   |        0|   1|  0|   4|    0|
    |mul_16s_9ns_25_1_0_U1928   |mul_16s_9ns_25_1_0   |        0|   1|  0|   4|    0|
    |mul_16s_9ns_25_1_0_U1934   |mul_16s_9ns_25_1_0   |        0|   1|  0|   4|    0|
    |mul_16s_9ns_25_1_0_U1937   |mul_16s_9ns_25_1_0   |        0|   1|  0|   4|    0|
    |mul_16s_9ns_25_1_0_U1945   |mul_16s_9ns_25_1_0   |        0|   1|  0|   4|    0|
    |mul_16s_9ns_25_1_0_U1965   |mul_16s_9ns_25_1_0   |        0|   1|  0|   4|    0|
    |mul_16s_9ns_25_1_0_U1966   |mul_16s_9ns_25_1_0   |        0|   1|  0|   4|    0|
    |mul_16s_9ns_25_1_0_U1968   |mul_16s_9ns_25_1_0   |        0|   1|  0|   4|    0|
    |mul_16s_9ns_25_1_0_U1979   |mul_16s_9ns_25_1_0   |        0|   1|  0|   4|    0|
    |mul_16s_9ns_25_1_0_U1982   |mul_16s_9ns_25_1_0   |        0|   1|  0|   4|    0|
    |mul_16s_9ns_25_1_0_U1983   |mul_16s_9ns_25_1_0   |        0|   1|  0|   4|    0|
    |mul_16s_9ns_25_1_0_U1986   |mul_16s_9ns_25_1_0   |        0|   1|  0|   4|    0|
    |mul_16s_9ns_25_1_0_U1998   |mul_16s_9ns_25_1_0   |        0|   1|  0|   4|    0|
    |mul_16s_9ns_25_1_0_U2005   |mul_16s_9ns_25_1_0   |        0|   1|  0|   4|    0|
    |mul_16s_9ns_25_1_0_U2006   |mul_16s_9ns_25_1_0   |        0|   1|  0|   4|    0|
    |mul_16s_9ns_25_1_0_U2008   |mul_16s_9ns_25_1_0   |        0|   1|  0|   4|    0|
    |mul_16s_9ns_25_1_0_U2030   |mul_16s_9ns_25_1_0   |        0|   1|  0|   4|    0|
    |mul_16s_9ns_25_1_0_U2036   |mul_16s_9ns_25_1_0   |        0|   1|  0|   4|    0|
    |mul_16s_9ns_25_1_0_U2045   |mul_16s_9ns_25_1_0   |        0|   1|  0|   4|    0|
    |mul_16s_9ns_25_1_0_U2048   |mul_16s_9ns_25_1_0   |        0|   1|  0|   4|    0|
    |mul_16s_9ns_25_1_0_U2070   |mul_16s_9ns_25_1_0   |        0|   1|  0|   4|    0|
    |mul_16s_9ns_25_1_0_U2072   |mul_16s_9ns_25_1_0   |        0|   1|  0|   4|    0|
    |mul_16s_9ns_25_1_0_U2078   |mul_16s_9ns_25_1_0   |        0|   1|  0|   4|    0|
    |mul_16s_9ns_25_1_0_U2081   |mul_16s_9ns_25_1_0   |        0|   1|  0|   4|    0|
    |mul_16s_9ns_25_1_0_U2085   |mul_16s_9ns_25_1_0   |        0|   1|  0|   4|    0|
    |mul_16s_9ns_25_1_0_U2091   |mul_16s_9ns_25_1_0   |        0|   1|  0|   4|    0|
    |mul_16s_9ns_25_1_0_U2097   |mul_16s_9ns_25_1_0   |        0|   1|  0|   4|    0|
    |mul_16s_9ns_25_1_0_U2099   |mul_16s_9ns_25_1_0   |        0|   1|  0|   4|    0|
    |mul_16s_9ns_25_1_0_U2101   |mul_16s_9ns_25_1_0   |        0|   1|  0|   4|    0|
    |mul_16s_9s_24_1_0_U723     |mul_16s_9s_24_1_0    |        0|   1|  0|   4|    0|
    |mul_16s_9s_24_1_0_U735     |mul_16s_9s_24_1_0    |        0|   1|  0|   4|    0|
    |mul_16s_9s_24_1_0_U834     |mul_16s_9s_24_1_0    |        0|   1|  0|   4|    0|
    |mul_16s_9s_24_1_0_U1093    |mul_16s_9s_24_1_0    |        0|   1|  0|   4|    0|
    |mul_16s_9s_24_1_0_U1120    |mul_16s_9s_24_1_0    |        0|   1|  0|   4|    0|
    |mul_16s_9s_24_1_0_U1406    |mul_16s_9s_24_1_0    |        0|   1|  0|   4|    0|
    |mul_16s_9s_24_1_0_U1497    |mul_16s_9s_24_1_0    |        0|   1|  0|   4|    0|
    |mul_16s_9s_24_1_0_U1552    |mul_16s_9s_24_1_0    |        0|   1|  0|   4|    0|
    |mul_16s_9s_24_1_0_U1759    |mul_16s_9s_24_1_0    |        0|   1|  0|   4|    0|
    |mul_16s_9s_24_1_0_U1916    |mul_16s_9s_24_1_0    |        0|   1|  0|   4|    0|
    |mul_16s_9s_24_1_0_U2000    |mul_16s_9s_24_1_0    |        0|   1|  0|   4|    0|
    |mul_16s_9s_24_1_0_U2107    |mul_16s_9s_24_1_0    |        0|   1|  0|   4|    0|
    |mul_16s_9s_25_1_0_U448     |mul_16s_9s_25_1_0    |        0|   1|  0|   4|    0|
    |mul_16s_9s_25_1_0_U452     |mul_16s_9s_25_1_0    |        0|   1|  0|   4|    0|
    |mul_16s_9s_25_1_0_U456     |mul_16s_9s_25_1_0    |        0|   1|  0|   4|    0|
    |mul_16s_9s_25_1_0_U460     |mul_16s_9s_25_1_0    |        0|   1|  0|   4|    0|
    |mul_16s_9s_25_1_0_U473     |mul_16s_9s_25_1_0    |        0|   1|  0|   4|    0|
    |mul_16s_9s_25_1_0_U491     |mul_16s_9s_25_1_0    |        0|   1|  0|   4|    0|
    |mul_16s_9s_25_1_0_U493     |mul_16s_9s_25_1_0    |        0|   1|  0|   4|    0|
    |mul_16s_9s_25_1_0_U494     |mul_16s_9s_25_1_0    |        0|   1|  0|   4|    0|
    |mul_16s_9s_25_1_0_U517     |mul_16s_9s_25_1_0    |        0|   1|  0|   4|    0|
    |mul_16s_9s_25_1_0_U520     |mul_16s_9s_25_1_0    |        0|   1|  0|   4|    0|
    |mul_16s_9s_25_1_0_U523     |mul_16s_9s_25_1_0    |        0|   1|  0|   4|    0|
    |mul_16s_9s_25_1_0_U525     |mul_16s_9s_25_1_0    |        0|   1|  0|   4|    0|
    |mul_16s_9s_25_1_0_U526     |mul_16s_9s_25_1_0    |        0|   1|  0|   4|    0|
    |mul_16s_9s_25_1_0_U528     |mul_16s_9s_25_1_0    |        0|   1|  0|   4|    0|
    |mul_16s_9s_25_1_0_U539     |mul_16s_9s_25_1_0    |        0|   1|  0|   4|    0|
    |mul_16s_9s_25_1_0_U545     |mul_16s_9s_25_1_0    |        0|   1|  0|   4|    0|
    |mul_16s_9s_25_1_0_U555     |mul_16s_9s_25_1_0    |        0|   1|  0|   4|    0|
    |mul_16s_9s_25_1_0_U559     |mul_16s_9s_25_1_0    |        0|   1|  0|   4|    0|
    |mul_16s_9s_25_1_0_U561     |mul_16s_9s_25_1_0    |        0|   1|  0|   4|    0|
    |mul_16s_9s_25_1_0_U571     |mul_16s_9s_25_1_0    |        0|   1|  0|   4|    0|
    |mul_16s_9s_25_1_0_U574     |mul_16s_9s_25_1_0    |        0|   1|  0|   4|    0|
    |mul_16s_9s_25_1_0_U575     |mul_16s_9s_25_1_0    |        0|   1|  0|   4|    0|
    |mul_16s_9s_25_1_0_U580     |mul_16s_9s_25_1_0    |        0|   1|  0|   4|    0|
    |mul_16s_9s_25_1_0_U581     |mul_16s_9s_25_1_0    |        0|   1|  0|   4|    0|
    |mul_16s_9s_25_1_0_U583     |mul_16s_9s_25_1_0    |        0|   1|  0|   4|    0|
    |mul_16s_9s_25_1_0_U585     |mul_16s_9s_25_1_0    |        0|   1|  0|   4|    0|
    |mul_16s_9s_25_1_0_U589     |mul_16s_9s_25_1_0    |        0|   1|  0|   4|    0|
    |mul_16s_9s_25_1_0_U590     |mul_16s_9s_25_1_0    |        0|   1|  0|   4|    0|
    |mul_16s_9s_25_1_0_U595     |mul_16s_9s_25_1_0    |        0|   1|  0|   4|    0|
    |mul_16s_9s_25_1_0_U598     |mul_16s_9s_25_1_0    |        0|   1|  0|   4|    0|
    |mul_16s_9s_25_1_0_U600     |mul_16s_9s_25_1_0    |        0|   1|  0|   4|    0|
    |mul_16s_9s_25_1_0_U601     |mul_16s_9s_25_1_0    |        0|   1|  0|   4|    0|
    |mul_16s_9s_25_1_0_U604     |mul_16s_9s_25_1_0    |        0|   1|  0|   4|    0|
    |mul_16s_9s_25_1_0_U618     |mul_16s_9s_25_1_0    |        0|   1|  0|   4|    0|
    |mul_16s_9s_25_1_0_U643     |mul_16s_9s_25_1_0    |        0|   1|  0|   4|    0|
    |mul_16s_9s_25_1_0_U653     |mul_16s_9s_25_1_0    |        0|   1|  0|   4|    0|
    |mul_16s_9s_25_1_0_U658     |mul_16s_9s_25_1_0    |        0|   1|  0|   4|    0|
    |mul_16s_9s_25_1_0_U662     |mul_16s_9s_25_1_0    |        0|   1|  0|   4|    0|
    |mul_16s_9s_25_1_0_U668     |mul_16s_9s_25_1_0    |        0|   1|  0|   4|    0|
    |mul_16s_9s_25_1_0_U672     |mul_16s_9s_25_1_0    |        0|   1|  0|   4|    0|
    |mul_16s_9s_25_1_0_U684     |mul_16s_9s_25_1_0    |        0|   1|  0|   4|    0|
    |mul_16s_9s_25_1_0_U690     |mul_16s_9s_25_1_0    |        0|   1|  0|   4|    0|
    |mul_16s_9s_25_1_0_U694     |mul_16s_9s_25_1_0    |        0|   1|  0|   4|    0|
    |mul_16s_9s_25_1_0_U702     |mul_16s_9s_25_1_0    |        0|   1|  0|   4|    0|
    |mul_16s_9s_25_1_0_U707     |mul_16s_9s_25_1_0    |        0|   1|  0|   4|    0|
    |mul_16s_9s_25_1_0_U710     |mul_16s_9s_25_1_0    |        0|   1|  0|   4|    0|
    |mul_16s_9s_25_1_0_U712     |mul_16s_9s_25_1_0    |        0|   1|  0|   4|    0|
    |mul_16s_9s_25_1_0_U717     |mul_16s_9s_25_1_0    |        0|   1|  0|   4|    0|
    |mul_16s_9s_25_1_0_U739     |mul_16s_9s_25_1_0    |        0|   1|  0|   4|    0|
    |mul_16s_9s_25_1_0_U740     |mul_16s_9s_25_1_0    |        0|   1|  0|   4|    0|
    |mul_16s_9s_25_1_0_U745     |mul_16s_9s_25_1_0    |        0|   1|  0|   4|    0|
    |mul_16s_9s_25_1_0_U748     |mul_16s_9s_25_1_0    |        0|   1|  0|   4|    0|
    |mul_16s_9s_25_1_0_U752     |mul_16s_9s_25_1_0    |        0|   1|  0|   4|    0|
    |mul_16s_9s_25_1_0_U773     |mul_16s_9s_25_1_0    |        0|   1|  0|   4|    0|
    |mul_16s_9s_25_1_0_U774     |mul_16s_9s_25_1_0    |        0|   1|  0|   4|    0|
    |mul_16s_9s_25_1_0_U775     |mul_16s_9s_25_1_0    |        0|   1|  0|   4|    0|
    |mul_16s_9s_25_1_0_U780     |mul_16s_9s_25_1_0    |        0|   1|  0|   4|    0|
    |mul_16s_9s_25_1_0_U786     |mul_16s_9s_25_1_0    |        0|   1|  0|   4|    0|
    |mul_16s_9s_25_1_0_U790     |mul_16s_9s_25_1_0    |        0|   1|  0|   4|    0|
    |mul_16s_9s_25_1_0_U791     |mul_16s_9s_25_1_0    |        0|   1|  0|   4|    0|
    |mul_16s_9s_25_1_0_U794     |mul_16s_9s_25_1_0    |        0|   1|  0|   4|    0|
    |mul_16s_9s_25_1_0_U795     |mul_16s_9s_25_1_0    |        0|   1|  0|   4|    0|
    |mul_16s_9s_25_1_0_U797     |mul_16s_9s_25_1_0    |        0|   1|  0|   4|    0|
    |mul_16s_9s_25_1_0_U806     |mul_16s_9s_25_1_0    |        0|   1|  0|   4|    0|
    |mul_16s_9s_25_1_0_U815     |mul_16s_9s_25_1_0    |        0|   1|  0|   4|    0|
    |mul_16s_9s_25_1_0_U818     |mul_16s_9s_25_1_0    |        0|   1|  0|   4|    0|
    |mul_16s_9s_25_1_0_U841     |mul_16s_9s_25_1_0    |        0|   1|  0|   4|    0|
    |mul_16s_9s_25_1_0_U843     |mul_16s_9s_25_1_0    |        0|   1|  0|   4|    0|
    |mul_16s_9s_25_1_0_U845     |mul_16s_9s_25_1_0    |        0|   1|  0|   4|    0|
    |mul_16s_9s_25_1_0_U849     |mul_16s_9s_25_1_0    |        0|   1|  0|   4|    0|
    |mul_16s_9s_25_1_0_U854     |mul_16s_9s_25_1_0    |        0|   1|  0|   4|    0|
    |mul_16s_9s_25_1_0_U895     |mul_16s_9s_25_1_0    |        0|   1|  0|   4|    0|
    |mul_16s_9s_25_1_0_U896     |mul_16s_9s_25_1_0    |        0|   1|  0|   4|    0|
    |mul_16s_9s_25_1_0_U899     |mul_16s_9s_25_1_0    |        0|   1|  0|   4|    0|
    |mul_16s_9s_25_1_0_U900     |mul_16s_9s_25_1_0    |        0|   1|  0|   4|    0|
    |mul_16s_9s_25_1_0_U908     |mul_16s_9s_25_1_0    |        0|   1|  0|   4|    0|
    |mul_16s_9s_25_1_0_U912     |mul_16s_9s_25_1_0    |        0|   1|  0|   4|    0|
    |mul_16s_9s_25_1_0_U913     |mul_16s_9s_25_1_0    |        0|   1|  0|   4|    0|
    |mul_16s_9s_25_1_0_U914     |mul_16s_9s_25_1_0    |        0|   1|  0|   4|    0|
    |mul_16s_9s_25_1_0_U915     |mul_16s_9s_25_1_0    |        0|   1|  0|   4|    0|
    |mul_16s_9s_25_1_0_U920     |mul_16s_9s_25_1_0    |        0|   1|  0|   4|    0|
    |mul_16s_9s_25_1_0_U921     |mul_16s_9s_25_1_0    |        0|   1|  0|   4|    0|
    |mul_16s_9s_25_1_0_U925     |mul_16s_9s_25_1_0    |        0|   1|  0|   4|    0|
    |mul_16s_9s_25_1_0_U941     |mul_16s_9s_25_1_0    |        0|   1|  0|   4|    0|
    |mul_16s_9s_25_1_0_U946     |mul_16s_9s_25_1_0    |        0|   1|  0|   4|    0|
    |mul_16s_9s_25_1_0_U950     |mul_16s_9s_25_1_0    |        0|   1|  0|   4|    0|
    |mul_16s_9s_25_1_0_U951     |mul_16s_9s_25_1_0    |        0|   1|  0|   4|    0|
    |mul_16s_9s_25_1_0_U957     |mul_16s_9s_25_1_0    |        0|   1|  0|   4|    0|
    |mul_16s_9s_25_1_0_U959     |mul_16s_9s_25_1_0    |        0|   1|  0|   4|    0|
    |mul_16s_9s_25_1_0_U964     |mul_16s_9s_25_1_0    |        0|   1|  0|   4|    0|
    |mul_16s_9s_25_1_0_U965     |mul_16s_9s_25_1_0    |        0|   1|  0|   4|    0|
    |mul_16s_9s_25_1_0_U966     |mul_16s_9s_25_1_0    |        0|   1|  0|   4|    0|
    |mul_16s_9s_25_1_0_U968     |mul_16s_9s_25_1_0    |        0|   1|  0|   4|    0|
    |mul_16s_9s_25_1_0_U976     |mul_16s_9s_25_1_0    |        0|   1|  0|   4|    0|
    |mul_16s_9s_25_1_0_U978     |mul_16s_9s_25_1_0    |        0|   1|  0|   4|    0|
    |mul_16s_9s_25_1_0_U981     |mul_16s_9s_25_1_0    |        0|   1|  0|   4|    0|
    |mul_16s_9s_25_1_0_U982     |mul_16s_9s_25_1_0    |        0|   1|  0|   4|    0|
    |mul_16s_9s_25_1_0_U998     |mul_16s_9s_25_1_0    |        0|   1|  0|   4|    0|
    |mul_16s_9s_25_1_0_U1000    |mul_16s_9s_25_1_0    |        0|   1|  0|   4|    0|
    |mul_16s_9s_25_1_0_U1001    |mul_16s_9s_25_1_0    |        0|   1|  0|   4|    0|
    |mul_16s_9s_25_1_0_U1009    |mul_16s_9s_25_1_0    |        0|   1|  0|   4|    0|
    |mul_16s_9s_25_1_0_U1013    |mul_16s_9s_25_1_0    |        0|   1|  0|   4|    0|
    |mul_16s_9s_25_1_0_U1014    |mul_16s_9s_25_1_0    |        0|   1|  0|   4|    0|
    |mul_16s_9s_25_1_0_U1017    |mul_16s_9s_25_1_0    |        0|   1|  0|   4|    0|
    |mul_16s_9s_25_1_0_U1021    |mul_16s_9s_25_1_0    |        0|   1|  0|   4|    0|
    |mul_16s_9s_25_1_0_U1028    |mul_16s_9s_25_1_0    |        0|   1|  0|   4|    0|
    |mul_16s_9s_25_1_0_U1030    |mul_16s_9s_25_1_0    |        0|   1|  0|   4|    0|
    |mul_16s_9s_25_1_0_U1041    |mul_16s_9s_25_1_0    |        0|   1|  0|   4|    0|
    |mul_16s_9s_25_1_0_U1044    |mul_16s_9s_25_1_0    |        0|   1|  0|   4|    0|
    |mul_16s_9s_25_1_0_U1050    |mul_16s_9s_25_1_0    |        0|   1|  0|   4|    0|
    |mul_16s_9s_25_1_0_U1059    |mul_16s_9s_25_1_0    |        0|   1|  0|   4|    0|
    |mul_16s_9s_25_1_0_U1063    |mul_16s_9s_25_1_0    |        0|   1|  0|   4|    0|
    |mul_16s_9s_25_1_0_U1064    |mul_16s_9s_25_1_0    |        0|   1|  0|   4|    0|
    |mul_16s_9s_25_1_0_U1065    |mul_16s_9s_25_1_0    |        0|   1|  0|   4|    0|
    |mul_16s_9s_25_1_0_U1088    |mul_16s_9s_25_1_0    |        0|   1|  0|   4|    0|
    |mul_16s_9s_25_1_0_U1094    |mul_16s_9s_25_1_0    |        0|   1|  0|   4|    0|
    |mul_16s_9s_25_1_0_U1097    |mul_16s_9s_25_1_0    |        0|   1|  0|   4|    0|
    |mul_16s_9s_25_1_0_U1106    |mul_16s_9s_25_1_0    |        0|   1|  0|   4|    0|
    |mul_16s_9s_25_1_0_U1107    |mul_16s_9s_25_1_0    |        0|   1|  0|   4|    0|
    |mul_16s_9s_25_1_0_U1116    |mul_16s_9s_25_1_0    |        0|   1|  0|   4|    0|
    |mul_16s_9s_25_1_0_U1117    |mul_16s_9s_25_1_0    |        0|   1|  0|   4|    0|
    |mul_16s_9s_25_1_0_U1119    |mul_16s_9s_25_1_0    |        0|   1|  0|   4|    0|
    |mul_16s_9s_25_1_0_U1124    |mul_16s_9s_25_1_0    |        0|   1|  0|   4|    0|
    |mul_16s_9s_25_1_0_U1132    |mul_16s_9s_25_1_0    |        0|   1|  0|   4|    0|
    |mul_16s_9s_25_1_0_U1136    |mul_16s_9s_25_1_0    |        0|   1|  0|   4|    0|
    |mul_16s_9s_25_1_0_U1137    |mul_16s_9s_25_1_0    |        0|   1|  0|   4|    0|
    |mul_16s_9s_25_1_0_U1140    |mul_16s_9s_25_1_0    |        0|   1|  0|   4|    0|
    |mul_16s_9s_25_1_0_U1161    |mul_16s_9s_25_1_0    |        0|   1|  0|   4|    0|
    |mul_16s_9s_25_1_0_U1169    |mul_16s_9s_25_1_0    |        0|   1|  0|   4|    0|
    |mul_16s_9s_25_1_0_U1170    |mul_16s_9s_25_1_0    |        0|   1|  0|   4|    0|
    |mul_16s_9s_25_1_0_U1174    |mul_16s_9s_25_1_0    |        0|   1|  0|   4|    0|
    |mul_16s_9s_25_1_0_U1177    |mul_16s_9s_25_1_0    |        0|   1|  0|   4|    0|
    |mul_16s_9s_25_1_0_U1198    |mul_16s_9s_25_1_0    |        0|   1|  0|   4|    0|
    |mul_16s_9s_25_1_0_U1200    |mul_16s_9s_25_1_0    |        0|   1|  0|   4|    0|
    |mul_16s_9s_25_1_0_U1204    |mul_16s_9s_25_1_0    |        0|   1|  0|   4|    0|
    |mul_16s_9s_25_1_0_U1213    |mul_16s_9s_25_1_0    |        0|   1|  0|   4|    0|
    |mul_16s_9s_25_1_0_U1226    |mul_16s_9s_25_1_0    |        0|   1|  0|   4|    0|
    |mul_16s_9s_25_1_0_U1231    |mul_16s_9s_25_1_0    |        0|   1|  0|   4|    0|
    |mul_16s_9s_25_1_0_U1232    |mul_16s_9s_25_1_0    |        0|   1|  0|   4|    0|
    |mul_16s_9s_25_1_0_U1237    |mul_16s_9s_25_1_0    |        0|   1|  0|   4|    0|
    |mul_16s_9s_25_1_0_U1246    |mul_16s_9s_25_1_0    |        0|   1|  0|   4|    0|
    |mul_16s_9s_25_1_0_U1250    |mul_16s_9s_25_1_0    |        0|   1|  0|   4|    0|
    |mul_16s_9s_25_1_0_U1253    |mul_16s_9s_25_1_0    |        0|   1|  0|   4|    0|
    |mul_16s_9s_25_1_0_U1257    |mul_16s_9s_25_1_0    |        0|   1|  0|   4|    0|
    |mul_16s_9s_25_1_0_U1262    |mul_16s_9s_25_1_0    |        0|   1|  0|   4|    0|
    |mul_16s_9s_25_1_0_U1264    |mul_16s_9s_25_1_0    |        0|   1|  0|   4|    0|
    |mul_16s_9s_25_1_0_U1266    |mul_16s_9s_25_1_0    |        0|   1|  0|   4|    0|
    |mul_16s_9s_25_1_0_U1271    |mul_16s_9s_25_1_0    |        0|   1|  0|   4|    0|
    |mul_16s_9s_25_1_0_U1276    |mul_16s_9s_25_1_0    |        0|   1|  0|   4|    0|
    |mul_16s_9s_25_1_0_U1298    |mul_16s_9s_25_1_0    |        0|   1|  0|   4|    0|
    |mul_16s_9s_25_1_0_U1301    |mul_16s_9s_25_1_0    |        0|   1|  0|   4|    0|
    |mul_16s_9s_25_1_0_U1305    |mul_16s_9s_25_1_0    |        0|   1|  0|   4|    0|
    |mul_16s_9s_25_1_0_U1309    |mul_16s_9s_25_1_0    |        0|   1|  0|   4|    0|
    |mul_16s_9s_25_1_0_U1311    |mul_16s_9s_25_1_0    |        0|   1|  0|   4|    0|
    |mul_16s_9s_25_1_0_U1317    |mul_16s_9s_25_1_0    |        0|   1|  0|   4|    0|
    |mul_16s_9s_25_1_0_U1330    |mul_16s_9s_25_1_0    |        0|   1|  0|   4|    0|
    |mul_16s_9s_25_1_0_U1344    |mul_16s_9s_25_1_0    |        0|   1|  0|   4|    0|
    |mul_16s_9s_25_1_0_U1347    |mul_16s_9s_25_1_0    |        0|   1|  0|   4|    0|
    |mul_16s_9s_25_1_0_U1353    |mul_16s_9s_25_1_0    |        0|   1|  0|   4|    0|
    |mul_16s_9s_25_1_0_U1354    |mul_16s_9s_25_1_0    |        0|   1|  0|   4|    0|
    |mul_16s_9s_25_1_0_U1361    |mul_16s_9s_25_1_0    |        0|   1|  0|   4|    0|
    |mul_16s_9s_25_1_0_U1374    |mul_16s_9s_25_1_0    |        0|   1|  0|   4|    0|
    |mul_16s_9s_25_1_0_U1376    |mul_16s_9s_25_1_0    |        0|   1|  0|   4|    0|
    |mul_16s_9s_25_1_0_U1378    |mul_16s_9s_25_1_0    |        0|   1|  0|   4|    0|
    |mul_16s_9s_25_1_0_U1381    |mul_16s_9s_25_1_0    |        0|   1|  0|   4|    0|
    |mul_16s_9s_25_1_0_U1382    |mul_16s_9s_25_1_0    |        0|   1|  0|   4|    0|
    |mul_16s_9s_25_1_0_U1387    |mul_16s_9s_25_1_0    |        0|   1|  0|   4|    0|
    |mul_16s_9s_25_1_0_U1392    |mul_16s_9s_25_1_0    |        0|   1|  0|   4|    0|
    |mul_16s_9s_25_1_0_U1393    |mul_16s_9s_25_1_0    |        0|   1|  0|   4|    0|
    |mul_16s_9s_25_1_0_U1399    |mul_16s_9s_25_1_0    |        0|   1|  0|   4|    0|
    |mul_16s_9s_25_1_0_U1410    |mul_16s_9s_25_1_0    |        0|   1|  0|   4|    0|
    |mul_16s_9s_25_1_0_U1413    |mul_16s_9s_25_1_0    |        0|   1|  0|   4|    0|
    |mul_16s_9s_25_1_0_U1426    |mul_16s_9s_25_1_0    |        0|   1|  0|   4|    0|
    |mul_16s_9s_25_1_0_U1431    |mul_16s_9s_25_1_0    |        0|   1|  0|   4|    0|
    |mul_16s_9s_25_1_0_U1433    |mul_16s_9s_25_1_0    |        0|   1|  0|   4|    0|
    |mul_16s_9s_25_1_0_U1444    |mul_16s_9s_25_1_0    |        0|   1|  0|   4|    0|
    |mul_16s_9s_25_1_0_U1447    |mul_16s_9s_25_1_0    |        0|   1|  0|   4|    0|
    |mul_16s_9s_25_1_0_U1450    |mul_16s_9s_25_1_0    |        0|   1|  0|   4|    0|
    |mul_16s_9s_25_1_0_U1464    |mul_16s_9s_25_1_0    |        0|   1|  0|   4|    0|
    |mul_16s_9s_25_1_0_U1467    |mul_16s_9s_25_1_0    |        0|   1|  0|   4|    0|
    |mul_16s_9s_25_1_0_U1468    |mul_16s_9s_25_1_0    |        0|   1|  0|   4|    0|
    |mul_16s_9s_25_1_0_U1472    |mul_16s_9s_25_1_0    |        0|   1|  0|   4|    0|
    |mul_16s_9s_25_1_0_U1476    |mul_16s_9s_25_1_0    |        0|   1|  0|   4|    0|
    |mul_16s_9s_25_1_0_U1479    |mul_16s_9s_25_1_0    |        0|   1|  0|   4|    0|
    |mul_16s_9s_25_1_0_U1480    |mul_16s_9s_25_1_0    |        0|   1|  0|   4|    0|
    |mul_16s_9s_25_1_0_U1482    |mul_16s_9s_25_1_0    |        0|   1|  0|   4|    0|
    |mul_16s_9s_25_1_0_U1500    |mul_16s_9s_25_1_0    |        0|   1|  0|   4|    0|
    |mul_16s_9s_25_1_0_U1508    |mul_16s_9s_25_1_0    |        0|   1|  0|   4|    0|
    |mul_16s_9s_25_1_0_U1531    |mul_16s_9s_25_1_0    |        0|   1|  0|   4|    0|
    |mul_16s_9s_25_1_0_U1537    |mul_16s_9s_25_1_0    |        0|   1|  0|   4|    0|
    |mul_16s_9s_25_1_0_U1547    |mul_16s_9s_25_1_0    |        0|   1|  0|   4|    0|
    |mul_16s_9s_25_1_0_U1553    |mul_16s_9s_25_1_0    |        0|   1|  0|   4|    0|
    |mul_16s_9s_25_1_0_U1579    |mul_16s_9s_25_1_0    |        0|   1|  0|   4|    0|
    |mul_16s_9s_25_1_0_U1581    |mul_16s_9s_25_1_0    |        0|   1|  0|   4|    0|
    |mul_16s_9s_25_1_0_U1592    |mul_16s_9s_25_1_0    |        0|   1|  0|   4|    0|
    |mul_16s_9s_25_1_0_U1596    |mul_16s_9s_25_1_0    |        0|   1|  0|   4|    0|
    |mul_16s_9s_25_1_0_U1605    |mul_16s_9s_25_1_0    |        0|   1|  0|   4|    0|
    |mul_16s_9s_25_1_0_U1606    |mul_16s_9s_25_1_0    |        0|   1|  0|   4|    0|
    |mul_16s_9s_25_1_0_U1613    |mul_16s_9s_25_1_0    |        0|   1|  0|   4|    0|
    |mul_16s_9s_25_1_0_U1616    |mul_16s_9s_25_1_0    |        0|   1|  0|   4|    0|
    |mul_16s_9s_25_1_0_U1618    |mul_16s_9s_25_1_0    |        0|   1|  0|   4|    0|
    |mul_16s_9s_25_1_0_U1619    |mul_16s_9s_25_1_0    |        0|   1|  0|   4|    0|
    |mul_16s_9s_25_1_0_U1624    |mul_16s_9s_25_1_0    |        0|   1|  0|   4|    0|
    |mul_16s_9s_25_1_0_U1629    |mul_16s_9s_25_1_0    |        0|   1|  0|   4|    0|
    |mul_16s_9s_25_1_0_U1631    |mul_16s_9s_25_1_0    |        0|   1|  0|   4|    0|
    |mul_16s_9s_25_1_0_U1638    |mul_16s_9s_25_1_0    |        0|   1|  0|   4|    0|
    |mul_16s_9s_25_1_0_U1643    |mul_16s_9s_25_1_0    |        0|   1|  0|   4|    0|
    |mul_16s_9s_25_1_0_U1644    |mul_16s_9s_25_1_0    |        0|   1|  0|   4|    0|
    |mul_16s_9s_25_1_0_U1646    |mul_16s_9s_25_1_0    |        0|   1|  0|   4|    0|
    |mul_16s_9s_25_1_0_U1647    |mul_16s_9s_25_1_0    |        0|   1|  0|   4|    0|
    |mul_16s_9s_25_1_0_U1648    |mul_16s_9s_25_1_0    |        0|   1|  0|   4|    0|
    |mul_16s_9s_25_1_0_U1658    |mul_16s_9s_25_1_0    |        0|   1|  0|   4|    0|
    |mul_16s_9s_25_1_0_U1667    |mul_16s_9s_25_1_0    |        0|   1|  0|   4|    0|
    |mul_16s_9s_25_1_0_U1673    |mul_16s_9s_25_1_0    |        0|   1|  0|   4|    0|
    |mul_16s_9s_25_1_0_U1675    |mul_16s_9s_25_1_0    |        0|   1|  0|   4|    0|
    |mul_16s_9s_25_1_0_U1676    |mul_16s_9s_25_1_0    |        0|   1|  0|   4|    0|
    |mul_16s_9s_25_1_0_U1678    |mul_16s_9s_25_1_0    |        0|   1|  0|   4|    0|
    |mul_16s_9s_25_1_0_U1684    |mul_16s_9s_25_1_0    |        0|   1|  0|   4|    0|
    |mul_16s_9s_25_1_0_U1686    |mul_16s_9s_25_1_0    |        0|   1|  0|   4|    0|
    |mul_16s_9s_25_1_0_U1696    |mul_16s_9s_25_1_0    |        0|   1|  0|   4|    0|
    |mul_16s_9s_25_1_0_U1697    |mul_16s_9s_25_1_0    |        0|   1|  0|   4|    0|
    |mul_16s_9s_25_1_0_U1701    |mul_16s_9s_25_1_0    |        0|   1|  0|   4|    0|
    |mul_16s_9s_25_1_0_U1706    |mul_16s_9s_25_1_0    |        0|   1|  0|   4|    0|
    |mul_16s_9s_25_1_0_U1710    |mul_16s_9s_25_1_0    |        0|   1|  0|   4|    0|
    |mul_16s_9s_25_1_0_U1713    |mul_16s_9s_25_1_0    |        0|   1|  0|   4|    0|
    |mul_16s_9s_25_1_0_U1724    |mul_16s_9s_25_1_0    |        0|   1|  0|   4|    0|
    |mul_16s_9s_25_1_0_U1732    |mul_16s_9s_25_1_0    |        0|   1|  0|   4|    0|
    |mul_16s_9s_25_1_0_U1746    |mul_16s_9s_25_1_0    |        0|   1|  0|   4|    0|
    |mul_16s_9s_25_1_0_U1753    |mul_16s_9s_25_1_0    |        0|   1|  0|   4|    0|
    |mul_16s_9s_25_1_0_U1757    |mul_16s_9s_25_1_0    |        0|   1|  0|   4|    0|
    |mul_16s_9s_25_1_0_U1769    |mul_16s_9s_25_1_0    |        0|   1|  0|   4|    0|
    |mul_16s_9s_25_1_0_U1783    |mul_16s_9s_25_1_0    |        0|   1|  0|   4|    0|
    |mul_16s_9s_25_1_0_U1792    |mul_16s_9s_25_1_0    |        0|   1|  0|   4|    0|
    |mul_16s_9s_25_1_0_U1795    |mul_16s_9s_25_1_0    |        0|   1|  0|   4|    0|
    |mul_16s_9s_25_1_0_U1797    |mul_16s_9s_25_1_0    |        0|   1|  0|   4|    0|
    |mul_16s_9s_25_1_0_U1801    |mul_16s_9s_25_1_0    |        0|   1|  0|   4|    0|
    |mul_16s_9s_25_1_0_U1828    |mul_16s_9s_25_1_0    |        0|   1|  0|   4|    0|
    |mul_16s_9s_25_1_0_U1830    |mul_16s_9s_25_1_0    |        0|   1|  0|   4|    0|
    |mul_16s_9s_25_1_0_U1839    |mul_16s_9s_25_1_0    |        0|   1|  0|   4|    0|
    |mul_16s_9s_25_1_0_U1848    |mul_16s_9s_25_1_0    |        0|   1|  0|   4|    0|
    |mul_16s_9s_25_1_0_U1857    |mul_16s_9s_25_1_0    |        0|   1|  0|   4|    0|
    |mul_16s_9s_25_1_0_U1859    |mul_16s_9s_25_1_0    |        0|   1|  0|   4|    0|
    |mul_16s_9s_25_1_0_U1863    |mul_16s_9s_25_1_0    |        0|   1|  0|   4|    0|
    |mul_16s_9s_25_1_0_U1872    |mul_16s_9s_25_1_0    |        0|   1|  0|   4|    0|
    |mul_16s_9s_25_1_0_U1881    |mul_16s_9s_25_1_0    |        0|   1|  0|   4|    0|
    |mul_16s_9s_25_1_0_U1882    |mul_16s_9s_25_1_0    |        0|   1|  0|   4|    0|
    |mul_16s_9s_25_1_0_U1887    |mul_16s_9s_25_1_0    |        0|   1|  0|   4|    0|
    |mul_16s_9s_25_1_0_U1896    |mul_16s_9s_25_1_0    |        0|   1|  0|   4|    0|
    |mul_16s_9s_25_1_0_U1898    |mul_16s_9s_25_1_0    |        0|   1|  0|   4|    0|
    |mul_16s_9s_25_1_0_U1912    |mul_16s_9s_25_1_0    |        0|   1|  0|   4|    0|
    |mul_16s_9s_25_1_0_U1919    |mul_16s_9s_25_1_0    |        0|   1|  0|   4|    0|
    |mul_16s_9s_25_1_0_U1924    |mul_16s_9s_25_1_0    |        0|   1|  0|   4|    0|
    |mul_16s_9s_25_1_0_U1926    |mul_16s_9s_25_1_0    |        0|   1|  0|   4|    0|
    |mul_16s_9s_25_1_0_U1930    |mul_16s_9s_25_1_0    |        0|   1|  0|   4|    0|
    |mul_16s_9s_25_1_0_U1933    |mul_16s_9s_25_1_0    |        0|   1|  0|   4|    0|
    |mul_16s_9s_25_1_0_U1936    |mul_16s_9s_25_1_0    |        0|   1|  0|   4|    0|
    |mul_16s_9s_25_1_0_U1948    |mul_16s_9s_25_1_0    |        0|   1|  0|   4|    0|
    |mul_16s_9s_25_1_0_U1949    |mul_16s_9s_25_1_0    |        0|   1|  0|   4|    0|
    |mul_16s_9s_25_1_0_U1950    |mul_16s_9s_25_1_0    |        0|   1|  0|   4|    0|
    |mul_16s_9s_25_1_0_U1959    |mul_16s_9s_25_1_0    |        0|   1|  0|   4|    0|
    |mul_16s_9s_25_1_0_U1967    |mul_16s_9s_25_1_0    |        0|   1|  0|   4|    0|
    |mul_16s_9s_25_1_0_U1969    |mul_16s_9s_25_1_0    |        0|   1|  0|   4|    0|
    |mul_16s_9s_25_1_0_U1970    |mul_16s_9s_25_1_0    |        0|   1|  0|   4|    0|
    |mul_16s_9s_25_1_0_U1980    |mul_16s_9s_25_1_0    |        0|   1|  0|   4|    0|
    |mul_16s_9s_25_1_0_U1985    |mul_16s_9s_25_1_0    |        0|   1|  0|   4|    0|
    |mul_16s_9s_25_1_0_U1989    |mul_16s_9s_25_1_0    |        0|   1|  0|   4|    0|
    |mul_16s_9s_25_1_0_U1991    |mul_16s_9s_25_1_0    |        0|   1|  0|   4|    0|
    |mul_16s_9s_25_1_0_U1999    |mul_16s_9s_25_1_0    |        0|   1|  0|   4|    0|
    |mul_16s_9s_25_1_0_U2001    |mul_16s_9s_25_1_0    |        0|   1|  0|   4|    0|
    |mul_16s_9s_25_1_0_U2010    |mul_16s_9s_25_1_0    |        0|   1|  0|   4|    0|
    |mul_16s_9s_25_1_0_U2011    |mul_16s_9s_25_1_0    |        0|   1|  0|   4|    0|
    |mul_16s_9s_25_1_0_U2013    |mul_16s_9s_25_1_0    |        0|   1|  0|   4|    0|
    |mul_16s_9s_25_1_0_U2017    |mul_16s_9s_25_1_0    |        0|   1|  0|   4|    0|
    |mul_16s_9s_25_1_0_U2021    |mul_16s_9s_25_1_0    |        0|   1|  0|   4|    0|
    |mul_16s_9s_25_1_0_U2023    |mul_16s_9s_25_1_0    |        0|   1|  0|   4|    0|
    |mul_16s_9s_25_1_0_U2031    |mul_16s_9s_25_1_0    |        0|   1|  0|   4|    0|
    |mul_16s_9s_25_1_0_U2033    |mul_16s_9s_25_1_0    |        0|   1|  0|   4|    0|
    |mul_16s_9s_25_1_0_U2034    |mul_16s_9s_25_1_0    |        0|   1|  0|   4|    0|
    |mul_16s_9s_25_1_0_U2035    |mul_16s_9s_25_1_0    |        0|   1|  0|   4|    0|
    |mul_16s_9s_25_1_0_U2039    |mul_16s_9s_25_1_0    |        0|   1|  0|   4|    0|
    |mul_16s_9s_25_1_0_U2040    |mul_16s_9s_25_1_0    |        0|   1|  0|   4|    0|
    |mul_16s_9s_25_1_0_U2042    |mul_16s_9s_25_1_0    |        0|   1|  0|   4|    0|
    |mul_16s_9s_25_1_0_U2050    |mul_16s_9s_25_1_0    |        0|   1|  0|   4|    0|
    |mul_16s_9s_25_1_0_U2051    |mul_16s_9s_25_1_0    |        0|   1|  0|   4|    0|
    |mul_16s_9s_25_1_0_U2055    |mul_16s_9s_25_1_0    |        0|   1|  0|   4|    0|
    |mul_16s_9s_25_1_0_U2056    |mul_16s_9s_25_1_0    |        0|   1|  0|   4|    0|
    |mul_16s_9s_25_1_0_U2057    |mul_16s_9s_25_1_0    |        0|   1|  0|   4|    0|
    |mul_16s_9s_25_1_0_U2058    |mul_16s_9s_25_1_0    |        0|   1|  0|   4|    0|
    |mul_16s_9s_25_1_0_U2060    |mul_16s_9s_25_1_0    |        0|   1|  0|   4|    0|
    |mul_16s_9s_25_1_0_U2062    |mul_16s_9s_25_1_0    |        0|   1|  0|   4|    0|
    |mul_16s_9s_25_1_0_U2063    |mul_16s_9s_25_1_0    |        0|   1|  0|   4|    0|
    |mul_16s_9s_25_1_0_U2064    |mul_16s_9s_25_1_0    |        0|   1|  0|   4|    0|
    |mul_16s_9s_25_1_0_U2074    |mul_16s_9s_25_1_0    |        0|   1|  0|   4|    0|
    |mul_16s_9s_25_1_0_U2077    |mul_16s_9s_25_1_0    |        0|   1|  0|   4|    0|
    |mul_16s_9s_25_1_0_U2092    |mul_16s_9s_25_1_0    |        0|   1|  0|   4|    0|
    |mul_16s_9s_25_1_0_U2093    |mul_16s_9s_25_1_0    |        0|   1|  0|   4|    0|
    |mul_16s_9s_25_1_0_U2096    |mul_16s_9s_25_1_0    |        0|   1|  0|   4|    0|
    |mul_16s_9s_25_1_0_U2098    |mul_16s_9s_25_1_0    |        0|   1|  0|   4|    0|
    |mul_16s_9s_25_1_0_U2104    |mul_16s_9s_25_1_0    |        0|   1|  0|   4|    0|
    |mul_16s_9s_25_1_0_U2110    |mul_16s_9s_25_1_0    |        0|   1|  0|   4|    0|
    |mul_16s_9s_25_1_0_U2113    |mul_16s_9s_25_1_0    |        0|   1|  0|   4|    0|
    |mul_16s_9s_25_1_0_U2115    |mul_16s_9s_25_1_0    |        0|   1|  0|   4|    0|
    |mul_17s_10ns_26_1_0_U1445  |mul_17s_10ns_26_1_0  |        0|   1|  0|   4|    0|
    |mul_17s_6s_22_1_0_U1034    |mul_17s_6s_22_1_0    |        0|   1|  0|   4|    0|
    |mul_17s_7ns_23_1_0_U1081   |mul_17s_7ns_23_1_0   |        0|   1|  0|   4|    0|
    |mul_17s_7s_23_1_0_U616     |mul_17s_7s_23_1_0    |        0|   1|  0|   4|    0|
    |mul_17s_8s_24_1_0_U980     |mul_17s_8s_24_1_0    |        0|   1|  0|   4|    0|
    |mul_17s_9ns_25_1_0_U825    |mul_17s_9ns_25_1_0   |        0|   1|  0|   4|    0|
    |mul_17s_9s_25_1_0_U1048    |mul_17s_9s_25_1_0    |        0|   1|  0|   4|    0|
    +---------------------------+---------------------+---------+----+---+----+-----+
    |Total                      |                     |        0|1671|  0|6684|    0|
    +---------------------------+---------------------+---------+----+---+----+-----+

    * DSP: 
    N/A

    * Memory: 
    N/A

    * FIFO: 
    N/A

    * Expression: 
    +------------------------------+----------+----+---+-----+------------+------------+
    |         Variable Name        | Operation| DSP| FF| LUT | Bitwidth P0| Bitwidth P1|
    +------------------------------+----------+----+---+-----+------------+------------+
    |add_ln58_1000_fu_11658933_p2  |         +|   0|  0|   35|          28|          28|
    |add_ln58_1001_fu_11664639_p2  |         +|   0|  0|   30|          30|          30|
    |add_ln58_1002_fu_11651283_p2  |         +|   0|  0|   31|          24|          24|
    |add_ln58_1003_fu_11651293_p2  |         +|   0|  0|   32|          25|          25|
    |add_ln58_1004_fu_11651299_p2  |         +|   0|  0|   31|          24|          24|
    |add_ln58_1005_fu_11651309_p2  |         +|   0|  0|   31|          24|          24|
    |add_ln58_1006_fu_11651319_p2  |         +|   0|  0|   32|          25|          25|
    |add_ln58_1007_fu_11658945_p2  |         +|   0|  0|   33|          26|          26|
    |add_ln58_1008_fu_11651325_p2  |         +|   0|  0|   31|          24|          24|
    |add_ln58_1009_fu_11651335_p2  |         +|   0|  0|   31|          24|          24|
    |add_ln58_100_fu_11638917_p2   |         +|   0|  0|   26|          26|          26|
    |add_ln58_1010_fu_11651345_p2  |         +|   0|  0|   32|          25|          25|
    |add_ln58_1011_fu_11651351_p2  |         +|   0|  0|   31|          24|          24|
    |add_ln58_1012_fu_11651361_p2  |         +|   0|  0|   24|          24|          24|
    |add_ln58_1013_fu_11651371_p2  |         +|   0|  0|   32|          25|          25|
    |add_ln58_1014_fu_11658961_p2  |         +|   0|  0|   33|          26|          26|
    |add_ln58_1015_fu_11658971_p2  |         +|   0|  0|   34|          27|          27|
    |add_ln58_1016_fu_11651377_p2  |         +|   0|  0|   30|          23|          23|
    |add_ln58_1017_fu_11651387_p2  |         +|   0|  0|   23|          23|          23|
    |add_ln58_1018_fu_11651397_p2  |         +|   0|  0|   31|          24|          24|
    |add_ln58_1019_fu_11651403_p2  |         +|   0|  0|   30|          23|          23|
    |add_ln58_101_fu_11638923_p2   |         +|   0|  0|   35|          28|          28|
    |add_ln58_1020_fu_11651413_p2  |         +|   0|  0|   24|          24|          24|
    |add_ln58_1021_fu_11651419_p2  |         +|   0|  0|   24|          24|          24|
    |add_ln58_1022_fu_11658983_p2  |         +|   0|  0|   32|          25|          25|
    |add_ln58_1023_fu_11651425_p2  |         +|   0|  0|   29|          22|          22|
    |add_ln58_1024_fu_11651435_p2  |         +|   0|  0|   29|          22|          22|
    |add_ln58_1025_fu_11651445_p2  |         +|   0|  0|   30|          23|          23|
    |add_ln58_1026_fu_11651451_p2  |         +|   0|  0|   21|          21|          21|
    |add_ln58_1027_fu_11641106_p2  |         +|   0|  0|   28|          21|          21|
    |add_ln58_1028_fu_11651464_p2  |         +|   0|  0|   29|          22|          22|
    |add_ln58_1029_fu_11658999_p2  |         +|   0|  0|   31|          24|          24|
    |add_ln58_102_fu_11638929_p2   |         +|   0|  0|   33|          26|          26|
    |add_ln58_1030_fu_11659009_p2  |         +|   0|  0|   33|          26|          26|
    |add_ln58_1031_fu_11664650_p2  |         +|   0|  0|   35|          28|          28|
    |add_ln58_1032_fu_11664660_p2  |         +|   0|  0|   30|          30|          30|
    |add_ln58_1033_fu_11651470_p2  |         +|   0|  0|   34|          27|          27|
    |add_ln58_1034_fu_11659018_p2  |         +|   0|  0|   37|          30|          30|
    |add_ln58_1035_fu_11651476_p2  |         +|   0|  0|   33|          26|          26|
    |add_ln58_1036_fu_11651486_p2  |         +|   0|  0|   34|          27|          27|
    |add_ln58_1037_fu_11659027_p2  |         +|   0|  0|   30|          30|          30|
    |add_ln58_1038_fu_11651492_p2  |         +|   0|  0|   32|          25|          25|
    |add_ln58_1039_fu_11651502_p2  |         +|   0|  0|   33|          26|          26|
    |add_ln58_103_fu_11638939_p2   |         +|   0|  0|   28|          28|          28|
    |add_ln58_1040_fu_11651508_p2  |         +|   0|  0|   25|          25|          25|
    |add_ln58_1041_fu_11651518_p2  |         +|   0|  0|   33|          26|          26|
    |add_ln58_1042_fu_11659039_p2  |         +|   0|  0|   34|          27|          27|
    |add_ln58_1043_fu_11659049_p2  |         +|   0|  0|   30|          30|          30|
    |add_ln58_1044_fu_11651524_p2  |         +|   0|  0|   32|          25|          25|
    |add_ln58_1045_fu_11651534_p2  |         +|   0|  0|   33|          26|          26|
    |add_ln58_1046_fu_11651540_p2  |         +|   0|  0|   32|          25|          25|
    |add_ln58_1047_fu_11651550_p2  |         +|   0|  0|   33|          26|          26|
    |add_ln58_1048_fu_11659061_p2  |         +|   0|  0|   27|          27|          27|
    |add_ln58_1049_fu_11659067_p2  |         +|   0|  0|   25|          25|          25|
    |add_ln58_104_fu_11638945_p2   |         +|   0|  0|   25|          25|          25|
    |add_ln58_1050_fu_11659073_p2  |         +|   0|  0|   25|          25|          25|
    |add_ln58_1051_fu_11659083_p2  |         +|   0|  0|   25|          25|          25|
    |add_ln58_1052_fu_11659089_p2  |         +|   0|  0|   25|          25|          25|
    |add_ln58_1053_fu_11659099_p2  |         +|   0|  0|   33|          26|          26|
    |add_ln58_1054_fu_11659109_p2  |         +|   0|  0|   27|          27|          27|
    |add_ln58_1055_fu_11664669_p2  |         +|   0|  0|   30|          30|          30|
    |add_ln58_1056_fu_11651556_p2  |         +|   0|  0|   24|          24|          24|
    |add_ln58_1057_fu_11651566_p2  |         +|   0|  0|   32|          25|          25|
    |add_ln58_1058_fu_11651572_p2  |         +|   0|  0|   24|          24|          24|
    |add_ln58_1059_fu_11651582_p2  |         +|   0|  0|   32|          25|          25|
    |add_ln58_105_fu_11638951_p2   |         +|   0|  0|   30|          23|          23|
    |add_ln58_1060_fu_11659121_p2  |         +|   0|  0|   33|          26|          26|
    |add_ln58_1061_fu_11651588_p2  |         +|   0|  0|   24|          24|          24|
    |add_ln58_1062_fu_11651598_p2  |         +|   0|  0|   25|          25|          25|
    |add_ln58_1063_fu_11651604_p2  |         +|   0|  0|   23|          23|          23|
    |add_ln58_1064_fu_11651610_p2  |         +|   0|  0|   23|          23|          23|
    |add_ln58_1065_fu_11651620_p2  |         +|   0|  0|   25|          25|          25|
    |add_ln58_1066_fu_11659134_p2  |         +|   0|  0|   27|          27|          27|
    |add_ln58_1067_fu_11641112_p2  |         +|   0|  0|   23|          23|          23|
    |add_ln58_1068_fu_11651629_p2  |         +|   0|  0|   31|          24|          24|
    |add_ln58_1069_fu_11651639_p2  |         +|   0|  0|   24|          24|          24|
    |add_ln58_106_fu_11638961_p2   |         +|   0|  0|   25|          25|          25|
    |add_ln58_1070_fu_11651645_p2  |         +|   0|  0|   24|          24|          24|
    |add_ln58_1071_fu_11651655_p2  |         +|   0|  0|   32|          25|          25|
    |add_ln58_1072_fu_11651661_p2  |         +|   0|  0|   23|          23|          23|
    |add_ln58_1073_fu_11651671_p2  |         +|   0|  0|   24|          24|          24|
    |add_ln58_1074_fu_11651677_p2  |         +|   0|  0|   23|          23|          23|
    |add_ln58_1075_fu_11641118_p2  |         +|   0|  0|   21|          21|          21|
    |add_ln58_1076_fu_11651686_p2  |         +|   0|  0|   23|          23|          23|
    |add_ln58_1077_fu_11651696_p2  |         +|   0|  0|   24|          24|          24|
    |add_ln58_1078_fu_11659146_p2  |         +|   0|  0|   33|          26|          26|
    |add_ln58_1079_fu_11659156_p2  |         +|   0|  0|   27|          27|          27|
    |add_ln58_107_fu_11638971_p2   |         +|   0|  0|   28|          28|          28|
    |add_ln58_1080_fu_11664677_p2  |         +|   0|  0|   30|          30|          30|
    |add_ln58_1081_fu_11651702_p2  |         +|   0|  0|   32|          25|          25|
    |add_ln58_1082_fu_11659165_p2  |         +|   0|  0|   36|          29|          29|
    |add_ln58_1083_fu_11651708_p2  |         +|   0|  0|   25|          25|          25|
    |add_ln58_1084_fu_11651714_p2  |         +|   0|  0|   25|          25|          25|
    |add_ln58_1085_fu_11659174_p2  |         +|   0|  0|   29|          29|          29|
    |add_ln58_1086_fu_11659180_p2  |         +|   0|  0|   25|          25|          25|
    |add_ln58_1087_fu_11659186_p2  |         +|   0|  0|   25|          25|          25|
    |add_ln58_1088_fu_11651720_p2  |         +|   0|  0|   32|          25|          25|
    |add_ln58_1089_fu_11651730_p2  |         +|   0|  0|   33|          26|          26|
    |add_ln58_108_fu_11638977_p2   |         +|   0|  0|   32|          25|          25|
    |add_ln58_1090_fu_11659199_p2  |         +|   0|  0|   34|          27|          27|
    |add_ln58_1091_fu_11659209_p2  |         +|   0|  0|   29|          29|          29|
    |add_ln58_1092_fu_11651736_p2  |         +|   0|  0|   31|          24|          24|
    |add_ln58_1093_fu_11651746_p2  |         +|   0|  0|   32|          25|          25|
    |add_ln58_1094_fu_11651752_p2  |         +|   0|  0|   31|          24|          24|
    |add_ln58_1095_fu_11651762_p2  |         +|   0|  0|   32|          25|          25|
    |add_ln58_1096_fu_11659221_p2  |         +|   0|  0|   33|          26|          26|
    |add_ln58_1097_fu_11651768_p2  |         +|   0|  0|   31|          24|          24|
    |add_ln58_1098_fu_11651778_p2  |         +|   0|  0|   32|          25|          25|
    |add_ln58_1099_fu_11651784_p2  |         +|   0|  0|   24|          24|          24|
    |add_ln58_109_fu_11638987_p2   |         +|   0|  0|   26|          26|          26|
    |add_ln58_10_fu_11632075_p2    |         +|   0|  0|   25|          25|          25|
    |add_ln58_1100_fu_11651790_p2  |         +|   0|  0|   30|          23|          23|
    |add_ln58_1101_fu_11651800_p2  |         +|   0|  0|   24|          24|          24|
    |add_ln58_1102_fu_11659237_p2  |         +|   0|  0|   33|          26|          26|
    |add_ln58_1103_fu_11659247_p2  |         +|   0|  0|   34|          27|          27|
    |add_ln58_1104_fu_11664690_p2  |         +|   0|  0|   29|          29|          29|
    |add_ln58_1105_fu_11651806_p2  |         +|   0|  0|   30|          23|          23|
    |add_ln58_1106_fu_11651816_p2  |         +|   0|  0|   31|          24|          24|
    |add_ln58_1107_fu_11651822_p2  |         +|   0|  0|   30|          23|          23|
    |add_ln58_1108_fu_11651832_p2  |         +|   0|  0|   31|          24|          24|
    |add_ln58_1109_fu_11659259_p2  |         +|   0|  0|   32|          25|          25|
    |add_ln58_110_fu_11638993_p2   |         +|   0|  0|   24|          24|          24|
    |add_ln58_1110_fu_11651838_p2  |         +|   0|  0|   23|          23|          23|
    |add_ln58_1111_fu_11651848_p2  |         +|   0|  0|   31|          24|          24|
    |add_ln58_1112_fu_11651854_p2  |         +|   0|  0|   23|          23|          23|
    |add_ln58_1113_fu_11651864_p2  |         +|   0|  0|   30|          23|          23|
    |add_ln58_1114_fu_11651874_p2  |         +|   0|  0|   31|          24|          24|
    |add_ln58_1115_fu_11659275_p2  |         +|   0|  0|   32|          25|          25|
    |add_ln58_1116_fu_11659285_p2  |         +|   0|  0|   26|          26|          26|
    |add_ln58_1117_fu_11641124_p2  |         +|   0|  0|   22|          22|          22|
    |add_ln58_1118_fu_11659294_p2  |         +|   0|  0|   30|          23|          23|
    |add_ln58_1119_fu_11641130_p2  |         +|   0|  0|   24|          17|          17|
    |add_ln58_111_fu_11632467_p2   |         +|   0|  0|   22|          22|          22|
    |add_ln58_1120_fu_11659308_p2  |         +|   0|  0|   30|          23|          23|
    |add_ln58_1121_fu_11659318_p2  |         +|   0|  0|   24|          24|          24|
    |add_ln58_1122_fu_11651884_p2  |         +|   0|  0|   22|          22|          22|
    |add_ln58_1123_fu_11651890_p2  |         +|   0|  0|   22|          22|          22|
    |add_ln58_1124_fu_11641136_p2  |         +|   0|  0|   21|          21|          21|
    |add_ln58_1125_fu_11641142_p2  |         +|   0|  0|   25|          18|          18|
    |add_ln58_1126_fu_11641152_p2  |         +|   0|  0|   21|          21|          21|
    |add_ln58_1127_fu_11651903_p2  |         +|   0|  0|   30|          23|          23|
    |add_ln58_1128_fu_11659327_p2  |         +|   0|  0|   24|          24|          24|
    |add_ln58_1129_fu_11659337_p2  |         +|   0|  0|   26|          26|          26|
    |add_ln58_112_fu_11639002_p2   |         +|   0|  0|   24|          24|          24|
    |add_ln58_1130_fu_11664698_p2  |         +|   0|  0|   29|          29|          29|
    |add_ln58_1131_fu_11651912_p2  |         +|   0|  0|   32|          25|          25|
    |add_ln58_1132_fu_11659349_p2  |         +|   0|  0|   36|          29|          29|
    |add_ln58_1133_fu_11651918_p2  |         +|   0|  0|   32|          25|          25|
    |add_ln58_1134_fu_11659358_p2  |         +|   0|  0|   32|          25|          25|
    |add_ln58_1135_fu_11659368_p2  |         +|   0|  0|   33|          26|          26|
    |add_ln58_1136_fu_11664711_p2  |         +|   0|  0|   29|          29|          29|
    |add_ln58_1137_fu_11651924_p2  |         +|   0|  0|   31|          24|          24|
    |add_ln58_1138_fu_11659377_p2  |         +|   0|  0|   32|          25|          25|
    |add_ln58_1139_fu_11651930_p2  |         +|   0|  0|   31|          24|          24|
    |add_ln58_113_fu_11639012_p2   |         +|   0|  0|   26|          26|          26|
    |add_ln58_1140_fu_11651939_p2  |         +|   0|  0|   31|          24|          24|
    |add_ln58_1141_fu_11651948_p2  |         +|   0|  0|   32|          25|          25|
    |add_ln58_1142_fu_11659390_p2  |         +|   0|  0|   33|          26|          26|
    |add_ln58_1143_fu_11664719_p2  |         +|   0|  0|   29|          29|          29|
    |add_ln58_1144_fu_11651954_p2  |         +|   0|  0|   31|          24|          24|
    |add_ln58_1145_fu_11651964_p2  |         +|   0|  0|   32|          25|          25|
    |add_ln58_1146_fu_11651970_p2  |         +|   0|  0|   31|          24|          24|
    |add_ln58_1147_fu_11651980_p2  |         +|   0|  0|   24|          24|          24|
    |add_ln58_1148_fu_11651990_p2  |         +|   0|  0|   32|          25|          25|
    |add_ln58_1149_fu_11659402_p2  |         +|   0|  0|   33|          26|          26|
    |add_ln58_114_fu_11639018_p2   |         +|   0|  0|   34|          27|          27|
    |add_ln58_1150_fu_11651996_p2  |         +|   0|  0|   31|          24|          24|
    |add_ln58_1151_fu_11652006_p2  |         +|   0|  0|   31|          24|          24|
    |add_ln58_1152_fu_11652016_p2  |         +|   0|  0|   32|          25|          25|
    |add_ln58_1153_fu_11652022_p2  |         +|   0|  0|   30|          23|          23|
    |add_ln58_1154_fu_11652032_p2  |         +|   0|  0|   30|          23|          23|
    |add_ln58_1155_fu_11652042_p2  |         +|   0|  0|   31|          24|          24|
    |add_ln58_1156_fu_11659418_p2  |         +|   0|  0|   33|          26|          26|
    |add_ln58_1157_fu_11659428_p2  |         +|   0|  0|   34|          27|          27|
    |add_ln58_1158_fu_11664728_p2  |         +|   0|  0|   29|          29|          29|
    |add_ln58_1159_fu_11652048_p2  |         +|   0|  0|   30|          23|          23|
    |add_ln58_115_fu_11639024_p2   |         +|   0|  0|   32|          25|          25|
    |add_ln58_1160_fu_11652058_p2  |         +|   0|  0|   31|          24|          24|
    |add_ln58_1161_fu_11652064_p2  |         +|   0|  0|   30|          23|          23|
    |add_ln58_1162_fu_11652074_p2  |         +|   0|  0|   30|          23|          23|
    |add_ln58_1163_fu_11652084_p2  |         +|   0|  0|   31|          24|          24|
    |add_ln58_1164_fu_11659440_p2  |         +|   0|  0|   32|          25|          25|
    |add_ln58_1165_fu_11652090_p2  |         +|   0|  0|   30|          23|          23|
    |add_ln58_1166_fu_11652100_p2  |         +|   0|  0|   31|          24|          24|
    |add_ln58_1167_fu_11652106_p2  |         +|   0|  0|   30|          23|          23|
    |add_ln58_1168_fu_11652116_p2  |         +|   0|  0|   24|          24|          24|
    |add_ln58_1169_fu_11652122_p2  |         +|   0|  0|   24|          24|          24|
    |add_ln58_116_fu_11639034_p2   |         +|   0|  0|   27|          27|          27|
    |add_ln58_1170_fu_11659456_p2  |         +|   0|  0|   32|          25|          25|
    |add_ln58_1171_fu_11659466_p2  |         +|   0|  0|   33|          26|          26|
    |add_ln58_1172_fu_11652128_p2  |         +|   0|  0|   30|          23|          23|
    |add_ln58_1173_fu_11659475_p2  |         +|   0|  0|   24|          24|          24|
    |add_ln58_1174_fu_11652134_p2  |         +|   0|  0|   29|          22|          22|
    |add_ln58_1175_fu_11652144_p2  |         +|   0|  0|   22|          22|          22|
    |add_ln58_1176_fu_11652154_p2  |         +|   0|  0|   30|          23|          23|
    |add_ln58_1177_fu_11659484_p2  |         +|   0|  0|   24|          24|          24|
    |add_ln58_1178_fu_11652160_p2  |         +|   0|  0|   21|          21|          21|
    |add_ln58_1179_fu_11652166_p2  |         +|   0|  0|   29|          22|          22|
    |add_ln58_117_fu_11632473_p2   |         +|   0|  0|   23|          23|          23|
    |add_ln58_1180_fu_11659500_p2  |         +|   0|  0|   23|          23|          23|
    |add_ln58_1181_fu_11652172_p2  |         +|   0|  0|   21|          21|          21|
    |add_ln58_1182_fu_11652182_p2  |         +|   0|  0|   27|          20|          20|
    |add_ln58_1183_fu_11652192_p2  |         +|   0|  0|   29|          22|          22|
    |add_ln58_1184_fu_11659509_p2  |         +|   0|  0|   23|          23|          23|
    |add_ln58_1185_fu_11659519_p2  |         +|   0|  0|   32|          25|          25|
    |add_ln58_1186_fu_11664740_p2  |         +|   0|  0|   34|          27|          27|
    |add_ln58_1187_fu_11664750_p2  |         +|   0|  0|   29|          29|          29|
    |add_ln58_1188_fu_11659542_p2  |         +|   0|  0|   32|          25|          25|
    |add_ln58_1189_fu_11664759_p2  |         +|   0|  0|   37|          30|          30|
    |add_ln58_118_fu_11629851_p2   |         +|   0|  0|   30|          23|          23|
    |add_ln58_1190_fu_11659548_p2  |         +|   0|  0|   32|          25|          25|
    |add_ln58_1191_fu_11659558_p2  |         +|   0|  0|   33|          26|          26|
    |add_ln58_1192_fu_11664768_p2  |         +|   0|  0|   30|          30|          30|
    |add_ln58_1193_fu_11659564_p2  |         +|   0|  0|   25|          25|          25|
    |add_ln58_1194_fu_11659570_p2  |         +|   0|  0|   25|          25|          25|
    |add_ln58_1195_fu_11659576_p2  |         +|   0|  0|   32|          25|          25|
    |add_ln58_1196_fu_11659586_p2  |         +|   0|  0|   32|          25|          25|
    |add_ln58_1197_fu_11659596_p2  |         +|   0|  0|   33|          26|          26|
    |add_ln58_1198_fu_11664780_p2  |         +|   0|  0|   34|          27|          27|
    |add_ln58_1199_fu_11664790_p2  |         +|   0|  0|   30|          30|          30|
    |add_ln58_119_fu_11632482_p2   |         +|   0|  0|   31|          24|          24|
    |add_ln58_11_fu_11632081_p2    |         +|   0|  0|   31|          24|          19|
    |add_ln58_1200_fu_11659602_p2  |         +|   0|  0|   32|          25|          25|
    |add_ln58_1201_fu_11659612_p2  |         +|   0|  0|   33|          26|          26|
    |add_ln58_1202_fu_11659618_p2  |         +|   0|  0|   32|          25|          25|
    |add_ln58_1203_fu_11659628_p2  |         +|   0|  0|   31|          24|          24|
    |add_ln58_1204_fu_11659638_p2  |         +|   0|  0|   33|          26|          26|
    |add_ln58_1205_fu_11664802_p2  |         +|   0|  0|   27|          27|          27|
    |add_ln58_1206_fu_11659644_p2  |         +|   0|  0|   24|          24|          24|
    |add_ln58_1207_fu_11659654_p2  |         +|   0|  0|   32|          25|          25|
    |add_ln58_1208_fu_11659660_p2  |         +|   0|  0|   31|          24|          24|
    |add_ln58_1209_fu_11659670_p2  |         +|   0|  0|   30|          23|          23|
    |add_ln58_120_fu_11639046_p2   |         +|   0|  0|   32|          25|          25|
    |add_ln58_1210_fu_11659680_p2  |         +|   0|  0|   32|          25|          25|
    |add_ln58_1211_fu_11664814_p2  |         +|   0|  0|   33|          26|          26|
    |add_ln58_1212_fu_11664824_p2  |         +|   0|  0|   27|          27|          27|
    |add_ln58_1213_fu_11667094_p2  |         +|   0|  0|   30|          30|          30|
    |add_ln58_1214_fu_11659686_p2  |         +|   0|  0|   23|          23|          23|
    |add_ln58_1215_fu_11659692_p2  |         +|   0|  0|   23|          23|          23|
    |add_ln58_1216_fu_11659698_p2  |         +|   0|  0|   23|          23|          23|
    |add_ln58_1217_fu_11659704_p2  |         +|   0|  0|   23|          23|          23|
    |add_ln58_1218_fu_11664839_p2  |         +|   0|  0|   31|          24|          24|
    |add_ln58_1219_fu_11664849_p2  |         +|   0|  0|   32|          25|          25|
    |add_ln58_121_fu_11639056_p2   |         +|   0|  0|   27|          27|          27|
    |add_ln58_1220_fu_11659710_p2  |         +|   0|  0|   30|          23|          23|
    |add_ln58_1221_fu_11659720_p2  |         +|   0|  0|   31|          24|          24|
    |add_ln58_1222_fu_11659726_p2  |         +|   0|  0|   22|          22|          22|
    |add_ln58_1223_fu_11659736_p2  |         +|   0|  0|   23|          23|          23|
    |add_ln58_1224_fu_11659742_p2  |         +|   0|  0|   23|          23|          23|
    |add_ln58_1225_fu_11664861_p2  |         +|   0|  0|   32|          25|          25|
    |add_ln58_1226_fu_11667105_p2  |         +|   0|  0|   26|          26|          26|
    |add_ln58_1227_fu_11659748_p2  |         +|   0|  0|   23|          23|          23|
    |add_ln58_1228_fu_11659754_p2  |         +|   0|  0|   23|          23|          23|
    |add_ln58_1229_fu_11659760_p2  |         +|   0|  0|   23|          23|          23|
    |add_ln58_122_fu_11639062_p2   |         +|   0|  0|   35|          28|          28|
    |add_ln58_1230_fu_11659766_p2  |         +|   0|  0|   29|          22|          22|
    |add_ln58_1231_fu_11659776_p2  |         +|   0|  0|   23|          23|          23|
    |add_ln58_1232_fu_11664873_p2  |         +|   0|  0|   31|          24|          24|
    |add_ln58_1233_fu_11659782_p2  |         +|   0|  0|   21|          21|          21|
    |add_ln58_1234_fu_11659792_p2  |         +|   0|  0|   29|          22|          22|
    |add_ln58_1235_fu_11659825_p2  |         +|   0|  0|   21|          21|          21|
    |add_ln58_1236_fu_11664889_p2  |         +|   0|  0|   30|          23|          23|
    |add_ln58_1237_fu_11664899_p2  |         +|   0|  0|   32|          25|          25|
    |add_ln58_1238_fu_11667114_p2  |         +|   0|  0|   26|          26|          26|
    |add_ln58_1239_fu_11667124_p2  |         +|   0|  0|   30|          30|          30|
    |add_ln58_123_fu_11639068_p2   |         +|   0|  0|   33|          26|          26|
    |add_ln58_1240_fu_11652198_p2  |         +|   0|  0|   35|          28|          28|
    |add_ln58_1241_fu_11659834_p2  |         +|   0|  0|   37|          30|          30|
    |add_ln58_1242_fu_11652204_p2  |         +|   0|  0|   26|          26|          26|
    |add_ln58_1243_fu_11652214_p2  |         +|   0|  0|   33|          26|          26|
    |add_ln58_1244_fu_11652224_p2  |         +|   0|  0|   34|          27|          27|
    |add_ln58_1245_fu_11659843_p2  |         +|   0|  0|   30|          30|          30|
    |add_ln58_1246_fu_11652230_p2  |         +|   0|  0|   32|          25|          25|
    |add_ln58_1247_fu_11652240_p2  |         +|   0|  0|   33|          26|          26|
    |add_ln58_1248_fu_11652246_p2  |         +|   0|  0|   32|          25|          25|
    |add_ln58_1249_fu_11652256_p2  |         +|   0|  0|   32|          25|          25|
    |add_ln58_124_fu_11639078_p2   |         +|   0|  0|   28|          28|          28|
    |add_ln58_1250_fu_11652266_p2  |         +|   0|  0|   33|          26|          26|
    |add_ln58_1251_fu_11659855_p2  |         +|   0|  0|   34|          27|          27|
    |add_ln58_1252_fu_11659865_p2  |         +|   0|  0|   30|          30|          30|
    |add_ln58_1253_fu_11652272_p2  |         +|   0|  0|   32|          25|          25|
    |add_ln58_1254_fu_11652282_p2  |         +|   0|  0|   33|          26|          26|
    |add_ln58_1255_fu_11652288_p2  |         +|   0|  0|   32|          25|          25|
    |add_ln58_1256_fu_11652298_p2  |         +|   0|  0|   32|          25|          25|
    |add_ln58_1257_fu_11652308_p2  |         +|   0|  0|   33|          26|          26|
    |add_ln58_1258_fu_11659877_p2  |         +|   0|  0|   34|          27|          27|
    |add_ln58_1259_fu_11652314_p2  |         +|   0|  0|   31|          24|          24|
    |add_ln58_125_fu_11632488_p2   |         +|   0|  0|   32|          25|          25|
    |add_ln58_1260_fu_11652324_p2  |         +|   0|  0|   32|          25|          25|
    |add_ln58_1261_fu_11652330_p2  |         +|   0|  0|   31|          24|          24|
    |add_ln58_1262_fu_11652340_p2  |         +|   0|  0|   31|          24|          24|
    |add_ln58_1263_fu_11652350_p2  |         +|   0|  0|   32|          25|          25|
    |add_ln58_1264_fu_11659893_p2  |         +|   0|  0|   33|          26|          26|
    |add_ln58_1265_fu_11659903_p2  |         +|   0|  0|   35|          28|          28|
    |add_ln58_1266_fu_11664908_p2  |         +|   0|  0|   30|          30|          30|
    |add_ln58_1267_fu_11652356_p2  |         +|   0|  0|   24|          24|          24|
    |add_ln58_1268_fu_11652362_p2  |         +|   0|  0|   24|          24|          24|
    |add_ln58_1269_fu_11632640_p2  |         +|   0|  0|   24|          17|          17|
    |add_ln58_126_fu_11639087_p2   |         +|   0|  0|   24|          24|          24|
    |add_ln58_1270_fu_11652372_p2  |         +|   0|  0|   30|          23|          23|
    |add_ln58_1271_fu_11652382_p2  |         +|   0|  0|   31|          24|          24|
    |add_ln58_1272_fu_11659915_p2  |         +|   0|  0|   32|          25|          25|
    |add_ln58_1273_fu_11652388_p2  |         +|   0|  0|   30|          23|          23|
    |add_ln58_1274_fu_11652398_p2  |         +|   0|  0|   31|          24|          24|
    |add_ln58_1275_fu_11652404_p2  |         +|   0|  0|   30|          23|          23|
    |add_ln58_1276_fu_11652414_p2  |         +|   0|  0|   30|          23|          23|
    |add_ln58_1277_fu_11652424_p2  |         +|   0|  0|   31|          24|          24|
    |add_ln58_1278_fu_11659931_p2  |         +|   0|  0|   32|          25|          25|
    |add_ln58_1279_fu_11659941_p2  |         +|   0|  0|   33|          26|          26|
    |add_ln58_127_fu_11639093_p2   |         +|   0|  0|   24|          24|          24|
    |add_ln58_1280_fu_11652430_p2  |         +|   0|  0|   23|          23|          23|
    |add_ln58_1281_fu_11652436_p2  |         +|   0|  0|   23|          23|          23|
    |add_ln58_1282_fu_11641176_p2  |         +|   0|  0|   30|          23|          23|
    |add_ln58_1283_fu_11652452_p2  |         +|   0|  0|   31|          24|          24|
    |add_ln58_1284_fu_11652462_p2  |         +|   0|  0|   25|          25|          25|
    |add_ln58_1285_fu_11641182_p2  |         +|   0|  0|   22|          22|          22|
    |add_ln58_1286_fu_11641188_p2  |         +|   0|  0|   29|          22|          22|
    |add_ln58_1287_fu_11652474_p2  |         +|   0|  0|   23|          23|          23|
    |add_ln58_1288_fu_11641214_p2  |         +|   0|  0|   27|          20|          20|
    |add_ln58_1289_fu_11652483_p2  |         +|   0|  0|   23|          23|          23|
    |add_ln58_128_fu_11639103_p2   |         +|   0|  0|   33|          26|          26|
    |add_ln58_1290_fu_11652493_p2  |         +|   0|  0|   25|          25|          25|
    |add_ln58_1291_fu_11664919_p2  |         +|   0|  0|   34|          27|          27|
    |add_ln58_1292_fu_11664929_p2  |         +|   0|  0|   30|          30|          30|
    |add_ln58_1293_fu_11664935_p2  |         +|   0|  0|   34|          27|          27|
    |add_ln58_1294_fu_11667140_p2  |         +|   0|  0|   38|          31|          31|
    |add_ln58_1295_fu_11664941_p2  |         +|   0|  0|   33|          26|          26|
    |add_ln58_1296_fu_11664951_p2  |         +|   0|  0|   34|          27|          27|
    |add_ln58_1297_fu_11667149_p2  |         +|   0|  0|   31|          31|          31|
    |add_ln58_1298_fu_11659947_p2  |         +|   0|  0|   26|          26|          26|
    |add_ln58_1299_fu_11659953_p2  |         +|   0|  0|   26|          26|          26|
    |add_ln58_129_fu_11639113_p2   |         +|   0|  0|   28|          28|          28|
    |add_ln58_12_fu_11632091_p2    |         +|   0|  0|   25|          25|          18|
    |add_ln58_1300_fu_11659959_p2  |         +|   0|  0|   33|          26|          26|
    |add_ln58_1301_fu_11659969_p2  |         +|   0|  0|   32|          25|          25|
    |add_ln58_1302_fu_11659979_p2  |         +|   0|  0|   34|          27|          27|
    |add_ln58_1303_fu_11664963_p2  |         +|   0|  0|   35|          28|          28|
    |add_ln58_1304_fu_11667158_p2  |         +|   0|  0|   31|          31|          31|
    |add_ln58_1305_fu_11659985_p2  |         +|   0|  0|   25|          25|          25|
    |add_ln58_1306_fu_11659995_p2  |         +|   0|  0|   33|          26|          26|
    |add_ln58_1307_fu_11660001_p2  |         +|   0|  0|   32|          25|          25|
    |add_ln58_1308_fu_11660011_p2  |         +|   0|  0|   32|          25|          25|
    |add_ln58_1309_fu_11660021_p2  |         +|   0|  0|   33|          26|          26|
    |add_ln58_130_fu_11632494_p2   |         +|   0|  0|   32|          25|          25|
    |add_ln58_1310_fu_11664975_p2  |         +|   0|  0|   34|          27|          27|
    |add_ln58_1311_fu_11660027_p2  |         +|   0|  0|   32|          25|          25|
    |add_ln58_1312_fu_11660037_p2  |         +|   0|  0|   33|          26|          26|
    |add_ln58_1313_fu_11660043_p2  |         +|   0|  0|   32|          25|          25|
    |add_ln58_1314_fu_11660053_p2  |         +|   0|  0|   32|          25|          25|
    |add_ln58_1315_fu_11660063_p2  |         +|   0|  0|   33|          26|          26|
    |add_ln58_1316_fu_11664991_p2  |         +|   0|  0|   34|          27|          27|
    |add_ln58_1317_fu_11665001_p2  |         +|   0|  0|   35|          28|          28|
    |add_ln58_1318_fu_11667167_p2  |         +|   0|  0|   31|          31|          31|
    |add_ln58_1319_fu_11652499_p2  |         +|   0|  0|   31|          24|          24|
    |add_ln58_131_fu_11639122_p2   |         +|   0|  0|   26|          26|          26|
    |add_ln58_1320_fu_11652509_p2  |         +|   0|  0|   32|          25|          25|
    |add_ln58_1321_fu_11660069_p2  |         +|   0|  0|   31|          24|          24|
    |add_ln58_1322_fu_11660079_p2  |         +|   0|  0|   31|          24|          24|
    |add_ln58_1323_fu_11660089_p2  |         +|   0|  0|   32|          25|          25|
    |add_ln58_1324_fu_11665013_p2  |         +|   0|  0|   33|          26|          26|
    |add_ln58_1325_fu_11660095_p2  |         +|   0|  0|   31|          24|          24|
    |add_ln58_1326_fu_11660105_p2  |         +|   0|  0|   32|          25|          25|
    |add_ln58_1327_fu_11652515_p2  |         +|   0|  0|   23|          23|          23|
    |add_ln58_1328_fu_11652525_p2  |         +|   0|  0|   24|          24|          24|
    |add_ln58_1329_fu_11652531_p2  |         +|   0|  0|   24|          24|          24|
    |add_ln58_132_fu_11632500_p2   |         +|   0|  0|   30|          23|          23|
    |add_ln58_1330_fu_11665025_p2  |         +|   0|  0|   33|          26|          26|
    |add_ln58_1331_fu_11667179_p2  |         +|   0|  0|   27|          27|          27|
    |add_ln58_1332_fu_11660111_p2  |         +|   0|  0|   23|          23|          23|
    |add_ln58_1333_fu_11660121_p2  |         +|   0|  0|   31|          24|          24|
    |add_ln58_1334_fu_11660127_p2  |         +|   0|  0|   30|          23|          23|
    |add_ln58_1335_fu_11660154_p2  |         +|   0|  0|   31|          24|          24|
    |add_ln58_1336_fu_11665037_p2  |         +|   0|  0|   25|          25|          25|
    |add_ln58_1337_fu_11665043_p2  |         +|   0|  0|   29|          22|          22|
    |add_ln58_1338_fu_11665053_p2  |         +|   0|  0|   23|          23|          23|
    |add_ln58_1339_fu_11660160_p2  |         +|   0|  0|   21|          21|          21|
    |add_ln58_133_fu_11632510_p2   |         +|   0|  0|   29|          22|          22|
    |add_ln58_1340_fu_11660166_p2  |         +|   0|  0|   20|          20|          20|
    |add_ln58_1341_fu_11665065_p2  |         +|   0|  0|   29|          22|          22|
    |add_ln58_1342_fu_11665075_p2  |         +|   0|  0|   23|          23|          23|
    |add_ln58_1343_fu_11665085_p2  |         +|   0|  0|   25|          25|          25|
    |add_ln58_1344_fu_11667188_p2  |         +|   0|  0|   27|          27|          27|
    |add_ln58_1345_fu_11667198_p2  |         +|   0|  0|   31|          31|          31|
    |add_ln58_1346_fu_11665091_p2  |         +|   0|  0|   37|          30|          30|
    |add_ln58_1347_fu_11660172_p2  |         +|   0|  0|   32|          25|          25|
    |add_ln58_1348_fu_11660182_p2  |         +|   0|  0|   33|          26|          26|
    |add_ln58_1349_fu_11665100_p2  |         +|   0|  0|   30|          30|          30|
    |add_ln58_134_fu_11632520_p2   |         +|   0|  0|   31|          24|          24|
    |add_ln58_1350_fu_11660188_p2  |         +|   0|  0|   25|          25|          25|
    |add_ln58_1351_fu_11660198_p2  |         +|   0|  0|   25|          25|          25|
    |add_ln58_1352_fu_11660204_p2  |         +|   0|  0|   25|          25|          25|
    |add_ln58_1353_fu_11660214_p2  |         +|   0|  0|   33|          26|          26|
    |add_ln58_1354_fu_11665109_p2  |         +|   0|  0|   30|          30|          30|
    |add_ln58_1355_fu_11660220_p2  |         +|   0|  0|   31|          24|          24|
    |add_ln58_1356_fu_11660226_p2  |         +|   0|  0|   24|          24|          24|
    |add_ln58_1357_fu_11665121_p2  |         +|   0|  0|   32|          25|          25|
    |add_ln58_1358_fu_11665131_p2  |         +|   0|  0|   33|          26|          26|
    |add_ln58_1359_fu_11660232_p2  |         +|   0|  0|   31|          24|          24|
    |add_ln58_135_fu_11639131_p2   |         +|   0|  0|   26|          26|          26|
    |add_ln58_1360_fu_11660242_p2  |         +|   0|  0|   32|          25|          25|
    |add_ln58_1361_fu_11660248_p2  |         +|   0|  0|   31|          24|          24|
    |add_ln58_1362_fu_11665143_p2  |         +|   0|  0|   32|          25|          25|
    |add_ln58_1363_fu_11665153_p2  |         +|   0|  0|   33|          26|          26|
    |add_ln58_1364_fu_11667214_p2  |         +|   0|  0|   34|          27|          27|
    |add_ln58_1365_fu_11667224_p2  |         +|   0|  0|   30|          30|          30|
    |add_ln58_1366_fu_11660254_p2  |         +|   0|  0|   31|          24|          24|
    |add_ln58_1367_fu_11652537_p2  |         +|   0|  0|   23|          23|          23|
    |add_ln58_1368_fu_11660267_p2  |         +|   0|  0|   31|          24|          24|
    |add_ln58_1369_fu_11660277_p2  |         +|   0|  0|   32|          25|          25|
    |add_ln58_136_fu_11639145_p2   |         +|   0|  0|   33|          26|          26|
    |add_ln58_1370_fu_11660283_p2  |         +|   0|  0|   30|          23|          23|
    |add_ln58_1371_fu_11660293_p2  |         +|   0|  0|   30|          23|          23|
    |add_ln58_1372_fu_11660303_p2  |         +|   0|  0|   24|          24|          24|
    |add_ln58_1373_fu_11660309_p2  |         +|   0|  0|   24|          24|          24|
    |add_ln58_1374_fu_11665165_p2  |         +|   0|  0|   26|          26|          26|
    |add_ln58_1375_fu_11660315_p2  |         +|   0|  0|   30|          23|          23|
    |add_ln58_1376_fu_11660325_p2  |         +|   0|  0|   23|          23|          23|
    |add_ln58_1377_fu_11660335_p2  |         +|   0|  0|   24|          24|          24|
    |add_ln58_1378_fu_11660341_p2  |         +|   0|  0|   24|          24|          24|
    |add_ln58_1379_fu_11660347_p2  |         +|   0|  0|   29|          22|          22|
    |add_ln58_137_fu_11639155_p2   |         +|   0|  0|   27|          27|          27|
    |add_ln58_1380_fu_11665177_p2  |         +|   0|  0|   23|          23|          23|
    |add_ln58_1381_fu_11660353_p2  |         +|   0|  0|   21|          21|          21|
    |add_ln58_1382_fu_11660363_p2  |         +|   0|  0|   29|          22|          22|
    |add_ln58_1383_fu_11665186_p2  |         +|   0|  0|   23|          23|          23|
    |add_ln58_1384_fu_11665196_p2  |         +|   0|  0|   32|          25|          25|
    |add_ln58_1385_fu_11665206_p2  |         +|   0|  0|   26|          26|          26|
    |add_ln58_1386_fu_11667232_p2  |         +|   0|  0|   30|          30|          30|
    |add_ln58_1387_fu_11667242_p2  |         +|   0|  0|   37|          30|          30|
    |add_ln58_1388_fu_11660369_p2  |         +|   0|  0|   32|          25|          25|
    |add_ln58_1389_fu_11667251_p2  |         +|   0|  0|   30|          30|          30|
    |add_ln58_138_fu_11639161_p2   |         +|   0|  0|   25|          25|          25|
    |add_ln58_1390_fu_11660375_p2  |         +|   0|  0|   32|          25|          25|
    |add_ln58_1391_fu_11660385_p2  |         +|   0|  0|   25|          25|          25|
    |add_ln58_1392_fu_11660391_p2  |         +|   0|  0|   25|          25|          25|
    |add_ln58_1393_fu_11660401_p2  |         +|   0|  0|   33|          26|          26|
    |add_ln58_1394_fu_11667260_p2  |         +|   0|  0|   30|          30|          30|
    |add_ln58_1395_fu_11660407_p2  |         +|   0|  0|   32|          25|          25|
    |add_ln58_1396_fu_11660417_p2  |         +|   0|  0|   25|          25|          25|
    |add_ln58_1397_fu_11660423_p2  |         +|   0|  0|   25|          25|          25|
    |add_ln58_1398_fu_11660433_p2  |         +|   0|  0|   33|          26|          26|
    |add_ln58_1399_fu_11660439_p2  |         +|   0|  0|   32|          25|          25|
    |add_ln58_139_fu_11639167_p2   |         +|   0|  0|   31|          24|          24|
    |add_ln58_13_fu_11632097_p2    |         +|   0|  0|   31|          24|          18|
    |add_ln58_1400_fu_11660449_p2  |         +|   0|  0|   24|          24|          24|
    |add_ln58_1401_fu_11660455_p2  |         +|   0|  0|   24|          24|          24|
    |add_ln58_1402_fu_11660465_p2  |         +|   0|  0|   33|          26|          26|
    |add_ln58_1403_fu_11665218_p2  |         +|   0|  0|   34|          27|          27|
    |add_ln58_1404_fu_11667269_p2  |         +|   0|  0|   30|          30|          30|
    |add_ln58_1405_fu_11660471_p2  |         +|   0|  0|   31|          24|          24|
    |add_ln58_1406_fu_11660481_p2  |         +|   0|  0|   31|          24|          24|
    |add_ln58_1407_fu_11660491_p2  |         +|   0|  0|   32|          25|          25|
    |add_ln58_1408_fu_11660497_p2  |         +|   0|  0|   24|          24|          24|
    |add_ln58_1409_fu_11660503_p2  |         +|   0|  0|   24|          24|          24|
    |add_ln58_140_fu_11639177_p2   |         +|   0|  0|   25|          25|          25|
    |add_ln58_1410_fu_11660509_p2  |         +|   0|  0|   24|          24|          24|
    |add_ln58_1411_fu_11665233_p2  |         +|   0|  0|   32|          25|          25|
    |add_ln58_1412_fu_11665243_p2  |         +|   0|  0|   33|          26|          26|
    |add_ln58_1413_fu_11665249_p2  |         +|   0|  0|   31|          24|          24|
    |add_ln58_1414_fu_11660515_p2  |         +|   0|  0|   23|          23|          23|
    |add_ln58_1415_fu_11660525_p2  |         +|   0|  0|   31|          24|          24|
    |add_ln58_1416_fu_11665262_p2  |         +|   0|  0|   25|          25|          25|
    |add_ln58_1417_fu_11660531_p2  |         +|   0|  0|   29|          22|          22|
    |add_ln58_1418_fu_11660541_p2  |         +|   0|  0|   22|          22|          22|
    |add_ln58_1419_fu_11660551_p2  |         +|   0|  0|   23|          23|          23|
    |add_ln58_141_fu_11639187_p2   |         +|   0|  0|   27|          27|          27|
    |add_ln58_1420_fu_11660557_p2  |         +|   0|  0|   23|          23|          23|
    |add_ln58_1421_fu_11665271_p2  |         +|   0|  0|   25|          25|          25|
    |add_ln58_1422_fu_11667281_p2  |         +|   0|  0|   34|          27|          27|
    |add_ln58_1423_fu_11667291_p2  |         +|   0|  0|   30|          30|          30|
    |add_ln58_1424_fu_11660563_p2  |         +|   0|  0|   32|          25|          25|
    |add_ln58_1425_fu_11667304_p2  |         +|   0|  0|   37|          30|          30|
    |add_ln58_1426_fu_11660569_p2  |         +|   0|  0|   25|          25|          25|
    |add_ln58_1427_fu_11660575_p2  |         +|   0|  0|   25|          25|          25|
    |add_ln58_1428_fu_11667313_p2  |         +|   0|  0|   30|          30|          30|
    |add_ln58_1429_fu_11660581_p2  |         +|   0|  0|   31|          24|          24|
    |add_ln58_142_fu_11639193_p2   |         +|   0|  0|   34|          27|          27|
    |add_ln58_1430_fu_11660591_p2  |         +|   0|  0|   32|          25|          25|
    |add_ln58_1431_fu_11660597_p2  |         +|   0|  0|   31|          24|          24|
    |add_ln58_1432_fu_11660607_p2  |         +|   0|  0|   32|          25|          25|
    |add_ln58_1433_fu_11665283_p2  |         +|   0|  0|   33|          26|          26|
    |add_ln58_1434_fu_11667322_p2  |         +|   0|  0|   30|          30|          30|
    |add_ln58_1435_fu_11660613_p2  |         +|   0|  0|   31|          24|          24|
    |add_ln58_1436_fu_11660623_p2  |         +|   0|  0|   32|          25|          25|
    |add_ln58_1437_fu_11660629_p2  |         +|   0|  0|   31|          24|          24|
    |add_ln58_1438_fu_11660639_p2  |         +|   0|  0|   32|          25|          25|
    |add_ln58_1439_fu_11665295_p2  |         +|   0|  0|   33|          26|          26|
    |add_ln58_143_fu_11639199_p2   |         +|   0|  0|   25|          25|          25|
    |add_ln58_1440_fu_11660645_p2  |         +|   0|  0|   24|          24|          24|
    |add_ln58_1441_fu_11660651_p2  |         +|   0|  0|   24|          24|          24|
    |add_ln58_1442_fu_11660657_p2  |         +|   0|  0|   23|          23|          23|
    |add_ln58_1443_fu_11660667_p2  |         +|   0|  0|   30|          23|          23|
    |add_ln58_1444_fu_11660677_p2  |         +|   0|  0|   31|          24|          24|
    |add_ln58_1445_fu_11665311_p2  |         +|   0|  0|   32|          25|          25|
    |add_ln58_1446_fu_11665321_p2  |         +|   0|  0|   34|          27|          27|
    |add_ln58_1447_fu_11667331_p2  |         +|   0|  0|   30|          30|          30|
    |add_ln58_1448_fu_11660683_p2  |         +|   0|  0|   23|          23|          23|
    |add_ln58_1449_fu_11660693_p2  |         +|   0|  0|   31|          24|          24|
    |add_ln58_144_fu_11639205_p2   |         +|   0|  0|   25|          25|          25|
    |add_ln58_1450_fu_11660699_p2  |         +|   0|  0|   30|          23|          23|
    |add_ln58_1451_fu_11660709_p2  |         +|   0|  0|   31|          24|          24|
    |add_ln58_1452_fu_11665333_p2  |         +|   0|  0|   32|          25|          25|
    |add_ln58_1453_fu_11660715_p2  |         +|   0|  0|   30|          23|          23|
    |add_ln58_1454_fu_11660725_p2  |         +|   0|  0|   31|          24|          24|
    |add_ln58_1455_fu_11660731_p2  |         +|   0|  0|   23|          23|          23|
    |add_ln58_1456_fu_11665349_p2  |         +|   0|  0|   32|          25|          25|
    |add_ln58_1457_fu_11665359_p2  |         +|   0|  0|   33|          26|          26|
    |add_ln58_1458_fu_11660751_p2  |         +|   0|  0|   30|          23|          23|
    |add_ln58_1459_fu_11660761_p2  |         +|   0|  0|   24|          24|          24|
    |add_ln58_145_fu_11639215_p2   |         +|   0|  0|   27|          27|          27|
    |add_ln58_1460_fu_11660767_p2  |         +|   0|  0|   23|          23|          23|
    |add_ln58_1461_fu_11660773_p2  |         +|   0|  0|   23|          23|          23|
    |add_ln58_1462_fu_11660783_p2  |         +|   0|  0|   24|          24|          24|
    |add_ln58_1463_fu_11660789_p2  |         +|   0|  0|   22|          22|          22|
    |add_ln58_1464_fu_11660799_p2  |         +|   0|  0|   30|          23|          23|
    |add_ln58_1465_fu_11652543_p2  |         +|   0|  0|   29|          22|          22|
    |add_ln58_1466_fu_11660808_p2  |         +|   0|  0|   21|          21|          21|
    |add_ln58_1467_fu_11660818_p2  |         +|   0|  0|   30|          23|          23|
    |add_ln58_1468_fu_11665374_p2  |         +|   0|  0|   31|          24|          24|
    |add_ln58_1469_fu_11665384_p2  |         +|   0|  0|   32|          25|          25|
    |add_ln58_146_fu_11639221_p2   |         +|   0|  0|   25|          25|          25|
    |add_ln58_1470_fu_11667343_p2  |         +|   0|  0|   34|          27|          27|
    |add_ln58_1471_fu_11667353_p2  |         +|   0|  0|   30|          30|          30|
    |add_ln58_1472_fu_11665390_p2  |         +|   0|  0|   34|          27|          27|
    |add_ln58_1473_fu_11667366_p2  |         +|   0|  0|   38|          31|          31|
    |add_ln58_1474_fu_11665396_p2  |         +|   0|  0|   33|          26|          26|
    |add_ln58_1475_fu_11660824_p2  |         +|   0|  0|   33|          26|          26|
    |add_ln58_1476_fu_11665409_p2  |         +|   0|  0|   34|          27|          27|
    |add_ln58_1477_fu_11667375_p2  |         +|   0|  0|   31|          31|          31|
    |add_ln58_1478_fu_11660830_p2  |         +|   0|  0|   32|          25|          25|
    |add_ln58_1479_fu_11660840_p2  |         +|   0|  0|   33|          26|          26|
    |add_ln58_147_fu_11632526_p2   |         +|   0|  0|   29|          22|          22|
    |add_ln58_1480_fu_11660846_p2  |         +|   0|  0|   32|          25|          25|
    |add_ln58_1481_fu_11660856_p2  |         +|   0|  0|   32|          25|          25|
    |add_ln58_1482_fu_11660866_p2  |         +|   0|  0|   33|          26|          26|
    |add_ln58_1483_fu_11665421_p2  |         +|   0|  0|   34|          27|          27|
    |add_ln58_1484_fu_11667384_p2  |         +|   0|  0|   31|          31|          31|
    |add_ln58_1485_fu_11660872_p2  |         +|   0|  0|   25|          25|          25|
    |add_ln58_1486_fu_11660878_p2  |         +|   0|  0|   25|          25|          25|
    |add_ln58_1487_fu_11660884_p2  |         +|   0|  0|   32|          25|          25|
    |add_ln58_1488_fu_11660894_p2  |         +|   0|  0|   32|          25|          25|
    |add_ln58_1489_fu_11660903_p2  |         +|   0|  0|   33|          26|          26|
    |add_ln58_148_fu_11632536_p2   |         +|   0|  0|   30|          23|          23|
    |add_ln58_1490_fu_11665433_p2  |         +|   0|  0|   34|          27|          27|
    |add_ln58_1491_fu_11660909_p2  |         +|   0|  0|   32|          25|          25|
    |add_ln58_1492_fu_11660919_p2  |         +|   0|  0|   33|          26|          26|
    |add_ln58_1493_fu_11660925_p2  |         +|   0|  0|   32|          25|          25|
    |add_ln58_1494_fu_11660935_p2  |         +|   0|  0|   31|          24|          24|
    |add_ln58_1495_fu_11660945_p2  |         +|   0|  0|   33|          26|          26|
    |add_ln58_1496_fu_11665449_p2  |         +|   0|  0|   34|          27|          27|
    |add_ln58_1497_fu_11665459_p2  |         +|   0|  0|   35|          28|          28|
    |add_ln58_1498_fu_11667393_p2  |         +|   0|  0|   31|          31|          31|
    |add_ln58_1499_fu_11660951_p2  |         +|   0|  0|   31|          24|          24|
    |add_ln58_149_fu_11639230_p2   |         +|   0|  0|   25|          25|          25|
    |add_ln58_14_fu_11629803_p2    |         +|   0|  0|   26|          19|          18|
    |add_ln58_1500_fu_11660961_p2  |         +|   0|  0|   32|          25|          25|
    |add_ln58_1501_fu_11660967_p2  |         +|   0|  0|   31|          24|          24|
    |add_ln58_1502_fu_11660977_p2  |         +|   0|  0|   31|          24|          24|
    |add_ln58_1503_fu_11660987_p2  |         +|   0|  0|   32|          25|          25|
    |add_ln58_1504_fu_11665471_p2  |         +|   0|  0|   33|          26|          26|
    |add_ln58_1505_fu_11660993_p2  |         +|   0|  0|   30|          23|          23|
    |add_ln58_1506_fu_11661003_p2  |         +|   0|  0|   24|          24|          24|
    |add_ln58_1507_fu_11661013_p2  |         +|   0|  0|   30|          23|          23|
    |add_ln58_1508_fu_11661023_p2  |         +|   0|  0|   31|          24|          24|
    |add_ln58_1509_fu_11661033_p2  |         +|   0|  0|   25|          25|          25|
    |add_ln58_150_fu_11639240_p2   |         +|   0|  0|   27|          27|          27|
    |add_ln58_1510_fu_11661039_p2  |         +|   0|  0|   25|          25|          25|
    |add_ln58_1511_fu_11665484_p2  |         +|   0|  0|   27|          27|          27|
    |add_ln58_1512_fu_11661045_p2  |         +|   0|  0|   30|          23|          23|
    |add_ln58_1513_fu_11661055_p2  |         +|   0|  0|   31|          24|          24|
    |add_ln58_1514_fu_11661061_p2  |         +|   0|  0|   22|          22|          22|
    |add_ln58_1515_fu_11652549_p2  |         +|   0|  0|   30|          23|          23|
    |add_ln58_1516_fu_11661074_p2  |         +|   0|  0|   31|          24|          24|
    |add_ln58_1517_fu_11665496_p2  |         +|   0|  0|   25|          25|          25|
    |add_ln58_1518_fu_11661080_p2  |         +|   0|  0|   22|          22|          22|
    |add_ln58_1519_fu_11661090_p2  |         +|   0|  0|   23|          23|          23|
    |add_ln58_151_fu_11639246_p2   |         +|   0|  0|   33|          26|          26|
    |add_ln58_1520_fu_11661096_p2  |         +|   0|  0|   21|          21|          21|
    |add_ln58_1521_fu_11661119_p2  |         +|   0|  0|   21|          21|          21|
    |add_ln58_1522_fu_11661129_p2  |         +|   0|  0|   23|          23|          23|
    |add_ln58_1523_fu_11665505_p2  |         +|   0|  0|   25|          25|          25|
    |add_ln58_1524_fu_11665515_p2  |         +|   0|  0|   27|          27|          27|
    |add_ln58_1525_fu_11667402_p2  |         +|   0|  0|   31|          31|          31|
    |add_ln58_1526_fu_11665521_p2  |         +|   0|  0|   38|          31|          31|
    |add_ln58_1527_fu_11661135_p2  |         +|   0|  0|   33|          26|          26|
    |add_ln58_1528_fu_11665530_p2  |         +|   0|  0|   34|          27|          27|
    |add_ln58_1529_fu_11665540_p2  |         +|   0|  0|   31|          31|          31|
    |add_ln58_152_fu_11639252_p2   |         +|   0|  0|   31|          24|          24|
    |add_ln58_1530_fu_11661141_p2  |         +|   0|  0|   25|          25|          25|
    |add_ln58_1531_fu_11661147_p2  |         +|   0|  0|   25|          25|          25|
    |add_ln58_1532_fu_11661153_p2  |         +|   0|  0|   32|          25|          25|
    |add_ln58_1533_fu_11661163_p2  |         +|   0|  0|   33|          26|          26|
    |add_ln58_1534_fu_11665552_p2  |         +|   0|  0|   34|          27|          27|
    |add_ln58_1535_fu_11665562_p2  |         +|   0|  0|   31|          31|          31|
    |add_ln58_1536_fu_11661169_p2  |         +|   0|  0|   32|          25|          25|
    |add_ln58_1537_fu_11661179_p2  |         +|   0|  0|   33|          26|          26|
    |add_ln58_1538_fu_11661185_p2  |         +|   0|  0|   32|          25|          25|
    |add_ln58_1539_fu_11661195_p2  |         +|   0|  0|   33|          26|          26|
    |add_ln58_153_fu_11639262_p2   |         +|   0|  0|   26|          26|          26|
    |add_ln58_1540_fu_11665574_p2  |         +|   0|  0|   27|          27|          27|
    |add_ln58_1541_fu_11661201_p2  |         +|   0|  0|   32|          25|          25|
    |add_ln58_1542_fu_11661211_p2  |         +|   0|  0|   26|          26|          26|
    |add_ln58_1543_fu_11652555_p2  |         +|   0|  0|   25|          25|          25|
    |add_ln58_1544_fu_11652561_p2  |         +|   0|  0|   25|          25|          25|
    |add_ln58_1545_fu_11661220_p2  |         +|   0|  0|   26|          26|          26|
    |add_ln58_1546_fu_11665583_p2  |         +|   0|  0|   27|          27|          27|
    |add_ln58_1547_fu_11667415_p2  |         +|   0|  0|   31|          31|          31|
    |add_ln58_1548_fu_11661226_p2  |         +|   0|  0|   31|          24|          24|
    |add_ln58_1549_fu_11661236_p2  |         +|   0|  0|   32|          25|          25|
    |add_ln58_154_fu_11639268_p2   |         +|   0|  0|   24|          24|          24|
    |add_ln58_1550_fu_11661242_p2  |         +|   0|  0|   31|          24|          24|
    |add_ln58_1551_fu_11661252_p2  |         +|   0|  0|   32|          25|          25|
    |add_ln58_1552_fu_11665595_p2  |         +|   0|  0|   26|          26|          26|
    |add_ln58_1553_fu_11661258_p2  |         +|   0|  0|   24|          24|          24|
    |add_ln58_1554_fu_11661264_p2  |         +|   0|  0|   24|          24|          24|
    |add_ln58_1555_fu_11661270_p2  |         +|   0|  0|   30|          23|          23|
    |add_ln58_1556_fu_11661280_p2  |         +|   0|  0|   31|          24|          24|
    |add_ln58_1557_fu_11665607_p2  |         +|   0|  0|   32|          25|          25|
    |add_ln58_1558_fu_11665617_p2  |         +|   0|  0|   26|          26|          26|
    |add_ln58_1559_fu_11661286_p2  |         +|   0|  0|   30|          23|          23|
    |add_ln58_155_fu_11632542_p2   |         +|   0|  0|   22|          22|          22|
    |add_ln58_1560_fu_11661296_p2  |         +|   0|  0|   24|          24|          24|
    |add_ln58_1561_fu_11661302_p2  |         +|   0|  0|   22|          22|          22|
    |add_ln58_1562_fu_11661312_p2  |         +|   0|  0|   30|          23|          23|
    |add_ln58_1563_fu_11661322_p2  |         +|   0|  0|   24|          24|          24|
    |add_ln58_1564_fu_11661328_p2  |         +|   0|  0|   22|          22|          22|
    |add_ln58_1565_fu_11661334_p2  |         +|   0|  0|   22|          22|          22|
    |add_ln58_1566_fu_11661340_p2  |         +|   0|  0|   25|          18|          18|
    |add_ln58_1567_fu_11661350_p2  |         +|   0|  0|   20|          20|          20|
    |add_ln58_1568_fu_11665632_p2  |         +|   0|  0|   30|          23|          23|
    |add_ln58_1569_fu_11665642_p2  |         +|   0|  0|   32|          25|          25|
    |add_ln58_156_fu_11639277_p2   |         +|   0|  0|   24|          24|          24|
    |add_ln58_1570_fu_11667426_p2  |         +|   0|  0|   34|          27|          27|
    |add_ln58_1571_fu_11667436_p2  |         +|   0|  0|   31|          31|          31|
    |add_ln58_1572_fu_11661356_p2  |         +|   0|  0|   34|          27|          27|
    |add_ln58_1573_fu_11665651_p2  |         +|   0|  0|   38|          31|          31|
    |add_ln58_1574_fu_11661362_p2  |         +|   0|  0|   32|          25|          25|
    |add_ln58_1575_fu_11661372_p2  |         +|   0|  0|   32|          25|          25|
    |add_ln58_1576_fu_11661382_p2  |         +|   0|  0|   33|          26|          26|
    |add_ln58_1577_fu_11665660_p2  |         +|   0|  0|   31|          31|          31|
    |add_ln58_1578_fu_11661388_p2  |         +|   0|  0|   32|          25|          25|
    |add_ln58_1579_fu_11661398_p2  |         +|   0|  0|   33|          26|          26|
    |add_ln58_157_fu_11639287_p2   |         +|   0|  0|   26|          26|          26|
    |add_ln58_1580_fu_11661404_p2  |         +|   0|  0|   32|          25|          25|
    |add_ln58_1581_fu_11661414_p2  |         +|   0|  0|   32|          25|          25|
    |add_ln58_1582_fu_11661424_p2  |         +|   0|  0|   33|          26|          26|
    |add_ln58_1583_fu_11665672_p2  |         +|   0|  0|   34|          27|          27|
    |add_ln58_1584_fu_11665682_p2  |         +|   0|  0|   31|          31|          31|
    |add_ln58_1585_fu_11661430_p2  |         +|   0|  0|   32|          25|          25|
    |add_ln58_1586_fu_11661440_p2  |         +|   0|  0|   33|          26|          26|
    |add_ln58_1587_fu_11661446_p2  |         +|   0|  0|   25|          25|          25|
    |add_ln58_1588_fu_11661456_p2  |         +|   0|  0|   32|          25|          25|
    |add_ln58_1589_fu_11661466_p2  |         +|   0|  0|   33|          26|          26|
    |add_ln58_158_fu_11639293_p2   |         +|   0|  0|   33|          26|          26|
    |add_ln58_1590_fu_11665694_p2  |         +|   0|  0|   34|          27|          27|
    |add_ln58_1591_fu_11661472_p2  |         +|   0|  0|   32|          25|          25|
    |add_ln58_1592_fu_11661482_p2  |         +|   0|  0|   32|          25|          25|
    |add_ln58_1593_fu_11661492_p2  |         +|   0|  0|   33|          26|          26|
    |add_ln58_1594_fu_11661498_p2  |         +|   0|  0|   32|          25|          25|
    |add_ln58_1595_fu_11661508_p2  |         +|   0|  0|   32|          25|          25|
    |add_ln58_1596_fu_11661518_p2  |         +|   0|  0|   33|          26|          26|
    |add_ln58_1597_fu_11665710_p2  |         +|   0|  0|   34|          27|          27|
    |add_ln58_1598_fu_11665720_p2  |         +|   0|  0|   35|          28|          28|
    |add_ln58_1599_fu_11667449_p2  |         +|   0|  0|   31|          31|          31|
    |add_ln58_159_fu_11647368_p2   |         +|   0|  0|   35|          28|          28|
    |add_ln58_15_fu_11629831_p2    |         +|   0|  0|   22|          22|          18|
    |add_ln58_1600_fu_11661524_p2  |         +|   0|  0|   25|          25|          25|
    |add_ln58_1601_fu_11661530_p2  |         +|   0|  0|   25|          25|          25|
    |add_ln58_1602_fu_11661536_p2  |         +|   0|  0|   32|          25|          25|
    |add_ln58_1603_fu_11661546_p2  |         +|   0|  0|   32|          25|          25|
    |add_ln58_1604_fu_11661556_p2  |         +|   0|  0|   33|          26|          26|
    |add_ln58_1605_fu_11665732_p2  |         +|   0|  0|   34|          27|          27|
    |add_ln58_1606_fu_11652567_p2  |         +|   0|  0|   31|          24|          24|
    |add_ln58_1607_fu_11652577_p2  |         +|   0|  0|   25|          25|          25|
    |add_ln58_1608_fu_11652583_p2  |         +|   0|  0|   25|          25|          25|
    |add_ln58_1609_fu_11665738_p2  |         +|   0|  0|   31|          24|          24|
    |add_ln58_160_fu_11639299_p2   |         +|   0|  0|   25|          25|          25|
    |add_ln58_1610_fu_11665748_p2  |         +|   0|  0|   24|          24|          24|
    |add_ln58_1611_fu_11665758_p2  |         +|   0|  0|   32|          25|          25|
    |add_ln58_1612_fu_11667463_p2  |         +|   0|  0|   33|          26|          26|
    |add_ln58_1613_fu_11667473_p2  |         +|   0|  0|   28|          28|          28|
    |add_ln58_1614_fu_11661562_p2  |         +|   0|  0|   23|          23|          23|
    |add_ln58_1615_fu_11661572_p2  |         +|   0|  0|   31|          24|          24|
    |add_ln58_1616_fu_11661578_p2  |         +|   0|  0|   30|          23|          23|
    |add_ln58_1617_fu_11661588_p2  |         +|   0|  0|   30|          23|          23|
    |add_ln58_1618_fu_11661598_p2  |         +|   0|  0|   31|          24|          24|
    |add_ln58_1619_fu_11665770_p2  |         +|   0|  0|   25|          25|          25|
    |add_ln58_161_fu_11639309_p2   |         +|   0|  0|   33|          26|          26|
    |add_ln58_1620_fu_11665776_p2  |         +|   0|  0|   22|          22|          22|
    |add_ln58_1621_fu_11661604_p2  |         +|   0|  0|   28|          21|          21|
    |add_ln58_1622_fu_11665785_p2  |         +|   0|  0|   22|          22|          22|
    |add_ln58_1623_fu_11661610_p2  |         +|   0|  0|   19|          19|          19|
    |add_ln58_1624_fu_11661620_p2  |         +|   0|  0|   24|          17|          17|
    |add_ln58_1625_fu_11661630_p2  |         +|   0|  0|   27|          20|          20|
    |add_ln58_1626_fu_11665798_p2  |         +|   0|  0|   30|          23|          23|
    |add_ln58_1627_fu_11665808_p2  |         +|   0|  0|   25|          25|          25|
    |add_ln58_1628_fu_11667482_p2  |         +|   0|  0|   28|          28|          28|
    |add_ln58_1629_fu_11667492_p2  |         +|   0|  0|   31|          31|          31|
    |add_ln58_162_fu_11647377_p2   |         +|   0|  0|   28|          28|          28|
    |add_ln58_1630_fu_11665814_p2  |         +|   0|  0|   31|          31|          31|
    |add_ln58_1631_fu_11665820_p2  |         +|   0|  0|   34|          27|          27|
    |add_ln58_1632_fu_11665830_p2  |         +|   0|  0|   31|          31|          31|
    |add_ln58_1633_fu_11652589_p2  |         +|   0|  0|   33|          26|          26|
    |add_ln58_1634_fu_11652599_p2  |         +|   0|  0|   33|          26|          26|
    |add_ln58_1635_fu_11652609_p2  |         +|   0|  0|   34|          27|          27|
    |add_ln58_1636_fu_11665839_p2  |         +|   0|  0|   31|          31|          31|
    |add_ln58_1637_fu_11661636_p2  |         +|   0|  0|   33|          26|          26|
    |add_ln58_1638_fu_11661646_p2  |         +|   0|  0|   33|          26|          26|
    |add_ln58_1639_fu_11661656_p2  |         +|   0|  0|   34|          27|          27|
    |add_ln58_163_fu_11639315_p2   |         +|   0|  0|   24|          24|          24|
    |add_ln58_1640_fu_11661662_p2  |         +|   0|  0|   33|          26|          26|
    |add_ln58_1641_fu_11661672_p2  |         +|   0|  0|   26|          26|          26|
    |add_ln58_1642_fu_11661678_p2  |         +|   0|  0|   26|          26|          26|
    |add_ln58_1643_fu_11661688_p2  |         +|   0|  0|   34|          27|          27|
    |add_ln58_1644_fu_11665851_p2  |         +|   0|  0|   35|          28|          28|
    |add_ln58_1645_fu_11665861_p2  |         +|   0|  0|   31|          31|          31|
    |add_ln58_1646_fu_11661694_p2  |         +|   0|  0|   33|          26|          26|
    |add_ln58_1647_fu_11661704_p2  |         +|   0|  0|   33|          26|          26|
    |add_ln58_1648_fu_11661714_p2  |         +|   0|  0|   27|          27|          27|
    |add_ln58_1649_fu_11661720_p2  |         +|   0|  0|   26|          26|          26|
    |add_ln58_164_fu_11639325_p2   |         +|   0|  0|   25|          25|          25|
    |add_ln58_1650_fu_11661726_p2  |         +|   0|  0|   32|          25|          25|
    |add_ln58_1651_fu_11661736_p2  |         +|   0|  0|   26|          26|          26|
    |add_ln58_1652_fu_11661746_p2  |         +|   0|  0|   27|          27|          27|
    |add_ln58_1653_fu_11661752_p2  |         +|   0|  0|   32|          25|          25|
    |add_ln58_1654_fu_11661762_p2  |         +|   0|  0|   25|          25|          25|
    |add_ln58_1655_fu_11661772_p2  |         +|   0|  0|   33|          26|          26|
    |add_ln58_1656_fu_11661778_p2  |         +|   0|  0|   32|          25|          25|
    |add_ln58_1657_fu_11661784_p2  |         +|   0|  0|   32|          25|          25|
    |add_ln58_1658_fu_11661794_p2  |         +|   0|  0|   33|          26|          26|
    |add_ln58_1659_fu_11665879_p2  |         +|   0|  0|   27|          27|          27|
    |add_ln58_165_fu_11632548_p2   |         +|   0|  0|   29|          22|          22|
    |add_ln58_1660_fu_11665885_p2  |         +|   0|  0|   27|          27|          27|
    |add_ln58_1661_fu_11665895_p2  |         +|   0|  0|   35|          28|          28|
    |add_ln58_1662_fu_11667505_p2  |         +|   0|  0|   31|          31|          31|
    |add_ln58_1663_fu_11661800_p2  |         +|   0|  0|   32|          25|          25|
    |add_ln58_1664_fu_11661806_p2  |         +|   0|  0|   32|          25|          25|
    |add_ln58_1665_fu_11665907_p2  |         +|   0|  0|   26|          26|          26|
    |add_ln58_1666_fu_11661812_p2  |         +|   0|  0|   31|          24|          24|
    |add_ln58_1667_fu_11661822_p2  |         +|   0|  0|   31|          24|          24|
    |add_ln58_1668_fu_11661832_p2  |         +|   0|  0|   32|          25|          25|
    |add_ln58_1669_fu_11665916_p2  |         +|   0|  0|   26|          26|          26|
    |add_ln58_166_fu_11639334_p2   |         +|   0|  0|   30|          23|          23|
    |add_ln58_1670_fu_11661838_p2  |         +|   0|  0|   31|          24|          24|
    |add_ln58_1671_fu_11661848_p2  |         +|   0|  0|   31|          24|          24|
    |add_ln58_1672_fu_11661858_p2  |         +|   0|  0|   32|          25|          25|
    |add_ln58_1673_fu_11661864_p2  |         +|   0|  0|   23|          23|          23|
    |add_ln58_1674_fu_11661874_p2  |         +|   0|  0|   30|          23|          23|
    |add_ln58_1675_fu_11661884_p2  |         +|   0|  0|   24|          24|          24|
    |add_ln58_1676_fu_11661890_p2  |         +|   0|  0|   24|          24|          24|
    |add_ln58_1677_fu_11665932_p2  |         +|   0|  0|   33|          26|          26|
    |add_ln58_1678_fu_11665942_p2  |         +|   0|  0|   34|          27|          27|
    |add_ln58_1679_fu_11661896_p2  |         +|   0|  0|   30|          23|          23|
    |add_ln58_167_fu_11639344_p2   |         +|   0|  0|   25|          25|          25|
    |add_ln58_1680_fu_11661906_p2  |         +|   0|  0|   29|          22|          22|
    |add_ln58_1681_fu_11661915_p2  |         +|   0|  0|   31|          24|          24|
    |add_ln58_1682_fu_11661921_p2  |         +|   0|  0|   22|          22|          22|
    |add_ln58_1683_fu_11661931_p2  |         +|   0|  0|   30|          23|          23|
    |add_ln58_1684_fu_11661941_p2  |         +|   0|  0|   31|          24|          24|
    |add_ln58_1685_fu_11665954_p2  |         +|   0|  0|   25|          25|          25|
    |add_ln58_1686_fu_11661947_p2  |         +|   0|  0|   22|          22|          22|
    |add_ln58_1687_fu_11652615_p2  |         +|   0|  0|   29|          22|          22|
    |add_ln58_1688_fu_11661960_p2  |         +|   0|  0|   30|          23|          23|
    |add_ln58_1689_fu_11661966_p2  |         +|   0|  0|   22|          22|          22|
    |add_ln58_168_fu_11647386_p2   |         +|   0|  0|   28|          28|          28|
    |add_ln58_1690_fu_11652621_p2  |         +|   0|  0|   19|          19|          19|
    |add_ln58_1691_fu_11661975_p2  |         +|   0|  0|   28|          21|          21|
    |add_ln58_1692_fu_11661985_p2  |         +|   0|  0|   22|          22|          22|
    |add_ln58_1693_fu_11665966_p2  |         +|   0|  0|   31|          24|          24|
    |add_ln58_1694_fu_11665976_p2  |         +|   0|  0|   25|          25|          25|
    |add_ln58_1695_fu_11667516_p2  |         +|   0|  0|   35|          28|          28|
    |add_ln58_1696_fu_11667526_p2  |         +|   0|  0|   31|          31|          31|
    |add_ln58_1697_fu_11665982_p2  |         +|   0|  0|   34|          27|          27|
    |add_ln58_1698_fu_11665992_p2  |         +|   0|  0|   38|          31|          31|
    |add_ln58_1699_fu_11661991_p2  |         +|   0|  0|   26|          26|          26|
    |add_ln58_169_fu_11639350_p2   |         +|   0|  0|   32|          25|          25|
    |add_ln58_16_fu_11632066_p2    |         +|   0|  0|   26|          19|          19|
    |add_ln58_1700_fu_11661997_p2  |         +|   0|  0|   26|          26|          26|
    |add_ln58_1701_fu_11667539_p2  |         +|   0|  0|   31|          31|          31|
    |add_ln58_1702_fu_11665998_p2  |         +|   0|  0|   26|          26|          26|
    |add_ln58_1703_fu_11666004_p2  |         +|   0|  0|   26|          26|          26|
    |add_ln58_1704_fu_11666010_p2  |         +|   0|  0|   33|          26|          26|
    |add_ln58_1705_fu_11662003_p2  |         +|   0|  0|   33|          26|          26|
    |add_ln58_1706_fu_11666023_p2  |         +|   0|  0|   34|          27|          27|
    |add_ln58_1707_fu_11667550_p2  |         +|   0|  0|   35|          28|          28|
    |add_ln58_1708_fu_11667560_p2  |         +|   0|  0|   31|          31|          31|
    |add_ln58_1709_fu_11662009_p2  |         +|   0|  0|   32|          25|          25|
    |add_ln58_170_fu_11647399_p2   |         +|   0|  0|   28|          28|          28|
    |add_ln58_1710_fu_11662019_p2  |         +|   0|  0|   33|          26|          26|
    |add_ln58_1711_fu_11662025_p2  |         +|   0|  0|   25|          25|          25|
    |add_ln58_1712_fu_11662031_p2  |         +|   0|  0|   25|          25|          25|
    |add_ln58_1713_fu_11666035_p2  |         +|   0|  0|   34|          27|          27|
    |add_ln58_1714_fu_11662037_p2  |         +|   0|  0|   32|          25|          25|
    |add_ln58_1715_fu_11662047_p2  |         +|   0|  0|   33|          26|          26|
    |add_ln58_1716_fu_11662053_p2  |         +|   0|  0|   32|          25|          25|
    |add_ln58_1717_fu_11662063_p2  |         +|   0|  0|   32|          25|          25|
    |add_ln58_1718_fu_11662073_p2  |         +|   0|  0|   33|          26|          26|
    |add_ln58_1719_fu_11666051_p2  |         +|   0|  0|   34|          27|          27|
    |add_ln58_171_fu_11639356_p2   |         +|   0|  0|   25|          25|          25|
    |add_ln58_1720_fu_11666061_p2  |         +|   0|  0|   35|          28|          28|
    |add_ln58_1721_fu_11667569_p2  |         +|   0|  0|   31|          31|          31|
    |add_ln58_1722_fu_11662079_p2  |         +|   0|  0|   32|          25|          25|
    |add_ln58_1723_fu_11662089_p2  |         +|   0|  0|   26|          26|          26|
    |add_ln58_1724_fu_11652627_p2  |         +|   0|  0|   31|          24|          24|
    |add_ln58_1725_fu_11662098_p2  |         +|   0|  0|   32|          25|          25|
    |add_ln58_1726_fu_11662108_p2  |         +|   0|  0|   26|          26|          26|
    |add_ln58_1727_fu_11662114_p2  |         +|   0|  0|   25|          25|          25|
    |add_ln58_1728_fu_11662120_p2  |         +|   0|  0|   25|          25|          25|
    |add_ln58_1729_fu_11662126_p2  |         +|   0|  0|   31|          24|          24|
    |add_ln58_172_fu_11639366_p2   |         +|   0|  0|   33|          26|          26|
    |add_ln58_1730_fu_11662136_p2  |         +|   0|  0|   30|          23|          23|
    |add_ln58_1731_fu_11662146_p2  |         +|   0|  0|   32|          25|          25|
    |add_ln58_1732_fu_11666076_p2  |         +|   0|  0|   33|          26|          26|
    |add_ln58_1733_fu_11666086_p2  |         +|   0|  0|   27|          27|          27|
    |add_ln58_1734_fu_11662152_p2  |         +|   0|  0|   23|          23|          23|
    |add_ln58_1735_fu_11662162_p2  |         +|   0|  0|   31|          24|          24|
    |add_ln58_1736_fu_11662168_p2  |         +|   0|  0|   30|          23|          23|
    |add_ln58_1737_fu_11662178_p2  |         +|   0|  0|   31|          24|          24|
    |add_ln58_1738_fu_11666098_p2  |         +|   0|  0|   25|          25|          25|
    |add_ln58_1739_fu_11662184_p2  |         +|   0|  0|   21|          21|          21|
    |add_ln58_173_fu_11647408_p2   |         +|   0|  0|   28|          28|          28|
    |add_ln58_1740_fu_11662194_p2  |         +|   0|  0|   29|          22|          22|
    |add_ln58_1741_fu_11662200_p2  |         +|   0|  0|   21|          21|          21|
    |add_ln58_1742_fu_11662220_p2  |         +|   0|  0|   21|          21|          21|
    |add_ln58_1743_fu_11666110_p2  |         +|   0|  0|   30|          23|          23|
    |add_ln58_1744_fu_11666120_p2  |         +|   0|  0|   25|          25|          25|
    |add_ln58_1745_fu_11666130_p2  |         +|   0|  0|   27|          27|          27|
    |add_ln58_1746_fu_11667578_p2  |         +|   0|  0|   31|          31|          31|
    |add_ln58_1747_fu_11641220_p2  |         +|   0|  0|   35|          28|          28|
    |add_ln58_1748_fu_11652636_p2  |         +|   0|  0|   36|          29|          29|
    |add_ln58_1749_fu_11641226_p2  |         +|   0|  0|   33|          26|          26|
    |add_ln58_174_fu_11639372_p2   |         +|   0|  0|   32|          25|          25|
    |add_ln58_1750_fu_11641236_p2  |         +|   0|  0|   25|          25|          25|
    |add_ln58_1751_fu_11641246_p2  |         +|   0|  0|   34|          27|          27|
    |add_ln58_1752_fu_11652645_p2  |         +|   0|  0|   29|          29|          29|
    |add_ln58_1753_fu_11641252_p2  |         +|   0|  0|   25|          25|          25|
    |add_ln58_1754_fu_11641258_p2  |         +|   0|  0|   24|          24|          24|
    |add_ln58_1755_fu_11641268_p2  |         +|   0|  0|   25|          25|          25|
    |add_ln58_1756_fu_11632646_p2  |         +|   0|  0|   23|          23|          23|
    |add_ln58_1757_fu_11632652_p2  |         +|   0|  0|   27|          20|          20|
    |add_ln58_1758_fu_11632662_p2  |         +|   0|  0|   23|          23|          23|
    |add_ln58_1759_fu_11641281_p2  |         +|   0|  0|   33|          26|          26|
    |add_ln58_175_fu_11647421_p2   |         +|   0|  0|   34|          27|          27|
    |add_ln58_1760_fu_11652654_p2  |         +|   0|  0|   29|          29|          29|
    |add_ln58_1761_fu_11662229_p2  |         +|   0|  0|   37|          30|          30|
    |add_ln58_1762_fu_11652660_p2  |         +|   0|  0|   34|          27|          27|
    |add_ln58_1763_fu_11662238_p2  |         +|   0|  0|   30|          30|          30|
    |add_ln58_1764_fu_11652666_p2  |         +|   0|  0|   33|          26|          26|
    |add_ln58_1765_fu_11652676_p2  |         +|   0|  0|   33|          26|          26|
    |add_ln58_1766_fu_11652686_p2  |         +|   0|  0|   34|          27|          27|
    |add_ln58_1767_fu_11662247_p2  |         +|   0|  0|   30|          30|          30|
    |add_ln58_1768_fu_11652692_p2  |         +|   0|  0|   33|          26|          26|
    |add_ln58_1769_fu_11652702_p2  |         +|   0|  0|   33|          26|          26|
    |add_ln58_176_fu_11647427_p2   |         +|   0|  0|   25|          25|          25|
    |add_ln58_1770_fu_11652712_p2  |         +|   0|  0|   34|          27|          27|
    |add_ln58_1771_fu_11652718_p2  |         +|   0|  0|   33|          26|          26|
    |add_ln58_1772_fu_11652728_p2  |         +|   0|  0|   32|          25|          25|
    |add_ln58_1773_fu_11652738_p2  |         +|   0|  0|   34|          27|          27|
    |add_ln58_1774_fu_11662259_p2  |         +|   0|  0|   35|          28|          28|
    |add_ln58_1775_fu_11662269_p2  |         +|   0|  0|   30|          30|          30|
    |add_ln58_1776_fu_11652744_p2  |         +|   0|  0|   32|          25|          25|
    |add_ln58_1777_fu_11652754_p2  |         +|   0|  0|   32|          25|          25|
    |add_ln58_1778_fu_11652764_p2  |         +|   0|  0|   33|          26|          26|
    |add_ln58_1779_fu_11652770_p2  |         +|   0|  0|   32|          25|          25|
    |add_ln58_177_fu_11647433_p2   |         +|   0|  0|   25|          25|          25|
    |add_ln58_1780_fu_11652780_p2  |         +|   0|  0|   31|          24|          24|
    |add_ln58_1781_fu_11652790_p2  |         +|   0|  0|   33|          26|          26|
    |add_ln58_1782_fu_11662281_p2  |         +|   0|  0|   27|          27|          27|
    |add_ln58_1783_fu_11652796_p2  |         +|   0|  0|   31|          24|          24|
    |add_ln58_1784_fu_11652806_p2  |         +|   0|  0|   24|          24|          24|
    |add_ln58_1785_fu_11652816_p2  |         +|   0|  0|   32|          25|          25|
    |add_ln58_1786_fu_11652822_p2  |         +|   0|  0|   23|          23|          23|
    |add_ln58_1787_fu_11641287_p2  |         +|   0|  0|   22|          22|          22|
    |add_ln58_1788_fu_11652835_p2  |         +|   0|  0|   30|          23|          23|
    |add_ln58_1789_fu_11652845_p2  |         +|   0|  0|   31|          24|          24|
    |add_ln58_178_fu_11647443_p2   |         +|   0|  0|   27|          27|          27|
    |add_ln58_1790_fu_11662293_p2  |         +|   0|  0|   33|          26|          26|
    |add_ln58_1791_fu_11662303_p2  |         +|   0|  0|   27|          27|          27|
    |add_ln58_1792_fu_11662313_p2  |         +|   0|  0|   30|          30|          30|
    |add_ln58_1793_fu_11662319_p2  |         +|   0|  0|   35|          28|          28|
    |add_ln58_1794_fu_11666142_p2  |         +|   0|  0|   38|          31|          31|
    |add_ln58_1795_fu_11662325_p2  |         +|   0|  0|   34|          27|          27|
    |add_ln58_1796_fu_11662335_p2  |         +|   0|  0|   35|          28|          28|
    |add_ln58_1797_fu_11666151_p2  |         +|   0|  0|   31|          31|          31|
    |add_ln58_1798_fu_11662341_p2  |         +|   0|  0|   34|          27|          27|
    |add_ln58_1799_fu_11662351_p2  |         +|   0|  0|   28|          28|          28|
    |add_ln58_179_fu_11639378_p2   |         +|   0|  0|   30|          23|          23|
    |add_ln58_17_fu_11632110_p2    |         +|   0|  0|   30|          23|          23|
    |add_ln58_1800_fu_11652851_p2  |         +|   0|  0|   33|          26|          26|
    |add_ln58_1801_fu_11652861_p2  |         +|   0|  0|   33|          26|          26|
    |add_ln58_1802_fu_11652871_p2  |         +|   0|  0|   34|          27|          27|
    |add_ln58_1803_fu_11662360_p2  |         +|   0|  0|   28|          28|          28|
    |add_ln58_1804_fu_11666160_p2  |         +|   0|  0|   31|          31|          31|
    |add_ln58_1805_fu_11652877_p2  |         +|   0|  0|   26|          26|          26|
    |add_ln58_1806_fu_11652883_p2  |         +|   0|  0|   26|          26|          26|
    |add_ln58_1807_fu_11652889_p2  |         +|   0|  0|   33|          26|          26|
    |add_ln58_1808_fu_11652899_p2  |         +|   0|  0|   33|          26|          26|
    |add_ln58_1809_fu_11652909_p2  |         +|   0|  0|   34|          27|          27|
    |add_ln58_180_fu_11639388_p2   |         +|   0|  0|   31|          24|          24|
    |add_ln58_1810_fu_11662372_p2  |         +|   0|  0|   35|          28|          28|
    |add_ln58_1811_fu_11662378_p2  |         +|   0|  0|   26|          26|          26|
    |add_ln58_1812_fu_11662384_p2  |         +|   0|  0|   26|          26|          26|
    |add_ln58_1813_fu_11662394_p2  |         +|   0|  0|   33|          26|          26|
    |add_ln58_1814_fu_11652915_p2  |         +|   0|  0|   32|          25|          25|
    |add_ln58_1815_fu_11662407_p2  |         +|   0|  0|   27|          27|          27|
    |add_ln58_1816_fu_11662413_p2  |         +|   0|  0|   27|          27|          27|
    |add_ln58_1817_fu_11666172_p2  |         +|   0|  0|   36|          29|          29|
    |add_ln58_1818_fu_11666182_p2  |         +|   0|  0|   31|          31|          31|
    |add_ln58_1819_fu_11652921_p2  |         +|   0|  0|   32|          25|          25|
    |add_ln58_181_fu_11639394_p2   |         +|   0|  0|   23|          23|          23|
    |add_ln58_1820_fu_11652931_p2  |         +|   0|  0|   33|          26|          26|
    |add_ln58_1821_fu_11652937_p2  |         +|   0|  0|   32|          25|          25|
    |add_ln58_1822_fu_11652947_p2  |         +|   0|  0|   33|          26|          26|
    |add_ln58_1823_fu_11662425_p2  |         +|   0|  0|   34|          27|          27|
    |add_ln58_1824_fu_11652953_p2  |         +|   0|  0|   32|          25|          25|
    |add_ln58_1825_fu_11652963_p2  |         +|   0|  0|   33|          26|          26|
    |add_ln58_1826_fu_11652969_p2  |         +|   0|  0|   32|          25|          25|
    |add_ln58_1827_fu_11652979_p2  |         +|   0|  0|   32|          25|          25|
    |add_ln58_1828_fu_11652989_p2  |         +|   0|  0|   33|          26|          26|
    |add_ln58_1829_fu_11662441_p2  |         +|   0|  0|   34|          27|          27|
    |add_ln58_182_fu_11639400_p2   |         +|   0|  0|   23|          23|          23|
    |add_ln58_1830_fu_11662451_p2  |         +|   0|  0|   28|          28|          28|
    |add_ln58_1831_fu_11652995_p2  |         +|   0|  0|   32|          25|          25|
    |add_ln58_1832_fu_11662460_p2  |         +|   0|  0|   33|          26|          26|
    |add_ln58_1833_fu_11653001_p2  |         +|   0|  0|   32|          25|          25|
    |add_ln58_1834_fu_11653007_p2  |         +|   0|  0|   32|          25|          25|
    |add_ln58_1835_fu_11662476_p2  |         +|   0|  0|   33|          26|          26|
    |add_ln58_1836_fu_11662486_p2  |         +|   0|  0|   27|          27|          27|
    |add_ln58_1837_fu_11653013_p2  |         +|   0|  0|   24|          24|          24|
    |add_ln58_1838_fu_11653019_p2  |         +|   0|  0|   24|          24|          24|
    |add_ln58_1839_fu_11653029_p2  |         +|   0|  0|   24|          24|          24|
    |add_ln58_183_fu_11647455_p2   |         +|   0|  0|   32|          25|          25|
    |add_ln58_1840_fu_11641293_p2  |         +|   0|  0|   22|          22|          22|
    |add_ln58_1841_fu_11653038_p2  |         +|   0|  0|   24|          24|          24|
    |add_ln58_1842_fu_11653048_p2  |         +|   0|  0|   32|          25|          25|
    |add_ln58_1843_fu_11662495_p2  |         +|   0|  0|   27|          27|          27|
    |add_ln58_1844_fu_11662505_p2  |         +|   0|  0|   28|          28|          28|
    |add_ln58_1845_fu_11666191_p2  |         +|   0|  0|   31|          31|          31|
    |add_ln58_1846_fu_11667591_p2  |         +|   0|  0|   39|          32|          32|
    |add_ln58_1847_fu_11666197_p2  |         +|   0|  0|   26|          26|          26|
    |add_ln58_1848_fu_11666203_p2  |         +|   0|  0|   26|          26|          26|
    |add_ln58_1849_fu_11667600_p2  |         +|   0|  0|   32|          32|          32|
    |add_ln58_184_fu_11647465_p2   |         +|   0|  0|   27|          27|          27|
    |add_ln58_1850_fu_11666209_p2  |         +|   0|  0|   33|          26|          26|
    |add_ln58_1851_fu_11662511_p2  |         +|   0|  0|   26|          26|          26|
    |add_ln58_1852_fu_11662517_p2  |         +|   0|  0|   26|          26|          26|
    |add_ln58_1853_fu_11666222_p2  |         +|   0|  0|   34|          27|          27|
    |add_ln58_1854_fu_11667609_p2  |         +|   0|  0|   32|          32|          32|
    |add_ln58_1855_fu_11662523_p2  |         +|   0|  0|   33|          26|          26|
    |add_ln58_1856_fu_11662529_p2  |         +|   0|  0|   26|          26|          26|
    |add_ln58_1857_fu_11662535_p2  |         +|   0|  0|   26|          26|          26|
    |add_ln58_1858_fu_11666234_p2  |         +|   0|  0|   34|          27|          27|
    |add_ln58_1859_fu_11662541_p2  |         +|   0|  0|   32|          25|          25|
    |add_ln58_185_fu_11639406_p2   |         +|   0|  0|   33|          26|          26|
    |add_ln58_1860_fu_11662551_p2  |         +|   0|  0|   25|          25|          25|
    |add_ln58_1861_fu_11662557_p2  |         +|   0|  0|   25|          25|          25|
    |add_ln58_1862_fu_11662567_p2  |         +|   0|  0|   33|          26|          26|
    |add_ln58_1863_fu_11666247_p2  |         +|   0|  0|   35|          28|          28|
    |add_ln58_1864_fu_11667618_p2  |         +|   0|  0|   32|          32|          32|
    |add_ln58_1865_fu_11662573_p2  |         +|   0|  0|   24|          24|          24|
    |add_ln58_1866_fu_11662583_p2  |         +|   0|  0|   31|          24|          24|
    |add_ln58_1867_fu_11662593_p2  |         +|   0|  0|   25|          25|          25|
    |add_ln58_1868_fu_11662599_p2  |         +|   0|  0|   25|          25|          25|
    |add_ln58_1869_fu_11662605_p2  |         +|   0|  0|   24|          24|          24|
    |add_ln58_186_fu_11639416_p2   |         +|   0|  0|   35|          28|          28|
    |add_ln58_1870_fu_11662611_p2  |         +|   0|  0|   30|          23|          23|
    |add_ln58_1871_fu_11662621_p2  |         +|   0|  0|   24|          24|          24|
    |add_ln58_1872_fu_11666262_p2  |         +|   0|  0|   32|          25|          25|
    |add_ln58_1873_fu_11666272_p2  |         +|   0|  0|   33|          26|          26|
    |add_ln58_1874_fu_11662627_p2  |         +|   0|  0|   30|          23|          23|
    |add_ln58_1875_fu_11662637_p2  |         +|   0|  0|   30|          23|          23|
    |add_ln58_1876_fu_11662647_p2  |         +|   0|  0|   24|          24|          24|
    |add_ln58_1877_fu_11662653_p2  |         +|   0|  0|   24|          24|          24|
    |add_ln58_1878_fu_11662659_p2  |         +|   0|  0|   29|          22|          22|
    |add_ln58_1879_fu_11662679_p2  |         +|   0|  0|   21|          21|          21|
    |add_ln58_187_fu_11639422_p2   |         +|   0|  0|   26|          26|          26|
    |add_ln58_1880_fu_11666287_p2  |         +|   0|  0|   30|          23|          23|
    |add_ln58_1881_fu_11666297_p2  |         +|   0|  0|   32|          25|          25|
    |add_ln58_1882_fu_11667630_p2  |         +|   0|  0|   34|          27|          27|
    |add_ln58_1883_fu_11667640_p2  |         +|   0|  0|   32|          32|          32|
    |add_ln58_1884_fu_11666303_p2  |         +|   0|  0|   34|          27|          27|
    |add_ln58_1885_fu_11666313_p2  |         +|   0|  0|   38|          31|          31|
    |add_ln58_1886_fu_11662685_p2  |         +|   0|  0|   26|          26|          26|
    |add_ln58_1887_fu_11666322_p2  |         +|   0|  0|   33|          26|          26|
    |add_ln58_1888_fu_11666332_p2  |         +|   0|  0|   34|          27|          27|
    |add_ln58_1889_fu_11667653_p2  |         +|   0|  0|   31|          31|          31|
    |add_ln58_188_fu_11639432_p2   |         +|   0|  0|   32|          25|          25|
    |add_ln58_1890_fu_11662691_p2  |         +|   0|  0|   26|          26|          26|
    |add_ln58_1891_fu_11662697_p2  |         +|   0|  0|   32|          25|          25|
    |add_ln58_1892_fu_11662707_p2  |         +|   0|  0|   26|          26|          26|
    |add_ln58_1893_fu_11662713_p2  |         +|   0|  0|   32|          25|          25|
    |add_ln58_1894_fu_11662723_p2  |         +|   0|  0|   25|          25|          25|
    |add_ln58_1895_fu_11662733_p2  |         +|   0|  0|   33|          26|          26|
    |add_ln58_1896_fu_11666344_p2  |         +|   0|  0|   34|          27|          27|
    |add_ln58_1897_fu_11667661_p2  |         +|   0|  0|   31|          31|          31|
    |add_ln58_1898_fu_11662739_p2  |         +|   0|  0|   25|          25|          25|
    |add_ln58_1899_fu_11662745_p2  |         +|   0|  0|   25|          25|          25|
    |add_ln58_189_fu_11639442_p2   |         +|   0|  0|   34|          27|          27|
    |add_ln58_18_fu_11632120_p2    |         +|   0|  0|   29|          22|          22|
    |add_ln58_1900_fu_11662751_p2  |         +|   0|  0|   25|          25|          25|
    |add_ln58_1901_fu_11662761_p2  |         +|   0|  0|   32|          25|          25|
    |add_ln58_1902_fu_11662771_p2  |         +|   0|  0|   33|          26|          26|
    |add_ln58_1903_fu_11666356_p2  |         +|   0|  0|   34|          27|          27|
    |add_ln58_1904_fu_11662777_p2  |         +|   0|  0|   32|          25|          25|
    |add_ln58_1905_fu_11662787_p2  |         +|   0|  0|   32|          25|          25|
    |add_ln58_1906_fu_11662797_p2  |         +|   0|  0|   33|          26|          26|
    |add_ln58_1907_fu_11662803_p2  |         +|   0|  0|   31|          24|          24|
    |add_ln58_1908_fu_11662813_p2  |         +|   0|  0|   31|          24|          24|
    |add_ln58_1909_fu_11662823_p2  |         +|   0|  0|   32|          25|          25|
    |add_ln58_190_fu_11647478_p2   |         +|   0|  0|   28|          28|          28|
    |add_ln58_1910_fu_11666372_p2  |         +|   0|  0|   34|          27|          27|
    |add_ln58_1911_fu_11666382_p2  |         +|   0|  0|   35|          28|          28|
    |add_ln58_1912_fu_11667670_p2  |         +|   0|  0|   31|          31|          31|
    |add_ln58_1913_fu_11662829_p2  |         +|   0|  0|   31|          24|          24|
    |add_ln58_1914_fu_11662839_p2  |         +|   0|  0|   32|          25|          25|
    |add_ln58_1915_fu_11662845_p2  |         +|   0|  0|   31|          24|          24|
    |add_ln58_1916_fu_11662855_p2  |         +|   0|  0|   31|          24|          24|
    |add_ln58_1917_fu_11662865_p2  |         +|   0|  0|   32|          25|          25|
    |add_ln58_1918_fu_11666394_p2  |         +|   0|  0|   33|          26|          26|
    |add_ln58_1919_fu_11662871_p2  |         +|   0|  0|   31|          24|          24|
    |add_ln58_191_fu_11639448_p2   |         +|   0|  0|   25|          25|          25|
    |add_ln58_1920_fu_11662881_p2  |         +|   0|  0|   31|          24|          24|
    |add_ln58_1921_fu_11662891_p2  |         +|   0|  0|   32|          25|          25|
    |add_ln58_1922_fu_11662897_p2  |         +|   0|  0|   31|          24|          24|
    |add_ln58_1923_fu_11662907_p2  |         +|   0|  0|   23|          23|          23|
    |add_ln58_1924_fu_11662917_p2  |         +|   0|  0|   32|          25|          25|
    |add_ln58_1925_fu_11666410_p2  |         +|   0|  0|   33|          26|          26|
    |add_ln58_1926_fu_11666420_p2  |         +|   0|  0|   27|          27|          27|
    |add_ln58_1927_fu_11662923_p2  |         +|   0|  0|   24|          24|          24|
    |add_ln58_1928_fu_11662929_p2  |         +|   0|  0|   24|          24|          24|
    |add_ln58_1929_fu_11653054_p2  |         +|   0|  0|   22|          22|          22|
    |add_ln58_192_fu_11639454_p2   |         +|   0|  0|   25|          25|          25|
    |add_ln58_1930_fu_11653060_p2  |         +|   0|  0|   30|          23|          23|
    |add_ln58_1931_fu_11662945_p2  |         +|   0|  0|   31|          24|          24|
    |add_ln58_1932_fu_11662955_p2  |         +|   0|  0|   25|          25|          25|
    |add_ln58_1933_fu_11662961_p2  |         +|   0|  0|   29|          22|          22|
    |add_ln58_1934_fu_11662971_p2  |         +|   0|  0|   21|          21|          21|
    |add_ln58_1935_fu_11662981_p2  |         +|   0|  0|   23|          23|          23|
    |add_ln58_1936_fu_11653066_p2  |         +|   0|  0|   28|          21|          21|
    |add_ln58_1937_fu_11653072_p2  |         +|   0|  0|   20|          20|          20|
    |add_ln58_1938_fu_11662993_p2  |         +|   0|  0|   29|          22|          22|
    |add_ln58_1939_fu_11663003_p2  |         +|   0|  0|   23|          23|          23|
    |add_ln58_193_fu_11639464_p2   |         +|   0|  0|   23|          23|          23|
    |add_ln58_1940_fu_11663013_p2  |         +|   0|  0|   25|          25|          25|
    |add_ln58_1941_fu_11666429_p2  |         +|   0|  0|   27|          27|          27|
    |add_ln58_1942_fu_11667679_p2  |         +|   0|  0|   31|          31|          31|
    |add_ln58_1943_fu_11666435_p2  |         +|   0|  0|   34|          27|          27|
    |add_ln58_1944_fu_11667692_p2  |         +|   0|  0|   38|          31|          31|
    |add_ln58_1945_fu_11666441_p2  |         +|   0|  0|   33|          26|          26|
    |add_ln58_1946_fu_11666451_p2  |         +|   0|  0|   34|          27|          27|
    |add_ln58_1947_fu_11667701_p2  |         +|   0|  0|   31|          31|          31|
    |add_ln58_1948_fu_11663019_p2  |         +|   0|  0|   33|          26|          26|
    |add_ln58_1949_fu_11666460_p2  |         +|   0|  0|   27|          27|          27|
    |add_ln58_194_fu_11632554_p2   |         +|   0|  0|   27|          20|          20|
    |add_ln58_1950_fu_11663025_p2  |         +|   0|  0|   32|          25|          25|
    |add_ln58_1951_fu_11666469_p2  |         +|   0|  0|   33|          26|          26|
    |add_ln58_1952_fu_11666479_p2  |         +|   0|  0|   27|          27|          27|
    |add_ln58_1953_fu_11667710_p2  |         +|   0|  0|   31|          31|          31|
    |add_ln58_1954_fu_11663031_p2  |         +|   0|  0|   32|          25|          25|
    |add_ln58_1955_fu_11663041_p2  |         +|   0|  0|   33|          26|          26|
    |add_ln58_1956_fu_11663047_p2  |         +|   0|  0|   25|          25|          25|
    |add_ln58_1957_fu_11663053_p2  |         +|   0|  0|   25|          25|          25|
    |add_ln58_1958_fu_11666491_p2  |         +|   0|  0|   34|          27|          27|
    |add_ln58_1959_fu_11663059_p2  |         +|   0|  0|   32|          25|          25|
    |add_ln58_195_fu_11639473_p2   |         +|   0|  0|   23|          23|          23|
    |add_ln58_1960_fu_11663069_p2  |         +|   0|  0|   33|          26|          26|
    |add_ln58_1961_fu_11663075_p2  |         +|   0|  0|   32|          25|          25|
    |add_ln58_1962_fu_11663085_p2  |         +|   0|  0|   33|          26|          26|
    |add_ln58_1963_fu_11666507_p2  |         +|   0|  0|   34|          27|          27|
    |add_ln58_1964_fu_11666517_p2  |         +|   0|  0|   35|          28|          28|
    |add_ln58_1965_fu_11667719_p2  |         +|   0|  0|   31|          31|          31|
    |add_ln58_1966_fu_11663091_p2  |         +|   0|  0|   31|          24|          24|
    |add_ln58_1967_fu_11663101_p2  |         +|   0|  0|   32|          25|          25|
    |add_ln58_1968_fu_11663107_p2  |         +|   0|  0|   24|          24|          24|
    |add_ln58_1969_fu_11663113_p2  |         +|   0|  0|   24|          24|          24|
    |add_ln58_196_fu_11639483_p2   |         +|   0|  0|   33|          26|          26|
    |add_ln58_1970_fu_11666529_p2  |         +|   0|  0|   33|          26|          26|
    |add_ln58_1971_fu_11663119_p2  |         +|   0|  0|   31|          24|          24|
    |add_ln58_1972_fu_11663129_p2  |         +|   0|  0|   32|          25|          25|
    |add_ln58_1973_fu_11663135_p2  |         +|   0|  0|   31|          24|          24|
    |add_ln58_1974_fu_11663145_p2  |         +|   0|  0|   32|          25|          25|
    |add_ln58_1975_fu_11666545_p2  |         +|   0|  0|   33|          26|          26|
    |add_ln58_1976_fu_11666555_p2  |         +|   0|  0|   27|          27|          27|
    |add_ln58_1977_fu_11663151_p2  |         +|   0|  0|   23|          23|          23|
    |add_ln58_1978_fu_11663161_p2  |         +|   0|  0|   31|          24|          24|
    |add_ln58_1979_fu_11663167_p2  |         +|   0|  0|   30|          23|          23|
    |add_ln58_197_fu_11647486_p2   |         +|   0|  0|   28|          28|          28|
    |add_ln58_1980_fu_11663177_p2  |         +|   0|  0|   31|          24|          24|
    |add_ln58_1981_fu_11666567_p2  |         +|   0|  0|   25|          25|          25|
    |add_ln58_1982_fu_11663183_p2  |         +|   0|  0|   28|          21|          21|
    |add_ln58_1983_fu_11663193_p2  |         +|   0|  0|   29|          22|          22|
    |add_ln58_1984_fu_11663199_p2  |         +|   0|  0|   27|          20|          20|
    |add_ln58_1985_fu_11663209_p2  |         +|   0|  0|   28|          21|          21|
    |add_ln58_1986_fu_11666579_p2  |         +|   0|  0|   30|          23|          23|
    |add_ln58_1987_fu_11666589_p2  |         +|   0|  0|   25|          25|          25|
    |add_ln58_1988_fu_11666599_p2  |         +|   0|  0|   27|          27|          27|
    |add_ln58_1989_fu_11667728_p2  |         +|   0|  0|   31|          31|          31|
    |add_ln58_198_fu_11639489_p2   |         +|   0|  0|   32|          25|          25|
    |add_ln58_1990_fu_11653078_p2  |         +|   0|  0|   32|          25|          25|
    |add_ln58_1991_fu_11663218_p2  |         +|   0|  0|   36|          29|          29|
    |add_ln58_1992_fu_11653084_p2  |         +|   0|  0|   25|          25|          25|
    |add_ln58_1993_fu_11653090_p2  |         +|   0|  0|   25|          25|          25|
    |add_ln58_1994_fu_11663227_p2  |         +|   0|  0|   29|          29|          29|
    |add_ln58_1995_fu_11653096_p2  |         +|   0|  0|   25|          25|          25|
    |add_ln58_1996_fu_11653102_p2  |         +|   0|  0|   25|          25|          25|
    |add_ln58_1997_fu_11653112_p2  |         +|   0|  0|   25|          25|          25|
    |add_ln58_1998_fu_11653118_p2  |         +|   0|  0|   25|          25|          25|
    |add_ln58_1999_fu_11653128_p2  |         +|   0|  0|   33|          26|          26|
    |add_ln58_199_fu_11639499_p2   |         +|   0|  0|   34|          27|          27|
    |add_ln58_19_fu_11632130_p2    |         +|   0|  0|   32|          25|          25|
    |add_ln58_1_fu_11632021_p2     |         +|   0|  0|   32|          25|          18|
    |add_ln58_2000_fu_11663236_p2  |         +|   0|  0|   29|          29|          29|
    |add_ln58_2001_fu_11653134_p2  |         +|   0|  0|   31|          24|          24|
    |add_ln58_2002_fu_11653144_p2  |         +|   0|  0|   32|          25|          25|
    |add_ln58_2003_fu_11653150_p2  |         +|   0|  0|   24|          24|          24|
    |add_ln58_2004_fu_11653160_p2  |         +|   0|  0|   32|          25|          25|
    |add_ln58_2005_fu_11663248_p2  |         +|   0|  0|   33|          26|          26|
    |add_ln58_2006_fu_11653176_p2  |         +|   0|  0|   32|          25|          25|
    |add_ln58_2007_fu_11653182_p2  |         +|   0|  0|   24|          24|          24|
    |add_ln58_2008_fu_11653192_p2  |         +|   0|  0|   32|          25|          25|
    |add_ln58_2009_fu_11663264_p2  |         +|   0|  0|   33|          26|          26|
    |add_ln58_200_fu_11639505_p2   |         +|   0|  0|   31|          24|          24|
    |add_ln58_2010_fu_11663274_p2  |         +|   0|  0|   34|          27|          27|
    |add_ln58_2011_fu_11666608_p2  |         +|   0|  0|   29|          29|          29|
    |add_ln58_2012_fu_11653198_p2  |         +|   0|  0|   24|          24|          24|
    |add_ln58_2013_fu_11653204_p2  |         +|   0|  0|   24|          24|          24|
    |add_ln58_2014_fu_11653210_p2  |         +|   0|  0|   24|          24|          24|
    |add_ln58_2015_fu_11663286_p2  |         +|   0|  0|   32|          25|          25|
    |add_ln58_2016_fu_11663296_p2  |         +|   0|  0|   26|          26|          26|
    |add_ln58_2017_fu_11653216_p2  |         +|   0|  0|   30|          23|          23|
    |add_ln58_2018_fu_11653226_p2  |         +|   0|  0|   31|          24|          24|
    |add_ln58_2019_fu_11653232_p2  |         +|   0|  0|   23|          23|          23|
    |add_ln58_201_fu_11647499_p2   |         +|   0|  0|   32|          25|          25|
    |add_ln58_2020_fu_11653242_p2  |         +|   0|  0|   31|          24|          24|
    |add_ln58_2021_fu_11663308_p2  |         +|   0|  0|   32|          25|          25|
    |add_ln58_2022_fu_11663318_p2  |         +|   0|  0|   26|          26|          26|
    |add_ln58_2023_fu_11653248_p2  |         +|   0|  0|   29|          22|          22|
    |add_ln58_2024_fu_11653258_p2  |         +|   0|  0|   30|          23|          23|
    |add_ln58_2025_fu_11653264_p2  |         +|   0|  0|   29|          22|          22|
    |add_ln58_2026_fu_11653274_p2  |         +|   0|  0|   30|          23|          23|
    |add_ln58_2027_fu_11663330_p2  |         +|   0|  0|   24|          24|          24|
    |add_ln58_2028_fu_11653280_p2  |         +|   0|  0|   21|          21|          21|
    |add_ln58_2029_fu_11653290_p2  |         +|   0|  0|   22|          22|          22|
    |add_ln58_202_fu_11647509_p2   |         +|   0|  0|   27|          27|          27|
    |add_ln58_2030_fu_11653296_p2  |         +|   0|  0|   20|          20|          20|
    |add_ln58_2031_fu_11653311_p2  |         +|   0|  0|   20|          20|          20|
    |add_ln58_2032_fu_11653321_p2  |         +|   0|  0|   22|          22|          22|
    |add_ln58_2033_fu_11663339_p2  |         +|   0|  0|   24|          24|          24|
    |add_ln58_2034_fu_11666619_p2  |         +|   0|  0|   34|          27|          27|
    |add_ln58_2035_fu_11666629_p2  |         +|   0|  0|   29|          29|          29|
    |add_ln58_2036_fu_11663345_p2  |         +|   0|  0|   32|          25|          25|
    |add_ln58_2037_fu_11667744_p2  |         +|   0|  0|   37|          30|          30|
    |add_ln58_2038_fu_11663351_p2  |         +|   0|  0|   32|          25|          25|
    |add_ln58_2039_fu_11663361_p2  |         +|   0|  0|   32|          25|          25|
    |add_ln58_203_fu_11639511_p2   |         +|   0|  0|   24|          24|          24|
    |add_ln58_2040_fu_11663371_p2  |         +|   0|  0|   33|          26|          26|
    |add_ln58_2041_fu_11667753_p2  |         +|   0|  0|   30|          30|          30|
    |add_ln58_2042_fu_11663377_p2  |         +|   0|  0|   25|          25|          25|
    |add_ln58_2043_fu_11663383_p2  |         +|   0|  0|   25|          25|          25|
    |add_ln58_2044_fu_11663389_p2  |         +|   0|  0|   32|          25|          25|
    |add_ln58_2045_fu_11663399_p2  |         +|   0|  0|   31|          24|          24|
    |add_ln58_2046_fu_11663409_p2  |         +|   0|  0|   33|          26|          26|
    |add_ln58_2047_fu_11666641_p2  |         +|   0|  0|   34|          27|          27|
    |add_ln58_2048_fu_11667762_p2  |         +|   0|  0|   30|          30|          30|
    |add_ln58_2049_fu_11663415_p2  |         +|   0|  0|   31|          24|          24|
    |add_ln58_204_fu_11639517_p2   |         +|   0|  0|   24|          24|          24|
    |add_ln58_2050_fu_11663425_p2  |         +|   0|  0|   32|          25|          25|
    |add_ln58_2051_fu_11663431_p2  |         +|   0|  0|   31|          24|          24|
    |add_ln58_2052_fu_11663441_p2  |         +|   0|  0|   31|          24|          24|
    |add_ln58_2053_fu_11663451_p2  |         +|   0|  0|   32|          25|          25|
    |add_ln58_2054_fu_11666653_p2  |         +|   0|  0|   33|          26|          26|
    |add_ln58_2055_fu_11663457_p2  |         +|   0|  0|   31|          24|          24|
    |add_ln58_2056_fu_11663467_p2  |         +|   0|  0|   32|          25|          25|
    |add_ln58_2057_fu_11663473_p2  |         +|   0|  0|   31|          24|          24|
    |add_ln58_2058_fu_11663483_p2  |         +|   0|  0|   23|          23|          23|
    |add_ln58_2059_fu_11663493_p2  |         +|   0|  0|   32|          25|          25|
    |add_ln58_205_fu_11639523_p2   |         +|   0|  0|   29|          22|          22|
    |add_ln58_2060_fu_11666669_p2  |         +|   0|  0|   33|          26|          26|
    |add_ln58_2061_fu_11666679_p2  |         +|   0|  0|   34|          27|          27|
    |add_ln58_2062_fu_11667771_p2  |         +|   0|  0|   30|          30|          30|
    |add_ln58_2063_fu_11663499_p2  |         +|   0|  0|   30|          23|          23|
    |add_ln58_2064_fu_11663509_p2  |         +|   0|  0|   31|          24|          24|
    |add_ln58_2065_fu_11663515_p2  |         +|   0|  0|   23|          23|          23|
    |add_ln58_2066_fu_11663525_p2  |         +|   0|  0|   24|          24|          24|
    |add_ln58_2067_fu_11663531_p2  |         +|   0|  0|   24|          24|          24|
    |add_ln58_2068_fu_11666691_p2  |         +|   0|  0|   32|          25|          25|
    |add_ln58_2069_fu_11663537_p2  |         +|   0|  0|   22|          22|          22|
    |add_ln58_206_fu_11639533_p2   |         +|   0|  0|   30|          23|          23|
    |add_ln58_2070_fu_11663557_p2  |         +|   0|  0|   30|          23|          23|
    |add_ln58_2071_fu_11663567_p2  |         +|   0|  0|   29|          22|          22|
    |add_ln58_2072_fu_11663577_p2  |         +|   0|  0|   24|          24|          24|
    |add_ln58_2073_fu_11663583_p2  |         +|   0|  0|   24|          24|          24|
    |add_ln58_2074_fu_11666704_p2  |         +|   0|  0|   26|          26|          26|
    |add_ln58_2075_fu_11663601_p2  |         +|   0|  0|   22|          22|          22|
    |add_ln58_2076_fu_11663607_p2  |         +|   0|  0|   29|          22|          22|
    |add_ln58_2077_fu_11663613_p2  |         +|   0|  0|   29|          22|          22|
    |add_ln58_2078_fu_11666719_p2  |         +|   0|  0|   30|          23|          23|
    |add_ln58_2079_fu_11666729_p2  |         +|   0|  0|   24|          24|          24|
    |add_ln58_207_fu_11647520_p2   |         +|   0|  0|   32|          25|          25|
    |add_ln58_2080_fu_11663633_p2  |         +|   0|  0|   21|          21|          21|
    |add_ln58_2081_fu_11663639_p2  |         +|   0|  0|   20|          20|          20|
    |add_ln58_2082_fu_11663649_p2  |         +|   0|  0|   25|          18|          18|
    |add_ln58_2083_fu_11663659_p2  |         +|   0|  0|   28|          21|          21|
    |add_ln58_2084_fu_11666741_p2  |         +|   0|  0|   29|          22|          22|
    |add_ln58_2085_fu_11666751_p2  |         +|   0|  0|   24|          24|          24|
    |add_ln58_2086_fu_11666761_p2  |         +|   0|  0|   26|          26|          26|
    |add_ln58_2087_fu_11667780_p2  |         +|   0|  0|   30|          30|          30|
    |add_ln58_2088_fu_11641299_p2  |         +|   0|  0|   32|          25|          25|
    |add_ln58_2089_fu_11641309_p2  |         +|   0|  0|   34|          27|          27|
    |add_ln58_208_fu_11647530_p2   |         +|   0|  0|   27|          27|          27|
    |add_ln58_2090_fu_11641315_p2  |         +|   0|  0|   25|          25|          25|
    |add_ln58_2091_fu_11641321_p2  |         +|   0|  0|   31|          24|          24|
    |add_ln58_2092_fu_11641331_p2  |         +|   0|  0|   25|          25|          25|
    |add_ln58_2093_fu_11653330_p2  |         +|   0|  0|   27|          27|          27|
    |add_ln58_2094_fu_11641337_p2  |         +|   0|  0|   30|          23|          23|
    |add_ln58_2095_fu_11641343_p2  |         +|   0|  0|   31|          24|          24|
    |add_ln58_2096_fu_11653338_p2  |         +|   0|  0|   24|          24|          24|
    |add_ln58_2097_fu_11641373_p2  |         +|   0|  0|   21|          21|          21|
    |add_ln58_2098_fu_11653346_p2  |         +|   0|  0|   24|          24|          24|
    |add_ln58_2099_fu_11653356_p2  |         +|   0|  0|   27|          27|          27|
    |add_ln58_209_fu_11639543_p2   |         +|   0|  0|   32|          25|          25|
    |add_ln58_20_fu_11632136_p2    |         +|   0|  0|   29|          22|          18|
    |add_ln58_2100_fu_11653366_p2  |         +|   0|  0|   32|          25|          25|
    |add_ln58_2101_fu_11653376_p2  |         +|   0|  0|   28|          28|          28|
    |add_ln58_2102_fu_11641379_p2  |         +|   0|  0|   25|          25|          25|
    |add_ln58_2103_fu_11641385_p2  |         +|   0|  0|   25|          25|          25|
    |add_ln58_2104_fu_11653385_p2  |         +|   0|  0|   28|          28|          28|
    |add_ln58_2105_fu_11641391_p2  |         +|   0|  0|   24|          24|          24|
    |add_ln58_2106_fu_11653394_p2  |         +|   0|  0|   32|          25|          25|
    |add_ln58_2107_fu_11641397_p2  |         +|   0|  0|   24|          24|          24|
    |add_ln58_2108_fu_11653407_p2  |         +|   0|  0|   32|          25|          25|
    |add_ln58_2109_fu_11653417_p2  |         +|   0|  0|   33|          26|          26|
    |add_ln58_210_fu_11647543_p2   |         +|   0|  0|   34|          27|          27|
    |add_ln58_2110_fu_11663668_p2  |         +|   0|  0|   28|          28|          28|
    |add_ln58_2111_fu_11641403_p2  |         +|   0|  0|   30|          23|          23|
    |add_ln58_2112_fu_11641413_p2  |         +|   0|  0|   31|          24|          24|
    |add_ln58_2113_fu_11641419_p2  |         +|   0|  0|   30|          23|          23|
    |add_ln58_2114_fu_11641429_p2  |         +|   0|  0|   31|          24|          24|
    |add_ln58_2115_fu_11653429_p2  |         +|   0|  0|   25|          25|          25|
    |add_ln58_2116_fu_11641435_p2  |         +|   0|  0|   29|          22|          22|
    |add_ln58_2117_fu_11641445_p2  |         +|   0|  0|   30|          23|          23|
    |add_ln58_2118_fu_11653438_p2  |         +|   0|  0|   22|          22|          22|
    |add_ln58_2119_fu_11653447_p2  |         +|   0|  0|   22|          22|          22|
    |add_ln58_211_fu_11647549_p2   |         +|   0|  0|   25|          25|          25|
    |add_ln58_2120_fu_11653457_p2  |         +|   0|  0|   31|          24|          24|
    |add_ln58_2121_fu_11653467_p2  |         +|   0|  0|   25|          25|          25|
    |add_ln58_2122_fu_11663676_p2  |         +|   0|  0|   28|          28|          28|
    |add_ln58_2123_fu_11653473_p2  |         +|   0|  0|   32|          25|          25|
    |add_ln58_2124_fu_11663689_p2  |         +|   0|  0|   36|          29|          29|
    |add_ln58_2125_fu_11653479_p2  |         +|   0|  0|   32|          25|          25|
    |add_ln58_2126_fu_11653489_p2  |         +|   0|  0|   32|          25|          25|
    |add_ln58_2127_fu_11653499_p2  |         +|   0|  0|   33|          26|          26|
    |add_ln58_2128_fu_11663698_p2  |         +|   0|  0|   29|          29|          29|
    |add_ln58_2129_fu_11653505_p2  |         +|   0|  0|   31|          24|          24|
    |add_ln58_212_fu_11647555_p2   |         +|   0|  0|   25|          25|          25|
    |add_ln58_2130_fu_11653515_p2  |         +|   0|  0|   32|          25|          25|
    |add_ln58_2131_fu_11653521_p2  |         +|   0|  0|   31|          24|          24|
    |add_ln58_2132_fu_11653531_p2  |         +|   0|  0|   31|          24|          24|
    |add_ln58_2133_fu_11653541_p2  |         +|   0|  0|   32|          25|          25|
    |add_ln58_2134_fu_11663710_p2  |         +|   0|  0|   33|          26|          26|
    |add_ln58_2135_fu_11663720_p2  |         +|   0|  0|   29|          29|          29|
    |add_ln58_2136_fu_11653547_p2  |         +|   0|  0|   31|          24|          24|
    |add_ln58_2137_fu_11653557_p2  |         +|   0|  0|   32|          25|          25|
    |add_ln58_2138_fu_11653563_p2  |         +|   0|  0|   31|          24|          24|
    |add_ln58_2139_fu_11653573_p2  |         +|   0|  0|   31|          24|          24|
    |add_ln58_213_fu_11647565_p2   |         +|   0|  0|   27|          27|          27|
    |add_ln58_2140_fu_11653583_p2  |         +|   0|  0|   32|          25|          25|
    |add_ln58_2141_fu_11663732_p2  |         +|   0|  0|   33|          26|          26|
    |add_ln58_2142_fu_11653589_p2  |         +|   0|  0|   31|          24|          24|
    |add_ln58_2143_fu_11653599_p2  |         +|   0|  0|   32|          25|          25|
    |add_ln58_2144_fu_11653605_p2  |         +|   0|  0|   31|          24|          24|
    |add_ln58_2145_fu_11653615_p2  |         +|   0|  0|   31|          24|          24|
    |add_ln58_2146_fu_11653625_p2  |         +|   0|  0|   32|          25|          25|
    |add_ln58_2147_fu_11663748_p2  |         +|   0|  0|   33|          26|          26|
    |add_ln58_2148_fu_11663758_p2  |         +|   0|  0|   34|          27|          27|
    |add_ln58_2149_fu_11666770_p2  |         +|   0|  0|   29|          29|          29|
    |add_ln58_214_fu_11639549_p2   |         +|   0|  0|   23|          23|          23|
    |add_ln58_2150_fu_11653631_p2  |         +|   0|  0|   24|          24|          24|
    |add_ln58_2151_fu_11653637_p2  |         +|   0|  0|   24|          24|          24|
    |add_ln58_2152_fu_11653643_p2  |         +|   0|  0|   30|          23|          23|
    |add_ln58_2153_fu_11653653_p2  |         +|   0|  0|   23|          23|          23|
    |add_ln58_2154_fu_11653663_p2  |         +|   0|  0|   31|          24|          24|
    |add_ln58_2155_fu_11663770_p2  |         +|   0|  0|   32|          25|          25|
    |add_ln58_2156_fu_11653669_p2  |         +|   0|  0|   30|          23|          23|
    |add_ln58_2157_fu_11653679_p2  |         +|   0|  0|   31|          24|          24|
    |add_ln58_2158_fu_11653685_p2  |         +|   0|  0|   23|          23|          23|
    |add_ln58_2159_fu_11653695_p2  |         +|   0|  0|   23|          23|          23|
    |add_ln58_215_fu_11639559_p2   |         +|   0|  0|   24|          24|          24|
    |add_ln58_2160_fu_11653705_p2  |         +|   0|  0|   31|          24|          24|
    |add_ln58_2161_fu_11663786_p2  |         +|   0|  0|   32|          25|          25|
    |add_ln58_2162_fu_11663796_p2  |         +|   0|  0|   33|          26|          26|
    |add_ln58_2163_fu_11653711_p2  |         +|   0|  0|   22|          22|          22|
    |add_ln58_2164_fu_11653721_p2  |         +|   0|  0|   30|          23|          23|
    |add_ln58_2165_fu_11653727_p2  |         +|   0|  0|   29|          22|          22|
    |add_ln58_2166_fu_11653737_p2  |         +|   0|  0|   22|          22|          22|
    |add_ln58_2167_fu_11653747_p2  |         +|   0|  0|   30|          23|          23|
    |add_ln58_2168_fu_11663808_p2  |         +|   0|  0|   31|          24|          24|
    |add_ln58_2169_fu_11653767_p2  |         +|   0|  0|   22|          22|          22|
    |add_ln58_216_fu_11632578_p2   |         +|   0|  0|   28|          21|          21|
    |add_ln58_2170_fu_11641465_p2  |         +|   0|  0|   27|          20|          20|
    |add_ln58_2171_fu_11653790_p2  |         +|   0|  0|   21|          21|          21|
    |add_ln58_2172_fu_11663824_p2  |         +|   0|  0|   30|          23|          23|
    |add_ln58_2173_fu_11663834_p2  |         +|   0|  0|   32|          25|          25|
    |add_ln58_2174_fu_11666781_p2  |         +|   0|  0|   34|          27|          27|
    |add_ln58_2175_fu_11666791_p2  |         +|   0|  0|   29|          29|          29|
    |add_ln58_2176_fu_11667793_p2  |         +|   0|  0|   37|          30|          30|
    |add_ln58_2177_fu_11663840_p2  |         +|   0|  0|   25|          25|          25|
    |add_ln58_2178_fu_11663846_p2  |         +|   0|  0|   25|          25|          25|
    |add_ln58_2179_fu_11667802_p2  |         +|   0|  0|   30|          30|          30|
    |add_ln58_217_fu_11639568_p2   |         +|   0|  0|   24|          24|          24|
    |add_ln58_2180_fu_11663852_p2  |         +|   0|  0|   32|          25|          25|
    |add_ln58_2181_fu_11663862_p2  |         +|   0|  0|   25|          25|          25|
    |add_ln58_2182_fu_11663868_p2  |         +|   0|  0|   25|          25|          25|
    |add_ln58_2183_fu_11663878_p2  |         +|   0|  0|   33|          26|          26|
    |add_ln58_2184_fu_11667811_p2  |         +|   0|  0|   30|          30|          30|
    |add_ln58_2185_fu_11663884_p2  |         +|   0|  0|   32|          25|          25|
    |add_ln58_2186_fu_11663890_p2  |         +|   0|  0|   24|          24|          24|
    |add_ln58_2187_fu_11663900_p2  |         +|   0|  0|   32|          25|          25|
    |add_ln58_2188_fu_11666803_p2  |         +|   0|  0|   26|          26|          26|
    |add_ln58_2189_fu_11653796_p2  |         +|   0|  0|   24|          17|          17|
    |add_ln58_218_fu_11647574_p2   |         +|   0|  0|   27|          27|          27|
    |add_ln58_2190_fu_11663910_p2  |         +|   0|  0|   30|          23|          23|
    |add_ln58_2191_fu_11663920_p2  |         +|   0|  0|   31|          24|          24|
    |add_ln58_2192_fu_11666816_p2  |         +|   0|  0|   32|          25|          25|
    |add_ln58_2193_fu_11666826_p2  |         +|   0|  0|   26|          26|          26|
    |add_ln58_2194_fu_11667820_p2  |         +|   0|  0|   30|          30|          30|
    |add_ln58_2195_fu_11663926_p2  |         +|   0|  0|   23|          23|          23|
    |add_ln58_2196_fu_11663932_p2  |         +|   0|  0|   23|          23|          23|
    |add_ln58_2197_fu_11663942_p2  |         +|   0|  0|   31|          24|          24|
    |add_ln58_2198_fu_11666838_p2  |         +|   0|  0|   32|          25|          25|
    |add_ln58_2199_fu_11663948_p2  |         +|   0|  0|   23|          23|          23|
    |add_ln58_219_fu_11639574_p2   |         +|   0|  0|   33|          26|          26|
    |add_ln58_21_fu_11632145_p2    |         +|   0|  0|   31|          24|          24|
    |add_ln58_2200_fu_11663954_p2  |         +|   0|  0|   30|          23|          23|
    |add_ln58_2201_fu_11666854_p2  |         +|   0|  0|   32|          25|          25|
    |add_ln58_2202_fu_11666864_p2  |         +|   0|  0|   26|          26|          26|
    |add_ln58_2203_fu_11663974_p2  |         +|   0|  0|   23|          23|          23|
    |add_ln58_2204_fu_11653802_p2  |         +|   0|  0|   22|          22|          22|
    |add_ln58_2205_fu_11663987_p2  |         +|   0|  0|   30|          23|          23|
    |add_ln58_2206_fu_11663997_p2  |         +|   0|  0|   31|          24|          24|
    |add_ln58_2207_fu_11664003_p2  |         +|   0|  0|   20|          20|          20|
    |add_ln58_2208_fu_11666876_p2  |         +|   0|  0|   22|          22|          22|
    |add_ln58_2209_fu_11664009_p2  |         +|   0|  0|   26|          19|          19|
    |add_ln58_220_fu_11647587_p2   |         +|   0|  0|   35|          28|          28|
    |add_ln58_2210_fu_11664019_p2  |         +|   0|  0|   27|          20|          20|
    |add_ln58_2211_fu_11666885_p2  |         +|   0|  0|   22|          22|          22|
    |add_ln58_2212_fu_11666895_p2  |         +|   0|  0|   32|          25|          25|
    |add_ln58_2213_fu_11666905_p2  |         +|   0|  0|   26|          26|          26|
    |add_ln58_2214_fu_11667829_p2  |         +|   0|  0|   30|          30|          30|
    |add_ln58_2215_fu_11664025_p2  |         +|   0|  0|   32|          25|          25|
    |add_ln58_2216_fu_11666914_p2  |         +|   0|  0|   37|          30|          30|
    |add_ln58_2217_fu_11664031_p2  |         +|   0|  0|   32|          25|          25|
    |add_ln58_2218_fu_11664041_p2  |         +|   0|  0|   32|          25|          25|
    |add_ln58_2219_fu_11664051_p2  |         +|   0|  0|   33|          26|          26|
    |add_ln58_221_fu_11639580_p2   |         +|   0|  0|   26|          26|          26|
    |add_ln58_2220_fu_11666923_p2  |         +|   0|  0|   30|          30|          30|
    |add_ln58_2221_fu_11664057_p2  |         +|   0|  0|   32|          25|          25|
    |add_ln58_2222_fu_11664067_p2  |         +|   0|  0|   26|          26|          26|
    |add_ln58_2223_fu_11664073_p2  |         +|   0|  0|   25|          25|          25|
    |add_ln58_2224_fu_11653808_p2  |         +|   0|  0|   24|          24|          24|
    |add_ln58_2225_fu_11664082_p2  |         +|   0|  0|   25|          25|          25|
    |add_ln58_2226_fu_11664092_p2  |         +|   0|  0|   26|          26|          26|
    |add_ln58_2227_fu_11666932_p2  |         +|   0|  0|   30|          30|          30|
    |add_ln58_2228_fu_11664098_p2  |         +|   0|  0|   31|          24|          24|
    |add_ln58_2229_fu_11664108_p2  |         +|   0|  0|   32|          25|          25|
    |add_ln58_222_fu_11639586_p2   |         +|   0|  0|   26|          26|          26|
    |add_ln58_2230_fu_11664114_p2  |         +|   0|  0|   31|          24|          24|
    |add_ln58_2231_fu_11664124_p2  |         +|   0|  0|   25|          25|          25|
    |add_ln58_2232_fu_11664130_p2  |         +|   0|  0|   25|          25|          25|
    |add_ln58_2233_fu_11666944_p2  |         +|   0|  0|   33|          26|          26|
    |add_ln58_2234_fu_11664136_p2  |         +|   0|  0|   31|          24|          24|
    |add_ln58_2235_fu_11653814_p2  |         +|   0|  0|   31|          24|          24|
    |add_ln58_2236_fu_11664149_p2  |         +|   0|  0|   32|          25|          25|
    |add_ln58_2237_fu_11664155_p2  |         +|   0|  0|   31|          24|          24|
    |add_ln58_2238_fu_11664161_p2  |         +|   0|  0|   23|          23|          23|
    |add_ln58_2239_fu_11666959_p2  |         +|   0|  0|   32|          25|          25|
    |add_ln58_223_fu_11647596_p2   |         +|   0|  0|   28|          28|          28|
    |add_ln58_2240_fu_11666969_p2  |         +|   0|  0|   33|          26|          26|
    |add_ln58_2241_fu_11667845_p2  |         +|   0|  0|   34|          27|          27|
    |add_ln58_2242_fu_11667855_p2  |         +|   0|  0|   30|          30|          30|
    |add_ln58_2243_fu_11664167_p2  |         +|   0|  0|   23|          23|          23|
    |add_ln58_2244_fu_11664177_p2  |         +|   0|  0|   31|          24|          24|
    |add_ln58_2245_fu_11664183_p2  |         +|   0|  0|   23|          23|          23|
    |add_ln58_2246_fu_11664193_p2  |         +|   0|  0|   24|          24|          24|
    |add_ln58_2247_fu_11664199_p2  |         +|   0|  0|   24|          24|          24|
    |add_ln58_2248_fu_11666981_p2  |         +|   0|  0|   32|          25|          25|
    |add_ln58_2249_fu_11664205_p2  |         +|   0|  0|   30|          23|          23|
    |add_ln58_224_fu_11639592_p2   |         +|   0|  0|   31|          24|          24|
    |add_ln58_2250_fu_11664215_p2  |         +|   0|  0|   30|          23|          23|
    |add_ln58_2251_fu_11664225_p2  |         +|   0|  0|   31|          24|          24|
    |add_ln58_2252_fu_11664231_p2  |         +|   0|  0|   29|          22|          22|
    |add_ln58_2253_fu_11664241_p2  |         +|   0|  0|   22|          22|          22|
    |add_ln58_2254_fu_11664251_p2  |         +|   0|  0|   30|          23|          23|
    |add_ln58_2255_fu_11666997_p2  |         +|   0|  0|   32|          25|          25|
    |add_ln58_2256_fu_11667007_p2  |         +|   0|  0|   26|          26|          26|
    |add_ln58_2257_fu_11667016_p2  |         +|   0|  0|   30|          23|          23|
    |add_ln58_2258_fu_11664276_p2  |         +|   0|  0|   30|          23|          23|
    |add_ln58_2259_fu_11667029_p2  |         +|   0|  0|   24|          24|          24|
    |add_ln58_225_fu_11647605_p2   |         +|   0|  0|   25|          25|          25|
    |add_ln58_2260_fu_11664296_p2  |         +|   0|  0|   28|          21|          21|
    |add_ln58_2261_fu_11664306_p2  |         +|   0|  0|   22|          22|          22|
    |add_ln58_2262_fu_11664312_p2  |         +|   0|  0|   20|          20|          20|
    |add_ln58_2263_fu_11664322_p2  |         +|   0|  0|   19|          19|          19|
    |add_ln58_2264_fu_11664332_p2  |         +|   0|  0|   28|          21|          21|
    |add_ln58_2265_fu_11667041_p2  |         +|   0|  0|   30|          23|          23|
    |add_ln58_2266_fu_11667051_p2  |         +|   0|  0|   24|          24|          24|
    |add_ln58_2267_fu_11667061_p2  |         +|   0|  0|   26|          26|          26|
    |add_ln58_2268_fu_11667863_p2  |         +|   0|  0|   30|          30|          30|
    |add_ln58_226_fu_11639598_p2   |         +|   0|  0|   30|          23|          23|
    |add_ln58_227_fu_11639608_p2   |         +|   0|  0|   31|          24|          24|
    |add_ln58_228_fu_11647614_p2   |         +|   0|  0|   25|          25|          25|
    |add_ln58_229_fu_11647624_p2   |         +|   0|  0|   28|          28|          28|
    |add_ln58_22_fu_11632151_p2    |         +|   0|  0|   31|          24|          24|
    |add_ln58_230_fu_11647634_p2   |         +|   0|  0|   35|          28|          28|
    |add_ln58_231_fu_11647640_p2   |         +|   0|  0|   32|          25|          25|
    |add_ln58_232_fu_11647650_p2   |         +|   0|  0|   28|          28|          28|
    |add_ln58_233_fu_11639614_p2   |         +|   0|  0|   25|          25|          25|
    |add_ln58_234_fu_11632584_p2   |         +|   0|  0|   29|          22|          22|
    |add_ln58_235_fu_11639623_p2   |         +|   0|  0|   31|          24|          24|
    |add_ln58_236_fu_11639633_p2   |         +|   0|  0|   25|          25|          25|
    |add_ln58_237_fu_11647659_p2   |         +|   0|  0|   28|          28|          28|
    |add_ln58_238_fu_11639639_p2   |         +|   0|  0|   33|          26|          26|
    |add_ln58_239_fu_11647672_p2   |         +|   0|  0|   35|          28|          28|
    |add_ln58_23_fu_11632161_p2    |         +|   0|  0|   25|          25|          25|
    |add_ln58_240_fu_11639645_p2   |         +|   0|  0|   25|          25|          25|
    |add_ln58_241_fu_11639655_p2   |         +|   0|  0|   33|          26|          26|
    |add_ln58_242_fu_11647681_p2   |         +|   0|  0|   28|          28|          28|
    |add_ln58_243_fu_11639661_p2   |         +|   0|  0|   31|          24|          24|
    |add_ln58_244_fu_11639671_p2   |         +|   0|  0|   32|          25|          25|
    |add_ln58_245_fu_11639677_p2   |         +|   0|  0|   23|          23|          23|
    |add_ln58_246_fu_11639687_p2   |         +|   0|  0|   24|          24|          24|
    |add_ln58_247_fu_11647693_p2   |         +|   0|  0|   33|          26|          26|
    |add_ln58_248_fu_11647703_p2   |         +|   0|  0|   28|          28|          28|
    |add_ln58_249_fu_11639693_p2   |         +|   0|  0|   32|          25|          25|
    |add_ln58_24_fu_11632167_p2    |         +|   0|  0|   25|          25|          25|
    |add_ln58_250_fu_11647716_p2   |         +|   0|  0|   34|          27|          27|
    |add_ln58_251_fu_11639699_p2   |         +|   0|  0|   31|          24|          24|
    |add_ln58_252_fu_11639709_p2   |         +|   0|  0|   32|          25|          25|
    |add_ln58_253_fu_11647725_p2   |         +|   0|  0|   27|          27|          27|
    |add_ln58_254_fu_11639715_p2   |         +|   0|  0|   30|          23|          23|
    |add_ln58_255_fu_11639725_p2   |         +|   0|  0|   31|          24|          24|
    |add_ln58_256_fu_11639731_p2   |         +|   0|  0|   30|          23|          23|
    |add_ln58_257_fu_11639741_p2   |         +|   0|  0|   29|          22|          22|
    |add_ln58_258_fu_11639751_p2   |         +|   0|  0|   31|          24|          24|
    |add_ln58_259_fu_11647737_p2   |         +|   0|  0|   32|          25|          25|
    |add_ln58_25_fu_11632173_p2    |         +|   0|  0|   24|          24|          24|
    |add_ln58_260_fu_11647747_p2   |         +|   0|  0|   27|          27|          27|
    |add_ln58_261_fu_11647757_p2   |         +|   0|  0|   34|          27|          27|
    |add_ln58_262_fu_11647763_p2   |         +|   0|  0|   25|          25|          25|
    |add_ln58_263_fu_11647769_p2   |         +|   0|  0|   25|          25|          25|
    |add_ln58_264_fu_11647779_p2   |         +|   0|  0|   27|          27|          27|
    |add_ln58_265_fu_11639757_p2   |         +|   0|  0|   31|          24|          24|
    |add_ln58_266_fu_11632590_p2   |         +|   0|  0|   23|          23|          23|
    |add_ln58_267_fu_11639770_p2   |         +|   0|  0|   31|          24|          24|
    |add_ln58_268_fu_11639780_p2   |         +|   0|  0|   32|          25|          25|
    |add_ln58_269_fu_11647788_p2   |         +|   0|  0|   27|          27|          27|
    |add_ln58_26_fu_11632179_p2    |         +|   0|  0|   30|          23|          23|
    |add_ln58_270_fu_11647798_p2   |         +|   0|  0|   27|          27|          27|
    |add_ln58_271_fu_11632596_p2   |         +|   0|  0|   24|          17|          17|
    |add_ln58_272_fu_11647808_p2   |         +|   0|  0|   27|          27|          27|
    |add_ln58_273_fu_11639790_p2   |         +|   0|  0|   24|          24|          24|
    |add_ln58_274_fu_11639800_p2   |         +|   0|  0|   31|          24|          24|
    |add_ln58_275_fu_11639810_p2   |         +|   0|  0|   32|          25|          25|
    |add_ln58_276_fu_11647817_p2   |         +|   0|  0|   27|          27|          27|
    |add_ln58_277_fu_11639816_p2   |         +|   0|  0|   23|          23|          23|
    |add_ln58_278_fu_11632602_p2   |         +|   0|  0|   22|          22|          22|
    |add_ln58_279_fu_11639829_p2   |         +|   0|  0|   24|          24|          24|
    |add_ln58_27_fu_11632188_p2    |         +|   0|  0|   33|          26|          26|
    |add_ln58_280_fu_11639835_p2   |         +|   0|  0|   22|          22|          22|
    |add_ln58_281_fu_11639841_p2   |         +|   0|  0|   19|          19|          19|
    |add_ln58_282_fu_11639851_p2   |         +|   0|  0|   22|          22|          22|
    |add_ln58_283_fu_11639861_p2   |         +|   0|  0|   24|          24|          24|
    |add_ln58_284_fu_11647826_p2   |         +|   0|  0|   27|          27|          27|
    |add_ln58_285_fu_11647832_p2   |         +|   0|  0|   29|          29|          29|
    |add_ln58_286_fu_11639867_p2   |         +|   0|  0|   25|          25|          25|
    |add_ln58_287_fu_11639877_p2   |         +|   0|  0|   33|          26|          26|
    |add_ln58_288_fu_11647841_p2   |         +|   0|  0|   29|          29|          29|
    |add_ln58_289_fu_11639883_p2   |         +|   0|  0|   32|          25|          25|
    |add_ln58_28_fu_11632194_p2    |         +|   0|  0|   25|          25|          25|
    |add_ln58_290_fu_11639893_p2   |         +|   0|  0|   33|          26|          26|
    |add_ln58_291_fu_11639899_p2   |         +|   0|  0|   25|          25|          25|
    |add_ln58_292_fu_11639909_p2   |         +|   0|  0|   33|          26|          26|
    |add_ln58_293_fu_11647853_p2   |         +|   0|  0|   34|          27|          27|
    |add_ln58_294_fu_11647863_p2   |         +|   0|  0|   29|          29|          29|
    |add_ln58_295_fu_11639915_p2   |         +|   0|  0|   32|          25|          25|
    |add_ln58_296_fu_11639925_p2   |         +|   0|  0|   33|          26|          26|
    |add_ln58_297_fu_11639931_p2   |         +|   0|  0|   31|          24|          24|
    |add_ln58_298_fu_11639941_p2   |         +|   0|  0|   32|          25|          25|
    |add_ln58_299_fu_11647872_p2   |         +|   0|  0|   26|          26|          26|
    |add_ln58_29_fu_11632204_p2    |         +|   0|  0|   34|          27|          27|
    |add_ln58_2_fu_11629781_p2     |         +|   0|  0|   28|          21|          18|
    |add_ln58_300_fu_11639947_p2   |         +|   0|  0|   30|          23|          23|
    |add_ln58_301_fu_11647880_p2   |         +|   0|  0|   24|          24|          24|
    |add_ln58_302_fu_11639969_p2   |         +|   0|  0|   20|          20|          20|
    |add_ln58_303_fu_11647889_p2   |         +|   0|  0|   24|          24|          24|
    |add_ln58_304_fu_11647899_p2   |         +|   0|  0|   26|          26|          26|
    |add_ln58_305_fu_11647909_p2   |         +|   0|  0|   29|          29|          29|
    |add_ln58_306_fu_11647915_p2   |         +|   0|  0|   29|          29|          29|
    |add_ln58_307_fu_11647921_p2   |         +|   0|  0|   33|          26|          26|
    |add_ln58_308_fu_11647931_p2   |         +|   0|  0|   29|          29|          29|
    |add_ln58_309_fu_11639975_p2   |         +|   0|  0|   32|          25|          25|
    |add_ln58_30_fu_11632210_p2    |         +|   0|  0|   32|          25|          25|
    |add_ln58_310_fu_11639981_p2   |         +|   0|  0|   32|          25|          25|
    |add_ln58_311_fu_11647943_p2   |         +|   0|  0|   33|          26|          26|
    |add_ln58_312_fu_11647953_p2   |         +|   0|  0|   29|          29|          29|
    |add_ln58_313_fu_11647959_p2   |         +|   0|  0|   32|          25|          25|
    |add_ln58_314_fu_11647969_p2   |         +|   0|  0|   32|          25|          25|
    |add_ln58_315_fu_11647979_p2   |         +|   0|  0|   26|          26|          26|
    |add_ln58_316_fu_11639987_p2   |         +|   0|  0|   23|          23|          23|
    |add_ln58_317_fu_11640003_p2   |         +|   0|  0|   23|          23|          23|
    |add_ln58_318_fu_11647988_p2   |         +|   0|  0|   26|          26|          26|
    |add_ln58_319_fu_11647998_p2   |         +|   0|  0|   29|          29|          29|
    |add_ln58_31_fu_11632216_p2    |         +|   0|  0|   25|          25|          25|
    |add_ln58_320_fu_11648004_p2   |         +|   0|  0|   29|          29|          29|
    |add_ln58_321_fu_11648010_p2   |         +|   0|  0|   33|          26|          26|
    |add_ln58_322_fu_11648020_p2   |         +|   0|  0|   29|          29|          29|
    |add_ln58_323_fu_11648026_p2   |         +|   0|  0|   32|          25|          25|
    |add_ln58_324_fu_11648036_p2   |         +|   0|  0|   32|          25|          25|
    |add_ln58_325_fu_11648046_p2   |         +|   0|  0|   33|          26|          26|
    |add_ln58_326_fu_11657469_p2   |         +|   0|  0|   29|          29|          29|
    |add_ln58_327_fu_11648052_p2   |         +|   0|  0|   25|          25|          25|
    |add_ln58_328_fu_11640009_p2   |         +|   0|  0|   31|          24|          24|
    |add_ln58_329_fu_11648061_p2   |         +|   0|  0|   25|          25|          25|
    |add_ln58_32_fu_11632222_p2    |         +|   0|  0|   31|          24|          24|
    |add_ln58_330_fu_11640015_p2   |         +|   0|  0|   31|          24|          24|
    |add_ln58_331_fu_11640021_p2   |         +|   0|  0|   22|          22|          22|
    |add_ln58_332_fu_11640031_p2   |         +|   0|  0|   30|          23|          23|
    |add_ln58_333_fu_11648077_p2   |         +|   0|  0|   32|          25|          25|
    |add_ln58_334_fu_11648087_p2   |         +|   0|  0|   33|          26|          26|
    |add_ln58_335_fu_11657477_p2   |         +|   0|  0|   29|          29|          29|
    |add_ln58_336_fu_11648093_p2   |         +|   0|  0|   33|          26|          26|
    |add_ln58_337_fu_11648103_p2   |         +|   0|  0|   29|          29|          29|
    |add_ln58_338_fu_11640037_p2   |         +|   0|  0|   32|          25|          25|
    |add_ln58_339_fu_11648112_p2   |         +|   0|  0|   33|          26|          26|
    |add_ln58_33_fu_11632232_p2    |         +|   0|  0|   25|          25|          25|
    |add_ln58_340_fu_11648122_p2   |         +|   0|  0|   29|          29|          29|
    |add_ln58_341_fu_11640043_p2   |         +|   0|  0|   26|          26|          26|
    |add_ln58_342_fu_11640049_p2   |         +|   0|  0|   26|          26|          26|
    |add_ln58_343_fu_11640055_p2   |         +|   0|  0|   25|          25|          25|
    |add_ln58_344_fu_11640065_p2   |         +|   0|  0|   33|          26|          26|
    |add_ln58_345_fu_11648134_p2   |         +|   0|  0|   34|          27|          27|
    |add_ln58_346_fu_11648144_p2   |         +|   0|  0|   29|          29|          29|
    |add_ln58_347_fu_11640071_p2   |         +|   0|  0|   32|          25|          25|
    |add_ln58_348_fu_11640081_p2   |         +|   0|  0|   26|          26|          26|
    |add_ln58_349_fu_11640087_p2   |         +|   0|  0|   24|          24|          24|
    |add_ln58_34_fu_11632238_p2    |         +|   0|  0|   27|          27|          27|
    |add_ln58_350_fu_11640093_p2   |         +|   0|  0|   24|          24|          24|
    |add_ln58_351_fu_11640103_p2   |         +|   0|  0|   26|          26|          26|
    |add_ln58_352_fu_11640109_p2   |         +|   0|  0|   24|          24|          24|
    |add_ln58_353_fu_11640119_p2   |         +|   0|  0|   25|          25|          25|
    |add_ln58_354_fu_11640125_p2   |         +|   0|  0|   23|          23|          23|
    |add_ln58_355_fu_11640135_p2   |         +|   0|  0|   22|          22|          22|
    |add_ln58_356_fu_11640145_p2   |         +|   0|  0|   31|          24|          24|
    |add_ln58_357_fu_11640155_p2   |         +|   0|  0|   25|          25|          25|
    |add_ln58_358_fu_11648156_p2   |         +|   0|  0|   34|          27|          27|
    |add_ln58_359_fu_11648166_p2   |         +|   0|  0|   29|          29|          29|
    |add_ln58_35_fu_11632244_p2    |         +|   0|  0|   32|          25|          25|
    |add_ln58_360_fu_11648172_p2   |         +|   0|  0|   29|          29|          29|
    |add_ln58_361_fu_11640161_p2   |         +|   0|  0|   26|          26|          26|
    |add_ln58_362_fu_11648181_p2   |         +|   0|  0|   34|          27|          27|
    |add_ln58_363_fu_11648191_p2   |         +|   0|  0|   29|          29|          29|
    |add_ln58_364_fu_11640167_p2   |         +|   0|  0|   32|          25|          25|
    |add_ln58_365_fu_11640177_p2   |         +|   0|  0|   33|          26|          26|
    |add_ln58_366_fu_11640183_p2   |         +|   0|  0|   25|          25|          25|
    |add_ln58_367_fu_11640193_p2   |         +|   0|  0|   33|          26|          26|
    |add_ln58_368_fu_11648203_p2   |         +|   0|  0|   34|          27|          27|
    |add_ln58_369_fu_11648213_p2   |         +|   0|  0|   29|          29|          29|
    |add_ln58_36_fu_11632254_p2    |         +|   0|  0|   27|          27|          27|
    |add_ln58_370_fu_11640199_p2   |         +|   0|  0|   31|          24|          24|
    |add_ln58_371_fu_11640205_p2   |         +|   0|  0|   23|          23|          23|
    |add_ln58_372_fu_11640215_p2   |         +|   0|  0|   31|          24|          24|
    |add_ln58_373_fu_11648225_p2   |         +|   0|  0|   25|          25|          25|
    |add_ln58_374_fu_11640221_p2   |         +|   0|  0|   22|          22|          22|
    |add_ln58_375_fu_11640231_p2   |         +|   0|  0|   23|          23|          23|
    |add_ln58_376_fu_11640237_p2   |         +|   0|  0|   20|          20|          20|
    |add_ln58_377_fu_11640247_p2   |         +|   0|  0|   28|          21|          21|
    |add_ln58_378_fu_11640257_p2   |         +|   0|  0|   23|          23|          23|
    |add_ln58_379_fu_11648234_p2   |         +|   0|  0|   25|          25|          25|
    |add_ln58_37_fu_11632260_p2    |         +|   0|  0|   32|          25|          25|
    |add_ln58_380_fu_11648244_p2   |         +|   0|  0|   29|          29|          29|
    |add_ln58_381_fu_11648250_p2   |         +|   0|  0|   29|          29|          29|
    |add_ln58_382_fu_11640263_p2   |         +|   0|  0|   26|          26|          26|
    |add_ln58_383_fu_11648259_p2   |         +|   0|  0|   29|          29|          29|
    |add_ln58_384_fu_11648265_p2   |         +|   0|  0|   32|          25|          25|
    |add_ln58_385_fu_11640269_p2   |         +|   0|  0|   31|          24|          24|
    |add_ln58_386_fu_11648278_p2   |         +|   0|  0|   32|          25|          25|
    |add_ln58_387_fu_11648288_p2   |         +|   0|  0|   33|          26|          26|
    |add_ln58_388_fu_11657496_p2   |         +|   0|  0|   29|          29|          29|
    |add_ln58_389_fu_11640275_p2   |         +|   0|  0|   31|          24|          24|
    |add_ln58_38_fu_11638598_p2    |         +|   0|  0|   33|          26|          26|
    |add_ln58_390_fu_11640285_p2   |         +|   0|  0|   31|          24|          24|
    |add_ln58_391_fu_11640295_p2   |         +|   0|  0|   32|          25|          25|
    |add_ln58_392_fu_11640301_p2   |         +|   0|  0|   23|          23|          23|
    |add_ln58_393_fu_11640307_p2   |         +|   0|  0|   22|          22|          22|
    |add_ln58_394_fu_11640317_p2   |         +|   0|  0|   30|          23|          23|
    |add_ln58_395_fu_11648303_p2   |         +|   0|  0|   31|          24|          24|
    |add_ln58_396_fu_11648313_p2   |         +|   0|  0|   33|          26|          26|
    |add_ln58_397_fu_11657504_p2   |         +|   0|  0|   29|          29|          29|
    |add_ln58_398_fu_11648319_p2   |         +|   0|  0|   29|          29|          29|
    |add_ln58_399_fu_11648325_p2   |         +|   0|  0|   33|          26|          26|
    |add_ln58_39_fu_11632266_p2    |         +|   0|  0|   24|          24|          24|
    |add_ln58_3_fu_11632034_p2     |         +|   0|  0|   31|          24|          19|
    |add_ln58_400_fu_11648335_p2   |         +|   0|  0|   29|          29|          29|
    |add_ln58_401_fu_11648341_p2   |         +|   0|  0|   32|          25|          25|
    |add_ln58_402_fu_11640323_p2   |         +|   0|  0|   32|          25|          25|
    |add_ln58_403_fu_11640333_p2   |         +|   0|  0|   33|          26|          26|
    |add_ln58_404_fu_11648354_p2   |         +|   0|  0|   34|          27|          27|
    |add_ln58_405_fu_11657517_p2   |         +|   0|  0|   29|          29|          29|
    |add_ln58_406_fu_11648360_p2   |         +|   0|  0|   25|          25|          25|
    |add_ln58_407_fu_11640339_p2   |         +|   0|  0|   31|          24|          24|
    |add_ln58_408_fu_11648369_p2   |         +|   0|  0|   25|          25|          25|
    |add_ln58_409_fu_11648379_p2   |         +|   0|  0|   24|          24|          24|
    |add_ln58_40_fu_11632272_p2    |         +|   0|  0|   22|          22|          22|
    |add_ln58_410_fu_11640359_p2   |         +|   0|  0|   30|          23|          23|
    |add_ln58_411_fu_11648388_p2   |         +|   0|  0|   24|          24|          24|
    |add_ln58_412_fu_11648398_p2   |         +|   0|  0|   33|          26|          26|
    |add_ln58_413_fu_11657525_p2   |         +|   0|  0|   29|          29|          29|
    |add_ln58_414_fu_11648404_p2   |         +|   0|  0|   28|          28|          28|
    |add_ln58_415_fu_11648410_p2   |         +|   0|  0|   25|          25|          25|
    |add_ln58_416_fu_11648416_p2   |         +|   0|  0|   25|          25|          25|
    |add_ln58_417_fu_11648426_p2   |         +|   0|  0|   28|          28|          28|
    |add_ln58_418_fu_11648432_p2   |         +|   0|  0|   32|          25|          25|
    |add_ln58_419_fu_11640365_p2   |         +|   0|  0|   31|          24|          24|
    |add_ln58_41_fu_11632282_p2    |         +|   0|  0|   24|          24|          24|
    |add_ln58_420_fu_11648445_p2   |         +|   0|  0|   32|          25|          25|
    |add_ln58_421_fu_11648455_p2   |         +|   0|  0|   33|          26|          26|
    |add_ln58_422_fu_11657538_p2   |         +|   0|  0|   28|          28|          28|
    |add_ln58_423_fu_11640371_p2   |         +|   0|  0|   31|          24|          24|
    |add_ln58_424_fu_11640381_p2   |         +|   0|  0|   24|          24|          24|
    |add_ln58_425_fu_11640387_p2   |         +|   0|  0|   24|          24|          24|
    |add_ln58_426_fu_11640397_p2   |         +|   0|  0|   32|          25|          25|
    |add_ln58_427_fu_11640403_p2   |         +|   0|  0|   30|          23|          23|
    |add_ln58_428_fu_11640416_p2   |         +|   0|  0|   21|          21|          21|
    |add_ln58_429_fu_11640426_p2   |         +|   0|  0|   31|          24|          24|
    |add_ln58_42_fu_11632288_p2    |         +|   0|  0|   24|          24|          24|
    |add_ln58_430_fu_11648467_p2   |         +|   0|  0|   33|          26|          26|
    |add_ln58_431_fu_11657546_p2   |         +|   0|  0|   28|          28|          28|
    |add_ln58_432_fu_11648473_p2   |         +|   0|  0|   32|          25|          25|
    |add_ln58_433_fu_11648483_p2   |         +|   0|  0|   28|          28|          28|
    |add_ln58_434_fu_11648489_p2   |         +|   0|  0|   25|          25|          25|
    |add_ln58_435_fu_11648495_p2   |         +|   0|  0|   25|          25|          25|
    |add_ln58_436_fu_11648505_p2   |         +|   0|  0|   28|          28|          28|
    |add_ln58_437_fu_11640432_p2   |         +|   0|  0|   31|          24|          24|
    |add_ln58_438_fu_11648514_p2   |         +|   0|  0|   32|          25|          25|
    |add_ln58_439_fu_11640438_p2   |         +|   0|  0|   31|          24|          24|
    |add_ln58_43_fu_11638614_p2    |         +|   0|  0|   32|          25|          25|
    |add_ln58_440_fu_11640448_p2   |         +|   0|  0|   32|          25|          25|
    |add_ln58_441_fu_11648527_p2   |         +|   0|  0|   33|          26|          26|
    |add_ln58_442_fu_11657559_p2   |         +|   0|  0|   28|          28|          28|
    |add_ln58_443_fu_11640454_p2   |         +|   0|  0|   30|          23|          23|
    |add_ln58_444_fu_11640464_p2   |         +|   0|  0|   24|          24|          24|
    |add_ln58_445_fu_11640470_p2   |         +|   0|  0|   30|          23|          23|
    |add_ln58_446_fu_11640480_p2   |         +|   0|  0|   31|          24|          24|
    |add_ln58_447_fu_11648539_p2   |         +|   0|  0|   32|          25|          25|
    |add_ln58_448_fu_11648549_p2   |         +|   0|  0|   23|          23|          23|
    |add_ln58_449_fu_11648559_p2   |         +|   0|  0|   24|          24|          24|
    |add_ln58_44_fu_11638624_p2    |         +|   0|  0|   27|          27|          27|
    |add_ln58_450_fu_11640486_p2   |         +|   0|  0|   20|          20|          20|
    |add_ln58_451_fu_11640496_p2   |         +|   0|  0|   21|          21|          21|
    |add_ln58_452_fu_11648568_p2   |         +|   0|  0|   24|          24|          24|
    |add_ln58_453_fu_11648578_p2   |         +|   0|  0|   33|          26|          26|
    |add_ln58_454_fu_11657567_p2   |         +|   0|  0|   28|          28|          28|
    |add_ln58_455_fu_11648584_p2   |         +|   0|  0|   32|          25|          25|
    |add_ln58_456_fu_11648594_p2   |         +|   0|  0|   28|          28|          28|
    |add_ln58_457_fu_11640502_p2   |         +|   0|  0|   32|          25|          25|
    |add_ln58_458_fu_11640512_p2   |         +|   0|  0|   31|          24|          24|
    |add_ln58_459_fu_11640522_p2   |         +|   0|  0|   33|          26|          26|
    |add_ln58_45_fu_11632294_p2    |         +|   0|  0|   22|          22|          22|
    |add_ln58_460_fu_11648603_p2   |         +|   0|  0|   28|          28|          28|
    |add_ln58_461_fu_11640528_p2   |         +|   0|  0|   24|          24|          24|
    |add_ln58_462_fu_11648612_p2   |         +|   0|  0|   32|          25|          25|
    |add_ln58_463_fu_11640534_p2   |         +|   0|  0|   31|          24|          24|
    |add_ln58_464_fu_11640544_p2   |         +|   0|  0|   30|          23|          23|
    |add_ln58_465_fu_11640554_p2   |         +|   0|  0|   32|          25|          25|
    |add_ln58_466_fu_11648625_p2   |         +|   0|  0|   33|          26|          26|
    |add_ln58_467_fu_11657580_p2   |         +|   0|  0|   28|          28|          28|
    |add_ln58_468_fu_11640560_p2   |         +|   0|  0|   30|          23|          23|
    |add_ln58_469_fu_11648634_p2   |         +|   0|  0|   31|          24|          24|
    |add_ln58_46_fu_11632304_p2    |         +|   0|  0|   24|          24|          24|
    |add_ln58_470_fu_11632622_p2   |         +|   0|  0|   24|          17|          17|
    |add_ln58_471_fu_11640570_p2   |         +|   0|  0|   30|          23|          23|
    |add_ln58_472_fu_11648651_p2   |         +|   0|  0|   31|          24|          24|
    |add_ln58_473_fu_11648661_p2   |         +|   0|  0|   25|          25|          25|
    |add_ln58_474_fu_11640576_p2   |         +|   0|  0|   30|          23|          23|
    |add_ln58_475_fu_11648670_p2   |         +|   0|  0|   22|          22|          22|
    |add_ln58_476_fu_11648680_p2   |         +|   0|  0|   24|          24|          24|
    |add_ln58_477_fu_11640582_p2   |         +|   0|  0|   21|          21|          21|
    |add_ln58_478_fu_11640588_p2   |         +|   0|  0|   20|          20|          20|
    |add_ln58_479_fu_11648692_p2   |         +|   0|  0|   29|          22|          22|
    |add_ln58_47_fu_11638633_p2    |         +|   0|  0|   27|          27|          27|
    |add_ln58_480_fu_11648702_p2   |         +|   0|  0|   24|          24|          24|
    |add_ln58_481_fu_11648712_p2   |         +|   0|  0|   25|          25|          25|
    |add_ln58_482_fu_11657588_p2   |         +|   0|  0|   28|          28|          28|
    |add_ln58_483_fu_11648718_p2   |         +|   0|  0|   32|          25|          25|
    |add_ln58_484_fu_11648728_p2   |         +|   0|  0|   28|          28|          28|
    |add_ln58_485_fu_11640598_p2   |         +|   0|  0|   32|          25|          25|
    |add_ln58_486_fu_11640608_p2   |         +|   0|  0|   32|          25|          25|
    |add_ln58_487_fu_11640618_p2   |         +|   0|  0|   33|          26|          26|
    |add_ln58_488_fu_11648737_p2   |         +|   0|  0|   28|          28|          28|
    |add_ln58_489_fu_11648743_p2   |         +|   0|  0|   25|          25|          25|
    |add_ln58_48_fu_11638643_p2    |         +|   0|  0|   26|          26|          26|
    |add_ln58_490_fu_11640624_p2   |         +|   0|  0|   31|          24|          24|
    |add_ln58_491_fu_11648752_p2   |         +|   0|  0|   25|          25|          25|
    |add_ln58_492_fu_11648762_p2   |         +|   0|  0|   24|          24|          24|
    |add_ln58_493_fu_11640630_p2   |         +|   0|  0|   30|          23|          23|
    |add_ln58_494_fu_11648771_p2   |         +|   0|  0|   24|          24|          24|
    |add_ln58_495_fu_11648781_p2   |         +|   0|  0|   33|          26|          26|
    |add_ln58_496_fu_11657601_p2   |         +|   0|  0|   28|          28|          28|
    |add_ln58_497_fu_11640636_p2   |         +|   0|  0|   30|          23|          23|
    |add_ln58_498_fu_11640646_p2   |         +|   0|  0|   31|          24|          24|
    |add_ln58_499_fu_11640652_p2   |         +|   0|  0|   29|          22|          22|
    |add_ln58_49_fu_11629845_p2    |         +|   0|  0|   30|          23|          23|
    |add_ln58_4_fu_11629787_p2     |         +|   0|  0|   27|          20|          18|
    |add_ln58_500_fu_11640662_p2   |         +|   0|  0|   23|          23|          23|
    |add_ln58_501_fu_11640668_p2   |         +|   0|  0|   23|          23|          23|
    |add_ln58_502_fu_11657612_p2   |         +|   0|  0|   25|          25|          25|
    |add_ln58_503_fu_11640674_p2   |         +|   0|  0|   22|          22|          22|
    |add_ln58_504_fu_11640680_p2   |         +|   0|  0|   29|          22|          22|
    |add_ln58_505_fu_11648793_p2   |         +|   0|  0|   30|          23|          23|
    |add_ln58_506_fu_11640686_p2   |         +|   0|  0|   21|          21|          21|
    |add_ln58_507_fu_11640692_p2   |         +|   0|  0|   20|          20|          20|
    |add_ln58_508_fu_11648809_p2   |         +|   0|  0|   29|          22|          22|
    |add_ln58_509_fu_11648819_p2   |         +|   0|  0|   31|          24|          24|
    |add_ln58_50_fu_11632313_p2    |         +|   0|  0|   31|          24|          24|
    |add_ln58_510_fu_11657621_p2   |         +|   0|  0|   25|          25|          25|
    |add_ln58_511_fu_11657631_p2   |         +|   0|  0|   28|          28|          28|
    |add_ln58_512_fu_11648825_p2   |         +|   0|  0|   27|          27|          27|
    |add_ln58_513_fu_11648835_p2   |         +|   0|  0|   29|          29|          29|
    |add_ln58_514_fu_11640698_p2   |         +|   0|  0|   33|          26|          26|
    |add_ln58_515_fu_11640708_p2   |         +|   0|  0|   33|          26|          26|
    |add_ln58_516_fu_11640718_p2   |         +|   0|  0|   34|          27|          27|
    |add_ln58_517_fu_11648844_p2   |         +|   0|  0|   29|          29|          29|
    |add_ln58_518_fu_11640724_p2   |         +|   0|  0|   32|          25|          25|
    |add_ln58_519_fu_11648853_p2   |         +|   0|  0|   33|          26|          26|
    |add_ln58_51_fu_11638652_p2    |         +|   0|  0|   26|          26|          26|
    |add_ln58_520_fu_11640730_p2   |         +|   0|  0|   32|          25|          25|
    |add_ln58_521_fu_11640740_p2   |         +|   0|  0|   31|          24|          24|
    |add_ln58_522_fu_11640750_p2   |         +|   0|  0|   33|          26|          26|
    |add_ln58_523_fu_11648866_p2   |         +|   0|  0|   34|          27|          27|
    |add_ln58_524_fu_11657644_p2   |         +|   0|  0|   29|          29|          29|
    |add_ln58_525_fu_11648872_p2   |         +|   0|  0|   24|          24|          24|
    |add_ln58_526_fu_11648878_p2   |         +|   0|  0|   24|          24|          24|
    |add_ln58_527_fu_11640756_p2   |         +|   0|  0|   24|          24|          24|
    |add_ln58_528_fu_11640766_p2   |         +|   0|  0|   30|          23|          23|
    |add_ln58_529_fu_11640776_p2   |         +|   0|  0|   32|          25|          25|
    |add_ln58_52_fu_11638662_p2    |         +|   0|  0|   27|          27|          27|
    |add_ln58_530_fu_11648891_p2   |         +|   0|  0|   26|          26|          26|
    |add_ln58_531_fu_11640782_p2   |         +|   0|  0|   23|          23|          23|
    |add_ln58_532_fu_11640792_p2   |         +|   0|  0|   24|          24|          24|
    |add_ln58_533_fu_11640798_p2   |         +|   0|  0|   24|          24|          24|
    |add_ln58_534_fu_11640804_p2   |         +|   0|  0|   22|          22|          22|
    |add_ln58_535_fu_11640810_p2   |         +|   0|  0|   28|          21|          21|
    |add_ln58_536_fu_11640820_p2   |         +|   0|  0|   22|          22|          22|
    |add_ln58_537_fu_11648903_p2   |         +|   0|  0|   32|          25|          25|
    |add_ln58_538_fu_11648913_p2   |         +|   0|  0|   26|          26|          26|
    |add_ln58_539_fu_11657652_p2   |         +|   0|  0|   29|          29|          29|
    |add_ln58_53_fu_11632319_p2    |         +|   0|  0|   31|          24|          24|
    |add_ln58_540_fu_11648923_p2   |         +|   0|  0|   32|          25|          25|
    |add_ln58_541_fu_11648933_p2   |         +|   0|  0|   28|          28|          28|
    |add_ln58_542_fu_11640826_p2   |         +|   0|  0|   32|          25|          25|
    |add_ln58_543_fu_11640836_p2   |         +|   0|  0|   32|          25|          25|
    |add_ln58_544_fu_11640846_p2   |         +|   0|  0|   33|          26|          26|
    |add_ln58_545_fu_11648942_p2   |         +|   0|  0|   28|          28|          28|
    |add_ln58_546_fu_11640852_p2   |         +|   0|  0|   31|          24|          24|
    |add_ln58_547_fu_11640862_p2   |         +|   0|  0|   31|          24|          24|
    |add_ln58_548_fu_11640872_p2   |         +|   0|  0|   32|          25|          25|
    |add_ln58_549_fu_11648951_p2   |         +|   0|  0|   24|          24|          24|
    |add_ln58_54_fu_11632329_p2    |         +|   0|  0|   25|          25|          25|
    |add_ln58_550_fu_11640878_p2   |         +|   0|  0|   30|          23|          23|
    |add_ln58_551_fu_11648960_p2   |         +|   0|  0|   24|          24|          24|
    |add_ln58_552_fu_11648970_p2   |         +|   0|  0|   33|          26|          26|
    |add_ln58_553_fu_11657665_p2   |         +|   0|  0|   28|          28|          28|
    |add_ln58_554_fu_11648976_p2   |         +|   0|  0|   24|          24|          24|
    |add_ln58_555_fu_11648982_p2   |         +|   0|  0|   24|          24|          24|
    |add_ln58_556_fu_11640884_p2   |         +|   0|  0|   29|          22|          22|
    |add_ln58_557_fu_11640894_p2   |         +|   0|  0|   29|          22|          22|
    |add_ln58_558_fu_11640904_p2   |         +|   0|  0|   30|          23|          23|
    |add_ln58_559_fu_11648995_p2   |         +|   0|  0|   25|          25|          25|
    |add_ln58_55_fu_11638671_p2    |         +|   0|  0|   27|          27|          27|
    |add_ln58_560_fu_11649001_p2   |         +|   0|  0|   22|          22|          22|
    |add_ln58_561_fu_11649011_p2   |         +|   0|  0|   22|          22|          22|
    |add_ln58_562_fu_11649021_p2   |         +|   0|  0|   23|          23|          23|
    |add_ln58_563_fu_11640924_p2   |         +|   0|  0|   19|          19|          19|
    |add_ln58_564_fu_11640934_p2   |         +|   0|  0|   20|          20|          20|
    |add_ln58_565_fu_11649030_p2   |         +|   0|  0|   23|          23|          23|
    |add_ln58_566_fu_11649040_p2   |         +|   0|  0|   25|          25|          25|
    |add_ln58_567_fu_11657673_p2   |         +|   0|  0|   28|          28|          28|
    |add_ln58_568_fu_11649046_p2   |         +|   0|  0|   32|          25|          25|
    |add_ln58_569_fu_11657686_p2   |         +|   0|  0|   28|          28|          28|
    |add_ln58_56_fu_11632335_p2    |         +|   0|  0|   25|          25|          25|
    |add_ln58_570_fu_11649052_p2   |         +|   0|  0|   32|          25|          25|
    |add_ln58_571_fu_11649062_p2   |         +|   0|  0|   31|          24|          24|
    |add_ln58_572_fu_11649072_p2   |         +|   0|  0|   33|          26|          26|
    |add_ln58_573_fu_11657695_p2   |         +|   0|  0|   28|          28|          28|
    |add_ln58_574_fu_11649078_p2   |         +|   0|  0|   31|          24|          24|
    |add_ln58_575_fu_11649088_p2   |         +|   0|  0|   32|          25|          25|
    |add_ln58_576_fu_11649094_p2   |         +|   0|  0|   31|          24|          24|
    |add_ln58_577_fu_11649104_p2   |         +|   0|  0|   31|          24|          24|
    |add_ln58_578_fu_11649114_p2   |         +|   0|  0|   32|          25|          25|
    |add_ln58_579_fu_11657707_p2   |         +|   0|  0|   33|          26|          26|
    |add_ln58_57_fu_11632341_p2    |         +|   0|  0|   28|          21|          21|
    |add_ln58_580_fu_11657717_p2   |         +|   0|  0|   28|          28|          28|
    |add_ln58_581_fu_11640940_p2   |         +|   0|  0|   23|          23|          23|
    |add_ln58_582_fu_11640950_p2   |         +|   0|  0|   31|          24|          24|
    |add_ln58_583_fu_11640956_p2   |         +|   0|  0|   23|          23|          23|
    |add_ln58_584_fu_11640966_p2   |         +|   0|  0|   23|          23|          23|
    |add_ln58_585_fu_11640976_p2   |         +|   0|  0|   31|          24|          24|
    |add_ln58_586_fu_11649126_p2   |         +|   0|  0|   32|          25|          25|
    |add_ln58_587_fu_11640982_p2   |         +|   0|  0|   30|          23|          23|
    |add_ln58_588_fu_11649135_p2   |         +|   0|  0|   24|          24|          24|
    |add_ln58_589_fu_11649141_p2   |         +|   0|  0|   22|          22|          22|
    |add_ln58_58_fu_11632351_p2    |         +|   0|  0|   24|          24|          24|
    |add_ln58_590_fu_11640988_p2   |         +|   0|  0|   29|          22|          22|
    |add_ln58_591_fu_11649154_p2   |         +|   0|  0|   30|          23|          23|
    |add_ln58_592_fu_11649164_p2   |         +|   0|  0|   24|          24|          24|
    |add_ln58_593_fu_11657729_p2   |         +|   0|  0|   33|          26|          26|
    |add_ln58_594_fu_11657739_p2   |         +|   0|  0|   28|          28|          28|
    |add_ln58_595_fu_11657745_p2   |         +|   0|  0|   37|          30|          30|
    |add_ln58_596_fu_11657751_p2   |         +|   0|  0|   26|          26|          26|
    |add_ln58_597_fu_11657757_p2   |         +|   0|  0|   26|          26|          26|
    |add_ln58_598_fu_11657767_p2   |         +|   0|  0|   30|          30|          30|
    |add_ln58_599_fu_11649184_p2   |         +|   0|  0|   33|          26|          26|
    |add_ln58_59_fu_11632361_p2    |         +|   0|  0|   25|          25|          25|
    |add_ln58_5_fu_11632047_p2     |         +|   0|  0|   21|          21|          18|
    |add_ln58_600_fu_11649190_p2   |         +|   0|  0|   26|          26|          26|
    |add_ln58_601_fu_11649200_p2   |         +|   0|  0|   34|          27|          27|
    |add_ln58_602_fu_11657779_p2   |         +|   0|  0|   35|          28|          28|
    |add_ln58_603_fu_11657789_p2   |         +|   0|  0|   30|          30|          30|
    |add_ln58_604_fu_11649206_p2   |         +|   0|  0|   33|          26|          26|
    |add_ln58_605_fu_11649216_p2   |         +|   0|  0|   25|          25|          25|
    |add_ln58_606_fu_11649222_p2   |         +|   0|  0|   25|          25|          25|
    |add_ln58_607_fu_11649232_p2   |         +|   0|  0|   34|          27|          27|
    |add_ln58_608_fu_11649238_p2   |         +|   0|  0|   32|          25|          25|
    |add_ln58_609_fu_11649248_p2   |         +|   0|  0|   25|          25|          25|
    |add_ln58_60_fu_11638684_p2    |         +|   0|  0|   25|          25|          25|
    |add_ln58_610_fu_11649254_p2   |         +|   0|  0|   25|          25|          25|
    |add_ln58_611_fu_11649264_p2   |         +|   0|  0|   33|          26|          26|
    |add_ln58_612_fu_11657801_p2   |         +|   0|  0|   35|          28|          28|
    |add_ln58_613_fu_11657811_p2   |         +|   0|  0|   30|          30|          30|
    |add_ln58_614_fu_11649270_p2   |         +|   0|  0|   32|          25|          25|
    |add_ln58_615_fu_11649286_p2   |         +|   0|  0|   32|          25|          25|
    |add_ln58_616_fu_11657823_p2   |         +|   0|  0|   33|          26|          26|
    |add_ln58_617_fu_11649292_p2   |         +|   0|  0|   31|          24|          24|
    |add_ln58_618_fu_11649302_p2   |         +|   0|  0|   31|          24|          24|
    |add_ln58_619_fu_11649312_p2   |         +|   0|  0|   25|          25|          25|
    |add_ln58_61_fu_11632367_p2    |         +|   0|  0|   30|          23|          23|
    |add_ln58_620_fu_11649318_p2   |         +|   0|  0|   25|          25|          25|
    |add_ln58_621_fu_11657836_p2   |         +|   0|  0|   27|          27|          27|
    |add_ln58_622_fu_11649324_p2   |         +|   0|  0|   31|          24|          24|
    |add_ln58_623_fu_11649334_p2   |         +|   0|  0|   31|          24|          24|
    |add_ln58_624_fu_11649344_p2   |         +|   0|  0|   25|          25|          25|
    |add_ln58_625_fu_11649350_p2   |         +|   0|  0|   25|          25|          25|
    |add_ln58_626_fu_11640994_p2   |         +|   0|  0|   23|          23|          23|
    |add_ln58_627_fu_11641000_p2   |         +|   0|  0|   28|          21|          21|
    |add_ln58_628_fu_11649362_p2   |         +|   0|  0|   22|          22|          22|
    |add_ln58_629_fu_11649372_p2   |         +|   0|  0|   31|          24|          24|
    |add_ln58_62_fu_11638693_p2    |         +|   0|  0|   25|          25|          25|
    |add_ln58_630_fu_11657848_p2   |         +|   0|  0|   33|          26|          26|
    |add_ln58_631_fu_11657858_p2   |         +|   0|  0|   27|          27|          27|
    |add_ln58_632_fu_11657868_p2   |         +|   0|  0|   30|          30|          30|
    |add_ln58_633_fu_11649378_p2   |         +|   0|  0|   34|          27|          27|
    |add_ln58_634_fu_11657877_p2   |         +|   0|  0|   37|          30|          30|
    |add_ln58_635_fu_11657883_p2   |         +|   0|  0|   26|          26|          26|
    |add_ln58_636_fu_11657889_p2   |         +|   0|  0|   26|          26|          26|
    |add_ln58_637_fu_11657899_p2   |         +|   0|  0|   30|          30|          30|
    |add_ln58_638_fu_11649384_p2   |         +|   0|  0|   26|          26|          26|
    |add_ln58_639_fu_11649390_p2   |         +|   0|  0|   26|          26|          26|
    |add_ln58_63_fu_11638703_p2    |         +|   0|  0|   33|          26|          26|
    |add_ln58_640_fu_11649400_p2   |         +|   0|  0|   26|          26|          26|
    |add_ln58_641_fu_11649406_p2   |         +|   0|  0|   26|          26|          26|
    |add_ln58_642_fu_11649416_p2   |         +|   0|  0|   34|          27|          27|
    |add_ln58_643_fu_11657908_p2   |         +|   0|  0|   30|          30|          30|
    |add_ln58_644_fu_11649422_p2   |         +|   0|  0|   32|          25|          25|
    |add_ln58_645_fu_11649432_p2   |         +|   0|  0|   33|          26|          26|
    |add_ln58_646_fu_11649438_p2   |         +|   0|  0|   25|          25|          25|
    |add_ln58_647_fu_11649444_p2   |         +|   0|  0|   25|          25|          25|
    |add_ln58_648_fu_11657920_p2   |         +|   0|  0|   34|          27|          27|
    |add_ln58_649_fu_11649450_p2   |         +|   0|  0|   32|          25|          25|
    |add_ln58_64_fu_11638713_p2    |         +|   0|  0|   27|          27|          27|
    |add_ln58_650_fu_11649460_p2   |         +|   0|  0|   33|          26|          26|
    |add_ln58_651_fu_11649466_p2   |         +|   0|  0|   32|          25|          25|
    |add_ln58_652_fu_11649476_p2   |         +|   0|  0|   33|          26|          26|
    |add_ln58_653_fu_11657936_p2   |         +|   0|  0|   34|          27|          27|
    |add_ln58_654_fu_11657946_p2   |         +|   0|  0|   35|          28|          28|
    |add_ln58_655_fu_11664449_p2   |         +|   0|  0|   30|          30|          30|
    |add_ln58_656_fu_11649482_p2   |         +|   0|  0|   31|          24|          24|
    |add_ln58_657_fu_11649492_p2   |         +|   0|  0|   32|          25|          25|
    |add_ln58_658_fu_11649498_p2   |         +|   0|  0|   24|          24|          24|
    |add_ln58_659_fu_11649504_p2   |         +|   0|  0|   24|          24|          24|
    |add_ln58_65_fu_11632373_p2    |         +|   0|  0|   30|          23|          23|
    |add_ln58_660_fu_11657958_p2   |         +|   0|  0|   33|          26|          26|
    |add_ln58_661_fu_11649510_p2   |         +|   0|  0|   31|          24|          24|
    |add_ln58_662_fu_11649520_p2   |         +|   0|  0|   32|          25|          25|
    |add_ln58_663_fu_11649526_p2   |         +|   0|  0|   24|          24|          24|
    |add_ln58_664_fu_11649536_p2   |         +|   0|  0|   32|          25|          25|
    |add_ln58_665_fu_11657974_p2   |         +|   0|  0|   33|          26|          26|
    |add_ln58_666_fu_11657984_p2   |         +|   0|  0|   27|          27|          27|
    |add_ln58_667_fu_11649542_p2   |         +|   0|  0|   31|          24|          24|
    |add_ln58_668_fu_11649552_p2   |         +|   0|  0|   25|          25|          25|
    |add_ln58_669_fu_11649558_p2   |         +|   0|  0|   30|          23|          23|
    |add_ln58_66_fu_11632383_p2    |         +|   0|  0|   31|          24|          24|
    |add_ln58_670_fu_11649568_p2   |         +|   0|  0|   24|          24|          24|
    |add_ln58_671_fu_11649578_p2   |         +|   0|  0|   25|          25|          25|
    |add_ln58_672_fu_11641006_p2   |         +|   0|  0|   22|          22|          22|
    |add_ln58_673_fu_11649587_p2   |         +|   0|  0|   30|          23|          23|
    |add_ln58_674_fu_11641012_p2   |         +|   0|  0|   29|          22|          22|
    |add_ln58_675_fu_11649600_p2   |         +|   0|  0|   30|          23|          23|
    |add_ln58_676_fu_11649610_p2   |         +|   0|  0|   31|          24|          24|
    |add_ln58_677_fu_11657996_p2   |         +|   0|  0|   33|          26|          26|
    |add_ln58_678_fu_11658006_p2   |         +|   0|  0|   27|          27|          27|
    |add_ln58_679_fu_11664457_p2   |         +|   0|  0|   30|          30|          30|
    |add_ln58_67_fu_11638722_p2    |         +|   0|  0|   27|          27|          27|
    |add_ln58_680_fu_11649616_p2   |         +|   0|  0|   35|          28|          28|
    |add_ln58_681_fu_11658015_p2   |         +|   0|  0|   37|          30|          30|
    |add_ln58_682_fu_11649622_p2   |         +|   0|  0|   33|          26|          26|
    |add_ln58_683_fu_11658024_p2   |         +|   0|  0|   34|          27|          27|
    |add_ln58_684_fu_11658034_p2   |         +|   0|  0|   30|          30|          30|
    |add_ln58_685_fu_11649628_p2   |         +|   0|  0|   32|          25|          25|
    |add_ln58_686_fu_11649638_p2   |         +|   0|  0|   33|          26|          26|
    |add_ln58_687_fu_11649644_p2   |         +|   0|  0|   32|          25|          25|
    |add_ln58_688_fu_11649654_p2   |         +|   0|  0|   32|          25|          25|
    |add_ln58_689_fu_11649664_p2   |         +|   0|  0|   33|          26|          26|
    |add_ln58_68_fu_11632389_p2    |         +|   0|  0|   24|          24|          24|
    |add_ln58_690_fu_11658046_p2   |         +|   0|  0|   34|          27|          27|
    |add_ln58_691_fu_11658056_p2   |         +|   0|  0|   30|          30|          30|
    |add_ln58_692_fu_11649670_p2   |         +|   0|  0|   25|          25|          25|
    |add_ln58_693_fu_11649680_p2   |         +|   0|  0|   33|          26|          26|
    |add_ln58_694_fu_11649686_p2   |         +|   0|  0|   32|          25|          25|
    |add_ln58_695_fu_11649696_p2   |         +|   0|  0|   32|          25|          25|
    |add_ln58_696_fu_11649706_p2   |         +|   0|  0|   33|          26|          26|
    |add_ln58_697_fu_11658068_p2   |         +|   0|  0|   34|          27|          27|
    |add_ln58_698_fu_11649712_p2   |         +|   0|  0|   32|          25|          25|
    |add_ln58_699_fu_11649722_p2   |         +|   0|  0|   33|          26|          26|
    |add_ln58_69_fu_11638731_p2    |         +|   0|  0|   26|          26|          26|
    |add_ln58_6_fu_11629793_p2     |         +|   0|  0|   29|          22|          18|
    |add_ln58_700_fu_11649728_p2   |         +|   0|  0|   32|          25|          25|
    |add_ln58_701_fu_11649738_p2   |         +|   0|  0|   32|          25|          25|
    |add_ln58_702_fu_11649748_p2   |         +|   0|  0|   33|          26|          26|
    |add_ln58_703_fu_11658084_p2   |         +|   0|  0|   34|          27|          27|
    |add_ln58_704_fu_11658094_p2   |         +|   0|  0|   35|          28|          28|
    |add_ln58_705_fu_11664470_p2   |         +|   0|  0|   30|          30|          30|
    |add_ln58_706_fu_11649754_p2   |         +|   0|  0|   24|          24|          24|
    |add_ln58_707_fu_11649764_p2   |         +|   0|  0|   32|          25|          25|
    |add_ln58_708_fu_11649770_p2   |         +|   0|  0|   24|          24|          24|
    |add_ln58_709_fu_11649780_p2   |         +|   0|  0|   32|          25|          25|
    |add_ln58_70_fu_11632395_p2    |         +|   0|  0|   29|          22|          22|
    |add_ln58_710_fu_11658106_p2   |         +|   0|  0|   33|          26|          26|
    |add_ln58_711_fu_11649786_p2   |         +|   0|  0|   31|          24|          24|
    |add_ln58_712_fu_11649796_p2   |         +|   0|  0|   32|          25|          25|
    |add_ln58_713_fu_11649802_p2   |         +|   0|  0|   31|          24|          24|
    |add_ln58_714_fu_11649812_p2   |         +|   0|  0|   31|          24|          24|
    |add_ln58_715_fu_11649822_p2   |         +|   0|  0|   32|          25|          25|
    |add_ln58_716_fu_11658122_p2   |         +|   0|  0|   33|          26|          26|
    |add_ln58_717_fu_11658132_p2   |         +|   0|  0|   27|          27|          27|
    |add_ln58_718_fu_11641018_p2   |         +|   0|  0|   31|          24|          24|
    |add_ln58_719_fu_11649831_p2   |         +|   0|  0|   32|          25|          25|
    |add_ln58_71_fu_11638740_p2    |         +|   0|  0|   26|          26|          26|
    |add_ln58_720_fu_11649837_p2   |         +|   0|  0|   30|          23|          23|
    |add_ln58_721_fu_11649847_p2   |         +|   0|  0|   23|          23|          23|
    |add_ln58_722_fu_11649857_p2   |         +|   0|  0|   31|          24|          24|
    |add_ln58_723_fu_11658144_p2   |         +|   0|  0|   26|          26|          26|
    |add_ln58_724_fu_11649863_p2   |         +|   0|  0|   22|          22|          22|
    |add_ln58_725_fu_11649869_p2   |         +|   0|  0|   22|          22|          22|
    |add_ln58_726_fu_11649875_p2   |         +|   0|  0|   22|          22|          22|
    |add_ln58_727_fu_11641024_p2   |         +|   0|  0|   28|          21|          21|
    |add_ln58_728_fu_11649884_p2   |         +|   0|  0|   22|          22|          22|
    |add_ln58_729_fu_11658156_p2   |         +|   0|  0|   30|          23|          23|
    |add_ln58_72_fu_11638750_p2    |         +|   0|  0|   35|          28|          28|
    |add_ln58_730_fu_11658166_p2   |         +|   0|  0|   26|          26|          26|
    |add_ln58_731_fu_11658176_p2   |         +|   0|  0|   27|          27|          27|
    |add_ln58_732_fu_11664478_p2   |         +|   0|  0|   30|          30|          30|
    |add_ln58_733_fu_11658182_p2   |         +|   0|  0|   36|          29|          29|
    |add_ln58_734_fu_11649890_p2   |         +|   0|  0|   25|          25|          25|
    |add_ln58_735_fu_11649896_p2   |         +|   0|  0|   25|          25|          25|
    |add_ln58_736_fu_11658191_p2   |         +|   0|  0|   29|          29|          29|
    |add_ln58_737_fu_11649902_p2   |         +|   0|  0|   25|          25|          25|
    |add_ln58_738_fu_11649908_p2   |         +|   0|  0|   25|          25|          25|
    |add_ln58_739_fu_11649918_p2   |         +|   0|  0|   25|          25|          25|
    |add_ln58_73_fu_11638756_p2    |         +|   0|  0|   26|          26|          26|
    |add_ln58_740_fu_11649924_p2   |         +|   0|  0|   25|          25|          25|
    |add_ln58_741_fu_11649934_p2   |         +|   0|  0|   33|          26|          26|
    |add_ln58_742_fu_11658200_p2   |         +|   0|  0|   29|          29|          29|
    |add_ln58_743_fu_11649940_p2   |         +|   0|  0|   25|          25|          25|
    |add_ln58_744_fu_11649946_p2   |         +|   0|  0|   25|          25|          25|
    |add_ln58_745_fu_11649952_p2   |         +|   0|  0|   31|          24|          24|
    |add_ln58_746_fu_11649962_p2   |         +|   0|  0|   32|          25|          25|
    |add_ln58_747_fu_11658212_p2   |         +|   0|  0|   33|          26|          26|
    |add_ln58_748_fu_11649968_p2   |         +|   0|  0|   31|          24|          24|
    |add_ln58_749_fu_11649978_p2   |         +|   0|  0|   32|          25|          25|
    |add_ln58_74_fu_11638762_p2    |         +|   0|  0|   32|          25|          25|
    |add_ln58_750_fu_11649984_p2   |         +|   0|  0|   24|          24|          24|
    |add_ln58_751_fu_11649990_p2   |         +|   0|  0|   24|          24|          24|
    |add_ln58_752_fu_11658228_p2   |         +|   0|  0|   33|          26|          26|
    |add_ln58_753_fu_11658238_p2   |         +|   0|  0|   34|          27|          27|
    |add_ln58_754_fu_11664491_p2   |         +|   0|  0|   29|          29|          29|
    |add_ln58_755_fu_11649996_p2   |         +|   0|  0|   31|          24|          24|
    |add_ln58_756_fu_11650005_p2   |         +|   0|  0|   24|          24|          24|
    |add_ln58_757_fu_11650011_p2   |         +|   0|  0|   24|          24|          24|
    |add_ln58_758_fu_11650021_p2   |         +|   0|  0|   32|          25|          25|
    |add_ln58_759_fu_11641030_p2   |         +|   0|  0|   23|          23|          23|
    |add_ln58_75_fu_11638772_p2    |         +|   0|  0|   26|          26|          26|
    |add_ln58_760_fu_11641040_p2   |         +|   0|  0|   31|          24|          24|
    |add_ln58_761_fu_11641046_p2   |         +|   0|  0|   23|          23|          23|
    |add_ln58_762_fu_11650033_p2   |         +|   0|  0|   31|          24|          24|
    |add_ln58_763_fu_11650043_p2   |         +|   0|  0|   32|          25|          25|
    |add_ln58_764_fu_11658250_p2   |         +|   0|  0|   33|          26|          26|
    |add_ln58_765_fu_11650049_p2   |         +|   0|  0|   24|          24|          24|
    |add_ln58_766_fu_11650055_p2   |         +|   0|  0|   24|          24|          24|
    |add_ln58_767_fu_11650061_p2   |         +|   0|  0|   29|          22|          22|
    |add_ln58_768_fu_11650071_p2   |         +|   0|  0|   30|          23|          23|
    |add_ln58_769_fu_11658266_p2   |         +|   0|  0|   25|          25|          25|
    |add_ln58_76_fu_11638778_p2    |         +|   0|  0|   26|          26|          26|
    |add_ln58_770_fu_11641052_p2   |         +|   0|  0|   22|          22|          22|
    |add_ln58_771_fu_11658275_p2   |         +|   0|  0|   23|          23|          23|
    |add_ln58_772_fu_11650077_p2   |         +|   0|  0|   20|          20|          20|
    |add_ln58_773_fu_11650087_p2   |         +|   0|  0|   21|          21|          21|
    |add_ln58_774_fu_11658284_p2   |         +|   0|  0|   23|          23|          23|
    |add_ln58_775_fu_11658294_p2   |         +|   0|  0|   25|          25|          25|
    |add_ln58_776_fu_11658304_p2   |         +|   0|  0|   34|          27|          27|
    |add_ln58_777_fu_11664499_p2   |         +|   0|  0|   29|          29|          29|
    |add_ln58_778_fu_11650097_p2   |         +|   0|  0|   35|          28|          28|
    |add_ln58_779_fu_11658316_p2   |         +|   0|  0|   37|          30|          30|
    |add_ln58_77_fu_11638784_p2    |         +|   0|  0|   25|          25|          25|
    |add_ln58_780_fu_11650103_p2   |         +|   0|  0|   33|          26|          26|
    |add_ln58_781_fu_11650113_p2   |         +|   0|  0|   33|          26|          26|
    |add_ln58_782_fu_11650123_p2   |         +|   0|  0|   34|          27|          27|
    |add_ln58_783_fu_11658325_p2   |         +|   0|  0|   30|          30|          30|
    |add_ln58_784_fu_11650129_p2   |         +|   0|  0|   32|          25|          25|
    |add_ln58_785_fu_11650139_p2   |         +|   0|  0|   33|          26|          26|
    |add_ln58_786_fu_11650145_p2   |         +|   0|  0|   32|          25|          25|
    |add_ln58_787_fu_11632628_p2   |         +|   0|  0|   24|          17|          17|
    |add_ln58_788_fu_11650159_p2   |         +|   0|  0|   33|          26|          26|
    |add_ln58_789_fu_11658337_p2   |         +|   0|  0|   34|          27|          27|
    |add_ln58_78_fu_11638790_p2    |         +|   0|  0|   25|          25|          25|
    |add_ln58_790_fu_11658347_p2   |         +|   0|  0|   30|          30|          30|
    |add_ln58_791_fu_11650165_p2   |         +|   0|  0|   32|          25|          25|
    |add_ln58_792_fu_11650175_p2   |         +|   0|  0|   33|          26|          26|
    |add_ln58_793_fu_11650181_p2   |         +|   0|  0|   32|          25|          25|
    |add_ln58_794_fu_11650191_p2   |         +|   0|  0|   32|          25|          25|
    |add_ln58_795_fu_11650201_p2   |         +|   0|  0|   33|          26|          26|
    |add_ln58_796_fu_11658359_p2   |         +|   0|  0|   34|          27|          27|
    |add_ln58_797_fu_11650207_p2   |         +|   0|  0|   32|          25|          25|
    |add_ln58_798_fu_11650217_p2   |         +|   0|  0|   33|          26|          26|
    |add_ln58_799_fu_11650223_p2   |         +|   0|  0|   32|          25|          25|
    |add_ln58_79_fu_11638800_p2    |         +|   0|  0|   26|          26|          26|
    |add_ln58_7_fu_11629813_p2     |         +|   0|  0|   29|          22|          22|
    |add_ln58_800_fu_11650233_p2   |         +|   0|  0|   32|          25|          25|
    |add_ln58_801_fu_11650243_p2   |         +|   0|  0|   33|          26|          26|
    |add_ln58_802_fu_11658375_p2   |         +|   0|  0|   34|          27|          27|
    |add_ln58_803_fu_11658385_p2   |         +|   0|  0|   35|          28|          28|
    |add_ln58_804_fu_11664512_p2   |         +|   0|  0|   30|          30|          30|
    |add_ln58_805_fu_11650249_p2   |         +|   0|  0|   31|          24|          24|
    |add_ln58_806_fu_11650259_p2   |         +|   0|  0|   32|          25|          25|
    |add_ln58_807_fu_11650265_p2   |         +|   0|  0|   31|          24|          24|
    |add_ln58_808_fu_11650275_p2   |         +|   0|  0|   31|          24|          24|
    |add_ln58_809_fu_11650285_p2   |         +|   0|  0|   32|          25|          25|
    |add_ln58_80_fu_11638810_p2    |         +|   0|  0|   25|          25|          25|
    |add_ln58_810_fu_11658397_p2   |         +|   0|  0|   33|          26|          26|
    |add_ln58_811_fu_11650291_p2   |         +|   0|  0|   24|          24|          24|
    |add_ln58_812_fu_11650301_p2   |         +|   0|  0|   32|          25|          25|
    |add_ln58_813_fu_11650307_p2   |         +|   0|  0|   31|          24|          24|
    |add_ln58_814_fu_11650317_p2   |         +|   0|  0|   24|          24|          24|
    |add_ln58_815_fu_11650327_p2   |         +|   0|  0|   32|          25|          25|
    |add_ln58_816_fu_11658413_p2   |         +|   0|  0|   33|          26|          26|
    |add_ln58_817_fu_11658423_p2   |         +|   0|  0|   34|          27|          27|
    |add_ln58_818_fu_11650333_p2   |         +|   0|  0|   30|          23|          23|
    |add_ln58_819_fu_11650343_p2   |         +|   0|  0|   31|          24|          24|
    |add_ln58_81_fu_11632411_p2    |         +|   0|  0|   23|          23|          23|
    |add_ln58_820_fu_11650349_p2   |         +|   0|  0|   30|          23|          23|
    |add_ln58_821_fu_11650359_p2   |         +|   0|  0|   30|          23|          23|
    |add_ln58_822_fu_11650369_p2   |         +|   0|  0|   31|          24|          24|
    |add_ln58_823_fu_11658435_p2   |         +|   0|  0|   25|          25|          25|
    |add_ln58_824_fu_11650375_p2   |         +|   0|  0|   22|          22|          22|
    |add_ln58_825_fu_11650385_p2   |         +|   0|  0|   22|          22|          22|
    |add_ln58_826_fu_11650395_p2   |         +|   0|  0|   30|          23|          23|
    |add_ln58_827_fu_11650401_p2   |         +|   0|  0|   28|          21|          21|
    |add_ln58_828_fu_11650411_p2   |         +|   0|  0|   27|          20|          20|
    |add_ln58_829_fu_11650420_p2   |         +|   0|  0|   29|          22|          22|
    |add_ln58_82_fu_11638819_p2    |         +|   0|  0|   25|          25|          25|
    |add_ln58_830_fu_11658447_p2   |         +|   0|  0|   31|          24|          24|
    |add_ln58_831_fu_11658457_p2   |         +|   0|  0|   25|          25|          25|
    |add_ln58_832_fu_11664523_p2   |         +|   0|  0|   35|          28|          28|
    |add_ln58_833_fu_11664533_p2   |         +|   0|  0|   30|          30|          30|
    |add_ln58_834_fu_11658463_p2   |         +|   0|  0|   36|          29|          29|
    |add_ln58_835_fu_11650426_p2   |         +|   0|  0|   25|          25|          25|
    |add_ln58_836_fu_11650432_p2   |         +|   0|  0|   25|          25|          25|
    |add_ln58_837_fu_11658472_p2   |         +|   0|  0|   29|          29|          29|
    |add_ln58_838_fu_11650438_p2   |         +|   0|  0|   32|          25|          25|
    |add_ln58_839_fu_11650448_p2   |         +|   0|  0|   33|          26|          26|
    |add_ln58_83_fu_11638829_p2    |         +|   0|  0|   33|          26|          26|
    |add_ln58_840_fu_11650454_p2   |         +|   0|  0|   25|          25|          25|
    |add_ln58_841_fu_11650460_p2   |         +|   0|  0|   25|          25|          25|
    |add_ln58_842_fu_11658484_p2   |         +|   0|  0|   34|          27|          27|
    |add_ln58_843_fu_11658494_p2   |         +|   0|  0|   29|          29|          29|
    |add_ln58_844_fu_11650466_p2   |         +|   0|  0|   32|          25|          25|
    |add_ln58_845_fu_11650476_p2   |         +|   0|  0|   25|          25|          25|
    |add_ln58_846_fu_11650482_p2   |         +|   0|  0|   25|          25|          25|
    |add_ln58_847_fu_11650492_p2   |         +|   0|  0|   33|          26|          26|
    |add_ln58_848_fu_11650498_p2   |         +|   0|  0|   25|          25|          25|
    |add_ln58_849_fu_11650504_p2   |         +|   0|  0|   25|          25|          25|
    |add_ln58_84_fu_11638835_p2    |         +|   0|  0|   32|          25|          25|
    |add_ln58_850_fu_11650510_p2   |         +|   0|  0|   31|          24|          24|
    |add_ln58_851_fu_11650520_p2   |         +|   0|  0|   32|          25|          25|
    |add_ln58_852_fu_11658509_p2   |         +|   0|  0|   33|          26|          26|
    |add_ln58_853_fu_11658519_p2   |         +|   0|  0|   34|          27|          27|
    |add_ln58_854_fu_11664542_p2   |         +|   0|  0|   29|          29|          29|
    |add_ln58_855_fu_11650526_p2   |         +|   0|  0|   30|          23|          23|
    |add_ln58_856_fu_11650536_p2   |         +|   0|  0|   23|          23|          23|
    |add_ln58_857_fu_11650542_p2   |         +|   0|  0|   23|          23|          23|
    |add_ln58_858_fu_11650552_p2   |         +|   0|  0|   31|          24|          24|
    |add_ln58_859_fu_11650558_p2   |         +|   0|  0|   23|          23|          23|
    |add_ln58_85_fu_11638845_p2    |         +|   0|  0|   26|          26|          26|
    |add_ln58_860_fu_11650568_p2   |         +|   0|  0|   31|          24|          24|
    |add_ln58_861_fu_11650574_p2   |         +|   0|  0|   23|          23|          23|
    |add_ln58_862_fu_11650580_p2   |         +|   0|  0|   23|          23|          23|
    |add_ln58_863_fu_11658534_p2   |         +|   0|  0|   32|          25|          25|
    |add_ln58_864_fu_11658544_p2   |         +|   0|  0|   26|          26|          26|
    |add_ln58_865_fu_11650586_p2   |         +|   0|  0|   23|          23|          23|
    |add_ln58_866_fu_11650592_p2   |         +|   0|  0|   23|          23|          23|
    |add_ln58_867_fu_11641062_p2   |         +|   0|  0|   22|          22|          22|
    |add_ln58_868_fu_11650605_p2   |         +|   0|  0|   30|          23|          23|
    |add_ln58_869_fu_11650615_p2   |         +|   0|  0|   31|          24|          24|
    |add_ln58_86_fu_11632417_p2    |         +|   0|  0|   21|          21|          21|
    |add_ln58_870_fu_11650621_p2   |         +|   0|  0|   29|          22|          22|
    |add_ln58_871_fu_11658556_p2   |         +|   0|  0|   23|          23|          23|
    |add_ln58_872_fu_11641068_p2   |         +|   0|  0|   28|          21|          21|
    |add_ln58_873_fu_11650630_p2   |         +|   0|  0|   29|          22|          22|
    |add_ln58_874_fu_11658565_p2   |         +|   0|  0|   23|          23|          23|
    |add_ln58_875_fu_11658575_p2   |         +|   0|  0|   32|          25|          25|
    |add_ln58_876_fu_11658585_p2   |         +|   0|  0|   26|          26|          26|
    |add_ln58_877_fu_11664550_p2   |         +|   0|  0|   29|          29|          29|
    |add_ln58_878_fu_11650636_p2   |         +|   0|  0|   34|          27|          27|
    |add_ln58_879_fu_11658594_p2   |         +|   0|  0|   37|          30|          30|
    |add_ln58_87_fu_11632423_p2    |         +|   0|  0|   28|          21|          21|
    |add_ln58_880_fu_11650642_p2   |         +|   0|  0|   26|          26|          26|
    |add_ln58_881_fu_11650648_p2   |         +|   0|  0|   26|          26|          26|
    |add_ln58_882_fu_11658603_p2   |         +|   0|  0|   30|          30|          30|
    |add_ln58_883_fu_11650654_p2   |         +|   0|  0|   26|          26|          26|
    |add_ln58_884_fu_11650660_p2   |         +|   0|  0|   26|          26|          26|
    |add_ln58_885_fu_11641074_p2   |         +|   0|  0|   26|          26|          26|
    |add_ln58_886_fu_11641080_p2   |         +|   0|  0|   25|          25|          25|
    |add_ln58_887_fu_11641090_p2   |         +|   0|  0|   26|          26|          26|
    |add_ln58_888_fu_11650673_p2   |         +|   0|  0|   34|          27|          27|
    |add_ln58_889_fu_11658612_p2   |         +|   0|  0|   30|          30|          30|
    |add_ln58_88_fu_11638857_p2    |         +|   0|  0|   29|          22|          22|
    |add_ln58_890_fu_11650679_p2   |         +|   0|  0|   32|          25|          25|
    |add_ln58_891_fu_11650689_p2   |         +|   0|  0|   33|          26|          26|
    |add_ln58_892_fu_11650695_p2   |         +|   0|  0|   32|          25|          25|
    |add_ln58_893_fu_11650705_p2   |         +|   0|  0|   32|          25|          25|
    |add_ln58_894_fu_11650715_p2   |         +|   0|  0|   33|          26|          26|
    |add_ln58_895_fu_11658624_p2   |         +|   0|  0|   34|          27|          27|
    |add_ln58_896_fu_11650721_p2   |         +|   0|  0|   32|          25|          25|
    |add_ln58_897_fu_11650731_p2   |         +|   0|  0|   33|          26|          26|
    |add_ln58_898_fu_11650737_p2   |         +|   0|  0|   32|          25|          25|
    |add_ln58_899_fu_11650747_p2   |         +|   0|  0|   32|          25|          25|
    |add_ln58_89_fu_11638867_p2    |         +|   0|  0|   26|          26|          26|
    |add_ln58_8_fu_11629819_p2     |         +|   0|  0|   28|          21|          18|
    |add_ln58_900_fu_11650757_p2   |         +|   0|  0|   33|          26|          26|
    |add_ln58_901_fu_11658640_p2   |         +|   0|  0|   34|          27|          27|
    |add_ln58_902_fu_11658650_p2   |         +|   0|  0|   35|          28|          28|
    |add_ln58_903_fu_11664563_p2   |         +|   0|  0|   30|          30|          30|
    |add_ln58_904_fu_11650763_p2   |         +|   0|  0|   31|          24|          24|
    |add_ln58_905_fu_11650773_p2   |         +|   0|  0|   32|          25|          25|
    |add_ln58_906_fu_11650779_p2   |         +|   0|  0|   31|          24|          24|
    |add_ln58_907_fu_11650789_p2   |         +|   0|  0|   32|          25|          25|
    |add_ln58_908_fu_11658662_p2   |         +|   0|  0|   33|          26|          26|
    |add_ln58_909_fu_11650795_p2   |         +|   0|  0|   31|          24|          24|
    |add_ln58_90_fu_11638873_p2    |         +|   0|  0|   32|          25|          25|
    |add_ln58_910_fu_11650805_p2   |         +|   0|  0|   32|          25|          25|
    |add_ln58_911_fu_11641096_p2   |         +|   0|  0|   23|          23|          23|
    |add_ln58_912_fu_11650814_p2   |         +|   0|  0|   30|          23|          23|
    |add_ln58_913_fu_11650824_p2   |         +|   0|  0|   31|          24|          24|
    |add_ln58_914_fu_11658678_p2   |         +|   0|  0|   33|          26|          26|
    |add_ln58_915_fu_11658688_p2   |         +|   0|  0|   27|          27|          27|
    |add_ln58_916_fu_11650830_p2   |         +|   0|  0|   30|          23|          23|
    |add_ln58_917_fu_11650840_p2   |         +|   0|  0|   31|          24|          24|
    |add_ln58_918_fu_11650846_p2   |         +|   0|  0|   30|          23|          23|
    |add_ln58_919_fu_11650856_p2   |         +|   0|  0|   29|          22|          22|
    |add_ln58_91_fu_11638883_p2    |         +|   0|  0|   27|          27|          27|
    |add_ln58_920_fu_11650866_p2   |         +|   0|  0|   31|          24|          24|
    |add_ln58_921_fu_11658700_p2   |         +|   0|  0|   25|          25|          25|
    |add_ln58_922_fu_11650872_p2   |         +|   0|  0|   21|          21|          21|
    |add_ln58_923_fu_11650882_p2   |         +|   0|  0|   29|          22|          22|
    |add_ln58_924_fu_11650888_p2   |         +|   0|  0|   22|          22|          22|
    |add_ln58_925_fu_11650894_p2   |         +|   0|  0|   19|          19|          19|
    |add_ln58_926_fu_11650904_p2   |         +|   0|  0|   22|          22|          22|
    |add_ln58_927_fu_11658712_p2   |         +|   0|  0|   30|          23|          23|
    |add_ln58_928_fu_11658722_p2   |         +|   0|  0|   25|          25|          25|
    |add_ln58_929_fu_11658732_p2   |         +|   0|  0|   27|          27|          27|
    |add_ln58_92_fu_11632429_p2    |         +|   0|  0|   32|          25|          25|
    |add_ln58_930_fu_11664571_p2   |         +|   0|  0|   30|          30|          30|
    |add_ln58_931_fu_11664581_p2   |         +|   0|  0|   36|          29|          29|
    |add_ln58_932_fu_11650910_p2   |         +|   0|  0|   25|          25|          25|
    |add_ln58_933_fu_11650916_p2   |         +|   0|  0|   25|          25|          25|
    |add_ln58_934_fu_11664590_p2   |         +|   0|  0|   29|          29|          29|
    |add_ln58_935_fu_11658741_p2   |         +|   0|  0|   32|          25|          25|
    |add_ln58_936_fu_11658751_p2   |         +|   0|  0|   32|          25|          25|
    |add_ln58_937_fu_11658761_p2   |         +|   0|  0|   26|          26|          26|
    |add_ln58_938_fu_11658767_p2   |         +|   0|  0|   26|          26|          26|
    |add_ln58_939_fu_11664599_p2   |         +|   0|  0|   29|          29|          29|
    |add_ln58_93_fu_11632439_p2    |         +|   0|  0|   32|          25|          25|
    |add_ln58_940_fu_11658773_p2   |         +|   0|  0|   31|          24|          24|
    |add_ln58_941_fu_11650922_p2   |         +|   0|  0|   25|          25|          25|
    |add_ln58_942_fu_11650928_p2   |         +|   0|  0|   25|          25|          25|
    |add_ln58_943_fu_11658786_p2   |         +|   0|  0|   33|          26|          26|
    |add_ln58_944_fu_11650934_p2   |         +|   0|  0|   24|          24|          24|
    |add_ln58_945_fu_11658795_p2   |         +|   0|  0|   32|          25|          25|
    |add_ln58_946_fu_11650940_p2   |         +|   0|  0|   31|          24|          24|
    |add_ln58_947_fu_11650949_p2   |         +|   0|  0|   32|          25|          25|
    |add_ln58_948_fu_11658808_p2   |         +|   0|  0|   33|          26|          26|
    |add_ln58_949_fu_11664611_p2   |         +|   0|  0|   34|          27|          27|
    |add_ln58_94_fu_11632449_p2    |         +|   0|  0|   33|          26|          26|
    |add_ln58_950_fu_11664621_p2   |         +|   0|  0|   29|          29|          29|
    |add_ln58_951_fu_11650955_p2   |         +|   0|  0|   31|          24|          24|
    |add_ln58_952_fu_11650965_p2   |         +|   0|  0|   31|          24|          24|
    |add_ln58_953_fu_11650975_p2   |         +|   0|  0|   25|          25|          25|
    |add_ln58_954_fu_11650981_p2   |         +|   0|  0|   25|          25|          25|
    |add_ln58_955_fu_11650987_p2   |         +|   0|  0|   31|          24|          24|
    |add_ln58_956_fu_11650997_p2   |         +|   0|  0|   25|          25|          25|
    |add_ln58_957_fu_11651003_p2   |         +|   0|  0|   30|          23|          23|
    |add_ln58_958_fu_11651013_p2   |         +|   0|  0|   24|          24|          24|
    |add_ln58_959_fu_11651023_p2   |         +|   0|  0|   25|          25|          25|
    |add_ln58_95_fu_11638892_p2    |         +|   0|  0|   27|          27|          27|
    |add_ln58_960_fu_11658820_p2   |         +|   0|  0|   33|          26|          26|
    |add_ln58_961_fu_11651029_p2   |         +|   0|  0|   23|          23|          23|
    |add_ln58_962_fu_11651035_p2   |         +|   0|  0|   30|          23|          23|
    |add_ln58_963_fu_11651045_p2   |         +|   0|  0|   31|          24|          24|
    |add_ln58_964_fu_11658836_p2   |         +|   0|  0|   25|          25|          25|
    |add_ln58_965_fu_11651051_p2   |         +|   0|  0|   22|          22|          22|
    |add_ln58_966_fu_11651061_p2   |         +|   0|  0|   23|          23|          23|
    |add_ln58_967_fu_11651085_p2   |         +|   0|  0|   21|          21|          21|
    |add_ln58_968_fu_11651095_p2   |         +|   0|  0|   23|          23|          23|
    |add_ln58_969_fu_11658845_p2   |         +|   0|  0|   25|          25|          25|
    |add_ln58_96_fu_11638898_p2    |         +|   0|  0|   32|          25|          25|
    |add_ln58_970_fu_11658855_p2   |         +|   0|  0|   34|          27|          27|
    |add_ln58_971_fu_11664630_p2   |         +|   0|  0|   29|          29|          29|
    |add_ln58_972_fu_11651101_p2   |         +|   0|  0|   33|          26|          26|
    |add_ln58_973_fu_11658864_p2   |         +|   0|  0|   37|          30|          30|
    |add_ln58_974_fu_11632634_p2   |         +|   0|  0|   24|          17|          17|
    |add_ln58_975_fu_11651111_p2   |         +|   0|  0|   33|          26|          26|
    |add_ln58_976_fu_11651121_p2   |         +|   0|  0|   34|          27|          27|
    |add_ln58_977_fu_11658873_p2   |         +|   0|  0|   30|          30|          30|
    |add_ln58_978_fu_11651127_p2   |         +|   0|  0|   32|          25|          25|
    |add_ln58_979_fu_11651137_p2   |         +|   0|  0|   32|          25|          25|
    |add_ln58_97_fu_11638908_p2    |         +|   0|  0|   26|          26|          26|
    |add_ln58_980_fu_11651147_p2   |         +|   0|  0|   33|          26|          26|
    |add_ln58_981_fu_11651153_p2   |         +|   0|  0|   32|          25|          25|
    |add_ln58_982_fu_11651163_p2   |         +|   0|  0|   32|          25|          25|
    |add_ln58_983_fu_11651173_p2   |         +|   0|  0|   33|          26|          26|
    |add_ln58_984_fu_11658885_p2   |         +|   0|  0|   34|          27|          27|
    |add_ln58_985_fu_11658895_p2   |         +|   0|  0|   30|          30|          30|
    |add_ln58_986_fu_11651179_p2   |         +|   0|  0|   32|          25|          25|
    |add_ln58_987_fu_11651189_p2   |         +|   0|  0|   32|          25|          25|
    |add_ln58_988_fu_11651199_p2   |         +|   0|  0|   33|          26|          26|
    |add_ln58_989_fu_11651205_p2   |         +|   0|  0|   32|          25|          25|
    |add_ln58_98_fu_11632455_p2    |         +|   0|  0|   24|          24|          24|
    |add_ln58_990_fu_11651215_p2   |         +|   0|  0|   32|          25|          25|
    |add_ln58_991_fu_11651225_p2   |         +|   0|  0|   33|          26|          26|
    |add_ln58_992_fu_11658907_p2   |         +|   0|  0|   34|          27|          27|
    |add_ln58_993_fu_11651231_p2   |         +|   0|  0|   31|          24|          24|
    |add_ln58_994_fu_11651241_p2   |         +|   0|  0|   31|          24|          24|
    |add_ln58_995_fu_11651251_p2   |         +|   0|  0|   32|          25|          25|
    |add_ln58_996_fu_11651257_p2   |         +|   0|  0|   31|          24|          24|
    |add_ln58_997_fu_11651267_p2   |         +|   0|  0|   31|          24|          24|
    |add_ln58_998_fu_11651277_p2   |         +|   0|  0|   32|          25|          25|
    |add_ln58_999_fu_11658923_p2   |         +|   0|  0|   33|          26|          26|
    |add_ln58_99_fu_11632461_p2    |         +|   0|  0|   24|          24|          24|
    |add_ln58_9_fu_11629825_p2     |         +|   0|  0|   22|          22|          18|
    |add_ln58_fu_11632011_p2       |         +|   0|  0|   31|          24|          19|
    |add_ln73_25_fu_11633455_p2    |         +|   0|  0|   32|          25|          25|
    |add_ln73_fu_11629355_p2       |         +|   0|  0|   27|          20|          20|
    |mult_1032_fu_11637329_p2      |         +|   0|  0|   30|          23|          23|
    |mult_1034_fu_11643345_p2      |         +|   0|  0|   22|          22|          22|
    |mult_104_fu_11630479_p2       |         +|   0|  0|   30|          23|          23|
    |mult_1064_fu_11643530_p2      |         +|   0|  0|   28|          21|          21|
    |mult_1139_fu_11643756_p2      |         +|   0|  0|   24|          24|          24|
    |mult_1180_fu_11637803_p2      |         +|   0|  0|   30|          23|          23|
    |mult_1181_fu_11643960_p2      |         +|   0|  0|   23|          23|          23|
    |mult_11_fu_11629961_p2        |         +|   0|  0|   22|          22|          22|
    |mult_1203_fu_11644074_p2      |         +|   0|  0|   23|          23|          23|
    |mult_1223_fu_11637968_p2      |         +|   0|  0|   28|          21|          21|
    |mult_1251_fu_11638076_p2      |         +|   0|  0|   27|          20|          20|
    |mult_1275_fu_11644315_p2      |         +|   0|  0|   23|          23|          23|
    |mult_127_fu_11630581_p2       |         +|   0|  0|   31|          24|          24|
    |mult_12_fu_11629469_p2        |         +|   0|  0|   29|          22|          22|
    |mult_1331_fu_11644532_p2      |         +|   0|  0|   28|          21|          21|
    |mult_1336_fu_11644555_p2      |         +|   0|  0|   31|          24|          24|
    |mult_134_fu_11632890_p2       |         +|   0|  0|   25|          25|          25|
    |mult_1359_fu_11644673_p2      |         +|   0|  0|   23|          23|          23|
    |mult_1411_fu_11644934_p2      |         +|   0|  0|   26|          19|          19|
    |mult_1454_fu_11638488_p2      |         +|   0|  0|   26|          19|          19|
    |mult_1468_fu_11645214_p2      |         +|   0|  0|   30|          23|          23|
    |mult_1513_fu_11654329_p2      |         +|   0|  0|   27|          20|          20|
    |mult_1519_fu_11654357_p2      |         +|   0|  0|   22|          22|          22|
    |mult_1523_fu_11654399_p2      |         +|   0|  0|   30|          23|          23|
    |mult_1543_fu_11645552_p2      |         +|   0|  0|   30|          23|          23|
    |mult_1564_fu_11654532_p2      |         +|   0|  0|   28|          21|          21|
    |mult_156_fu_11633035_p2       |         +|   0|  0|   23|          23|          23|
    |mult_1571_fu_11645615_p2      |         +|   0|  0|   26|          19|          19|
    |mult_1574_fu_11654591_p2      |         +|   0|  0|   28|          21|          21|
    |mult_1583_fu_11654643_p2      |         +|   0|  0|   25|          25|          25|
    |mult_1607_fu_11654758_p2      |         +|   0|  0|   30|          23|          23|
    |mult_1624_fu_11654873_p2      |         +|   0|  0|   25|          25|          25|
    |mult_1625_fu_11654890_p2      |         +|   0|  0|   32|          25|          25|
    |mult_1634_fu_11654931_p2      |         +|   0|  0|   29|          22|          22|
    |mult_1658_fu_11655013_p2      |         +|   0|  0|   21|          21|          21|
    |mult_1663_fu_11655059_p2      |         +|   0|  0|   29|          22|          22|
    |mult_1698_fu_11655213_p2      |         +|   0|  0|   28|          21|          21|
    |mult_1714_fu_11655293_p2      |         +|   0|  0|   27|          20|          20|
    |mult_1715_fu_11655318_p2      |         +|   0|  0|   22|          22|          22|
    |mult_1727_fu_11655419_p2      |         +|   0|  0|   23|          23|          23|
    |mult_1735_fu_11646139_p2      |         +|   0|  0|   28|          21|          21|
    |mult_1777_fu_11655643_p2      |         +|   0|  0|   23|          23|          23|
    |mult_1785_fu_11655675_p2      |         +|   0|  0|   27|          20|          20|
    |mult_1796_fu_11655769_p2      |         +|   0|  0|   30|          23|          23|
    |mult_1802_fu_11655805_p2      |         +|   0|  0|   24|          24|          24|
    |mult_181_fu_11630831_p2       |         +|   0|  0|   26|          19|          19|
    |mult_1829_fu_11646438_p2      |         +|   0|  0|   29|          22|          22|
    |mult_1835_fu_11646486_p2      |         +|   0|  0|   20|          20|          20|
    |mult_1837_fu_11646504_p2      |         +|   0|  0|   28|          21|          21|
    |mult_1841_fu_11655899_p2      |         +|   0|  0|   21|          21|          21|
    |mult_1850_fu_11646552_p2      |         +|   0|  0|   29|          22|          22|
    |mult_1856_fu_11656034_p2      |         +|   0|  0|   21|          21|          21|
    |mult_1884_fu_11656166_p2      |         +|   0|  0|   23|          23|          23|
    |mult_1889_fu_11656203_p2      |         +|   0|  0|   29|          22|          22|
    |mult_188_fu_11630884_p2       |         +|   0|  0|   32|          25|          25|
    |mult_1918_fu_11656416_p2      |         +|   0|  0|   29|          22|          22|
    |mult_1921_fu_11664431_p2      |         +|   0|  0|   24|          24|          24|
    |mult_1923_fu_11656464_p2      |         +|   0|  0|   23|          23|          23|
    |mult_1931_fu_11656496_p2      |         +|   0|  0|   31|          24|          24|
    |mult_1949_fu_11656572_p2      |         +|   0|  0|   21|          21|          21|
    |mult_1951_fu_11656599_p2      |         +|   0|  0|   20|          20|          20|
    |mult_1960_fu_11656665_p2      |         +|   0|  0|   29|          22|          22|
    |mult_1984_fu_11646941_p2      |         +|   0|  0|   29|          22|          22|
    |mult_1993_fu_11656828_p2      |         +|   0|  0|   24|          24|          24|
    |mult_19_fu_11629993_p2        |         +|   0|  0|   28|          21|          21|
    |mult_203_fu_11633151_p2       |         +|   0|  0|   30|          23|          23|
    |mult_2061_fu_11657120_p2      |         +|   0|  0|   31|          24|          24|
    |mult_2072_fu_11657165_p2      |         +|   0|  0|   27|          20|          20|
    |mult_2087_fu_11657263_p2      |         +|   0|  0|   28|          21|          21|
    |mult_2094_fu_11657314_p2      |         +|   0|  0|   20|          20|          20|
    |mult_2099_fu_11657384_p2      |         +|   0|  0|   28|          21|          21|
    |mult_2111_fu_11657424_p2      |         +|   0|  0|   23|          23|          23|
    |mult_2120_fu_11657451_p2      |         +|   0|  0|   20|          20|          20|
    |mult_23_fu_11630053_p2        |         +|   0|  0|   30|          23|          23|
    |mult_241_fu_11633366_p2       |         +|   0|  0|   30|          23|          23|
    |mult_246_fu_11633401_p2       |         +|   0|  0|   22|          22|          22|
    |mult_252_fu_11631057_p2       |         +|   0|  0|   30|          23|          23|
    |mult_258_fu_11633467_p2       |         +|   0|  0|   25|          25|          25|
    |mult_25_fu_11630069_p2        |         +|   0|  0|   24|          24|          24|
    |mult_272_fu_11641516_p2       |         +|   0|  0|   23|          23|          23|
    |mult_275_fu_11631217_p2       |         +|   0|  0|   27|          20|          20|
    |mult_278_fu_11633532_p2       |         +|   0|  0|   27|          20|          20|
    |mult_282_fu_11633571_p2       |         +|   0|  0|   28|          21|          21|
    |mult_292_fu_11633638_p2       |         +|   0|  0|   25|          25|          25|
    |mult_293_fu_11631293_p2       |         +|   0|  0|   29|          22|          22|
    |mult_294_fu_11631315_p2       |         +|   0|  0|   29|          22|          22|
    |mult_299_fu_11633664_p2       |         +|   0|  0|   26|          26|          26|
    |mult_313_fu_11631380_p2       |         +|   0|  0|   30|          23|          23|
    |mult_314_fu_11633748_p2       |         +|   0|  0|   29|          22|          22|
    |mult_356_fu_11633953_p2       |         +|   0|  0|   30|          23|          23|
    |mult_35_fu_11630131_p2        |         +|   0|  0|   22|          22|          22|
    |mult_363_fu_11633985_p2       |         +|   0|  0|   25|          25|          25|
    |mult_365_fu_11634002_p2       |         +|   0|  0|   30|          23|          23|
    |mult_367_fu_11634030_p2       |         +|   0|  0|   21|          21|          21|
    |mult_36_fu_11630152_p2        |         +|   0|  0|   21|          21|          21|
    |mult_374_fu_11634066_p2       |         +|   0|  0|   22|          22|          22|
    |mult_39_fu_11630196_p2        |         +|   0|  0|   31|          24|          24|
    |mult_412_fu_11634271_p2       |         +|   0|  0|   21|          21|          21|
    |mult_419_fu_11634298_p2       |         +|   0|  0|   23|          23|          23|
    |mult_42_fu_11630202_p2        |         +|   0|  0|   23|          23|          23|
    |mult_453_fu_11634522_p2       |         +|   0|  0|   23|          23|          23|
    |mult_460_fu_11634534_p2       |         +|   0|  0|   30|          23|          23|
    |mult_478_fu_11634671_p2       |         +|   0|  0|   29|          22|          22|
    |mult_481_fu_11634715_p2       |         +|   0|  0|   23|          23|          23|
    |mult_500_fu_11634879_p2       |         +|   0|  0|   31|          24|          24|
    |mult_501_fu_11634895_p2       |         +|   0|  0|   25|          25|          25|
    |mult_524_fu_11635005_p2       |         +|   0|  0|   20|          20|          20|
    |mult_558_fu_11641779_p2       |         +|   0|  0|   22|          22|          22|
    |mult_561_fu_11641796_p2       |         +|   0|  0|   24|          24|          24|
    |mult_612_fu_11635534_p2       |         +|   0|  0|   28|          21|          21|
    |mult_633_fu_11635655_p2       |         +|   0|  0|   25|          25|          25|
    |mult_648_fu_11641956_p2       |         +|   0|  0|   31|          24|          24|
    |mult_675_fu_11635838_p2       |         +|   0|  0|   23|          23|          23|
    |mult_693_fu_11635949_p2       |         +|   0|  0|   28|          21|          21|
    |mult_736_fu_11642270_p2       |         +|   0|  0|   31|          24|          24|
    |mult_743_fu_11642319_p2       |         +|   0|  0|   24|          24|          24|
    |mult_77_fu_11632740_p2        |         +|   0|  0|   32|          25|          25|
    |mult_781_fu_11636245_p2       |         +|   0|  0|   23|          23|          23|
    |mult_789_fu_11636307_p2       |         +|   0|  0|   27|          20|          20|
    |mult_842_fu_11642696_p2       |         +|   0|  0|   30|          23|          23|
    |mult_84_fu_11629661_p2        |         +|   0|  0|   29|          22|          22|
    |mult_863_fu_11636608_p2       |         +|   0|  0|   27|          20|          20|
    |mult_864_fu_11642797_p2       |         +|   0|  0|   24|          24|          24|
    |mult_870_fu_11636636_p2       |         +|   0|  0|   29|          22|          22|
    |mult_88_fu_11630371_p2        |         +|   0|  0|   30|          23|          23|
    |mult_906_fu_11636741_p2       |         +|   0|  0|   29|          22|          22|
    |mult_925_fu_11636856_p2       |         +|   0|  0|   23|          23|          23|
    |mult_936_fu_11642983_p2       |         +|   0|  0|   29|          22|          22|
    |mult_93_fu_11630408_p2        |         +|   0|  0|   22|          22|          22|
    |mult_948_fu_11643045_p2       |         +|   0|  0|   21|          21|          21|
    |mult_993_fu_11637087_p2       |         +|   0|  0|   27|          20|          20|
    |mult_9_fu_11629936_p2         |         +|   0|  0|   30|          23|          23|
    |mult_1001_fu_11643236_p2      |         -|   0|  0|   24|          24|          24|
    |mult_1005_fu_11643257_p2      |         -|   0|  0|   26|          26|          26|
    |mult_100_fu_11629704_p2       |         -|   0|  0|   29|          22|          22|
    |mult_1010_fu_11643219_p2      |         -|   0|  0|   31|           1|          24|
    |mult_1024_fu_11643304_p2      |         -|   0|  0|   24|          24|          24|
    |mult_1025_fu_11643332_p2      |         -|   0|  0|   23|          23|          23|
    |mult_1029_fu_11637267_p2      |         -|   0|  0|   22|          22|          22|
    |mult_1038_fu_11637347_p2      |         -|   0|  0|   27|          20|          20|
    |mult_1044_fu_11643375_p2      |         -|   0|  0|   31|          24|          24|
    |mult_1049_fu_11643413_p2      |         -|   0|  0|   21|          21|          21|
    |mult_1058_fu_11643456_p2      |         -|   0|  0|   28|          21|          21|
    |mult_105_fu_11630500_p2       |         -|   0|  0|   31|           1|          24|
    |mult_1060_fu_11643477_p2      |         -|   0|  0|   30|          23|          23|
    |mult_1062_fu_11643524_p2      |         -|   0|  0|   22|          22|          22|
    |mult_1070_fu_11643550_p2      |         -|   0|  0|   20|          20|          20|
    |mult_1086_fu_11643578_p2      |         -|   0|  0|   23|          23|          23|
    |mult_1089_fu_11643601_p2      |         -|   0|  0|   24|          24|          24|
    |mult_1090_fu_11637493_p2      |         -|   0|  0|   22|          22|          22|
    |mult_1091_fu_11637499_p2      |         -|   0|  0|   29|          22|          22|
    |mult_1093_fu_11643624_p2      |         -|   0|  0|   23|          23|          23|
    |mult_1114_fu_11637605_p2      |         -|   0|  0|   30|          23|          23|
    |mult_1117_fu_11637611_p2      |         -|   0|  0|   23|          23|          23|
    |mult_1118_fu_11643670_p2      |         -|   0|  0|   28|          21|          21|
    |mult_111_fu_11632808_p2       |         -|   0|  0|   31|          24|          24|
    |mult_1125_fu_11643712_p2      |         -|   0|  0|   22|          22|          22|
    |mult_112_fu_11632840_p2       |         -|   0|  0|   30|          23|          23|
    |mult_1143_fu_11643773_p2      |         -|   0|  0|   31|          24|          24|
    |mult_1146_fu_11643783_p2      |         -|   0|  0|   24|          24|          24|
    |mult_1148_fu_11643811_p2      |         -|   0|  0|   30|          23|          23|
    |mult_1151_fu_11643849_p2      |         -|   0|  0|   21|          21|          21|
    |mult_1163_fu_11643870_p2      |         -|   0|  0|   23|          23|          23|
    |mult_1171_fu_11637797_p2      |         -|   0|  0|   30|          23|          23|
    |mult_1173_fu_11643914_p2      |         -|   0|  0|   21|          21|          21|
    |mult_1184_fu_11643977_p2      |         -|   0|  0|   28|          21|          21|
    |mult_1185_fu_11643998_p2      |         -|   0|  0|   30|          23|          23|
    |mult_1202_fu_11644042_p2      |         -|   0|  0|   29|          22|          22|
    |mult_1204_fu_11644102_p2      |         -|   0|  0|   28|          21|          21|
    |mult_1207_fu_11644123_p2      |         -|   0|  0|   24|          24|          24|
    |mult_1212_fu_11637928_p2      |         -|   0|  0|   22|          22|          22|
    |mult_1214_fu_11637950_p2      |         -|   0|  0|   22|          22|          22|
    |mult_1227_fu_11637982_p2      |         -|   0|  0|   22|          22|          22|
    |mult_1237_fu_11644147_p2      |         -|   0|  0|   28|          21|          21|
    |mult_1244_fu_11638054_p2      |         -|   0|  0|   27|          20|          20|
    |mult_124_fu_11630564_p2       |         -|   0|  0|   22|          22|          22|
    |mult_1256_fu_11644184_p2      |         -|   0|  0|   24|          24|          24|
    |mult_1257_fu_11644201_p2      |         -|   0|  0|   23|          23|          23|
    |mult_1258_fu_11644218_p2      |         -|   0|  0|   30|          23|          23|
    |mult_1261_fu_11638140_p2      |         -|   0|  0|   27|          20|          20|
    |mult_1273_fu_11644259_p2      |         -|   0|  0|   24|          24|          24|
    |mult_1277_fu_11644332_p2      |         -|   0|  0|   24|          24|          24|
    |mult_1280_fu_11644349_p2      |         -|   0|  0|   19|          19|          19|
    |mult_1283_fu_11644366_p2      |         -|   0|  0|   24|          24|          24|
    |mult_129_fu_11630602_p2       |         -|   0|  0|   30|          23|          23|
    |mult_1306_fu_11644397_p2      |         -|   0|  0|   23|          23|          23|
    |mult_1311_fu_11644424_p2      |         -|   0|  0|   27|          20|          20|
    |mult_1317_fu_11644456_p2      |         -|   0|  0|   23|          23|          23|
    |mult_1319_fu_11644484_p2      |         -|   0|  0|   22|          22|          22|
    |mult_131_fu_11630622_p2       |         -|   0|  0|   32|          25|          25|
    |mult_1343_fu_11644571_p2      |         -|   0|  0|   21|          21|          21|
    |mult_1344_fu_11638291_p2      |         -|   0|  0|   26|          19|          19|
    |mult_1346_fu_11644610_p2      |         -|   0|  0|   29|          22|          22|
    |mult_1348_fu_11644638_p2      |         -|   0|  0|   23|          23|          23|
    |mult_1350_fu_11644644_p2      |         -|   0|  0|   22|          22|          22|
    |mult_1355_fu_11653959_p2      |         -|   0|  0|   32|          25|          25|
    |mult_1357_fu_11644667_p2      |         -|   0|  0|   22|          22|          22|
    |mult_1360_fu_11644678_p2      |         -|   0|  0|   30|          23|          23|
    |mult_1362_fu_11644726_p2      |         -|   0|  0|   31|          24|          24|
    |mult_1364_fu_11644747_p2      |         -|   0|  0|   28|          21|          21|
    |mult_1365_fu_11644757_p2      |         -|   0|  0|   24|          24|          24|
    |mult_136_fu_11632918_p2       |         -|   0|  0|   28|          21|          21|
    |mult_1371_fu_11638337_p2      |         -|   0|  0|   25|           1|          18|
    |mult_1372_fu_11644798_p2      |         -|   0|  0|   20|          20|          20|
    |mult_1373_fu_11644815_p2      |         -|   0|  0|   30|          23|          23|
    |mult_1374_fu_11653991_p2      |         -|   0|  0|   22|          22|          22|
    |mult_1375_fu_11654019_p2      |         -|   0|  0|   25|          25|          25|
    |mult_137_fu_11632950_p2       |         -|   0|  0|   24|          24|          24|
    |mult_1389_fu_11644845_p2      |         -|   0|  0|   24|          24|          24|
    |mult_1390_fu_11654049_p2      |         -|   0|  0|   20|          20|          20|
    |mult_1396_fu_11644889_p2      |         -|   0|  0|   24|          24|          24|
    |mult_1401_fu_11644899_p2      |         -|   0|  0|   28|          21|          21|
    |mult_1413_fu_11644962_p2      |         -|   0|  0|   31|          24|          24|
    |mult_1414_fu_11654083_p2      |         -|   0|  0|   25|          25|          25|
    |mult_1420_fu_11644998_p2      |         -|   0|  0|   28|          21|          21|
    |mult_1421_fu_11654105_p2      |         -|   0|  0|   20|          20|          20|
    |mult_1425_fu_11645033_p2      |         -|   0|  0|   30|          23|          23|
    |mult_1426_fu_11645054_p2      |         -|   0|  0|   30|          23|          23|
    |mult_1432_fu_11654154_p2      |         -|   0|  0|   26|          26|          26|
    |mult_1443_fu_11654190_p2      |         -|   0|  0|   23|          23|          23|
    |mult_1446_fu_11645096_p2      |         -|   0|  0|   22|          22|          22|
    |mult_1450_fu_11654202_p2      |         -|   0|  0|   23|          23|          23|
    |mult_1457_fu_11645131_p2      |         -|   0|  0|   29|          22|          22|
    |mult_1463_fu_11645154_p2      |         -|   0|  0|   22|          22|          22|
    |mult_1467_fu_11645197_p2      |         -|   0|  0|   28|          21|          21|
    |mult_1469_fu_11645245_p2      |         -|   0|  0|   21|          21|          21|
    |mult_1470_fu_11645266_p2      |         -|   0|  0|   30|          23|          23|
    |mult_1472_fu_11645287_p2      |         -|   0|  0|   31|          24|          24|
    |mult_1486_fu_11645329_p2      |         -|   0|  0|   21|          21|          21|
    |mult_1487_fu_11645357_p2      |         -|   0|  0|   29|          22|          22|
    |mult_148_fu_11632988_p2       |         -|   0|  0|   22|          22|          22|
    |mult_1495_fu_11645363_p2      |         -|   0|  0|   22|          22|          22|
    |mult_1500_fu_11645406_p2      |         -|   0|  0|   30|          23|          23|
    |mult_150_fu_11630717_p2       |         -|   0|  0|   21|          21|          21|
    |mult_1510_fu_11654289_p2      |         -|   0|  0|   22|          22|          22|
    |mult_1512_fu_11654306_p2      |         -|   0|  0|   30|          23|          23|
    |mult_1515_fu_11645438_p2      |         -|   0|  0|   23|          23|          23|
    |mult_151_fu_11633018_p2       |         -|   0|  0|   24|          24|          24|
    |mult_1520_fu_11654384_p2      |         -|   0|  0|   20|          20|          20|
    |mult_1522_fu_11654394_p2      |         -|   0|  0|   23|          23|          23|
    |mult_1524_fu_11654408_p2      |         -|   0|  0|   27|          20|          20|
    |mult_1529_fu_11645485_p2      |         -|   0|  0|   24|          24|          24|
    |mult_1532_fu_11645503_p2      |         -|   0|  0|   31|          24|          24|
    |mult_1548_fu_11645579_p2      |         -|   0|  0|   24|          24|          24|
    |mult_1551_fu_11654468_p2      |         -|   0|  0|   21|          21|          21|
    |mult_155_fu_11630745_p2       |         -|   0|  0|   20|          20|          20|
    |mult_1560_fu_11654496_p2      |         -|   0|  0|   29|          22|          22|
    |mult_1576_fu_11654616_p2      |         -|   0|  0|   23|          23|          23|
    |mult_1579_fu_11654626_p2      |         -|   0|  0|   19|          19|          19|
    |mult_1585_fu_11654660_p2      |         -|   0|  0|   23|          23|          23|
    |mult_1596_fu_11645674_p2      |         -|   0|  0|   24|           1|          17|
    |mult_1599_fu_11654722_p2      |         -|   0|  0|   28|          21|          21|
    |mult_1600_fu_11654728_p2      |         -|   0|  0|   22|          22|          22|
    |mult_1602_fu_11645745_p2      |         -|   0|  0|   29|           1|          22|
    |mult_1608_fu_11654785_p2      |         -|   0|  0|   30|          23|          23|
    |mult_1611_fu_11654813_p2      |         -|   0|  0|   32|          25|          25|
    |mult_1615_fu_11654827_p2      |         -|   0|  0|   23|          23|          23|
    |mult_1618_fu_11654848_p2      |         -|   0|  0|   27|           1|          20|
    |mult_1621_fu_11645805_p2      |         -|   0|  0|   28|          21|          21|
    |mult_1629_fu_11654911_p2      |         -|   0|  0|   23|          23|          23|
    |mult_1648_fu_11645855_p2      |         -|   0|  0|   24|           1|          17|
    |mult_1650_fu_11654992_p2      |         -|   0|  0|   28|          21|          21|
    |mult_1664_fu_11655084_p2      |         -|   0|  0|   20|          20|          20|
    |mult_1665_fu_11655107_p2      |         -|   0|  0|   24|          24|          24|
    |mult_1674_fu_11655113_p2      |         -|   0|  0|   31|          24|          24|
    |mult_1677_fu_11655145_p2      |         -|   0|  0|   30|          23|          23|
    |mult_1683_fu_11645978_p2      |         -|   0|  0|   21|          21|          21|
    |mult_1694_fu_11655177_p2      |         -|   0|  0|   23|          23|          23|
    |mult_169_fu_11633077_p2       |         -|   0|  0|   24|          24|          24|
    |mult_1701_fu_11646040_p2      |         -|   0|  0|   19|          19|          19|
    |mult_1703_fu_11655237_p2      |         -|   0|  0|   32|          25|          25|
    |mult_1706_fu_11655247_p2      |         -|   0|  0|   23|          23|          23|
    |mult_1712_fu_11655262_p2      |         -|   0|  0|   22|          22|          22|
    |mult_1716_fu_11655335_p2      |         -|   0|  0|   31|          24|          24|
    |mult_1721_fu_11655351_p2      |         -|   0|  0|   20|          20|          20|
    |mult_1726_fu_11655403_p2      |         -|   0|  0|   30|          23|          23|
    |mult_1733_fu_11655425_p2      |         -|   0|  0|   27|          20|          20|
    |mult_1739_fu_11655460_p2      |         -|   0|  0|   30|          23|          23|
    |mult_1747_fu_11655481_p2      |         -|   0|  0|   28|          21|          21|
    |mult_1749_fu_11655506_p2      |         -|   0|  0|   29|          22|          22|
    |mult_1759_fu_11655542_p2      |         -|   0|  0|   27|          20|          20|
    |mult_1775_fu_11655608_p2      |         -|   0|  0|   24|          24|          24|
    |mult_1791_fu_11655696_p2      |         -|   0|  0|   28|          21|          21|
    |mult_1792_fu_11655733_p2      |         -|   0|  0|   22|          22|          22|
    |mult_1805_fu_11655836_p2      |         -|   0|  0|   23|          23|          23|
    |mult_1806_fu_11655842_p2      |         -|   0|  0|   26|          19|          19|
    |mult_1831_fu_11646464_p2      |         -|   0|  0|   29|          22|          22|
    |mult_1842_fu_11655927_p2      |         -|   0|  0|   30|          23|          23|
    |mult_1844_fu_11655944_p2      |         -|   0|  0|   19|           1|          19|
    |mult_1853_fu_11655958_p2      |         -|   0|  0|   19|          19|          19|
    |mult_1854_fu_11655968_p2      |         -|   0|  0|   23|          23|          23|
    |mult_1855_fu_11656013_p2      |         -|   0|  0|   22|          22|          22|
    |mult_1862_fu_11646603_p2      |         -|   0|  0|   25|           1|          18|
    |mult_1864_fu_11656053_p2      |         -|   0|  0|   21|          21|          21|
    |mult_1866_fu_11656073_p2      |         -|   0|  0|   30|          23|          23|
    |mult_186_fu_11630852_p2       |         -|   0|  0|   30|          23|          23|
    |mult_1876_fu_11656117_p2      |         -|   0|  0|   27|          20|          20|
    |mult_1881_fu_11656142_p2      |         -|   0|  0|   31|          24|          24|
    |mult_1885_fu_11656186_p2      |         -|   0|  0|   21|          21|          21|
    |mult_1890_fu_11646708_p2      |         -|   0|  0|   29|          22|          22|
    |mult_1896_fu_11656238_p2      |         -|   0|  0|   25|          25|          25|
    |mult_1900_fu_11656269_p2      |         -|   0|  0|   24|          24|          24|
    |mult_1901_fu_11656316_p2      |         -|   0|  0|   23|          23|          23|
    |mult_1914_fu_11656337_p2      |         -|   0|  0|   19|          19|          19|
    |mult_1916_fu_11656363_p2      |         -|   0|  0|   26|          19|          19|
    |mult_1917_fu_11656399_p2      |         -|   0|  0|   25|          25|          25|
    |mult_1919_fu_11656443_p2      |         -|   0|  0|   20|          20|          20|
    |mult_191_fu_11630901_p2       |         -|   0|  0|   28|          21|          21|
    |mult_1937_fu_11656532_p2      |         -|   0|  0|   28|          21|          21|
    |mult_1945_fu_11656563_p2      |         -|   0|  0|   24|          24|          24|
    |mult_1954_fu_11656616_p2      |         -|   0|  0|   21|          21|          21|
    |mult_1957_fu_11656636_p2      |         -|   0|  0|   30|          23|          23|
    |mult_1958_fu_11656646_p2      |         -|   0|  0|   23|          23|          23|
    |mult_1978_fu_11656705_p2      |         -|   0|  0|   31|          24|          24|
    |mult_1981_fu_11656737_p2      |         -|   0|  0|   23|          23|          23|
    |mult_1985_fu_11656761_p2      |         -|   0|  0|   30|          23|          23|
    |mult_1987_fu_11646953_p2      |         -|   0|  0|   22|          22|          22|
    |mult_1992_fu_11656793_p2      |         -|   0|  0|   23|          23|          23|
    |mult_1994_fu_11656845_p2      |         -|   0|  0|   28|          21|          21|
    |mult_1997_fu_11656866_p2      |         -|   0|  0|   27|          20|          20|
    |mult_2002_fu_11656876_p2      |         -|   0|  0|   30|          23|          23|
    |mult_2013_fu_11656915_p2      |         -|   0|  0|   24|          24|          24|
    |mult_2018_fu_11656960_p2      |         -|   0|  0|   23|          23|          23|
    |mult_201_fu_11633123_p2       |         -|   0|  0|   24|          24|          24|
    |mult_2021_fu_11656988_p2      |         -|   0|  0|   27|          20|          20|
    |mult_2033_fu_11657002_p2      |         -|   0|  0|   30|          23|          23|
    |mult_2041_fu_11657025_p2      |         -|   0|  0|   22|          22|          22|
    |mult_2045_fu_11647126_p2      |         -|   0|  0|   26|          19|          19|
    |mult_2046_fu_11657045_p2      |         -|   0|  0|   27|           1|          20|
    |mult_2058_fu_11657088_p2      |         -|   0|  0|   30|          23|          23|
    |mult_2069_fu_11657156_p2      |         -|   0|  0|   22|          22|          22|
    |mult_2079_fu_11657197_p2      |         -|   0|  0|   23|          23|          23|
    |mult_2084_fu_11657231_p2      |         -|   0|  0|   22|          22|          22|
    |mult_2090_fu_11657287_p2      |         -|   0|  0|   24|          24|          24|
    |mult_2093_fu_11657293_p2      |         -|   0|  0|   28|          21|          21|
    |mult_2096_fu_11657346_p2      |         -|   0|  0|   24|          24|          24|
    |mult_2098_fu_11657378_p2      |         -|   0|  0|   22|          22|          22|
    |mult_2109_fu_11647320_p2      |         -|   0|  0|   26|          19|          19|
    |mult_210_fu_11633178_p2       |         -|   0|  0|   19|          19|          19|
    |mult_2112_fu_11657430_p2      |         -|   0|  0|   23|          23|          23|
    |mult_213_fu_11633206_p2       |         -|   0|  0|   25|          25|          25|
    |mult_214_fu_11633223_p2       |         -|   0|  0|   25|          25|          25|
    |mult_227_fu_11633262_p2       |         -|   0|  0|   26|          26|          26|
    |mult_22_fu_11630025_p2        |         -|   0|  0|   24|          24|          24|
    |mult_232_fu_11633300_p2       |         -|   0|  0|   25|          25|          25|
    |mult_239_fu_11633349_p2       |         -|   0|  0|   31|          24|          24|
    |mult_242_fu_11631011_p2       |         -|   0|  0|   24|           1|          17|
    |mult_248_fu_11633418_p2       |         -|   0|  0|   30|          23|          23|
    |mult_24_fu_11630063_p2        |         -|   0|  0|   31|          24|          24|
    |mult_256_fu_11631091_p2       |         -|   0|  0|   28|          21|          21|
    |mult_257_fu_11631097_p2       |         -|   0|  0|   30|          23|          23|
    |mult_265_fu_11633491_p2       |         -|   0|  0|   23|          23|          23|
    |mult_268_fu_11631183_p2       |         -|   0|  0|   21|          21|          21|
    |mult_274_fu_11631199_p2       |         -|   0|  0|   19|          19|          19|
    |mult_280_fu_11631256_p2       |         -|   0|  0|   30|          23|          23|
    |mult_285_fu_11633598_p2       |         -|   0|  0|   24|          24|          24|
    |mult_295_fu_11631333_p2       |         -|   0|  0|   22|          22|          22|
    |mult_302_fu_11633670_p2       |         -|   0|  0|   26|          26|          26|
    |mult_304_fu_11633691_p2       |         -|   0|  0|   21|          21|          21|
    |mult_309_fu_11631374_p2       |         -|   0|  0|   23|          23|          23|
    |mult_30_fu_11630081_p2        |         -|   0|  0|   24|          24|          24|
    |mult_321_fu_11633779_p2       |         -|   0|  0|   20|          20|          20|
    |mult_323_fu_11633807_p2       |         -|   0|  0|   20|          20|          20|
    |mult_327_fu_11633849_p2       |         -|   0|  0|   23|          23|          23|
    |mult_334_fu_11633861_p2       |         -|   0|  0|   21|          21|          21|
    |mult_336_fu_11631424_p2       |         -|   0|  0|   26|          19|          19|
    |mult_346_fu_11633901_p2       |         -|   0|  0|   30|          23|          23|
    |mult_353_fu_11633936_p2       |         -|   0|  0|   20|          20|          20|
    |mult_375_fu_11634083_p2       |         -|   0|  0|   29|          22|          22|
    |mult_37_fu_11630175_p2        |         -|   0|  0|   23|          23|          23|
    |mult_382_fu_11634122_p2       |         -|   0|  0|   29|          22|          22|
    |mult_383_fu_11634132_p2       |         -|   0|  0|   29|           1|          22|
    |mult_384_fu_11634146_p2       |         -|   0|  0|   26|          19|          19|
    |mult_386_fu_11634180_p2       |         -|   0|  0|   23|          23|          23|
    |mult_397_fu_11634229_p2       |         -|   0|  0|   24|          24|          24|
    |mult_405_fu_11631587_p2       |         -|   0|  0|   27|          20|          20|
    |mult_414_fu_11631624_p2       |         -|   0|  0|   25|           1|          18|
    |mult_424_fu_11634315_p2       |         -|   0|  0|   22|          22|          22|
    |mult_427_fu_11634332_p2       |         -|   0|  0|   27|          20|          20|
    |mult_433_fu_11634364_p2       |         -|   0|  0|   23|          23|          23|
    |mult_437_fu_11634387_p2       |         -|   0|  0|   22|          22|          22|
    |mult_441_fu_11634403_p2       |         -|   0|  0|   23|          23|          23|
    |mult_448_fu_11634432_p2       |         -|   0|  0|   27|           1|          20|
    |mult_450_fu_11634474_p2       |         -|   0|  0|   22|          22|          22|
    |mult_451_fu_11634501_p2       |         -|   0|  0|   23|          23|          23|
    |mult_456_fu_11634528_p2       |         -|   0|  0|   23|          23|          23|
    |mult_461_fu_11634591_p2       |         -|   0|  0|   22|          22|          22|
    |mult_467_fu_11641598_p2       |         -|   0|  0|   27|          27|          27|
    |mult_46_fu_11629532_p2        |         -|   0|  0|   26|          19|          19|
    |mult_473_fu_11634612_p2       |         -|   0|  0|   31|          24|          24|
    |mult_475_fu_11634639_p2       |         -|   0|  0|   24|          24|          24|
    |mult_480_fu_11634705_p2       |         -|   0|  0|   23|          23|          23|
    |mult_485_fu_11634747_p2       |         -|   0|  0|   20|          20|          20|
    |mult_489_fu_11634753_p2       |         -|   0|  0|   24|          24|          24|
    |mult_493_fu_11634796_p2       |         -|   0|  0|   29|          22|          22|
    |mult_496_fu_11634821_p2       |         -|   0|  0|   25|           1|          18|
    |mult_497_fu_11634842_p2       |         -|   0|  0|   28|           1|          21|
    |mult_499_fu_11634858_p2       |         -|   0|  0|   20|          20|          20|
    |mult_508_fu_11634922_p2       |         -|   0|  0|   19|          19|          19|
    |mult_512_fu_11634972_p2       |         -|   0|  0|   22|          22|          22|
    |mult_513_fu_11641642_p2       |         -|   0|  0|   24|          24|          24|
    |mult_514_fu_11634999_p2       |         -|   0|  0|   20|          20|          20|
    |mult_51_fu_11630256_p2        |         -|   0|  0|   23|          23|          23|
    |mult_529_fu_11641689_p2       |         -|   0|  0|   32|          25|          25|
    |mult_52_fu_11630284_p2        |         -|   0|  0|   27|          20|          20|
    |mult_531_fu_11641716_p2       |         -|   0|  0|   25|          25|          25|
    |mult_538_fu_11635054_p2       |         -|   0|  0|   24|          24|          24|
    |mult_543_fu_11635103_p2       |         -|   0|  0|   28|          21|          21|
    |mult_545_fu_11635130_p2       |         -|   0|  0|   26|          26|          26|
    |mult_554_fu_11641773_p2       |         -|   0|  0|   22|          22|          22|
    |mult_563_fu_11635163_p2       |         -|   0|  0|   32|          25|          25|
    |mult_569_fu_11641824_p2       |         -|   0|  0|   23|          23|          23|
    |mult_572_fu_11635224_p2       |         -|   0|  0|   29|          22|          22|
    |mult_575_fu_11635245_p2       |         -|   0|  0|   28|          21|          21|
    |mult_578_fu_11635288_p2       |         -|   0|  0|   32|          25|          25|
    |mult_583_fu_11635302_p2       |         -|   0|  0|   24|          24|          24|
    |mult_587_fu_11635340_p2       |         -|   0|  0|   22|          22|          22|
    |mult_589_fu_11635372_p2       |         -|   0|  0|   30|          23|          23|
    |mult_590_fu_11641859_p2       |         -|   0|  0|   32|          25|          25|
    |mult_592_fu_11635386_p2       |         -|   0|  0|   22|          22|          22|
    |mult_594_fu_11641873_p2       |         -|   0|  0|   21|          21|          21|
    |mult_601_fu_11635442_p2       |         -|   0|  0|   23|          23|          23|
    |mult_609_fu_11635463_p2       |         -|   0|  0|   27|          20|          20|
    |mult_610_fu_11635486_p2       |         -|   0|  0|   24|          24|          24|
    |mult_614_fu_11635555_p2       |         -|   0|  0|   20|          20|          20|
    |mult_615_fu_11641917_p2       |         -|   0|  0|   23|          23|          23|
    |mult_61_fu_11629571_p2        |         -|   0|  0|   28|          21|          21|
    |mult_625_fu_11635588_p2       |         -|   0|  0|   26|          19|          19|
    |mult_630_fu_11635630_p2       |         -|   0|  0|   20|          20|          20|
    |mult_63_fu_11630331_p2        |         -|   0|  0|   31|          24|          24|
    |mult_643_fu_11635687_p2       |         -|   0|  0|   28|          21|          21|
    |mult_646_fu_11635719_p2       |         -|   0|  0|   27|          20|          20|
    |mult_649_fu_11641966_p2       |         -|   0|  0|   24|          24|          24|
    |mult_656_fu_11642006_p2       |         -|   0|  0|   22|          22|          22|
    |mult_666_fu_11642023_p2       |         -|   0|  0|   29|          22|          22|
    |mult_671_fu_11635785_p2       |         -|   0|  0|   28|          21|          21|
    |mult_673_fu_11635821_p2       |         -|   0|  0|   24|          24|          24|
    |mult_677_fu_11635855_p2       |         -|   0|  0|   22|          22|          22|
    |mult_682_fu_11635910_p2       |         -|   0|  0|   21|          21|          21|
    |mult_683_fu_11635933_p2       |         -|   0|  0|   25|           1|          18|
    |mult_684_fu_11635943_p2       |         -|   0|  0|   21|          21|          21|
    |mult_695_fu_11642077_p2       |         -|   0|  0|   29|          22|          22|
    |mult_697_fu_11642102_p2       |         -|   0|  0|   30|          23|          23|
    |mult_702_fu_11642129_p2       |         -|   0|  0|   26|          26|          26|
    |mult_707_fu_11642157_p2       |         -|   0|  0|   28|          21|          21|
    |mult_712_fu_11636023_p2       |         -|   0|  0|   19|          19|          19|
    |mult_713_fu_11636047_p2       |         -|   0|  0|   23|          23|          23|
    |mult_718_fu_11636053_p2       |         -|   0|  0|   23|          23|          23|
    |mult_723_fu_11642206_p2       |         -|   0|  0|   22|          22|          22|
    |mult_729_fu_11642235_p2       |         -|   0|  0|   30|          23|          23|
    |mult_741_fu_11642302_p2       |         -|   0|  0|   22|          22|          22|
    |mult_753_fu_11642367_p2       |         -|   0|  0|   26|          26|          26|
    |mult_754_fu_11642384_p2       |         -|   0|  0|   30|          23|          23|
    |mult_755_fu_11636153_p2       |         -|   0|  0|   30|          23|          23|
    |mult_758_fu_11636165_p2       |         -|   0|  0|   21|          21|          21|
    |mult_765_fu_11642415_p2       |         -|   0|  0|   26|           1|          19|
    |mult_766_fu_11642447_p2       |         -|   0|  0|   22|          22|          22|
    |mult_768_fu_11636223_p2       |         -|   0|  0|   20|          20|          20|
    |mult_783_fu_11642493_p2       |         -|   0|  0|   22|          22|          22|
    |mult_788_fu_11642522_p2       |         -|   0|  0|   25|          25|          25|
    |mult_78_fu_11629649_p2        |         -|   0|  0|   22|          22|          22|
    |mult_799_fu_11636378_p2       |         -|   0|  0|   29|          22|          22|
    |mult_79_fu_11630349_p2        |         -|   0|  0|   27|          20|          20|
    |mult_7_fu_11629904_p2         |         -|   0|  0|   22|          22|          22|
    |mult_813_fu_11642569_p2       |         -|   0|  0|   31|          24|          24|
    |mult_818_fu_11642601_p2       |         -|   0|  0|   30|          23|          23|
    |mult_81_fu_11629655_p2        |         -|   0|  0|   27|           1|          20|
    |mult_826_fu_11636469_p2       |         -|   0|  0|   29|          22|          22|
    |mult_836_fu_11636487_p2       |         -|   0|  0|   29|          22|          22|
    |mult_838_fu_11642636_p2       |         -|   0|  0|   24|          24|          24|
    |mult_840_fu_11636517_p2       |         -|   0|  0|   28|          21|          21|
    |mult_841_fu_11642671_p2       |         -|   0|  0|   32|          25|          25|
    |mult_844_fu_11642717_p2       |         -|   0|  0|   21|          21|          21|
    |mult_845_fu_11642738_p2       |         -|   0|  0|   21|          21|          21|
    |mult_856_fu_11642758_p2       |         -|   0|  0|   20|          20|          20|
    |mult_85_fu_11632749_p2        |         -|   0|  0|   25|          25|          25|
    |mult_867_fu_11636630_p2       |         -|   0|  0|   22|          22|          22|
    |mult_875_fu_11642842_p2       |         -|   0|  0|   23|          23|          23|
    |mult_891_fu_11642886_p2       |         -|   0|  0|   31|          24|          24|
    |mult_919_fu_11636850_p2       |         -|   0|  0|   23|          23|          23|
    |mult_938_fu_11642993_p2       |         -|   0|  0|   22|          22|          22|
    |mult_939_fu_11643010_p2       |         -|   0|  0|   25|          25|          25|
    |mult_954_fu_11643086_p2       |         -|   0|  0|   24|          24|          24|
    |mult_95_fu_11630443_p2        |         -|   0|  0|   28|          21|          21|
    |mult_962_fu_11643108_p2       |         -|   0|  0|   21|          21|          21|
    |mult_967_fu_11636991_p2       |         -|   0|  0|   19|          19|          19|
    |mult_976_fu_11643156_p2       |         -|   0|  0|   31|          24|          24|
    |mult_97_fu_11630458_p2        |         -|   0|  0|   22|          22|          22|
    |mult_986_fu_11643183_p2       |         -|   0|  0|   24|          24|          24|
    |mult_990_fu_11643197_p2       |         -|   0|  0|   21|          21|          21|
    |mult_997_fu_11637157_p2       |         -|   0|  0|   29|          22|          22|
    |mult_fu_11629365_p2           |         -|   0|  0|   22|          22|          22|
    |sub_ln58_10_fu_11659815_p2    |         -|   0|  0|   27|          20|          20|
    |sub_ln58_11_fu_11641170_p2    |         -|   0|  0|   30|          23|          23|
    |sub_ln58_12_fu_11641194_p2    |         -|   0|  0|   26|          19|          19|
    |sub_ln58_13_fu_11641204_p2    |         -|   0|  0|   24|          17|          17|
    |sub_ln58_14_fu_11660144_p2    |         -|   0|  0|   30|          23|          23|
    |sub_ln58_15_fu_11660745_p2    |         -|   0|  0|   31|          24|          24|
    |sub_ln58_16_fu_11661109_p2    |         -|   0|  0|   27|          20|          20|
    |sub_ln58_17_fu_11662210_p2    |         -|   0|  0|   27|          20|          20|
    |sub_ln58_18_fu_11662673_p2    |         -|   0|  0|   21|          21|          21|
    |sub_ln58_19_fu_11653166_p2    |         -|   0|  0|   31|          24|          24|
    |sub_ln58_1_fu_11632568_p2     |         -|   0|  0|   27|          20|          20|
    |sub_ln58_20_fu_11653302_p2    |         -|   0|  0|   24|          17|          17|
    |sub_ln58_21_fu_11663547_p2    |         -|   0|  0|   30|          23|          23|
    |sub_ln58_22_fu_11663595_p2    |         -|   0|  0|   22|          22|          22|
    |sub_ln58_23_fu_11663627_p2    |         -|   0|  0|   21|          21|          21|
    |sub_ln58_24_fu_11641357_p2    |         -|   0|  0|   21|          21|          21|
    |sub_ln58_25_fu_11641363_p2    |         -|   0|  0|   24|          17|          17|
    |sub_ln58_26_fu_11641459_p2    |         -|   0|  0|   28|          21|          21|
    |sub_ln58_27_fu_11653761_p2    |         -|   0|  0|   22|          22|          22|
    |sub_ln58_28_fu_11653781_p2    |         -|   0|  0|   21|          21|          21|
    |sub_ln58_29_fu_11663968_p2    |         -|   0|  0|   31|          24|          24|
    |sub_ln58_2_fu_11639959_p2     |         -|   0|  0|   26|          19|          19|
    |sub_ln58_30_fu_11664257_p2    |         -|   0|  0|   29|          22|          22|
    |sub_ln58_31_fu_11664263_p2    |         -|   0|  0|   29|          22|          22|
    |sub_ln58_32_fu_11653824_p2    |         -|   0|  0|   29|          22|          22|
    |sub_ln58_33_fu_11664290_p2    |         -|   0|  0|   22|          22|          22|
    |sub_ln58_3_fu_11639993_p2     |         -|   0|  0|   27|          20|          20|
    |sub_ln58_4_fu_11640349_p2     |         -|   0|  0|   27|          20|          20|
    |sub_ln58_5_fu_11632616_p2     |         -|   0|  0|   27|          20|          20|
    |sub_ln58_6_fu_11640918_p2     |         -|   0|  0|   20|          20|          20|
    |sub_ln58_7_fu_11649276_p2     |         -|   0|  0|   31|          24|          24|
    |sub_ln58_8_fu_11651075_p2     |         -|   0|  0|   27|          20|          20|
    |sub_ln58_9_fu_11659806_p2     |         -|   0|  0|   21|          21|          21|
    |sub_ln58_fu_11632405_p2       |         -|   0|  0|   30|          23|          23|
    |sub_ln73_100_fu_11634495_p2   |         -|   0|  0|   23|           1|          23|
    |sub_ln73_103_fu_11634570_p2   |         -|   0|  0|   22|           1|          22|
    |sub_ln73_105_fu_11641581_p2   |         -|   0|  0|   34|           1|          27|
    |sub_ln73_108_fu_11634622_p2   |         -|   0|  0|   31|           1|          24|
    |sub_ln73_10_fu_11630075_p2    |         -|   0|  0|   31|           1|          24|
    |sub_ln73_110_fu_11634688_p2   |         -|   0|  0|   23|           1|          23|
    |sub_ln73_117_fu_11634852_p2   |         -|   0|  0|   20|           1|          20|
    |sub_ln73_119_fu_11634916_p2   |         -|   0|  0|   19|           1|          19|
    |sub_ln73_121_fu_11634951_p2   |         -|   0|  0|   22|           1|          22|
    |sub_ln73_123_fu_11641636_p2   |         -|   0|  0|   24|           1|          24|
    |sub_ln73_125_fu_11634993_p2   |         -|   0|  0|   20|           1|          20|
    |sub_ln73_128_fu_11641699_p2   |         -|   0|  0|   25|           1|          25|
    |sub_ln73_12_fu_11630169_p2    |         -|   0|  0|   23|           1|          23|
    |sub_ln73_130_fu_11635037_p2   |         -|   0|  0|   24|           1|          24|
    |sub_ln73_133_fu_11635124_p2   |         -|   0|  0|   26|           1|          26|
    |sub_ln73_142_fu_11635323_p2   |         -|   0|  0|   29|           1|          22|
    |sub_ln73_147_fu_11635403_p2   |         -|   0|  0|   28|           1|          21|
    |sub_ln73_151_fu_11635480_p2   |         -|   0|  0|   31|           1|          24|
    |sub_ln73_154_fu_11641900_p2   |         -|   0|  0|   23|           1|          23|
    |sub_ln73_157_fu_11635609_p2   |         -|   0|  0|   20|           1|          20|
    |sub_ln73_167_fu_11635889_p2   |         -|   0|  0|   21|           1|          21|
    |sub_ln73_169_fu_11635927_p2   |         -|   0|  0|   28|          21|          21|
    |sub_ln73_174_fu_11642123_p2   |         -|   0|  0|   26|           1|          26|
    |sub_ln73_178_fu_11636041_p2   |         -|   0|  0|   23|           1|          23|
    |sub_ln73_181_fu_11642189_p2   |         -|   0|  0|   22|           1|          22|
    |sub_ln73_188_fu_11636159_p2   |         -|   0|  0|   28|           1|          21|
    |sub_ln73_192_fu_11636217_p2   |         -|   0|  0|   20|           1|          20|
    |sub_ln73_194_fu_11642481_p2   |         -|   0|  0|   22|           1|          22|
    |sub_ln73_19_fu_11629627_p2    |         -|   0|  0|   22|           1|          22|
    |sub_ln73_1_fu_11629308_p2     |         -|   0|  0|   19|          19|          19|
    |sub_ln73_207_fu_11642752_p2   |         -|   0|  0|   27|           1|          20|
    |sub_ln73_210_fu_11642825_p2   |         -|   0|  0|   23|           1|          23|
    |sub_ln73_213_fu_11636775_p2   |         -|   0|  0|   31|          24|          24|
    |sub_ln73_214_fu_11636832_p2   |         -|   0|  0|   23|           1|          23|
    |sub_ln73_216_fu_11642941_p2   |         -|   0|  0|   25|           1|          18|
    |sub_ln73_219_fu_11643069_p2   |         -|   0|  0|   24|           1|          24|
    |sub_ln73_222_fu_11636985_p2   |         -|   0|  0|   19|           1|          19|
    |sub_ln73_226_fu_11637069_p2   |         -|   0|  0|   28|           1|          21|
    |sub_ln73_234_fu_11637245_p2   |         -|   0|  0|   22|           1|          22|
    |sub_ln73_236_fu_11637289_p2   |         -|   0|  0|   24|           1|          24|
    |sub_ln73_237_fu_11637311_p2   |         -|   0|  0|   24|          24|          24|
    |sub_ln73_240_fu_11643396_p2   |         -|   0|  0|   21|           1|          21|
    |sub_ln73_245_fu_11643544_p2   |         -|   0|  0|   20|           1|          20|
    |sub_ln73_248_fu_11643595_p2   |         -|   0|  0|   24|           1|          24|
    |sub_ln73_253_fu_11637563_p2   |         -|   0|  0|   31|          24|          24|
    |sub_ln73_257_fu_11643695_p2   |         -|   0|  0|   22|           1|          22|
    |sub_ln73_25_fu_11630453_p2    |         -|   0|  0|   22|           1|          22|
    |sub_ln73_262_fu_11643832_p2   |         -|   0|  0|   21|           1|          21|
    |sub_ln73_266_fu_11643897_p2   |         -|   0|  0|   21|           1|          21|
    |sub_ln73_278_fu_11644178_p2   |         -|   0|  0|   31|           1|          24|
    |sub_ln73_283_fu_11644253_p2   |         -|   0|  0|   24|           1|          24|
    |sub_ln73_285_fu_11644298_p2   |         -|   0|  0|   29|          22|          22|
    |sub_ln73_289_fu_11644391_p2   |         -|   0|  0|   30|           1|          23|
    |sub_ln73_294_fu_11644565_p2   |         -|   0|  0|   21|           1|          21|
    |sub_ln73_2_fu_11629871_p2     |         -|   0|  0|   21|          21|          21|
    |sub_ln73_301_fu_11644650_p2   |         -|   0|  0|   29|           1|          22|
    |sub_ln73_308_fu_11644769_p2   |         -|   0|  0|   21|           1|          21|
    |sub_ln73_309_fu_11644775_p2   |         -|   0|  0|   21|          21|          21|
    |sub_ln73_310_fu_11644792_p2   |         -|   0|  0|   20|           1|          20|
    |sub_ln73_316_fu_11654043_p2   |         -|   0|  0|   20|           1|          20|
    |sub_ln73_318_fu_11644868_p2   |         -|   0|  0|   31|           1|          24|
    |sub_ln73_324_fu_11654099_p2   |         -|   0|  0|   20|           1|          20|
    |sub_ln73_328_fu_11654137_p2   |         -|   0|  0|   33|           1|          26|
    |sub_ln73_331_fu_11645079_p2   |         -|   0|  0|   22|           1|          22|
    |sub_ln73_333_fu_11654196_p2   |         -|   0|  0|   23|           1|          23|
    |sub_ln73_336_fu_11645137_p2   |         -|   0|  0|   22|           1|          22|
    |sub_ln73_339_fu_11645224_p2   |         -|   0|  0|   21|           1|          21|
    |sub_ln73_346_fu_11645389_p2   |         -|   0|  0|   30|           1|          23|
    |sub_ln73_350_fu_11645432_p2   |         -|   0|  0|   30|           1|          23|
    |sub_ln73_352_fu_11654363_p2   |         -|   0|  0|   20|           1|          20|
    |sub_ln73_358_fu_11645573_p2   |         -|   0|  0|   24|           1|          24|
    |sub_ln73_360_fu_11654451_p2   |         -|   0|  0|   21|           1|          21|
    |sub_ln73_368_fu_11645696_p2   |         -|   0|  0|   29|           1|          22|
    |sub_ln73_36_fu_11632979_p2    |         -|   0|  0|   22|           1|          22|
    |sub_ln73_371_fu_11654768_p2   |         -|   0|  0|   30|           1|          23|
    |sub_ln73_381_fu_11655101_p2   |         -|   0|  0|   31|           1|          24|
    |sub_ln73_385_fu_11645960_p2   |         -|   0|  0|   21|           1|          21|
    |sub_ln73_388_fu_11646034_p2   |         -|   0|  0|   26|           1|          19|
    |sub_ln73_38_fu_11630699_p2    |         -|   0|  0|   21|           1|          21|
    |sub_ln73_391_fu_11646058_p2   |         -|   0|  0|   30|           1|          23|
    |sub_ln73_395_fu_11655345_p2   |         -|   0|  0|   27|           1|          20|
    |sub_ln73_400_fu_11646182_p2   |         -|   0|  0|   25|           1|          25|
    |sub_ln73_401_fu_11646188_p2   |         -|   0|  0|   25|          25|          25|
    |sub_ln73_405_fu_11646280_p2   |         -|   0|  0|   30|          23|          23|
    |sub_ln73_408_fu_11655716_p2   |         -|   0|  0|   22|           1|          22|
    |sub_ln73_40_fu_11633012_p2    |         -|   0|  0|   24|           1|          24|
    |sub_ln73_410_fu_11655815_p2   |         -|   0|  0|   30|           1|          23|
    |sub_ln73_418_fu_11655992_p2   |         -|   0|  0|   22|           1|          22|
    |sub_ln73_421_fu_11656047_p2   |         -|   0|  0|   21|           1|          21|
    |sub_ln73_425_fu_11646652_p2   |         -|   0|  0|   21|           1|          21|
    |sub_ln73_426_fu_11646670_p2   |         -|   0|  0|   21|          21|          21|
    |sub_ln73_42_fu_11630727_p2    |         -|   0|  0|   20|           1|          20|
    |sub_ln73_431_fu_11656259_p2   |         -|   0|  0|   24|           1|          24|
    |sub_ln73_437_fu_11656437_p2   |         -|   0|  0|   20|           1|          20|
    |sub_ln73_441_fu_11646847_p2   |         -|   0|  0|   28|           1|          21|
    |sub_ln73_448_fu_11646947_p2   |         -|   0|  0|   29|           1|          22|
    |sub_ln73_450_fu_11647001_p2   |         -|   0|  0|   30|           1|          23|
    |sub_ln73_456_fu_11656943_p2   |         -|   0|  0|   30|           1|          23|
    |sub_ln73_464_fu_11647204_p2   |         -|   0|  0|   29|           1|          22|
    |sub_ln73_4_fu_11629370_p2     |         -|   0|  0|   29|           1|          22|
    |sub_ln73_52_fu_11633283_p2    |         -|   0|  0|   25|           1|          25|
    |sub_ln73_5_fu_11629376_p2     |         -|   0|  0|   22|          22|          22|
    |sub_ln73_60_fu_11631161_p2    |         -|   0|  0|   21|           1|          21|
    |sub_ln73_62_fu_11631193_p2    |         -|   0|  0|   19|           1|          19|
    |sub_ln73_65_fu_11633592_p2    |         -|   0|  0|   31|           1|          24|
    |sub_ln73_6_fu_11629888_p2     |         -|   0|  0|   22|           1|          22|
    |sub_ln73_71_fu_11633773_p2    |         -|   0|  0|   20|           1|          20|
    |sub_ln73_74_fu_11633828_p2    |         -|   0|  0|   30|           1|          23|
    |sub_ln73_76_fu_11633855_p2    |         -|   0|  0|   21|           1|          21|
    |sub_ln73_85_fu_11634163_p2    |         -|   0|  0|   23|           1|          23|
    |sub_ln73_87_fu_11634220_p2    |         -|   0|  0|   31|           1|          24|
    |sub_ln73_94_fu_11634381_p2    |         -|   0|  0|   29|           1|          22|
    |sub_ln73_98_fu_11634453_p2    |         -|   0|  0|   22|           1|          22|
    |sub_ln73_fu_11629302_p2       |         -|   0|  0|   19|           1|          19|
    +------------------------------+----------+----+---+-----+------------+------------+
    |Total                         |          |   0|  0|82259|       68684|       71129|
    +------------------------------+----------+----+---+-----+------------+------------+

    * Multiplexer: 
    +--------------+----+-----------+-----+-----------+
    |     Name     | LUT| Input Size| Bits| Total Bits|
    +--------------+----+-----------+-----+-----------+
    |ap_return_0   |  14|          3|   41|        123|
    |ap_return_1   |  14|          3|   41|        123|
    |ap_return_10  |  14|          3|   41|        123|
    |ap_return_11  |  14|          3|   41|        123|
    |ap_return_12  |  14|          3|   41|        123|
    |ap_return_13  |  14|          3|   41|        123|
    |ap_return_14  |  14|          3|   41|        123|
    |ap_return_15  |  14|          3|   41|        123|
    |ap_return_2   |  14|          3|   41|        123|
    |ap_return_3   |  14|          3|   41|        123|
    |ap_return_4   |  14|          3|   41|        123|
    |ap_return_5   |  14|          3|   41|        123|
    |ap_return_6   |  14|          3|   41|        123|
    |ap_return_7   |  14|          3|   41|        123|
    |ap_return_8   |  14|          3|   41|        123|
    |ap_return_9   |  14|          3|   41|        123|
    +--------------+----+-----------+-----+-----------+
    |Total         | 224|         48|  656|       1968|
    +--------------+----+-----------+-----+-----------+

    * Register: 
    +-----------------------------------------------------------------------------------------------+-----+----+-----+-----------+
    |                                              Name                                             |  FF | LUT| Bits| Const Bits|
    +-----------------------------------------------------------------------------------------------+-----+----+-----+-----------+
    |a_100_reg_11670121                                                                             |   16|   0|   16|          0|
    |a_101_reg_11670141                                                                             |   16|   0|   16|          0|
    |a_101_reg_11670141_pp0_iter4_reg                                                               |   16|   0|   16|          0|
    |a_102_reg_11670160                                                                             |   16|   0|   16|          0|
    |a_102_reg_11670160_pp0_iter4_reg                                                               |   16|   0|   16|          0|
    |a_103_reg_11670184                                                                             |   16|   0|   16|          0|
    |a_103_reg_11670184_pp0_iter4_reg                                                               |   16|   0|   16|          0|
    |a_104_reg_11671180                                                                             |   16|   0|   16|          0|
    |a_105_reg_11670208                                                                             |   16|   0|   16|          0|
    |a_105_reg_11670208_pp0_iter4_reg                                                               |   16|   0|   16|          0|
    |a_106_reg_11670220                                                                             |   16|   0|   16|          0|
    |a_106_reg_11670220_pp0_iter4_reg                                                               |   16|   0|   16|          0|
    |a_107_reg_11671202                                                                             |   16|   0|   16|          0|
    |a_108_reg_11671213                                                                             |   16|   0|   16|          0|
    |a_109_reg_11671233                                                                             |   16|   0|   16|          0|
    |a_10_reg_11668181                                                                              |   16|   0|   16|          0|
    |a_110_reg_11671247                                                                             |   16|   0|   16|          0|
    |a_111_reg_11671260                                                                             |   16|   0|   16|          0|
    |a_112_reg_11671277                                                                             |   16|   0|   16|          0|
    |a_113_reg_11671290                                                                             |   16|   0|   16|          0|
    |a_114_reg_11671303                                                                             |   16|   0|   16|          0|
    |a_115_reg_11671313                                                                             |   16|   0|   16|          0|
    |a_116_reg_11671335                                                                             |   16|   0|   16|          0|
    |a_117_reg_11671349                                                                             |   16|   0|   16|          0|
    |a_118_reg_11671363                                                                             |   16|   0|   16|          0|
    |a_118_reg_11671363_pp0_iter5_reg                                                               |   16|   0|   16|          0|
    |a_119_reg_11671383                                                                             |   16|   0|   16|          0|
    |a_11_reg_11668206                                                                              |   16|   0|   16|          0|
    |a_11_reg_11668206_pp0_iter2_reg                                                                |   16|   0|   16|          0|
    |a_120_reg_11671393                                                                             |   16|   0|   16|          0|
    |a_121_reg_11671404                                                                             |   16|   0|   16|          0|
    |a_122_reg_11671414                                                                             |   16|   0|   16|          0|
    |a_125_reg_11671442                                                                             |   16|   0|   16|          0|
    |a_126_reg_11671452                                                                             |   16|   0|   16|          0|
    |a_127_reg_11671472                                                                             |   16|   0|   16|          0|
    |a_128_reg_11670241                                                                             |   16|   0|   16|          0|
    |a_128_reg_11670241_pp0_iter4_reg                                                               |   16|   0|   16|          0|
    |a_129_reg_11671495                                                                             |   16|   0|   16|          0|
    |a_130_reg_11671505                                                                             |   16|   0|   16|          0|
    |a_130_reg_11671505_pp0_iter5_reg                                                               |   16|   0|   16|          0|
    |a_131_reg_11671520                                                                             |   16|   0|   16|          0|
    |a_132_reg_11671528                                                                             |   16|   0|   16|          0|
    |a_133_reg_11671559                                                                             |   16|   0|   16|          0|
    |a_134_reg_11671571                                                                             |   16|   0|   16|          0|
    |a_135_reg_11671591                                                                             |   16|   0|   16|          0|
    |a_136_reg_11671610                                                                             |   16|   0|   16|          0|
    |a_137_reg_11671617                                                                             |   16|   0|   16|          0|
    |a_138_reg_11671630                                                                             |   16|   0|   16|          0|
    |a_139_reg_11671646                                                                             |   16|   0|   16|          0|
    |a_13_reg_11668220                                                                              |   16|   0|   16|          0|
    |a_13_reg_11668220_pp0_iter2_reg                                                                |   16|   0|   16|          0|
    |a_140_reg_11671655                                                                             |   16|   0|   16|          0|
    |a_142_reg_11671681                                                                             |   16|   0|   16|          0|
    |a_143_reg_11671689                                                                             |   16|   0|   16|          0|
    |a_144_reg_11668341                                                                             |   16|   0|   16|          0|
    |a_145_reg_11668389                                                                             |   16|   0|   16|          0|
    |a_146_reg_11669748                                                                             |   16|   0|   16|          0|
    |a_147_reg_11669836                                                                             |   16|   0|   16|          0|
    |a_148_reg_11669995                                                                             |   16|   0|   16|          0|
    |a_148_reg_11669995_pp0_iter4_reg                                                               |   16|   0|   16|          0|
    |a_149_reg_11671669                                                                             |   16|   0|   16|          0|
    |a_14_reg_11668233                                                                              |   16|   0|   16|          0|
    |a_16_reg_11668398                                                                              |   16|   0|   16|          0|
    |a_17_reg_11668414                                                                              |   16|   0|   16|          0|
    |a_18_reg_11668247                                                                              |   16|   0|   16|          0|
    |a_18_reg_11668247_pp0_iter2_reg                                                                |   16|   0|   16|          0|
    |a_19_reg_11668441                                                                              |   16|   0|   16|          0|
    |a_20_reg_11668472                                                                              |   16|   0|   16|          0|
    |a_21_reg_11668498                                                                              |   16|   0|   16|          0|
    |a_22_reg_11668519                                                                              |   16|   0|   16|          0|
    |a_23_reg_11668540                                                                              |   16|   0|   16|          0|
    |a_24_reg_11668554                                                                              |   16|   0|   16|          0|
    |a_25_reg_11668571                                                                              |   16|   0|   16|          0|
    |a_26_reg_11668587                                                                              |   16|   0|   16|          0|
    |a_27_reg_11668599                                                                              |   16|   0|   16|          0|
    |a_28_reg_11668609                                                                              |   16|   0|   16|          0|
    |a_29_reg_11668625                                                                              |   16|   0|   16|          0|
    |a_2_reg_11668010                                                                               |   16|   0|   16|          0|
    |a_30_reg_11668650                                                                              |   16|   0|   16|          0|
    |a_31_reg_11668673                                                                              |   16|   0|   16|          0|
    |a_32_reg_11668695                                                                              |   16|   0|   16|          0|
    |a_33_reg_11668712                                                                              |   16|   0|   16|          0|
    |a_33_reg_11668712_pp0_iter3_reg                                                                |   16|   0|   16|          0|
    |a_34_reg_11668725                                                                              |   16|   0|   16|          0|
    |a_35_reg_11668741                                                                              |   16|   0|   16|          0|
    |a_36_reg_11668761                                                                              |   16|   0|   16|          0|
    |a_36_reg_11668761_pp0_iter3_reg                                                                |   16|   0|   16|          0|
    |a_37_reg_11668784                                                                              |   16|   0|   16|          0|
    |a_37_reg_11668784_pp0_iter3_reg                                                                |   16|   0|   16|          0|
    |a_38_reg_11668797                                                                              |   16|   0|   16|          0|
    |a_39_reg_11668813                                                                              |   16|   0|   16|          0|
    |a_39_reg_11668813_pp0_iter3_reg                                                                |   16|   0|   16|          0|
    |a_3_reg_11668024                                                                               |   16|   0|   16|          0|
    |a_40_reg_11668834                                                                              |   16|   0|   16|          0|
    |a_41_reg_11668849                                                                              |   16|   0|   16|          0|
    |a_41_reg_11668849_pp0_iter3_reg                                                                |   16|   0|   16|          0|
    |a_42_reg_11668870                                                                              |   16|   0|   16|          0|
    |a_43_reg_11668887                                                                              |   16|   0|   16|          0|
    |a_43_reg_11668887_pp0_iter3_reg                                                                |   16|   0|   16|          0|
    |a_44_reg_11668906                                                                              |   16|   0|   16|          0|
    |a_45_reg_11668923                                                                              |   16|   0|   16|          0|
    |a_45_reg_11668923_pp0_iter3_reg                                                                |   16|   0|   16|          0|
    |a_46_reg_11668948                                                                              |   16|   0|   16|          0|
    |a_46_reg_11668948_pp0_iter3_reg                                                                |   16|   0|   16|          0|
    |a_47_reg_11668958                                                                              |   16|   0|   16|          0|
    |a_48_reg_11668979                                                                              |   16|   0|   16|          0|
    |a_49_reg_11668989                                                                              |   16|   0|   16|          0|
    |a_49_reg_11668989_pp0_iter3_reg                                                                |   16|   0|   16|          0|
    |a_4_reg_11668048                                                                               |   16|   0|   16|          0|
    |a_50_reg_11669414                                                                              |   16|   0|   16|          0|
    |a_51_reg_11669435                                                                              |   16|   0|   16|          0|
    |a_52_reg_11669007                                                                              |   16|   0|   16|          0|
    |a_52_reg_11669007_pp0_iter3_reg                                                                |   16|   0|   16|          0|
    |a_53_reg_11669017                                                                              |   16|   0|   16|          0|
    |a_53_reg_11669017_pp0_iter3_reg                                                                |   16|   0|   16|          0|
    |a_54_reg_11669463                                                                              |   16|   0|   16|          0|
    |a_55_reg_11669469                                                                              |   16|   0|   16|          0|
    |a_57_reg_11669486                                                                              |   16|   0|   16|          0|
    |a_58_reg_11669494                                                                              |   16|   0|   16|          0|
    |a_59_reg_11669509                                                                              |   16|   0|   16|          0|
    |a_5_reg_11668065                                                                               |   16|   0|   16|          0|
    |a_60_reg_11669519                                                                              |   16|   0|   16|          0|
    |a_61_reg_11669536                                                                              |   16|   0|   16|          0|
    |a_62_reg_11669035                                                                              |   16|   0|   16|          0|
    |a_62_reg_11669035_pp0_iter3_reg                                                                |   16|   0|   16|          0|
    |a_64_reg_11669548                                                                              |   16|   0|   16|          0|
    |a_65_reg_11669559                                                                              |   16|   0|   16|          0|
    |a_66_reg_11669575                                                                              |   16|   0|   16|          0|
    |a_67_reg_11669582                                                                              |   16|   0|   16|          0|
    |a_68_reg_11669588                                                                              |   16|   0|   16|          0|
    |a_69_reg_11669604                                                                              |   16|   0|   16|          0|
    |a_6_reg_11668083                                                                               |   16|   0|   16|          0|
    |a_70_reg_11669621                                                                              |   16|   0|   16|          0|
    |a_72_reg_11669652                                                                              |   16|   0|   16|          0|
    |a_73_reg_11669050                                                                              |   16|   0|   16|          0|
    |a_73_reg_11669050_pp0_iter3_reg                                                                |   16|   0|   16|          0|
    |a_74_reg_11669069                                                                              |   16|   0|   16|          0|
    |a_74_reg_11669069_pp0_iter3_reg                                                                |   16|   0|   16|          0|
    |a_75_reg_11669660                                                                              |   16|   0|   16|          0|
    |a_77_reg_11669692                                                                              |   16|   0|   16|          0|
    |a_78_reg_11669700                                                                              |   16|   0|   16|          0|
    |a_79_reg_11669709                                                                              |   16|   0|   16|          0|
    |a_7_reg_11668101                                                                               |   16|   0|   16|          0|
    |a_7_reg_11668101_pp0_iter2_reg                                                                 |   16|   0|   16|          0|
    |a_80_reg_11669721                                                                              |   16|   0|   16|          0|
    |a_81_reg_11669737                                                                              |   16|   0|   16|          0|
    |a_81_reg_11669737_pp0_iter4_reg                                                                |   16|   0|   16|          0|
    |a_84_reg_11669079                                                                              |   16|   0|   16|          0|
    |a_84_reg_11669079_pp0_iter3_reg                                                                |   16|   0|   16|          0|
    |a_85_reg_11669767                                                                              |   16|   0|   16|          0|
    |a_86_reg_11669787                                                                              |   16|   0|   16|          0|
    |a_87_reg_11669814                                                                              |   16|   0|   16|          0|
    |a_89_reg_11669853                                                                              |   16|   0|   16|          0|
    |a_8_reg_11668138                                                                               |   16|   0|   16|          0|
    |a_90_reg_11669874                                                                              |   16|   0|   16|          0|
    |a_91_reg_11669894                                                                              |   16|   0|   16|          0|
    |a_92_reg_11669922                                                                              |   16|   0|   16|          0|
    |a_92_reg_11669922_pp0_iter4_reg                                                                |   16|   0|   16|          0|
    |a_93_reg_11669949                                                                              |   16|   0|   16|          0|
    |a_94_reg_11669966                                                                              |   16|   0|   16|          0|
    |a_94_reg_11669966_pp0_iter4_reg                                                                |   16|   0|   16|          0|
    |a_96_reg_11670014                                                                              |   16|   0|   16|          0|
    |a_96_reg_11670014_pp0_iter4_reg                                                                |   16|   0|   16|          0|
    |a_97_reg_11670036                                                                              |   16|   0|   16|          0|
    |a_97_reg_11670036_pp0_iter4_reg                                                                |   16|   0|   16|          0|
    |a_98_reg_11670060                                                                              |   16|   0|   16|          0|
    |a_98_reg_11670060_pp0_iter4_reg                                                                |   16|   0|   16|          0|
    |a_99_reg_11670083                                                                              |   16|   0|   16|          0|
    |a_9_reg_11668164                                                                               |   16|   0|   16|          0|
    |a_9_reg_11668164_pp0_iter2_reg                                                                 |   16|   0|   16|          0|
    |a_reg_11667969                                                                                 |   16|   0|   16|          0|
    |a_reg_11667969_pp0_iter1_reg                                                                   |   16|   0|   16|          0|
    |add_ln58_1000_reg_11673267                                                                     |   28|   0|   28|          0|
    |add_ln58_1003_reg_11672432                                                                     |   25|   0|   25|          0|
    |add_ln58_1006_reg_11672437                                                                     |   25|   0|   25|          0|
    |add_ln58_100_reg_11670287                                                                      |   26|   0|   26|          0|
    |add_ln58_1010_reg_11672442                                                                     |   25|   0|   25|          0|
    |add_ln58_1013_reg_11672447                                                                     |   25|   0|   25|          0|
    |add_ln58_1015_reg_11673272                                                                     |   27|   0|   27|          0|
    |add_ln58_1018_reg_11672452                                                                     |   24|   0|   24|          0|
    |add_ln58_1021_reg_11672457                                                                     |   24|   0|   24|          0|
    |add_ln58_1025_reg_11672462                                                                     |   23|   0|   23|          0|
    |add_ln58_1027_reg_11670917                                                                     |   20|   0|   21|          1|
    |add_ln58_1028_reg_11672467                                                                     |   22|   0|   22|          0|
    |add_ln58_1030_reg_11673277                                                                     |   26|   0|   26|          0|
    |add_ln58_1032_reg_11674502                                                                     |   30|   0|   30|          0|
    |add_ln58_1033_reg_11672472                                                                     |   27|   0|   27|          0|
    |add_ln58_1036_reg_11672477                                                                     |   27|   0|   27|          0|
    |add_ln58_1039_reg_11672482                                                                     |   26|   0|   26|          0|
    |add_ln58_1041_reg_11672487                                                                     |   26|   0|   26|          0|
    |add_ln58_1043_reg_11673282                                                                     |   30|   0|   30|          0|
    |add_ln58_1045_reg_11672492                                                                     |   26|   0|   26|          0|
    |add_ln58_1047_reg_11672497                                                                     |   26|   0|   26|          0|
    |add_ln58_1054_reg_11673287                                                                     |   27|   0|   27|          0|
    |add_ln58_1057_reg_11672502                                                                     |   25|   0|   25|          0|
    |add_ln58_1059_reg_11672507                                                                     |   25|   0|   25|          0|
    |add_ln58_1065_reg_11672512                                                                     |   25|   0|   25|          0|
    |add_ln58_1067_reg_11670922                                                                     |   23|   0|   23|          0|
    |add_ln58_1071_reg_11672517                                                                     |   25|   0|   25|          0|
    |add_ln58_1075_reg_11670927                                                                     |   21|   0|   21|          0|
    |add_ln58_1077_reg_11672522                                                                     |   24|   0|   24|          0|
    |add_ln58_1079_reg_11673292                                                                     |   27|   0|   27|          0|
    |add_ln58_107_reg_11670292                                                                      |   28|   0|   28|          0|
    |add_ln58_1081_reg_11672527                                                                     |   25|   0|   25|          0|
    |add_ln58_1084_reg_11672532                                                                     |   25|   0|   25|          0|
    |add_ln58_1089_reg_11672537                                                                     |   26|   0|   26|          0|
    |add_ln58_1091_reg_11673297                                                                     |   29|   0|   29|          0|
    |add_ln58_1093_reg_11672542                                                                     |   25|   0|   25|          0|
    |add_ln58_1095_reg_11672547                                                                     |   25|   0|   25|          0|
    |add_ln58_1098_reg_11672552                                                                     |   25|   0|   25|          0|
    |add_ln58_1101_reg_11672557                                                                     |   24|   0|   24|          0|
    |add_ln58_1103_reg_11673302                                                                     |   27|   0|   27|          0|
    |add_ln58_1106_reg_11672562                                                                     |   24|   0|   24|          0|
    |add_ln58_1108_reg_11672567                                                                     |   24|   0|   24|          0|
    |add_ln58_1111_reg_11672572                                                                     |   24|   0|   24|          0|
    |add_ln58_1114_reg_11672577                                                                     |   24|   0|   24|          0|
    |add_ln58_1117_reg_11670932                                                                     |   22|   0|   22|          0|
    |add_ln58_1117_reg_11670932_pp0_iter4_reg                                                       |   22|   0|   22|          0|
    |add_ln58_1119_reg_11670937                                                                     |   17|   0|   17|          0|
    |add_ln58_111_reg_11669209                                                                      |   21|   0|   22|          1|
    |add_ln58_1126_reg_11670942                                                                     |   21|   0|   21|          0|
    |add_ln58_1127_reg_11672582                                                                     |   23|   0|   23|          0|
    |add_ln58_1129_reg_11673307                                                                     |   26|   0|   26|          0|
    |add_ln58_1131_reg_11672587                                                                     |   25|   0|   25|          0|
    |add_ln58_1132_reg_11673312                                                                     |   29|   0|   29|          0|
    |add_ln58_1133_reg_11672592                                                                     |   25|   0|   25|          0|
    |add_ln58_1135_reg_11673317                                                                     |   26|   0|   26|          0|
    |add_ln58_1137_reg_11672597                                                                     |   24|   0|   24|          0|
    |add_ln58_113_reg_11670297                                                                      |   26|   0|   26|          0|
    |add_ln58_1141_reg_11672602                                                                     |   25|   0|   25|          0|
    |add_ln58_1142_reg_11673322                                                                     |   26|   0|   26|          0|
    |add_ln58_1145_reg_11672607                                                                     |   25|   0|   25|          0|
    |add_ln58_1148_reg_11672612                                                                     |   25|   0|   25|          0|
    |add_ln58_1152_reg_11672617                                                                     |   25|   0|   25|          0|
    |add_ln58_1155_reg_11672622                                                                     |   24|   0|   24|          0|
    |add_ln58_1157_reg_11673327                                                                     |   27|   0|   27|          0|
    |add_ln58_1160_reg_11672627                                                                     |   24|   0|   24|          0|
    |add_ln58_1163_reg_11672632                                                                     |   24|   0|   24|          0|
    |add_ln58_1166_reg_11672637                                                                     |   24|   0|   24|          0|
    |add_ln58_1169_reg_11672642                                                                     |   24|   0|   24|          0|
    |add_ln58_1171_reg_11673332                                                                     |   26|   0|   26|          0|
    |add_ln58_1172_reg_11672647                                                                     |   23|   0|   23|          0|
    |add_ln58_1176_reg_11672652                                                                     |   23|   0|   23|          0|
    |add_ln58_1178_reg_11672657                                                                     |   21|   0|   21|          0|
    |add_ln58_1179_reg_11672662                                                                     |   22|   0|   22|          0|
    |add_ln58_117_reg_11669214                                                                      |   23|   0|   23|          0|
    |add_ln58_1183_reg_11672667                                                                     |   22|   0|   22|          0|
    |add_ln58_1185_reg_11673337                                                                     |   25|   0|   25|          0|
    |add_ln58_1187_reg_11674507                                                                     |   29|   0|   29|          0|
    |add_ln58_1188_reg_11673342                                                                     |   25|   0|   25|          0|
    |add_ln58_118_reg_11668306                                                                      |   23|   0|   23|          0|
    |add_ln58_1191_reg_11673347                                                                     |   26|   0|   26|          0|
    |add_ln58_1194_reg_11673352                                                                     |   25|   0|   25|          0|
    |add_ln58_1197_reg_11673357                                                                     |   26|   0|   26|          0|
    |add_ln58_1199_reg_11674512                                                                     |   30|   0|   30|          0|
    |add_ln58_119_reg_11669219                                                                      |   24|   0|   24|          0|
    |add_ln58_1201_reg_11673362                                                                     |   26|   0|   26|          0|
    |add_ln58_1204_reg_11673367                                                                     |   26|   0|   26|          0|
    |add_ln58_1207_reg_11673372                                                                     |   25|   0|   25|          0|
    |add_ln58_1210_reg_11673377                                                                     |   25|   0|   25|          0|
    |add_ln58_1212_reg_11674517                                                                     |   27|   0|   27|          0|
    |add_ln58_1215_reg_11673382                                                                     |   23|   0|   23|          0|
    |add_ln58_1216_reg_11673387                                                                     |   23|   0|   23|          0|
    |add_ln58_1217_reg_11673392                                                                     |   23|   0|   23|          0|
    |add_ln58_1219_reg_11674522                                                                     |   25|   0|   25|          0|
    |add_ln58_121_reg_11670302                                                                      |   27|   0|   27|          0|
    |add_ln58_1221_reg_11673397                                                                     |   24|   0|   24|          0|
    |add_ln58_1224_reg_11673402                                                                     |   23|   0|   23|          0|
    |add_ln58_1225_reg_11674527                                                                     |   25|   0|   25|          0|
    |add_ln58_1228_reg_11673407                                                                     |   23|   0|   23|          0|
    |add_ln58_1231_reg_11673412                                                                     |   23|   0|   23|          0|
    |add_ln58_1234_reg_11673417                                                                     |   22|   0|   22|          0|
    |add_ln58_1235_reg_11673422                                                                     |   21|   0|   21|          0|
    |add_ln58_1237_reg_11674532                                                                     |   25|   0|   25|          0|
    |add_ln58_1240_reg_11672672                                                                     |   28|   0|   28|          0|
    |add_ln58_1244_reg_11672677                                                                     |   27|   0|   27|          0|
    |add_ln58_1247_reg_11672682                                                                     |   26|   0|   26|          0|
    |add_ln58_1250_reg_11672687                                                                     |   26|   0|   26|          0|
    |add_ln58_1252_reg_11673427                                                                     |   30|   0|   30|          0|
    |add_ln58_1254_reg_11672692                                                                     |   26|   0|   26|          0|
    |add_ln58_1257_reg_11672697                                                                     |   26|   0|   26|          0|
    |add_ln58_125_reg_11669224                                                                      |   25|   0|   25|          0|
    |add_ln58_1260_reg_11672702                                                                     |   25|   0|   25|          0|
    |add_ln58_1263_reg_11672707                                                                     |   25|   0|   25|          0|
    |add_ln58_1265_reg_11673432                                                                     |   28|   0|   28|          0|
    |add_ln58_1268_reg_11672712                                                                     |   24|   0|   24|          0|
    |add_ln58_1269_reg_11669304                                                                     |   17|   0|   17|          0|
    |add_ln58_1271_reg_11672717                                                                     |   24|   0|   24|          0|
    |add_ln58_1274_reg_11672722                                                                     |   24|   0|   24|          0|
    |add_ln58_1277_reg_11672727                                                                     |   24|   0|   24|          0|
    |add_ln58_1279_reg_11673437                                                                     |   26|   0|   26|          0|
    |add_ln58_1282_reg_11670952                                                                     |   23|   0|   23|          0|
    |add_ln58_1285_reg_11670957                                                                     |   22|   0|   22|          0|
    |add_ln58_1286_reg_11670962                                                                     |   21|   0|   22|          1|
    |add_ln58_1288_reg_11670967                                                                     |   20|   0|   20|          0|
    |add_ln58_1290_reg_11672732                                                                     |   25|   0|   25|          0|
    |add_ln58_1290_reg_11672732_pp0_iter5_reg                                                       |   25|   0|   25|          0|
    |add_ln58_1292_reg_11674537                                                                     |   30|   0|   30|          0|
    |add_ln58_1293_reg_11674542                                                                     |   27|   0|   27|          0|
    |add_ln58_1296_reg_11674547                                                                     |   27|   0|   27|          0|
    |add_ln58_1299_reg_11673442                                                                     |   26|   0|   26|          0|
    |add_ln58_129_reg_11670307                                                                      |   28|   0|   28|          0|
    |add_ln58_1302_reg_11673447                                                                     |   27|   0|   27|          0|
    |add_ln58_1303_reg_11674552                                                                     |   28|   0|   28|          0|
    |add_ln58_1306_reg_11673452                                                                     |   26|   0|   26|          0|
    |add_ln58_1309_reg_11673457                                                                     |   26|   0|   26|          0|
    |add_ln58_130_reg_11669229                                                                      |   25|   0|   25|          0|
    |add_ln58_1312_reg_11673462                                                                     |   26|   0|   26|          0|
    |add_ln58_1315_reg_11673467                                                                     |   26|   0|   26|          0|
    |add_ln58_1317_reg_11674557                                                                     |   28|   0|   28|          0|
    |add_ln58_1320_reg_11672737                                                                     |   25|   0|   25|          0|
    |add_ln58_1320_reg_11672737_pp0_iter5_reg                                                       |   25|   0|   25|          0|
    |add_ln58_1323_reg_11673472                                                                     |   25|   0|   25|          0|
    |add_ln58_1324_reg_11674562                                                                     |   26|   0|   26|          0|
    |add_ln58_1326_reg_11673477                                                                     |   25|   0|   25|          0|
    |add_ln58_1329_reg_11672742                                                                     |   24|   0|   24|          0|
    |add_ln58_1329_reg_11672742_pp0_iter5_reg                                                       |   24|   0|   24|          0|
    |add_ln58_1330_reg_11674567                                                                     |   26|   0|   26|          0|
    |add_ln58_1333_reg_11673482                                                                     |   24|   0|   24|          0|
    |add_ln58_1335_reg_11673487                                                                     |   24|   0|   24|          0|
    |add_ln58_1339_reg_11673492                                                                     |   19|   0|   21|          2|
    |add_ln58_1340_reg_11673497                                                                     |   20|   0|   20|          0|
    |add_ln58_1343_reg_11674572                                                                     |   25|   0|   25|          0|
    |add_ln58_1348_reg_11673502                                                                     |   26|   0|   26|          0|
    |add_ln58_134_reg_11669234                                                                      |   24|   0|   24|          0|
    |add_ln58_1353_reg_11673507                                                                     |   26|   0|   26|          0|
    |add_ln58_1354_reg_11674577                                                                     |   30|   0|   30|          0|
    |add_ln58_1355_reg_11673512                                                                     |   24|   0|   24|          0|
    |add_ln58_1356_reg_11673517                                                                     |   24|   0|   24|          0|
    |add_ln58_1358_reg_11674582                                                                     |   26|   0|   26|          0|
    |add_ln58_1360_reg_11673522                                                                     |   25|   0|   25|          0|
    |add_ln58_1361_reg_11673527                                                                     |   24|   0|   24|          0|
    |add_ln58_1363_reg_11674587                                                                     |   26|   0|   26|          0|
    |add_ln58_1367_reg_11672747                                                                     |   23|   0|   23|          0|
    |add_ln58_1369_reg_11673532                                                                     |   25|   0|   25|          0|
    |add_ln58_1373_reg_11673537                                                                     |   24|   0|   24|          0|
    |add_ln58_1378_reg_11673542                                                                     |   24|   0|   24|          0|
    |add_ln58_1379_reg_11673547                                                                     |   22|   0|   22|          0|
    |add_ln58_1382_reg_11673552                                                                     |   21|   0|   22|          1|
    |add_ln58_1385_reg_11674592                                                                     |   26|   0|   26|          0|
    |add_ln58_1388_reg_11673557                                                                     |   25|   0|   25|          0|
    |add_ln58_1388_reg_11673557_pp0_iter6_reg                                                       |   25|   0|   25|          0|
    |add_ln58_1393_reg_11673562                                                                     |   26|   0|   26|          0|
    |add_ln58_1393_reg_11673562_pp0_iter6_reg                                                       |   26|   0|   26|          0|
    |add_ln58_1398_reg_11673567                                                                     |   26|   0|   26|          0|
    |add_ln58_1402_reg_11673572                                                                     |   26|   0|   26|          0|
    |add_ln58_1403_reg_11674597                                                                     |   27|   0|   27|          0|
    |add_ln58_1407_reg_11673577                                                                     |   25|   0|   25|          0|
    |add_ln58_1408_reg_11673582                                                                     |   24|   0|   24|          0|
    |add_ln58_1410_reg_11673587                                                                     |   24|   0|   24|          0|
    |add_ln58_1412_reg_11674602                                                                     |   26|   0|   26|          0|
    |add_ln58_1415_reg_11673592                                                                     |   24|   0|   24|          0|
    |add_ln58_141_reg_11670312                                                                      |   27|   0|   27|          0|
    |add_ln58_1420_reg_11673597                                                                     |   23|   0|   23|          0|
    |add_ln58_1421_reg_11674607                                                                     |   25|   0|   25|          0|
    |add_ln58_1424_reg_11673602                                                                     |   25|   0|   25|          0|
    |add_ln58_1424_reg_11673602_pp0_iter6_reg                                                       |   25|   0|   25|          0|
    |add_ln58_1427_reg_11673607                                                                     |   25|   0|   25|          0|
    |add_ln58_1427_reg_11673607_pp0_iter6_reg                                                       |   25|   0|   25|          0|
    |add_ln58_1430_reg_11673612                                                                     |   25|   0|   25|          0|
    |add_ln58_1432_reg_11673617                                                                     |   25|   0|   25|          0|
    |add_ln58_1433_reg_11674612                                                                     |   26|   0|   26|          0|
    |add_ln58_1436_reg_11673622                                                                     |   25|   0|   25|          0|
    |add_ln58_1438_reg_11673627                                                                     |   25|   0|   25|          0|
    |add_ln58_1441_reg_11673632                                                                     |   24|   0|   24|          0|
    |add_ln58_1444_reg_11673637                                                                     |   24|   0|   24|          0|
    |add_ln58_1446_reg_11674617                                                                     |   27|   0|   27|          0|
    |add_ln58_1449_reg_11673642                                                                     |   24|   0|   24|          0|
    |add_ln58_1451_reg_11673647                                                                     |   24|   0|   24|          0|
    |add_ln58_1454_reg_11673652                                                                     |   24|   0|   24|          0|
    |add_ln58_1457_reg_11674622                                                                     |   26|   0|   26|          0|
    |add_ln58_1462_reg_11673662                                                                     |   24|   0|   24|          0|
    |add_ln58_1464_reg_11673667                                                                     |   23|   0|   23|          0|
    |add_ln58_1465_reg_11672752                                                                     |   21|   0|   22|          1|
    |add_ln58_1467_reg_11673672                                                                     |   23|   0|   23|          0|
    |add_ln58_1469_reg_11674627                                                                     |   25|   0|   25|          0|
    |add_ln58_1472_reg_11674632                                                                     |   27|   0|   27|          0|
    |add_ln58_1475_reg_11673677                                                                     |   26|   0|   26|          0|
    |add_ln58_1476_reg_11674637                                                                     |   27|   0|   27|          0|
    |add_ln58_1479_reg_11673682                                                                     |   26|   0|   26|          0|
    |add_ln58_1482_reg_11673687                                                                     |   26|   0|   26|          0|
    |add_ln58_1483_reg_11674642                                                                     |   27|   0|   27|          0|
    |add_ln58_1486_reg_11673692                                                                     |   25|   0|   25|          0|
    |add_ln58_1489_reg_11673697                                                                     |   26|   0|   26|          0|
    |add_ln58_148_reg_11669239                                                                      |   23|   0|   23|          0|
    |add_ln58_1492_reg_11673702                                                                     |   26|   0|   26|          0|
    |add_ln58_1495_reg_11673707                                                                     |   26|   0|   26|          0|
    |add_ln58_1497_reg_11674647                                                                     |   28|   0|   28|          0|
    |add_ln58_1500_reg_11673712                                                                     |   25|   0|   25|          0|
    |add_ln58_1503_reg_11673717                                                                     |   25|   0|   25|          0|
    |add_ln58_150_reg_11670317                                                                      |   27|   0|   27|          0|
    |add_ln58_1510_reg_11673722                                                                     |   25|   0|   25|          0|
    |add_ln58_1513_reg_11673727                                                                     |   24|   0|   24|          0|
    |add_ln58_1515_reg_11672757                                                                     |   23|   0|   23|          0|
    |add_ln58_1516_reg_11673732                                                                     |   24|   0|   24|          0|
    |add_ln58_1522_reg_11673737                                                                     |   23|   0|   23|          0|
    |add_ln58_1524_reg_11674652                                                                     |   27|   0|   27|          0|
    |add_ln58_1527_reg_11673742                                                                     |   26|   0|   26|          0|
    |add_ln58_1531_reg_11673747                                                                     |   25|   0|   25|          0|
    |add_ln58_1533_reg_11673752                                                                     |   26|   0|   26|          0|
    |add_ln58_1535_reg_11674657                                                                     |   31|   0|   31|          0|
    |add_ln58_1537_reg_11673757                                                                     |   26|   0|   26|          0|
    |add_ln58_1539_reg_11673762                                                                     |   26|   0|   26|          0|
    |add_ln58_1544_reg_11672762                                                                     |   25|   0|   25|          0|
    |add_ln58_1545_reg_11673767                                                                     |   26|   0|   26|          0|
    |add_ln58_1546_reg_11674662                                                                     |   27|   0|   27|          0|
    |add_ln58_1549_reg_11673772                                                                     |   25|   0|   25|          0|
    |add_ln58_1551_reg_11673777                                                                     |   25|   0|   25|          0|
    |add_ln58_1554_reg_11673782                                                                     |   24|   0|   24|          0|
    |add_ln58_1556_reg_11673787                                                                     |   24|   0|   24|          0|
    |add_ln58_1558_reg_11674667                                                                     |   26|   0|   26|          0|
    |add_ln58_155_reg_11669244                                                                      |   20|   0|   22|          2|
    |add_ln58_1563_reg_11673792                                                                     |   24|   0|   24|          0|
    |add_ln58_1565_reg_11673797                                                                     |   21|   0|   22|          1|
    |add_ln58_1567_reg_11673802                                                                     |   19|   0|   20|          1|
    |add_ln58_1569_reg_11674672                                                                     |   25|   0|   25|          0|
    |add_ln58_1572_reg_11673807                                                                     |   27|   0|   27|          0|
    |add_ln58_1576_reg_11673812                                                                     |   26|   0|   26|          0|
    |add_ln58_1579_reg_11673817                                                                     |   26|   0|   26|          0|
    |add_ln58_157_reg_11670322                                                                      |   26|   0|   26|          0|
    |add_ln58_1582_reg_11673822                                                                     |   26|   0|   26|          0|
    |add_ln58_1584_reg_11674677                                                                     |   31|   0|   31|          0|
    |add_ln58_1586_reg_11673827                                                                     |   26|   0|   26|          0|
    |add_ln58_1589_reg_11673832                                                                     |   26|   0|   26|          0|
    |add_ln58_158_reg_11670327                                                                      |   26|   0|   26|          0|
    |add_ln58_1593_reg_11673837                                                                     |   26|   0|   26|          0|
    |add_ln58_1596_reg_11673842                                                                     |   26|   0|   26|          0|
    |add_ln58_1598_reg_11674682                                                                     |   28|   0|   28|          0|
    |add_ln58_15_reg_11668286                                                                       |   21|   0|   22|          1|
    |add_ln58_1601_reg_11673847                                                                     |   25|   0|   25|          0|
    |add_ln58_1604_reg_11673852                                                                     |   26|   0|   26|          0|
    |add_ln58_1605_reg_11674687                                                                     |   27|   0|   27|          0|
    |add_ln58_1608_reg_11672767                                                                     |   25|   0|   25|          0|
    |add_ln58_1611_reg_11674692                                                                     |   25|   0|   25|          0|
    |add_ln58_1615_reg_11673857                                                                     |   24|   0|   24|          0|
    |add_ln58_1618_reg_11673862                                                                     |   24|   0|   24|          0|
    |add_ln58_161_reg_11670332                                                                      |   26|   0|   26|          0|
    |add_ln58_1621_reg_11673867                                                                     |   21|   0|   21|          0|
    |add_ln58_1625_reg_11673872                                                                     |   20|   0|   20|          0|
    |add_ln58_1627_reg_11674697                                                                     |   25|   0|   25|          0|
    |add_ln58_1635_reg_11672772                                                                     |   27|   0|   27|          0|
    |add_ln58_1635_reg_11672772_pp0_iter5_reg                                                       |   27|   0|   27|          0|
    |add_ln58_1639_reg_11673877                                                                     |   27|   0|   27|          0|
    |add_ln58_1643_reg_11673882                                                                     |   27|   0|   27|          0|
    |add_ln58_1645_reg_11674702                                                                     |   31|   0|   31|          0|
    |add_ln58_1652_reg_11673887                                                                     |   27|   0|   27|          0|
    |add_ln58_1655_reg_11673892                                                                     |   26|   0|   26|          0|
    |add_ln58_1656_reg_11673897                                                                     |   25|   0|   25|          0|
    |add_ln58_1658_reg_11673902                                                                     |   26|   0|   26|          0|
    |add_ln58_165_reg_11669249                                                                      |   22|   0|   22|          0|
    |add_ln58_1661_reg_11674707                                                                     |   28|   0|   28|          0|
    |add_ln58_1663_reg_11673907                                                                     |   25|   0|   25|          0|
    |add_ln58_1664_reg_11673912                                                                     |   25|   0|   25|          0|
    |add_ln58_1668_reg_11673917                                                                     |   25|   0|   25|          0|
    |add_ln58_1672_reg_11673922                                                                     |   25|   0|   25|          0|
    |add_ln58_1676_reg_11673927                                                                     |   24|   0|   24|          0|
    |add_ln58_1678_reg_11674712                                                                     |   27|   0|   27|          0|
    |add_ln58_167_reg_11670337                                                                      |   25|   0|   25|          0|
    |add_ln58_1681_reg_11673932                                                                     |   24|   0|   24|          0|
    |add_ln58_1684_reg_11673937                                                                     |   24|   0|   24|          0|
    |add_ln58_1687_reg_11672777                                                                     |   21|   0|   22|          1|
    |add_ln58_1688_reg_11673942                                                                     |   23|   0|   23|          0|
    |add_ln58_1690_reg_11672782                                                                     |   19|   0|   19|          0|
    |add_ln58_1692_reg_11673947                                                                     |   22|   0|   22|          0|
    |add_ln58_1694_reg_11674717                                                                     |   25|   0|   25|          0|
    |add_ln58_1698_reg_11674722                                                                     |   31|   0|   31|          0|
    |add_ln58_169_reg_11670342                                                                      |   25|   0|   25|          0|
    |add_ln58_1700_reg_11673952                                                                     |   26|   0|   26|          0|
    |add_ln58_1700_reg_11673952_pp0_iter6_reg                                                       |   26|   0|   26|          0|
    |add_ln58_1703_reg_11674727                                                                     |   26|   0|   26|          0|
    |add_ln58_1705_reg_11673957                                                                     |   26|   0|   26|          0|
    |add_ln58_1706_reg_11674732                                                                     |   27|   0|   27|          0|
    |add_ln58_1710_reg_11673962                                                                     |   26|   0|   26|          0|
    |add_ln58_1712_reg_11673967                                                                     |   25|   0|   25|          0|
    |add_ln58_1715_reg_11673972                                                                     |   26|   0|   26|          0|
    |add_ln58_1718_reg_11673977                                                                     |   26|   0|   26|          0|
    |add_ln58_1720_reg_11674737                                                                     |   28|   0|   28|          0|
    |add_ln58_1724_reg_11672787                                                                     |   24|   0|   24|          0|
    |add_ln58_1726_reg_11673982                                                                     |   26|   0|   26|          0|
    |add_ln58_1728_reg_11673987                                                                     |   25|   0|   25|          0|
    |add_ln58_172_reg_11670347                                                                      |   26|   0|   26|          0|
    |add_ln58_1731_reg_11673992                                                                     |   25|   0|   25|          0|
    |add_ln58_1735_reg_11673997                                                                     |   24|   0|   24|          0|
    |add_ln58_1737_reg_11674002                                                                     |   24|   0|   24|          0|
    |add_ln58_1740_reg_11674007                                                                     |   22|   0|   22|          0|
    |add_ln58_1742_reg_11674012                                                                     |   20|   0|   21|          1|
    |add_ln58_1745_reg_11674742                                                                     |   27|   0|   27|          0|
    |add_ln58_1747_reg_11670972                                                                     |   28|   0|   28|          0|
    |add_ln58_174_reg_11670352                                                                      |   25|   0|   25|          0|
    |add_ln58_1751_reg_11670977                                                                     |   27|   0|   27|          0|
    |add_ln58_1758_reg_11669309                                                                     |   23|   0|   23|          0|
    |add_ln58_1759_reg_11670982                                                                     |   26|   0|   26|          0|
    |add_ln58_1760_reg_11672792                                                                     |   29|   0|   29|          0|
    |add_ln58_1762_reg_11672797                                                                     |   27|   0|   27|          0|
    |add_ln58_1766_reg_11672802                                                                     |   27|   0|   27|          0|
    |add_ln58_1770_reg_11672807                                                                     |   27|   0|   27|          0|
    |add_ln58_1773_reg_11672812                                                                     |   27|   0|   27|          0|
    |add_ln58_1778_reg_11672817                                                                     |   26|   0|   26|          0|
    |add_ln58_1781_reg_11672822                                                                     |   26|   0|   26|          0|
    |add_ln58_1785_reg_11672827                                                                     |   25|   0|   25|          0|
    |add_ln58_1787_reg_11670987                                                                     |   22|   0|   22|          0|
    |add_ln58_1789_reg_11672832                                                                     |   24|   0|   24|          0|
    |add_ln58_1792_reg_11674017                                                                     |   30|   0|   30|          0|
    |add_ln58_1793_reg_11674022                                                                     |   28|   0|   28|          0|
    |add_ln58_1796_reg_11674027                                                                     |   28|   0|   28|          0|
    |add_ln58_1802_reg_11672837                                                                     |   27|   0|   27|          0|
    |add_ln58_1803_reg_11674032                                                                     |   28|   0|   28|          0|
    |add_ln58_1806_reg_11672842                                                                     |   26|   0|   26|          0|
    |add_ln58_1809_reg_11672847                                                                     |   27|   0|   27|          0|
    |add_ln58_180_reg_11670357                                                                      |   24|   0|   24|          0|
    |add_ln58_1810_reg_11674037                                                                     |   28|   0|   28|          0|
    |add_ln58_1814_reg_11672852                                                                     |   25|   0|   25|          0|
    |add_ln58_1816_reg_11674042                                                                     |   27|   0|   27|          0|
    |add_ln58_1820_reg_11672857                                                                     |   26|   0|   26|          0|
    |add_ln58_1822_reg_11672862                                                                     |   26|   0|   26|          0|
    |add_ln58_1825_reg_11672867                                                                     |   26|   0|   26|          0|
    |add_ln58_1828_reg_11672872                                                                     |   26|   0|   26|          0|
    |add_ln58_182_reg_11670362                                                                      |   23|   0|   23|          0|
    |add_ln58_1831_reg_11672877                                                                     |   25|   0|   25|          0|
    |add_ln58_1833_reg_11672882                                                                     |   25|   0|   25|          0|
    |add_ln58_1834_reg_11672887                                                                     |   25|   0|   25|          0|
    |add_ln58_1840_reg_11670992                                                                     |   21|   0|   22|          1|
    |add_ln58_1842_reg_11672892                                                                     |   25|   0|   25|          0|
    |add_ln58_1844_reg_11674047                                                                     |   28|   0|   28|          0|
    |add_ln58_1845_reg_11674747                                                                     |   31|   0|   31|          0|
    |add_ln58_1848_reg_11674752                                                                     |   26|   0|   26|          0|
    |add_ln58_1852_reg_11674052                                                                     |   26|   0|   26|          0|
    |add_ln58_1853_reg_11674757                                                                     |   27|   0|   27|          0|
    |add_ln58_1855_reg_11674057                                                                     |   26|   0|   26|          0|
    |add_ln58_1857_reg_11674062                                                                     |   26|   0|   26|          0|
    |add_ln58_1862_reg_11674067                                                                     |   26|   0|   26|          0|
    |add_ln58_1863_reg_11674762                                                                     |   28|   0|   28|          0|
    |add_ln58_1868_reg_11674072                                                                     |   25|   0|   25|          0|
    |add_ln58_1869_reg_11674077                                                                     |   24|   0|   24|          0|
    |add_ln58_186_reg_11670367                                                                      |   28|   0|   28|          0|
    |add_ln58_1871_reg_11674082                                                                     |   24|   0|   24|          0|
    |add_ln58_1873_reg_11674767                                                                     |   26|   0|   26|          0|
    |add_ln58_1877_reg_11674087                                                                     |   24|   0|   24|          0|
    |add_ln58_1878_reg_11674092                                                                     |   22|   0|   22|          0|
    |add_ln58_1879_reg_11674097                                                                     |   20|   0|   21|          1|
    |add_ln58_1881_reg_11674772                                                                     |   25|   0|   25|          0|
    |add_ln58_1885_reg_11674777                                                                     |   31|   0|   31|          0|
    |add_ln58_1886_reg_11674102                                                                     |   26|   0|   26|          0|
    |add_ln58_1888_reg_11674782                                                                     |   27|   0|   27|          0|
    |add_ln58_1892_reg_11674107                                                                     |   26|   0|   26|          0|
    |add_ln58_1895_reg_11674112                                                                     |   26|   0|   26|          0|
    |add_ln58_1896_reg_11674787                                                                     |   27|   0|   27|          0|
    |add_ln58_1899_reg_11674117                                                                     |   25|   0|   25|          0|
    |add_ln58_189_reg_11670372                                                                      |   27|   0|   27|          0|
    |add_ln58_1902_reg_11674122                                                                     |   26|   0|   26|          0|
    |add_ln58_1906_reg_11674127                                                                     |   26|   0|   26|          0|
    |add_ln58_1909_reg_11674132                                                                     |   25|   0|   25|          0|
    |add_ln58_1911_reg_11674792                                                                     |   28|   0|   28|          0|
    |add_ln58_1914_reg_11674137                                                                     |   25|   0|   25|          0|
    |add_ln58_1917_reg_11674142                                                                     |   25|   0|   25|          0|
    |add_ln58_1921_reg_11674147                                                                     |   25|   0|   25|          0|
    |add_ln58_1924_reg_11674152                                                                     |   25|   0|   25|          0|
    |add_ln58_1929_reg_11672897                                                                     |   22|   0|   22|          0|
    |add_ln58_1930_reg_11672902                                                                     |   23|   0|   23|          0|
    |add_ln58_1936_reg_11672907                                                                     |   20|   0|   21|          1|
    |add_ln58_1937_reg_11672912                                                                     |   20|   0|   20|          0|
    |add_ln58_1940_reg_11674157                                                                     |   25|   0|   25|          0|
    |add_ln58_1941_reg_11674797                                                                     |   27|   0|   27|          0|
    |add_ln58_1943_reg_11674802                                                                     |   27|   0|   27|          0|
    |add_ln58_1946_reg_11674807                                                                     |   27|   0|   27|          0|
    |add_ln58_1948_reg_11674162                                                                     |   26|   0|   26|          0|
    |add_ln58_194_reg_11669254                                                                      |   20|   0|   20|          0|
    |add_ln58_1950_reg_11674167                                                                     |   25|   0|   25|          0|
    |add_ln58_1952_reg_11674812                                                                     |   27|   0|   27|          0|
    |add_ln58_1955_reg_11674172                                                                     |   26|   0|   26|          0|
    |add_ln58_1957_reg_11674177                                                                     |   25|   0|   25|          0|
    |add_ln58_1960_reg_11674182                                                                     |   26|   0|   26|          0|
    |add_ln58_1962_reg_11674187                                                                     |   26|   0|   26|          0|
    |add_ln58_1964_reg_11674817                                                                     |   28|   0|   28|          0|
    |add_ln58_1967_reg_11674192                                                                     |   25|   0|   25|          0|
    |add_ln58_1969_reg_11674197                                                                     |   24|   0|   24|          0|
    |add_ln58_196_reg_11670377                                                                      |   26|   0|   26|          0|
    |add_ln58_1972_reg_11674202                                                                     |   25|   0|   25|          0|
    |add_ln58_1974_reg_11674207                                                                     |   25|   0|   25|          0|
    |add_ln58_1978_reg_11674212                                                                     |   24|   0|   24|          0|
    |add_ln58_1980_reg_11674217                                                                     |   24|   0|   24|          0|
    |add_ln58_1983_reg_11674222                                                                     |   22|   0|   22|          0|
    |add_ln58_1985_reg_11674227                                                                     |   21|   0|   21|          0|
    |add_ln58_1988_reg_11674822                                                                     |   27|   0|   27|          0|
    |add_ln58_1990_reg_11672917                                                                     |   25|   0|   25|          0|
    |add_ln58_1993_reg_11672922                                                                     |   25|   0|   25|          0|
    |add_ln58_1999_reg_11672927                                                                     |   26|   0|   26|          0|
    |add_ln58_199_reg_11670382                                                                      |   27|   0|   27|          0|
    |add_ln58_19_reg_11669089                                                                       |   25|   0|   25|          0|
    |add_ln58_2000_reg_11674232                                                                     |   29|   0|   29|          0|
    |add_ln58_2002_reg_11672932                                                                     |   25|   0|   25|          0|
    |add_ln58_2004_reg_11672937                                                                     |   25|   0|   25|          0|
    |add_ln58_2006_reg_11672942                                                                     |   25|   0|   25|          0|
    |add_ln58_2008_reg_11672947                                                                     |   25|   0|   25|          0|
    |add_ln58_200_reg_11670387                                                                      |   24|   0|   24|          0|
    |add_ln58_2010_reg_11674237                                                                     |   27|   0|   27|          0|
    |add_ln58_2013_reg_11672952                                                                     |   24|   0|   24|          0|
    |add_ln58_2014_reg_11672957                                                                     |   24|   0|   24|          0|
    |add_ln58_2018_reg_11672962                                                                     |   24|   0|   24|          0|
    |add_ln58_2020_reg_11672967                                                                     |   24|   0|   24|          0|
    |add_ln58_2022_reg_11674242                                                                     |   26|   0|   26|          0|
    |add_ln58_2024_reg_11672972                                                                     |   23|   0|   23|          0|
    |add_ln58_2026_reg_11672977                                                                     |   23|   0|   23|          0|
    |add_ln58_2032_reg_11672982                                                                     |   22|   0|   22|          0|
    |add_ln58_2033_reg_11674247                                                                     |   24|   0|   24|          0|
    |add_ln58_2035_reg_11674827                                                                     |   29|   0|   29|          0|
    |add_ln58_2036_reg_11674252                                                                     |   25|   0|   25|          0|
    |add_ln58_2036_reg_11674252_pp0_iter6_reg                                                       |   25|   0|   25|          0|
    |add_ln58_2040_reg_11674257                                                                     |   26|   0|   26|          0|
    |add_ln58_2040_reg_11674257_pp0_iter6_reg                                                       |   26|   0|   26|          0|
    |add_ln58_2043_reg_11674262                                                                     |   25|   0|   25|          0|
    |add_ln58_2046_reg_11674267                                                                     |   26|   0|   26|          0|
    |add_ln58_2047_reg_11674832                                                                     |   27|   0|   27|          0|
    |add_ln58_204_reg_11670392                                                                      |   24|   0|   24|          0|
    |add_ln58_2050_reg_11674272                                                                     |   25|   0|   25|          0|
    |add_ln58_2053_reg_11674277                                                                     |   25|   0|   25|          0|
    |add_ln58_2056_reg_11674282                                                                     |   25|   0|   25|          0|
    |add_ln58_2059_reg_11674287                                                                     |   25|   0|   25|          0|
    |add_ln58_2061_reg_11674837                                                                     |   27|   0|   27|          0|
    |add_ln58_2064_reg_11674292                                                                     |   24|   0|   24|          0|
    |add_ln58_2067_reg_11674297                                                                     |   24|   0|   24|          0|
    |add_ln58_206_reg_11670397                                                                      |   23|   0|   23|          0|
    |add_ln58_2073_reg_11674302                                                                     |   24|   0|   24|          0|
    |add_ln58_2075_reg_11674307                                                                     |   22|   0|   22|          0|
    |add_ln58_2076_reg_11674312                                                                     |   22|   0|   22|          0|
    |add_ln58_2077_reg_11674317                                                                     |   21|   0|   22|          1|
    |add_ln58_2080_reg_11674322                                                                     |   20|   0|   21|          1|
    |add_ln58_2083_reg_11674327                                                                     |   21|   0|   21|          0|
    |add_ln58_2086_reg_11674842                                                                     |   26|   0|   26|          0|
    |add_ln58_2089_reg_11670997                                                                     |   27|   0|   27|          0|
    |add_ln58_2092_reg_11671002                                                                     |   25|   0|   25|          0|
    |add_ln58_2094_reg_11671007                                                                     |   23|   0|   23|          0|
    |add_ln58_2095_reg_11671012                                                                     |   22|   0|   24|          2|
    |add_ln58_2097_reg_11671017                                                                     |   21|   0|   21|          0|
    |add_ln58_209_reg_11670402                                                                      |   25|   0|   25|          0|
    |add_ln58_2103_reg_11671022                                                                     |   25|   0|   25|          0|
    |add_ln58_2104_reg_11672987                                                                     |   28|   0|   28|          0|
    |add_ln58_2105_reg_11671027                                                                     |   24|   0|   24|          0|
    |add_ln58_2107_reg_11671032                                                                     |   24|   0|   24|          0|
    |add_ln58_2109_reg_11672992                                                                     |   26|   0|   26|          0|
    |add_ln58_2112_reg_11671037                                                                     |   24|   0|   24|          0|
    |add_ln58_2114_reg_11671042                                                                     |   24|   0|   24|          0|
    |add_ln58_2117_reg_11671047                                                                     |   23|   0|   23|          0|
    |add_ln58_2121_reg_11672997                                                                     |   25|   0|   25|          0|
    |add_ln58_2123_reg_11673002                                                                     |   25|   0|   25|          0|
    |add_ln58_2127_reg_11673007                                                                     |   26|   0|   26|          0|
    |add_ln58_2130_reg_11673012                                                                     |   25|   0|   25|          0|
    |add_ln58_2133_reg_11673017                                                                     |   25|   0|   25|          0|
    |add_ln58_2135_reg_11674332                                                                     |   29|   0|   29|          0|
    |add_ln58_2137_reg_11673022                                                                     |   25|   0|   25|          0|
    |add_ln58_2140_reg_11673027                                                                     |   25|   0|   25|          0|
    |add_ln58_2143_reg_11673032                                                                     |   25|   0|   25|          0|
    |add_ln58_2146_reg_11673037                                                                     |   25|   0|   25|          0|
    |add_ln58_2148_reg_11674337                                                                     |   27|   0|   27|          0|
    |add_ln58_2151_reg_11673042                                                                     |   24|   0|   24|          0|
    |add_ln58_2154_reg_11673047                                                                     |   24|   0|   24|          0|
    |add_ln58_2157_reg_11673052                                                                     |   24|   0|   24|          0|
    |add_ln58_2160_reg_11673057                                                                     |   24|   0|   24|          0|
    |add_ln58_2162_reg_11674342                                                                     |   26|   0|   26|          0|
    |add_ln58_2164_reg_11673062                                                                     |   23|   0|   23|          0|
    |add_ln58_2167_reg_11673067                                                                     |   23|   0|   23|          0|
    |add_ln58_2169_reg_11673072                                                                     |   22|   0|   22|          0|
    |add_ln58_216_reg_11669259                                                                      |   20|   0|   21|          1|
    |add_ln58_2170_reg_11671057                                                                     |   20|   0|   20|          0|
    |add_ln58_2171_reg_11673077                                                                     |   21|   0|   21|          0|
    |add_ln58_2173_reg_11674347                                                                     |   25|   0|   25|          0|
    |add_ln58_2175_reg_11674847                                                                     |   29|   0|   29|          0|
    |add_ln58_2178_reg_11674352                                                                     |   25|   0|   25|          0|
    |add_ln58_2178_reg_11674352_pp0_iter6_reg                                                       |   25|   0|   25|          0|
    |add_ln58_217_reg_11670407                                                                      |   24|   0|   24|          0|
    |add_ln58_2183_reg_11674357                                                                     |   26|   0|   26|          0|
    |add_ln58_2183_reg_11674357_pp0_iter6_reg                                                       |   26|   0|   26|          0|
    |add_ln58_2185_reg_11674362                                                                     |   25|   0|   25|          0|
    |add_ln58_2187_reg_11674367                                                                     |   25|   0|   25|          0|
    |add_ln58_2189_reg_11673082                                                                     |   17|   0|   17|          0|
    |add_ln58_2191_reg_11674372                                                                     |   24|   0|   24|          0|
    |add_ln58_2193_reg_11674852                                                                     |   26|   0|   26|          0|
    |add_ln58_2195_reg_11674377                                                                     |   23|   0|   23|          0|
    |add_ln58_2197_reg_11674382                                                                     |   24|   0|   24|          0|
    |add_ln58_2199_reg_11674387                                                                     |   23|   0|   23|          0|
    |add_ln58_219_reg_11670412                                                                      |   26|   0|   26|          0|
    |add_ln58_21_reg_11669094                                                                       |   24|   0|   24|          0|
    |add_ln58_2204_reg_11673087                                                                     |   22|   0|   22|          0|
    |add_ln58_2206_reg_11674397                                                                     |   24|   0|   24|          0|
    |add_ln58_2207_reg_11674402                                                                     |   20|   0|   20|          0|
    |add_ln58_2210_reg_11674407                                                                     |   20|   0|   20|          0|
    |add_ln58_2213_reg_11674857                                                                     |   26|   0|   26|          0|
    |add_ln58_2215_reg_11674412                                                                     |   25|   0|   25|          0|
    |add_ln58_2219_reg_11674417                                                                     |   26|   0|   26|          0|
    |add_ln58_2224_reg_11673092                                                                     |   24|   0|   24|          0|
    |add_ln58_2226_reg_11674422                                                                     |   26|   0|   26|          0|
    |add_ln58_2227_reg_11674862                                                                     |   30|   0|   30|          0|
    |add_ln58_2229_reg_11674427                                                                     |   25|   0|   25|          0|
    |add_ln58_222_reg_11670417                                                                      |   26|   0|   26|          0|
    |add_ln58_2232_reg_11674432                                                                     |   25|   0|   25|          0|
    |add_ln58_2233_reg_11674867                                                                     |   26|   0|   26|          0|
    |add_ln58_2235_reg_11673097                                                                     |   23|   0|   24|          1|
    |add_ln58_2236_reg_11674437                                                                     |   25|   0|   25|          0|
    |add_ln58_2237_reg_11674442                                                                     |   23|   0|   24|          1|
    |add_ln58_2238_reg_11674447                                                                     |   23|   0|   23|          0|
    |add_ln58_2240_reg_11674872                                                                     |   26|   0|   26|          0|
    |add_ln58_2244_reg_11674452                                                                     |   24|   0|   24|          0|
    |add_ln58_2247_reg_11674457                                                                     |   24|   0|   24|          0|
    |add_ln58_224_reg_11670422                                                                      |   24|   0|   24|          0|
    |add_ln58_2251_reg_11674462                                                                     |   24|   0|   24|          0|
    |add_ln58_2254_reg_11674467                                                                     |   23|   0|   23|          0|
    |add_ln58_2258_reg_11674477                                                                     |   23|   0|   23|          0|
    |add_ln58_2261_reg_11674482                                                                     |   22|   0|   22|          0|
    |add_ln58_2264_reg_11674487                                                                     |   21|   0|   21|          0|
    |add_ln58_2267_reg_11674877                                                                     |   26|   0|   26|          0|
    |add_ln58_227_reg_11670427                                                                      |   24|   0|   24|          0|
    |add_ln58_234_reg_11669264                                                                      |   22|   0|   22|          0|
    |add_ln58_236_reg_11670432                                                                      |   25|   0|   25|          0|
    |add_ln58_238_reg_11670437                                                                      |   26|   0|   26|          0|
    |add_ln58_241_reg_11670442                                                                      |   26|   0|   26|          0|
    |add_ln58_244_reg_11670447                                                                      |   25|   0|   25|          0|
    |add_ln58_246_reg_11670452                                                                      |   24|   0|   24|          0|
    |add_ln58_249_reg_11670457                                                                      |   25|   0|   25|          0|
    |add_ln58_24_reg_11669099                                                                       |   25|   0|   25|          0|
    |add_ln58_252_reg_11670462                                                                      |   25|   0|   25|          0|
    |add_ln58_255_reg_11670467                                                                      |   24|   0|   24|          0|
    |add_ln58_258_reg_11670472                                                                      |   24|   0|   24|          0|
    |add_ln58_266_reg_11669269                                                                      |   23|   0|   23|          0|
    |add_ln58_268_reg_11670477                                                                      |   25|   0|   25|          0|
    |add_ln58_271_reg_11669274                                                                      |   17|   0|   17|          0|
    |add_ln58_275_reg_11670482                                                                      |   25|   0|   25|          0|
    |add_ln58_278_reg_11669279                                                                      |   22|   0|   22|          0|
    |add_ln58_27_reg_11669104                                                                       |   26|   0|   26|          0|
    |add_ln58_283_reg_11670487                                                                      |   24|   0|   24|          0|
    |add_ln58_284_reg_11671702                                                                      |   27|   0|   27|          0|
    |add_ln58_287_reg_11670492                                                                      |   26|   0|   26|          0|
    |add_ln58_290_reg_11670497                                                                      |   26|   0|   26|          0|
    |add_ln58_292_reg_11670502                                                                      |   26|   0|   26|          0|
    |add_ln58_296_reg_11670507                                                                      |   26|   0|   26|          0|
    |add_ln58_298_reg_11670512                                                                      |   25|   0|   25|          0|
    |add_ln58_29_reg_11669109                                                                       |   27|   0|   27|          0|
    |add_ln58_2_reg_11668261                                                                        |   21|   0|   21|          0|
    |add_ln58_300_reg_11670517                                                                      |   23|   0|   23|          0|
    |add_ln58_302_reg_11670522                                                                      |   20|   0|   20|          0|
    |add_ln58_305_reg_11671707                                                                      |   29|   0|   29|          0|
    |add_ln58_309_reg_11670527                                                                      |   25|   0|   25|          0|
    |add_ln58_30_reg_11669114                                                                       |   25|   0|   25|          0|
    |add_ln58_310_reg_11670532                                                                      |   25|   0|   25|          0|
    |add_ln58_317_reg_11670537                                                                      |   23|   0|   23|          0|
    |add_ln58_319_reg_11671712                                                                      |   29|   0|   29|          0|
    |add_ln58_322_reg_11671717                                                                      |   29|   0|   29|          0|
    |add_ln58_325_reg_11671722                                                                      |   26|   0|   26|          0|
    |add_ln58_328_reg_11670542                                                                      |   24|   0|   24|          0|
    |add_ln58_330_reg_11670547                                                                      |   24|   0|   24|          0|
    |add_ln58_332_reg_11670552                                                                      |   22|   0|   23|          1|
    |add_ln58_334_reg_11671727                                                                      |   26|   0|   26|          0|
    |add_ln58_338_reg_11670557                                                                      |   25|   0|   25|          0|
    |add_ln58_33_reg_11669119                                                                       |   25|   0|   25|          0|
    |add_ln58_342_reg_11670562                                                                      |   26|   0|   26|          0|
    |add_ln58_344_reg_11670567                                                                      |   26|   0|   26|          0|
    |add_ln58_351_reg_11670572                                                                      |   26|   0|   26|          0|
    |add_ln58_357_reg_11670577                                                                      |   25|   0|   25|          0|
    |add_ln58_359_reg_11671732                                                                      |   29|   0|   29|          0|
    |add_ln58_361_reg_11670582                                                                      |   26|   0|   26|          0|
    |add_ln58_365_reg_11670587                                                                      |   26|   0|   26|          0|
    |add_ln58_367_reg_11670592                                                                      |   26|   0|   26|          0|
    |add_ln58_36_reg_11669124                                                                       |   27|   0|   27|          0|
    |add_ln58_370_reg_11670597                                                                      |   24|   0|   24|          0|
    |add_ln58_372_reg_11670602                                                                      |   24|   0|   24|          0|
    |add_ln58_378_reg_11670607                                                                      |   23|   0|   23|          0|
    |add_ln58_37_reg_11669129                                                                       |   25|   0|   25|          0|
    |add_ln58_380_reg_11671737                                                                      |   29|   0|   29|          0|
    |add_ln58_382_reg_11670612                                                                      |   26|   0|   26|          0|
    |add_ln58_383_reg_11671742                                                                      |   29|   0|   29|          0|
    |add_ln58_385_reg_11670617                                                                      |   24|   0|   24|          0|
    |add_ln58_387_reg_11671747                                                                      |   26|   0|   26|          0|
    |add_ln58_391_reg_11670622                                                                      |   25|   0|   25|          0|
    |add_ln58_392_reg_11670627                                                                      |   23|   0|   23|          0|
    |add_ln58_394_reg_11670632                                                                      |   23|   0|   23|          0|
    |add_ln58_396_reg_11671752                                                                      |   26|   0|   26|          0|
    |add_ln58_400_reg_11671757                                                                      |   29|   0|   29|          0|
    |add_ln58_403_reg_11670637                                                                      |   26|   0|   26|          0|
    |add_ln58_404_reg_11671762                                                                      |   27|   0|   27|          0|
    |add_ln58_407_reg_11670642                                                                      |   24|   0|   24|          0|
    |add_ln58_410_reg_11670647                                                                      |   22|   0|   23|          1|
    |add_ln58_412_reg_11671767                                                                      |   26|   0|   26|          0|
    |add_ln58_417_reg_11671772                                                                      |   28|   0|   28|          0|
    |add_ln58_419_reg_11670652                                                                      |   24|   0|   24|          0|
    |add_ln58_41_reg_11669134                                                                       |   24|   0|   24|          0|
    |add_ln58_421_reg_11671777                                                                      |   26|   0|   26|          0|
    |add_ln58_426_reg_11670657                                                                      |   25|   0|   25|          0|
    |add_ln58_429_reg_11670662                                                                      |   24|   0|   24|          0|
    |add_ln58_42_reg_11669139                                                                       |   24|   0|   24|          0|
    |add_ln58_430_reg_11671782                                                                      |   26|   0|   26|          0|
    |add_ln58_436_reg_11671787                                                                      |   28|   0|   28|          0|
    |add_ln58_437_reg_11670667                                                                      |   24|   0|   24|          0|
    |add_ln58_440_reg_11670672                                                                      |   25|   0|   25|          0|
    |add_ln58_441_reg_11671792                                                                      |   26|   0|   26|          0|
    |add_ln58_444_reg_11670677                                                                      |   24|   0|   24|          0|
    |add_ln58_446_reg_11670682                                                                      |   24|   0|   24|          0|
    |add_ln58_451_reg_11670687                                                                      |   21|   0|   21|          0|
    |add_ln58_453_reg_11671797                                                                      |   26|   0|   26|          0|
    |add_ln58_459_reg_11670692                                                                      |   26|   0|   26|          0|
    |add_ln58_460_reg_11671802                                                                      |   28|   0|   28|          0|
    |add_ln58_461_reg_11670697                                                                      |   24|   0|   24|          0|
    |add_ln58_465_reg_11670702                                                                      |   25|   0|   25|          0|
    |add_ln58_466_reg_11671807                                                                      |   26|   0|   26|          0|
    |add_ln58_468_reg_11670707                                                                      |   23|   0|   23|          0|
    |add_ln58_46_reg_11669144                                                                       |   23|   0|   24|          1|
    |add_ln58_470_reg_11669289                                                                      |   17|   0|   17|          0|
    |add_ln58_471_reg_11670712                                                                      |   23|   0|   23|          0|
    |add_ln58_474_reg_11670717                                                                      |   20|   0|   23|          3|
    |add_ln58_477_reg_11670722                                                                      |   21|   0|   21|          0|
    |add_ln58_478_reg_11670727                                                                      |   20|   0|   20|          0|
    |add_ln58_481_reg_11671812                                                                      |   25|   0|   25|          0|
    |add_ln58_487_reg_11670732                                                                      |   26|   0|   26|          0|
    |add_ln58_488_reg_11671817                                                                      |   28|   0|   28|          0|
    |add_ln58_490_reg_11670737                                                                      |   24|   0|   24|          0|
    |add_ln58_493_reg_11670742                                                                      |   23|   0|   23|          0|
    |add_ln58_495_reg_11671822                                                                      |   26|   0|   26|          0|
    |add_ln58_498_reg_11670747                                                                      |   24|   0|   24|          0|
    |add_ln58_498_reg_11670747_pp0_iter4_reg                                                        |   24|   0|   24|          0|
    |add_ln58_49_reg_11668301                                                                       |   23|   0|   23|          0|
    |add_ln58_4_reg_11668266                                                                        |   20|   0|   20|          0|
    |add_ln58_501_reg_11670752                                                                      |   23|   0|   23|          0|
    |add_ln58_501_reg_11670752_pp0_iter4_reg                                                        |   23|   0|   23|          0|
    |add_ln58_503_reg_11670757                                                                      |   21|   0|   22|          1|
    |add_ln58_504_reg_11670762                                                                      |   21|   0|   22|          1|
    |add_ln58_506_reg_11670767                                                                      |   19|   0|   21|          2|
    |add_ln58_507_reg_11670772                                                                      |   19|   0|   20|          1|
    |add_ln58_509_reg_11671827                                                                      |   23|   0|   24|          1|
    |add_ln58_50_reg_11669149                                                                       |   24|   0|   24|          0|
    |add_ln58_516_reg_11670777                                                                      |   27|   0|   27|          0|
    |add_ln58_517_reg_11671832                                                                      |   29|   0|   29|          0|
    |add_ln58_518_reg_11670782                                                                      |   25|   0|   25|          0|
    |add_ln58_522_reg_11670787                                                                      |   26|   0|   26|          0|
    |add_ln58_523_reg_11671837                                                                      |   27|   0|   27|          0|
    |add_ln58_529_reg_11670792                                                                      |   25|   0|   25|          0|
    |add_ln58_533_reg_11670797                                                                      |   24|   0|   24|          0|
    |add_ln58_536_reg_11670802                                                                      |   21|   0|   22|          1|
    |add_ln58_538_reg_11671842                                                                      |   26|   0|   26|          0|
    |add_ln58_544_reg_11670807                                                                      |   26|   0|   26|          0|
    |add_ln58_545_reg_11671847                                                                      |   28|   0|   28|          0|
    |add_ln58_548_reg_11670812                                                                      |   25|   0|   25|          0|
    |add_ln58_54_reg_11669154                                                                       |   25|   0|   25|          0|
    |add_ln58_550_reg_11670817                                                                      |   23|   0|   23|          0|
    |add_ln58_552_reg_11671852                                                                      |   26|   0|   26|          0|
    |add_ln58_558_reg_11670822                                                                      |   23|   0|   23|          0|
    |add_ln58_564_reg_11670827                                                                      |   20|   0|   20|          0|
    |add_ln58_566_reg_11671857                                                                      |   25|   0|   25|          0|
    |add_ln58_568_reg_11671862                                                                      |   25|   0|   25|          0|
    |add_ln58_572_reg_11671867                                                                      |   26|   0|   26|          0|
    |add_ln58_575_reg_11671872                                                                      |   25|   0|   25|          0|
    |add_ln58_578_reg_11671877                                                                      |   25|   0|   25|          0|
    |add_ln58_582_reg_11670832                                                                      |   24|   0|   24|          0|
    |add_ln58_585_reg_11670837                                                                      |   24|   0|   24|          0|
    |add_ln58_586_reg_11671882                                                                      |   25|   0|   25|          0|
    |add_ln58_587_reg_11670842                                                                      |   23|   0|   23|          0|
    |add_ln58_590_reg_11670847                                                                      |   22|   0|   22|          0|
    |add_ln58_592_reg_11671887                                                                      |   24|   0|   24|          0|
    |add_ln58_594_reg_11673137                                                                      |   28|   0|   28|          0|
    |add_ln58_599_reg_11671892                                                                      |   26|   0|   26|          0|
    |add_ln58_59_reg_11669159                                                                       |   25|   0|   25|          0|
    |add_ln58_601_reg_11671897                                                                      |   27|   0|   27|          0|
    |add_ln58_607_reg_11671902                                                                      |   27|   0|   27|          0|
    |add_ln58_611_reg_11671907                                                                      |   26|   0|   26|          0|
    |add_ln58_614_reg_11671912                                                                      |   25|   0|   25|          0|
    |add_ln58_615_reg_11671917                                                                      |   25|   0|   25|          0|
    |add_ln58_61_reg_11669164                                                                       |   23|   0|   23|          0|
    |add_ln58_620_reg_11671922                                                                      |   25|   0|   25|          0|
    |add_ln58_625_reg_11671927                                                                      |   25|   0|   25|          0|
    |add_ln58_626_reg_11670852                                                                      |   23|   0|   23|          0|
    |add_ln58_627_reg_11670857                                                                      |   20|   0|   21|          1|
    |add_ln58_629_reg_11671932                                                                      |   24|   0|   24|          0|
    |add_ln58_632_reg_11673142                                                                      |   30|   0|   30|          0|
    |add_ln58_633_reg_11671937                                                                      |   27|   0|   27|          0|
    |add_ln58_642_reg_11671942                                                                      |   27|   0|   27|          0|
    |add_ln58_643_reg_11673147                                                                      |   30|   0|   30|          0|
    |add_ln58_645_reg_11671947                                                                      |   26|   0|   26|          0|
    |add_ln58_647_reg_11671952                                                                      |   25|   0|   25|          0|
    |add_ln58_650_reg_11671957                                                                      |   26|   0|   26|          0|
    |add_ln58_652_reg_11671962                                                                      |   26|   0|   26|          0|
    |add_ln58_654_reg_11673152                                                                      |   28|   0|   28|          0|
    |add_ln58_657_reg_11671967                                                                      |   25|   0|   25|          0|
    |add_ln58_659_reg_11671972                                                                      |   24|   0|   24|          0|
    |add_ln58_662_reg_11671977                                                                      |   25|   0|   25|          0|
    |add_ln58_664_reg_11671982                                                                      |   25|   0|   25|          0|
    |add_ln58_66_reg_11669169                                                                       |   24|   0|   24|          0|
    |add_ln58_671_reg_11671987                                                                      |   25|   0|   25|          0|
    |add_ln58_672_reg_11670862                                                                      |   22|   0|   22|          0|
    |add_ln58_674_reg_11670867                                                                      |   22|   0|   22|          0|
    |add_ln58_676_reg_11671992                                                                      |   24|   0|   24|          0|
    |add_ln58_678_reg_11673157                                                                      |   27|   0|   27|          0|
    |add_ln58_67_reg_11670262                                                                       |   27|   0|   27|          0|
    |add_ln58_680_reg_11671997                                                                      |   28|   0|   28|          0|
    |add_ln58_682_reg_11672002                                                                      |   26|   0|   26|          0|
    |add_ln58_686_reg_11672007                                                                      |   26|   0|   26|          0|
    |add_ln58_689_reg_11672012                                                                      |   26|   0|   26|          0|
    |add_ln58_68_reg_11669174                                                                       |   24|   0|   24|          0|
    |add_ln58_691_reg_11673162                                                                      |   30|   0|   30|          0|
    |add_ln58_693_reg_11672017                                                                      |   26|   0|   26|          0|
    |add_ln58_696_reg_11672022                                                                      |   26|   0|   26|          0|
    |add_ln58_699_reg_11672027                                                                      |   26|   0|   26|          0|
    |add_ln58_702_reg_11672032                                                                      |   26|   0|   26|          0|
    |add_ln58_704_reg_11673167                                                                      |   28|   0|   28|          0|
    |add_ln58_707_reg_11672037                                                                      |   25|   0|   25|          0|
    |add_ln58_709_reg_11672042                                                                      |   25|   0|   25|          0|
    |add_ln58_712_reg_11672047                                                                      |   25|   0|   25|          0|
    |add_ln58_715_reg_11672052                                                                      |   25|   0|   25|          0|
    |add_ln58_718_reg_11670872                                                                      |   17|   0|   24|          7|
    |add_ln58_719_reg_11672057                                                                      |   25|   0|   25|          0|
    |add_ln58_722_reg_11672062                                                                      |   24|   0|   24|          0|
    |add_ln58_725_reg_11672067                                                                      |   22|   0|   22|          0|
    |add_ln58_727_reg_11670877                                                                      |   20|   0|   21|          1|
    |add_ln58_728_reg_11672072                                                                      |   21|   0|   22|          1|
    |add_ln58_72_reg_11670267                                                                       |   28|   0|   28|          0|
    |add_ln58_731_reg_11673172                                                                      |   27|   0|   27|          0|
    |add_ln58_735_reg_11672077                                                                      |   25|   0|   25|          0|
    |add_ln58_741_reg_11672082                                                                      |   26|   0|   26|          0|
    |add_ln58_742_reg_11673177                                                                      |   29|   0|   29|          0|
    |add_ln58_744_reg_11672087                                                                      |   25|   0|   25|          0|
    |add_ln58_746_reg_11672092                                                                      |   25|   0|   25|          0|
    |add_ln58_749_reg_11672097                                                                      |   25|   0|   25|          0|
    |add_ln58_751_reg_11672102                                                                      |   24|   0|   24|          0|
    |add_ln58_753_reg_11673182                                                                      |   27|   0|   27|          0|
    |add_ln58_758_reg_11672107                                                                      |   25|   0|   25|          0|
    |add_ln58_75_reg_11670272                                                                       |   26|   0|   26|          0|
    |add_ln58_760_reg_11670882                                                                      |   24|   0|   24|          0|
    |add_ln58_761_reg_11670887                                                                      |   23|   0|   23|          0|
    |add_ln58_763_reg_11672112                                                                      |   25|   0|   25|          0|
    |add_ln58_766_reg_11672117                                                                      |   24|   0|   24|          0|
    |add_ln58_768_reg_11672122                                                                      |   23|   0|   23|          0|
    |add_ln58_770_reg_11670892                                                                      |   22|   0|   22|          0|
    |add_ln58_770_reg_11670892_pp0_iter4_reg                                                        |   22|   0|   22|          0|
    |add_ln58_773_reg_11672127                                                                      |   20|   0|   21|          1|
    |add_ln58_776_reg_11673187                                                                      |   27|   0|   27|          0|
    |add_ln58_778_reg_11672132                                                                      |   28|   0|   28|          0|
    |add_ln58_782_reg_11672137                                                                      |   27|   0|   27|          0|
    |add_ln58_785_reg_11672142                                                                      |   26|   0|   26|          0|
    |add_ln58_787_reg_11669294                                                                      |   17|   0|   17|          0|
    |add_ln58_788_reg_11672147                                                                      |   26|   0|   26|          0|
    |add_ln58_790_reg_11673192                                                                      |   30|   0|   30|          0|
    |add_ln58_792_reg_11672152                                                                      |   26|   0|   26|          0|
    |add_ln58_795_reg_11672157                                                                      |   26|   0|   26|          0|
    |add_ln58_798_reg_11672162                                                                      |   26|   0|   26|          0|
    |add_ln58_7_reg_11668271                                                                        |   22|   0|   22|          0|
    |add_ln58_801_reg_11672167                                                                      |   26|   0|   26|          0|
    |add_ln58_803_reg_11673197                                                                      |   28|   0|   28|          0|
    |add_ln58_806_reg_11672172                                                                      |   25|   0|   25|          0|
    |add_ln58_809_reg_11672177                                                                      |   25|   0|   25|          0|
    |add_ln58_812_reg_11672182                                                                      |   25|   0|   25|          0|
    |add_ln58_815_reg_11672187                                                                      |   25|   0|   25|          0|
    |add_ln58_817_reg_11673202                                                                      |   27|   0|   27|          0|
    |add_ln58_819_reg_11672192                                                                      |   24|   0|   24|          0|
    |add_ln58_81_reg_11669184                                                                       |   23|   0|   23|          0|
    |add_ln58_822_reg_11672197                                                                      |   24|   0|   24|          0|
    |add_ln58_826_reg_11672202                                                                      |   23|   0|   23|          0|
    |add_ln58_829_reg_11672207                                                                      |   22|   0|   22|          0|
    |add_ln58_831_reg_11673207                                                                      |   25|   0|   25|          0|
    |add_ln58_833_reg_11674492                                                                      |   30|   0|   30|          0|
    |add_ln58_836_reg_11672212                                                                      |   25|   0|   25|          0|
    |add_ln58_839_reg_11672217                                                                      |   26|   0|   26|          0|
    |add_ln58_841_reg_11672222                                                                      |   25|   0|   25|          0|
    |add_ln58_843_reg_11673212                                                                      |   29|   0|   29|          0|
    |add_ln58_847_reg_11672227                                                                      |   26|   0|   26|          0|
    |add_ln58_849_reg_11672232                                                                      |   25|   0|   25|          0|
    |add_ln58_851_reg_11672237                                                                      |   25|   0|   25|          0|
    |add_ln58_853_reg_11673217                                                                      |   27|   0|   27|          0|
    |add_ln58_858_reg_11672242                                                                      |   24|   0|   24|          0|
    |add_ln58_860_reg_11672247                                                                      |   24|   0|   24|          0|
    |add_ln58_862_reg_11672252                                                                      |   23|   0|   23|          0|
    |add_ln58_867_reg_11670897                                                                      |   22|   0|   22|          0|
    |add_ln58_869_reg_11672257                                                                      |   24|   0|   24|          0|
    |add_ln58_86_reg_11669189                                                                       |   21|   0|   21|          0|
    |add_ln58_870_reg_11672262                                                                      |   21|   0|   22|          1|
    |add_ln58_872_reg_11670902                                                                      |   21|   0|   21|          0|
    |add_ln58_873_reg_11672267                                                                      |   22|   0|   22|          0|
    |add_ln58_876_reg_11673222                                                                      |   26|   0|   26|          0|
    |add_ln58_878_reg_11672272                                                                      |   27|   0|   27|          0|
    |add_ln58_87_reg_11669194                                                                       |   21|   0|   21|          0|
    |add_ln58_881_reg_11672277                                                                      |   26|   0|   26|          0|
    |add_ln58_887_reg_11670907                                                                      |   26|   0|   26|          0|
    |add_ln58_888_reg_11672282                                                                      |   27|   0|   27|          0|
    |add_ln58_889_reg_11673227                                                                      |   30|   0|   30|          0|
    |add_ln58_891_reg_11672287                                                                      |   26|   0|   26|          0|
    |add_ln58_894_reg_11672292                                                                      |   26|   0|   26|          0|
    |add_ln58_897_reg_11672297                                                                      |   26|   0|   26|          0|
    |add_ln58_89_reg_11670277                                                                       |   26|   0|   26|          0|
    |add_ln58_8_reg_11668276                                                                        |   20|   0|   21|          1|
    |add_ln58_900_reg_11672302                                                                      |   26|   0|   26|          0|
    |add_ln58_902_reg_11673232                                                                      |   28|   0|   28|          0|
    |add_ln58_905_reg_11672307                                                                      |   25|   0|   25|          0|
    |add_ln58_907_reg_11672312                                                                      |   25|   0|   25|          0|
    |add_ln58_910_reg_11672317                                                                      |   25|   0|   25|          0|
    |add_ln58_911_reg_11670912                                                                      |   23|   0|   23|          0|
    |add_ln58_913_reg_11672322                                                                      |   24|   0|   24|          0|
    |add_ln58_917_reg_11672327                                                                      |   24|   0|   24|          0|
    |add_ln58_920_reg_11672332                                                                      |   24|   0|   24|          0|
    |add_ln58_923_reg_11672337                                                                      |   22|   0|   22|          0|
    |add_ln58_926_reg_11672342                                                                      |   22|   0|   22|          0|
    |add_ln58_929_reg_11673237                                                                      |   27|   0|   27|          0|
    |add_ln58_933_reg_11672347                                                                      |   25|   0|   25|          0|
    |add_ln58_933_reg_11672347_pp0_iter5_reg                                                        |   25|   0|   25|          0|
    |add_ln58_938_reg_11673242                                                                      |   26|   0|   26|          0|
    |add_ln58_942_reg_11672352                                                                      |   25|   0|   25|          0|
    |add_ln58_943_reg_11673247                                                                      |   26|   0|   26|          0|
    |add_ln58_944_reg_11672357                                                                      |   24|   0|   24|          0|
    |add_ln58_947_reg_11672362                                                                      |   25|   0|   25|          0|
    |add_ln58_948_reg_11673252                                                                      |   26|   0|   26|          0|
    |add_ln58_94_reg_11669199                                                                       |   26|   0|   26|          0|
    |add_ln58_954_reg_11672367                                                                      |   25|   0|   25|          0|
    |add_ln58_959_reg_11672372                                                                      |   25|   0|   25|          0|
    |add_ln58_95_reg_11670282                                                                       |   27|   0|   27|          0|
    |add_ln58_961_reg_11672377                                                                      |   23|   0|   23|          0|
    |add_ln58_963_reg_11672382                                                                      |   24|   0|   24|          0|
    |add_ln58_968_reg_11672387                                                                      |   23|   0|   23|          0|
    |add_ln58_970_reg_11673257                                                                      |   27|   0|   27|          0|
    |add_ln58_971_reg_11674497                                                                      |   29|   0|   29|          0|
    |add_ln58_972_reg_11672392                                                                      |   26|   0|   26|          0|
    |add_ln58_974_reg_11669299                                                                      |   17|   0|   17|          0|
    |add_ln58_976_reg_11672397                                                                      |   27|   0|   27|          0|
    |add_ln58_980_reg_11672402                                                                      |   26|   0|   26|          0|
    |add_ln58_983_reg_11672407                                                                      |   26|   0|   26|          0|
    |add_ln58_985_reg_11673262                                                                      |   30|   0|   30|          0|
    |add_ln58_988_reg_11672412                                                                      |   26|   0|   26|          0|
    |add_ln58_991_reg_11672417                                                                      |   26|   0|   26|          0|
    |add_ln58_995_reg_11672422                                                                      |   25|   0|   25|          0|
    |add_ln58_998_reg_11672427                                                                      |   25|   0|   25|          0|
    |add_ln58_99_reg_11669204                                                                       |   24|   0|   24|          0|
    |add_ln58_9_reg_11668281                                                                        |   22|   0|   22|          0|
    |ap_ce_reg                                                                                      |    1|   0|    1|          0|
    |ap_return_0_int_reg                                                                            |   41|   0|   41|          0|
    |ap_return_10_int_reg                                                                           |   41|   0|   41|          0|
    |ap_return_11_int_reg                                                                           |   41|   0|   41|          0|
    |ap_return_12_int_reg                                                                           |   41|   0|   41|          0|
    |ap_return_13_int_reg                                                                           |   41|   0|   41|          0|
    |ap_return_14_int_reg                                                                           |   41|   0|   41|          0|
    |ap_return_15_int_reg                                                                           |   41|   0|   41|          0|
    |ap_return_1_int_reg                                                                            |   41|   0|   41|          0|
    |ap_return_2_int_reg                                                                            |   41|   0|   41|          0|
    |ap_return_3_int_reg                                                                            |   41|   0|   41|          0|
    |ap_return_4_int_reg                                                                            |   41|   0|   41|          0|
    |ap_return_5_int_reg                                                                            |   41|   0|   41|          0|
    |ap_return_6_int_reg                                                                            |   41|   0|   41|          0|
    |ap_return_7_int_reg                                                                            |   41|   0|   41|          0|
    |ap_return_8_int_reg                                                                            |   41|   0|   41|          0|
    |ap_return_9_int_reg                                                                            |   41|   0|   41|          0|
    |mul_ln17_10_reg_3326724                                                                        |   26|   0|   26|          0|
    |mul_ln17_11_reg_3326728                                                                        |   27|   0|   27|          0|
    |mul_ln17_12_reg_3326732                                                                        |   26|   0|   26|          0|
    |mul_ln17_13_reg_519800                                                                         |   26|   0|   26|          0|
    |mul_ln17_14_reg_3326736                                                                        |   27|   0|   27|          0|
    |mul_ln17_15_reg_519808                                                                         |   27|   0|   27|          0|
    |mul_ln17_16_reg_519816                                                                         |   24|   0|   24|          0|
    |mul_ln17_17_reg_519828                                                                         |   24|   0|   24|          0|
    |mul_ln17_18_reg_3326816                                                                        |   28|   0|   28|          0|
    |mul_ln17_19_reg_519848                                                                         |   21|   0|   21|          0|
    |mul_ln17_1_reg_519756                                                                          |   25|   0|   25|          0|
    |mul_ln17_20_reg_519852                                                                         |   23|   0|   23|          0|
    |mul_ln17_21_reg_519892                                                                         |   22|   0|   22|          0|
    |mul_ln17_22_reg_3326836                                                                        |   26|   0|   26|          0|
    |mul_ln17_23_reg_3326860                                                                        |   26|   0|   26|          0|
    |mul_ln17_24_reg_3326876                                                                        |   26|   0|   26|          0|
    |mul_ln17_25_reg_519908                                                                         |   20|   0|   20|          0|
    |mul_ln17_26_reg_519932                                                                         |   22|   0|   22|          0|
    |mul_ln17_27_reg_519936                                                                         |   25|   0|   25|          0|
    |mul_ln17_28_reg_519940                                                                         |   23|   0|   23|          0|
    |mul_ln17_29_reg_3327076                                                                        |   25|   0|   25|          0|
    |mul_ln17_2_reg_22296                                                                           |   21|   0|   21|          0|
    |mul_ln17_30_reg_519948                                                                         |   20|   0|   20|          0|
    |mul_ln17_31_reg_3327260                                                                        |   26|   0|   26|          0|
    |mul_ln17_32_reg_3327268                                                                        |   26|   0|   26|          0|
    |mul_ln17_33_reg_3327332                                                                        |   24|   0|   24|          0|
    |mul_ln17_34_reg_8751652                                                                        |   25|   0|   25|          0|
    |mul_ln17_35_reg_8751976                                                                        |   25|   0|   25|          0|
    |mul_ln17_36_reg_8751988                                                                        |   26|   0|   26|          0|
    |mul_ln17_37_reg_3327868                                                                        |   23|   0|   23|          0|
    |mul_ln17_38_reg_3327900                                                                        |   24|   0|   24|          0|
    |mul_ln17_39_reg_3327924                                                                        |   24|   0|   24|          0|
    |mul_ln17_3_reg_519760                                                                          |   24|   0|   24|          0|
    |mul_ln17_40_reg_8752328                                                                        |   27|   0|   27|          0|
    |mul_ln17_41_reg_8752364                                                                        |   24|   0|   24|          0|
    |mul_ln17_42_reg_8752400                                                                        |   24|   0|   24|          0|
    |mul_ln17_43_reg_8754000                                                                        |   22|   0|   22|          0|
    |mul_ln17_44_reg_8754012                                                                        |   25|   0|   25|          0|
    |mul_ln17_45_reg_8754104                                                                        |   25|   0|   25|          0|
    |mul_ln17_46_reg_8754192                                                                        |   24|   0|   24|          0|
    |mul_ln17_47_reg_8754256                                                                        |   27|   0|   27|          0|
    |mul_ln17_48_reg_11621432                                                                       |   27|   0|   27|          0|
    |mul_ln17_49_reg_11621536                                                                       |   26|   0|   26|          0|
    |mul_ln17_4_reg_22300                                                                           |   22|   0|   22|          0|
    |mul_ln17_50_reg_11621568                                                                       |   27|   0|   27|          0|
    |mul_ln17_51_reg_11621580                                                                       |   27|   0|   27|          0|
    |mul_ln17_52_reg_11492556                                                                       |   25|   0|   25|          0|
    |mul_ln17_53_reg_11492732                                                                       |   23|   0|   23|          0|
    |mul_ln17_54_reg_11492740                                                                       |   24|   0|   24|          0|
    |mul_ln17_55_reg_11492788                                                                       |   24|   0|   24|          0|
    |mul_ln17_5_reg_519764                                                                          |   24|   0|   24|          0|
    |mul_ln17_6_reg_519772                                                                          |   24|   0|   24|          0|
    |mul_ln17_7_reg_519776                                                                          |   24|   0|   24|          0|
    |mul_ln17_8_reg_519784                                                                          |   27|   0|   27|          0|
    |mul_ln17_9_reg_3326720                                                                         |   27|   0|   27|          0|
    |mul_ln17_reg_519752                                                                            |   24|   0|   24|          0|
    |mul_ln58_1_reg_8754352                                                                         |   23|   0|   23|          0|
    |mul_ln58_2_reg_8754356                                                                         |   25|   0|   25|          0|
    |mul_ln58_3_reg_8754360                                                                         |   26|   0|   26|          0|
    |mul_ln58_4_reg_11492820                                                                        |   22|   0|   22|          0|
    |mul_ln58_5_reg_8754364                                                                         |   23|   0|   23|          0|
    |mul_ln58_6_reg_11621600                                                                        |   24|   0|   24|          0|
    |mul_ln58_reg_8754348                                                                           |   25|   0|   25|          0|
    |mul_ln73_1132_reg_11491100                                                                     |   25|   0|   25|          0|
    |mul_ln73_1212_reg_11621484                                                                     |   26|   0|   26|          0|
    |mul_ln73_1253_reg_11491488                                                                     |   25|   0|   25|          0|
    |mul_ln73_1288_reg_11491604                                                                     |   23|   0|   23|          0|
    |mul_ln73_1290_reg_11491612                                                                     |   24|   0|   24|          0|
    |mul_ln73_1316_reg_11491696                                                                     |   25|   0|   25|          0|
    |mul_ln73_1345_reg_11491800                                                                     |   25|   0|   25|          0|
    |mul_ln73_149_reg_3327204                                                                       |   25|   0|   25|          0|
    |mul_ln73_1510_reg_11492416                                                                     |   23|   0|   23|          0|
    |mul_ln73_1604_reg_11492804                                                                     |   23|   0|   23|          0|
    |mul_ln73_207_reg_3327372                                                                       |   24|   0|   24|          0|
    |mul_ln73_246_reg_8751732                                                                       |   25|   0|   25|          0|
    |mul_ln73_425_reg_8752060                                                                       |   25|   0|   25|          0|
    |mul_ln73_489_reg_8752244                                                                       |   24|   0|   24|          0|
    |mul_ln73_541_reg_8752436                                                                       |   24|   0|   24|          0|
    |mul_ln73_544_reg_8752448                                                                       |   25|   0|   25|          0|
    |mul_ln73_567_reg_8752520                                                                       |   25|   0|   25|          0|
    |mul_ln73_581_reg_8752564                                                                       |   23|   0|   23|          0|
    |mul_ln73_591_reg_8752604                                                                       |   25|   0|   25|          0|
    |mul_ln73_74_reg_3326936                                                                        |   23|   0|   23|          0|
    |mul_ln73_8_reg_519836                                                                          |   24|   0|   24|          0|
    |mul_ln73_96_reg_3327016                                                                        |   23|   0|   23|          0|
    |mul_ln73_973_reg_8754056                                                                       |   24|   0|   24|          0|
    |mul_ln73_reg_519788                                                                            |   23|   0|   23|          0|
    |mult_1000_reg_8753244                                                                          |   24|   0|   24|          0|
    |mult_1002_reg_8753248                                                                          |   24|   0|   24|          0|
    |mult_1003_reg_8753252                                                                          |   26|   0|   26|          0|
    |mult_1004_reg_8753256                                                                          |   23|   0|   23|          0|
    |mult_1006_reg_8753260                                                                          |   25|   0|   25|          0|
    |mult_1007_reg_8753264                                                                          |   25|   0|   25|          0|
    |mult_1008_reg_8753268                                                                          |   26|   0|   26|          0|
    |mult_1009_reg_8753272                                                                          |   23|   0|   23|          0|
    |mult_1011_reg_8753276                                                                          |   22|   0|   22|          0|
    |mult_1012_reg_8753280                                                                          |   25|   0|   25|          0|
    |mult_1013_reg_8753284                                                                          |   22|   0|   22|          0|
    |mult_1014_reg_8753288                                                                          |   24|   0|   24|          0|
    |mult_1015_reg_8753292                                                                          |   25|   0|   25|          0|
    |mult_1016_reg_8753296                                                                          |   23|   0|   23|          0|
    |mult_1017_reg_8753300                                                                          |   24|   0|   24|          0|
    |mult_1018_reg_8753304                                                                          |   26|   0|   26|          0|
    |mult_1019_reg_8753308                                                                          |   26|   0|   26|          0|
    |mult_101_reg_3326924                                                                           |   26|   0|   26|          0|
    |mult_1020_reg_8753312                                                                          |   25|   0|   25|          0|
    |mult_1021_reg_8753316                                                                          |   25|   0|   25|          0|
    |mult_1022_reg_8753320                                                                          |   25|   0|   25|          0|
    |mult_1023_reg_11490664                                                                         |   27|   0|   27|          0|
    |mult_1026_reg_8753324                                                                          |   24|   0|   24|          0|
    |mult_1027_reg_8753328                                                                          |   24|   0|   24|          0|
    |mult_1028_reg_8753332                                                                          |   25|   0|   25|          0|
    |mult_102_reg_519920                                                                            |   25|   0|   25|          0|
    |mult_1030_reg_8753336                                                                          |   23|   0|   23|          0|
    |mult_1031_reg_8753340                                                                          |   22|   0|   22|          0|
    |mult_1032_reg_11669647                                                                         |   21|   0|   23|          2|
    |mult_1033_reg_8753344                                                                          |   25|   0|   25|          0|
    |mult_1035_reg_8753348                                                                          |   26|   0|   26|          0|
    |mult_1036_reg_8753352                                                                          |   26|   0|   26|          0|
    |mult_1037_reg_8753356                                                                          |   24|   0|   24|          0|
    |mult_1039_reg_8753360                                                                          |   22|   0|   22|          0|
    |mult_103_reg_3326928                                                                           |   24|   0|   24|          0|
    |mult_1040_reg_8753364                                                                          |   23|   0|   23|          0|
    |mult_1041_reg_8753368                                                                          |   25|   0|   25|          0|
    |mult_1042_reg_8753372                                                                          |   25|   0|   25|          0|
    |mult_1043_reg_8753376                                                                          |   23|   0|   23|          0|
    |mult_1045_reg_8753380                                                                          |   24|   0|   24|          0|
    |mult_1046_reg_8753384                                                                          |   25|   0|   25|          0|
    |mult_1047_reg_8753388                                                                          |   24|   0|   24|          0|
    |mult_1048_reg_8753392                                                                          |   24|   0|   24|          0|
    |mult_1050_reg_8753396                                                                          |   24|   0|   24|          0|
    |mult_1051_reg_8753400                                                                          |   22|   0|   22|          0|
    |mult_1052_reg_8753404                                                                          |   25|   0|   25|          0|
    |mult_1053_reg_8753408                                                                          |   25|   0|   25|          0|
    |mult_1054_reg_8753412                                                                          |   25|   0|   25|          0|
    |mult_1055_reg_8753416                                                                          |   23|   0|   23|          0|
    |mult_1056_reg_8753420                                                                          |   24|   0|   24|          0|
    |mult_1057_reg_8753424                                                                          |   22|   0|   22|          0|
    |mult_1059_reg_3327952                                                                          |   22|   0|   22|          0|
    |mult_1061_reg_8753428                                                                          |   23|   0|   23|          0|
    |mult_1063_reg_8753432                                                                          |   25|   0|   25|          0|
    |mult_1065_reg_8753436                                                                          |   24|   0|   24|          0|
    |mult_1066_reg_8753440                                                                          |   23|   0|   23|          0|
    |mult_1067_reg_8753444                                                                          |   24|   0|   24|          0|
    |mult_1068_reg_3327956                                                                          |   22|   0|   22|          0|
    |mult_1069_reg_8753448                                                                          |   24|   0|   24|          0|
    |mult_106_reg_3326932                                                                           |   23|   0|   23|          0|
    |mult_1071_reg_8753452                                                                          |   24|   0|   24|          0|
    |mult_1072_reg_8753456                                                                          |   22|   0|   22|          0|
    |mult_1073_reg_3327960                                                                          |   22|   0|   22|          0|
    |mult_1074_reg_8753460                                                                          |   25|   0|   25|          0|
    |mult_1075_reg_8753464                                                                          |   23|   0|   23|          0|
    |mult_1076_reg_8753468                                                                          |   24|   0|   24|          0|
    |mult_1077_reg_8753472                                                                          |   24|   0|   24|          0|
    |mult_1078_reg_8753476                                                                          |   25|   0|   25|          0|
    |mult_1079_reg_8753480                                                                          |   25|   0|   25|          0|
    |mult_107_reg_3326940                                                                           |   24|   0|   24|          0|
    |mult_1080_reg_8753484                                                                          |   25|   0|   25|          0|
    |mult_1081_reg_8753488                                                                          |   26|   0|   26|          0|
    |mult_1082_reg_8753492                                                                          |   25|   0|   25|          0|
    |mult_1083_reg_8753496                                                                          |   26|   0|   26|          0|
    |mult_1084_reg_8753500                                                                          |   26|   0|   26|          0|
    |mult_1085_reg_8753504                                                                          |   23|   0|   23|          0|
    |mult_1087_reg_8753508                                                                          |   24|   0|   24|          0|
    |mult_1088_reg_8753512                                                                          |   25|   0|   25|          0|
    |mult_108_reg_3326944                                                                           |   25|   0|   25|          0|
    |mult_1091_reg_11669676                                                                         |   22|   0|   22|          0|
    |mult_1092_reg_8753516                                                                          |   25|   0|   25|          0|
    |mult_1094_reg_8753520                                                                          |   25|   0|   25|          0|
    |mult_1095_reg_8753524                                                                          |   24|   0|   24|          0|
    |mult_1096_reg_8753528                                                                          |   25|   0|   25|          0|
    |mult_1097_reg_8753532                                                                          |   26|   0|   26|          0|
    |mult_1098_reg_8753536                                                                          |   24|   0|   24|          0|
    |mult_1099_reg_8753540                                                                          |   26|   0|   26|          0|
    |mult_109_reg_3326948                                                                           |   23|   0|   23|          0|
    |mult_10_reg_519824                                                                             |   24|   0|   24|          0|
    |mult_1100_reg_8753544                                                                          |   24|   0|   24|          0|
    |mult_1101_reg_8753548                                                                          |   23|   0|   23|          0|
    |mult_1102_reg_8753552                                                                          |   24|   0|   24|          0|
    |mult_1103_reg_8753556                                                                          |   24|   0|   24|          0|
    |mult_1104_reg_8753560                                                                          |   25|   0|   25|          0|
    |mult_1106_reg_8753564                                                                          |   24|   0|   24|          0|
    |mult_1107_reg_8753568                                                                          |   23|   0|   23|          0|
    |mult_1108_reg_8753572                                                                          |   25|   0|   25|          0|
    |mult_1109_reg_8753576                                                                          |   25|   0|   25|          0|
    |mult_110_reg_3326952                                                                           |   24|   0|   24|          0|
    |mult_1110_reg_8753580                                                                          |   26|   0|   26|          0|
    |mult_1111_reg_8753584                                                                          |   23|   0|   23|          0|
    |mult_1112_reg_8753588                                                                          |   25|   0|   25|          0|
    |mult_1113_reg_8753592                                                                          |   24|   0|   24|          0|
    |mult_1114_reg_11669687                                                                         |   21|   0|   23|          2|
    |mult_1115_reg_8753596                                                                          |   25|   0|   25|          0|
    |mult_1116_reg_8753600                                                                          |   24|   0|   24|          0|
    |mult_1119_reg_8753604                                                                          |   24|   0|   24|          0|
    |mult_1120_reg_8753608                                                                          |   23|   0|   23|          0|
    |mult_1121_reg_8753612                                                                          |   24|   0|   24|          0|
    |mult_1122_reg_8753616                                                                          |   24|   0|   24|          0|
    |mult_1123_reg_8753620                                                                          |   22|   0|   22|          0|
    |mult_1124_reg_8753624                                                                          |   23|   0|   23|          0|
    |mult_1125_reg_11671067                                                                         |   19|   0|   22|          3|
    |mult_1126_reg_8753628                                                                          |   24|   0|   24|          0|
    |mult_1127_reg_8753632                                                                          |   25|   0|   25|          0|
    |mult_1128_reg_8753636                                                                          |   25|   0|   25|          0|
    |mult_1129_reg_8753640                                                                          |   24|   0|   24|          0|
    |mult_1130_reg_8753644                                                                          |   24|   0|   24|          0|
    |mult_1131_reg_8753648                                                                          |   21|   0|   21|          0|
    |mult_1132_reg_8753652                                                                          |   24|   0|   24|          0|
    |mult_1133_reg_8753656                                                                          |   25|   0|   25|          0|
    |mult_1134_reg_8753660                                                                          |   25|   0|   25|          0|
    |mult_1135_reg_8753664                                                                          |   23|   0|   23|          0|
    |mult_1136_reg_8753668                                                                          |   23|   0|   23|          0|
    |mult_1137_reg_8753672                                                                          |   24|   0|   24|          0|
    |mult_1138_reg_8753676                                                                          |   25|   0|   25|          0|
    |mult_113_reg_3326956                                                                           |   24|   0|   24|          0|
    |mult_1140_reg_8753680                                                                          |   24|   0|   24|          0|
    |mult_1141_reg_8753684                                                                          |   26|   0|   26|          0|
    |mult_1142_reg_8753688                                                                          |   23|   0|   23|          0|
    |mult_1144_reg_8753692                                                                          |   26|   0|   26|          0|
    |mult_1145_reg_8753696                                                                          |   25|   0|   25|          0|
    |mult_1147_reg_8753700                                                                          |   25|   0|   25|          0|
    |mult_1149_reg_8753704                                                                          |   25|   0|   25|          0|
    |mult_114_reg_519924                                                                            |   23|   0|   23|          0|
    |mult_1150_reg_8753708                                                                          |   23|   0|   23|          0|
    |mult_1152_reg_8753712                                                                          |   21|   0|   21|          0|
    |mult_1153_reg_8753716                                                                          |   24|   0|   24|          0|
    |mult_1154_reg_8753720                                                                          |   22|   0|   22|          0|
    |mult_1155_reg_8753724                                                                          |   25|   0|   25|          0|
    |mult_1156_reg_8753728                                                                          |   24|   0|   24|          0|
    |mult_1157_reg_8753732                                                                          |   26|   0|   26|          0|
    |mult_1158_reg_8753736                                                                          |   23|   0|   23|          0|
    |mult_1159_reg_8753740                                                                          |   26|   0|   26|          0|
    |mult_115_reg_3326960                                                                           |   25|   0|   25|          0|
    |mult_1160_reg_8753744                                                                          |   23|   0|   23|          0|
    |mult_1161_reg_8753748                                                                          |   24|   0|   24|          0|
    |mult_1162_reg_8753752                                                                          |   24|   0|   24|          0|
    |mult_1164_reg_8753756                                                                          |   22|   0|   22|          0|
    |mult_1164_reg_8753756_pp0_iter4_reg                                                            |   22|   0|   22|          0|
    |mult_1165_reg_8753760                                                                          |   25|   0|   25|          0|
    |mult_1166_reg_8753764                                                                          |   24|   0|   24|          0|
    |mult_1167_reg_8753768                                                                          |   23|   0|   23|          0|
    |mult_1168_reg_8753772                                                                          |   25|   0|   25|          0|
    |mult_1169_reg_8753776                                                                          |   24|   0|   24|          0|
    |mult_116_reg_519928                                                                            |   23|   0|   23|          0|
    |mult_1170_reg_8753780                                                                          |   26|   0|   26|          0|
    |mult_1171_reg_11669727                                                                         |   21|   0|   23|          2|
    |mult_1172_reg_8753784                                                                          |   24|   0|   24|          0|
    |mult_1174_reg_8753788                                                                          |   24|   0|   24|          0|
    |mult_1175_reg_8753792                                                                          |   26|   0|   26|          0|
    |mult_1176_reg_8753796                                                                          |   25|   0|   25|          0|
    |mult_1177_reg_8753800                                                                          |   25|   0|   25|          0|
    |mult_1178_reg_8753804                                                                          |   25|   0|   25|          0|
    |mult_1179_reg_8753808                                                                          |   23|   0|   23|          0|
    |mult_117_reg_3326964                                                                           |   23|   0|   23|          0|
    |mult_1180_reg_11669732                                                                         |   23|   0|   23|          0|
    |mult_1182_reg_8753812                                                                          |   25|   0|   25|          0|
    |mult_1183_reg_11490668                                                                         |   22|   0|   22|          0|
    |mult_1186_reg_8753816                                                                          |   26|   0|   26|          0|
    |mult_1187_reg_8753820                                                                          |   26|   0|   26|          0|
    |mult_1188_reg_8753824                                                                          |   25|   0|   25|          0|
    |mult_1189_reg_11621420                                                                         |   27|   0|   27|          0|
    |mult_118_reg_3326968                                                                           |   25|   0|   25|          0|
    |mult_1190_reg_8753828                                                                          |   25|   0|   25|          0|
    |mult_1191_reg_8753832                                                                          |   26|   0|   26|          0|
    |mult_1192_reg_8753836                                                                          |   26|   0|   26|          0|
    |mult_1193_reg_8753840                                                                          |   24|   0|   24|          0|
    |mult_1194_reg_8753844                                                                          |   24|   0|   24|          0|
    |mult_1195_reg_8753848                                                                          |   25|   0|   25|          0|
    |mult_1196_reg_8753852                                                                          |   23|   0|   23|          0|
    |mult_1198_reg_8753856                                                                          |   23|   0|   23|          0|
    |mult_1199_reg_8753860                                                                          |   24|   0|   24|          0|
    |mult_119_reg_3326972                                                                           |   24|   0|   24|          0|
    |mult_1200_reg_8753864                                                                          |   23|   0|   23|          0|
    |mult_1205_reg_8753868                                                                          |   24|   0|   24|          0|
    |mult_1206_reg_8753872                                                                          |   25|   0|   25|          0|
    |mult_1208_reg_8753876                                                                          |   22|   0|   22|          0|
    |mult_1209_reg_8753880                                                                          |   24|   0|   24|          0|
    |mult_120_reg_3326976                                                                           |   23|   0|   23|          0|
    |mult_1210_reg_8753884                                                                          |   23|   0|   23|          0|
    |mult_1211_reg_8753888                                                                          |   25|   0|   25|          0|
    |mult_1213_reg_8753892                                                                          |   23|   0|   23|          0|
    |mult_1215_reg_8753896                                                                          |   23|   0|   23|          0|
    |mult_1216_reg_8753900                                                                          |   22|   0|   22|          0|
    |mult_1217_reg_8753904                                                                          |   23|   0|   23|          0|
    |mult_1218_reg_8753908                                                                          |   25|   0|   25|          0|
    |mult_1219_reg_8753912                                                                          |   25|   0|   25|          0|
    |mult_121_reg_3326980                                                                           |   24|   0|   24|          0|
    |mult_1220_reg_8753916                                                                          |   26|   0|   26|          0|
    |mult_1221_reg_8753920                                                                          |   26|   0|   26|          0|
    |mult_1222_reg_8753924                                                                          |   24|   0|   24|          0|
    |mult_1224_reg_8753928                                                                          |   24|   0|   24|          0|
    |mult_1225_reg_8753932                                                                          |   22|   0|   22|          0|
    |mult_1228_reg_8753936                                                                          |   24|   0|   24|          0|
    |mult_1229_reg_8753940                                                                          |   25|   0|   25|          0|
    |mult_122_reg_3326984                                                                           |   24|   0|   24|          0|
    |mult_1230_reg_3327964                                                                          |   22|   0|   22|          0|
    |mult_1231_reg_11490672                                                                         |   25|   0|   25|          0|
    |mult_1232_reg_11490676                                                                         |   25|   0|   25|          0|
    |mult_1233_reg_8753944                                                                          |   25|   0|   25|          0|
    |mult_1234_reg_11490680                                                                         |   25|   0|   25|          0|
    |mult_1235_reg_8753948                                                                          |   25|   0|   25|          0|
    |mult_1236_reg_11490684                                                                         |   25|   0|   25|          0|
    |mult_1238_reg_8753952                                                                          |   24|   0|   24|          0|
    |mult_1239_reg_8753956                                                                          |   26|   0|   26|          0|
    |mult_123_reg_3326988                                                                           |   25|   0|   25|          0|
    |mult_1240_reg_8753960                                                                          |   26|   0|   26|          0|
    |mult_1241_reg_8753964                                                                          |   24|   0|   24|          0|
    |mult_1241_reg_8753964_pp0_iter4_reg                                                            |   24|   0|   24|          0|
    |mult_1242_reg_8753968                                                                          |   23|   0|   23|          0|
    |mult_1243_reg_8753972                                                                          |   24|   0|   24|          0|
    |mult_1245_reg_8753976                                                                          |   25|   0|   25|          0|
    |mult_1246_reg_8753980                                                                          |   24|   0|   24|          0|
    |mult_1247_reg_8753984                                                                          |   24|   0|   24|          0|
    |mult_1248_reg_11490688                                                                         |   25|   0|   25|          0|
    |mult_1249_reg_8753988                                                                          |   25|   0|   25|          0|
    |mult_1250_reg_8753992                                                                          |   26|   0|   26|          0|
    |mult_1252_reg_8753996                                                                          |   26|   0|   26|          0|
    |mult_1253_reg_11490692                                                                         |   27|   0|   27|          0|
    |mult_1254_reg_11490696                                                                         |   25|   0|   25|          0|
    |mult_1255_reg_8754004                                                                          |   25|   0|   25|          0|
    |mult_1259_reg_8754008                                                                          |   25|   0|   25|          0|
    |mult_125_reg_3326992                                                                           |   25|   0|   25|          0|
    |mult_1260_reg_11490700                                                                         |   22|   0|   22|          0|
    |mult_1261_reg_11669809                                                                         |   19|   0|   20|          1|
    |mult_1262_reg_8754016                                                                          |   23|   0|   23|          0|
    |mult_1263_reg_8754020                                                                          |   25|   0|   25|          0|
    |mult_1264_reg_8754024                                                                          |   26|   0|   26|          0|
    |mult_1265_reg_11490704                                                                         |   25|   0|   25|          0|
    |mult_1266_reg_8754028                                                                          |   26|   0|   26|          0|
    |mult_1266_reg_8754028_pp0_iter4_reg                                                            |   26|   0|   26|          0|
    |mult_1267_reg_8754032                                                                          |   26|   0|   26|          0|
    |mult_1268_reg_11490708                                                                         |   27|   0|   27|          0|
    |mult_1269_reg_11490712                                                                         |   24|   0|   24|          0|
    |mult_126_reg_3326996                                                                           |   24|   0|   24|          0|
    |mult_1270_reg_8754036                                                                          |   24|   0|   24|          0|
    |mult_1271_reg_8754040                                                                          |   25|   0|   25|          0|
    |mult_1272_reg_8754044                                                                          |   24|   0|   24|          0|
    |mult_1273_reg_11671072                                                                         |   23|   0|   24|          1|
    |mult_1274_reg_8754048                                                                          |   25|   0|   25|          0|
    |mult_1276_reg_8754052                                                                          |   22|   0|   22|          0|
    |mult_1278_reg_8754060                                                                          |   24|   0|   24|          0|
    |mult_1279_reg_11490716                                                                         |   24|   0|   24|          0|
    |mult_127_reg_11668331                                                                          |   19|   0|   24|          5|
    |mult_1281_reg_8754064                                                                          |   26|   0|   26|          0|
    |mult_1282_reg_11490720                                                                         |   25|   0|   25|          0|
    |mult_1284_reg_8754068                                                                          |   25|   0|   25|          0|
    |mult_1285_reg_11490724                                                                         |   25|   0|   25|          0|
    |mult_1286_reg_8754072                                                                          |   25|   0|   25|          0|
    |mult_1287_reg_8754076                                                                          |   23|   0|   23|          0|
    |mult_1288_reg_8754080                                                                          |   24|   0|   24|          0|
    |mult_1289_reg_8754084                                                                          |   24|   0|   24|          0|
    |mult_128_reg_3327000                                                                           |   26|   0|   26|          0|
    |mult_1290_reg_8754088                                                                          |   25|   0|   25|          0|
    |mult_1291_reg_8754092                                                                          |   23|   0|   23|          0|
    |mult_1292_reg_11490728                                                                         |   25|   0|   25|          0|
    |mult_1293_reg_11490732                                                                         |   25|   0|   25|          0|
    |mult_1294_reg_8754096                                                                          |   26|   0|   26|          0|
    |mult_1295_reg_8754100                                                                          |   26|   0|   26|          0|
    |mult_1296_reg_11490736                                                                         |   25|   0|   25|          0|
    |mult_1298_reg_8754108                                                                          |   25|   0|   25|          0|
    |mult_1299_reg_11490740                                                                         |   22|   0|   22|          0|
    |mult_1300_reg_8754112                                                                          |   24|   0|   24|          0|
    |mult_1301_reg_11490744                                                                         |   25|   0|   25|          0|
    |mult_1302_reg_8754116                                                                          |   23|   0|   23|          0|
    |mult_1303_reg_8754120                                                                          |   23|   0|   23|          0|
    |mult_1304_reg_8754124                                                                          |   24|   0|   24|          0|
    |mult_1305_reg_11490748                                                                         |   25|   0|   25|          0|
    |mult_1307_reg_8754128                                                                          |   24|   0|   24|          0|
    |mult_1308_reg_11490752                                                                         |   25|   0|   25|          0|
    |mult_1309_reg_8754132                                                                          |   25|   0|   25|          0|
    |mult_130_reg_3327004                                                                           |   26|   0|   26|          0|
    |mult_1310_reg_8754136                                                                          |   24|   0|   24|          0|
    |mult_1312_reg_8754140                                                                          |   25|   0|   25|          0|
    |mult_1313_reg_11490756                                                                         |   25|   0|   25|          0|
    |mult_1314_reg_8754144                                                                          |   23|   0|   23|          0|
    |mult_1315_reg_11490760                                                                         |   25|   0|   25|          0|
    |mult_1316_reg_11490764                                                                         |   25|   0|   25|          0|
    |mult_1318_reg_8754148                                                                          |   25|   0|   25|          0|
    |mult_131_reg_11668336                                                                          |   19|   0|   25|          6|
    |mult_1320_reg_11490768                                                                         |   25|   0|   25|          0|
    |mult_1321_reg_11490772                                                                         |   25|   0|   25|          0|
    |mult_1322_reg_11490776                                                                         |   25|   0|   25|          0|
    |mult_1323_reg_11490780                                                                         |   25|   0|   25|          0|
    |mult_1324_reg_11490784                                                                         |   25|   0|   25|          0|
    |mult_1326_reg_8754152                                                                          |   26|   0|   26|          0|
    |mult_1327_reg_8754156                                                                          |   22|   0|   22|          0|
    |mult_1328_reg_8754160                                                                          |   25|   0|   25|          0|
    |mult_1329_reg_11490788                                                                         |   25|   0|   25|          0|
    |mult_132_reg_3327008                                                                           |   25|   0|   25|          0|
    |mult_1330_reg_8754164                                                                          |   24|   0|   24|          0|
    |mult_1331_reg_11671083                                                                         |   20|   0|   21|          1|
    |mult_1332_reg_11490792                                                                         |   25|   0|   25|          0|
    |mult_1333_reg_8754168                                                                          |   23|   0|   23|          0|
    |mult_1334_reg_11490796                                                                         |   25|   0|   25|          0|
    |mult_1335_reg_11490800                                                                         |   24|   0|   24|          0|
    |mult_1337_reg_11490804                                                                         |   25|   0|   25|          0|
    |mult_1338_reg_11490808                                                                         |   25|   0|   25|          0|
    |mult_1339_reg_8754172                                                                          |   25|   0|   25|          0|
    |mult_133_reg_3327012                                                                           |   23|   0|   23|          0|
    |mult_1340_reg_11490812                                                                         |   26|   0|   26|          0|
    |mult_1341_reg_11490816                                                                         |   24|   0|   24|          0|
    |mult_1342_reg_8754176                                                                          |   25|   0|   25|          0|
    |mult_1343_reg_11671088                                                                         |   19|   0|   21|          2|
    |mult_1345_reg_11490820                                                                         |   23|   0|   23|          0|
    |mult_1346_reg_11671093                                                                         |   19|   0|   22|          3|
    |mult_1347_reg_11490824                                                                         |   25|   0|   25|          0|
    |mult_1349_reg_8754180                                                                          |   23|   0|   23|          0|
    |mult_1351_reg_11490828                                                                         |   25|   0|   25|          0|
    |mult_1352_reg_11490832                                                                         |   25|   0|   25|          0|
    |mult_1353_reg_11490836                                                                         |   25|   0|   25|          0|
    |mult_1354_reg_11490840                                                                         |   26|   0|   26|          0|
    |mult_1356_reg_11490844                                                                         |   25|   0|   25|          0|
    |mult_1358_reg_8754184                                                                          |   25|   0|   25|          0|
    |mult_135_reg_3327020                                                                           |   24|   0|   24|          0|
    |mult_1361_reg_11490848                                                                         |   25|   0|   25|          0|
    |mult_1363_reg_11490852                                                                         |   25|   0|   25|          0|
    |mult_1366_reg_11490856                                                                         |   25|   0|   25|          0|
    |mult_1367_reg_11490860                                                                         |   25|   0|   25|          0|
    |mult_1368_reg_8754188                                                                          |   24|   0|   24|          0|
    |mult_1369_reg_11490864                                                                         |   25|   0|   25|          0|
    |mult_1370_reg_11490868                                                                         |   25|   0|   25|          0|
    |mult_1376_reg_11669990                                                                         |   16|   0|   17|          1|
    |mult_1376_reg_11669990_pp0_iter4_reg                                                           |   16|   0|   17|          1|
    |mult_1377_reg_8754196                                                                          |   22|   0|   22|          0|
    |mult_1378_reg_11490872                                                                         |   25|   0|   25|          0|
    |mult_1379_reg_11490876                                                                         |   23|   0|   23|          0|
    |mult_1380_reg_8754200                                                                          |   24|   0|   24|          0|
    |mult_1381_reg_11490880                                                                         |   25|   0|   25|          0|
    |mult_1382_reg_11490884                                                                         |   26|   0|   26|          0|
    |mult_1383_reg_11490888                                                                         |   24|   0|   24|          0|
    |mult_1384_reg_11490892                                                                         |   26|   0|   26|          0|
    |mult_1385_reg_11490896                                                                         |   24|   0|   24|          0|
    |mult_1386_reg_8754204                                                                          |   24|   0|   24|          0|
    |mult_1387_reg_11490900                                                                         |   24|   0|   24|          0|
    |mult_1388_reg_8754208                                                                          |   25|   0|   25|          0|
    |mult_138_reg_3327024                                                                           |   23|   0|   23|          0|
    |mult_1391_reg_8754212                                                                          |   23|   0|   23|          0|
    |mult_1392_reg_11490904                                                                         |   25|   0|   25|          0|
    |mult_1393_reg_11490908                                                                         |   25|   0|   25|          0|
    |mult_1394_reg_11490912                                                                         |   25|   0|   25|          0|
    |mult_1395_reg_11490916                                                                         |   25|   0|   25|          0|
    |mult_1397_reg_8754216                                                                          |   24|   0|   24|          0|
    |mult_1398_reg_11490920                                                                         |   26|   0|   26|          0|
    |mult_1399_reg_8754220                                                                          |   24|   0|   24|          0|
    |mult_139_reg_519944                                                                            |   22|   0|   22|          0|
    |mult_13_reg_519832                                                                             |   23|   0|   23|          0|
    |mult_1400_reg_8754224                                                                          |   25|   0|   25|          0|
    |mult_1401_reg_11671108                                                                         |   21|   0|   21|          0|
    |mult_1402_reg_8754228                                                                          |   22|   0|   22|          0|
    |mult_1404_reg_8754232                                                                          |   24|   0|   24|          0|
    |mult_1405_reg_8754236                                                                          |   24|   0|   24|          0|
    |mult_1406_reg_11490924                                                                         |   22|   0|   22|          0|
    |mult_1407_reg_8754240                                                                          |   24|   0|   24|          0|
    |mult_1408_reg_11490928                                                                         |   25|   0|   25|          0|
    |mult_1409_reg_8754244                                                                          |   24|   0|   24|          0|
    |mult_140_reg_3327028                                                                           |   24|   0|   24|          0|
    |mult_1410_reg_11490932                                                                         |   23|   0|   23|          0|
    |mult_1411_reg_11671118                                                                         |   19|   0|   19|          0|
    |mult_1412_reg_11490936                                                                         |   25|   0|   25|          0|
    |mult_1415_reg_11490940                                                                         |   26|   0|   26|          0|
    |mult_1416_reg_11490944                                                                         |   26|   0|   26|          0|
    |mult_1417_reg_11490948                                                                         |   25|   0|   25|          0|
    |mult_1418_reg_8754248                                                                          |   23|   0|   23|          0|
    |mult_1419_reg_11490952                                                                         |   23|   0|   23|          0|
    |mult_141_reg_3327032                                                                           |   24|   0|   24|          0|
    |mult_1422_reg_11490956                                                                         |   25|   0|   25|          0|
    |mult_1423_reg_11621424                                                                         |   27|   0|   27|          0|
    |mult_1424_reg_8754252                                                                          |   24|   0|   24|          0|
    |mult_1426_reg_11671123                                                                         |   19|   0|   23|          4|
    |mult_1427_reg_11490960                                                                         |   25|   0|   25|          0|
    |mult_1428_reg_11490964                                                                         |   25|   0|   25|          0|
    |mult_1429_reg_11490968                                                                         |   24|   0|   24|          0|
    |mult_142_reg_3327036                                                                           |   25|   0|   25|          0|
    |mult_1430_reg_11621428                                                                         |   27|   0|   27|          0|
    |mult_1431_reg_11490972                                                                         |   28|   0|   28|          0|
    |mult_1433_reg_11490976                                                                         |   22|   0|   22|          0|
    |mult_1434_reg_11490980                                                                         |   25|   0|   25|          0|
    |mult_1435_reg_11490984                                                                         |   24|   0|   24|          0|
    |mult_1436_reg_8754260                                                                          |   24|   0|   24|          0|
    |mult_1437_reg_8754264                                                                          |   25|   0|   25|          0|
    |mult_1438_reg_8754268                                                                          |   24|   0|   24|          0|
    |mult_1439_reg_11490988                                                                         |   22|   0|   22|          0|
    |mult_143_reg_3327040                                                                           |   26|   0|   26|          0|
    |mult_1440_reg_11490992                                                                         |   24|   0|   24|          0|
    |mult_1441_reg_11490996                                                                         |   24|   0|   24|          0|
    |mult_1442_reg_11491000                                                                         |   25|   0|   25|          0|
    |mult_1444_reg_8754272                                                                          |   24|   0|   24|          0|
    |mult_1445_reg_8754276                                                                          |   25|   0|   25|          0|
    |mult_1447_reg_11491004                                                                         |   24|   0|   24|          0|
    |mult_1448_reg_11491008                                                                         |   25|   0|   25|          0|
    |mult_1449_reg_8754280                                                                          |   24|   0|   24|          0|
    |mult_144_reg_3327044                                                                           |   25|   0|   25|          0|
    |mult_1451_reg_11491012                                                                         |   25|   0|   25|          0|
    |mult_1452_reg_11491016                                                                         |   24|   0|   24|          0|
    |mult_1453_reg_8754284                                                                          |   23|   0|   23|          0|
    |mult_1454_reg_11670116                                                                         |   19|   0|   19|          0|
    |mult_1455_reg_11491020                                                                         |   24|   0|   24|          0|
    |mult_1456_reg_11491024                                                                         |   22|   0|   22|          0|
    |mult_1457_reg_11671128                                                                         |   20|   0|   22|          2|
    |mult_1458_reg_11491028                                                                         |   25|   0|   25|          0|
    |mult_1459_reg_11491032                                                                         |   25|   0|   25|          0|
    |mult_145_reg_3327048                                                                           |   25|   0|   25|          0|
    |mult_1460_reg_11491036                                                                         |   26|   0|   26|          0|
    |mult_1461_reg_8754288                                                                          |   25|   0|   25|          0|
    |mult_1462_reg_11491040                                                                         |   23|   0|   23|          0|
    |mult_1463_reg_11671133                                                                         |   19|   0|   22|          3|
    |mult_1464_reg_11491044                                                                         |   24|   0|   24|          0|
    |mult_1465_reg_8754292                                                                          |   24|   0|   24|          0|
    |mult_1466_reg_11491048                                                                         |   24|   0|   24|          0|
    |mult_1467_reg_11671138                                                                         |   19|   0|   21|          2|
    |mult_146_reg_3327052                                                                           |   25|   0|   25|          0|
    |mult_1471_reg_11491052                                                                         |   23|   0|   23|          0|
    |mult_1472_reg_11671143                                                                         |   23|   0|   24|          1|
    |mult_1473_reg_11491056                                                                         |   25|   0|   25|          0|
    |mult_1474_reg_11491060                                                                         |   25|   0|   25|          0|
    |mult_1475_reg_11491064                                                                         |   23|   0|   23|          0|
    |mult_1476_reg_11491068                                                                         |   25|   0|   25|          0|
    |mult_1477_reg_8754296                                                                          |   24|   0|   24|          0|
    |mult_1478_reg_11491072                                                                         |   24|   0|   24|          0|
    |mult_1479_reg_11491076                                                                         |   24|   0|   24|          0|
    |mult_147_reg_3327056                                                                           |   24|   0|   24|          0|
    |mult_1480_reg_11491080                                                                         |   24|   0|   24|          0|
    |mult_1481_reg_8754300                                                                          |   24|   0|   24|          0|
    |mult_1482_reg_11491084                                                                         |   22|   0|   22|          0|
    |mult_1483_reg_11491088                                                                         |   25|   0|   25|          0|
    |mult_1484_reg_11621436                                                                         |   26|   0|   26|          0|
    |mult_1485_reg_8754304                                                                          |   25|   0|   25|          0|
    |mult_1487_reg_11671153                                                                         |   19|   0|   22|          3|
    |mult_1488_reg_11491092                                                                         |   24|   0|   24|          0|
    |mult_1489_reg_11491096                                                                         |   23|   0|   23|          0|
    |mult_1490_reg_11491104                                                                         |   24|   0|   24|          0|
    |mult_1491_reg_11491108                                                                         |   26|   0|   26|          0|
    |mult_1492_reg_11491112                                                                         |   26|   0|   26|          0|
    |mult_1493_reg_11621440                                                                         |   27|   0|   27|          0|
    |mult_1494_reg_11621444                                                                         |   27|   0|   27|          0|
    |mult_1496_reg_11491116                                                                         |   25|   0|   25|          0|
    |mult_1497_reg_11491120                                                                         |   23|   0|   23|          0|
    |mult_1498_reg_11491124                                                                         |   25|   0|   25|          0|
    |mult_1499_reg_8754308                                                                          |   25|   0|   25|          0|
    |mult_149_reg_3327060                                                                           |   25|   0|   25|          0|
    |mult_14_reg_519840                                                                             |   25|   0|   25|          0|
    |mult_1500_reg_11671169                                                                         |   20|   0|   23|          3|
    |mult_1501_reg_11491128                                                                         |   24|   0|   24|          0|
    |mult_1502_reg_11491132                                                                         |   25|   0|   25|          0|
    |mult_1503_reg_8754312                                                                          |   24|   0|   24|          0|
    |mult_1504_reg_11491136                                                                         |   25|   0|   25|          0|
    |mult_1505_reg_11491140                                                                         |   23|   0|   23|          0|
    |mult_1506_reg_11621448                                                                         |   26|   0|   26|          0|
    |mult_1507_reg_11491144                                                                         |   27|   0|   27|          0|
    |mult_1508_reg_11621452                                                                         |   27|   0|   27|          0|
    |mult_1509_reg_11621456                                                                         |   27|   0|   27|          0|
    |mult_1511_reg_8754316                                                                          |   24|   0|   24|          0|
    |mult_1514_reg_11491148                                                                         |   24|   0|   24|          0|
    |mult_1516_reg_8754320                                                                          |   24|   0|   24|          0|
    |mult_1517_reg_11491152                                                                         |   24|   0|   24|          0|
    |mult_1518_reg_11491156                                                                         |   25|   0|   25|          0|
    |mult_151_reg_11669314                                                                          |   22|   0|   24|          2|
    |mult_1521_reg_8754324                                                                          |   24|   0|   24|          0|
    |mult_1525_reg_8754328                                                                          |   23|   0|   23|          0|
    |mult_1526_reg_11491160                                                                         |   25|   0|   25|          0|
    |mult_1527_reg_11491164                                                                         |   24|   0|   24|          0|
    |mult_1528_reg_11621460                                                                         |   25|   0|   25|          0|
    |mult_152_reg_3327064                                                                           |   24|   0|   24|          0|
    |mult_1530_reg_11491168                                                                         |   24|   0|   24|          0|
    |mult_1531_reg_11491172                                                                         |   25|   0|   25|          0|
    |mult_1534_reg_11491176                                                                         |   24|   0|   24|          0|
    |mult_1535_reg_11491180                                                                         |   26|   0|   26|          0|
    |mult_1535_reg_11491180_pp0_iter5_reg                                                           |   26|   0|   26|          0|
    |mult_1536_reg_11491184                                                                         |   26|   0|   26|          0|
    |mult_1537_reg_11491188                                                                         |   26|   0|   26|          0|
    |mult_1538_reg_11491192                                                                         |   23|   0|   23|          0|
    |mult_153_reg_3327068                                                                           |   25|   0|   25|          0|
    |mult_1540_reg_11491196                                                                         |   23|   0|   23|          0|
    |mult_1541_reg_11491200                                                                         |   24|   0|   24|          0|
    |mult_1542_reg_11491204                                                                         |   25|   0|   25|          0|
    |mult_1544_reg_8754332                                                                          |   23|   0|   23|          0|
    |mult_1545_reg_11491208                                                                         |   25|   0|   25|          0|
    |mult_1546_reg_8754336                                                                          |   23|   0|   23|          0|
    |mult_1546_reg_8754336_pp0_iter4_reg                                                            |   23|   0|   23|          0|
    |mult_1547_reg_11491212                                                                         |   25|   0|   25|          0|
    |mult_1549_reg_11491216                                                                         |   25|   0|   25|          0|
    |mult_154_reg_3327072                                                                           |   25|   0|   25|          0|
    |mult_1550_reg_11491220                                                                         |   22|   0|   22|          0|
    |mult_1552_reg_11491224                                                                         |   24|   0|   24|          0|
    |mult_1553_reg_11621464                                                                         |   25|   0|   25|          0|
    |mult_1554_reg_11491228                                                                         |   24|   0|   24|          0|
    |mult_1555_reg_11629248                                                                         |   25|   0|   25|          0|
    |mult_1556_reg_11491232                                                                         |   25|   0|   25|          0|
    |mult_1557_reg_11491236                                                                         |   25|   0|   25|          0|
    |mult_1558_reg_11491240                                                                         |   24|   0|   24|          0|
    |mult_1559_reg_8754340                                                                          |   24|   0|   24|          0|
    |mult_1561_reg_11491244                                                                         |   23|   0|   23|          0|
    |mult_1562_reg_11491248                                                                         |   24|   0|   24|          0|
    |mult_1563_reg_11491252                                                                         |   25|   0|   25|          0|
    |mult_1565_reg_11491256                                                                         |   24|   0|   24|          0|
    |mult_1566_reg_11491260                                                                         |   25|   0|   25|          0|
    |mult_1567_reg_11621468                                                                         |   26|   0|   26|          0|
    |mult_1568_reg_11491264                                                                         |   25|   0|   25|          0|
    |mult_1569_reg_11491268                                                                         |   24|   0|   24|          0|
    |mult_1570_reg_11491272                                                                         |   23|   0|   23|          0|
    |mult_1571_reg_11671197                                                                         |   19|   0|   19|          0|
    |mult_1572_reg_11491276                                                                         |   23|   0|   23|          0|
    |mult_1573_reg_11491280                                                                         |   25|   0|   25|          0|
    |mult_1575_reg_11491284                                                                         |   23|   0|   23|          0|
    |mult_1577_reg_11491288                                                                         |   25|   0|   25|          0|
    |mult_1578_reg_11491292                                                                         |   25|   0|   25|          0|
    |mult_1580_reg_11491296                                                                         |   22|   0|   22|          0|
    |mult_1581_reg_11621472                                                                         |   26|   0|   26|          0|
    |mult_1582_reg_11621476                                                                         |   26|   0|   26|          0|
    |mult_1584_reg_11491300                                                                         |   25|   0|   25|          0|
    |mult_1586_reg_11491304                                                                         |   25|   0|   25|          0|
    |mult_1587_reg_11491308                                                                         |   22|   0|   22|          0|
    |mult_1588_reg_11491312                                                                         |   25|   0|   25|          0|
    |mult_1589_reg_11621480                                                                         |   24|   0|   24|          0|
    |mult_158_reg_8751572                                                                           |   24|   0|   24|          0|
    |mult_1590_reg_11491316                                                                         |   23|   0|   23|          0|
    |mult_1591_reg_11491320                                                                         |   23|   0|   23|          0|
    |mult_1592_reg_11491324                                                                         |   25|   0|   25|          0|
    |mult_1594_reg_11491328                                                                         |   25|   0|   25|          0|
    |mult_1595_reg_11491332                                                                         |   25|   0|   25|          0|
    |mult_1597_reg_11491336                                                                         |   22|   0|   22|          0|
    |mult_1598_reg_11491340                                                                         |   23|   0|   23|          0|
    |mult_1599_reg_11673107                                                                         |   19|   0|   21|          2|
    |mult_159_reg_8751576                                                                           |   26|   0|   26|          0|
    |mult_15_reg_519844                                                                             |   24|   0|   24|          0|
    |mult_1601_reg_11491344                                                                         |   23|   0|   23|          0|
    |mult_1602_reg_11671242                                                                         |   17|   0|   22|          5|
    |mult_1603_reg_11491348                                                                         |   22|   0|   22|          0|
    |mult_1604_reg_11491352                                                                         |   24|   0|   24|          0|
    |mult_1605_reg_11491356                                                                         |   23|   0|   23|          0|
    |mult_1606_reg_11491360                                                                         |   23|   0|   23|          0|
    |mult_1608_reg_11673112                                                                         |   19|   0|   23|          4|
    |mult_1609_reg_11491364                                                                         |   23|   0|   23|          0|
    |mult_160_reg_3327080                                                                           |   23|   0|   23|          0|
    |mult_1610_reg_11491368                                                                         |   25|   0|   25|          0|
    |mult_1612_reg_11491372                                                                         |   23|   0|   23|          0|
    |mult_1613_reg_11491376                                                                         |   25|   0|   25|          0|
    |mult_1614_reg_11491380                                                                         |   25|   0|   25|          0|
    |mult_1616_reg_11491384                                                                         |   22|   0|   22|          0|
    |mult_1617_reg_11491388                                                                         |   23|   0|   23|          0|
    |mult_1619_reg_11491392                                                                         |   24|   0|   24|          0|
    |mult_161_reg_3327084                                                                           |   23|   0|   23|          0|
    |mult_1620_reg_11491396                                                                         |   22|   0|   22|          0|
    |mult_1622_reg_11491400                                                                         |   24|   0|   24|          0|
    |mult_1623_reg_11491404                                                                         |   25|   0|   25|          0|
    |mult_1627_reg_11491408                                                                         |   23|   0|   23|          0|
    |mult_1628_reg_11491412                                                                         |   25|   0|   25|          0|
    |mult_162_reg_3327088                                                                           |   24|   0|   24|          0|
    |mult_1630_reg_11491416                                                                         |   23|   0|   23|          0|
    |mult_1631_reg_11491420                                                                         |   25|   0|   25|          0|
    |mult_1632_reg_11491424                                                                         |   24|   0|   24|          0|
    |mult_1633_reg_11491428                                                                         |   22|   0|   22|          0|
    |mult_1634_reg_11673117                                                                         |   22|   0|   22|          0|
    |mult_1635_reg_11621488                                                                         |   22|   0|   22|          0|
    |mult_1636_reg_11491432                                                                         |   24|   0|   24|          0|
    |mult_1637_reg_11491436                                                                         |   23|   0|   23|          0|
    |mult_1638_reg_11491440                                                                         |   24|   0|   24|          0|
    |mult_1639_reg_11491444                                                                         |   23|   0|   23|          0|
    |mult_163_reg_3327092                                                                           |   22|   0|   22|          0|
    |mult_1640_reg_11491448                                                                         |   25|   0|   25|          0|
    |mult_1641_reg_11491452                                                                         |   26|   0|   26|          0|
    |mult_1642_reg_11491456                                                                         |   25|   0|   25|          0|
    |mult_1643_reg_11491460                                                                         |   24|   0|   24|          0|
    |mult_1644_reg_11491464                                                                         |   25|   0|   25|          0|
    |mult_1645_reg_11491468                                                                         |   24|   0|   24|          0|
    |mult_1647_reg_11491472                                                                         |   22|   0|   22|          0|
    |mult_1648_reg_11671272                                                                         |   17|   0|   17|          0|
    |mult_1649_reg_11491476                                                                         |   25|   0|   25|          0|
    |mult_164_reg_3327096                                                                           |   25|   0|   25|          0|
    |mult_1650_reg_11673122                                                                         |   19|   0|   21|          2|
    |mult_1651_reg_11491480                                                                         |   23|   0|   23|          0|
    |mult_1652_reg_11629252                                                                         |   25|   0|   25|          0|
    |mult_1653_reg_11491484                                                                         |   23|   0|   23|          0|
    |mult_1654_reg_11491492                                                                         |   23|   0|   23|          0|
    |mult_1655_reg_11491496                                                                         |   22|   0|   22|          0|
    |mult_1656_reg_11491500                                                                         |   23|   0|   23|          0|
    |mult_1657_reg_11621492                                                                         |   26|   0|   26|          0|
    |mult_1659_reg_11491504                                                                         |   24|   0|   24|          0|
    |mult_165_reg_3327100                                                                           |   24|   0|   24|          0|
    |mult_1660_reg_11491508                                                                         |   24|   0|   24|          0|
    |mult_1661_reg_11491512                                                                         |   25|   0|   25|          0|
    |mult_1662_reg_11491516                                                                         |   25|   0|   25|          0|
    |mult_1666_reg_11491520                                                                         |   25|   0|   25|          0|
    |mult_1667_reg_11491524                                                                         |   25|   0|   25|          0|
    |mult_1668_reg_11621496                                                                         |   26|   0|   26|          0|
    |mult_1669_reg_11621500                                                                         |   26|   0|   26|          0|
    |mult_166_reg_3327104                                                                           |   21|   0|   21|          0|
    |mult_1670_reg_11491528                                                                         |   27|   0|   27|          0|
    |mult_1671_reg_11491532                                                                         |   24|   0|   24|          0|
    |mult_1672_reg_11491536                                                                         |   25|   0|   25|          0|
    |mult_1673_reg_11621504                                                                         |   26|   0|   26|          0|
    |mult_1675_reg_11621508                                                                         |   26|   0|   26|          0|
    |mult_1676_reg_11491540                                                                         |   25|   0|   25|          0|
    |mult_1678_reg_11621512                                                                         |   22|   0|   22|          0|
    |mult_1679_reg_11491544                                                                         |   23|   0|   23|          0|
    |mult_167_reg_3327108                                                                           |   23|   0|   23|          0|
    |mult_1680_reg_11491548                                                                         |   25|   0|   25|          0|
    |mult_1681_reg_11491552                                                                         |   22|   0|   22|          0|
    |mult_1682_reg_11491556                                                                         |   25|   0|   25|          0|
    |mult_1684_reg_11491560                                                                         |   24|   0|   24|          0|
    |mult_1685_reg_11491564                                                                         |   24|   0|   24|          0|
    |mult_1686_reg_11491568                                                                         |   23|   0|   23|          0|
    |mult_1687_reg_11491572                                                                         |   24|   0|   24|          0|
    |mult_1688_reg_11491576                                                                         |   23|   0|   23|          0|
    |mult_1689_reg_11491580                                                                         |   23|   0|   23|          0|
    |mult_168_reg_3327112                                                                           |   25|   0|   25|          0|
    |mult_1690_reg_11491584                                                                         |   24|   0|   24|          0|
    |mult_1691_reg_11491588                                                                         |   25|   0|   25|          0|
    |mult_1692_reg_11491592                                                                         |   24|   0|   24|          0|
    |mult_1693_reg_11491596                                                                         |   24|   0|   24|          0|
    |mult_1695_reg_11491600                                                                         |   25|   0|   25|          0|
    |mult_1696_reg_11491608                                                                         |   24|   0|   24|          0|
    |mult_1697_reg_11491616                                                                         |   24|   0|   24|          0|
    |mult_1699_reg_11491620                                                                         |   25|   0|   25|          0|
    |mult_16_reg_519856                                                                             |   25|   0|   25|          0|
    |mult_1700_reg_11491624                                                                         |   25|   0|   25|          0|
    |mult_1702_reg_11491628                                                                         |   23|   0|   23|          0|
    |mult_1704_reg_11491632                                                                         |   21|   0|   21|          0|
    |mult_1705_reg_11491636                                                                         |   25|   0|   25|          0|
    |mult_1707_reg_11491640                                                                         |   25|   0|   25|          0|
    |mult_1708_reg_11491644                                                                         |   23|   0|   23|          0|
    |mult_1709_reg_11491648                                                                         |   23|   0|   23|          0|
    |mult_170_reg_3327116                                                                           |   25|   0|   25|          0|
    |mult_1710_reg_11491652                                                                         |   25|   0|   25|          0|
    |mult_1711_reg_11491656                                                                         |   25|   0|   25|          0|
    |mult_1713_reg_11491660                                                                         |   25|   0|   25|          0|
    |mult_1717_reg_11491664                                                                         |   23|   0|   23|          0|
    |mult_1718_reg_11491668                                                                         |   24|   0|   24|          0|
    |mult_1719_reg_11491672                                                                         |   25|   0|   25|          0|
    |mult_171_reg_3327120                                                                           |   23|   0|   23|          0|
    |mult_1720_reg_11491676                                                                         |   25|   0|   25|          0|
    |mult_1722_reg_11491680                                                                         |   22|   0|   22|          0|
    |mult_1723_reg_11491684                                                                         |   22|   0|   22|          0|
    |mult_1724_reg_11621516                                                                         |   26|   0|   26|          0|
    |mult_1725_reg_11491688                                                                         |   23|   0|   23|          0|
    |mult_1728_reg_11621520                                                                         |   26|   0|   26|          0|
    |mult_1729_reg_11491692                                                                         |   25|   0|   25|          0|
    |mult_172_reg_3327124                                                                           |   24|   0|   24|          0|
    |mult_1730_reg_11621524                                                                         |   24|   0|   24|          0|
    |mult_1732_reg_11621528                                                                         |   26|   0|   26|          0|
    |mult_1734_reg_11621532                                                                         |   26|   0|   26|          0|
    |mult_1736_reg_11491700                                                                         |   24|   0|   24|          0|
    |mult_1737_reg_11491704                                                                         |   26|   0|   26|          0|
    |mult_1738_reg_11491708                                                                         |   24|   0|   24|          0|
    |mult_173_reg_3327128                                                                           |   25|   0|   25|          0|
    |mult_1740_reg_11491712                                                                         |   24|   0|   24|          0|
    |mult_1741_reg_11491716                                                                         |   25|   0|   25|          0|
    |mult_1742_reg_11491720                                                                         |   25|   0|   25|          0|
    |mult_1743_reg_11491724                                                                         |   26|   0|   26|          0|
    |mult_1744_reg_11629256                                                                         |   27|   0|   27|          0|
    |mult_1745_reg_11491728                                                                         |   26|   0|   26|          0|
    |mult_1746_reg_11621540                                                                         |   26|   0|   26|          0|
    |mult_1748_reg_11491732                                                                         |   25|   0|   25|          0|
    |mult_174_reg_3327132                                                                           |   25|   0|   25|          0|
    |mult_1750_reg_11621544                                                                         |   22|   0|   22|          0|
    |mult_1751_reg_11491736                                                                         |   23|   0|   23|          0|
    |mult_1752_reg_11491740                                                                         |   24|   0|   24|          0|
    |mult_1753_reg_11491744                                                                         |   23|   0|   23|          0|
    |mult_1754_reg_11491748                                                                         |   23|   0|   23|          0|
    |mult_1755_reg_11491752                                                                         |   24|   0|   24|          0|
    |mult_1756_reg_11491756                                                                         |   25|   0|   25|          0|
    |mult_1757_reg_11491760                                                                         |   26|   0|   26|          0|
    |mult_1758_reg_11491764                                                                         |   25|   0|   25|          0|
    |mult_175_reg_3327136                                                                           |   22|   0|   22|          0|
    |mult_1760_reg_11491768                                                                         |   25|   0|   25|          0|
    |mult_1763_reg_11491772                                                                         |   23|   0|   23|          0|
    |mult_1764_reg_11491776                                                                         |   24|   0|   24|          0|
    |mult_1765_reg_11491780                                                                         |   26|   0|   26|          0|
    |mult_1766_reg_11491784                                                                         |   25|   0|   25|          0|
    |mult_1767_reg_11491788                                                                         |   24|   0|   24|          0|
    |mult_1768_reg_11491792                                                                         |   23|   0|   23|          0|
    |mult_1769_reg_11491796                                                                         |   24|   0|   24|          0|
    |mult_176_reg_3327140                                                                           |   24|   0|   24|          0|
    |mult_1770_reg_11491804                                                                         |   23|   0|   23|          0|
    |mult_1771_reg_11491808                                                                         |   23|   0|   23|          0|
    |mult_1772_reg_11491812                                                                         |   24|   0|   24|          0|
    |mult_1773_reg_11491816                                                                         |   25|   0|   25|          0|
    |mult_1774_reg_11491820                                                                         |   23|   0|   23|          0|
    |mult_1776_reg_11491824                                                                         |   25|   0|   25|          0|
    |mult_1778_reg_11491828                                                                         |   24|   0|   24|          0|
    |mult_1779_reg_11491832                                                                         |   22|   0|   22|          0|
    |mult_177_reg_8751580                                                                           |   26|   0|   26|          0|
    |mult_1780_reg_11491836                                                                         |   23|   0|   23|          0|
    |mult_1782_reg_11491840                                                                         |   24|   0|   24|          0|
    |mult_1783_reg_11491844                                                                         |   25|   0|   25|          0|
    |mult_1784_reg_11491848                                                                         |   22|   0|   22|          0|
    |mult_1786_reg_11491852                                                                         |   24|   0|   24|          0|
    |mult_1787_reg_11491856                                                                         |   24|   0|   24|          0|
    |mult_1788_reg_11491860                                                                         |   25|   0|   25|          0|
    |mult_1789_reg_11491864                                                                         |   23|   0|   23|          0|
    |mult_178_reg_3327144                                                                           |   23|   0|   23|          0|
    |mult_1790_reg_11491868                                                                         |   24|   0|   24|          0|
    |mult_1793_reg_11491872                                                                         |   25|   0|   25|          0|
    |mult_1794_reg_11621548                                                                         |   24|   0|   24|          0|
    |mult_1795_reg_11491876                                                                         |   25|   0|   25|          0|
    |mult_1797_reg_11491880                                                                         |   24|   0|   24|          0|
    |mult_1798_reg_11491884                                                                         |   25|   0|   25|          0|
    |mult_1799_reg_11621552                                                                         |   24|   0|   24|          0|
    |mult_179_reg_3327148                                                                           |   25|   0|   25|          0|
    |mult_17_reg_519860                                                                             |   24|   0|   24|          0|
    |mult_1800_reg_11491888                                                                         |   25|   0|   25|          0|
    |mult_1801_reg_11491892                                                                         |   25|   0|   25|          0|
    |mult_1803_reg_11491896                                                                         |   24|   0|   24|          0|
    |mult_1804_reg_11491900                                                                         |   25|   0|   25|          0|
    |mult_1807_reg_11491904                                                                         |   23|   0|   23|          0|
    |mult_1808_reg_11491908                                                                         |   25|   0|   25|          0|
    |mult_1809_reg_11491912                                                                         |   26|   0|   26|          0|
    |mult_180_reg_519952                                                                            |   22|   0|   22|          0|
    |mult_1810_reg_11491916                                                                         |   25|   0|   25|          0|
    |mult_1811_reg_11491920                                                                         |   25|   0|   25|          0|
    |mult_1812_reg_11491924                                                                         |   23|   0|   23|          0|
    |mult_1813_reg_11491928                                                                         |   25|   0|   25|          0|
    |mult_1814_reg_11491932                                                                         |   25|   0|   25|          0|
    |mult_1815_reg_11491936                                                                         |   25|   0|   25|          0|
    |mult_1816_reg_11491940                                                                         |   26|   0|   26|          0|
    |mult_1817_reg_11491944                                                                         |   24|   0|   24|          0|
    |mult_1818_reg_11491948                                                                         |   25|   0|   25|          0|
    |mult_1819_reg_11491952                                                                         |   25|   0|   25|          0|
    |mult_1820_reg_11491956                                                                         |   25|   0|   25|          0|
    |mult_1821_reg_11491960                                                                         |   24|   0|   24|          0|
    |mult_1822_reg_11491964                                                                         |   23|   0|   23|          0|
    |mult_1823_reg_11491968                                                                         |   24|   0|   24|          0|
    |mult_1824_reg_11491972                                                                         |   25|   0|   25|          0|
    |mult_1825_reg_11491976                                                                         |   25|   0|   25|          0|
    |mult_1826_reg_11491980                                                                         |   25|   0|   25|          0|
    |mult_1827_reg_11491984                                                                         |   25|   0|   25|          0|
    |mult_1828_reg_11491988                                                                         |   25|   0|   25|          0|
    |mult_182_reg_8751584                                                                           |   25|   0|   25|          0|
    |mult_1830_reg_11491992                                                                         |   21|   0|   21|          0|
    |mult_1831_reg_11671432                                                                         |   19|   0|   22|          3|
    |mult_1832_reg_11491996                                                                         |   25|   0|   25|          0|
    |mult_1833_reg_11492000                                                                         |   26|   0|   26|          0|
    |mult_1834_reg_11492004                                                                         |   24|   0|   24|          0|
    |mult_1836_reg_11492008                                                                         |   24|   0|   24|          0|
    |mult_1837_reg_11671437                                                                         |   20|   0|   21|          1|
    |mult_1838_reg_11492012                                                                         |   24|   0|   24|          0|
    |mult_1839_reg_11492016                                                                         |   24|   0|   24|          0|
    |mult_183_reg_519956                                                                            |   22|   0|   22|          0|
    |mult_1840_reg_11492020                                                                         |   23|   0|   23|          0|
    |mult_1842_reg_11673127                                                                         |   20|   0|   23|          3|
    |mult_1843_reg_11492024                                                                         |   23|   0|   23|          0|
    |mult_1845_reg_11492028                                                                         |   23|   0|   23|          0|
    |mult_1846_reg_11492032                                                                         |   25|   0|   25|          0|
    |mult_1847_reg_11492036                                                                         |   22|   0|   22|          0|
    |mult_1848_reg_11492040                                                                         |   25|   0|   25|          0|
    |mult_1849_reg_11492044                                                                         |   24|   0|   24|          0|
    |mult_184_reg_3327152                                                                           |   25|   0|   25|          0|
    |mult_1851_reg_11492048                                                                         |   23|   0|   23|          0|
    |mult_1852_reg_11492052                                                                         |   22|   0|   22|          0|
    |mult_1857_reg_11492056                                                                         |   24|   0|   24|          0|
    |mult_1858_reg_11492060                                                                         |   25|   0|   25|          0|
    |mult_1859_reg_11492064                                                                         |   21|   0|   21|          0|
    |mult_185_reg_3327156                                                                           |   26|   0|   26|          0|
    |mult_1860_reg_11492068                                                                         |   25|   0|   25|          0|
    |mult_1861_reg_11492072                                                                         |   25|   0|   25|          0|
    |mult_1862_reg_11671467                                                                         |   17|   0|   18|          1|
    |mult_1863_reg_11492076                                                                         |   24|   0|   24|          0|
    |mult_1865_reg_11621556                                                                         |   26|   0|   26|          0|
    |mult_1867_reg_11492080                                                                         |   21|   0|   21|          0|
    |mult_1868_reg_11492084                                                                         |   22|   0|   22|          0|
    |mult_1870_reg_11492088                                                                         |   24|   0|   24|          0|
    |mult_1871_reg_11492092                                                                         |   25|   0|   25|          0|
    |mult_1872_reg_11492096                                                                         |   24|   0|   24|          0|
    |mult_1873_reg_11492100                                                                         |   23|   0|   23|          0|
    |mult_1874_reg_11492104                                                                         |   25|   0|   25|          0|
    |mult_1875_reg_11492108                                                                         |   24|   0|   24|          0|
    |mult_1877_reg_11492112                                                                         |   23|   0|   23|          0|
    |mult_1878_reg_11492116                                                                         |   25|   0|   25|          0|
    |mult_1879_reg_11492120                                                                         |   25|   0|   25|          0|
    |mult_187_reg_3327160                                                                           |   23|   0|   23|          0|
    |mult_1880_reg_11492124                                                                         |   26|   0|   26|          0|
    |mult_1882_reg_11492128                                                                         |   24|   0|   24|          0|
    |mult_1883_reg_11492132                                                                         |   25|   0|   25|          0|
    |mult_1886_reg_11492136                                                                         |   25|   0|   25|          0|
    |mult_1887_reg_11492140                                                                         |   25|   0|   25|          0|
    |mult_1888_reg_11492144                                                                         |   22|   0|   22|          0|
    |mult_188_reg_11668379                                                                          |   24|   0|   25|          1|
    |mult_1891_reg_11492148                                                                         |   25|   0|   25|          0|
    |mult_1892_reg_11492152                                                                         |   25|   0|   25|          0|
    |mult_1893_reg_11492156                                                                         |   24|   0|   24|          0|
    |mult_1894_reg_11492160                                                                         |   23|   0|   23|          0|
    |mult_1895_reg_11492164                                                                         |   26|   0|   26|          0|
    |mult_1897_reg_11492168                                                                         |   26|   0|   26|          0|
    |mult_1898_reg_11492172                                                                         |   23|   0|   23|          0|
    |mult_1899_reg_8754344                                                                          |   22|   0|   22|          0|
    |mult_189_reg_3327164                                                                           |   23|   0|   23|          0|
    |mult_18_reg_519864                                                                             |   25|   0|   25|          0|
    |mult_1902_reg_11621560                                                                         |   27|   0|   27|          0|
    |mult_1903_reg_11492176                                                                         |   22|   0|   22|          0|
    |mult_1904_reg_11621564                                                                         |   23|   0|   23|          0|
    |mult_1905_reg_11492180                                                                         |   25|   0|   25|          0|
    |mult_1906_reg_11621572                                                                         |   27|   0|   27|          0|
    |mult_1907_reg_11492184                                                                         |   26|   0|   26|          0|
    |mult_1908_reg_11621576                                                                         |   27|   0|   27|          0|
    |mult_1909_reg_11492188                                                                         |   26|   0|   26|          0|
    |mult_190_reg_3327168                                                                           |   23|   0|   23|          0|
    |mult_1910_reg_11492192                                                                         |   24|   0|   24|          0|
    |mult_1911_reg_11492196                                                                         |   25|   0|   25|          0|
    |mult_1912_reg_11492200                                                                         |   24|   0|   24|          0|
    |mult_1913_reg_11492204                                                                         |   25|   0|   25|          0|
    |mult_1915_reg_11492208                                                                         |   23|   0|   23|          0|
    |mult_191_reg_11668384                                                                          |   20|   0|   21|          1|
    |mult_1920_reg_11492212                                                                         |   23|   0|   23|          0|
    |mult_1922_reg_11492216                                                                         |   24|   0|   24|          0|
    |mult_1924_reg_11492220                                                                         |   25|   0|   25|          0|
    |mult_1925_reg_11492224                                                                         |   25|   0|   25|          0|
    |mult_1926_reg_11492228                                                                         |   24|   0|   24|          0|
    |mult_1927_reg_11492232                                                                         |   24|   0|   24|          0|
    |mult_1929_reg_11492236                                                                         |   25|   0|   25|          0|
    |mult_192_reg_3327172                                                                           |   25|   0|   25|          0|
    |mult_1930_reg_11492240                                                                         |   25|   0|   25|          0|
    |mult_1932_reg_11492244                                                                         |   24|   0|   24|          0|
    |mult_1933_reg_11492248                                                                         |   25|   0|   25|          0|
    |mult_1934_reg_11492252                                                                         |   23|   0|   23|          0|
    |mult_1935_reg_11492256                                                                         |   23|   0|   23|          0|
    |mult_1936_reg_11492260                                                                         |   25|   0|   25|          0|
    |mult_1937_reg_11673132                                                                         |   19|   0|   21|          2|
    |mult_1938_reg_11492264                                                                         |   26|   0|   26|          0|
    |mult_1939_reg_11492268                                                                         |   25|   0|   25|          0|
    |mult_193_reg_3327176                                                                           |   25|   0|   25|          0|
    |mult_1940_reg_11492272                                                                         |   25|   0|   25|          0|
    |mult_1941_reg_11492276                                                                         |   25|   0|   25|          0|
    |mult_1942_reg_11492280                                                                         |   26|   0|   26|          0|
    |mult_1943_reg_11492284                                                                         |   24|   0|   24|          0|
    |mult_1944_reg_11492288                                                                         |   25|   0|   25|          0|
    |mult_1946_reg_11492292                                                                         |   25|   0|   25|          0|
    |mult_1947_reg_11492296                                                                         |   24|   0|   24|          0|
    |mult_1948_reg_11492300                                                                         |   24|   0|   24|          0|
    |mult_194_reg_3327180                                                                           |   25|   0|   25|          0|
    |mult_194_reg_3327180_pp0_iter3_reg                                                             |   25|   0|   25|          0|
    |mult_1950_reg_11492304                                                                         |   24|   0|   24|          0|
    |mult_1952_reg_11492308                                                                         |   23|   0|   23|          0|
    |mult_1953_reg_11492312                                                                         |   26|   0|   26|          0|
    |mult_1955_reg_11492316                                                                         |   24|   0|   24|          0|
    |mult_1956_reg_11492320                                                                         |   25|   0|   25|          0|
    |mult_1959_reg_11492324                                                                         |   25|   0|   25|          0|
    |mult_195_reg_3327184                                                                           |   23|   0|   23|          0|
    |mult_1961_reg_11492328                                                                         |   26|   0|   26|          0|
    |mult_1962_reg_11492332                                                                         |   25|   0|   25|          0|
    |mult_1963_reg_11492336                                                                         |   25|   0|   25|          0|
    |mult_1964_reg_11492340                                                                         |   25|   0|   25|          0|
    |mult_1965_reg_11621584                                                                         |   26|   0|   26|          0|
    |mult_1966_reg_11492344                                                                         |   25|   0|   25|          0|
    |mult_1967_reg_11492348                                                                         |   25|   0|   25|          0|
    |mult_1968_reg_11492352                                                                         |   26|   0|   26|          0|
    |mult_1969_reg_11492356                                                                         |   25|   0|   25|          0|
    |mult_196_reg_3327188                                                                           |   24|   0|   24|          0|
    |mult_1970_reg_11492360                                                                         |   24|   0|   24|          0|
    |mult_1971_reg_11492364                                                                         |   24|   0|   24|          0|
    |mult_1972_reg_11492368                                                                         |   25|   0|   25|          0|
    |mult_1973_reg_11492372                                                                         |   23|   0|   23|          0|
    |mult_1974_reg_11492376                                                                         |   22|   0|   22|          0|
    |mult_1975_reg_11621588                                                                         |   27|   0|   27|          0|
    |mult_1976_reg_11492380                                                                         |   24|   0|   24|          0|
    |mult_1977_reg_11492384                                                                         |   25|   0|   25|          0|
    |mult_1979_reg_11492388                                                                         |   26|   0|   26|          0|
    |mult_197_reg_3327192                                                                           |   25|   0|   25|          0|
    |mult_1980_reg_11492392                                                                         |   26|   0|   26|          0|
    |mult_1982_reg_11621592                                                                         |   27|   0|   27|          0|
    |mult_1983_reg_11492396                                                                         |   25|   0|   25|          0|
    |mult_1984_reg_11671586                                                                         |   20|   0|   22|          2|
    |mult_1986_reg_11492400                                                                         |   23|   0|   23|          0|
    |mult_1988_reg_11492404                                                                         |   24|   0|   24|          0|
    |mult_1989_reg_11492408                                                                         |   25|   0|   25|          0|
    |mult_198_reg_3327196                                                                           |   25|   0|   25|          0|
    |mult_1990_reg_11492412                                                                         |   25|   0|   25|          0|
    |mult_1991_reg_11492420                                                                         |   25|   0|   25|          0|
    |mult_1995_reg_11492424                                                                         |   25|   0|   25|          0|
    |mult_1996_reg_11492428                                                                         |   26|   0|   26|          0|
    |mult_1998_reg_11492432                                                                         |   25|   0|   25|          0|
    |mult_1999_reg_11492436                                                                         |   25|   0|   25|          0|
    |mult_199_reg_3327200                                                                           |   23|   0|   23|          0|
    |mult_1_reg_519768                                                                              |   25|   0|   25|          0|
    |mult_2000_reg_11492440                                                                         |   25|   0|   25|          0|
    |mult_2001_reg_11492444                                                                         |   24|   0|   24|          0|
    |mult_2003_reg_11492448                                                                         |   23|   0|   23|          0|
    |mult_2004_reg_11492452                                                                         |   26|   0|   26|          0|
    |mult_2005_reg_11492456                                                                         |   25|   0|   25|          0|
    |mult_2006_reg_11492460                                                                         |   25|   0|   25|          0|
    |mult_2007_reg_11492464                                                                         |   23|   0|   23|          0|
    |mult_2008_reg_11492468                                                                         |   25|   0|   25|          0|
    |mult_2009_reg_11492472                                                                         |   25|   0|   25|          0|
    |mult_200_reg_3327208                                                                           |   24|   0|   24|          0|
    |mult_2010_reg_11492476                                                                         |   23|   0|   23|          0|
    |mult_2011_reg_11492480                                                                         |   26|   0|   26|          0|
    |mult_2012_reg_11492484                                                                         |   25|   0|   25|          0|
    |mult_2014_reg_11492488                                                                         |   25|   0|   25|          0|
    |mult_2015_reg_11492492                                                                         |   21|   0|   21|          0|
    |mult_2016_reg_11492496                                                                         |   22|   0|   22|          0|
    |mult_2017_reg_11492500                                                                         |   25|   0|   25|          0|
    |mult_2019_reg_11492504                                                                         |   25|   0|   25|          0|
    |mult_2020_reg_11492508                                                                         |   24|   0|   24|          0|
    |mult_2022_reg_11492512                                                                         |   23|   0|   23|          0|
    |mult_2023_reg_11492516                                                                         |   23|   0|   23|          0|
    |mult_2024_reg_11492520                                                                         |   24|   0|   24|          0|
    |mult_2025_reg_11492524                                                                         |   25|   0|   25|          0|
    |mult_2026_reg_11492528                                                                         |   25|   0|   25|          0|
    |mult_2028_reg_11492532                                                                         |   22|   0|   22|          0|
    |mult_2029_reg_11492536                                                                         |   23|   0|   23|          0|
    |mult_202_reg_3327212                                                                           |   24|   0|   24|          0|
    |mult_2030_reg_11492540                                                                         |   24|   0|   24|          0|
    |mult_2031_reg_11492544                                                                         |   25|   0|   25|          0|
    |mult_2032_reg_11492548                                                                         |   25|   0|   25|          0|
    |mult_2034_reg_11492552                                                                         |   24|   0|   24|          0|
    |mult_2035_reg_11492560                                                                         |   23|   0|   23|          0|
    |mult_2036_reg_11492564                                                                         |   24|   0|   24|          0|
    |mult_2037_reg_11492568                                                                         |   22|   0|   22|          0|
    |mult_2038_reg_11492572                                                                         |   25|   0|   25|          0|
    |mult_2039_reg_11492576                                                                         |   24|   0|   24|          0|
    |mult_2040_reg_11492580                                                                         |   25|   0|   25|          0|
    |mult_2042_reg_11492584                                                                         |   25|   0|   25|          0|
    |mult_2043_reg_11492588                                                                         |   25|   0|   25|          0|
    |mult_2044_reg_11492592                                                                         |   24|   0|   24|          0|
    |mult_2045_reg_11671641                                                                         |   19|   0|   19|          0|
    |mult_2047_reg_11492596                                                                         |   23|   0|   23|          0|
    |mult_2048_reg_11492600                                                                         |   23|   0|   23|          0|
    |mult_2049_reg_11492604                                                                         |   23|   0|   23|          0|
    |mult_204_reg_3327216                                                                           |   24|   0|   24|          0|
    |mult_2050_reg_11492608                                                                         |   25|   0|   25|          0|
    |mult_2052_reg_11492612                                                                         |   25|   0|   25|          0|
    |mult_2053_reg_11492616                                                                         |   24|   0|   24|          0|
    |mult_2054_reg_11492620                                                                         |   25|   0|   25|          0|
    |mult_2055_reg_11492624                                                                         |   23|   0|   23|          0|
    |mult_2056_reg_11492628                                                                         |   25|   0|   25|          0|
    |mult_2057_reg_11492632                                                                         |   24|   0|   24|          0|
    |mult_2059_reg_11492636                                                                         |   24|   0|   24|          0|
    |mult_2060_reg_11492640                                                                         |   25|   0|   25|          0|
    |mult_2062_reg_11492644                                                                         |   24|   0|   24|          0|
    |mult_2063_reg_11492648                                                                         |   23|   0|   23|          0|
    |mult_2064_reg_11492652                                                                         |   23|   0|   23|          0|
    |mult_2065_reg_11492656                                                                         |   25|   0|   25|          0|
    |mult_2066_reg_11492660                                                                         |   23|   0|   23|          0|
    |mult_2067_reg_11492664                                                                         |   23|   0|   23|          0|
    |mult_2068_reg_11492668                                                                         |   23|   0|   23|          0|
    |mult_206_reg_8751588                                                                           |   25|   0|   25|          0|
    |mult_2070_reg_11492672                                                                         |   22|   0|   22|          0|
    |mult_2071_reg_11492676                                                                         |   25|   0|   25|          0|
    |mult_2073_reg_11492680                                                                         |   25|   0|   25|          0|
    |mult_2075_reg_11492684                                                                         |   26|   0|   26|          0|
    |mult_2076_reg_11492688                                                                         |   25|   0|   25|          0|
    |mult_2077_reg_11492692                                                                         |   25|   0|   25|          0|
    |mult_2078_reg_11492696                                                                         |   22|   0|   22|          0|
    |mult_207_reg_3327220                                                                           |   25|   0|   25|          0|
    |mult_2081_reg_11492700                                                                         |   24|   0|   24|          0|
    |mult_2082_reg_11492704                                                                         |   24|   0|   24|          0|
    |mult_2083_reg_11492708                                                                         |   25|   0|   25|          0|
    |mult_2085_reg_11492712                                                                         |   23|   0|   23|          0|
    |mult_2086_reg_11492716                                                                         |   23|   0|   23|          0|
    |mult_2089_reg_11492720                                                                         |   21|   0|   21|          0|
    |mult_208_reg_8751592                                                                           |   25|   0|   25|          0|
    |mult_2091_reg_11492724                                                                         |   24|   0|   24|          0|
    |mult_2092_reg_11492728                                                                         |   24|   0|   24|          0|
    |mult_2095_reg_11492736                                                                         |   23|   0|   23|          0|
    |mult_2097_reg_11492744                                                                         |   24|   0|   24|          0|
    |mult_20_reg_3326740                                                                            |   25|   0|   25|          0|
    |mult_2100_reg_11492748                                                                         |   25|   0|   25|          0|
    |mult_2101_reg_11492752                                                                         |   26|   0|   26|          0|
    |mult_2102_reg_11492756                                                                         |   23|   0|   23|          0|
    |mult_2103_reg_11492760                                                                         |   26|   0|   26|          0|
    |mult_2104_reg_11492764                                                                         |   26|   0|   26|          0|
    |mult_2105_reg_11492768                                                                         |   24|   0|   24|          0|
    |mult_2106_reg_11492772                                                                         |   25|   0|   25|          0|
    |mult_2107_reg_11492776                                                                         |   25|   0|   25|          0|
    |mult_2108_reg_11492780                                                                         |   22|   0|   22|          0|
    |mult_2109_reg_11671697                                                                         |   19|   0|   19|          0|
    |mult_2110_reg_11492784                                                                         |   24|   0|   24|          0|
    |mult_2113_reg_11492792                                                                         |   25|   0|   25|          0|
    |mult_2115_reg_11621596                                                                         |   22|   0|   22|          0|
    |mult_2116_reg_11492796                                                                         |   23|   0|   23|          0|
    |mult_2117_reg_11492800                                                                         |   24|   0|   24|          0|
    |mult_2118_reg_11492808                                                                         |   24|   0|   24|          0|
    |mult_2119_reg_11492812                                                                         |   21|   0|   21|          0|
    |mult_211_reg_3327224                                                                           |   25|   0|   25|          0|
    |mult_2121_reg_11492816                                                                         |   23|   0|   23|          0|
    |mult_212_reg_3327228                                                                           |   24|   0|   24|          0|
    |mult_215_reg_3327232                                                                           |   25|   0|   25|          0|
    |mult_216_reg_3327236                                                                           |   25|   0|   25|          0|
    |mult_217_reg_3327240                                                                           |   23|   0|   23|          0|
    |mult_218_reg_3327244                                                                           |   24|   0|   24|          0|
    |mult_219_reg_3327248                                                                           |   22|   0|   22|          0|
    |mult_21_reg_3326744                                                                            |   25|   0|   25|          0|
    |mult_220_reg_3327252                                                                           |   25|   0|   25|          0|
    |mult_221_reg_8751596                                                                           |   25|   0|   25|          0|
    |mult_222_reg_8751600                                                                           |   25|   0|   25|          0|
    |mult_223_reg_3327256                                                                           |   26|   0|   26|          0|
    |mult_224_reg_8751604                                                                           |   25|   0|   25|          0|
    |mult_225_reg_8751608                                                                           |   25|   0|   25|          0|
    |mult_226_reg_8751612                                                                           |   25|   0|   25|          0|
    |mult_228_reg_8751616                                                                           |   27|   0|   27|          0|
    |mult_229_reg_8751620                                                                           |   27|   0|   27|          0|
    |mult_230_reg_8751624                                                                           |   28|   0|   28|          0|
    |mult_231_reg_3327264                                                                           |   27|   0|   27|          0|
    |mult_233_reg_3327272                                                                           |   23|   0|   23|          0|
    |mult_234_reg_3327276                                                                           |   24|   0|   24|          0|
    |mult_235_reg_3327280                                                                           |   24|   0|   24|          0|
    |mult_236_reg_8751628                                                                           |   23|   0|   23|          0|
    |mult_237_reg_8751632                                                                           |   25|   0|   25|          0|
    |mult_238_reg_8751636                                                                           |   25|   0|   25|          0|
    |mult_239_reg_11669319                                                                          |   21|   0|   24|          3|
    |mult_240_reg_519960                                                                            |   22|   0|   22|          0|
    |mult_242_reg_11668436                                                                          |   17|   0|   17|          0|
    |mult_243_reg_3327284                                                                           |   24|   0|   24|          0|
    |mult_244_reg_519964                                                                            |   22|   0|   22|          0|
    |mult_245_reg_3327288                                                                           |   24|   0|   24|          0|
    |mult_247_reg_3327292                                                                           |   23|   0|   23|          0|
    |mult_249_reg_8751640                                                                           |   25|   0|   25|          0|
    |mult_24_reg_11668311                                                                           |   20|   0|   24|          4|
    |mult_250_reg_3327296                                                                           |   24|   0|   24|          0|
    |mult_251_reg_3327300                                                                           |   25|   0|   25|          0|
    |mult_252_reg_11668446                                                                          |   23|   0|   23|          0|
    |mult_253_reg_11668451                                                                          |   16|   0|   20|          4|
    |mult_254_reg_11668456                                                                          |   16|   0|   17|          1|
    |mult_255_reg_3327304                                                                           |   25|   0|   25|          0|
    |mult_256_reg_11668462                                                                          |   20|   0|   21|          1|
    |mult_257_reg_11668467                                                                          |   22|   0|   23|          1|
    |mult_259_reg_3327308                                                                           |   25|   0|   25|          0|
    |mult_260_reg_3327312                                                                           |   25|   0|   25|          0|
    |mult_261_reg_3327316                                                                           |   24|   0|   24|          0|
    |mult_262_reg_3327320                                                                           |   24|   0|   24|          0|
    |mult_263_reg_3327324                                                                           |   23|   0|   23|          0|
    |mult_264_reg_3327328                                                                           |   23|   0|   23|          0|
    |mult_266_reg_3327336                                                                           |   23|   0|   23|          0|
    |mult_267_reg_3327340                                                                           |   25|   0|   25|          0|
    |mult_269_reg_3327344                                                                           |   25|   0|   25|          0|
    |mult_269_reg_3327344_pp0_iter3_reg                                                             |   25|   0|   25|          0|
    |mult_26_reg_3326748                                                                            |   25|   0|   25|          0|
    |mult_270_reg_3327348                                                                           |   26|   0|   26|          0|
    |mult_271_reg_3327352                                                                           |   25|   0|   25|          0|
    |mult_273_reg_3327356                                                                           |   26|   0|   26|          0|
    |mult_274_reg_11668488                                                                          |   19|   0|   19|          0|
    |mult_275_reg_11668493                                                                          |   19|   0|   20|          1|
    |mult_276_reg_3327360                                                                           |   25|   0|   25|          0|
    |mult_277_reg_3327364                                                                           |   23|   0|   23|          0|
    |mult_279_reg_3327368                                                                           |   25|   0|   25|          0|
    |mult_27_reg_3326752                                                                            |   26|   0|   26|          0|
    |mult_280_reg_11668514                                                                          |   23|   0|   23|          0|
    |mult_281_reg_8751644                                                                           |   25|   0|   25|          0|
    |mult_283_reg_8751648                                                                           |   26|   0|   26|          0|
    |mult_284_reg_8751656                                                                           |   26|   0|   26|          0|
    |mult_286_reg_8751660                                                                           |   26|   0|   26|          0|
    |mult_287_reg_3327376                                                                           |   24|   0|   24|          0|
    |mult_288_reg_8751664                                                                           |   26|   0|   26|          0|
    |mult_289_reg_3327380                                                                           |   24|   0|   24|          0|
    |mult_28_reg_519868                                                                             |   25|   0|   25|          0|
    |mult_290_reg_3327384                                                                           |   23|   0|   23|          0|
    |mult_291_reg_3327388                                                                           |   24|   0|   24|          0|
    |mult_291_reg_3327388_pp0_iter3_reg                                                             |   24|   0|   24|          0|
    |mult_294_reg_11668529                                                                          |   19|   0|   22|          3|
    |mult_296_reg_8751668                                                                           |   26|   0|   26|          0|
    |mult_297_reg_8751672                                                                           |   26|   0|   26|          0|
    |mult_298_reg_8751676                                                                           |   26|   0|   26|          0|
    |mult_29_reg_3326756                                                                            |   26|   0|   26|          0|
    |mult_2_reg_519780                                                                              |   25|   0|   25|          0|
    |mult_300_reg_8751680                                                                           |   26|   0|   26|          0|
    |mult_301_reg_8751684                                                                           |   26|   0|   26|          0|
    |mult_303_reg_3327392                                                                           |   25|   0|   25|          0|
    |mult_306_reg_3327396                                                                           |   24|   0|   24|          0|
    |mult_307_reg_8751688                                                                           |   25|   0|   25|          0|
    |mult_308_reg_3327400                                                                           |   23|   0|   23|          0|
    |mult_310_reg_8751692                                                                           |   25|   0|   25|          0|
    |mult_311_reg_3327404                                                                           |   24|   0|   24|          0|
    |mult_312_reg_3327408                                                                           |   23|   0|   23|          0|
    |mult_313_reg_11668549                                                                          |   23|   0|   23|          0|
    |mult_315_reg_3327412                                                                           |   22|   0|   22|          0|
    |mult_316_reg_8751696                                                                           |   25|   0|   25|          0|
    |mult_317_reg_8751700                                                                           |   26|   0|   26|          0|
    |mult_318_reg_3327416                                                                           |   24|   0|   24|          0|
    |mult_319_reg_3327420                                                                           |   24|   0|   24|          0|
    |mult_31_reg_519872                                                                             |   22|   0|   22|          0|
    |mult_320_reg_3327424                                                                           |   24|   0|   24|          0|
    |mult_322_reg_8751704                                                                           |   25|   0|   25|          0|
    |mult_324_reg_3327428                                                                           |   24|   0|   24|          0|
    |mult_325_reg_3327432                                                                           |   24|   0|   24|          0|
    |mult_326_reg_8751708                                                                           |   24|   0|   24|          0|
    |mult_328_reg_8751712                                                                           |   26|   0|   26|          0|
    |mult_329_reg_3327436                                                                           |   23|   0|   23|          0|
    |mult_32_reg_3326760                                                                            |   25|   0|   25|          0|
    |mult_330_reg_8751716                                                                           |   24|   0|   24|          0|
    |mult_331_reg_3327440                                                                           |   25|   0|   25|          0|
    |mult_333_reg_8751720                                                                           |   24|   0|   24|          0|
    |mult_335_reg_8751724                                                                           |   26|   0|   26|          0|
    |mult_337_reg_3327444                                                                           |   25|   0|   25|          0|
    |mult_338_reg_3327448                                                                           |   24|   0|   24|          0|
    |mult_339_reg_8751728                                                                           |   23|   0|   23|          0|
    |mult_33_reg_3326764                                                                            |   25|   0|   25|          0|
    |mult_340_reg_3327452                                                                           |   24|   0|   24|          0|
    |mult_341_reg_3327456                                                                           |   25|   0|   25|          0|
    |mult_342_reg_3327460                                                                           |   25|   0|   25|          0|
    |mult_343_reg_3327464                                                                           |   24|   0|   24|          0|
    |mult_344_reg_8751736                                                                           |   25|   0|   25|          0|
    |mult_345_reg_3327468                                                                           |   25|   0|   25|          0|
    |mult_346_reg_11669329                                                                          |   22|   0|   23|          1|
    |mult_347_reg_8751740                                                                           |   25|   0|   25|          0|
    |mult_348_reg_3327472                                                                           |   24|   0|   24|          0|
    |mult_349_reg_3327476                                                                           |   24|   0|   24|          0|
    |mult_34_reg_3326768                                                                            |   25|   0|   25|          0|
    |mult_350_reg_8751744                                                                           |   25|   0|   25|          0|
    |mult_351_reg_8751748                                                                           |   25|   0|   25|          0|
    |mult_352_reg_8751752                                                                           |   25|   0|   25|          0|
    |mult_354_reg_3327480                                                                           |   23|   0|   23|          0|
    |mult_355_reg_3327484                                                                           |   23|   0|   23|          0|
    |mult_356_reg_11669334                                                                          |   20|   0|   23|          3|
    |mult_357_reg_8751756                                                                           |   24|   0|   24|          0|
    |mult_358_reg_8751760                                                                           |   25|   0|   25|          0|
    |mult_359_reg_3327488                                                                           |   21|   0|   21|          0|
    |mult_360_reg_8751764                                                                           |   24|   0|   24|          0|
    |mult_361_reg_3327492                                                                           |   22|   0|   22|          0|
    |mult_362_reg_3327496                                                                           |   23|   0|   23|          0|
    |mult_364_reg_8751768                                                                           |   25|   0|   25|          0|
    |mult_366_reg_3327500                                                                           |   23|   0|   23|          0|
    |mult_368_reg_3327504                                                                           |   25|   0|   25|          0|
    |mult_369_reg_3327508                                                                           |   22|   0|   22|          0|
    |mult_370_reg_3327512                                                                           |   22|   0|   22|          0|
    |mult_371_reg_3327516                                                                           |   22|   0|   22|          0|
    |mult_372_reg_3327520                                                                           |   25|   0|   25|          0|
    |mult_373_reg_3327524                                                                           |   23|   0|   23|          0|
    |mult_376_reg_3327528                                                                           |   25|   0|   25|          0|
    |mult_377_reg_8751772                                                                           |   26|   0|   26|          0|
    |mult_378_reg_3327532                                                                           |   24|   0|   24|          0|
    |mult_379_reg_3327536                                                                           |   25|   0|   25|          0|
    |mult_380_reg_3327540                                                                           |   24|   0|   24|          0|
    |mult_381_reg_3327544                                                                           |   23|   0|   23|          0|
    |mult_385_reg_3327548                                                                           |   23|   0|   23|          0|
    |mult_387_reg_8751776                                                                           |   25|   0|   25|          0|
    |mult_388_reg_3327552                                                                           |   25|   0|   25|          0|
    |mult_389_reg_3327556                                                                           |   24|   0|   24|          0|
    |mult_38_reg_3326772                                                                            |   25|   0|   25|          0|
    |mult_390_reg_3327560                                                                           |   25|   0|   25|          0|
    |mult_391_reg_8751780                                                                           |   25|   0|   25|          0|
    |mult_392_reg_3327564                                                                           |   25|   0|   25|          0|
    |mult_393_reg_3327568                                                                           |   25|   0|   25|          0|
    |mult_394_reg_3327572                                                                           |   24|   0|   24|          0|
    |mult_395_reg_3327576                                                                           |   22|   0|   22|          0|
    |mult_396_reg_8751784                                                                           |   25|   0|   25|          0|
    |mult_398_reg_3327580                                                                           |   24|   0|   24|          0|
    |mult_399_reg_3327584                                                                           |   22|   0|   22|          0|
    |mult_39_reg_11668316                                                                           |   19|   0|   24|          5|
    |mult_3_reg_519792                                                                              |   25|   0|   25|          0|
    |mult_400_reg_3327588                                                                           |   25|   0|   25|          0|
    |mult_401_reg_3327592                                                                           |   23|   0|   23|          0|
    |mult_403_reg_3327596                                                                           |   23|   0|   23|          0|
    |mult_404_reg_8751788                                                                           |   25|   0|   25|          0|
    |mult_405_reg_11668645                                                                          |   20|   0|   20|          0|
    |mult_406_reg_3327600                                                                           |   24|   0|   24|          0|
    |mult_407_reg_3327604                                                                           |   24|   0|   24|          0|
    |mult_407_reg_3327604_pp0_iter3_reg                                                             |   24|   0|   24|          0|
    |mult_409_reg_3327608                                                                           |   25|   0|   25|          0|
    |mult_40_reg_519876                                                                             |   24|   0|   24|          0|
    |mult_410_reg_3327612                                                                           |   24|   0|   24|          0|
    |mult_411_reg_8751792                                                                           |   25|   0|   25|          0|
    |mult_413_reg_3327616                                                                           |   24|   0|   24|          0|
    |mult_414_reg_11668668                                                                          |   17|   0|   18|          1|
    |mult_415_reg_8751796                                                                           |   25|   0|   25|          0|
    |mult_416_reg_3327620                                                                           |   25|   0|   25|          0|
    |mult_417_reg_8751800                                                                           |   25|   0|   25|          0|
    |mult_418_reg_8751804                                                                           |   25|   0|   25|          0|
    |mult_41_reg_519880                                                                             |   24|   0|   24|          0|
    |mult_420_reg_3327624                                                                           |   24|   0|   24|          0|
    |mult_421_reg_3327628                                                                           |   24|   0|   24|          0|
    |mult_422_reg_3327632                                                                           |   25|   0|   25|          0|
    |mult_423_reg_8751808                                                                           |   23|   0|   23|          0|
    |mult_425_reg_3327636                                                                           |   25|   0|   25|          0|
    |mult_426_reg_8751812                                                                           |   25|   0|   25|          0|
    |mult_428_reg_3327640                                                                           |   24|   0|   24|          0|
    |mult_429_reg_3327644                                                                           |   23|   0|   23|          0|
    |mult_430_reg_3327648                                                                           |   25|   0|   25|          0|
    |mult_431_reg_3327652                                                                           |   24|   0|   24|          0|
    |mult_432_reg_3327656                                                                           |   22|   0|   22|          0|
    |mult_434_reg_8751816                                                                           |   25|   0|   25|          0|
    |mult_435_reg_8751820                                                                           |   25|   0|   25|          0|
    |mult_436_reg_3327660                                                                           |   24|   0|   24|          0|
    |mult_438_reg_3327664                                                                           |   24|   0|   24|          0|
    |mult_439_reg_8751824                                                                           |   25|   0|   25|          0|
    |mult_43_reg_519884                                                                             |   24|   0|   24|          0|
    |mult_440_reg_8751828                                                                           |   25|   0|   25|          0|
    |mult_442_reg_8751832                                                                           |   25|   0|   25|          0|
    |mult_443_reg_3327668                                                                           |   25|   0|   25|          0|
    |mult_444_reg_3327672                                                                           |   24|   0|   24|          0|
    |mult_445_reg_3327676                                                                           |   23|   0|   23|          0|
    |mult_446_reg_3327680                                                                           |   24|   0|   24|          0|
    |mult_447_reg_3327684                                                                           |   23|   0|   23|          0|
    |mult_449_reg_8751836                                                                           |   24|   0|   24|          0|
    |mult_44_reg_3326776                                                                            |   25|   0|   25|          0|
    |mult_452_reg_8751840                                                                           |   25|   0|   25|          0|
    |mult_454_reg_8751844                                                                           |   24|   0|   24|          0|
    |mult_455_reg_8751848                                                                           |   26|   0|   26|          0|
    |mult_457_reg_3327688                                                                           |   23|   0|   23|          0|
    |mult_458_reg_3327692                                                                           |   24|   0|   24|          0|
    |mult_459_reg_3327696                                                                           |   23|   0|   23|          0|
    |mult_45_reg_519888                                                                             |   24|   0|   24|          0|
    |mult_460_reg_11669339                                                                          |   20|   0|   23|          3|
    |mult_462_reg_8751852                                                                           |   27|   0|   27|          0|
    |mult_463_reg_3327700                                                                           |   24|   0|   24|          0|
    |mult_464_reg_3327704                                                                           |   24|   0|   24|          0|
    |mult_465_reg_8751856                                                                           |   25|   0|   25|          0|
    |mult_466_reg_8751860                                                                           |   28|   0|   28|          0|
    |mult_468_reg_8751864                                                                           |   28|   0|   28|          0|
    |mult_469_reg_8751868                                                                           |   27|   0|   27|          0|
    |mult_46_reg_11668060                                                                           |   19|   0|   19|          0|
    |mult_470_reg_8751872                                                                           |   28|   0|   28|          0|
    |mult_471_reg_8751876                                                                           |   25|   0|   25|          0|
    |mult_472_reg_8751880                                                                           |   28|   0|   28|          0|
    |mult_474_reg_8751884                                                                           |   25|   0|   25|          0|
    |mult_476_reg_8751888                                                                           |   25|   0|   25|          0|
    |mult_477_reg_3327708                                                                           |   24|   0|   24|          0|
    |mult_478_reg_11669344                                                                          |   19|   0|   22|          3|
    |mult_479_reg_3327712                                                                           |   25|   0|   25|          0|
    |mult_47_reg_3326780                                                                            |   25|   0|   25|          0|
    |mult_482_reg_8751892                                                                           |   24|   0|   24|          0|
    |mult_483_reg_3327716                                                                           |   25|   0|   25|          0|
    |mult_487_reg_8751896                                                                           |   24|   0|   24|          0|
    |mult_488_reg_3327720                                                                           |   24|   0|   24|          0|
    |mult_48_reg_3326784                                                                            |   25|   0|   25|          0|
    |mult_490_reg_3327724                                                                           |   24|   0|   24|          0|
    |mult_491_reg_3327728                                                                           |   25|   0|   25|          0|
    |mult_492_reg_3327732                                                                           |   24|   0|   24|          0|
    |mult_494_reg_3327736                                                                           |   25|   0|   25|          0|
    |mult_494_reg_3327736_pp0_iter3_reg                                                             |   25|   0|   25|          0|
    |mult_495_reg_8751900                                                                           |   24|   0|   24|          0|
    |mult_49_reg_3326788                                                                            |   24|   0|   24|          0|
    |mult_4_reg_519796                                                                              |   22|   0|   22|          0|
    |mult_500_reg_11669354                                                                          |   24|   0|   24|          0|
    |mult_502_reg_3327740                                                                           |   25|   0|   25|          0|
    |mult_503_reg_8751904                                                                           |   26|   0|   26|          0|
    |mult_504_reg_3327744                                                                           |   24|   0|   24|          0|
    |mult_505_reg_8751908                                                                           |   24|   0|   24|          0|
    |mult_506_reg_3327748                                                                           |   23|   0|   23|          0|
    |mult_507_reg_3327752                                                                           |   23|   0|   23|          0|
    |mult_509_reg_3327756                                                                           |   25|   0|   25|          0|
    |mult_50_reg_3326792                                                                            |   27|   0|   27|          0|
    |mult_510_reg_8751912                                                                           |   23|   0|   23|          0|
    |mult_511_reg_3327760                                                                           |   25|   0|   25|          0|
    |mult_514_reg_11669359                                                                          |   19|   0|   20|          1|
    |mult_515_reg_3327764                                                                           |   25|   0|   25|          0|
    |mult_516_reg_8751916                                                                           |   25|   0|   25|          0|
    |mult_517_reg_3327768                                                                           |   25|   0|   25|          0|
    |mult_518_reg_8751920                                                                           |   26|   0|   26|          0|
    |mult_519_reg_8751924                                                                           |   23|   0|   23|          0|
    |mult_520_reg_8751928                                                                           |   25|   0|   25|          0|
    |mult_521_reg_8751932                                                                           |   26|   0|   26|          0|
    |mult_522_reg_3327772                                                                           |   23|   0|   23|          0|
    |mult_523_reg_3327776                                                                           |   25|   0|   25|          0|
    |mult_525_reg_3327780                                                                           |   26|   0|   26|          0|
    |mult_525_reg_3327780_pp0_iter3_reg                                                             |   26|   0|   26|          0|
    |mult_526_reg_8751936                                                                           |   23|   0|   23|          0|
    |mult_527_reg_3327784                                                                           |   24|   0|   24|          0|
    |mult_528_reg_8751940                                                                           |   25|   0|   25|          0|
    |mult_530_reg_3327788                                                                           |   26|   0|   26|          0|
    |mult_532_reg_3327792                                                                           |   26|   0|   26|          0|
    |mult_533_reg_8751944                                                                           |   25|   0|   25|          0|
    |mult_534_reg_11490612                                                                          |   27|   0|   27|          0|
    |mult_535_reg_8751948                                                                           |   25|   0|   25|          0|
    |mult_536_reg_8751952                                                                           |   23|   0|   23|          0|
    |mult_537_reg_3327796                                                                           |   24|   0|   24|          0|
    |mult_538_reg_11669364                                                                          |   23|   0|   24|          1|
    |mult_539_reg_8751956                                                                           |   22|   0|   22|          0|
    |mult_53_reg_3326796                                                                            |   24|   0|   24|          0|
    |mult_540_reg_3327800                                                                           |   24|   0|   24|          0|
    |mult_541_reg_8751960                                                                           |   28|   0|   28|          0|
    |mult_542_reg_11669369                                                                          |   16|   0|   20|          4|
    |mult_544_reg_8751964                                                                           |   25|   0|   25|          0|
    |mult_545_reg_11669374                                                                          |   25|   0|   26|          1|
    |mult_546_reg_3327804                                                                           |   26|   0|   26|          0|
    |mult_547_reg_8751968                                                                           |   26|   0|   26|          0|
    |mult_548_reg_8751972                                                                           |   28|   0|   28|          0|
    |mult_548_reg_8751972_pp0_iter4_reg                                                             |   28|   0|   28|          0|
    |mult_549_reg_8751980                                                                           |   27|   0|   27|          0|
    |mult_54_reg_3326800                                                                            |   26|   0|   26|          0|
    |mult_550_reg_8751984                                                                           |   27|   0|   27|          0|
    |mult_551_reg_8751992                                                                           |   25|   0|   25|          0|
    |mult_552_reg_3327808                                                                           |   24|   0|   24|          0|
    |mult_553_reg_8751996                                                                           |   25|   0|   25|          0|
    |mult_555_reg_8752000                                                                           |   25|   0|   25|          0|
    |mult_556_reg_3327812                                                                           |   22|   0|   22|          0|
    |mult_557_reg_3327816                                                                           |   25|   0|   25|          0|
    |mult_559_reg_8752004                                                                           |   25|   0|   25|          0|
    |mult_55_reg_3326804                                                                            |   25|   0|   25|          0|
    |mult_560_reg_3327820                                                                           |   25|   0|   25|          0|
    |mult_562_reg_8752008                                                                           |   24|   0|   24|          0|
    |mult_563_reg_11669379                                                                          |   22|   0|   25|          3|
    |mult_564_reg_8752012                                                                           |   25|   0|   25|          0|
    |mult_565_reg_8752016                                                                           |   25|   0|   25|          0|
    |mult_566_reg_8752020                                                                           |   24|   0|   24|          0|
    |mult_567_reg_8752024                                                                           |   25|   0|   25|          0|
    |mult_568_reg_8752028                                                                           |   25|   0|   25|          0|
    |mult_56_reg_3326808                                                                            |   26|   0|   26|          0|
    |mult_570_reg_8752032                                                                           |   22|   0|   22|          0|
    |mult_571_reg_8752036                                                                           |   25|   0|   25|          0|
    |mult_573_reg_3327824                                                                           |   23|   0|   23|          0|
    |mult_574_reg_8752040                                                                           |   24|   0|   24|          0|
    |mult_577_reg_8752044                                                                           |   25|   0|   25|          0|
    |mult_579_reg_8752048                                                                           |   26|   0|   26|          0|
    |mult_57_reg_3326812                                                                            |   25|   0|   25|          0|
    |mult_580_reg_8752052                                                                           |   22|   0|   22|          0|
    |mult_581_reg_3327828                                                                           |   23|   0|   23|          0|
    |mult_582_reg_3327832                                                                           |   23|   0|   23|          0|
    |mult_584_reg_3327836                                                                           |   25|   0|   25|          0|
    |mult_585_reg_8752056                                                                           |   24|   0|   24|          0|
    |mult_586_reg_3327840                                                                           |   25|   0|   25|          0|
    |mult_588_reg_3327844                                                                           |   23|   0|   23|          0|
    |mult_58_reg_3326820                                                                            |   25|   0|   25|          0|
    |mult_591_reg_3327848                                                                           |   25|   0|   25|          0|
    |mult_593_reg_8752064                                                                           |   25|   0|   25|          0|
    |mult_595_reg_8752068                                                                           |   25|   0|   25|          0|
    |mult_596_reg_3327852                                                                           |   22|   0|   22|          0|
    |mult_597_reg_11490616                                                                          |   25|   0|   25|          0|
    |mult_598_reg_8752072                                                                           |   25|   0|   25|          0|
    |mult_599_reg_8752076                                                                           |   24|   0|   24|          0|
    |mult_59_reg_3326824                                                                            |   27|   0|   27|          0|
    |mult_5_reg_519804                                                                              |   25|   0|   25|          0|
    |mult_600_reg_3327856                                                                           |   23|   0|   23|          0|
    |mult_602_reg_8752080                                                                           |   24|   0|   24|          0|
    |mult_603_reg_3327860                                                                           |   25|   0|   25|          0|
    |mult_604_reg_8752084                                                                           |   25|   0|   25|          0|
    |mult_605_reg_8752088                                                                           |   24|   0|   24|          0|
    |mult_606_reg_3327864                                                                           |   25|   0|   25|          0|
    |mult_607_reg_8752092                                                                           |   25|   0|   25|          0|
    |mult_608_reg_8752096                                                                           |   24|   0|   24|          0|
    |mult_609_reg_11669389                                                                          |   19|   0|   20|          1|
    |mult_60_reg_3326828                                                                            |   24|   0|   24|          0|
    |mult_611_reg_8752100                                                                           |   25|   0|   25|          0|
    |mult_613_reg_8752104                                                                           |   23|   0|   23|          0|
    |mult_616_reg_8752108                                                                           |   24|   0|   24|          0|
    |mult_617_reg_8752112                                                                           |   24|   0|   24|          0|
    |mult_618_reg_8752116                                                                           |   23|   0|   23|          0|
    |mult_619_reg_3327872                                                                           |   23|   0|   23|          0|
    |mult_61_reg_11668078                                                                           |   19|   0|   21|          2|
    |mult_620_reg_8752120                                                                           |   26|   0|   26|          0|
    |mult_621_reg_8752124                                                                           |   25|   0|   25|          0|
    |mult_622_reg_8752128                                                                           |   24|   0|   24|          0|
    |mult_623_reg_8752132                                                                           |   25|   0|   25|          0|
    |mult_624_reg_8752136                                                                           |   24|   0|   24|          0|
    |mult_626_reg_3327876                                                                           |   22|   0|   22|          0|
    |mult_627_reg_8752140                                                                           |   24|   0|   24|          0|
    |mult_628_reg_8752144                                                                           |   22|   0|   22|          0|
    |mult_629_reg_8752148                                                                           |   25|   0|   25|          0|
    |mult_62_reg_3326832                                                                            |   25|   0|   25|          0|
    |mult_631_reg_8752152                                                                           |   25|   0|   25|          0|
    |mult_632_reg_3327880                                                                           |   22|   0|   22|          0|
    |mult_634_reg_8752156                                                                           |   25|   0|   25|          0|
    |mult_635_reg_8752160                                                                           |   22|   0|   22|          0|
    |mult_636_reg_8752164                                                                           |   24|   0|   24|          0|
    |mult_637_reg_8752168                                                                           |   25|   0|   25|          0|
    |mult_638_reg_3327884                                                                           |   23|   0|   23|          0|
    |mult_639_reg_8752172                                                                           |   24|   0|   24|          0|
    |mult_63_reg_11668321                                                                           |   19|   0|   24|          5|
    |mult_640_reg_3327888                                                                           |   23|   0|   23|          0|
    |mult_641_reg_8752176                                                                           |   24|   0|   24|          0|
    |mult_642_reg_3327892                                                                           |   25|   0|   25|          0|
    |mult_644_reg_3327896                                                                           |   23|   0|   23|          0|
    |mult_645_reg_8752180                                                                           |   24|   0|   24|          0|
    |mult_647_reg_8752184                                                                           |   25|   0|   25|          0|
    |mult_64_reg_3326840                                                                            |   25|   0|   25|          0|
    |mult_650_reg_8752188                                                                           |   25|   0|   25|          0|
    |mult_651_reg_8752192                                                                           |   24|   0|   24|          0|
    |mult_652_reg_8752196                                                                           |   24|   0|   24|          0|
    |mult_653_reg_8752200                                                                           |   22|   0|   22|          0|
    |mult_654_reg_8752204                                                                           |   24|   0|   24|          0|
    |mult_655_reg_8752208                                                                           |   24|   0|   24|          0|
    |mult_657_reg_8752212                                                                           |   24|   0|   24|          0|
    |mult_658_reg_8752216                                                                           |   24|   0|   24|          0|
    |mult_659_reg_8752220                                                                           |   25|   0|   25|          0|
    |mult_65_reg_3326844                                                                            |   25|   0|   25|          0|
    |mult_660_reg_8752224                                                                           |   24|   0|   24|          0|
    |mult_661_reg_3327904                                                                           |   22|   0|   22|          0|
    |mult_661_reg_3327904_pp0_iter3_reg                                                             |   22|   0|   22|          0|
    |mult_662_reg_8752228                                                                           |   24|   0|   24|          0|
    |mult_663_reg_8752232                                                                           |   26|   0|   26|          0|
    |mult_664_reg_8752236                                                                           |   26|   0|   26|          0|
    |mult_665_reg_3327908                                                                           |   22|   0|   22|          0|
    |mult_667_reg_3327912                                                                           |   23|   0|   23|          0|
    |mult_668_reg_3327916                                                                           |   23|   0|   23|          0|
    |mult_669_reg_3327920                                                                           |   23|   0|   23|          0|
    |mult_669_reg_3327920_pp0_iter3_reg                                                             |   23|   0|   23|          0|
    |mult_66_reg_3326848                                                                            |   25|   0|   25|          0|
    |mult_670_reg_8752240                                                                           |   24|   0|   24|          0|
    |mult_672_reg_8752248                                                                           |   22|   0|   22|          0|
    |mult_674_reg_8752252                                                                           |   25|   0|   25|          0|
    |mult_676_reg_8752256                                                                           |   25|   0|   25|          0|
    |mult_678_reg_8752260                                                                           |   24|   0|   24|          0|
    |mult_679_reg_8752264                                                                           |   24|   0|   24|          0|
    |mult_67_reg_3326852                                                                            |   26|   0|   26|          0|
    |mult_680_reg_3327928                                                                           |   23|   0|   23|          0|
    |mult_681_reg_8752268                                                                           |   24|   0|   24|          0|
    |mult_682_reg_11669404                                                                          |   20|   0|   21|          1|
    |mult_685_reg_8752272                                                                           |   24|   0|   24|          0|
    |mult_686_reg_8752276                                                                           |   25|   0|   25|          0|
    |mult_687_reg_11490620                                                                          |   26|   0|   26|          0|
    |mult_688_reg_8752280                                                                           |   25|   0|   25|          0|
    |mult_689_reg_8752284                                                                           |   26|   0|   26|          0|
    |mult_68_reg_3326856                                                                            |   26|   0|   26|          0|
    |mult_690_reg_8752288                                                                           |   25|   0|   25|          0|
    |mult_691_reg_8752292                                                                           |   25|   0|   25|          0|
    |mult_692_reg_8752296                                                                           |   25|   0|   25|          0|
    |mult_693_reg_11669409                                                                          |   20|   0|   21|          1|
    |mult_694_reg_8752300                                                                           |   25|   0|   25|          0|
    |mult_696_reg_8752304                                                                           |   24|   0|   24|          0|
    |mult_698_reg_8752308                                                                           |   25|   0|   25|          0|
    |mult_699_reg_3327932                                                                           |   22|   0|   22|          0|
    |mult_69_reg_3326864                                                                            |   25|   0|   25|          0|
    |mult_6_reg_519812                                                                              |   25|   0|   25|          0|
    |mult_700_reg_8752312                                                                           |   26|   0|   26|          0|
    |mult_701_reg_3327936                                                                           |   26|   0|   26|          0|
    |mult_702_reg_11671062                                                                          |   20|   0|   26|          6|
    |mult_703_reg_8752316                                                                           |   25|   0|   25|          0|
    |mult_704_reg_8752320                                                                           |   27|   0|   27|          0|
    |mult_705_reg_8752324                                                                           |   27|   0|   27|          0|
    |mult_706_reg_8752332                                                                           |   24|   0|   24|          0|
    |mult_708_reg_8752336                                                                           |   24|   0|   24|          0|
    |mult_709_reg_8752340                                                                           |   24|   0|   24|          0|
    |mult_70_reg_3326868                                                                            |   25|   0|   25|          0|
    |mult_710_reg_11490624                                                                          |   25|   0|   25|          0|
    |mult_711_reg_8752344                                                                           |   24|   0|   24|          0|
    |mult_713_reg_11669430                                                                          |   21|   0|   23|          2|
    |mult_714_reg_8752348                                                                           |   24|   0|   24|          0|
    |mult_715_reg_8752352                                                                           |   23|   0|   23|          0|
    |mult_716_reg_11490628                                                                          |   24|   0|   24|          0|
    |mult_717_reg_8752356                                                                           |   25|   0|   25|          0|
    |mult_719_reg_8752360                                                                           |   23|   0|   23|          0|
    |mult_71_reg_3326872                                                                            |   28|   0|   28|          0|
    |mult_720_reg_8752368                                                                           |   24|   0|   24|          0|
    |mult_721_reg_8752372                                                                           |   25|   0|   25|          0|
    |mult_722_reg_8752376                                                                           |   22|   0|   22|          0|
    |mult_724_reg_8752380                                                                           |   25|   0|   25|          0|
    |mult_725_reg_8752384                                                                           |   25|   0|   25|          0|
    |mult_726_reg_8752388                                                                           |   25|   0|   25|          0|
    |mult_727_reg_8752392                                                                           |   22|   0|   22|          0|
    |mult_728_reg_8752396                                                                           |   23|   0|   23|          0|
    |mult_72_reg_519896                                                                             |   25|   0|   25|          0|
    |mult_730_reg_8752404                                                                           |   24|   0|   24|          0|
    |mult_731_reg_8752408                                                                           |   25|   0|   25|          0|
    |mult_732_reg_8752412                                                                           |   25|   0|   25|          0|
    |mult_733_reg_8752416                                                                           |   25|   0|   25|          0|
    |mult_734_reg_8752420                                                                           |   24|   0|   24|          0|
    |mult_735_reg_11490632                                                                          |   26|   0|   26|          0|
    |mult_737_reg_8752424                                                                           |   24|   0|   24|          0|
    |mult_738_reg_8752428                                                                           |   25|   0|   25|          0|
    |mult_739_reg_8752432                                                                           |   24|   0|   24|          0|
    |mult_73_reg_519900                                                                             |   24|   0|   24|          0|
    |mult_740_reg_8752440                                                                           |   23|   0|   23|          0|
    |mult_742_reg_8752444                                                                           |   25|   0|   25|          0|
    |mult_744_reg_8752452                                                                           |   25|   0|   25|          0|
    |mult_745_reg_8752456                                                                           |   24|   0|   24|          0|
    |mult_746_reg_8752460                                                                           |   25|   0|   25|          0|
    |mult_747_reg_8752464                                                                           |   25|   0|   25|          0|
    |mult_748_reg_8752468                                                                           |   24|   0|   24|          0|
    |mult_749_reg_8752472                                                                           |   23|   0|   23|          0|
    |mult_74_reg_519904                                                                             |   25|   0|   25|          0|
    |mult_750_reg_8752476                                                                           |   24|   0|   24|          0|
    |mult_751_reg_8752480                                                                           |   25|   0|   25|          0|
    |mult_752_reg_8752484                                                                           |   22|   0|   22|          0|
    |mult_755_reg_11669458                                                                          |   19|   0|   23|          4|
    |mult_756_reg_11490636                                                                          |   24|   0|   24|          0|
    |mult_757_reg_8752488                                                                           |   25|   0|   25|          0|
    |mult_759_reg_8752492                                                                           |   25|   0|   25|          0|
    |mult_75_reg_3326880                                                                            |   25|   0|   25|          0|
    |mult_760_reg_11490640                                                                          |   26|   0|   26|          0|
    |mult_761_reg_8752496                                                                           |   25|   0|   25|          0|
    |mult_762_reg_11490644                                                                          |   28|   0|   28|          0|
    |mult_763_reg_11490648                                                                          |   26|   0|   26|          0|
    |mult_764_reg_8752500                                                                           |   25|   0|   25|          0|
    |mult_767_reg_3327940                                                                           |   23|   0|   23|          0|
    |mult_769_reg_8752504                                                                           |   24|   0|   24|          0|
    |mult_76_reg_8751568                                                                            |   24|   0|   24|          0|
    |mult_770_reg_8752508                                                                           |   21|   0|   21|          0|
    |mult_771_reg_8752512                                                                           |   23|   0|   23|          0|
    |mult_772_reg_8752516                                                                           |   24|   0|   24|          0|
    |mult_772_reg_8752516_pp0_iter4_reg                                                             |   24|   0|   24|          0|
    |mult_773_reg_8752524                                                                           |   23|   0|   23|          0|
    |mult_774_reg_11490652                                                                          |   26|   0|   26|          0|
    |mult_775_reg_8752528                                                                           |   25|   0|   25|          0|
    |mult_776_reg_11490656                                                                          |   27|   0|   27|          0|
    |mult_777_reg_11490660                                                                          |   26|   0|   26|          0|
    |mult_778_reg_8752532                                                                           |   21|   0|   21|          0|
    |mult_779_reg_8752536                                                                           |   23|   0|   23|          0|
    |mult_780_reg_8752540                                                                           |   23|   0|   23|          0|
    |mult_782_reg_8752544                                                                           |   23|   0|   23|          0|
    |mult_784_reg_8752548                                                                           |   24|   0|   24|          0|
    |mult_785_reg_8752552                                                                           |   23|   0|   23|          0|
    |mult_786_reg_8752556                                                                           |   24|   0|   24|          0|
    |mult_787_reg_8752560                                                                           |   23|   0|   23|          0|
    |mult_78_reg_11668127                                                                           |   19|   0|   22|          3|
    |mult_790_reg_8752568                                                                           |   25|   0|   25|          0|
    |mult_791_reg_8752572                                                                           |   24|   0|   24|          0|
    |mult_792_reg_8752576                                                                           |   25|   0|   25|          0|
    |mult_793_reg_8752580                                                                           |   24|   0|   24|          0|
    |mult_794_reg_8752584                                                                           |   22|   0|   22|          0|
    |mult_795_reg_8752588                                                                           |   25|   0|   25|          0|
    |mult_796_reg_8752592                                                                           |   25|   0|   25|          0|
    |mult_797_reg_8752596                                                                           |   23|   0|   23|          0|
    |mult_799_reg_11669481                                                                          |   22|   0|   22|          0|
    |mult_800_reg_8752600                                                                           |   23|   0|   23|          0|
    |mult_801_reg_8752608                                                                           |   25|   0|   25|          0|
    |mult_802_reg_8752612                                                                           |   25|   0|   25|          0|
    |mult_803_reg_8752616                                                                           |   24|   0|   24|          0|
    |mult_804_reg_8752620                                                                           |   25|   0|   25|          0|
    |mult_805_reg_8752624                                                                           |   25|   0|   25|          0|
    |mult_806_reg_8752628                                                                           |   22|   0|   22|          0|
    |mult_807_reg_8752632                                                                           |   25|   0|   25|          0|
    |mult_808_reg_8752636                                                                           |   21|   0|   21|          0|
    |mult_809_reg_8752640                                                                           |   24|   0|   24|          0|
    |mult_80_reg_3326884                                                                            |   24|   0|   24|          0|
    |mult_810_reg_8752644                                                                           |   25|   0|   25|          0|
    |mult_811_reg_8752648                                                                           |   24|   0|   24|          0|
    |mult_812_reg_8752652                                                                           |   24|   0|   24|          0|
    |mult_814_reg_8752656                                                                           |   23|   0|   23|          0|
    |mult_815_reg_8752660                                                                           |   23|   0|   23|          0|
    |mult_816_reg_8752664                                                                           |   22|   0|   22|          0|
    |mult_817_reg_8752668                                                                           |   25|   0|   25|          0|
    |mult_819_reg_8752672                                                                           |   25|   0|   25|          0|
    |mult_81_reg_11668132                                                                           |   17|   0|   20|          3|
    |mult_820_reg_8752676                                                                           |   24|   0|   24|          0|
    |mult_821_reg_8752680                                                                           |   24|   0|   24|          0|
    |mult_822_reg_8752684                                                                           |   22|   0|   22|          0|
    |mult_823_reg_8752688                                                                           |   24|   0|   24|          0|
    |mult_824_reg_8752692                                                                           |   25|   0|   25|          0|
    |mult_825_reg_8752696                                                                           |   23|   0|   23|          0|
    |mult_827_reg_8752700                                                                           |   23|   0|   23|          0|
    |mult_828_reg_8752704                                                                           |   25|   0|   25|          0|
    |mult_829_reg_8752708                                                                           |   22|   0|   22|          0|
    |mult_82_reg_3326888                                                                            |   25|   0|   25|          0|
    |mult_830_reg_8752712                                                                           |   25|   0|   25|          0|
    |mult_831_reg_8752716                                                                           |   25|   0|   25|          0|
    |mult_832_reg_8752720                                                                           |   22|   0|   22|          0|
    |mult_833_reg_8752724                                                                           |   24|   0|   24|          0|
    |mult_834_reg_8752728                                                                           |   24|   0|   24|          0|
    |mult_835_reg_8752732                                                                           |   24|   0|   24|          0|
    |mult_836_reg_11669504                                                                          |   21|   0|   22|          1|
    |mult_837_reg_8752736                                                                           |   25|   0|   25|          0|
    |mult_839_reg_8752740                                                                           |   24|   0|   24|          0|
    |mult_83_reg_3326892                                                                            |   26|   0|   26|          0|
    |mult_843_reg_8752744                                                                           |   23|   0|   23|          0|
    |mult_846_reg_8752748                                                                           |   25|   0|   25|          0|
    |mult_847_reg_8752752                                                                           |   25|   0|   25|          0|
    |mult_848_reg_8752756                                                                           |   24|   0|   24|          0|
    |mult_849_reg_8752760                                                                           |   24|   0|   24|          0|
    |mult_850_reg_8752764                                                                           |   24|   0|   24|          0|
    |mult_851_reg_8752768                                                                           |   25|   0|   25|          0|
    |mult_852_reg_8752772                                                                           |   24|   0|   24|          0|
    |mult_853_reg_8752776                                                                           |   23|   0|   23|          0|
    |mult_854_reg_8752780                                                                           |   24|   0|   24|          0|
    |mult_855_reg_8752784                                                                           |   24|   0|   24|          0|
    |mult_857_reg_8752788                                                                           |   25|   0|   25|          0|
    |mult_858_reg_8752792                                                                           |   23|   0|   23|          0|
    |mult_859_reg_8752796                                                                           |   24|   0|   24|          0|
    |mult_861_reg_11621416                                                                          |   25|   0|   25|          0|
    |mult_862_reg_8752800                                                                           |   23|   0|   23|          0|
    |mult_865_reg_8752804                                                                           |   24|   0|   24|          0|
    |mult_866_reg_8752808                                                                           |   24|   0|   24|          0|
    |mult_868_reg_8752812                                                                           |   25|   0|   25|          0|
    |mult_869_reg_8752816                                                                           |   26|   0|   26|          0|
    |mult_86_reg_519912                                                                             |   25|   0|   25|          0|
    |mult_870_reg_11669531                                                                          |   22|   0|   22|          0|
    |mult_871_reg_8752820                                                                           |   22|   0|   22|          0|
    |mult_872_reg_8752824                                                                           |   24|   0|   24|          0|
    |mult_873_reg_8752828                                                                           |   23|   0|   23|          0|
    |mult_874_reg_8752832                                                                           |   23|   0|   23|          0|
    |mult_876_reg_8752836                                                                           |   23|   0|   23|          0|
    |mult_877_reg_8752840                                                                           |   25|   0|   25|          0|
    |mult_878_reg_8752844                                                                           |   25|   0|   25|          0|
    |mult_879_reg_8752848                                                                           |   23|   0|   23|          0|
    |mult_87_reg_3326896                                                                            |   24|   0|   24|          0|
    |mult_880_reg_8752852                                                                           |   25|   0|   25|          0|
    |mult_881_reg_8752856                                                                           |   25|   0|   25|          0|
    |mult_882_reg_8752860                                                                           |   21|   0|   21|          0|
    |mult_883_reg_8752864                                                                           |   25|   0|   25|          0|
    |mult_884_reg_8752868                                                                           |   24|   0|   24|          0|
    |mult_885_reg_8752872                                                                           |   24|   0|   24|          0|
    |mult_886_reg_8752876                                                                           |   25|   0|   25|          0|
    |mult_887_reg_8752880                                                                           |   23|   0|   23|          0|
    |mult_888_reg_8752884                                                                           |   23|   0|   23|          0|
    |mult_889_reg_8752888                                                                           |   23|   0|   23|          0|
    |mult_890_reg_8752892                                                                           |   23|   0|   23|          0|
    |mult_892_reg_8752896                                                                           |   23|   0|   23|          0|
    |mult_893_reg_8752900                                                                           |   25|   0|   25|          0|
    |mult_894_reg_8752904                                                                           |   25|   0|   25|          0|
    |mult_895_reg_3327944                                                                           |   23|   0|   23|          0|
    |mult_896_reg_8752908                                                                           |   24|   0|   24|          0|
    |mult_897_reg_8752912                                                                           |   25|   0|   25|          0|
    |mult_898_reg_8752916                                                                           |   24|   0|   24|          0|
    |mult_899_reg_8752920                                                                           |   25|   0|   25|          0|
    |mult_89_reg_519916                                                                             |   23|   0|   23|          0|
    |mult_8_reg_519820                                                                              |   25|   0|   25|          0|
    |mult_900_reg_8752924                                                                           |   25|   0|   25|          0|
    |mult_901_reg_8752928                                                                           |   25|   0|   25|          0|
    |mult_902_reg_8752932                                                                           |   24|   0|   24|          0|
    |mult_903_reg_8752936                                                                           |   25|   0|   25|          0|
    |mult_904_reg_3327948                                                                           |   23|   0|   23|          0|
    |mult_905_reg_8752940                                                                           |   23|   0|   23|          0|
    |mult_907_reg_8752944                                                                           |   23|   0|   23|          0|
    |mult_908_reg_8752948                                                                           |   23|   0|   23|          0|
    |mult_909_reg_8752952                                                                           |   21|   0|   21|          0|
    |mult_90_reg_3326900                                                                            |   25|   0|   25|          0|
    |mult_910_reg_8752956                                                                           |   22|   0|   22|          0|
    |mult_911_reg_8752960                                                                           |   24|   0|   24|          0|
    |mult_913_reg_8752964                                                                           |   22|   0|   22|          0|
    |mult_914_reg_8752968                                                                           |   25|   0|   25|          0|
    |mult_915_reg_8752972                                                                           |   24|   0|   24|          0|
    |mult_916_reg_8752976                                                                           |   24|   0|   24|          0|
    |mult_917_reg_8752980                                                                           |   25|   0|   25|          0|
    |mult_918_reg_8752984                                                                           |   24|   0|   24|          0|
    |mult_919_reg_11669554                                                                          |   21|   0|   23|          2|
    |mult_91_reg_3326904                                                                            |   25|   0|   25|          0|
    |mult_920_reg_8752988                                                                           |   25|   0|   25|          0|
    |mult_921_reg_8752992                                                                           |   25|   0|   25|          0|
    |mult_922_reg_8752996                                                                           |   23|   0|   23|          0|
    |mult_924_reg_8753000                                                                           |   24|   0|   24|          0|
    |mult_926_reg_8753004                                                                           |   25|   0|   25|          0|
    |mult_927_reg_8753008                                                                           |   26|   0|   26|          0|
    |mult_928_reg_8753012                                                                           |   26|   0|   26|          0|
    |mult_929_reg_8753016                                                                           |   25|   0|   25|          0|
    |mult_92_reg_3326908                                                                            |   22|   0|   22|          0|
    |mult_930_reg_8753020                                                                           |   22|   0|   22|          0|
    |mult_931_reg_8753024                                                                           |   23|   0|   23|          0|
    |mult_932_reg_8753028                                                                           |   24|   0|   24|          0|
    |mult_934_reg_8753032                                                                           |   26|   0|   26|          0|
    |mult_935_reg_8753036                                                                           |   25|   0|   25|          0|
    |mult_937_reg_8753040                                                                           |   24|   0|   24|          0|
    |mult_937_reg_8753040_pp0_iter4_reg                                                             |   24|   0|   24|          0|
    |mult_940_reg_8753044                                                                           |   24|   0|   24|          0|
    |mult_941_reg_8753048                                                                           |   26|   0|   26|          0|
    |mult_942_reg_8753052                                                                           |   27|   0|   27|          0|
    |mult_943_reg_8753056                                                                           |   27|   0|   27|          0|
    |mult_943_reg_8753056_pp0_iter4_reg                                                             |   27|   0|   27|          0|
    |mult_944_reg_8753060                                                                           |   24|   0|   24|          0|
    |mult_945_reg_8753064                                                                           |   24|   0|   24|          0|
    |mult_946_reg_8753068                                                                           |   23|   0|   23|          0|
    |mult_947_reg_8753072                                                                           |   24|   0|   24|          0|
    |mult_949_reg_8753076                                                                           |   22|   0|   22|          0|
    |mult_950_reg_8753080                                                                           |   25|   0|   25|          0|
    |mult_951_reg_8753084                                                                           |   24|   0|   24|          0|
    |mult_952_reg_8753088                                                                           |   22|   0|   22|          0|
    |mult_953_reg_8753092                                                                           |   23|   0|   23|          0|
    |mult_955_reg_8753096                                                                           |   23|   0|   23|          0|
    |mult_956_reg_8753100                                                                           |   24|   0|   24|          0|
    |mult_957_reg_8753104                                                                           |   24|   0|   24|          0|
    |mult_958_reg_8753108                                                                           |   25|   0|   25|          0|
    |mult_959_reg_8753112                                                                           |   25|   0|   25|          0|
    |mult_960_reg_8753116                                                                           |   24|   0|   24|          0|
    |mult_961_reg_8753120                                                                           |   24|   0|   24|          0|
    |mult_963_reg_8753124                                                                           |   23|   0|   23|          0|
    |mult_964_reg_8753128                                                                           |   22|   0|   22|          0|
    |mult_965_reg_8753132                                                                           |   22|   0|   22|          0|
    |mult_966_reg_8753136                                                                           |   26|   0|   26|          0|
    |mult_968_reg_8753140                                                                           |   23|   0|   23|          0|
    |mult_969_reg_8753144                                                                           |   24|   0|   24|          0|
    |mult_96_reg_3326912                                                                            |   25|   0|   25|          0|
    |mult_970_reg_8753148                                                                           |   25|   0|   25|          0|
    |mult_971_reg_8753152                                                                           |   25|   0|   25|          0|
    |mult_972_reg_8753156                                                                           |   24|   0|   24|          0|
    |mult_973_reg_8753160                                                                           |   26|   0|   26|          0|
    |mult_974_reg_8753164                                                                           |   25|   0|   25|          0|
    |mult_975_reg_8753168                                                                           |   25|   0|   25|          0|
    |mult_977_reg_8753172                                                                           |   25|   0|   25|          0|
    |mult_978_reg_8753176                                                                           |   24|   0|   24|          0|
    |mult_979_reg_8753180                                                                           |   24|   0|   24|          0|
    |mult_980_reg_8753184                                                                           |   25|   0|   25|          0|
    |mult_981_reg_8753188                                                                           |   25|   0|   25|          0|
    |mult_983_reg_8753192                                                                           |   25|   0|   25|          0|
    |mult_984_reg_8753196                                                                           |   23|   0|   23|          0|
    |mult_985_reg_8753200                                                                           |   23|   0|   23|          0|
    |mult_987_reg_8753204                                                                           |   25|   0|   25|          0|
    |mult_988_reg_8753208                                                                           |   24|   0|   24|          0|
    |mult_989_reg_8753212                                                                           |   24|   0|   24|          0|
    |mult_98_reg_3326916                                                                            |   25|   0|   25|          0|
    |mult_991_reg_8753216                                                                           |   26|   0|   26|          0|
    |mult_992_reg_8753220                                                                           |   24|   0|   24|          0|
    |mult_994_reg_8753224                                                                           |   25|   0|   25|          0|
    |mult_995_reg_8753228                                                                           |   24|   0|   24|          0|
    |mult_996_reg_8753232                                                                           |   24|   0|   24|          0|
    |mult_997_reg_11669616                                                                          |   19|   0|   22|          3|
    |mult_998_reg_8753236                                                                           |   26|   0|   26|          0|
    |mult_999_reg_8753240                                                                           |   24|   0|   24|          0|
    |mult_99_reg_3326920                                                                            |   24|   0|   24|          0|
    |p_ZZN4nnet24compute_output_buffer_2dINS_5arrayI8ap_fixedILi16ELi6EL9ap_q_mode5EL9_267_int_reg  |   16|   0|   16|          0|
    |p_ZZN4nnet24compute_output_buffer_2dINS_5arrayI8ap_fixedILi16ELi6EL9ap_q_mode5EL9_268_int_reg  |   16|   0|   16|          0|
    |p_ZZN4nnet24compute_output_buffer_2dINS_5arrayI8ap_fixedILi16ELi6EL9ap_q_mode5EL9_269_int_reg  |   16|   0|   16|          0|
    |p_ZZN4nnet24compute_output_buffer_2dINS_5arrayI8ap_fixedILi16ELi6EL9ap_q_mode5EL9_270_int_reg  |   16|   0|   16|          0|
    |p_ZZN4nnet24compute_output_buffer_2dINS_5arrayI8ap_fixedILi16ELi6EL9ap_q_mode5EL9_271_int_reg  |   16|   0|   16|          0|
    |p_ZZN4nnet24compute_output_buffer_2dINS_5arrayI8ap_fixedILi16ELi6EL9ap_q_mode5EL9_272_int_reg  |   16|   0|   16|          0|
    |p_ZZN4nnet24compute_output_buffer_2dINS_5arrayI8ap_fixedILi16ELi6EL9ap_q_mode5EL9_273_int_reg  |   16|   0|   16|          0|
    |p_ZZN4nnet24compute_output_buffer_2dINS_5arrayI8ap_fixedILi16ELi6EL9ap_q_mode5EL9_274_int_reg  |   16|   0|   16|          0|
    |p_ZZN4nnet24compute_output_buffer_2dINS_5arrayI8ap_fixedILi16ELi6EL9ap_q_mode5EL9_275_int_reg  |   16|   0|   16|          0|
    |p_ZZN4nnet24compute_output_buffer_2dINS_5arrayI8ap_fixedILi16ELi6EL9ap_q_mode5EL9_276_int_reg  |   16|   0|   16|          0|
    |p_ZZN4nnet24compute_output_buffer_2dINS_5arrayI8ap_fixedILi16ELi6EL9ap_q_mode5EL9_277_int_reg  |   16|   0|   16|          0|
    |p_ZZN4nnet24compute_output_buffer_2dINS_5arrayI8ap_fixedILi16ELi6EL9ap_q_mode5EL9_278_int_reg  |   16|   0|   16|          0|
    |p_ZZN4nnet24compute_output_buffer_2dINS_5arrayI8ap_fixedILi16ELi6EL9ap_q_mode5EL9_279_int_reg  |   16|   0|   16|          0|
    |p_ZZN4nnet24compute_output_buffer_2dINS_5arrayI8ap_fixedILi16ELi6EL9ap_q_mode5EL9_280_int_reg  |   16|   0|   16|          0|
    |p_ZZN4nnet24compute_output_buffer_2dINS_5arrayI8ap_fixedILi16ELi6EL9ap_q_mode5EL9_281_int_reg  |   16|   0|   16|          0|
    |p_ZZN4nnet24compute_output_buffer_2dINS_5arrayI8ap_fixedILi16ELi6EL9ap_q_mode5EL9_282_int_reg  |   16|   0|   16|          0|
    |p_ZZN4nnet24compute_output_buffer_2dINS_5arrayI8ap_fixedILi16ELi6EL9ap_q_mode5EL9_283_int_reg  |   16|   0|   16|          0|
    |p_ZZN4nnet24compute_output_buffer_2dINS_5arrayI8ap_fixedILi16ELi6EL9ap_q_mode5EL9_284_int_reg  |   16|   0|   16|          0|
    |p_ZZN4nnet24compute_output_buffer_2dINS_5arrayI8ap_fixedILi16ELi6EL9ap_q_mode5EL9_285_int_reg  |   16|   0|   16|          0|
    |p_ZZN4nnet24compute_output_buffer_2dINS_5arrayI8ap_fixedILi16ELi6EL9ap_q_mode5EL9_286_int_reg  |   16|   0|   16|          0|
    |p_ZZN4nnet24compute_output_buffer_2dINS_5arrayI8ap_fixedILi16ELi6EL9ap_q_mode5EL9_287_int_reg  |   16|   0|   16|          0|
    |p_ZZN4nnet24compute_output_buffer_2dINS_5arrayI8ap_fixedILi16ELi6EL9ap_q_mode5EL9_288_int_reg  |   16|   0|   16|          0|
    |p_ZZN4nnet24compute_output_buffer_2dINS_5arrayI8ap_fixedILi16ELi6EL9ap_q_mode5EL9_289_int_reg  |   16|   0|   16|          0|
    |p_ZZN4nnet24compute_output_buffer_2dINS_5arrayI8ap_fixedILi16ELi6EL9ap_q_mode5EL9_290_int_reg  |   16|   0|   16|          0|
    |p_ZZN4nnet24compute_output_buffer_2dINS_5arrayI8ap_fixedILi16ELi6EL9ap_q_mode5EL9_291_int_reg  |   16|   0|   16|          0|
    |p_ZZN4nnet24compute_output_buffer_2dINS_5arrayI8ap_fixedILi16ELi6EL9ap_q_mode5EL9_292_int_reg  |   16|   0|   16|          0|
    |p_ZZN4nnet24compute_output_buffer_2dINS_5arrayI8ap_fixedILi16ELi6EL9ap_q_mode5EL9_293_int_reg  |   16|   0|   16|          0|
    |p_ZZN4nnet24compute_output_buffer_2dINS_5arrayI8ap_fixedILi16ELi6EL9ap_q_mode5EL9_294_int_reg  |   16|   0|   16|          0|
    |p_ZZN4nnet24compute_output_buffer_2dINS_5arrayI8ap_fixedILi16ELi6EL9ap_q_mode5EL9_295_int_reg  |   16|   0|   16|          0|
    |p_ZZN4nnet24compute_output_buffer_2dINS_5arrayI8ap_fixedILi16ELi6EL9ap_q_mode5EL9_296_int_reg  |   16|   0|   16|          0|
    |p_ZZN4nnet24compute_output_buffer_2dINS_5arrayI8ap_fixedILi16ELi6EL9ap_q_mode5EL9_297_int_reg  |   16|   0|   16|          0|
    |p_ZZN4nnet24compute_output_buffer_2dINS_5arrayI8ap_fixedILi16ELi6EL9ap_q_mode5EL9_298_int_reg  |   16|   0|   16|          0|
    |p_ZZN4nnet24compute_output_buffer_2dINS_5arrayI8ap_fixedILi16ELi6EL9ap_q_mode5EL9_299_int_reg  |   16|   0|   16|          0|
    |p_ZZN4nnet24compute_output_buffer_2dINS_5arrayI8ap_fixedILi16ELi6EL9ap_q_mode5EL9_300_int_reg  |   16|   0|   16|          0|
    |p_ZZN4nnet24compute_output_buffer_2dINS_5arrayI8ap_fixedILi16ELi6EL9ap_q_mode5EL9_301_int_reg  |   16|   0|   16|          0|
    |p_ZZN4nnet24compute_output_buffer_2dINS_5arrayI8ap_fixedILi16ELi6EL9ap_q_mode5EL9_302_int_reg  |   16|   0|   16|          0|
    |p_ZZN4nnet24compute_output_buffer_2dINS_5arrayI8ap_fixedILi16ELi6EL9ap_q_mode5EL9_303_int_reg  |   16|   0|   16|          0|
    |p_ZZN4nnet24compute_output_buffer_2dINS_5arrayI8ap_fixedILi16ELi6EL9ap_q_mode5EL9_304_int_reg  |   16|   0|   16|          0|
    |p_ZZN4nnet24compute_output_buffer_2dINS_5arrayI8ap_fixedILi16ELi6EL9ap_q_mode5EL9_305_int_reg  |   16|   0|   16|          0|
    |p_ZZN4nnet24compute_output_buffer_2dINS_5arrayI8ap_fixedILi16ELi6EL9ap_q_mode5EL9_306_int_reg  |   16|   0|   16|          0|
    |p_ZZN4nnet24compute_output_buffer_2dINS_5arrayI8ap_fixedILi16ELi6EL9ap_q_mode5EL9_307_int_reg  |   16|   0|   16|          0|
    |p_ZZN4nnet24compute_output_buffer_2dINS_5arrayI8ap_fixedILi16ELi6EL9ap_q_mode5EL9_308_int_reg  |   16|   0|   16|          0|
    |p_ZZN4nnet24compute_output_buffer_2dINS_5arrayI8ap_fixedILi16ELi6EL9ap_q_mode5EL9_309_int_reg  |   16|   0|   16|          0|
    |p_ZZN4nnet24compute_output_buffer_2dINS_5arrayI8ap_fixedILi16ELi6EL9ap_q_mode5EL9_310_int_reg  |   16|   0|   16|          0|
    |p_ZZN4nnet24compute_output_buffer_2dINS_5arrayI8ap_fixedILi16ELi6EL9ap_q_mode5EL9_311_int_reg  |   16|   0|   16|          0|
    |p_ZZN4nnet24compute_output_buffer_2dINS_5arrayI8ap_fixedILi16ELi6EL9ap_q_mode5EL9_312_int_reg  |   16|   0|   16|          0|
    |p_ZZN4nnet24compute_output_buffer_2dINS_5arrayI8ap_fixedILi16ELi6EL9ap_q_mode5EL9_313_int_reg  |   16|   0|   16|          0|
    |p_ZZN4nnet24compute_output_buffer_2dINS_5arrayI8ap_fixedILi16ELi6EL9ap_q_mode5EL9_314_int_reg  |   16|   0|   16|          0|
    |p_ZZN4nnet24compute_output_buffer_2dINS_5arrayI8ap_fixedILi16ELi6EL9ap_q_mode5EL9_315_int_reg  |   16|   0|   16|          0|
    |p_ZZN4nnet24compute_output_buffer_2dINS_5arrayI8ap_fixedILi16ELi6EL9ap_q_mode5EL9_316_int_reg  |   16|   0|   16|          0|
    |p_ZZN4nnet24compute_output_buffer_2dINS_5arrayI8ap_fixedILi16ELi6EL9ap_q_mode5EL9_317_int_reg  |   16|   0|   16|          0|
    |p_ZZN4nnet24compute_output_buffer_2dINS_5arrayI8ap_fixedILi16ELi6EL9ap_q_mode5EL9_318_int_reg  |   16|   0|   16|          0|
    |p_ZZN4nnet24compute_output_buffer_2dINS_5arrayI8ap_fixedILi16ELi6EL9ap_q_mode5EL9_319_int_reg  |   16|   0|   16|          0|
    |p_ZZN4nnet24compute_output_buffer_2dINS_5arrayI8ap_fixedILi16ELi6EL9ap_q_mode5EL9_320_int_reg  |   16|   0|   16|          0|
    |p_ZZN4nnet24compute_output_buffer_2dINS_5arrayI8ap_fixedILi16ELi6EL9ap_q_mode5EL9_321_int_reg  |   16|   0|   16|          0|
    |p_ZZN4nnet24compute_output_buffer_2dINS_5arrayI8ap_fixedILi16ELi6EL9ap_q_mode5EL9_322_int_reg  |   16|   0|   16|          0|
    |p_ZZN4nnet24compute_output_buffer_2dINS_5arrayI8ap_fixedILi16ELi6EL9ap_q_mode5EL9_323_int_reg  |   16|   0|   16|          0|
    |p_ZZN4nnet24compute_output_buffer_2dINS_5arrayI8ap_fixedILi16ELi6EL9ap_q_mode5EL9_324_int_reg  |   16|   0|   16|          0|
    |p_ZZN4nnet24compute_output_buffer_2dINS_5arrayI8ap_fixedILi16ELi6EL9ap_q_mode5EL9_325_int_reg  |   16|   0|   16|          0|
    |p_ZZN4nnet24compute_output_buffer_2dINS_5arrayI8ap_fixedILi16ELi6EL9ap_q_mode5EL9_326_int_reg  |   16|   0|   16|          0|
    |p_ZZN4nnet24compute_output_buffer_2dINS_5arrayI8ap_fixedILi16ELi6EL9ap_q_mode5EL9_327_int_reg  |   16|   0|   16|          0|
    |p_ZZN4nnet24compute_output_buffer_2dINS_5arrayI8ap_fixedILi16ELi6EL9ap_q_mode5EL9_328_int_reg  |   16|   0|   16|          0|
    |p_ZZN4nnet24compute_output_buffer_2dINS_5arrayI8ap_fixedILi16ELi6EL9ap_q_mode5EL9_329_int_reg  |   16|   0|   16|          0|
    |p_ZZN4nnet24compute_output_buffer_2dINS_5arrayI8ap_fixedILi16ELi6EL9ap_q_mode5EL9_330_int_reg  |   16|   0|   16|          0|
    |p_ZZN4nnet24compute_output_buffer_2dINS_5arrayI8ap_fixedILi16ELi6EL9ap_q_mode5EL9_331_int_reg  |   16|   0|   16|          0|
    |p_ZZN4nnet24compute_output_buffer_2dINS_5arrayI8ap_fixedILi16ELi6EL9ap_q_mode5EL9_332_int_reg  |   16|   0|   16|          0|
    |p_ZZN4nnet24compute_output_buffer_2dINS_5arrayI8ap_fixedILi16ELi6EL9ap_q_mode5EL9_333_int_reg  |   16|   0|   16|          0|
    |p_ZZN4nnet24compute_output_buffer_2dINS_5arrayI8ap_fixedILi16ELi6EL9ap_q_mode5EL9_334_int_reg  |   16|   0|   16|          0|
    |p_ZZN4nnet24compute_output_buffer_2dINS_5arrayI8ap_fixedILi16ELi6EL9ap_q_mode5EL9_335_int_reg  |   16|   0|   16|          0|
    |p_ZZN4nnet24compute_output_buffer_2dINS_5arrayI8ap_fixedILi16ELi6EL9ap_q_mode5EL9_336_int_reg  |   16|   0|   16|          0|
    |p_ZZN4nnet24compute_output_buffer_2dINS_5arrayI8ap_fixedILi16ELi6EL9ap_q_mode5EL9_337_int_reg  |   16|   0|   16|          0|
    |p_ZZN4nnet24compute_output_buffer_2dINS_5arrayI8ap_fixedILi16ELi6EL9ap_q_mode5EL9_338_int_reg  |   16|   0|   16|          0|
    |p_ZZN4nnet24compute_output_buffer_2dINS_5arrayI8ap_fixedILi16ELi6EL9ap_q_mode5EL9_339_int_reg  |   16|   0|   16|          0|
    |p_ZZN4nnet24compute_output_buffer_2dINS_5arrayI8ap_fixedILi16ELi6EL9ap_q_mode5EL9_340_int_reg  |   16|   0|   16|          0|
    |p_ZZN4nnet24compute_output_buffer_2dINS_5arrayI8ap_fixedILi16ELi6EL9ap_q_mode5EL9_341_int_reg  |   16|   0|   16|          0|
    |p_ZZN4nnet24compute_output_buffer_2dINS_5arrayI8ap_fixedILi16ELi6EL9ap_q_mode5EL9_342_int_reg  |   16|   0|   16|          0|
    |p_ZZN4nnet24compute_output_buffer_2dINS_5arrayI8ap_fixedILi16ELi6EL9ap_q_mode5EL9_343_int_reg  |   16|   0|   16|          0|
    |p_ZZN4nnet24compute_output_buffer_2dINS_5arrayI8ap_fixedILi16ELi6EL9ap_q_mode5EL9_344_int_reg  |   16|   0|   16|          0|
    |p_ZZN4nnet24compute_output_buffer_2dINS_5arrayI8ap_fixedILi16ELi6EL9ap_q_mode5EL9_345_int_reg  |   16|   0|   16|          0|
    |p_ZZN4nnet24compute_output_buffer_2dINS_5arrayI8ap_fixedILi16ELi6EL9ap_q_mode5EL9_346_int_reg  |   16|   0|   16|          0|
    |p_ZZN4nnet24compute_output_buffer_2dINS_5arrayI8ap_fixedILi16ELi6EL9ap_q_mode5EL9_347_int_reg  |   16|   0|   16|          0|
    |p_ZZN4nnet24compute_output_buffer_2dINS_5arrayI8ap_fixedILi16ELi6EL9ap_q_mode5EL9_348_int_reg  |   16|   0|   16|          0|
    |p_ZZN4nnet24compute_output_buffer_2dINS_5arrayI8ap_fixedILi16ELi6EL9ap_q_mode5EL9_349_int_reg  |   16|   0|   16|          0|
    |p_ZZN4nnet24compute_output_buffer_2dINS_5arrayI8ap_fixedILi16ELi6EL9ap_q_mode5EL9_350_int_reg  |   16|   0|   16|          0|
    |p_ZZN4nnet24compute_output_buffer_2dINS_5arrayI8ap_fixedILi16ELi6EL9ap_q_mode5EL9_351_int_reg  |   16|   0|   16|          0|
    |p_ZZN4nnet24compute_output_buffer_2dINS_5arrayI8ap_fixedILi16ELi6EL9ap_q_mode5EL9_352_int_reg  |   16|   0|   16|          0|
    |p_ZZN4nnet24compute_output_buffer_2dINS_5arrayI8ap_fixedILi16ELi6EL9ap_q_mode5EL9_353_int_reg  |   16|   0|   16|          0|
    |p_ZZN4nnet24compute_output_buffer_2dINS_5arrayI8ap_fixedILi16ELi6EL9ap_q_mode5EL9_354_int_reg  |   16|   0|   16|          0|
    |p_ZZN4nnet24compute_output_buffer_2dINS_5arrayI8ap_fixedILi16ELi6EL9ap_q_mode5EL9_355_int_reg  |   16|   0|   16|          0|
    |p_ZZN4nnet24compute_output_buffer_2dINS_5arrayI8ap_fixedILi16ELi6EL9ap_q_mode5EL9_356_int_reg  |   16|   0|   16|          0|
    |p_ZZN4nnet24compute_output_buffer_2dINS_5arrayI8ap_fixedILi16ELi6EL9ap_q_mode5EL9_357_int_reg  |   16|   0|   16|          0|
    |p_ZZN4nnet24compute_output_buffer_2dINS_5arrayI8ap_fixedILi16ELi6EL9ap_q_mode5EL9_358_int_reg  |   16|   0|   16|          0|
    |p_ZZN4nnet24compute_output_buffer_2dINS_5arrayI8ap_fixedILi16ELi6EL9ap_q_mode5EL9_359_int_reg  |   16|   0|   16|          0|
    |p_ZZN4nnet24compute_output_buffer_2dINS_5arrayI8ap_fixedILi16ELi6EL9ap_q_mode5EL9_360_int_reg  |   16|   0|   16|          0|
    |p_ZZN4nnet24compute_output_buffer_2dINS_5arrayI8ap_fixedILi16ELi6EL9ap_q_mode5EL9_361_int_reg  |   16|   0|   16|          0|
    |p_ZZN4nnet24compute_output_buffer_2dINS_5arrayI8ap_fixedILi16ELi6EL9ap_q_mode5EL9_362_int_reg  |   16|   0|   16|          0|
    |p_ZZN4nnet24compute_output_buffer_2dINS_5arrayI8ap_fixedILi16ELi6EL9ap_q_mode5EL9_363_int_reg  |   16|   0|   16|          0|
    |p_ZZN4nnet24compute_output_buffer_2dINS_5arrayI8ap_fixedILi16ELi6EL9ap_q_mode5EL9_364_int_reg  |   16|   0|   16|          0|
    |p_ZZN4nnet24compute_output_buffer_2dINS_5arrayI8ap_fixedILi16ELi6EL9ap_q_mode5EL9_365_int_reg  |   16|   0|   16|          0|
    |p_ZZN4nnet24compute_output_buffer_2dINS_5arrayI8ap_fixedILi16ELi6EL9ap_q_mode5EL9_366_int_reg  |   16|   0|   16|          0|
    |p_ZZN4nnet24compute_output_buffer_2dINS_5arrayI8ap_fixedILi16ELi6EL9ap_q_mode5EL9_367_int_reg  |   16|   0|   16|          0|
    |p_ZZN4nnet24compute_output_buffer_2dINS_5arrayI8ap_fixedILi16ELi6EL9ap_q_mode5EL9_368_int_reg  |   16|   0|   16|          0|
    |p_ZZN4nnet24compute_output_buffer_2dINS_5arrayI8ap_fixedILi16ELi6EL9ap_q_mode5EL9_369_int_reg  |   16|   0|   16|          0|
    |p_ZZN4nnet24compute_output_buffer_2dINS_5arrayI8ap_fixedILi16ELi6EL9ap_q_mode5EL9_370_int_reg  |   16|   0|   16|          0|
    |p_ZZN4nnet24compute_output_buffer_2dINS_5arrayI8ap_fixedILi16ELi6EL9ap_q_mode5EL9_371_int_reg  |   16|   0|   16|          0|
    |p_ZZN4nnet24compute_output_buffer_2dINS_5arrayI8ap_fixedILi16ELi6EL9ap_q_mode5EL9_372_int_reg  |   16|   0|   16|          0|
    |p_ZZN4nnet24compute_output_buffer_2dINS_5arrayI8ap_fixedILi16ELi6EL9ap_q_mode5EL9_373_int_reg  |   16|   0|   16|          0|
    |p_ZZN4nnet24compute_output_buffer_2dINS_5arrayI8ap_fixedILi16ELi6EL9ap_q_mode5EL9_374_int_reg  |   16|   0|   16|          0|
    |p_ZZN4nnet24compute_output_buffer_2dINS_5arrayI8ap_fixedILi16ELi6EL9ap_q_mode5EL9_375_int_reg  |   16|   0|   16|          0|
    |p_ZZN4nnet24compute_output_buffer_2dINS_5arrayI8ap_fixedILi16ELi6EL9ap_q_mode5EL9_376_int_reg  |   16|   0|   16|          0|
    |p_ZZN4nnet24compute_output_buffer_2dINS_5arrayI8ap_fixedILi16ELi6EL9ap_q_mode5EL9_377_int_reg  |   16|   0|   16|          0|
    |p_ZZN4nnet24compute_output_buffer_2dINS_5arrayI8ap_fixedILi16ELi6EL9ap_q_mode5EL9_378_int_reg  |   16|   0|   16|          0|
    |p_ZZN4nnet24compute_output_buffer_2dINS_5arrayI8ap_fixedILi16ELi6EL9ap_q_mode5EL9_379_int_reg  |   16|   0|   16|          0|
    |p_ZZN4nnet24compute_output_buffer_2dINS_5arrayI8ap_fixedILi16ELi6EL9ap_q_mode5EL9_380_int_reg  |   16|   0|   16|          0|
    |p_ZZN4nnet24compute_output_buffer_2dINS_5arrayI8ap_fixedILi16ELi6EL9ap_q_mode5EL9_381_int_reg  |   16|   0|   16|          0|
    |p_ZZN4nnet24compute_output_buffer_2dINS_5arrayI8ap_fixedILi16ELi6EL9ap_q_mode5EL9_382_int_reg  |   16|   0|   16|          0|
    |p_ZZN4nnet24compute_output_buffer_2dINS_5arrayI8ap_fixedILi16ELi6EL9ap_q_mode5EL9_383_int_reg  |   16|   0|   16|          0|
    |p_ZZN4nnet24compute_output_buffer_2dINS_5arrayI8ap_fixedILi16ELi6EL9ap_q_mode5EL9_384_int_reg  |   16|   0|   16|          0|
    |p_ZZN4nnet24compute_output_buffer_2dINS_5arrayI8ap_fixedILi16ELi6EL9ap_q_mode5EL9_385_int_reg  |   16|   0|   16|          0|
    |p_ZZN4nnet24compute_output_buffer_2dINS_5arrayI8ap_fixedILi16ELi6EL9ap_q_mode5EL9_386_int_reg  |   16|   0|   16|          0|
    |p_ZZN4nnet24compute_output_buffer_2dINS_5arrayI8ap_fixedILi16ELi6EL9ap_q_mode5EL9_387_int_reg  |   16|   0|   16|          0|
    |p_ZZN4nnet24compute_output_buffer_2dINS_5arrayI8ap_fixedILi16ELi6EL9ap_q_mode5EL9_388_int_reg  |   16|   0|   16|          0|
    |p_ZZN4nnet24compute_output_buffer_2dINS_5arrayI8ap_fixedILi16ELi6EL9ap_q_mode5EL9_389_int_reg  |   16|   0|   16|          0|
    |p_ZZN4nnet24compute_output_buffer_2dINS_5arrayI8ap_fixedILi16ELi6EL9ap_q_mode5EL9_390_int_reg  |   16|   0|   16|          0|
    |p_ZZN4nnet24compute_output_buffer_2dINS_5arrayI8ap_fixedILi16ELi6EL9ap_q_mode5EL9_391_int_reg  |   16|   0|   16|          0|
    |p_ZZN4nnet24compute_output_buffer_2dINS_5arrayI8ap_fixedILi16ELi6EL9ap_q_mode5EL9_392_int_reg  |   16|   0|   16|          0|
    |p_ZZN4nnet24compute_output_buffer_2dINS_5arrayI8ap_fixedILi16ELi6EL9ap_q_mode5EL9_393_int_reg  |   16|   0|   16|          0|
    |p_ZZN4nnet24compute_output_buffer_2dINS_5arrayI8ap_fixedILi16ELi6EL9ap_q_mode5EL9_394_int_reg  |   16|   0|   16|          0|
    |p_ZZN4nnet24compute_output_buffer_2dINS_5arrayI8ap_fixedILi16ELi6EL9ap_q_mode5EL9_395_int_reg  |   16|   0|   16|          0|
    |p_ZZN4nnet24compute_output_buffer_2dINS_5arrayI8ap_fixedILi16ELi6EL9ap_q_mode5EL9_396_int_reg  |   16|   0|   16|          0|
    |p_ZZN4nnet24compute_output_buffer_2dINS_5arrayI8ap_fixedILi16ELi6EL9ap_q_mode5EL9_397_int_reg  |   16|   0|   16|          0|
    |p_ZZN4nnet24compute_output_buffer_2dINS_5arrayI8ap_fixedILi16ELi6EL9ap_q_mode5EL9_398_int_reg  |   16|   0|   16|          0|
    |p_ZZN4nnet24compute_output_buffer_2dINS_5arrayI8ap_fixedILi16ELi6EL9ap_q_mode5EL9_399_int_reg  |   16|   0|   16|          0|
    |p_ZZN4nnet24compute_output_buffer_2dINS_5arrayI8ap_fixedILi16ELi6EL9ap_q_mode5EL9_400_int_reg  |   16|   0|   16|          0|
    |sext_ln17_reg_11667982                                                                         |   22|   0|   22|          0|
    |sext_ln70_109_reg_11668564                                                                     |   24|   0|   24|          0|
    |sext_ln70_112_reg_11668578                                                                     |   25|   0|   25|          0|
    |sext_ln70_11_reg_11668035                                                                      |   25|   0|   25|          0|
    |sext_ln70_128_reg_11668618                                                                     |   25|   0|   25|          0|
    |sext_ln70_12_reg_11668043                                                                      |   24|   0|   24|          0|
    |sext_ln70_134_reg_11668634                                                                     |   25|   0|   25|          0|
    |sext_ln70_141_reg_11668660                                                                     |   25|   0|   25|          0|
    |sext_ln70_143_reg_11668681                                                                     |   22|   0|   22|          0|
    |sext_ln70_145_reg_11668686                                                                     |   25|   0|   25|          0|
    |sext_ln70_149_reg_11668706                                                                     |   24|   0|   24|          0|
    |sext_ln70_156_reg_11668735                                                                     |   24|   0|   24|          0|
    |sext_ln70_159_reg_11668754                                                                     |   24|   0|   24|          0|
    |sext_ln70_165_reg_11668772                                                                     |   23|   0|   23|          0|
    |sext_ln70_166_reg_11668778                                                                     |   25|   0|   25|          0|
    |sext_ln70_174_reg_11668807                                                                     |   26|   0|   26|          0|
    |sext_ln70_180_reg_11668824                                                                     |   25|   0|   25|          0|
    |sext_ln70_190_reg_11668862                                                                     |   25|   0|   25|          0|
    |sext_ln70_190_reg_11668862_pp0_iter3_reg                                                       |   25|   0|   25|          0|
    |sext_ln70_193_reg_11668879                                                                     |   25|   0|   25|          0|
    |sext_ln70_197_reg_11668900                                                                     |   23|   0|   23|          0|
    |sext_ln70_1_reg_11667987                                                                       |   19|   0|   19|          0|
    |sext_ln70_201_reg_11668917                                                                     |   22|   0|   22|          0|
    |sext_ln70_205_reg_11668933                                                                     |   25|   0|   25|          0|
    |sext_ln70_206_reg_11668939                                                                     |   24|   0|   24|          0|
    |sext_ln70_215_reg_11668970                                                                     |   24|   0|   24|          0|
    |sext_ln70_217_reg_11669399                                                                     |   26|   0|   26|          0|
    |sext_ln70_220_reg_11669002                                                                     |   26|   0|   26|          0|
    |sext_ln70_227_reg_11669420                                                                     |   24|   0|   24|          0|
    |sext_ln70_228_reg_11669425                                                                     |   25|   0|   25|          0|
    |sext_ln70_231_reg_11669443                                                                     |   23|   0|   23|          0|
    |sext_ln70_236_reg_11669448                                                                     |   24|   0|   24|          0|
    |sext_ln70_26_reg_11668091                                                                      |   25|   0|   25|          0|
    |sext_ln70_277_reg_11669526                                                                     |   25|   0|   25|          0|
    |sext_ln70_277_reg_11669526_pp0_iter4_reg                                                       |   25|   0|   25|          0|
    |sext_ln70_27_reg_11668109                                                                      |   23|   0|   23|          0|
    |sext_ln70_284_reg_11669043                                                                     |   23|   0|   23|          0|
    |sext_ln70_298_reg_11669570                                                                     |   25|   0|   25|          0|
    |sext_ln70_30_reg_11668114                                                                      |   20|   0|   20|          0|
    |sext_ln70_31_reg_11668119                                                                      |   25|   0|   25|          0|
    |sext_ln70_31_reg_11668119_pp0_iter2_reg                                                        |   25|   0|   25|          0|
    |sext_ln70_32_reg_11668326                                                                      |   24|   0|   24|          0|
    |sext_ln70_331_reg_11669631                                                                     |   22|   0|   22|          0|
    |sext_ln70_341_reg_11669064                                                                     |   22|   0|   22|          0|
    |sext_ln70_351_reg_11669666                                                                     |   24|   0|   24|          0|
    |sext_ln70_352_reg_11669671                                                                     |   23|   0|   23|          0|
    |sext_ln70_371_reg_11669716                                                                     |   23|   0|   23|          0|
    |sext_ln70_37_reg_11668151                                                                      |   25|   0|   25|          0|
    |sext_ln70_396_reg_11669759                                                                     |   25|   0|   25|          0|
    |sext_ln70_403_reg_11669776                                                                     |   25|   0|   25|          0|
    |sext_ln70_405_reg_11669794                                                                     |   24|   0|   24|          0|
    |sext_ln70_40_reg_11668174                                                                      |   23|   0|   23|          0|
    |sext_ln70_410_reg_11669799                                                                     |   25|   0|   25|          0|
    |sext_ln70_412_reg_11669825                                                                     |   24|   0|   24|          0|
    |sext_ln70_414_reg_11669830                                                                     |   25|   0|   25|          0|
    |sext_ln70_420_reg_11669846                                                                     |   25|   0|   25|          0|
    |sext_ln70_421_reg_11669860                                                                     |   23|   0|   23|          0|
    |sext_ln70_422_reg_11669865                                                                     |   25|   0|   25|          0|
    |sext_ln70_427_reg_11669883                                                                     |   25|   0|   25|          0|
    |sext_ln70_42_reg_11668192                                                                      |   25|   0|   25|          0|
    |sext_ln70_431_reg_11669903                                                                     |   23|   0|   23|          0|
    |sext_ln70_433_reg_11669908                                                                     |   25|   0|   25|          0|
    |sext_ln70_435_reg_11669935                                                                     |   23|   0|   23|          0|
    |sext_ln70_437_reg_11669940                                                                     |   25|   0|   25|          0|
    |sext_ln70_443_reg_11669976                                                                     |   25|   0|   25|          0|
    |sext_ln70_445_reg_11669982                                                                     |   24|   0|   24|          0|
    |sext_ln70_44_reg_11668199                                                                      |   23|   0|   23|          0|
    |sext_ln70_450_reg_11670006                                                                     |   25|   0|   25|          0|
    |sext_ln70_456_reg_11670030                                                                     |   23|   0|   23|          0|
    |sext_ln70_457_reg_11671113                                                                     |   25|   0|   25|          0|
    |sext_ln70_463_reg_11670048                                                                     |   24|   0|   24|          0|
    |sext_ln70_464_reg_11670053                                                                     |   27|   0|   27|          0|
    |sext_ln70_464_reg_11670053_pp0_iter4_reg                                                       |   27|   0|   27|          0|
    |sext_ln70_467_reg_11670069                                                                     |   25|   0|   25|          0|
    |sext_ln70_468_reg_11670075                                                                     |   24|   0|   24|          0|
    |sext_ln70_472_reg_11670091                                                                     |   23|   0|   23|          0|
    |sext_ln70_473_reg_11670096                                                                     |   24|   0|   24|          0|
    |sext_ln70_474_reg_11670104                                                                     |   25|   0|   25|          0|
    |sext_ln70_475_reg_11670134                                                                     |   24|   0|   24|          0|
    |sext_ln70_482_reg_11671148                                                                     |   26|   0|   26|          0|
    |sext_ln70_483_reg_11670153                                                                     |   25|   0|   25|          0|
    |sext_ln70_484_reg_11671158                                                                     |   27|   0|   27|          0|
    |sext_ln70_486_reg_11670172                                                                     |   24|   0|   24|          0|
    |sext_ln70_488_reg_11670177                                                                     |   25|   0|   25|          0|
    |sext_ln70_491_reg_11670197                                                                     |   23|   0|   23|          0|
    |sext_ln70_492_reg_11670202                                                                     |   24|   0|   24|          0|
    |sext_ln70_496_reg_11671186                                                                     |   25|   0|   25|          0|
    |sext_ln70_501_reg_11671191                                                                     |   25|   0|   25|          0|
    |sext_ln70_501_reg_11671191_pp0_iter5_reg                                                       |   25|   0|   25|          0|
    |sext_ln70_506_reg_11670233                                                                     |   24|   0|   24|          0|
    |sext_ln70_513_reg_11671223                                                                     |   22|   0|   22|          0|
    |sext_ln70_51_reg_11668349                                                                      |   24|   0|   24|          0|
    |sext_ln70_526_reg_11671255                                                                     |   23|   0|   23|          0|
    |sext_ln70_52_reg_11668354                                                                      |   23|   0|   23|          0|
    |sext_ln70_532_reg_11671266                                                                     |   22|   0|   22|          0|
    |sext_ln70_537_reg_11671285                                                                     |   25|   0|   25|          0|
    |sext_ln70_537_reg_11671285_pp0_iter5_reg                                                       |   25|   0|   25|          0|
    |sext_ln70_551_reg_11671320                                                                     |   23|   0|   23|          0|
    |sext_ln70_554_reg_11671344                                                                     |   22|   0|   22|          0|
    |sext_ln70_564_reg_11671372                                                                     |   26|   0|   26|          0|
    |sext_ln70_582_reg_11671426                                                                     |   24|   0|   24|          0|
    |sext_ln70_602_reg_11671462                                                                     |   21|   0|   21|          0|
    |sext_ln70_605_reg_11671480                                                                     |   24|   0|   24|          0|
    |sext_ln70_610_reg_11670256                                                                     |   22|   0|   22|          0|
    |sext_ln70_62_reg_11668369                                                                      |   25|   0|   25|          0|
    |sext_ln70_634_reg_11671539                                                                     |   23|   0|   23|          0|
    |sext_ln70_638_reg_11671566                                                                     |   26|   0|   26|          0|
    |sext_ln70_64_reg_11668374                                                                      |   26|   0|   26|          0|
    |sext_ln70_655_reg_11671625                                                                     |   23|   0|   23|          0|
    |sext_ln70_695_reg_11669841                                                                     |   17|   0|   17|          0|
    |sext_ln70_73_reg_11668407                                                                      |   25|   0|   25|          0|
    |sext_ln70_77_reg_11668425                                                                      |   27|   0|   27|          0|
    |sext_ln70_83_reg_11668431                                                                      |   23|   0|   23|          0|
    |sext_ln70_95_reg_11668508                                                                      |   25|   0|   25|          0|
    |sext_ln73_115_reg_11669324                                                                     |   17|   0|   23|          6|
    |sext_ln73_11_reg_11667997                                                                      |   27|   0|   27|          0|
    |sext_ln73_12_reg_11668004                                                                      |   26|   0|   26|          0|
    |sext_ln73_14_reg_11668018                                                                      |   17|   0|   22|          5|
    |sext_ln73_201_reg_11669349                                                                     |   17|   0|   20|          3|
    |sext_ln73_305_reg_11669453                                                                     |   17|   0|   23|          6|
    |sext_ln73_380_reg_11669636                                                                     |   17|   0|   22|          5|
    |sext_ln73_46_reg_11668158                                                                      |   17|   0|   22|          5|
    |sext_ln73_535_reg_11671174                                                                     |   17|   0|   23|          6|
    |sext_ln73_661_reg_11671490                                                                     |   17|   0|   22|          5|
    |sext_ln73_686_reg_11671549                                                                     |   17|   0|   21|          4|
    |sext_ln73_700_reg_11671600                                                                     |   17|   0|   23|          6|
    |shl_ln73_105_reg_11668534                                                                      |   16|   0|   17|          1|
    |shl_ln73_132_reg_11668640                                                                      |   16|   0|   19|          3|
    |shl_ln73_209_reg_11669394                                                                      |   16|   0|   19|          3|
    |shl_ln73_251_reg_11669475                                                                      |   16|   0|   19|          3|
    |shl_ln73_261_reg_11669499                                                                      |   16|   0|   17|          1|
    |shl_ln73_294_reg_11669594                                                                      |   16|   0|   17|          1|
    |shl_ln73_298_reg_11669611                                                                      |   16|   0|   19|          3|
    |shl_ln73_2_reg_11667992                                                                        |   16|   0|   17|          1|
    |shl_ln73_364_reg_11669782                                                                      |   16|   0|   17|          1|
    |shl_ln73_369_reg_11669804                                                                      |   16|   0|   17|          1|
    |shl_ln73_387_reg_11669916                                                                      |   16|   0|   18|          2|
    |shl_ln73_391_reg_11671098                                                                      |   16|   0|   20|          4|
    |shl_ln73_398_reg_11669960                                                                      |   16|   0|   17|          1|
    |shl_ln73_423_reg_11670111                                                                      |   16|   0|   18|          2|
    |shl_ln73_487_reg_11671308                                                                      |   16|   0|   18|          2|
    |shl_ln73_491_reg_11671325                                                                      |   16|   0|   18|          2|
    |shl_ln73_500_reg_11671357                                                                      |   16|   0|   17|          1|
    |shl_ln73_55_reg_11668359                                                                       |   16|   0|   19|          3|
    |shl_ln73_567_reg_11671544                                                                      |   16|   0|   20|          4|
    |shl_ln73_575_reg_11671581                                                                      |   16|   0|   18|          2|
    |shl_ln73_57_reg_11668364                                                                       |   16|   0|   18|          2|
    |shl_ln73_594_reg_11671636                                                                      |   16|   0|   18|          2|
    |shl_ln73_90_reg_11668477                                                                       |   16|   0|   17|          1|
    |shl_ln73_93_reg_11668483                                                                       |   16|   0|   18|          2|
    |shl_ln73_93_reg_11668483_pp0_iter3_reg                                                         |   16|   0|   18|          2|
    |sub_ln58_11_reg_11670947                                                                       |   23|   0|   23|          0|
    |sub_ln58_15_reg_11673657                                                                       |   24|   0|   24|          0|
    |sub_ln58_26_reg_11671052                                                                       |   21|   0|   21|          0|
    |sub_ln58_29_reg_11674392                                                                       |   24|   0|   24|          0|
    |sub_ln58_30_reg_11674472                                                                       |   22|   0|   22|          0|
    |sub_ln58_32_reg_11673102                                                                       |   21|   0|   22|          1|
    |sub_ln58_5_reg_11669284                                                                        |   20|   0|   20|          0|
    |sub_ln58_reg_11669179                                                                          |   23|   0|   23|          0|
    |sub_ln73_147_reg_11669384                                                                      |   17|   0|   21|          4|
    |sub_ln73_213_reg_11669542                                                                      |   21|   0|   24|          3|
    |sub_ln73_226_reg_11669599                                                                      |   17|   0|   21|          4|
    |sub_ln73_237_reg_11669641                                                                      |   21|   0|   24|          3|
    |sub_ln73_253_reg_11669681                                                                      |   23|   0|   24|          1|
    |sub_ln73_285_reg_11671077                                                                      |   19|   0|   22|          3|
    |sub_ln73_309_reg_11671103                                                                      |   21|   0|   21|          0|
    |sub_ln73_346_reg_11671164                                                                      |   17|   0|   23|          6|
    |sub_ln73_368_reg_11671228                                                                      |   17|   0|   22|          5|
    |sub_ln73_391_reg_11671330                                                                      |   17|   0|   23|          6|
    |sub_ln73_401_reg_11671377                                                                      |   25|   0|   25|          0|
    |sub_ln73_405_reg_11671399                                                                      |   21|   0|   23|          2|
    |sub_ln73_426_reg_11671485                                                                      |   19|   0|   21|          2|
    |sub_ln73_441_reg_11671554                                                                      |   17|   0|   21|          4|
    |sub_ln73_450_reg_11671605                                                                      |   17|   0|   23|          6|
    |sub_ln73_464_reg_11671664                                                                      |   17|   0|   22|          5|
    |trunc_ln58_1_reg_11668296                                                                      |   23|   0|   23|          0|
    |trunc_ln58_reg_11668291                                                                        |   22|   0|   22|          0|
    |void_compute_output_buffer_2d_array_const_ap_shift_reg_n_chan_stream_weig_19_int_reg           |   16|   0|   16|          0|
    |void_compute_output_buffer_2d_array_const_ap_shift_reg_n_chan_stream_weig_20_int_reg           |   16|   0|   16|          0|
    |void_compute_output_buffer_2d_array_const_ap_shift_reg_n_chan_stream_weig_21_int_reg           |   16|   0|   16|          0|
    |void_compute_output_buffer_2d_array_const_ap_shift_reg_n_chan_stream_weig_22_int_reg           |   16|   0|   16|          0|
    |void_compute_output_buffer_2d_array_const_ap_shift_reg_n_chan_stream_weig_23_int_reg           |   16|   0|   16|          0|
    |void_compute_output_buffer_2d_array_const_ap_shift_reg_n_chan_stream_weig_24_int_reg           |   16|   0|   16|          0|
    |void_compute_output_buffer_2d_array_const_ap_shift_reg_n_chan_stream_weig_25_int_reg           |   16|   0|   16|          0|
    |void_compute_output_buffer_2d_array_const_ap_shift_reg_n_chan_stream_weig_26_int_reg           |   16|   0|   16|          0|
    |void_compute_output_buffer_2d_array_const_ap_shift_reg_n_chan_stream_weig_27_int_reg           |   16|   0|   16|          0|
    |void_compute_output_buffer_2d_array_const_ap_shift_reg_n_chan_stream_weig_28_int_reg           |   16|   0|   16|          0|
    |add_ln58_1608_reg_11672767                                                                     |    0|   1|   25|          0|
    +-----------------------------------------------------------------------------------------------+-----+----+-----+-----------+
    |Total                                                                                          |73619|   1|74005|        361|
    +-----------------------------------------------------------------------------------------------+-----+----+-----+-----------+



================================================================
== Interface
================================================================
* Summary: 
+---------------------------------------------------------------------------------------+-----+-----+------------+---------------------------------------------------------------------------------------+--------------+
|                                       RTL Ports                                       | Dir | Bits|  Protocol  |                                     Source Object                                     |    C Type    |
+---------------------------------------------------------------------------------------+-----+-----+------------+---------------------------------------------------------------------------------------+--------------+
|ap_clk                                                                                 |   in|    1|  ap_ctrl_hs|       dense_latency<ap_fixed<16, 6, 5, 3, 0>, ap_fixed<41, 21, 5, 3, 0>, config7_mult>|  return value|
|ap_rst                                                                                 |   in|    1|  ap_ctrl_hs|       dense_latency<ap_fixed<16, 6, 5, 3, 0>, ap_fixed<41, 21, 5, 3, 0>, config7_mult>|  return value|
|ap_return_0                                                                            |  out|   41|  ap_ctrl_hs|       dense_latency<ap_fixed<16, 6, 5, 3, 0>, ap_fixed<41, 21, 5, 3, 0>, config7_mult>|  return value|
|ap_return_1                                                                            |  out|   41|  ap_ctrl_hs|       dense_latency<ap_fixed<16, 6, 5, 3, 0>, ap_fixed<41, 21, 5, 3, 0>, config7_mult>|  return value|
|ap_return_2                                                                            |  out|   41|  ap_ctrl_hs|       dense_latency<ap_fixed<16, 6, 5, 3, 0>, ap_fixed<41, 21, 5, 3, 0>, config7_mult>|  return value|
|ap_return_3                                                                            |  out|   41|  ap_ctrl_hs|       dense_latency<ap_fixed<16, 6, 5, 3, 0>, ap_fixed<41, 21, 5, 3, 0>, config7_mult>|  return value|
|ap_return_4                                                                            |  out|   41|  ap_ctrl_hs|       dense_latency<ap_fixed<16, 6, 5, 3, 0>, ap_fixed<41, 21, 5, 3, 0>, config7_mult>|  return value|
|ap_return_5                                                                            |  out|   41|  ap_ctrl_hs|       dense_latency<ap_fixed<16, 6, 5, 3, 0>, ap_fixed<41, 21, 5, 3, 0>, config7_mult>|  return value|
|ap_return_6                                                                            |  out|   41|  ap_ctrl_hs|       dense_latency<ap_fixed<16, 6, 5, 3, 0>, ap_fixed<41, 21, 5, 3, 0>, config7_mult>|  return value|
|ap_return_7                                                                            |  out|   41|  ap_ctrl_hs|       dense_latency<ap_fixed<16, 6, 5, 3, 0>, ap_fixed<41, 21, 5, 3, 0>, config7_mult>|  return value|
|ap_return_8                                                                            |  out|   41|  ap_ctrl_hs|       dense_latency<ap_fixed<16, 6, 5, 3, 0>, ap_fixed<41, 21, 5, 3, 0>, config7_mult>|  return value|
|ap_return_9                                                                            |  out|   41|  ap_ctrl_hs|       dense_latency<ap_fixed<16, 6, 5, 3, 0>, ap_fixed<41, 21, 5, 3, 0>, config7_mult>|  return value|
|ap_return_10                                                                           |  out|   41|  ap_ctrl_hs|       dense_latency<ap_fixed<16, 6, 5, 3, 0>, ap_fixed<41, 21, 5, 3, 0>, config7_mult>|  return value|
|ap_return_11                                                                           |  out|   41|  ap_ctrl_hs|       dense_latency<ap_fixed<16, 6, 5, 3, 0>, ap_fixed<41, 21, 5, 3, 0>, config7_mult>|  return value|
|ap_return_12                                                                           |  out|   41|  ap_ctrl_hs|       dense_latency<ap_fixed<16, 6, 5, 3, 0>, ap_fixed<41, 21, 5, 3, 0>, config7_mult>|  return value|
|ap_return_13                                                                           |  out|   41|  ap_ctrl_hs|       dense_latency<ap_fixed<16, 6, 5, 3, 0>, ap_fixed<41, 21, 5, 3, 0>, config7_mult>|  return value|
|ap_return_14                                                                           |  out|   41|  ap_ctrl_hs|       dense_latency<ap_fixed<16, 6, 5, 3, 0>, ap_fixed<41, 21, 5, 3, 0>, config7_mult>|  return value|
|ap_return_15                                                                           |  out|   41|  ap_ctrl_hs|       dense_latency<ap_fixed<16, 6, 5, 3, 0>, ap_fixed<41, 21, 5, 3, 0>, config7_mult>|  return value|
|ap_ce                                                                                  |   in|    1|  ap_ctrl_hs|       dense_latency<ap_fixed<16, 6, 5, 3, 0>, ap_fixed<41, 21, 5, 3, 0>, config7_mult>|  return value|
|void_compute_output_buffer_2d_array_const_ap_shift_reg_n_chan_stream_weig_28           |   in|   16|     ap_none|           void_compute_output_buffer_2d_array_const_ap_shift_reg_n_chan_stream_weig_28|       pointer|
|void_compute_output_buffer_2d_array_const_ap_shift_reg_n_chan_stream_weig_27           |   in|   16|     ap_none|           void_compute_output_buffer_2d_array_const_ap_shift_reg_n_chan_stream_weig_27|       pointer|
|void_compute_output_buffer_2d_array_const_ap_shift_reg_n_chan_stream_weig_26           |   in|   16|     ap_none|           void_compute_output_buffer_2d_array_const_ap_shift_reg_n_chan_stream_weig_26|       pointer|
|void_compute_output_buffer_2d_array_const_ap_shift_reg_n_chan_stream_weig_25           |   in|   16|     ap_none|           void_compute_output_buffer_2d_array_const_ap_shift_reg_n_chan_stream_weig_25|       pointer|
|void_compute_output_buffer_2d_array_const_ap_shift_reg_n_chan_stream_weig_24           |   in|   16|     ap_none|           void_compute_output_buffer_2d_array_const_ap_shift_reg_n_chan_stream_weig_24|       pointer|
|void_compute_output_buffer_2d_array_const_ap_shift_reg_n_chan_stream_weig_23           |   in|   16|     ap_none|           void_compute_output_buffer_2d_array_const_ap_shift_reg_n_chan_stream_weig_23|       pointer|
|void_compute_output_buffer_2d_array_const_ap_shift_reg_n_chan_stream_weig_22           |   in|   16|     ap_none|           void_compute_output_buffer_2d_array_const_ap_shift_reg_n_chan_stream_weig_22|       pointer|
|void_compute_output_buffer_2d_array_const_ap_shift_reg_n_chan_stream_weig_21           |   in|   16|     ap_none|           void_compute_output_buffer_2d_array_const_ap_shift_reg_n_chan_stream_weig_21|       pointer|
|void_compute_output_buffer_2d_array_const_ap_shift_reg_n_chan_stream_weig_20           |   in|   16|     ap_none|           void_compute_output_buffer_2d_array_const_ap_shift_reg_n_chan_stream_weig_20|       pointer|
|void_compute_output_buffer_2d_array_const_ap_shift_reg_n_chan_stream_weig_19           |   in|   16|     ap_none|           void_compute_output_buffer_2d_array_const_ap_shift_reg_n_chan_stream_weig_19|       pointer|
|p_ZZN4nnet24compute_output_buffer_2dINS_5arrayI8ap_fixedILi16ELi6EL9ap_q_mode5EL9_267  |   in|   16|     ap_none|  p_ZZN4nnet24compute_output_buffer_2dINS_5arrayI8ap_fixedILi16ELi6EL9ap_q_mode5EL9_267|       pointer|
|p_ZZN4nnet24compute_output_buffer_2dINS_5arrayI8ap_fixedILi16ELi6EL9ap_q_mode5EL9_278  |   in|   16|     ap_none|  p_ZZN4nnet24compute_output_buffer_2dINS_5arrayI8ap_fixedILi16ELi6EL9ap_q_mode5EL9_278|       pointer|
|p_ZZN4nnet24compute_output_buffer_2dINS_5arrayI8ap_fixedILi16ELi6EL9ap_q_mode5EL9_289  |   in|   16|     ap_none|  p_ZZN4nnet24compute_output_buffer_2dINS_5arrayI8ap_fixedILi16ELi6EL9ap_q_mode5EL9_289|       pointer|
|p_ZZN4nnet24compute_output_buffer_2dINS_5arrayI8ap_fixedILi16ELi6EL9ap_q_mode5EL9_300  |   in|   16|     ap_none|  p_ZZN4nnet24compute_output_buffer_2dINS_5arrayI8ap_fixedILi16ELi6EL9ap_q_mode5EL9_300|       pointer|
|p_ZZN4nnet24compute_output_buffer_2dINS_5arrayI8ap_fixedILi16ELi6EL9ap_q_mode5EL9_311  |   in|   16|     ap_none|  p_ZZN4nnet24compute_output_buffer_2dINS_5arrayI8ap_fixedILi16ELi6EL9ap_q_mode5EL9_311|       pointer|
|p_ZZN4nnet24compute_output_buffer_2dINS_5arrayI8ap_fixedILi16ELi6EL9ap_q_mode5EL9_316  |   in|   16|     ap_none|  p_ZZN4nnet24compute_output_buffer_2dINS_5arrayI8ap_fixedILi16ELi6EL9ap_q_mode5EL9_316|       pointer|
|p_ZZN4nnet24compute_output_buffer_2dINS_5arrayI8ap_fixedILi16ELi6EL9ap_q_mode5EL9_317  |   in|   16|     ap_none|  p_ZZN4nnet24compute_output_buffer_2dINS_5arrayI8ap_fixedILi16ELi6EL9ap_q_mode5EL9_317|       pointer|
|p_ZZN4nnet24compute_output_buffer_2dINS_5arrayI8ap_fixedILi16ELi6EL9ap_q_mode5EL9_318  |   in|   16|     ap_none|  p_ZZN4nnet24compute_output_buffer_2dINS_5arrayI8ap_fixedILi16ELi6EL9ap_q_mode5EL9_318|       pointer|
|p_ZZN4nnet24compute_output_buffer_2dINS_5arrayI8ap_fixedILi16ELi6EL9ap_q_mode5EL9_319  |   in|   16|     ap_none|  p_ZZN4nnet24compute_output_buffer_2dINS_5arrayI8ap_fixedILi16ELi6EL9ap_q_mode5EL9_319|       pointer|
|p_ZZN4nnet24compute_output_buffer_2dINS_5arrayI8ap_fixedILi16ELi6EL9ap_q_mode5EL9_320  |   in|   16|     ap_none|  p_ZZN4nnet24compute_output_buffer_2dINS_5arrayI8ap_fixedILi16ELi6EL9ap_q_mode5EL9_320|       pointer|
|p_ZZN4nnet24compute_output_buffer_2dINS_5arrayI8ap_fixedILi16ELi6EL9ap_q_mode5EL9_321  |   in|   16|     ap_none|  p_ZZN4nnet24compute_output_buffer_2dINS_5arrayI8ap_fixedILi16ELi6EL9ap_q_mode5EL9_321|       pointer|
|p_ZZN4nnet24compute_output_buffer_2dINS_5arrayI8ap_fixedILi16ELi6EL9ap_q_mode5EL9_322  |   in|   16|     ap_none|  p_ZZN4nnet24compute_output_buffer_2dINS_5arrayI8ap_fixedILi16ELi6EL9ap_q_mode5EL9_322|       pointer|
|p_ZZN4nnet24compute_output_buffer_2dINS_5arrayI8ap_fixedILi16ELi6EL9ap_q_mode5EL9_323  |   in|   16|     ap_none|  p_ZZN4nnet24compute_output_buffer_2dINS_5arrayI8ap_fixedILi16ELi6EL9ap_q_mode5EL9_323|       pointer|
|p_ZZN4nnet24compute_output_buffer_2dINS_5arrayI8ap_fixedILi16ELi6EL9ap_q_mode5EL9_324  |   in|   16|     ap_none|  p_ZZN4nnet24compute_output_buffer_2dINS_5arrayI8ap_fixedILi16ELi6EL9ap_q_mode5EL9_324|       pointer|
|p_ZZN4nnet24compute_output_buffer_2dINS_5arrayI8ap_fixedILi16ELi6EL9ap_q_mode5EL9_325  |   in|   16|     ap_none|  p_ZZN4nnet24compute_output_buffer_2dINS_5arrayI8ap_fixedILi16ELi6EL9ap_q_mode5EL9_325|       pointer|
|p_ZZN4nnet24compute_output_buffer_2dINS_5arrayI8ap_fixedILi16ELi6EL9ap_q_mode5EL9_326  |   in|   16|     ap_none|  p_ZZN4nnet24compute_output_buffer_2dINS_5arrayI8ap_fixedILi16ELi6EL9ap_q_mode5EL9_326|       pointer|
|p_ZZN4nnet24compute_output_buffer_2dINS_5arrayI8ap_fixedILi16ELi6EL9ap_q_mode5EL9_327  |   in|   16|     ap_none|  p_ZZN4nnet24compute_output_buffer_2dINS_5arrayI8ap_fixedILi16ELi6EL9ap_q_mode5EL9_327|       pointer|
|p_ZZN4nnet24compute_output_buffer_2dINS_5arrayI8ap_fixedILi16ELi6EL9ap_q_mode5EL9_328  |   in|   16|     ap_none|  p_ZZN4nnet24compute_output_buffer_2dINS_5arrayI8ap_fixedILi16ELi6EL9ap_q_mode5EL9_328|       pointer|
|p_ZZN4nnet24compute_output_buffer_2dINS_5arrayI8ap_fixedILi16ELi6EL9ap_q_mode5EL9_329  |   in|   16|     ap_none|  p_ZZN4nnet24compute_output_buffer_2dINS_5arrayI8ap_fixedILi16ELi6EL9ap_q_mode5EL9_329|       pointer|
|p_ZZN4nnet24compute_output_buffer_2dINS_5arrayI8ap_fixedILi16ELi6EL9ap_q_mode5EL9_330  |   in|   16|     ap_none|  p_ZZN4nnet24compute_output_buffer_2dINS_5arrayI8ap_fixedILi16ELi6EL9ap_q_mode5EL9_330|       pointer|
|p_ZZN4nnet24compute_output_buffer_2dINS_5arrayI8ap_fixedILi16ELi6EL9ap_q_mode5EL9_331  |   in|   16|     ap_none|  p_ZZN4nnet24compute_output_buffer_2dINS_5arrayI8ap_fixedILi16ELi6EL9ap_q_mode5EL9_331|       pointer|
|p_ZZN4nnet24compute_output_buffer_2dINS_5arrayI8ap_fixedILi16ELi6EL9ap_q_mode5EL9_332  |   in|   16|     ap_none|  p_ZZN4nnet24compute_output_buffer_2dINS_5arrayI8ap_fixedILi16ELi6EL9ap_q_mode5EL9_332|       pointer|
|p_ZZN4nnet24compute_output_buffer_2dINS_5arrayI8ap_fixedILi16ELi6EL9ap_q_mode5EL9_333  |   in|   16|     ap_none|  p_ZZN4nnet24compute_output_buffer_2dINS_5arrayI8ap_fixedILi16ELi6EL9ap_q_mode5EL9_333|       pointer|
|p_ZZN4nnet24compute_output_buffer_2dINS_5arrayI8ap_fixedILi16ELi6EL9ap_q_mode5EL9_334  |   in|   16|     ap_none|  p_ZZN4nnet24compute_output_buffer_2dINS_5arrayI8ap_fixedILi16ELi6EL9ap_q_mode5EL9_334|       pointer|
|p_ZZN4nnet24compute_output_buffer_2dINS_5arrayI8ap_fixedILi16ELi6EL9ap_q_mode5EL9_335  |   in|   16|     ap_none|  p_ZZN4nnet24compute_output_buffer_2dINS_5arrayI8ap_fixedILi16ELi6EL9ap_q_mode5EL9_335|       pointer|
|p_ZZN4nnet24compute_output_buffer_2dINS_5arrayI8ap_fixedILi16ELi6EL9ap_q_mode5EL9_336  |   in|   16|     ap_none|  p_ZZN4nnet24compute_output_buffer_2dINS_5arrayI8ap_fixedILi16ELi6EL9ap_q_mode5EL9_336|       pointer|
|p_ZZN4nnet24compute_output_buffer_2dINS_5arrayI8ap_fixedILi16ELi6EL9ap_q_mode5EL9_337  |   in|   16|     ap_none|  p_ZZN4nnet24compute_output_buffer_2dINS_5arrayI8ap_fixedILi16ELi6EL9ap_q_mode5EL9_337|       pointer|
|p_ZZN4nnet24compute_output_buffer_2dINS_5arrayI8ap_fixedILi16ELi6EL9ap_q_mode5EL9_338  |   in|   16|     ap_none|  p_ZZN4nnet24compute_output_buffer_2dINS_5arrayI8ap_fixedILi16ELi6EL9ap_q_mode5EL9_338|       pointer|
|p_ZZN4nnet24compute_output_buffer_2dINS_5arrayI8ap_fixedILi16ELi6EL9ap_q_mode5EL9_339  |   in|   16|     ap_none|  p_ZZN4nnet24compute_output_buffer_2dINS_5arrayI8ap_fixedILi16ELi6EL9ap_q_mode5EL9_339|       pointer|
|p_ZZN4nnet24compute_output_buffer_2dINS_5arrayI8ap_fixedILi16ELi6EL9ap_q_mode5EL9_340  |   in|   16|     ap_none|  p_ZZN4nnet24compute_output_buffer_2dINS_5arrayI8ap_fixedILi16ELi6EL9ap_q_mode5EL9_340|       pointer|
|p_ZZN4nnet24compute_output_buffer_2dINS_5arrayI8ap_fixedILi16ELi6EL9ap_q_mode5EL9_341  |   in|   16|     ap_none|  p_ZZN4nnet24compute_output_buffer_2dINS_5arrayI8ap_fixedILi16ELi6EL9ap_q_mode5EL9_341|       pointer|
|p_ZZN4nnet24compute_output_buffer_2dINS_5arrayI8ap_fixedILi16ELi6EL9ap_q_mode5EL9_342  |   in|   16|     ap_none|  p_ZZN4nnet24compute_output_buffer_2dINS_5arrayI8ap_fixedILi16ELi6EL9ap_q_mode5EL9_342|       pointer|
|p_ZZN4nnet24compute_output_buffer_2dINS_5arrayI8ap_fixedILi16ELi6EL9ap_q_mode5EL9_343  |   in|   16|     ap_none|  p_ZZN4nnet24compute_output_buffer_2dINS_5arrayI8ap_fixedILi16ELi6EL9ap_q_mode5EL9_343|       pointer|
|p_ZZN4nnet24compute_output_buffer_2dINS_5arrayI8ap_fixedILi16ELi6EL9ap_q_mode5EL9_344  |   in|   16|     ap_none|  p_ZZN4nnet24compute_output_buffer_2dINS_5arrayI8ap_fixedILi16ELi6EL9ap_q_mode5EL9_344|       pointer|
|p_ZZN4nnet24compute_output_buffer_2dINS_5arrayI8ap_fixedILi16ELi6EL9ap_q_mode5EL9_345  |   in|   16|     ap_none|  p_ZZN4nnet24compute_output_buffer_2dINS_5arrayI8ap_fixedILi16ELi6EL9ap_q_mode5EL9_345|       pointer|
|p_ZZN4nnet24compute_output_buffer_2dINS_5arrayI8ap_fixedILi16ELi6EL9ap_q_mode5EL9_346  |   in|   16|     ap_none|  p_ZZN4nnet24compute_output_buffer_2dINS_5arrayI8ap_fixedILi16ELi6EL9ap_q_mode5EL9_346|       pointer|
|p_ZZN4nnet24compute_output_buffer_2dINS_5arrayI8ap_fixedILi16ELi6EL9ap_q_mode5EL9_347  |   in|   16|     ap_none|  p_ZZN4nnet24compute_output_buffer_2dINS_5arrayI8ap_fixedILi16ELi6EL9ap_q_mode5EL9_347|       pointer|
|p_ZZN4nnet24compute_output_buffer_2dINS_5arrayI8ap_fixedILi16ELi6EL9ap_q_mode5EL9_348  |   in|   16|     ap_none|  p_ZZN4nnet24compute_output_buffer_2dINS_5arrayI8ap_fixedILi16ELi6EL9ap_q_mode5EL9_348|       pointer|
|p_ZZN4nnet24compute_output_buffer_2dINS_5arrayI8ap_fixedILi16ELi6EL9ap_q_mode5EL9_349  |   in|   16|     ap_none|  p_ZZN4nnet24compute_output_buffer_2dINS_5arrayI8ap_fixedILi16ELi6EL9ap_q_mode5EL9_349|       pointer|
|p_ZZN4nnet24compute_output_buffer_2dINS_5arrayI8ap_fixedILi16ELi6EL9ap_q_mode5EL9_350  |   in|   16|     ap_none|  p_ZZN4nnet24compute_output_buffer_2dINS_5arrayI8ap_fixedILi16ELi6EL9ap_q_mode5EL9_350|       pointer|
|p_ZZN4nnet24compute_output_buffer_2dINS_5arrayI8ap_fixedILi16ELi6EL9ap_q_mode5EL9_351  |   in|   16|     ap_none|  p_ZZN4nnet24compute_output_buffer_2dINS_5arrayI8ap_fixedILi16ELi6EL9ap_q_mode5EL9_351|       pointer|
|p_ZZN4nnet24compute_output_buffer_2dINS_5arrayI8ap_fixedILi16ELi6EL9ap_q_mode5EL9_352  |   in|   16|     ap_none|  p_ZZN4nnet24compute_output_buffer_2dINS_5arrayI8ap_fixedILi16ELi6EL9ap_q_mode5EL9_352|       pointer|
|p_ZZN4nnet24compute_output_buffer_2dINS_5arrayI8ap_fixedILi16ELi6EL9ap_q_mode5EL9_353  |   in|   16|     ap_none|  p_ZZN4nnet24compute_output_buffer_2dINS_5arrayI8ap_fixedILi16ELi6EL9ap_q_mode5EL9_353|       pointer|
|p_ZZN4nnet24compute_output_buffer_2dINS_5arrayI8ap_fixedILi16ELi6EL9ap_q_mode5EL9_354  |   in|   16|     ap_none|  p_ZZN4nnet24compute_output_buffer_2dINS_5arrayI8ap_fixedILi16ELi6EL9ap_q_mode5EL9_354|       pointer|
|p_ZZN4nnet24compute_output_buffer_2dINS_5arrayI8ap_fixedILi16ELi6EL9ap_q_mode5EL9_355  |   in|   16|     ap_none|  p_ZZN4nnet24compute_output_buffer_2dINS_5arrayI8ap_fixedILi16ELi6EL9ap_q_mode5EL9_355|       pointer|
|p_ZZN4nnet24compute_output_buffer_2dINS_5arrayI8ap_fixedILi16ELi6EL9ap_q_mode5EL9_356  |   in|   16|     ap_none|  p_ZZN4nnet24compute_output_buffer_2dINS_5arrayI8ap_fixedILi16ELi6EL9ap_q_mode5EL9_356|       pointer|
|p_ZZN4nnet24compute_output_buffer_2dINS_5arrayI8ap_fixedILi16ELi6EL9ap_q_mode5EL9_357  |   in|   16|     ap_none|  p_ZZN4nnet24compute_output_buffer_2dINS_5arrayI8ap_fixedILi16ELi6EL9ap_q_mode5EL9_357|       pointer|
|p_ZZN4nnet24compute_output_buffer_2dINS_5arrayI8ap_fixedILi16ELi6EL9ap_q_mode5EL9_358  |   in|   16|     ap_none|  p_ZZN4nnet24compute_output_buffer_2dINS_5arrayI8ap_fixedILi16ELi6EL9ap_q_mode5EL9_358|       pointer|
|p_ZZN4nnet24compute_output_buffer_2dINS_5arrayI8ap_fixedILi16ELi6EL9ap_q_mode5EL9_359  |   in|   16|     ap_none|  p_ZZN4nnet24compute_output_buffer_2dINS_5arrayI8ap_fixedILi16ELi6EL9ap_q_mode5EL9_359|       pointer|
|p_ZZN4nnet24compute_output_buffer_2dINS_5arrayI8ap_fixedILi16ELi6EL9ap_q_mode5EL9_360  |   in|   16|     ap_none|  p_ZZN4nnet24compute_output_buffer_2dINS_5arrayI8ap_fixedILi16ELi6EL9ap_q_mode5EL9_360|       pointer|
|p_ZZN4nnet24compute_output_buffer_2dINS_5arrayI8ap_fixedILi16ELi6EL9ap_q_mode5EL9_361  |   in|   16|     ap_none|  p_ZZN4nnet24compute_output_buffer_2dINS_5arrayI8ap_fixedILi16ELi6EL9ap_q_mode5EL9_361|       pointer|
|p_ZZN4nnet24compute_output_buffer_2dINS_5arrayI8ap_fixedILi16ELi6EL9ap_q_mode5EL9_362  |   in|   16|     ap_none|  p_ZZN4nnet24compute_output_buffer_2dINS_5arrayI8ap_fixedILi16ELi6EL9ap_q_mode5EL9_362|       pointer|
|p_ZZN4nnet24compute_output_buffer_2dINS_5arrayI8ap_fixedILi16ELi6EL9ap_q_mode5EL9_363  |   in|   16|     ap_none|  p_ZZN4nnet24compute_output_buffer_2dINS_5arrayI8ap_fixedILi16ELi6EL9ap_q_mode5EL9_363|       pointer|
|p_ZZN4nnet24compute_output_buffer_2dINS_5arrayI8ap_fixedILi16ELi6EL9ap_q_mode5EL9_364  |   in|   16|     ap_none|  p_ZZN4nnet24compute_output_buffer_2dINS_5arrayI8ap_fixedILi16ELi6EL9ap_q_mode5EL9_364|       pointer|
|p_ZZN4nnet24compute_output_buffer_2dINS_5arrayI8ap_fixedILi16ELi6EL9ap_q_mode5EL9_365  |   in|   16|     ap_none|  p_ZZN4nnet24compute_output_buffer_2dINS_5arrayI8ap_fixedILi16ELi6EL9ap_q_mode5EL9_365|       pointer|
|p_ZZN4nnet24compute_output_buffer_2dINS_5arrayI8ap_fixedILi16ELi6EL9ap_q_mode5EL9_366  |   in|   16|     ap_none|  p_ZZN4nnet24compute_output_buffer_2dINS_5arrayI8ap_fixedILi16ELi6EL9ap_q_mode5EL9_366|       pointer|
|p_ZZN4nnet24compute_output_buffer_2dINS_5arrayI8ap_fixedILi16ELi6EL9ap_q_mode5EL9_367  |   in|   16|     ap_none|  p_ZZN4nnet24compute_output_buffer_2dINS_5arrayI8ap_fixedILi16ELi6EL9ap_q_mode5EL9_367|       pointer|
|p_ZZN4nnet24compute_output_buffer_2dINS_5arrayI8ap_fixedILi16ELi6EL9ap_q_mode5EL9_368  |   in|   16|     ap_none|  p_ZZN4nnet24compute_output_buffer_2dINS_5arrayI8ap_fixedILi16ELi6EL9ap_q_mode5EL9_368|       pointer|
|p_ZZN4nnet24compute_output_buffer_2dINS_5arrayI8ap_fixedILi16ELi6EL9ap_q_mode5EL9_369  |   in|   16|     ap_none|  p_ZZN4nnet24compute_output_buffer_2dINS_5arrayI8ap_fixedILi16ELi6EL9ap_q_mode5EL9_369|       pointer|
|p_ZZN4nnet24compute_output_buffer_2dINS_5arrayI8ap_fixedILi16ELi6EL9ap_q_mode5EL9_370  |   in|   16|     ap_none|  p_ZZN4nnet24compute_output_buffer_2dINS_5arrayI8ap_fixedILi16ELi6EL9ap_q_mode5EL9_370|       pointer|
|p_ZZN4nnet24compute_output_buffer_2dINS_5arrayI8ap_fixedILi16ELi6EL9ap_q_mode5EL9_371  |   in|   16|     ap_none|  p_ZZN4nnet24compute_output_buffer_2dINS_5arrayI8ap_fixedILi16ELi6EL9ap_q_mode5EL9_371|       pointer|
|p_ZZN4nnet24compute_output_buffer_2dINS_5arrayI8ap_fixedILi16ELi6EL9ap_q_mode5EL9_372  |   in|   16|     ap_none|  p_ZZN4nnet24compute_output_buffer_2dINS_5arrayI8ap_fixedILi16ELi6EL9ap_q_mode5EL9_372|       pointer|
|p_ZZN4nnet24compute_output_buffer_2dINS_5arrayI8ap_fixedILi16ELi6EL9ap_q_mode5EL9_373  |   in|   16|     ap_none|  p_ZZN4nnet24compute_output_buffer_2dINS_5arrayI8ap_fixedILi16ELi6EL9ap_q_mode5EL9_373|       pointer|
|p_ZZN4nnet24compute_output_buffer_2dINS_5arrayI8ap_fixedILi16ELi6EL9ap_q_mode5EL9_374  |   in|   16|     ap_none|  p_ZZN4nnet24compute_output_buffer_2dINS_5arrayI8ap_fixedILi16ELi6EL9ap_q_mode5EL9_374|       pointer|
|p_ZZN4nnet24compute_output_buffer_2dINS_5arrayI8ap_fixedILi16ELi6EL9ap_q_mode5EL9_375  |   in|   16|     ap_none|  p_ZZN4nnet24compute_output_buffer_2dINS_5arrayI8ap_fixedILi16ELi6EL9ap_q_mode5EL9_375|       pointer|
|p_ZZN4nnet24compute_output_buffer_2dINS_5arrayI8ap_fixedILi16ELi6EL9ap_q_mode5EL9_376  |   in|   16|     ap_none|  p_ZZN4nnet24compute_output_buffer_2dINS_5arrayI8ap_fixedILi16ELi6EL9ap_q_mode5EL9_376|       pointer|
|p_ZZN4nnet24compute_output_buffer_2dINS_5arrayI8ap_fixedILi16ELi6EL9ap_q_mode5EL9_377  |   in|   16|     ap_none|  p_ZZN4nnet24compute_output_buffer_2dINS_5arrayI8ap_fixedILi16ELi6EL9ap_q_mode5EL9_377|       pointer|
|p_ZZN4nnet24compute_output_buffer_2dINS_5arrayI8ap_fixedILi16ELi6EL9ap_q_mode5EL9_378  |   in|   16|     ap_none|  p_ZZN4nnet24compute_output_buffer_2dINS_5arrayI8ap_fixedILi16ELi6EL9ap_q_mode5EL9_378|       pointer|
|p_ZZN4nnet24compute_output_buffer_2dINS_5arrayI8ap_fixedILi16ELi6EL9ap_q_mode5EL9_379  |   in|   16|     ap_none|  p_ZZN4nnet24compute_output_buffer_2dINS_5arrayI8ap_fixedILi16ELi6EL9ap_q_mode5EL9_379|       pointer|
|p_ZZN4nnet24compute_output_buffer_2dINS_5arrayI8ap_fixedILi16ELi6EL9ap_q_mode5EL9_380  |   in|   16|     ap_none|  p_ZZN4nnet24compute_output_buffer_2dINS_5arrayI8ap_fixedILi16ELi6EL9ap_q_mode5EL9_380|       pointer|
|p_ZZN4nnet24compute_output_buffer_2dINS_5arrayI8ap_fixedILi16ELi6EL9ap_q_mode5EL9_381  |   in|   16|     ap_none|  p_ZZN4nnet24compute_output_buffer_2dINS_5arrayI8ap_fixedILi16ELi6EL9ap_q_mode5EL9_381|       pointer|
|p_ZZN4nnet24compute_output_buffer_2dINS_5arrayI8ap_fixedILi16ELi6EL9ap_q_mode5EL9_382  |   in|   16|     ap_none|  p_ZZN4nnet24compute_output_buffer_2dINS_5arrayI8ap_fixedILi16ELi6EL9ap_q_mode5EL9_382|       pointer|
|p_ZZN4nnet24compute_output_buffer_2dINS_5arrayI8ap_fixedILi16ELi6EL9ap_q_mode5EL9_383  |   in|   16|     ap_none|  p_ZZN4nnet24compute_output_buffer_2dINS_5arrayI8ap_fixedILi16ELi6EL9ap_q_mode5EL9_383|       pointer|
|p_ZZN4nnet24compute_output_buffer_2dINS_5arrayI8ap_fixedILi16ELi6EL9ap_q_mode5EL9_384  |   in|   16|     ap_none|  p_ZZN4nnet24compute_output_buffer_2dINS_5arrayI8ap_fixedILi16ELi6EL9ap_q_mode5EL9_384|       pointer|
|p_ZZN4nnet24compute_output_buffer_2dINS_5arrayI8ap_fixedILi16ELi6EL9ap_q_mode5EL9_385  |   in|   16|     ap_none|  p_ZZN4nnet24compute_output_buffer_2dINS_5arrayI8ap_fixedILi16ELi6EL9ap_q_mode5EL9_385|       pointer|
|p_ZZN4nnet24compute_output_buffer_2dINS_5arrayI8ap_fixedILi16ELi6EL9ap_q_mode5EL9_386  |   in|   16|     ap_none|  p_ZZN4nnet24compute_output_buffer_2dINS_5arrayI8ap_fixedILi16ELi6EL9ap_q_mode5EL9_386|       pointer|
|p_ZZN4nnet24compute_output_buffer_2dINS_5arrayI8ap_fixedILi16ELi6EL9ap_q_mode5EL9_387  |   in|   16|     ap_none|  p_ZZN4nnet24compute_output_buffer_2dINS_5arrayI8ap_fixedILi16ELi6EL9ap_q_mode5EL9_387|       pointer|
|p_ZZN4nnet24compute_output_buffer_2dINS_5arrayI8ap_fixedILi16ELi6EL9ap_q_mode5EL9_388  |   in|   16|     ap_none|  p_ZZN4nnet24compute_output_buffer_2dINS_5arrayI8ap_fixedILi16ELi6EL9ap_q_mode5EL9_388|       pointer|
|p_ZZN4nnet24compute_output_buffer_2dINS_5arrayI8ap_fixedILi16ELi6EL9ap_q_mode5EL9_389  |   in|   16|     ap_none|  p_ZZN4nnet24compute_output_buffer_2dINS_5arrayI8ap_fixedILi16ELi6EL9ap_q_mode5EL9_389|       pointer|
|p_ZZN4nnet24compute_output_buffer_2dINS_5arrayI8ap_fixedILi16ELi6EL9ap_q_mode5EL9_390  |   in|   16|     ap_none|  p_ZZN4nnet24compute_output_buffer_2dINS_5arrayI8ap_fixedILi16ELi6EL9ap_q_mode5EL9_390|       pointer|
|p_ZZN4nnet24compute_output_buffer_2dINS_5arrayI8ap_fixedILi16ELi6EL9ap_q_mode5EL9_391  |   in|   16|     ap_none|  p_ZZN4nnet24compute_output_buffer_2dINS_5arrayI8ap_fixedILi16ELi6EL9ap_q_mode5EL9_391|       pointer|
|p_ZZN4nnet24compute_output_buffer_2dINS_5arrayI8ap_fixedILi16ELi6EL9ap_q_mode5EL9_392  |   in|   16|     ap_none|  p_ZZN4nnet24compute_output_buffer_2dINS_5arrayI8ap_fixedILi16ELi6EL9ap_q_mode5EL9_392|       pointer|
|p_ZZN4nnet24compute_output_buffer_2dINS_5arrayI8ap_fixedILi16ELi6EL9ap_q_mode5EL9_393  |   in|   16|     ap_none|  p_ZZN4nnet24compute_output_buffer_2dINS_5arrayI8ap_fixedILi16ELi6EL9ap_q_mode5EL9_393|       pointer|
|p_ZZN4nnet24compute_output_buffer_2dINS_5arrayI8ap_fixedILi16ELi6EL9ap_q_mode5EL9_394  |   in|   16|     ap_none|  p_ZZN4nnet24compute_output_buffer_2dINS_5arrayI8ap_fixedILi16ELi6EL9ap_q_mode5EL9_394|       pointer|
|p_ZZN4nnet24compute_output_buffer_2dINS_5arrayI8ap_fixedILi16ELi6EL9ap_q_mode5EL9_395  |   in|   16|     ap_none|  p_ZZN4nnet24compute_output_buffer_2dINS_5arrayI8ap_fixedILi16ELi6EL9ap_q_mode5EL9_395|       pointer|
|p_ZZN4nnet24compute_output_buffer_2dINS_5arrayI8ap_fixedILi16ELi6EL9ap_q_mode5EL9_396  |   in|   16|     ap_none|  p_ZZN4nnet24compute_output_buffer_2dINS_5arrayI8ap_fixedILi16ELi6EL9ap_q_mode5EL9_396|       pointer|
|p_ZZN4nnet24compute_output_buffer_2dINS_5arrayI8ap_fixedILi16ELi6EL9ap_q_mode5EL9_397  |   in|   16|     ap_none|  p_ZZN4nnet24compute_output_buffer_2dINS_5arrayI8ap_fixedILi16ELi6EL9ap_q_mode5EL9_397|       pointer|
|p_ZZN4nnet24compute_output_buffer_2dINS_5arrayI8ap_fixedILi16ELi6EL9ap_q_mode5EL9_398  |   in|   16|     ap_none|  p_ZZN4nnet24compute_output_buffer_2dINS_5arrayI8ap_fixedILi16ELi6EL9ap_q_mode5EL9_398|       pointer|
|p_ZZN4nnet24compute_output_buffer_2dINS_5arrayI8ap_fixedILi16ELi6EL9ap_q_mode5EL9_399  |   in|   16|     ap_none|  p_ZZN4nnet24compute_output_buffer_2dINS_5arrayI8ap_fixedILi16ELi6EL9ap_q_mode5EL9_399|       pointer|
|p_ZZN4nnet24compute_output_buffer_2dINS_5arrayI8ap_fixedILi16ELi6EL9ap_q_mode5EL9_400  |   in|   16|     ap_none|  p_ZZN4nnet24compute_output_buffer_2dINS_5arrayI8ap_fixedILi16ELi6EL9ap_q_mode5EL9_400|       pointer|
|p_ZZN4nnet24compute_output_buffer_2dINS_5arrayI8ap_fixedILi16ELi6EL9ap_q_mode5EL9_268  |   in|   16|     ap_none|  p_ZZN4nnet24compute_output_buffer_2dINS_5arrayI8ap_fixedILi16ELi6EL9ap_q_mode5EL9_268|       pointer|
|p_ZZN4nnet24compute_output_buffer_2dINS_5arrayI8ap_fixedILi16ELi6EL9ap_q_mode5EL9_269  |   in|   16|     ap_none|  p_ZZN4nnet24compute_output_buffer_2dINS_5arrayI8ap_fixedILi16ELi6EL9ap_q_mode5EL9_269|       pointer|
|p_ZZN4nnet24compute_output_buffer_2dINS_5arrayI8ap_fixedILi16ELi6EL9ap_q_mode5EL9_270  |   in|   16|     ap_none|  p_ZZN4nnet24compute_output_buffer_2dINS_5arrayI8ap_fixedILi16ELi6EL9ap_q_mode5EL9_270|       pointer|
|p_ZZN4nnet24compute_output_buffer_2dINS_5arrayI8ap_fixedILi16ELi6EL9ap_q_mode5EL9_271  |   in|   16|     ap_none|  p_ZZN4nnet24compute_output_buffer_2dINS_5arrayI8ap_fixedILi16ELi6EL9ap_q_mode5EL9_271|       pointer|
|p_ZZN4nnet24compute_output_buffer_2dINS_5arrayI8ap_fixedILi16ELi6EL9ap_q_mode5EL9_272  |   in|   16|     ap_none|  p_ZZN4nnet24compute_output_buffer_2dINS_5arrayI8ap_fixedILi16ELi6EL9ap_q_mode5EL9_272|       pointer|
|p_ZZN4nnet24compute_output_buffer_2dINS_5arrayI8ap_fixedILi16ELi6EL9ap_q_mode5EL9_273  |   in|   16|     ap_none|  p_ZZN4nnet24compute_output_buffer_2dINS_5arrayI8ap_fixedILi16ELi6EL9ap_q_mode5EL9_273|       pointer|
|p_ZZN4nnet24compute_output_buffer_2dINS_5arrayI8ap_fixedILi16ELi6EL9ap_q_mode5EL9_274  |   in|   16|     ap_none|  p_ZZN4nnet24compute_output_buffer_2dINS_5arrayI8ap_fixedILi16ELi6EL9ap_q_mode5EL9_274|       pointer|
|p_ZZN4nnet24compute_output_buffer_2dINS_5arrayI8ap_fixedILi16ELi6EL9ap_q_mode5EL9_275  |   in|   16|     ap_none|  p_ZZN4nnet24compute_output_buffer_2dINS_5arrayI8ap_fixedILi16ELi6EL9ap_q_mode5EL9_275|       pointer|
|p_ZZN4nnet24compute_output_buffer_2dINS_5arrayI8ap_fixedILi16ELi6EL9ap_q_mode5EL9_276  |   in|   16|     ap_none|  p_ZZN4nnet24compute_output_buffer_2dINS_5arrayI8ap_fixedILi16ELi6EL9ap_q_mode5EL9_276|       pointer|
|p_ZZN4nnet24compute_output_buffer_2dINS_5arrayI8ap_fixedILi16ELi6EL9ap_q_mode5EL9_277  |   in|   16|     ap_none|  p_ZZN4nnet24compute_output_buffer_2dINS_5arrayI8ap_fixedILi16ELi6EL9ap_q_mode5EL9_277|       pointer|
|p_ZZN4nnet24compute_output_buffer_2dINS_5arrayI8ap_fixedILi16ELi6EL9ap_q_mode5EL9_279  |   in|   16|     ap_none|  p_ZZN4nnet24compute_output_buffer_2dINS_5arrayI8ap_fixedILi16ELi6EL9ap_q_mode5EL9_279|       pointer|
|p_ZZN4nnet24compute_output_buffer_2dINS_5arrayI8ap_fixedILi16ELi6EL9ap_q_mode5EL9_280  |   in|   16|     ap_none|  p_ZZN4nnet24compute_output_buffer_2dINS_5arrayI8ap_fixedILi16ELi6EL9ap_q_mode5EL9_280|       pointer|
|p_ZZN4nnet24compute_output_buffer_2dINS_5arrayI8ap_fixedILi16ELi6EL9ap_q_mode5EL9_281  |   in|   16|     ap_none|  p_ZZN4nnet24compute_output_buffer_2dINS_5arrayI8ap_fixedILi16ELi6EL9ap_q_mode5EL9_281|       pointer|
|p_ZZN4nnet24compute_output_buffer_2dINS_5arrayI8ap_fixedILi16ELi6EL9ap_q_mode5EL9_282  |   in|   16|     ap_none|  p_ZZN4nnet24compute_output_buffer_2dINS_5arrayI8ap_fixedILi16ELi6EL9ap_q_mode5EL9_282|       pointer|
|p_ZZN4nnet24compute_output_buffer_2dINS_5arrayI8ap_fixedILi16ELi6EL9ap_q_mode5EL9_283  |   in|   16|     ap_none|  p_ZZN4nnet24compute_output_buffer_2dINS_5arrayI8ap_fixedILi16ELi6EL9ap_q_mode5EL9_283|       pointer|
|p_ZZN4nnet24compute_output_buffer_2dINS_5arrayI8ap_fixedILi16ELi6EL9ap_q_mode5EL9_284  |   in|   16|     ap_none|  p_ZZN4nnet24compute_output_buffer_2dINS_5arrayI8ap_fixedILi16ELi6EL9ap_q_mode5EL9_284|       pointer|
|p_ZZN4nnet24compute_output_buffer_2dINS_5arrayI8ap_fixedILi16ELi6EL9ap_q_mode5EL9_285  |   in|   16|     ap_none|  p_ZZN4nnet24compute_output_buffer_2dINS_5arrayI8ap_fixedILi16ELi6EL9ap_q_mode5EL9_285|       pointer|
|p_ZZN4nnet24compute_output_buffer_2dINS_5arrayI8ap_fixedILi16ELi6EL9ap_q_mode5EL9_286  |   in|   16|     ap_none|  p_ZZN4nnet24compute_output_buffer_2dINS_5arrayI8ap_fixedILi16ELi6EL9ap_q_mode5EL9_286|       pointer|
|p_ZZN4nnet24compute_output_buffer_2dINS_5arrayI8ap_fixedILi16ELi6EL9ap_q_mode5EL9_287  |   in|   16|     ap_none|  p_ZZN4nnet24compute_output_buffer_2dINS_5arrayI8ap_fixedILi16ELi6EL9ap_q_mode5EL9_287|       pointer|
|p_ZZN4nnet24compute_output_buffer_2dINS_5arrayI8ap_fixedILi16ELi6EL9ap_q_mode5EL9_288  |   in|   16|     ap_none|  p_ZZN4nnet24compute_output_buffer_2dINS_5arrayI8ap_fixedILi16ELi6EL9ap_q_mode5EL9_288|       pointer|
|p_ZZN4nnet24compute_output_buffer_2dINS_5arrayI8ap_fixedILi16ELi6EL9ap_q_mode5EL9_290  |   in|   16|     ap_none|  p_ZZN4nnet24compute_output_buffer_2dINS_5arrayI8ap_fixedILi16ELi6EL9ap_q_mode5EL9_290|       pointer|
|p_ZZN4nnet24compute_output_buffer_2dINS_5arrayI8ap_fixedILi16ELi6EL9ap_q_mode5EL9_291  |   in|   16|     ap_none|  p_ZZN4nnet24compute_output_buffer_2dINS_5arrayI8ap_fixedILi16ELi6EL9ap_q_mode5EL9_291|       pointer|
|p_ZZN4nnet24compute_output_buffer_2dINS_5arrayI8ap_fixedILi16ELi6EL9ap_q_mode5EL9_292  |   in|   16|     ap_none|  p_ZZN4nnet24compute_output_buffer_2dINS_5arrayI8ap_fixedILi16ELi6EL9ap_q_mode5EL9_292|       pointer|
|p_ZZN4nnet24compute_output_buffer_2dINS_5arrayI8ap_fixedILi16ELi6EL9ap_q_mode5EL9_293  |   in|   16|     ap_none|  p_ZZN4nnet24compute_output_buffer_2dINS_5arrayI8ap_fixedILi16ELi6EL9ap_q_mode5EL9_293|       pointer|
|p_ZZN4nnet24compute_output_buffer_2dINS_5arrayI8ap_fixedILi16ELi6EL9ap_q_mode5EL9_294  |   in|   16|     ap_none|  p_ZZN4nnet24compute_output_buffer_2dINS_5arrayI8ap_fixedILi16ELi6EL9ap_q_mode5EL9_294|       pointer|
|p_ZZN4nnet24compute_output_buffer_2dINS_5arrayI8ap_fixedILi16ELi6EL9ap_q_mode5EL9_295  |   in|   16|     ap_none|  p_ZZN4nnet24compute_output_buffer_2dINS_5arrayI8ap_fixedILi16ELi6EL9ap_q_mode5EL9_295|       pointer|
|p_ZZN4nnet24compute_output_buffer_2dINS_5arrayI8ap_fixedILi16ELi6EL9ap_q_mode5EL9_296  |   in|   16|     ap_none|  p_ZZN4nnet24compute_output_buffer_2dINS_5arrayI8ap_fixedILi16ELi6EL9ap_q_mode5EL9_296|       pointer|
|p_ZZN4nnet24compute_output_buffer_2dINS_5arrayI8ap_fixedILi16ELi6EL9ap_q_mode5EL9_297  |   in|   16|     ap_none|  p_ZZN4nnet24compute_output_buffer_2dINS_5arrayI8ap_fixedILi16ELi6EL9ap_q_mode5EL9_297|       pointer|
|p_ZZN4nnet24compute_output_buffer_2dINS_5arrayI8ap_fixedILi16ELi6EL9ap_q_mode5EL9_298  |   in|   16|     ap_none|  p_ZZN4nnet24compute_output_buffer_2dINS_5arrayI8ap_fixedILi16ELi6EL9ap_q_mode5EL9_298|       pointer|
|p_ZZN4nnet24compute_output_buffer_2dINS_5arrayI8ap_fixedILi16ELi6EL9ap_q_mode5EL9_299  |   in|   16|     ap_none|  p_ZZN4nnet24compute_output_buffer_2dINS_5arrayI8ap_fixedILi16ELi6EL9ap_q_mode5EL9_299|       pointer|
|p_ZZN4nnet24compute_output_buffer_2dINS_5arrayI8ap_fixedILi16ELi6EL9ap_q_mode5EL9_301  |   in|   16|     ap_none|  p_ZZN4nnet24compute_output_buffer_2dINS_5arrayI8ap_fixedILi16ELi6EL9ap_q_mode5EL9_301|       pointer|
|p_ZZN4nnet24compute_output_buffer_2dINS_5arrayI8ap_fixedILi16ELi6EL9ap_q_mode5EL9_302  |   in|   16|     ap_none|  p_ZZN4nnet24compute_output_buffer_2dINS_5arrayI8ap_fixedILi16ELi6EL9ap_q_mode5EL9_302|       pointer|
|p_ZZN4nnet24compute_output_buffer_2dINS_5arrayI8ap_fixedILi16ELi6EL9ap_q_mode5EL9_303  |   in|   16|     ap_none|  p_ZZN4nnet24compute_output_buffer_2dINS_5arrayI8ap_fixedILi16ELi6EL9ap_q_mode5EL9_303|       pointer|
|p_ZZN4nnet24compute_output_buffer_2dINS_5arrayI8ap_fixedILi16ELi6EL9ap_q_mode5EL9_304  |   in|   16|     ap_none|  p_ZZN4nnet24compute_output_buffer_2dINS_5arrayI8ap_fixedILi16ELi6EL9ap_q_mode5EL9_304|       pointer|
|p_ZZN4nnet24compute_output_buffer_2dINS_5arrayI8ap_fixedILi16ELi6EL9ap_q_mode5EL9_305  |   in|   16|     ap_none|  p_ZZN4nnet24compute_output_buffer_2dINS_5arrayI8ap_fixedILi16ELi6EL9ap_q_mode5EL9_305|       pointer|
|p_ZZN4nnet24compute_output_buffer_2dINS_5arrayI8ap_fixedILi16ELi6EL9ap_q_mode5EL9_306  |   in|   16|     ap_none|  p_ZZN4nnet24compute_output_buffer_2dINS_5arrayI8ap_fixedILi16ELi6EL9ap_q_mode5EL9_306|       pointer|
|p_ZZN4nnet24compute_output_buffer_2dINS_5arrayI8ap_fixedILi16ELi6EL9ap_q_mode5EL9_307  |   in|   16|     ap_none|  p_ZZN4nnet24compute_output_buffer_2dINS_5arrayI8ap_fixedILi16ELi6EL9ap_q_mode5EL9_307|       pointer|
|p_ZZN4nnet24compute_output_buffer_2dINS_5arrayI8ap_fixedILi16ELi6EL9ap_q_mode5EL9_308  |   in|   16|     ap_none|  p_ZZN4nnet24compute_output_buffer_2dINS_5arrayI8ap_fixedILi16ELi6EL9ap_q_mode5EL9_308|       pointer|
|p_ZZN4nnet24compute_output_buffer_2dINS_5arrayI8ap_fixedILi16ELi6EL9ap_q_mode5EL9_309  |   in|   16|     ap_none|  p_ZZN4nnet24compute_output_buffer_2dINS_5arrayI8ap_fixedILi16ELi6EL9ap_q_mode5EL9_309|       pointer|
|p_ZZN4nnet24compute_output_buffer_2dINS_5arrayI8ap_fixedILi16ELi6EL9ap_q_mode5EL9_310  |   in|   16|     ap_none|  p_ZZN4nnet24compute_output_buffer_2dINS_5arrayI8ap_fixedILi16ELi6EL9ap_q_mode5EL9_310|       pointer|
|p_ZZN4nnet24compute_output_buffer_2dINS_5arrayI8ap_fixedILi16ELi6EL9ap_q_mode5EL9_312  |   in|   16|     ap_none|  p_ZZN4nnet24compute_output_buffer_2dINS_5arrayI8ap_fixedILi16ELi6EL9ap_q_mode5EL9_312|       pointer|
|p_ZZN4nnet24compute_output_buffer_2dINS_5arrayI8ap_fixedILi16ELi6EL9ap_q_mode5EL9_313  |   in|   16|     ap_none|  p_ZZN4nnet24compute_output_buffer_2dINS_5arrayI8ap_fixedILi16ELi6EL9ap_q_mode5EL9_313|       pointer|
|p_ZZN4nnet24compute_output_buffer_2dINS_5arrayI8ap_fixedILi16ELi6EL9ap_q_mode5EL9_314  |   in|   16|     ap_none|  p_ZZN4nnet24compute_output_buffer_2dINS_5arrayI8ap_fixedILi16ELi6EL9ap_q_mode5EL9_314|       pointer|
|p_ZZN4nnet24compute_output_buffer_2dINS_5arrayI8ap_fixedILi16ELi6EL9ap_q_mode5EL9_315  |   in|   16|     ap_none|  p_ZZN4nnet24compute_output_buffer_2dINS_5arrayI8ap_fixedILi16ELi6EL9ap_q_mode5EL9_315|       pointer|
+---------------------------------------------------------------------------------------+-----+-----+------------+---------------------------------------------------------------------------------------+--------------+

